alias_id,person_id,alias,alias_type,confidence,synthetic_flag
ALIAS-000001,PERSON-001869,aditya95,Operational Alias,0.89,true
ALIAS-000002,PERSON-000979,Das Online,Operational Alias,0.68,true
ALIAS-000003,PERSON-002949,orbit4,Business Name,0.63,true
ALIAS-000004,PERSON-001432,aditya71,Online Handle,0.94,true
ALIAS-000005,PERSON-000201,arj_95,Online Handle,0.92,true
ALIAS-000006,PERSON-002588,aditya48,Business Name,0.63,true
ALIAS-000007,PERSON-001773,vihaan63,Online Handle,0.77,true
ALIAS-000008,PERSON-001147,Nair Online,Online Handle,0.98,true
ALIAS-000009,PERSON-001615,kar_920,Nickname,0.75,true
ALIAS-000010,PERSON-001301,aar_567,Business Name,0.86,true
ALIAS-000011,PERSON-001044,north25,Online Handle,0.85,true
ALIAS-000012,PERSON-000982,rah_342,Business Name,0.95,true
ALIAS-000013,PERSON-000847,kab_453,Operational Alias,0.7,true
ALIAS-000014,PERSON-000658,orbit49,Online Handle,0.96,true
ALIAS-000015,PERSON-000673,sim_973,Operational Alias,0.95,true
ALIAS-000016,PERSON-000642,shadow12,Known As,0.92,true
ALIAS-000017,PERSON-002145,roh_708,Online Handle,0.7,true
ALIAS-000018,PERSON-000341,raven10,Operational Alias,0.8,true
ALIAS-000019,PERSON-000872,raven65,Business Name,0.74,true
ALIAS-000020,PERSON-000919,Iyer Online,Business Name,0.63,true
ALIAS-000021,PERSON-000335,ish_579,Known As,0.67,true
ALIAS-000022,PERSON-000671,north75,Nickname,0.64,true
ALIAS-000023,PERSON-001913,north62,Operational Alias,0.75,true
ALIAS-000024,PERSON-000660,Deshmukh Online,Operational Alias,0.88,true
ALIAS-000025,PERSON-000898,kab_661,Online Handle,0.85,true
ALIAS-000026,PERSON-000916,ais_69,Nickname,0.82,true
ALIAS-000027,PERSON-000976,nik_27,Business Name,0.83,true
ALIAS-000028,PERSON-001417,diy_310,Operational Alias,0.87,true
ALIAS-000029,PERSON-000943,aar_168,Known As,0.9,true
ALIAS-000030,PERSON-001561,raj56,Business Name,0.69,true
ALIAS-000031,PERSON-002729,Deshmukh Online,Operational Alias,0.74,true
ALIAS-000032,PERSON-001150,kavya2,Online Handle,0.95,true
ALIAS-000033,PERSON-000791,shadow35,Online Handle,0.85,true
ALIAS-000034,PERSON-000413,kar_747,Online Handle,0.7,true
ALIAS-000035,PERSON-000874,north28,Operational Alias,0.87,true
ALIAS-000036,PERSON-000060,may_418,Known As,0.85,true
ALIAS-000037,PERSON-000617,raven14,Business Name,0.64,true
ALIAS-000038,PERSON-000760,maya60,Nickname,0.9,true
ALIAS-000039,PERSON-000370,north52,Business Name,0.77,true
ALIAS-000040,PERSON-000694,Chauhan Online,Nickname,0.85,true
ALIAS-000041,PERSON-000161,Pawar Online,Online Handle,0.73,true
ALIAS-000042,PERSON-002272,Yadav Online,Online Handle,0.81,true
ALIAS-000043,PERSON-001551,falcon61,Nickname,0.74,true
ALIAS-000044,PERSON-000443,kavya74,Business Name,0.89,true
ALIAS-000045,PERSON-001151,nik_45,Operational Alias,0.67,true
ALIAS-000046,PERSON-000756,Pawar Online,Nickname,0.67,true
ALIAS-000047,PERSON-002980,riy_310,Known As,0.97,true
ALIAS-000048,PERSON-000288,falcon51,Nickname,0.64,true
ALIAS-000049,PERSON-001467,aar_430,Known As,0.67,true
ALIAS-000050,PERSON-002763,Mehta Online,Known As,0.92,true
ALIAS-000051,PERSON-002738,Pawar Online,Business Name,0.71,true
ALIAS-000052,PERSON-002918,Gupta Online,Nickname,0.69,true
ALIAS-000053,PERSON-000430,Gupta Online,Known As,0.94,true
ALIAS-000054,PERSON-000937,sim_558,Business Name,0.75,true
ALIAS-000055,PERSON-002089,rah_656,Known As,0.71,true
ALIAS-000056,PERSON-001440,shadow40,Business Name,0.82,true
ALIAS-000057,PERSON-002951,san_265,Nickname,0.66,true
ALIAS-000058,PERSON-000635,Deshmukh Online,Online Handle,0.92,true
ALIAS-000059,PERSON-000286,nee_222,Nickname,0.96,true
ALIAS-000060,PERSON-002745,anaya18,Known As,0.93,true
ALIAS-000061,PERSON-000304,raven94,Nickname,0.95,true
ALIAS-000062,PERSON-001826,Rao Online,Nickname,0.71,true
ALIAS-000063,PERSON-000155,Rao Online,Nickname,0.92,true
ALIAS-000064,PERSON-002280,falcon14,Operational Alias,0.91,true
ALIAS-000065,PERSON-000693,north72,Known As,0.79,true
ALIAS-000066,PERSON-001022,aar_827,Nickname,0.86,true
ALIAS-000067,PERSON-000026,pri_989,Business Name,0.82,true
ALIAS-000068,PERSON-000255,north80,Nickname,0.73,true
ALIAS-000069,PERSON-002050,nikhil63,Nickname,0.76,true
ALIAS-000070,PERSON-000289,aar_163,Online Handle,0.64,true
ALIAS-000071,PERSON-001817,Iyer Online,Nickname,0.88,true
ALIAS-000072,PERSON-001359,aar_473,Nickname,0.89,true
ALIAS-000073,PERSON-002195,Verma Online,Operational Alias,0.74,true
ALIAS-000074,PERSON-001679,Iyer Online,Nickname,0.76,true
ALIAS-000075,PERSON-001579,rah_204,Business Name,0.89,true
ALIAS-000076,PERSON-001944,nee_258,Operational Alias,0.77,true
ALIAS-000077,PERSON-001568,riya3,Online Handle,0.7,true
ALIAS-000078,PERSON-000817,rah_705,Business Name,0.82,true
ALIAS-000079,PERSON-001563,aisha63,Nickname,0.75,true
ALIAS-000080,PERSON-001912,raven69,Known As,0.81,true
ALIAS-000081,PERSON-002488,Rao Online,Business Name,0.65,true
ALIAS-000082,PERSON-002001,roh_167,Online Handle,0.78,true
ALIAS-000083,PERSON-001294,Yadav Online,Nickname,0.89,true
ALIAS-000084,PERSON-001292,meera82,Operational Alias,0.78,true
ALIAS-000085,PERSON-002324,Deshmukh Online,Nickname,0.77,true
ALIAS-000086,PERSON-001355,Pawar Online,Business Name,0.68,true
ALIAS-000087,PERSON-001450,aar_467,Online Handle,0.71,true
ALIAS-000088,PERSON-001291,rohan88,Business Name,0.75,true
ALIAS-000089,PERSON-001899,Das Online,Nickname,0.89,true
ALIAS-000090,PERSON-000717,falcon54,Nickname,0.86,true
ALIAS-000091,PERSON-002027,falcon27,Online Handle,0.66,true
ALIAS-000092,PERSON-001340,rah_343,Online Handle,0.85,true
ALIAS-000093,PERSON-001794,orbit47,Operational Alias,0.98,true
ALIAS-000094,PERSON-000897,orbit45,Nickname,0.93,true
ALIAS-000095,PERSON-000536,Das Online,Known As,0.64,true
ALIAS-000096,PERSON-002534,sim_532,Known As,0.81,true
ALIAS-000097,PERSON-000641,falcon64,Operational Alias,0.91,true
ALIAS-000098,PERSON-002639,orbit79,Known As,0.67,true
ALIAS-000099,PERSON-000184,Verma Online,Known As,0.84,true
ALIAS-000100,PERSON-001999,diy_525,Business Name,0.9,true
ALIAS-000101,PERSON-000100,aisha95,Online Handle,0.72,true
ALIAS-000102,PERSON-000620,ana_712,Nickname,0.78,true
ALIAS-000103,PERSON-002291,kavya69,Business Name,0.93,true
ALIAS-000104,PERSON-002687,arj_364,Known As,0.67,true
ALIAS-000105,PERSON-000159,shadow81,Known As,0.63,true
ALIAS-000106,PERSON-001773,vihaan46,Online Handle,0.68,true
ALIAS-000107,PERSON-000071,karan95,Online Handle,0.68,true
ALIAS-000108,PERSON-001640,kavya63,Operational Alias,0.8,true
ALIAS-000109,PERSON-001963,kav_985,Nickname,0.69,true
ALIAS-000110,PERSON-001388,shadow53,Online Handle,0.74,true
ALIAS-000111,PERSON-002470,north86,Online Handle,0.78,true
ALIAS-000112,PERSON-002053,vih_87,Nickname,0.8,true
ALIAS-000113,PERSON-002801,Verma Online,Business Name,0.62,true
ALIAS-000114,PERSON-001479,simran81,Operational Alias,0.87,true
ALIAS-000115,PERSON-002981,Mehta Online,Business Name,0.63,true
ALIAS-000116,PERSON-000824,aar_646,Online Handle,0.94,true
ALIAS-000117,PERSON-000738,Nair Online,Nickname,0.93,true
ALIAS-000118,PERSON-000352,ais_205,Known As,0.91,true
ALIAS-000119,PERSON-000419,nikhil52,Business Name,0.68,true
ALIAS-000120,PERSON-002603,simran89,Known As,0.94,true
ALIAS-000121,PERSON-001992,Joshi Online,Known As,0.92,true
ALIAS-000122,PERSON-001719,orbit90,Operational Alias,0.94,true
ALIAS-000123,PERSON-002319,Verma Online,Operational Alias,0.67,true
ALIAS-000124,PERSON-002784,orbit20,Business Name,0.81,true
ALIAS-000125,PERSON-000305,sim_771,Nickname,0.84,true
ALIAS-000126,PERSON-002758,north77,Operational Alias,0.65,true
ALIAS-000127,PERSON-001256,orbit18,Online Handle,0.87,true
ALIAS-000128,PERSON-002415,ana_37,Known As,0.89,true
ALIAS-000129,PERSON-001915,Iyer Online,Operational Alias,0.79,true
ALIAS-000130,PERSON-000409,falcon33,Nickname,0.79,true
ALIAS-000131,PERSON-000384,Gupta Online,Business Name,0.84,true
ALIAS-000132,PERSON-002499,aditya19,Nickname,0.88,true
ALIAS-000133,PERSON-001822,shadow75,Business Name,0.95,true
ALIAS-000134,PERSON-001990,kabir89,Known As,0.77,true
ALIAS-000135,PERSON-001837,ish_116,Online Handle,0.81,true
ALIAS-000136,PERSON-002739,ishaan95,Online Handle,0.64,true
ALIAS-000137,PERSON-002109,mee_573,Business Name,0.95,true
ALIAS-000138,PERSON-002271,arjun38,Business Name,0.8,true
ALIAS-000139,PERSON-001006,ais_622,Operational Alias,0.71,true
ALIAS-000140,PERSON-000018,riya64,Known As,0.75,true
ALIAS-000141,PERSON-001277,san_524,Known As,0.92,true
ALIAS-000142,PERSON-002274,Patel Online,Known As,0.93,true
ALIAS-000143,PERSON-000571,falcon89,Known As,0.96,true
ALIAS-000144,PERSON-000388,raven26,Business Name,0.74,true
ALIAS-000145,PERSON-001924,vih_769,Operational Alias,0.8,true
ALIAS-000146,PERSON-001720,shadow22,Known As,0.78,true
ALIAS-000147,PERSON-002630,arj_642,Online Handle,0.73,true
ALIAS-000148,PERSON-002503,ana_639,Known As,0.89,true
ALIAS-000149,PERSON-000341,meera57,Known As,0.67,true
ALIAS-000150,PERSON-002620,shadow72,Known As,0.9,true
ALIAS-000151,PERSON-002893,falcon88,Nickname,0.67,true
ALIAS-000152,PERSON-000755,Khan Online,Business Name,0.87,true
ALIAS-000153,PERSON-002816,ais_505,Nickname,0.74,true
ALIAS-000154,PERSON-002863,north61,Online Handle,0.89,true
ALIAS-000155,PERSON-002924,rohan79,Operational Alias,0.81,true
ALIAS-000156,PERSON-000989,falcon35,Nickname,0.92,true
ALIAS-000157,PERSON-000265,riya45,Business Name,0.85,true
ALIAS-000158,PERSON-000706,nik_641,Operational Alias,0.64,true
ALIAS-000159,PERSON-002587,riy_138,Nickname,0.87,true
ALIAS-000160,PERSON-002347,Khan Online,Known As,0.7,true
ALIAS-000161,PERSON-000094,Verma Online,Known As,0.75,true
ALIAS-000162,PERSON-002730,falcon23,Known As,0.97,true
ALIAS-000163,PERSON-002858,maya12,Online Handle,0.75,true
ALIAS-000164,PERSON-001048,rohan33,Business Name,0.94,true
ALIAS-000165,PERSON-002624,nee_555,Known As,0.84,true
ALIAS-000166,PERSON-000288,riy_521,Operational Alias,0.76,true
ALIAS-000167,PERSON-001911,ais_892,Known As,0.93,true
ALIAS-000168,PERSON-002615,meera13,Online Handle,0.91,true
ALIAS-000169,PERSON-000351,diya57,Nickname,0.87,true
ALIAS-000170,PERSON-000220,nik_983,Nickname,0.98,true
ALIAS-000171,PERSON-001989,Chauhan Online,Nickname,0.8,true
ALIAS-000172,PERSON-002561,shadow13,Operational Alias,0.95,true
ALIAS-000173,PERSON-001358,anaya36,Operational Alias,0.66,true
ALIAS-000174,PERSON-000023,neel40,Operational Alias,0.92,true
ALIAS-000175,PERSON-001750,falcon46,Nickname,0.82,true
ALIAS-000176,PERSON-000711,anaya66,Online Handle,0.89,true
ALIAS-000177,PERSON-002551,Patel Online,Business Name,0.8,true
ALIAS-000178,PERSON-001918,Gupta Online,Online Handle,0.81,true
ALIAS-000179,PERSON-000167,Singh Online,Operational Alias,0.85,true
ALIAS-000180,PERSON-000557,Iyer Online,Business Name,0.63,true
ALIAS-000181,PERSON-002541,Deshmukh Online,Online Handle,0.68,true
ALIAS-000182,PERSON-000626,adi_434,Known As,0.89,true
ALIAS-000183,PERSON-001886,Sharma Online,Operational Alias,0.91,true
ALIAS-000184,PERSON-001905,adi_656,Nickname,0.94,true
ALIAS-000185,PERSON-000032,north37,Operational Alias,0.84,true
ALIAS-000186,PERSON-001276,north61,Known As,0.64,true
ALIAS-000187,PERSON-001420,Yadav Online,Nickname,0.82,true
ALIAS-000188,PERSON-001153,Iyer Online,Nickname,0.74,true
ALIAS-000189,PERSON-000857,Verma Online,Nickname,0.74,true
ALIAS-000190,PERSON-002409,shadow71,Business Name,0.66,true
ALIAS-000191,PERSON-000114,tara47,Known As,0.93,true
ALIAS-000192,PERSON-001611,ishaan6,Known As,0.72,true
ALIAS-000193,PERSON-002200,Pawar Online,Online Handle,0.82,true
ALIAS-000194,PERSON-000576,riy_741,Online Handle,0.87,true
ALIAS-000195,PERSON-001657,anaya66,Nickname,0.93,true
ALIAS-000196,PERSON-001385,riy_879,Known As,0.93,true
ALIAS-000197,PERSON-001955,raven98,Business Name,0.87,true
ALIAS-000198,PERSON-001287,shadow32,Business Name,0.62,true
ALIAS-000199,PERSON-001587,sana42,Nickname,0.76,true
ALIAS-000200,PERSON-001180,maya18,Nickname,0.67,true
ALIAS-000201,PERSON-000979,north17,Nickname,0.66,true
ALIAS-000202,PERSON-001554,arj_551,Operational Alias,0.79,true
ALIAS-000203,PERSON-002074,man_537,Online Handle,0.85,true
ALIAS-000204,PERSON-001844,kar_767,Known As,0.69,true
ALIAS-000205,PERSON-001901,shadow77,Known As,0.94,true
ALIAS-000206,PERSON-001645,karan60,Known As,0.8,true
ALIAS-000207,PERSON-001979,Kulkarni Online,Online Handle,0.69,true
ALIAS-000208,PERSON-001653,raven90,Online Handle,0.93,true
ALIAS-000209,PERSON-001026,Yadav Online,Known As,0.76,true
ALIAS-000210,PERSON-001366,riy_466,Business Name,0.75,true
ALIAS-000211,PERSON-001311,Chauhan Online,Online Handle,0.74,true
ALIAS-000212,PERSON-002797,Khan Online,Nickname,0.95,true
ALIAS-000213,PERSON-002327,nee_578,Nickname,0.64,true
ALIAS-000214,PERSON-001722,nikhil54,Online Handle,0.66,true
ALIAS-000215,PERSON-001226,arj_773,Online Handle,0.83,true
ALIAS-000216,PERSON-001952,ana_391,Online Handle,0.96,true
ALIAS-000217,PERSON-000127,Verma Online,Known As,0.97,true
ALIAS-000218,PERSON-002791,ira6,Nickname,0.93,true
ALIAS-000219,PERSON-001422,aar_394,Known As,0.75,true
ALIAS-000220,PERSON-000727,shadow64,Business Name,0.64,true
ALIAS-000221,PERSON-000291,Das Online,Nickname,0.83,true
ALIAS-000222,PERSON-001132,Gupta Online,Business Name,0.9,true
ALIAS-000223,PERSON-000300,raven96,Known As,0.91,true
ALIAS-000224,PERSON-002564,man_412,Operational Alias,0.97,true
ALIAS-000225,PERSON-002008,Patel Online,Nickname,0.77,true
ALIAS-000226,PERSON-000389,anaya57,Online Handle,0.81,true
ALIAS-000227,PERSON-002101,kavya43,Business Name,0.78,true
ALIAS-000228,PERSON-002435,nee_928,Online Handle,0.7,true
ALIAS-000229,PERSON-001704,Gupta Online,Operational Alias,0.85,true
ALIAS-000230,PERSON-001569,falcon75,Nickname,0.63,true
ALIAS-000231,PERSON-000752,Mehta Online,Known As,0.96,true
ALIAS-000232,PERSON-000008,raj88,Online Handle,0.66,true
ALIAS-000233,PERSON-000332,ira85,Nickname,0.83,true
ALIAS-000234,PERSON-000745,falcon36,Online Handle,0.66,true
ALIAS-000235,PERSON-001876,Gupta Online,Operational Alias,0.69,true
ALIAS-000236,PERSON-002879,diy_872,Business Name,0.79,true
ALIAS-000237,PERSON-000756,kavya45,Known As,0.68,true
ALIAS-000238,PERSON-000010,Rao Online,Operational Alias,0.63,true
ALIAS-000239,PERSON-001934,neel15,Known As,0.63,true
ALIAS-000240,PERSON-002298,aar_350,Online Handle,0.68,true
ALIAS-000241,PERSON-002664,meera47,Known As,0.7,true
ALIAS-000242,PERSON-000148,Gupta Online,Online Handle,0.7,true
ALIAS-000243,PERSON-001449,north48,Nickname,0.74,true
ALIAS-000244,PERSON-002902,north13,Business Name,0.77,true
ALIAS-000245,PERSON-002834,Chauhan Online,Nickname,0.66,true
ALIAS-000246,PERSON-000141,Gupta Online,Nickname,0.93,true
ALIAS-000247,PERSON-002133,vihaan83,Operational Alias,0.9,true
ALIAS-000248,PERSON-001017,sana28,Operational Alias,0.76,true
ALIAS-000249,PERSON-000613,roh_802,Operational Alias,0.65,true
ALIAS-000250,PERSON-001245,ira_345,Nickname,0.98,true
ALIAS-000251,PERSON-000888,tara2,Nickname,0.79,true
ALIAS-000252,PERSON-002740,ira42,Business Name,0.91,true
ALIAS-000253,PERSON-001925,aar_501,Known As,0.63,true
ALIAS-000254,PERSON-000356,diy_570,Nickname,0.69,true
ALIAS-000255,PERSON-000806,rahul78,Known As,0.82,true
ALIAS-000256,PERSON-000785,tar_638,Nickname,0.85,true
ALIAS-000257,PERSON-001813,priya70,Business Name,0.78,true
ALIAS-000258,PERSON-001267,ishaan88,Business Name,0.97,true
ALIAS-000259,PERSON-001263,shadow47,Nickname,0.75,true
ALIAS-000260,PERSON-002109,raven29,Known As,0.83,true
ALIAS-000261,PERSON-002382,rohan93,Nickname,0.69,true
ALIAS-000262,PERSON-001420,manav94,Nickname,0.85,true
ALIAS-000263,PERSON-000099,Sharma Online,Nickname,0.79,true
ALIAS-000264,PERSON-002403,Pawar Online,Business Name,0.8,true
ALIAS-000265,PERSON-001581,rohan55,Online Handle,0.63,true
ALIAS-000266,PERSON-002367,Sharma Online,Operational Alias,0.64,true
ALIAS-000267,PERSON-000753,Chauhan Online,Operational Alias,0.65,true
ALIAS-000268,PERSON-000982,rahul96,Operational Alias,0.82,true
ALIAS-000269,PERSON-002227,riy_874,Business Name,0.98,true
ALIAS-000270,PERSON-002710,raven47,Nickname,0.9,true
ALIAS-000271,PERSON-001621,raj93,Operational Alias,0.79,true
ALIAS-000272,PERSON-001948,arjun58,Known As,0.71,true
ALIAS-000273,PERSON-000969,ira_105,Nickname,0.75,true
ALIAS-000274,PERSON-002812,falcon53,Nickname,0.65,true
ALIAS-000275,PERSON-002704,ishaan96,Operational Alias,0.78,true
ALIAS-000276,PERSON-002852,adi_895,Business Name,0.73,true
ALIAS-000277,PERSON-001709,may_890,Nickname,0.96,true
ALIAS-000278,PERSON-000948,orbit93,Operational Alias,0.86,true
ALIAS-000279,PERSON-002694,Pawar Online,Nickname,0.71,true
ALIAS-000280,PERSON-000399,aisha67,Online Handle,0.74,true
ALIAS-000281,PERSON-002576,shadow79,Online Handle,0.82,true
ALIAS-000282,PERSON-001009,karan30,Operational Alias,0.78,true
ALIAS-000283,PERSON-000585,manav18,Known As,0.7,true
ALIAS-000284,PERSON-000865,falcon97,Nickname,0.77,true
ALIAS-000285,PERSON-000251,nikhil44,Operational Alias,0.74,true
ALIAS-000286,PERSON-001450,Deshmukh Online,Online Handle,0.88,true
ALIAS-000287,PERSON-002691,diya29,Nickname,0.77,true
ALIAS-000288,PERSON-002602,riy_349,Online Handle,0.96,true
ALIAS-000289,PERSON-002787,mee_918,Online Handle,0.64,true
ALIAS-000290,PERSON-002321,simran49,Nickname,0.7,true
ALIAS-000291,PERSON-000298,Das Online,Known As,0.77,true
ALIAS-000292,PERSON-001928,kabir47,Nickname,0.83,true
ALIAS-000293,PERSON-000407,raven34,Business Name,0.97,true
ALIAS-000294,PERSON-000278,kav_569,Nickname,0.8,true
ALIAS-000295,PERSON-001895,falcon11,Business Name,0.81,true
ALIAS-000296,PERSON-001234,orbit92,Business Name,0.91,true
ALIAS-000297,PERSON-002072,Rao Online,Known As,0.73,true
ALIAS-000298,PERSON-002341,Pawar Online,Known As,0.84,true
ALIAS-000299,PERSON-002120,aisha43,Online Handle,0.87,true
ALIAS-000300,PERSON-001880,kab_295,Known As,0.92,true
ALIAS-000301,PERSON-000183,Kulkarni Online,Known As,0.68,true
ALIAS-000302,PERSON-001128,kavya12,Known As,0.73,true
ALIAS-000303,PERSON-002115,Pawar Online,Operational Alias,0.67,true
ALIAS-000304,PERSON-001714,Yadav Online,Business Name,0.98,true
ALIAS-000305,PERSON-002384,karan20,Business Name,0.94,true
ALIAS-000306,PERSON-000463,falcon21,Known As,0.77,true
ALIAS-000307,PERSON-002117,rahul80,Nickname,0.8,true
ALIAS-000308,PERSON-000832,ais_312,Online Handle,0.81,true
ALIAS-000309,PERSON-002736,orbit23,Known As,0.84,true
ALIAS-000310,PERSON-001070,Joshi Online,Online Handle,0.81,true
ALIAS-000311,PERSON-002083,ana_821,Online Handle,0.7,true
ALIAS-000312,PERSON-000415,shadow59,Operational Alias,0.64,true
ALIAS-000313,PERSON-002904,Yadav Online,Nickname,0.92,true
ALIAS-000314,PERSON-002903,raj58,Operational Alias,0.97,true
ALIAS-000315,PERSON-000211,shadow74,Operational Alias,0.69,true
ALIAS-000316,PERSON-002946,orbit99,Online Handle,0.82,true
ALIAS-000317,PERSON-002324,karan33,Online Handle,0.67,true
ALIAS-000318,PERSON-002382,rohan67,Business Name,0.89,true
ALIAS-000319,PERSON-001851,north66,Operational Alias,0.83,true
ALIAS-000320,PERSON-002956,ana_645,Operational Alias,0.64,true
ALIAS-000321,PERSON-001080,kabir75,Business Name,0.74,true
ALIAS-000322,PERSON-002489,raj38,Business Name,0.67,true
ALIAS-000323,PERSON-002680,kar_989,Operational Alias,0.83,true
ALIAS-000324,PERSON-001112,raven24,Nickname,0.82,true
ALIAS-000325,PERSON-002046,Nair Online,Online Handle,0.81,true
ALIAS-000326,PERSON-000287,falcon65,Nickname,0.66,true
ALIAS-000327,PERSON-001428,north30,Business Name,0.67,true
ALIAS-000328,PERSON-002798,north7,Operational Alias,0.87,true
ALIAS-000329,PERSON-001677,manav87,Business Name,0.75,true
ALIAS-000330,PERSON-002239,falcon96,Known As,0.8,true
ALIAS-000331,PERSON-002508,raven16,Nickname,0.92,true
ALIAS-000332,PERSON-002833,Pawar Online,Online Handle,0.88,true
ALIAS-000333,PERSON-001160,diya70,Online Handle,0.85,true
ALIAS-000334,PERSON-000199,arjun62,Online Handle,0.74,true
ALIAS-000335,PERSON-000855,north6,Online Handle,0.72,true
ALIAS-000336,PERSON-000391,tar_132,Operational Alias,0.68,true
ALIAS-000337,PERSON-002767,falcon10,Business Name,0.73,true
ALIAS-000338,PERSON-000709,aar_447,Operational Alias,0.82,true
ALIAS-000339,PERSON-002384,north74,Operational Alias,0.87,true
ALIAS-000340,PERSON-000535,raven14,Online Handle,0.62,true
ALIAS-000341,PERSON-001209,ish_178,Online Handle,0.73,true
ALIAS-000342,PERSON-000985,Nair Online,Nickname,0.69,true
ALIAS-000343,PERSON-000460,Joshi Online,Operational Alias,0.62,true
ALIAS-000344,PERSON-001696,tar_90,Known As,0.67,true
ALIAS-000345,PERSON-000125,manav70,Operational Alias,0.76,true
ALIAS-000346,PERSON-002575,falcon70,Nickname,0.65,true
ALIAS-000347,PERSON-002748,may_184,Online Handle,0.74,true
ALIAS-000348,PERSON-001983,aditya39,Business Name,0.63,true
ALIAS-000349,PERSON-001899,riy_506,Online Handle,0.92,true
ALIAS-000350,PERSON-002727,Das Online,Nickname,0.71,true
ALIAS-000351,PERSON-002797,meera17,Online Handle,0.84,true
ALIAS-000352,PERSON-002979,north2,Online Handle,0.67,true
ALIAS-000353,PERSON-002573,shadow42,Online Handle,0.86,true
ALIAS-000354,PERSON-000162,orbit24,Business Name,0.79,true
ALIAS-000355,PERSON-002188,Mehta Online,Nickname,0.81,true
ALIAS-000356,PERSON-001346,Verma Online,Business Name,0.88,true
ALIAS-000357,PERSON-000458,Chauhan Online,Nickname,0.64,true
ALIAS-000358,PERSON-000525,Mehta Online,Online Handle,0.94,true
ALIAS-000359,PERSON-002229,north79,Business Name,0.8,true
ALIAS-000360,PERSON-002390,san_990,Nickname,0.93,true
ALIAS-000361,PERSON-002553,arjun16,Operational Alias,0.92,true
ALIAS-000362,PERSON-001512,Joshi Online,Operational Alias,0.64,true
ALIAS-000363,PERSON-001188,sim_133,Nickname,0.67,true
ALIAS-000364,PERSON-001915,raven50,Known As,0.79,true
ALIAS-000365,PERSON-000463,kav_460,Online Handle,0.71,true
ALIAS-000366,PERSON-002272,roh_112,Online Handle,0.88,true
ALIAS-000367,PERSON-002593,kabir41,Known As,0.95,true
ALIAS-000368,PERSON-002075,Rao Online,Operational Alias,0.79,true
ALIAS-000369,PERSON-002163,Iyer Online,Business Name,0.73,true
ALIAS-000370,PERSON-000467,falcon66,Business Name,0.64,true
ALIAS-000371,PERSON-001062,rahul87,Business Name,0.78,true
ALIAS-000372,PERSON-001290,karan4,Nickname,0.92,true
ALIAS-000373,PERSON-002540,falcon1,Nickname,0.91,true
ALIAS-000374,PERSON-001001,shadow78,Online Handle,0.97,true
ALIAS-000375,PERSON-000546,Malik Online,Operational Alias,0.89,true
ALIAS-000376,PERSON-000317,shadow29,Nickname,0.9,true
ALIAS-000377,PERSON-001264,falcon77,Known As,0.8,true
ALIAS-000378,PERSON-002991,shadow84,Known As,0.83,true
ALIAS-000379,PERSON-001702,kavya27,Business Name,0.71,true
ALIAS-000380,PERSON-002668,vikram30,Operational Alias,0.75,true
ALIAS-000381,PERSON-001961,ishaan68,Business Name,0.66,true
ALIAS-000382,PERSON-001397,shadow96,Operational Alias,0.7,true
ALIAS-000383,PERSON-001566,kabir59,Online Handle,0.62,true
ALIAS-000384,PERSON-002124,north22,Online Handle,0.77,true
ALIAS-000385,PERSON-002570,Rao Online,Operational Alias,0.82,true
ALIAS-000386,PERSON-002797,mee_106,Nickname,0.88,true
ALIAS-000387,PERSON-001377,kar_345,Business Name,0.66,true
ALIAS-000388,PERSON-001488,diya75,Nickname,0.7,true
ALIAS-000389,PERSON-000203,tara20,Known As,0.66,true
ALIAS-000390,PERSON-000432,falcon55,Online Handle,0.88,true
ALIAS-000391,PERSON-002334,kab_567,Operational Alias,0.75,true
ALIAS-000392,PERSON-000331,diya18,Nickname,0.77,true
ALIAS-000393,PERSON-002985,may_150,Online Handle,0.69,true
ALIAS-000394,PERSON-002247,Patel Online,Operational Alias,0.92,true
ALIAS-000395,PERSON-002824,san_969,Known As,0.88,true
ALIAS-000396,PERSON-002734,ira_160,Operational Alias,0.68,true
ALIAS-000397,PERSON-001392,san_288,Online Handle,0.88,true
ALIAS-000398,PERSON-001893,orbit58,Business Name,0.87,true
ALIAS-000399,PERSON-000910,aisha73,Nickname,0.69,true
ALIAS-000400,PERSON-000189,ish_707,Online Handle,0.72,true
ALIAS-000401,PERSON-002351,Kulkarni Online,Known As,0.65,true
ALIAS-000402,PERSON-002917,Singh Online,Operational Alias,0.73,true
ALIAS-000403,PERSON-002907,ais_463,Operational Alias,0.75,true
ALIAS-000404,PERSON-002637,Kulkarni Online,Known As,0.85,true
ALIAS-000405,PERSON-002600,aarav38,Business Name,0.8,true
ALIAS-000406,PERSON-001063,Malik Online,Online Handle,0.79,true
ALIAS-000407,PERSON-001400,Gupta Online,Known As,0.64,true
ALIAS-000408,PERSON-001975,shadow20,Operational Alias,0.8,true
ALIAS-000409,PERSON-002683,shadow34,Operational Alias,0.7,true
ALIAS-000410,PERSON-000794,Nair Online,Operational Alias,0.96,true
ALIAS-000411,PERSON-000268,raj_97,Business Name,0.71,true
ALIAS-000412,PERSON-001093,nik_377,Online Handle,0.79,true
ALIAS-000413,PERSON-000169,falcon32,Nickname,0.74,true
ALIAS-000414,PERSON-001781,north39,Operational Alias,0.82,true
ALIAS-000415,PERSON-002630,Mehta Online,Operational Alias,0.74,true
ALIAS-000416,PERSON-001067,vik_111,Online Handle,0.84,true
ALIAS-000417,PERSON-000844,meera98,Business Name,0.91,true
ALIAS-000418,PERSON-000366,vik_228,Online Handle,0.72,true
ALIAS-000419,PERSON-000781,raven46,Nickname,0.97,true
ALIAS-000420,PERSON-002177,Rao Online,Operational Alias,0.67,true
ALIAS-000421,PERSON-000539,orbit71,Business Name,0.8,true
ALIAS-000422,PERSON-001523,sim_48,Known As,0.88,true
ALIAS-000423,PERSON-001183,north77,Nickname,0.62,true
ALIAS-000424,PERSON-001640,kav_128,Nickname,0.98,true
ALIAS-000425,PERSON-000151,orbit52,Online Handle,0.9,true
ALIAS-000426,PERSON-001288,diya41,Known As,0.88,true
ALIAS-000427,PERSON-000520,karan57,Business Name,0.77,true
ALIAS-000428,PERSON-002507,raven88,Operational Alias,0.88,true
ALIAS-000429,PERSON-000532,falcon31,Business Name,0.81,true
ALIAS-000430,PERSON-000353,raj_218,Known As,0.81,true
ALIAS-000431,PERSON-002475,aarav48,Nickname,0.76,true
ALIAS-000432,PERSON-000069,north49,Operational Alias,0.89,true
ALIAS-000433,PERSON-002387,shadow54,Operational Alias,0.63,true
ALIAS-000434,PERSON-000203,tara55,Business Name,0.69,true
ALIAS-000435,PERSON-001787,tara23,Operational Alias,0.71,true
ALIAS-000436,PERSON-000309,vikram29,Business Name,0.78,true
ALIAS-000437,PERSON-001827,ish_77,Business Name,0.83,true
ALIAS-000438,PERSON-001461,vik_391,Nickname,0.9,true
ALIAS-000439,PERSON-001559,arjun80,Operational Alias,0.94,true
ALIAS-000440,PERSON-002345,Rao Online,Operational Alias,0.81,true
ALIAS-000441,PERSON-000175,shadow98,Business Name,0.82,true
ALIAS-000442,PERSON-002097,vih_261,Business Name,0.9,true
ALIAS-000443,PERSON-000995,Chauhan Online,Operational Alias,0.64,true
ALIAS-000444,PERSON-000017,Singh Online,Operational Alias,0.89,true
ALIAS-000445,PERSON-002337,shadow77,Online Handle,0.93,true
ALIAS-000446,PERSON-002432,shadow70,Known As,0.78,true
ALIAS-000447,PERSON-001060,may_799,Business Name,0.93,true
ALIAS-000448,PERSON-002062,Verma Online,Online Handle,0.79,true
ALIAS-000449,PERSON-001629,priya15,Business Name,0.93,true
ALIAS-000450,PERSON-002886,nee_990,Nickname,0.71,true
ALIAS-000451,PERSON-000659,falcon67,Known As,0.73,true
ALIAS-000452,PERSON-000610,falcon3,Operational Alias,0.79,true
ALIAS-000453,PERSON-001730,Iyer Online,Business Name,0.77,true
ALIAS-000454,PERSON-001157,san_560,Operational Alias,0.81,true
ALIAS-000455,PERSON-002168,falcon91,Operational Alias,0.93,true
ALIAS-000456,PERSON-000326,Iyer Online,Nickname,0.77,true
ALIAS-000457,PERSON-002850,simran85,Online Handle,0.73,true
ALIAS-000458,PERSON-000919,north52,Nickname,0.63,true
ALIAS-000459,PERSON-000368,Pawar Online,Online Handle,0.71,true
ALIAS-000460,PERSON-002820,aditya39,Known As,0.86,true
ALIAS-000461,PERSON-001777,orbit74,Known As,0.78,true
ALIAS-000462,PERSON-002051,pri_499,Online Handle,0.77,true
ALIAS-000463,PERSON-000275,raj67,Online Handle,0.98,true
ALIAS-000464,PERSON-001044,orbit48,Known As,0.79,true
ALIAS-000465,PERSON-001277,sana93,Known As,0.82,true
ALIAS-000466,PERSON-002949,vih_632,Known As,0.94,true
ALIAS-000467,PERSON-001705,kavya79,Nickname,0.75,true
ALIAS-000468,PERSON-001063,orbit82,Business Name,0.97,true
ALIAS-000469,PERSON-002196,ishaan12,Online Handle,0.85,true
ALIAS-000470,PERSON-002761,rohan61,Nickname,0.81,true
ALIAS-000471,PERSON-001446,north92,Business Name,0.85,true
ALIAS-000472,PERSON-001060,may_85,Online Handle,0.67,true
ALIAS-000473,PERSON-002872,raven35,Business Name,0.97,true
ALIAS-000474,PERSON-000744,Khan Online,Online Handle,0.67,true
ALIAS-000475,PERSON-001765,ira_356,Known As,0.68,true
ALIAS-000476,PERSON-001487,Rao Online,Known As,0.7,true
ALIAS-000477,PERSON-002980,riya34,Business Name,0.83,true
ALIAS-000478,PERSON-002796,pri_687,Online Handle,0.89,true
ALIAS-000479,PERSON-000635,man_785,Known As,0.69,true
ALIAS-000480,PERSON-001924,Patel Online,Online Handle,0.86,true
ALIAS-000481,PERSON-001474,Kulkarni Online,Business Name,0.81,true
ALIAS-000482,PERSON-002981,priya54,Operational Alias,0.73,true
ALIAS-000483,PERSON-001469,Patel Online,Operational Alias,0.7,true
ALIAS-000484,PERSON-002877,tar_379,Business Name,0.8,true
ALIAS-000485,PERSON-000059,ais_923,Online Handle,0.7,true
ALIAS-000486,PERSON-002051,Nair Online,Business Name,0.74,true
ALIAS-000487,PERSON-000451,pri_352,Online Handle,0.63,true
ALIAS-000488,PERSON-001566,Das Online,Nickname,0.8,true
ALIAS-000489,PERSON-001915,nikhil52,Online Handle,0.78,true
ALIAS-000490,PERSON-000871,shadow58,Nickname,0.65,true
ALIAS-000491,PERSON-002373,orbit16,Known As,0.75,true
ALIAS-000492,PERSON-000047,kabir81,Business Name,0.76,true
ALIAS-000493,PERSON-000047,kabir69,Nickname,0.66,true
ALIAS-000494,PERSON-001758,kavya95,Business Name,0.66,true
ALIAS-000495,PERSON-001363,raven2,Business Name,0.9,true
ALIAS-000496,PERSON-002025,vik_907,Online Handle,0.67,true
ALIAS-000497,PERSON-001845,raven91,Nickname,0.68,true
ALIAS-000498,PERSON-000654,north37,Online Handle,0.87,true
ALIAS-000499,PERSON-000002,north55,Known As,0.95,true
ALIAS-000500,PERSON-000555,orbit69,Known As,0.74,true
ALIAS-000501,PERSON-002397,raj_25,Known As,0.86,true
ALIAS-000502,PERSON-001195,raven13,Business Name,0.78,true
ALIAS-000503,PERSON-000175,ana_442,Nickname,0.96,true
ALIAS-000504,PERSON-001353,riya49,Operational Alias,0.72,true
ALIAS-000505,PERSON-002029,san_496,Known As,0.68,true
ALIAS-000506,PERSON-002680,karan4,Operational Alias,0.91,true
ALIAS-000507,PERSON-002407,Malik Online,Online Handle,0.95,true
ALIAS-000508,PERSON-000590,orbit42,Business Name,0.94,true
ALIAS-000509,PERSON-002604,Joshi Online,Operational Alias,0.82,true
ALIAS-000510,PERSON-002968,raven58,Online Handle,0.76,true
ALIAS-000511,PERSON-000776,Yadav Online,Nickname,0.69,true
ALIAS-000512,PERSON-002321,sim_803,Known As,0.88,true
ALIAS-000513,PERSON-001444,Malik Online,Business Name,0.84,true
ALIAS-000514,PERSON-001077,falcon99,Operational Alias,0.93,true
ALIAS-000515,PERSON-001351,ira_370,Business Name,0.94,true
ALIAS-000516,PERSON-002417,vih_533,Business Name,0.73,true
ALIAS-000517,PERSON-000417,raven50,Business Name,0.67,true
ALIAS-000518,PERSON-001957,Nair Online,Nickname,0.9,true
ALIAS-000519,PERSON-001333,aar_536,Online Handle,0.75,true
ALIAS-000520,PERSON-000600,vih_754,Business Name,0.76,true
ALIAS-000521,PERSON-001642,Khan Online,Operational Alias,0.97,true
ALIAS-000522,PERSON-000141,adi_655,Operational Alias,0.97,true
ALIAS-000523,PERSON-000302,orbit14,Online Handle,0.91,true
ALIAS-000524,PERSON-002122,man_966,Known As,0.64,true
ALIAS-000525,PERSON-001686,orbit61,Known As,0.67,true
ALIAS-000526,PERSON-000059,orbit69,Online Handle,0.8,true
ALIAS-000527,PERSON-000066,Yadav Online,Operational Alias,0.77,true
ALIAS-000528,PERSON-001935,falcon93,Online Handle,0.95,true
ALIAS-000529,PERSON-001786,vihaan42,Nickname,0.79,true
ALIAS-000530,PERSON-000044,ais_667,Online Handle,0.83,true
ALIAS-000531,PERSON-000746,kar_662,Operational Alias,0.72,true
ALIAS-000532,PERSON-001273,Malik Online,Online Handle,0.76,true
ALIAS-000533,PERSON-002588,adi_606,Operational Alias,0.63,true
ALIAS-000534,PERSON-001477,adi_743,Operational Alias,0.78,true
ALIAS-000535,PERSON-002939,raven55,Operational Alias,0.94,true
ALIAS-000536,PERSON-001527,nikhil62,Known As,0.69,true
ALIAS-000537,PERSON-000709,orbit3,Nickname,0.9,true
ALIAS-000538,PERSON-000476,priya45,Business Name,0.74,true
ALIAS-000539,PERSON-000925,orbit92,Operational Alias,0.69,true
ALIAS-000540,PERSON-002271,raven52,Known As,0.8,true
ALIAS-000541,PERSON-000133,aditya21,Nickname,0.71,true
ALIAS-000542,PERSON-000806,Das Online,Online Handle,0.83,true
ALIAS-000543,PERSON-000349,raven71,Online Handle,0.93,true
ALIAS-000544,PERSON-000066,raven80,Online Handle,0.68,true
ALIAS-000545,PERSON-002385,Patel Online,Operational Alias,0.96,true
ALIAS-000546,PERSON-001661,Deshmukh Online,Operational Alias,0.67,true
ALIAS-000547,PERSON-002868,Das Online,Known As,0.69,true
ALIAS-000548,PERSON-001502,vih_978,Operational Alias,0.82,true
ALIAS-000549,PERSON-002500,ira_990,Operational Alias,0.92,true
ALIAS-000550,PERSON-000579,Singh Online,Nickname,0.9,true
ALIAS-000551,PERSON-001342,vih_173,Online Handle,0.84,true
ALIAS-000552,PERSON-002255,nee_845,Known As,0.79,true
ALIAS-000553,PERSON-002642,falcon30,Operational Alias,0.79,true
ALIAS-000554,PERSON-000180,tar_168,Known As,0.81,true
ALIAS-000555,PERSON-002817,shadow99,Online Handle,0.65,true
ALIAS-000556,PERSON-000365,pri_104,Known As,0.9,true
ALIAS-000557,PERSON-001451,Das Online,Nickname,0.93,true
ALIAS-000558,PERSON-001707,aditya10,Business Name,0.78,true
ALIAS-000559,PERSON-000988,shadow29,Known As,0.82,true
ALIAS-000560,PERSON-000240,maya25,Business Name,0.82,true
ALIAS-000561,PERSON-001048,rohan89,Nickname,0.62,true
ALIAS-000562,PERSON-002591,nik_176,Nickname,0.88,true
ALIAS-000563,PERSON-002347,riya55,Operational Alias,0.85,true
ALIAS-000564,PERSON-001281,riya2,Known As,0.81,true
ALIAS-000565,PERSON-001895,ais_277,Online Handle,0.79,true
ALIAS-000566,PERSON-000375,Mehta Online,Online Handle,0.69,true
ALIAS-000567,PERSON-000866,kab_631,Nickname,0.79,true
ALIAS-000568,PERSON-000330,meera60,Operational Alias,0.82,true
ALIAS-000569,PERSON-000383,maya7,Known As,0.71,true
ALIAS-000570,PERSON-001962,north78,Operational Alias,0.65,true
ALIAS-000571,PERSON-001240,Iyer Online,Business Name,0.63,true
ALIAS-000572,PERSON-000932,aar_821,Known As,0.94,true
ALIAS-000573,PERSON-001449,north89,Operational Alias,0.65,true
ALIAS-000574,PERSON-002521,diya46,Nickname,0.75,true
ALIAS-000575,PERSON-000631,neel16,Known As,0.75,true
ALIAS-000576,PERSON-000561,ish_457,Nickname,0.69,true
ALIAS-000577,PERSON-001660,Joshi Online,Nickname,0.66,true
ALIAS-000578,PERSON-001492,Gupta Online,Nickname,0.7,true
ALIAS-000579,PERSON-001744,shadow45,Nickname,0.75,true
ALIAS-000580,PERSON-002632,orbit3,Online Handle,0.94,true
ALIAS-000581,PERSON-000726,Mehta Online,Known As,0.63,true
ALIAS-000582,PERSON-000757,falcon67,Operational Alias,0.64,true
ALIAS-000583,PERSON-002036,Chauhan Online,Online Handle,0.72,true
ALIAS-000584,PERSON-000417,ira43,Online Handle,0.83,true
ALIAS-000585,PERSON-000085,aditya63,Online Handle,0.82,true
ALIAS-000586,PERSON-001154,aditya85,Business Name,0.79,true
ALIAS-000587,PERSON-002193,simran6,Operational Alias,0.7,true
ALIAS-000588,PERSON-002591,Khan Online,Nickname,0.86,true
ALIAS-000589,PERSON-001636,Khan Online,Nickname,0.76,true
ALIAS-000590,PERSON-000753,anaya92,Business Name,0.81,true
ALIAS-000591,PERSON-002873,orbit82,Operational Alias,0.95,true
ALIAS-000592,PERSON-002864,north93,Business Name,0.96,true
ALIAS-000593,PERSON-002726,Rao Online,Operational Alias,0.73,true
ALIAS-000594,PERSON-000301,ishaan89,Nickname,0.74,true
ALIAS-000595,PERSON-001009,Patel Online,Business Name,0.62,true
ALIAS-000596,PERSON-002942,kavya76,Business Name,0.76,true
ALIAS-000597,PERSON-001982,ana_827,Business Name,0.79,true
ALIAS-000598,PERSON-002982,neel21,Known As,0.89,true
ALIAS-000599,PERSON-001883,maya61,Nickname,0.76,true
ALIAS-000600,PERSON-000469,orbit4,Known As,0.84,true
ALIAS-000601,PERSON-002434,arjun8,Business Name,0.8,true
ALIAS-000602,PERSON-000261,Joshi Online,Operational Alias,0.8,true
ALIAS-000603,PERSON-001676,Yadav Online,Online Handle,0.81,true
ALIAS-000604,PERSON-001736,falcon2,Operational Alias,0.66,true
ALIAS-000605,PERSON-002555,mee_182,Known As,0.81,true
ALIAS-000606,PERSON-000757,falcon62,Online Handle,0.84,true
ALIAS-000607,PERSON-001617,kavya37,Nickname,0.9,true
ALIAS-000608,PERSON-002738,orbit50,Operational Alias,0.88,true
ALIAS-000609,PERSON-001563,raven12,Known As,0.68,true
ALIAS-000610,PERSON-001070,raven33,Online Handle,0.68,true
ALIAS-000611,PERSON-002227,riy_174,Nickname,0.72,true
ALIAS-000612,PERSON-001751,priya36,Operational Alias,0.97,true
ALIAS-000613,PERSON-001160,diy_699,Operational Alias,0.89,true
ALIAS-000614,PERSON-001795,kav_475,Operational Alias,0.74,true
ALIAS-000615,PERSON-001222,nik_483,Business Name,0.67,true
ALIAS-000616,PERSON-000007,Nair Online,Online Handle,0.97,true
ALIAS-000617,PERSON-000902,may_645,Business Name,0.64,true
ALIAS-000618,PERSON-002435,neel28,Online Handle,0.88,true
ALIAS-000619,PERSON-001363,Iyer Online,Known As,0.75,true
ALIAS-000620,PERSON-000101,ish_525,Online Handle,0.64,true
ALIAS-000621,PERSON-002851,raven72,Nickname,0.97,true
ALIAS-000622,PERSON-001449,riy_102,Online Handle,0.69,true
ALIAS-000623,PERSON-002092,orbit53,Nickname,0.87,true
ALIAS-000624,PERSON-001901,Das Online,Nickname,0.7,true
ALIAS-000625,PERSON-000127,aditya69,Operational Alias,0.95,true
ALIAS-000626,PERSON-000458,kabir35,Operational Alias,0.81,true
ALIAS-000627,PERSON-002666,Joshi Online,Nickname,0.87,true
ALIAS-000628,PERSON-000828,Deshmukh Online,Business Name,0.89,true
ALIAS-000629,PERSON-000663,raven50,Business Name,0.93,true
ALIAS-000630,PERSON-002902,ais_209,Operational Alias,0.68,true
ALIAS-000631,PERSON-000746,karan9,Operational Alias,0.77,true
ALIAS-000632,PERSON-001531,mee_182,Online Handle,0.62,true
ALIAS-000633,PERSON-001241,north53,Online Handle,0.94,true
ALIAS-000634,PERSON-002303,shadow86,Known As,0.78,true
ALIAS-000635,PERSON-001543,Das Online,Operational Alias,0.67,true
ALIAS-000636,PERSON-000975,tara9,Operational Alias,0.63,true
ALIAS-000637,PERSON-002191,nik_525,Operational Alias,0.88,true
ALIAS-000638,PERSON-002685,tar_786,Business Name,0.79,true
ALIAS-000639,PERSON-002370,Nair Online,Business Name,0.66,true
ALIAS-000640,PERSON-002330,Khan Online,Operational Alias,0.77,true
ALIAS-000641,PERSON-002174,sana74,Business Name,0.7,true
ALIAS-000642,PERSON-000776,anaya29,Operational Alias,0.66,true
ALIAS-000643,PERSON-000762,ana_998,Known As,0.66,true
ALIAS-000644,PERSON-002879,Verma Online,Operational Alias,0.64,true
ALIAS-000645,PERSON-000345,arj_913,Operational Alias,0.94,true
ALIAS-000646,PERSON-002093,karan24,Business Name,0.87,true
ALIAS-000647,PERSON-000796,diya9,Business Name,0.62,true
ALIAS-000648,PERSON-002713,Khan Online,Nickname,0.7,true
ALIAS-000649,PERSON-000398,ais_309,Known As,0.74,true
ALIAS-000650,PERSON-000314,vihaan61,Operational Alias,0.81,true
ALIAS-000651,PERSON-000519,raven47,Known As,0.94,true
ALIAS-000652,PERSON-001935,nik_728,Business Name,0.73,true
ALIAS-000653,PERSON-001164,Mehta Online,Nickname,0.86,true
ALIAS-000654,PERSON-001687,Chauhan Online,Business Name,0.69,true
ALIAS-000655,PERSON-001318,Kulkarni Online,Nickname,0.94,true
ALIAS-000656,PERSON-002453,vihaan6,Operational Alias,0.87,true
ALIAS-000657,PERSON-002755,kav_524,Online Handle,0.94,true
ALIAS-000658,PERSON-001448,raven63,Nickname,0.96,true
ALIAS-000659,PERSON-002977,pri_524,Operational Alias,0.91,true
ALIAS-000660,PERSON-000305,sim_345,Known As,0.75,true
ALIAS-000661,PERSON-001931,raj64,Online Handle,0.75,true
ALIAS-000662,PERSON-000352,Khan Online,Operational Alias,0.94,true
ALIAS-000663,PERSON-002567,Verma Online,Known As,0.79,true
ALIAS-000664,PERSON-002506,maya22,Nickname,0.66,true
ALIAS-000665,PERSON-002285,north99,Business Name,0.73,true
ALIAS-000666,PERSON-001445,maya29,Known As,0.74,true
ALIAS-000667,PERSON-002425,shadow67,Known As,0.78,true
ALIAS-000668,PERSON-002648,ira_545,Operational Alias,0.78,true
ALIAS-000669,PERSON-002350,orbit73,Known As,0.72,true
ALIAS-000670,PERSON-001043,adi_673,Business Name,0.64,true
ALIAS-000671,PERSON-002419,sim_39,Known As,0.76,true
ALIAS-000672,PERSON-002079,shadow84,Nickname,0.7,true
ALIAS-000673,PERSON-000569,raj4,Nickname,0.88,true
ALIAS-000674,PERSON-002701,north97,Known As,0.69,true
ALIAS-000675,PERSON-001390,Nair Online,Online Handle,0.77,true
ALIAS-000676,PERSON-002608,rohan36,Known As,0.65,true
ALIAS-000677,PERSON-002705,falcon15,Known As,0.83,true
ALIAS-000678,PERSON-001516,ish_903,Operational Alias,0.76,true
ALIAS-000679,PERSON-001301,aar_627,Known As,0.92,true
ALIAS-000680,PERSON-002773,aarav77,Business Name,0.79,true
ALIAS-000681,PERSON-000590,Malik Online,Nickname,0.73,true
ALIAS-000682,PERSON-001882,Verma Online,Nickname,0.63,true
ALIAS-000683,PERSON-001580,Nair Online,Business Name,0.96,true
ALIAS-000684,PERSON-002930,anaya25,Nickname,0.68,true
ALIAS-000685,PERSON-000373,aditya8,Known As,0.83,true
ALIAS-000686,PERSON-001684,north61,Online Handle,0.87,true
ALIAS-000687,PERSON-001668,Iyer Online,Known As,0.87,true
ALIAS-000688,PERSON-001854,aisha83,Operational Alias,0.81,true
ALIAS-000689,PERSON-001125,nee_39,Known As,0.69,true
ALIAS-000690,PERSON-002515,Pawar Online,Online Handle,0.8,true
ALIAS-000691,PERSON-000633,north82,Operational Alias,0.77,true
ALIAS-000692,PERSON-000915,shadow77,Business Name,0.65,true
ALIAS-000693,PERSON-001062,falcon64,Known As,0.89,true
ALIAS-000694,PERSON-000905,kav_285,Online Handle,0.72,true
ALIAS-000695,PERSON-001322,Deshmukh Online,Online Handle,0.7,true
ALIAS-000696,PERSON-000709,aar_455,Nickname,0.91,true
ALIAS-000697,PERSON-001200,Verma Online,Business Name,0.89,true
ALIAS-000698,PERSON-000327,rah_78,Online Handle,0.75,true
ALIAS-000699,PERSON-002878,Gupta Online,Online Handle,0.93,true
ALIAS-000700,PERSON-001634,raven45,Operational Alias,0.83,true
ALIAS-000701,PERSON-001015,Yadav Online,Online Handle,0.87,true
ALIAS-000702,PERSON-000339,Yadav Online,Operational Alias,0.69,true
ALIAS-000703,PERSON-000705,north92,Online Handle,0.96,true
ALIAS-000704,PERSON-000269,rohan47,Known As,0.93,true
ALIAS-000705,PERSON-000965,ish_607,Known As,0.75,true
ALIAS-000706,PERSON-001142,Gupta Online,Business Name,0.83,true
ALIAS-000707,PERSON-000723,orbit96,Online Handle,0.96,true
ALIAS-000708,PERSON-002077,orbit79,Operational Alias,0.88,true
ALIAS-000709,PERSON-001296,Deshmukh Online,Nickname,0.85,true
ALIAS-000710,PERSON-001643,anaya69,Operational Alias,0.69,true
ALIAS-000711,PERSON-000275,raj_493,Online Handle,0.64,true
ALIAS-000712,PERSON-000081,raven99,Operational Alias,0.63,true
ALIAS-000713,PERSON-001910,raj34,Online Handle,0.7,true
ALIAS-000714,PERSON-002778,neel47,Operational Alias,0.8,true
ALIAS-000715,PERSON-002783,riy_736,Online Handle,0.73,true
ALIAS-000716,PERSON-001033,sim_457,Operational Alias,0.73,true
ALIAS-000717,PERSON-000446,arjun84,Online Handle,0.78,true
ALIAS-000718,PERSON-001976,raven45,Business Name,0.85,true
ALIAS-000719,PERSON-000589,orbit86,Known As,0.91,true
ALIAS-000720,PERSON-000225,ais_577,Business Name,0.81,true
ALIAS-000721,PERSON-002975,shadow74,Nickname,0.7,true
ALIAS-000722,PERSON-001681,orbit46,Known As,0.67,true
ALIAS-000723,PERSON-000445,Yadav Online,Operational Alias,0.64,true
ALIAS-000724,PERSON-000162,Gupta Online,Business Name,0.65,true
ALIAS-000725,PERSON-000016,Verma Online,Business Name,0.89,true
ALIAS-000726,PERSON-002983,raven64,Business Name,0.78,true
ALIAS-000727,PERSON-002563,may_650,Operational Alias,0.79,true
ALIAS-000728,PERSON-002279,falcon92,Business Name,0.8,true
ALIAS-000729,PERSON-000725,Iyer Online,Online Handle,0.82,true
ALIAS-000730,PERSON-002371,vih_214,Nickname,0.88,true
ALIAS-000731,PERSON-000743,tara89,Business Name,0.72,true
ALIAS-000732,PERSON-001651,Rao Online,Online Handle,0.65,true
ALIAS-000733,PERSON-002975,vikram94,Operational Alias,0.87,true
ALIAS-000734,PERSON-000851,Kulkarni Online,Nickname,0.66,true
ALIAS-000735,PERSON-002167,Singh Online,Business Name,0.64,true
ALIAS-000736,PERSON-002096,Chauhan Online,Business Name,0.95,true
ALIAS-000737,PERSON-000071,kar_140,Known As,0.84,true
ALIAS-000738,PERSON-000603,arj_788,Operational Alias,0.87,true
ALIAS-000739,PERSON-001331,Pawar Online,Nickname,0.73,true
ALIAS-000740,PERSON-001487,vihaan81,Business Name,0.83,true
ALIAS-000741,PERSON-001354,riy_593,Nickname,0.65,true
ALIAS-000742,PERSON-000338,Singh Online,Nickname,0.93,true
ALIAS-000743,PERSON-000157,adi_779,Online Handle,0.86,true
ALIAS-000744,PERSON-002802,maya1,Known As,0.66,true
ALIAS-000745,PERSON-000891,ish_937,Nickname,0.8,true
ALIAS-000746,PERSON-000997,Kulkarni Online,Operational Alias,0.64,true
ALIAS-000747,PERSON-000284,raven8,Online Handle,0.76,true
ALIAS-000748,PERSON-000435,Pawar Online,Nickname,0.97,true
ALIAS-000749,PERSON-001446,san_423,Business Name,0.97,true
ALIAS-000750,PERSON-000667,Joshi Online,Business Name,0.75,true
ALIAS-000751,PERSON-001136,Patel Online,Nickname,0.66,true
ALIAS-000752,PERSON-001966,Singh Online,Business Name,0.93,true
ALIAS-000753,PERSON-001592,sim_929,Online Handle,0.95,true
ALIAS-000754,PERSON-000051,orbit9,Nickname,0.68,true
ALIAS-000755,PERSON-002730,falcon22,Known As,0.95,true
ALIAS-000756,PERSON-001872,falcon4,Known As,0.71,true
ALIAS-000757,PERSON-001819,aisha87,Online Handle,0.7,true
ALIAS-000758,PERSON-000044,north28,Business Name,0.82,true
ALIAS-000759,PERSON-000458,kabir29,Online Handle,0.96,true
ALIAS-000760,PERSON-000377,Nair Online,Online Handle,0.91,true
ALIAS-000761,PERSON-000831,Pawar Online,Operational Alias,0.95,true
ALIAS-000762,PERSON-000361,rah_43,Known As,0.98,true
ALIAS-000763,PERSON-001076,raven26,Operational Alias,0.93,true
ALIAS-000764,PERSON-001130,meera42,Operational Alias,0.78,true
ALIAS-000765,PERSON-000980,raven75,Online Handle,0.75,true
ALIAS-000766,PERSON-002269,neel45,Online Handle,0.9,true
ALIAS-000767,PERSON-001579,raven35,Known As,0.82,true
ALIAS-000768,PERSON-002947,raven7,Known As,0.89,true
ALIAS-000769,PERSON-002611,priya86,Online Handle,0.81,true
ALIAS-000770,PERSON-000704,rah_972,Known As,0.68,true
ALIAS-000771,PERSON-002056,raven81,Known As,0.71,true
ALIAS-000772,PERSON-002492,raj_408,Business Name,0.81,true
ALIAS-000773,PERSON-000953,karan10,Known As,0.75,true
ALIAS-000774,PERSON-002178,north59,Online Handle,0.79,true
ALIAS-000775,PERSON-001081,maya62,Known As,0.67,true
ALIAS-000776,PERSON-002229,roh_457,Nickname,0.63,true
ALIAS-000777,PERSON-000275,raj51,Operational Alias,0.97,true
ALIAS-000778,PERSON-002715,Verma Online,Business Name,0.84,true
ALIAS-000779,PERSON-002588,adi_778,Online Handle,0.72,true
ALIAS-000780,PERSON-000052,riya50,Online Handle,0.76,true
ALIAS-000781,PERSON-001284,raven95,Known As,0.84,true
ALIAS-000782,PERSON-001944,Rao Online,Known As,0.81,true
ALIAS-000783,PERSON-001749,falcon84,Known As,0.71,true
ALIAS-000784,PERSON-000295,Gupta Online,Operational Alias,0.74,true
ALIAS-000785,PERSON-001147,manav54,Operational Alias,0.83,true
ALIAS-000786,PERSON-000231,nee_154,Operational Alias,0.94,true
ALIAS-000787,PERSON-001107,san_964,Nickname,0.97,true
ALIAS-000788,PERSON-002092,arjun29,Nickname,0.88,true
ALIAS-000789,PERSON-000262,Das Online,Known As,0.73,true
ALIAS-000790,PERSON-002443,kab_65,Business Name,0.82,true
ALIAS-000791,PERSON-001140,may_954,Operational Alias,0.78,true
ALIAS-000792,PERSON-000196,arjun11,Nickname,0.76,true
ALIAS-000793,PERSON-002739,Nair Online,Operational Alias,0.88,true
ALIAS-000794,PERSON-002192,Rao Online,Nickname,0.73,true
ALIAS-000795,PERSON-001797,ish_677,Operational Alias,0.94,true
ALIAS-000796,PERSON-002231,ana_337,Operational Alias,0.64,true
ALIAS-000797,PERSON-002993,diya16,Nickname,0.86,true
ALIAS-000798,PERSON-002542,orbit25,Business Name,0.98,true
ALIAS-000799,PERSON-001742,rahul52,Operational Alias,0.92,true
ALIAS-000800,PERSON-001707,Pawar Online,Online Handle,0.83,true
ALIAS-000801,PERSON-001446,raven27,Business Name,0.84,true
ALIAS-000802,PERSON-000512,ish_449,Operational Alias,0.83,true
ALIAS-000803,PERSON-002009,shadow89,Online Handle,0.94,true
ALIAS-000804,PERSON-000317,north11,Operational Alias,0.94,true
ALIAS-000805,PERSON-001375,falcon51,Nickname,0.98,true
ALIAS-000806,PERSON-001470,arjun19,Nickname,0.72,true
ALIAS-000807,PERSON-002655,Rao Online,Nickname,0.72,true
ALIAS-000808,PERSON-000577,vihaan51,Known As,0.9,true
ALIAS-000809,PERSON-002014,ira_529,Nickname,0.72,true
ALIAS-000810,PERSON-001891,orbit29,Known As,0.71,true
ALIAS-000811,PERSON-001709,Mehta Online,Business Name,0.97,true
ALIAS-000812,PERSON-000104,raven76,Nickname,0.83,true
ALIAS-000813,PERSON-002315,pri_57,Online Handle,0.64,true
ALIAS-000814,PERSON-001552,raven27,Online Handle,0.67,true
ALIAS-000815,PERSON-000299,may_220,Nickname,0.76,true
ALIAS-000816,PERSON-002102,shadow15,Nickname,0.93,true
ALIAS-000817,PERSON-001737,raven29,Online Handle,0.74,true
ALIAS-000818,PERSON-001171,Iyer Online,Business Name,0.63,true
ALIAS-000819,PERSON-001521,Nair Online,Nickname,0.91,true
ALIAS-000820,PERSON-001860,pri_440,Known As,0.94,true
ALIAS-000821,PERSON-001237,north4,Operational Alias,0.77,true
ALIAS-000822,PERSON-002430,Singh Online,Operational Alias,0.67,true
ALIAS-000823,PERSON-002171,diy_682,Online Handle,0.64,true
ALIAS-000824,PERSON-000646,ira23,Online Handle,0.97,true
ALIAS-000825,PERSON-001778,riya46,Known As,0.83,true
ALIAS-000826,PERSON-001596,vih_33,Operational Alias,0.73,true
ALIAS-000827,PERSON-002402,karan25,Known As,0.69,true
ALIAS-000828,PERSON-002299,nik_644,Nickname,0.69,true
ALIAS-000829,PERSON-000967,shadow23,Online Handle,0.79,true
ALIAS-000830,PERSON-002476,nikhil16,Business Name,0.78,true
ALIAS-000831,PERSON-000959,raven28,Business Name,0.67,true
ALIAS-000832,PERSON-001288,diya6,Operational Alias,0.76,true
ALIAS-000833,PERSON-001897,manav83,Operational Alias,0.75,true
ALIAS-000834,PERSON-000766,neel33,Known As,0.9,true
ALIAS-000835,PERSON-000513,diy_660,Business Name,0.67,true
ALIAS-000836,PERSON-000951,simran93,Known As,0.8,true
ALIAS-000837,PERSON-000997,falcon57,Known As,0.7,true
ALIAS-000838,PERSON-002595,shadow43,Online Handle,0.7,true
ALIAS-000839,PERSON-002401,meera71,Online Handle,0.92,true
ALIAS-000840,PERSON-001403,north99,Nickname,0.94,true
ALIAS-000841,PERSON-002218,nikhil12,Online Handle,0.79,true
ALIAS-000842,PERSON-001183,shadow61,Operational Alias,0.78,true
ALIAS-000843,PERSON-002453,Nair Online,Business Name,0.88,true
ALIAS-000844,PERSON-002414,Chauhan Online,Online Handle,0.73,true
ALIAS-000845,PERSON-000001,falcon31,Operational Alias,0.8,true
ALIAS-000846,PERSON-000322,Kulkarni Online,Known As,0.7,true
ALIAS-000847,PERSON-000268,raj_165,Known As,0.87,true
ALIAS-000848,PERSON-000432,shadow18,Online Handle,0.7,true
ALIAS-000849,PERSON-000258,arj_33,Operational Alias,0.91,true
ALIAS-000850,PERSON-002642,vikram83,Operational Alias,0.89,true
ALIAS-000851,PERSON-002958,neel38,Known As,0.79,true
ALIAS-000852,PERSON-002925,Rao Online,Known As,0.91,true
ALIAS-000853,PERSON-000595,kabir9,Business Name,0.88,true
ALIAS-000854,PERSON-001533,Joshi Online,Business Name,0.71,true
ALIAS-000855,PERSON-000928,arj_66,Operational Alias,0.66,true
ALIAS-000856,PERSON-002376,Iyer Online,Nickname,0.9,true
ALIAS-000857,PERSON-002257,vihaan26,Operational Alias,0.94,true
ALIAS-000858,PERSON-002137,falcon48,Business Name,0.71,true
ALIAS-000859,PERSON-002847,aarav71,Known As,0.63,true
ALIAS-000860,PERSON-002180,falcon63,Business Name,0.77,true
ALIAS-000861,PERSON-002115,aisha71,Known As,0.93,true
ALIAS-000862,PERSON-000566,raj3,Business Name,0.88,true
ALIAS-000863,PERSON-002248,simran53,Known As,0.76,true
ALIAS-000864,PERSON-002847,orbit41,Nickname,0.93,true
ALIAS-000865,PERSON-002489,orbit56,Nickname,0.74,true
ALIAS-000866,PERSON-001218,kab_855,Online Handle,0.69,true
ALIAS-000867,PERSON-002282,vihaan92,Online Handle,0.82,true
ALIAS-000868,PERSON-000044,shadow89,Operational Alias,0.94,true
ALIAS-000869,PERSON-001020,ana_542,Online Handle,0.91,true
ALIAS-000870,PERSON-000562,falcon53,Nickname,0.95,true
ALIAS-000871,PERSON-001615,Khan Online,Nickname,0.64,true
ALIAS-000872,PERSON-000260,maya93,Online Handle,0.68,true
ALIAS-000873,PERSON-001769,Das Online,Nickname,0.74,true
ALIAS-000874,PERSON-002646,nikhil44,Business Name,0.64,true
ALIAS-000875,PERSON-002263,Khan Online,Operational Alias,0.7,true
ALIAS-000876,PERSON-002603,sim_925,Business Name,0.94,true
ALIAS-000877,PERSON-000052,raven88,Operational Alias,0.86,true
ALIAS-000878,PERSON-000360,Mehta Online,Online Handle,0.74,true
ALIAS-000879,PERSON-000511,north88,Operational Alias,0.77,true
ALIAS-000880,PERSON-000856,mee_140,Known As,0.97,true
ALIAS-000881,PERSON-002368,Verma Online,Operational Alias,0.82,true
ALIAS-000882,PERSON-001213,rah_93,Known As,0.63,true
ALIAS-000883,PERSON-001217,neel84,Business Name,0.75,true
ALIAS-000884,PERSON-000497,pri_985,Operational Alias,0.84,true
ALIAS-000885,PERSON-000423,orbit95,Online Handle,0.92,true
ALIAS-000886,PERSON-000115,Iyer Online,Operational Alias,0.8,true
ALIAS-000887,PERSON-001552,vihaan99,Operational Alias,0.66,true
ALIAS-000888,PERSON-001399,Nair Online,Known As,0.97,true
ALIAS-000889,PERSON-002079,nik_742,Known As,0.66,true
ALIAS-000890,PERSON-000005,pri_205,Nickname,0.68,true
ALIAS-000891,PERSON-002544,orbit8,Business Name,0.88,true
ALIAS-000892,PERSON-001041,Iyer Online,Known As,0.81,true
ALIAS-000893,PERSON-001536,shadow73,Nickname,0.95,true
ALIAS-000894,PERSON-001838,riya71,Nickname,0.95,true
ALIAS-000895,PERSON-002386,Mehta Online,Known As,0.92,true
ALIAS-000896,PERSON-002019,north36,Operational Alias,0.75,true
ALIAS-000897,PERSON-000022,anaya2,Known As,0.63,true
ALIAS-000898,PERSON-002425,falcon44,Known As,0.91,true
ALIAS-000899,PERSON-000811,diy_318,Operational Alias,0.93,true
ALIAS-000900,PERSON-002822,Khan Online,Online Handle,0.86,true
ALIAS-000901,PERSON-002390,sana66,Operational Alias,0.77,true
ALIAS-000902,PERSON-000147,rah_755,Operational Alias,0.94,true
ALIAS-000903,PERSON-001152,Nair Online,Online Handle,0.84,true
ALIAS-000904,PERSON-002335,simran36,Known As,0.98,true
ALIAS-000905,PERSON-001678,tar_770,Known As,0.7,true
ALIAS-000906,PERSON-000316,rahul4,Operational Alias,0.83,true
ALIAS-000907,PERSON-002396,north6,Operational Alias,0.89,true
ALIAS-000908,PERSON-000905,Khan Online,Nickname,0.91,true
ALIAS-000909,PERSON-001943,tara60,Known As,0.81,true
ALIAS-000910,PERSON-000719,Mehta Online,Nickname,0.68,true
ALIAS-000911,PERSON-000222,ira32,Business Name,0.79,true
ALIAS-000912,PERSON-000879,sana8,Operational Alias,0.86,true
ALIAS-000913,PERSON-001516,Das Online,Business Name,0.84,true
ALIAS-000914,PERSON-000501,kab_564,Nickname,0.89,true
ALIAS-000915,PERSON-000760,north58,Known As,0.78,true
ALIAS-000916,PERSON-000570,orbit63,Nickname,0.66,true
ALIAS-000917,PERSON-002682,kabir93,Business Name,0.65,true
ALIAS-000918,PERSON-002001,roh_323,Nickname,0.64,true
ALIAS-000919,PERSON-001559,arjun27,Online Handle,0.91,true
ALIAS-000920,PERSON-001165,Chauhan Online,Operational Alias,0.82,true
ALIAS-000921,PERSON-000356,shadow50,Known As,0.87,true
ALIAS-000922,PERSON-002579,sim_927,Operational Alias,0.94,true
ALIAS-000923,PERSON-002925,tara95,Operational Alias,0.9,true
ALIAS-000924,PERSON-002763,kabir48,Online Handle,0.81,true
ALIAS-000925,PERSON-000765,aisha39,Operational Alias,0.62,true
ALIAS-000926,PERSON-002521,diy_762,Known As,0.84,true
ALIAS-000927,PERSON-001230,raven38,Known As,0.78,true
ALIAS-000928,PERSON-000712,Khan Online,Operational Alias,0.9,true
ALIAS-000929,PERSON-000097,Pawar Online,Online Handle,0.89,true
ALIAS-000930,PERSON-001176,Iyer Online,Operational Alias,0.65,true
ALIAS-000931,PERSON-000854,aarav68,Operational Alias,0.71,true
ALIAS-000932,PERSON-002730,raven21,Online Handle,0.71,true
ALIAS-000933,PERSON-000649,north61,Nickname,0.88,true
ALIAS-000934,PERSON-000190,sim_753,Nickname,0.92,true
ALIAS-000935,PERSON-001133,Kulkarni Online,Known As,0.85,true
ALIAS-000936,PERSON-002029,sana52,Known As,0.67,true
ALIAS-000937,PERSON-002500,shadow85,Nickname,0.88,true
ALIAS-000938,PERSON-002607,Pawar Online,Online Handle,0.76,true
ALIAS-000939,PERSON-002425,arj_483,Business Name,0.84,true
ALIAS-000940,PERSON-001070,raj_754,Business Name,0.81,true
ALIAS-000941,PERSON-000199,falcon84,Business Name,0.63,true
ALIAS-000942,PERSON-001042,Malik Online,Business Name,0.92,true
ALIAS-000943,PERSON-002539,ira73,Operational Alias,0.95,true
ALIAS-000944,PERSON-000912,Yadav Online,Operational Alias,0.73,true
ALIAS-000945,PERSON-000199,arjun76,Known As,0.69,true
ALIAS-000946,PERSON-001948,arjun91,Operational Alias,0.78,true
ALIAS-000947,PERSON-002147,diya73,Known As,0.88,true
ALIAS-000948,PERSON-000575,falcon87,Known As,0.83,true
ALIAS-000949,PERSON-002146,falcon15,Known As,0.85,true
ALIAS-000950,PERSON-000106,rohan35,Known As,0.87,true
ALIAS-000951,PERSON-001265,falcon71,Business Name,0.73,true
ALIAS-000952,PERSON-001019,Sharma Online,Business Name,0.65,true
ALIAS-000953,PERSON-001353,riy_446,Known As,0.9,true
ALIAS-000954,PERSON-000561,ishaan29,Online Handle,0.64,true
ALIAS-000955,PERSON-001402,vikram98,Business Name,0.7,true
ALIAS-000956,PERSON-002098,Das Online,Known As,0.69,true
ALIAS-000957,PERSON-002221,simran93,Known As,0.72,true
ALIAS-000958,PERSON-002919,karan59,Nickname,0.95,true
ALIAS-000959,PERSON-000877,falcon98,Nickname,0.88,true
ALIAS-000960,PERSON-002365,may_284,Operational Alias,0.84,true
ALIAS-000961,PERSON-000971,Verma Online,Business Name,0.77,true
ALIAS-000962,PERSON-000766,Kulkarni Online,Operational Alias,0.72,true
ALIAS-000963,PERSON-000119,falcon84,Nickname,0.67,true
ALIAS-000964,PERSON-000821,Deshmukh Online,Known As,0.95,true
ALIAS-000965,PERSON-000112,adi_192,Online Handle,0.65,true
ALIAS-000966,PERSON-001804,falcon89,Business Name,0.71,true
ALIAS-000967,PERSON-002556,ira_225,Nickname,0.69,true
ALIAS-000968,PERSON-001581,north75,Operational Alias,0.95,true
ALIAS-000969,PERSON-001412,Das Online,Nickname,0.68,true
ALIAS-000970,PERSON-002072,rahul43,Business Name,0.76,true
ALIAS-000971,PERSON-002952,Das Online,Nickname,0.63,true
ALIAS-000972,PERSON-000169,north11,Business Name,0.68,true
ALIAS-000973,PERSON-000720,orbit70,Online Handle,0.8,true
ALIAS-000974,PERSON-001403,falcon60,Nickname,0.78,true
ALIAS-000975,PERSON-000568,Joshi Online,Nickname,0.74,true
ALIAS-000976,PERSON-000243,Yadav Online,Nickname,0.79,true
ALIAS-000977,PERSON-000889,Patel Online,Operational Alias,0.67,true
ALIAS-000978,PERSON-000044,aisha43,Operational Alias,0.92,true
ALIAS-000979,PERSON-000823,vik_791,Business Name,0.63,true
ALIAS-000980,PERSON-001257,Rao Online,Known As,0.89,true
ALIAS-000981,PERSON-001080,kab_666,Operational Alias,0.63,true
ALIAS-000982,PERSON-001996,ish_486,Online Handle,0.85,true
ALIAS-000983,PERSON-002890,shadow23,Known As,0.75,true
ALIAS-000984,PERSON-002572,raven14,Online Handle,0.92,true
ALIAS-000985,PERSON-002944,riya12,Operational Alias,0.68,true
ALIAS-000986,PERSON-000067,pri_105,Online Handle,0.96,true
ALIAS-000987,PERSON-000979,vih_904,Online Handle,0.78,true
ALIAS-000988,PERSON-001729,rahul20,Online Handle,0.72,true
ALIAS-000989,PERSON-001886,shadow10,Operational Alias,0.66,true
ALIAS-000990,PERSON-001301,aarav51,Online Handle,0.71,true
ALIAS-000991,PERSON-000578,Verma Online,Nickname,0.96,true
ALIAS-000992,PERSON-000239,ira_956,Nickname,0.7,true
ALIAS-000993,PERSON-000290,raj_349,Nickname,0.69,true
ALIAS-000994,PERSON-000495,Joshi Online,Business Name,0.7,true
ALIAS-000995,PERSON-002921,rohan64,Known As,0.71,true
ALIAS-000996,PERSON-001223,diy_986,Known As,0.64,true
ALIAS-000997,PERSON-001279,north83,Online Handle,0.69,true
ALIAS-000998,PERSON-000548,aarav83,Nickname,0.77,true
ALIAS-000999,PERSON-002366,ira6,Nickname,0.74,true
ALIAS-001000,PERSON-002748,falcon93,Operational Alias,0.75,true
ALIAS-001001,PERSON-002677,Patel Online,Nickname,0.84,true
ALIAS-001002,PERSON-000124,Joshi Online,Nickname,0.86,true
ALIAS-001003,PERSON-002867,rah_159,Business Name,0.93,true
ALIAS-001004,PERSON-001589,shadow43,Nickname,0.87,true
ALIAS-001005,PERSON-000451,priya55,Online Handle,0.66,true
ALIAS-001006,PERSON-002228,Chauhan Online,Nickname,0.69,true
ALIAS-001007,PERSON-002750,orbit71,Known As,0.81,true
ALIAS-001008,PERSON-001820,falcon77,Operational Alias,0.85,true
ALIAS-001009,PERSON-001777,Mehta Online,Operational Alias,0.66,true
ALIAS-001010,PERSON-000662,Khan Online,Online Handle,0.69,true
ALIAS-001011,PERSON-000748,arj_998,Known As,0.68,true
ALIAS-001012,PERSON-000642,Mehta Online,Operational Alias,0.91,true
ALIAS-001013,PERSON-002877,north26,Operational Alias,0.93,true
ALIAS-001014,PERSON-000874,Gupta Online,Known As,0.83,true
ALIAS-001015,PERSON-002973,Kulkarni Online,Operational Alias,0.84,true
ALIAS-001016,PERSON-000086,ais_652,Known As,0.76,true
ALIAS-001017,PERSON-000480,Patel Online,Online Handle,0.7,true
ALIAS-001018,PERSON-000523,shadow91,Nickname,0.96,true
ALIAS-001019,PERSON-000665,raven82,Online Handle,0.72,true
ALIAS-001020,PERSON-001683,Deshmukh Online,Business Name,0.9,true
ALIAS-001021,PERSON-002306,Khan Online,Operational Alias,0.97,true
ALIAS-001022,PERSON-001068,Iyer Online,Operational Alias,0.84,true
ALIAS-001023,PERSON-001476,kavya5,Business Name,0.63,true
ALIAS-001024,PERSON-001079,ais_732,Known As,0.72,true
ALIAS-001025,PERSON-001620,shadow15,Nickname,0.72,true
ALIAS-001026,PERSON-000613,Rao Online,Business Name,0.83,true
ALIAS-001027,PERSON-002675,nee_348,Operational Alias,0.9,true
ALIAS-001028,PERSON-001966,raven41,Business Name,0.89,true
ALIAS-001029,PERSON-002332,kar_692,Nickname,0.64,true
ALIAS-001030,PERSON-001618,nik_455,Nickname,0.94,true
ALIAS-001031,PERSON-000815,vih_877,Operational Alias,0.85,true
ALIAS-001032,PERSON-000659,kav_627,Business Name,0.78,true
ALIAS-001033,PERSON-002881,Mehta Online,Known As,0.84,true
ALIAS-001034,PERSON-000134,rohan35,Operational Alias,0.9,true
ALIAS-001035,PERSON-002733,Iyer Online,Operational Alias,0.96,true
ALIAS-001036,PERSON-001095,orbit99,Known As,0.7,true
ALIAS-001037,PERSON-002127,Pawar Online,Operational Alias,0.83,true
ALIAS-001038,PERSON-001157,north5,Nickname,0.89,true
ALIAS-001039,PERSON-001425,Das Online,Operational Alias,0.85,true
ALIAS-001040,PERSON-000380,Verma Online,Nickname,0.84,true
ALIAS-001041,PERSON-001498,shadow51,Operational Alias,0.8,true
ALIAS-001042,PERSON-000538,Sharma Online,Business Name,0.87,true
ALIAS-001043,PERSON-002632,Das Online,Nickname,0.7,true
ALIAS-001044,PERSON-001394,Chauhan Online,Online Handle,0.95,true
ALIAS-001045,PERSON-000131,karan95,Business Name,0.67,true
ALIAS-001046,PERSON-001750,raven28,Online Handle,0.96,true
ALIAS-001047,PERSON-002718,kavya68,Business Name,0.64,true
ALIAS-001048,PERSON-002983,raven94,Business Name,0.68,true
ALIAS-001049,PERSON-002359,Chauhan Online,Operational Alias,0.78,true
ALIAS-001050,PERSON-000114,falcon48,Nickname,0.71,true
ALIAS-001051,PERSON-000219,nikhil55,Online Handle,0.85,true
ALIAS-001052,PERSON-000240,may_95,Online Handle,0.66,true
ALIAS-001053,PERSON-001008,karan71,Operational Alias,0.98,true
ALIAS-001054,PERSON-002710,nee_235,Business Name,0.94,true
ALIAS-001055,PERSON-001302,man_901,Operational Alias,0.7,true
ALIAS-001056,PERSON-001763,raven89,Known As,0.88,true
ALIAS-001057,PERSON-002810,kab_26,Known As,0.96,true
ALIAS-001058,PERSON-000808,Kulkarni Online,Business Name,0.93,true
ALIAS-001059,PERSON-000326,rahul61,Nickname,0.79,true
ALIAS-001060,PERSON-000404,kar_50,Known As,0.82,true
ALIAS-001061,PERSON-000403,sana90,Online Handle,0.67,true
ALIAS-001062,PERSON-001960,Mehta Online,Business Name,0.81,true
ALIAS-001063,PERSON-001867,aditya77,Nickname,0.64,true
ALIAS-001064,PERSON-001428,kavya99,Operational Alias,0.7,true
ALIAS-001065,PERSON-002896,Nair Online,Nickname,0.94,true
ALIAS-001066,PERSON-000826,shadow78,Operational Alias,0.97,true
ALIAS-001067,PERSON-000932,Joshi Online,Business Name,0.72,true
ALIAS-001068,PERSON-000269,roh_205,Operational Alias,0.91,true
ALIAS-001069,PERSON-002326,Nair Online,Online Handle,0.69,true
ALIAS-001070,PERSON-002961,Joshi Online,Nickname,0.98,true
ALIAS-001071,PERSON-001932,Patel Online,Known As,0.65,true
ALIAS-001072,PERSON-001532,orbit53,Operational Alias,0.93,true
ALIAS-001073,PERSON-002615,meera64,Business Name,0.73,true
ALIAS-001074,PERSON-000304,rah_912,Business Name,0.96,true
ALIAS-001075,PERSON-002708,may_250,Nickname,0.67,true
ALIAS-001076,PERSON-001846,rahul37,Operational Alias,0.74,true
ALIAS-001077,PERSON-000673,Pawar Online,Operational Alias,0.7,true
ALIAS-001078,PERSON-002054,raven16,Known As,0.97,true
ALIAS-001079,PERSON-000692,aar_450,Business Name,0.74,true
ALIAS-001080,PERSON-002909,aditya86,Business Name,0.93,true
ALIAS-001081,PERSON-000495,pri_622,Operational Alias,0.85,true
ALIAS-001082,PERSON-000971,san_150,Known As,0.66,true
ALIAS-001083,PERSON-002737,aditya22,Business Name,0.97,true
ALIAS-001084,PERSON-000658,rohan31,Online Handle,0.79,true
ALIAS-001085,PERSON-001424,Chauhan Online,Operational Alias,0.81,true
ALIAS-001086,PERSON-002364,raven20,Business Name,0.85,true
ALIAS-001087,PERSON-002557,Malik Online,Known As,0.84,true
ALIAS-001088,PERSON-000835,nikhil31,Operational Alias,0.73,true
ALIAS-001089,PERSON-002225,ish_497,Known As,0.67,true
ALIAS-001090,PERSON-001808,vikram78,Nickname,0.85,true
ALIAS-001091,PERSON-001519,falcon88,Known As,0.76,true
ALIAS-001092,PERSON-000562,Verma Online,Nickname,0.73,true
ALIAS-001093,PERSON-001909,Kulkarni Online,Operational Alias,0.8,true
ALIAS-001094,PERSON-002400,raven11,Nickname,0.73,true
ALIAS-001095,PERSON-002608,rohan86,Nickname,0.81,true
ALIAS-001096,PERSON-000413,kar_661,Operational Alias,0.83,true
ALIAS-001097,PERSON-000388,Joshi Online,Known As,0.67,true
ALIAS-001098,PERSON-000073,sana66,Nickname,0.86,true
ALIAS-001099,PERSON-000050,Deshmukh Online,Operational Alias,0.67,true
ALIAS-001100,PERSON-001192,kavya3,Known As,0.81,true
ALIAS-001101,PERSON-000762,orbit25,Known As,0.84,true
ALIAS-001102,PERSON-002555,meera66,Operational Alias,0.88,true
ALIAS-001103,PERSON-000958,raven78,Business Name,0.83,true
ALIAS-001104,PERSON-002339,raven57,Business Name,0.84,true
ALIAS-001105,PERSON-001047,sim_548,Operational Alias,0.91,true
ALIAS-001106,PERSON-000467,aditya56,Business Name,0.93,true
ALIAS-001107,PERSON-002445,sim_987,Online Handle,0.65,true
ALIAS-001108,PERSON-001457,simran22,Known As,0.82,true
ALIAS-001109,PERSON-000708,Nair Online,Business Name,0.89,true
ALIAS-001110,PERSON-002695,kar_691,Known As,0.89,true
ALIAS-001111,PERSON-002776,Sharma Online,Nickname,0.62,true
ALIAS-001112,PERSON-002530,shadow38,Known As,0.82,true
ALIAS-001113,PERSON-000895,raven6,Business Name,0.94,true
ALIAS-001114,PERSON-000365,pri_707,Business Name,0.95,true
ALIAS-001115,PERSON-002535,Singh Online,Operational Alias,0.69,true
ALIAS-001116,PERSON-000704,orbit45,Nickname,0.8,true
ALIAS-001117,PERSON-000280,Iyer Online,Business Name,0.85,true
ALIAS-001118,PERSON-001485,anaya56,Online Handle,0.91,true
ALIAS-001119,PERSON-000739,Singh Online,Online Handle,0.69,true
ALIAS-001120,PERSON-001854,aisha20,Nickname,0.97,true
ALIAS-001121,PERSON-000163,maya67,Nickname,0.87,true
ALIAS-001122,PERSON-002938,neel32,Online Handle,0.66,true
ALIAS-001123,PERSON-001645,Kulkarni Online,Operational Alias,0.77,true
ALIAS-001124,PERSON-002063,mee_944,Operational Alias,0.82,true
ALIAS-001125,PERSON-001653,sana69,Online Handle,0.97,true
ALIAS-001126,PERSON-001612,Verma Online,Operational Alias,0.73,true
ALIAS-001127,PERSON-002709,roh_680,Operational Alias,0.92,true
ALIAS-001128,PERSON-001962,ais_736,Operational Alias,0.7,true
ALIAS-001129,PERSON-000323,kab_972,Nickname,0.96,true
ALIAS-001130,PERSON-000515,north97,Business Name,0.82,true
ALIAS-001131,PERSON-001880,kab_859,Operational Alias,0.69,true
ALIAS-001132,PERSON-000343,nee_697,Online Handle,0.73,true
ALIAS-001133,PERSON-002807,Yadav Online,Nickname,0.92,true
ALIAS-001134,PERSON-002866,Gupta Online,Online Handle,0.77,true
ALIAS-001135,PERSON-002442,shadow81,Nickname,0.87,true
ALIAS-001136,PERSON-000637,maya85,Operational Alias,0.7,true
ALIAS-001137,PERSON-002992,raven76,Operational Alias,0.74,true
ALIAS-001138,PERSON-002877,Sharma Online,Online Handle,0.82,true
ALIAS-001139,PERSON-002073,Pawar Online,Business Name,0.67,true
ALIAS-001140,PERSON-001195,meera76,Operational Alias,0.95,true
ALIAS-001141,PERSON-002581,Rao Online,Nickname,0.68,true
ALIAS-001142,PERSON-002833,kab_633,Operational Alias,0.87,true
ALIAS-001143,PERSON-001709,north35,Known As,0.91,true
ALIAS-001144,PERSON-000057,Gupta Online,Business Name,0.85,true
ALIAS-001145,PERSON-001994,diya26,Known As,0.95,true
ALIAS-001146,PERSON-001323,Kulkarni Online,Nickname,0.73,true
ALIAS-001147,PERSON-001736,riya68,Nickname,0.82,true
ALIAS-001148,PERSON-000381,Kulkarni Online,Online Handle,0.67,true
ALIAS-001149,PERSON-000592,falcon60,Operational Alias,0.64,true
ALIAS-001150,PERSON-001399,may_900,Online Handle,0.97,true
ALIAS-001151,PERSON-002298,raven74,Known As,0.98,true
ALIAS-001152,PERSON-001198,Patel Online,Business Name,0.96,true
ALIAS-001153,PERSON-002959,Iyer Online,Nickname,0.78,true
ALIAS-001154,PERSON-000775,Pawar Online,Nickname,0.66,true
ALIAS-001155,PERSON-002153,rohan18,Online Handle,0.67,true
ALIAS-001156,PERSON-002571,raven15,Known As,0.74,true
ALIAS-001157,PERSON-002248,Mehta Online,Business Name,0.94,true
ALIAS-001158,PERSON-001153,orbit25,Operational Alias,0.96,true
ALIAS-001159,PERSON-001337,Kulkarni Online,Nickname,0.67,true
ALIAS-001160,PERSON-001276,orbit90,Operational Alias,0.91,true
ALIAS-001161,PERSON-000387,may_780,Business Name,0.95,true
ALIAS-001162,PERSON-000164,orbit55,Nickname,0.64,true
ALIAS-001163,PERSON-001941,priya71,Nickname,0.88,true
ALIAS-001164,PERSON-001623,rahul75,Online Handle,0.7,true
ALIAS-001165,PERSON-000521,raj44,Nickname,0.97,true
ALIAS-001166,PERSON-002792,meera17,Nickname,0.91,true
ALIAS-001167,PERSON-000641,Verma Online,Operational Alias,0.91,true
ALIAS-001168,PERSON-000522,maya96,Operational Alias,0.93,true
ALIAS-001169,PERSON-001296,nee_417,Operational Alias,0.79,true
ALIAS-001170,PERSON-002119,raven14,Operational Alias,0.97,true
ALIAS-001171,PERSON-002879,shadow16,Operational Alias,0.75,true
ALIAS-001172,PERSON-002892,raven93,Known As,0.91,true
ALIAS-001173,PERSON-001442,kav_217,Business Name,0.91,true
ALIAS-001174,PERSON-002935,neel12,Business Name,0.83,true
ALIAS-001175,PERSON-001994,diya57,Online Handle,0.96,true
ALIAS-001176,PERSON-000165,raven68,Operational Alias,0.65,true
ALIAS-001177,PERSON-002363,Mehta Online,Online Handle,0.83,true
ALIAS-001178,PERSON-000056,Chauhan Online,Business Name,0.8,true
ALIAS-001179,PERSON-001850,orbit93,Business Name,0.68,true
ALIAS-001180,PERSON-000522,maya97,Online Handle,0.95,true
ALIAS-001181,PERSON-002239,priya34,Business Name,0.66,true
ALIAS-001182,PERSON-002935,Kulkarni Online,Known As,0.91,true
ALIAS-001183,PERSON-001609,tara80,Nickname,0.85,true
ALIAS-001184,PERSON-000184,shadow89,Nickname,0.65,true
ALIAS-001185,PERSON-001225,north55,Known As,0.63,true
ALIAS-001186,PERSON-002045,san_650,Online Handle,0.77,true
ALIAS-001187,PERSON-001336,raj10,Online Handle,0.89,true
ALIAS-001188,PERSON-002418,aditya68,Online Handle,0.77,true
ALIAS-001189,PERSON-001887,vikram88,Nickname,0.79,true
ALIAS-001190,PERSON-002432,Khan Online,Known As,0.77,true
ALIAS-001191,PERSON-001242,falcon30,Known As,0.98,true
ALIAS-001192,PERSON-001898,Khan Online,Known As,0.85,true
ALIAS-001193,PERSON-001779,rohan95,Nickname,0.72,true
ALIAS-001194,PERSON-002558,shadow33,Business Name,0.65,true
ALIAS-001195,PERSON-001072,ish_753,Online Handle,0.84,true
ALIAS-001196,PERSON-000517,aditya20,Operational Alias,0.82,true
ALIAS-001197,PERSON-000890,ira_240,Online Handle,0.88,true
ALIAS-001198,PERSON-001057,Nair Online,Online Handle,0.9,true
ALIAS-001199,PERSON-002850,Gupta Online,Online Handle,0.69,true
ALIAS-001200,PERSON-001729,rahul70,Operational Alias,0.62,true
ALIAS-001201,PERSON-000742,ana_385,Business Name,0.77,true
ALIAS-001202,PERSON-002929,orbit59,Business Name,0.63,true
ALIAS-001203,PERSON-000157,orbit81,Operational Alias,0.65,true
ALIAS-001204,PERSON-002578,manav65,Operational Alias,0.81,true
ALIAS-001205,PERSON-000258,Rao Online,Online Handle,0.91,true
ALIAS-001206,PERSON-001268,falcon65,Known As,0.89,true
ALIAS-001207,PERSON-002902,aisha11,Operational Alias,0.74,true
ALIAS-001208,PERSON-000603,arj_551,Operational Alias,0.97,true
ALIAS-001209,PERSON-001606,Gupta Online,Business Name,0.64,true
ALIAS-001210,PERSON-002216,north50,Nickname,0.78,true
ALIAS-001211,PERSON-000636,vik_259,Known As,0.94,true
ALIAS-001212,PERSON-000832,falcon70,Operational Alias,0.93,true
ALIAS-001213,PERSON-000559,aditya94,Operational Alias,0.67,true
ALIAS-001214,PERSON-001323,kar_732,Online Handle,0.8,true
ALIAS-001215,PERSON-000154,north35,Nickname,0.84,true
ALIAS-001216,PERSON-002083,Nair Online,Online Handle,0.85,true
ALIAS-001217,PERSON-002830,tar_754,Known As,0.93,true
ALIAS-001218,PERSON-001581,roh_460,Known As,0.79,true
ALIAS-001219,PERSON-001839,aditya77,Online Handle,0.82,true
ALIAS-001220,PERSON-002554,falcon58,Online Handle,0.71,true
ALIAS-001221,PERSON-002393,nee_643,Operational Alias,0.97,true
ALIAS-001222,PERSON-002101,kav_640,Nickname,0.79,true
ALIAS-001223,PERSON-000221,Gupta Online,Operational Alias,0.92,true
ALIAS-001224,PERSON-002059,Kulkarni Online,Nickname,0.71,true
ALIAS-001225,PERSON-001603,maya70,Nickname,0.66,true
ALIAS-001226,PERSON-000195,vihaan57,Operational Alias,0.85,true
ALIAS-001227,PERSON-000904,rah_543,Business Name,0.89,true
ALIAS-001228,PERSON-000732,Sharma Online,Operational Alias,0.64,true
ALIAS-001229,PERSON-000715,aarav17,Operational Alias,0.94,true
ALIAS-001230,PERSON-000660,shadow38,Operational Alias,0.64,true
ALIAS-001231,PERSON-002016,Deshmukh Online,Online Handle,0.88,true
ALIAS-001232,PERSON-002441,meera17,Known As,0.81,true
ALIAS-001233,PERSON-002926,roh_494,Online Handle,0.91,true
ALIAS-001234,PERSON-001076,shadow9,Known As,0.76,true
ALIAS-001235,PERSON-002532,ais_216,Nickname,0.94,true
ALIAS-001236,PERSON-000504,vihaan5,Online Handle,0.71,true
ALIAS-001237,PERSON-000850,manav85,Nickname,0.73,true
ALIAS-001238,PERSON-001680,ais_855,Nickname,0.77,true
ALIAS-001239,PERSON-001657,ana_755,Online Handle,0.68,true
ALIAS-001240,PERSON-002066,may_807,Operational Alias,0.65,true
ALIAS-001241,PERSON-000485,north47,Business Name,0.72,true
ALIAS-001242,PERSON-001316,nik_775,Operational Alias,0.66,true
ALIAS-001243,PERSON-002160,falcon36,Business Name,0.79,true
ALIAS-001244,PERSON-001218,kab_366,Known As,0.9,true
ALIAS-001245,PERSON-002884,may_932,Nickname,0.62,true
ALIAS-001246,PERSON-000009,shadow12,Online Handle,0.94,true
ALIAS-001247,PERSON-000835,Khan Online,Nickname,0.73,true
ALIAS-001248,PERSON-000292,shadow79,Nickname,0.8,true
ALIAS-001249,PERSON-002062,shadow58,Operational Alias,0.84,true
ALIAS-001250,PERSON-001029,man_68,Business Name,0.93,true
ALIAS-001251,PERSON-002144,arj_470,Online Handle,0.68,true
ALIAS-001252,PERSON-001599,Gupta Online,Known As,0.85,true
ALIAS-001253,PERSON-000130,Patel Online,Known As,0.73,true
ALIAS-001254,PERSON-000738,vihaan73,Operational Alias,0.79,true
ALIAS-001255,PERSON-001076,Joshi Online,Online Handle,0.86,true
ALIAS-001256,PERSON-001108,nee_223,Nickname,0.89,true
ALIAS-001257,PERSON-000632,Das Online,Online Handle,0.95,true
ALIAS-001258,PERSON-001026,vihaan15,Nickname,0.83,true
ALIAS-001259,PERSON-000543,falcon28,Nickname,0.65,true
ALIAS-001260,PERSON-002509,north41,Nickname,0.71,true
ALIAS-001261,PERSON-001304,meera67,Business Name,0.97,true
ALIAS-001262,PERSON-002302,raven70,Nickname,0.64,true
ALIAS-001263,PERSON-001725,north93,Online Handle,0.69,true
ALIAS-001264,PERSON-000890,ira1,Nickname,0.75,true
ALIAS-001265,PERSON-002433,north4,Online Handle,0.69,true
ALIAS-001266,PERSON-001156,falcon35,Nickname,0.85,true
ALIAS-001267,PERSON-002830,raven6,Business Name,0.92,true
ALIAS-001268,PERSON-002148,aisha43,Business Name,0.7,true
ALIAS-001269,PERSON-001419,manav1,Known As,0.66,true
ALIAS-001270,PERSON-000227,orbit92,Operational Alias,0.69,true
ALIAS-001271,PERSON-001259,adi_883,Nickname,0.64,true
ALIAS-001272,PERSON-001751,Yadav Online,Known As,0.62,true
ALIAS-001273,PERSON-001472,karan2,Business Name,0.83,true
ALIAS-001274,PERSON-001319,north45,Online Handle,0.63,true
ALIAS-001275,PERSON-001578,orbit97,Online Handle,0.74,true
ALIAS-001276,PERSON-002061,Iyer Online,Business Name,0.97,true
ALIAS-001277,PERSON-001053,raven12,Nickname,0.62,true
ALIAS-001278,PERSON-002064,ishaan6,Online Handle,0.83,true
ALIAS-001279,PERSON-001569,ira_625,Online Handle,0.8,true
ALIAS-001280,PERSON-000582,north95,Operational Alias,0.67,true
ALIAS-001281,PERSON-000060,may_288,Online Handle,0.79,true
ALIAS-001282,PERSON-001843,raven35,Nickname,0.74,true
ALIAS-001283,PERSON-002444,falcon61,Known As,0.76,true
ALIAS-001284,PERSON-001611,ish_435,Online Handle,0.66,true
ALIAS-001285,PERSON-002626,north97,Nickname,0.7,true
ALIAS-001286,PERSON-001877,Das Online,Operational Alias,0.76,true
ALIAS-001287,PERSON-002810,Yadav Online,Business Name,0.93,true
ALIAS-001288,PERSON-000680,raven88,Online Handle,0.67,true
ALIAS-001289,PERSON-002823,rohan37,Business Name,0.73,true
ALIAS-001290,PERSON-000463,kavya40,Operational Alias,0.75,true
ALIAS-001291,PERSON-000910,aisha47,Online Handle,0.74,true
ALIAS-001292,PERSON-000769,Gupta Online,Business Name,0.64,true
ALIAS-001293,PERSON-000344,raven52,Business Name,0.69,true
ALIAS-001294,PERSON-000202,arj_145,Business Name,0.88,true
ALIAS-001295,PERSON-000605,aisha49,Operational Alias,0.71,true
ALIAS-001296,PERSON-000913,raven63,Known As,0.72,true
ALIAS-001297,PERSON-001990,raven72,Business Name,0.72,true
ALIAS-001298,PERSON-001687,shadow10,Business Name,0.86,true
ALIAS-001299,PERSON-002361,maya66,Online Handle,0.81,true
ALIAS-001300,PERSON-000450,nee_731,Business Name,0.72,true
ALIAS-001301,PERSON-002118,Khan Online,Known As,0.71,true
ALIAS-001302,PERSON-000545,north68,Business Name,0.67,true
ALIAS-001303,PERSON-000360,nee_17,Online Handle,0.69,true
ALIAS-001304,PERSON-000416,karan95,Known As,0.77,true
ALIAS-001305,PERSON-000852,shadow67,Online Handle,0.96,true
ALIAS-001306,PERSON-001246,riya82,Online Handle,0.97,true
ALIAS-001307,PERSON-000794,kab_729,Nickname,0.89,true
ALIAS-001308,PERSON-002813,kav_230,Business Name,0.66,true
ALIAS-001309,PERSON-001257,ish_944,Known As,0.63,true
ALIAS-001310,PERSON-001195,mee_608,Online Handle,0.72,true
ALIAS-001311,PERSON-001220,Nair Online,Nickname,0.92,true
ALIAS-001312,PERSON-000895,Mehta Online,Nickname,0.87,true
ALIAS-001313,PERSON-001429,Deshmukh Online,Operational Alias,0.83,true
ALIAS-001314,PERSON-000638,maya89,Business Name,0.77,true
ALIAS-001315,PERSON-001722,nikhil95,Known As,0.79,true
ALIAS-001316,PERSON-000102,Chauhan Online,Operational Alias,0.84,true
ALIAS-001317,PERSON-001325,Gupta Online,Business Name,0.85,true
ALIAS-001318,PERSON-001145,ishaan82,Operational Alias,0.93,true
ALIAS-001319,PERSON-001029,falcon4,Business Name,0.74,true
ALIAS-001320,PERSON-000126,neel12,Online Handle,0.9,true
ALIAS-001321,PERSON-002082,nee_502,Nickname,0.82,true
ALIAS-001322,PERSON-001076,aisha80,Business Name,0.82,true
ALIAS-001323,PERSON-000734,falcon18,Nickname,0.74,true
ALIAS-001324,PERSON-000904,raven52,Known As,0.64,true
ALIAS-001325,PERSON-000278,kavya52,Online Handle,0.78,true
ALIAS-001326,PERSON-000001,nikhil59,Business Name,0.68,true
ALIAS-001327,PERSON-001058,raven9,Operational Alias,0.73,true
ALIAS-001328,PERSON-000806,rah_851,Known As,0.98,true
ALIAS-001329,PERSON-002386,north44,Operational Alias,0.74,true
ALIAS-001330,PERSON-002996,orbit4,Business Name,0.84,true
ALIAS-001331,PERSON-002621,Joshi Online,Business Name,0.85,true
ALIAS-001332,PERSON-001239,raven43,Operational Alias,0.92,true
ALIAS-001333,PERSON-001266,raven20,Nickname,0.97,true
ALIAS-001334,PERSON-001214,kab_83,Operational Alias,0.93,true
ALIAS-001335,PERSON-000848,diy_521,Known As,0.67,true
ALIAS-001336,PERSON-000962,Iyer Online,Nickname,0.89,true
ALIAS-001337,PERSON-001338,Joshi Online,Known As,0.75,true
ALIAS-001338,PERSON-001416,maya94,Business Name,0.9,true
ALIAS-001339,PERSON-002532,falcon24,Operational Alias,0.63,true
ALIAS-001340,PERSON-000294,karan23,Online Handle,0.91,true
ALIAS-001341,PERSON-002463,karan93,Business Name,0.68,true
ALIAS-001342,PERSON-000327,rah_529,Online Handle,0.83,true
ALIAS-001343,PERSON-002405,Sharma Online,Business Name,0.8,true
ALIAS-001344,PERSON-001996,shadow81,Known As,0.95,true
ALIAS-001345,PERSON-001130,Malik Online,Operational Alias,0.81,true
ALIAS-001346,PERSON-002516,falcon47,Online Handle,0.71,true
ALIAS-001347,PERSON-002772,kav_624,Nickname,0.88,true
ALIAS-001348,PERSON-000476,priya20,Business Name,0.71,true
ALIAS-001349,PERSON-002725,raj19,Online Handle,0.68,true
ALIAS-001350,PERSON-001395,riya49,Online Handle,0.7,true
ALIAS-001351,PERSON-002858,maya52,Business Name,0.9,true
ALIAS-001352,PERSON-000150,raj_151,Operational Alias,0.84,true
ALIAS-001353,PERSON-001673,Malik Online,Nickname,0.77,true
ALIAS-001354,PERSON-001097,nee_908,Nickname,0.77,true
ALIAS-001355,PERSON-000249,riy_374,Online Handle,0.68,true
ALIAS-001356,PERSON-000982,rah_270,Online Handle,0.8,true
ALIAS-001357,PERSON-001142,raven16,Business Name,0.97,true
ALIAS-001358,PERSON-001086,nee_693,Nickname,0.75,true
ALIAS-001359,PERSON-002943,man_895,Operational Alias,0.94,true
ALIAS-001360,PERSON-002137,diya82,Nickname,0.96,true
ALIAS-001361,PERSON-002406,ira_423,Nickname,0.9,true
ALIAS-001362,PERSON-001520,adi_538,Nickname,0.73,true
ALIAS-001363,PERSON-002456,ais_644,Online Handle,0.68,true
ALIAS-001364,PERSON-002041,aar_179,Operational Alias,0.77,true
ALIAS-001365,PERSON-001847,anaya38,Nickname,0.76,true
ALIAS-001366,PERSON-001170,Joshi Online,Operational Alias,0.89,true
ALIAS-001367,PERSON-001906,Chauhan Online,Nickname,0.97,true
ALIAS-001368,PERSON-000411,falcon67,Online Handle,0.93,true
ALIAS-001369,PERSON-001071,Verma Online,Operational Alias,0.91,true
ALIAS-001370,PERSON-002867,north44,Nickname,0.67,true
ALIAS-001371,PERSON-002372,Nair Online,Operational Alias,0.77,true
ALIAS-001372,PERSON-002865,falcon69,Business Name,0.88,true
ALIAS-001373,PERSON-002819,maya1,Known As,0.77,true
ALIAS-001374,PERSON-000677,Mehta Online,Business Name,0.77,true
ALIAS-001375,PERSON-002409,Gupta Online,Operational Alias,0.74,true
ALIAS-001376,PERSON-000351,diya72,Nickname,0.68,true
ALIAS-001377,PERSON-001699,karan78,Known As,0.83,true
ALIAS-001378,PERSON-002409,arjun80,Business Name,0.78,true
ALIAS-001379,PERSON-001924,vih_307,Nickname,0.87,true
ALIAS-001380,PERSON-002572,Patel Online,Business Name,0.63,true
ALIAS-001381,PERSON-000583,Das Online,Nickname,0.97,true
ALIAS-001382,PERSON-002979,raven68,Online Handle,0.76,true
ALIAS-001383,PERSON-002608,roh_466,Business Name,0.87,true
ALIAS-001384,PERSON-000040,priya30,Nickname,0.66,true
ALIAS-001385,PERSON-002033,diy_867,Nickname,0.74,true
ALIAS-001386,PERSON-000166,orbit29,Nickname,0.69,true
ALIAS-001387,PERSON-000532,diy_752,Nickname,0.72,true
ALIAS-001388,PERSON-000366,vik_24,Known As,0.67,true
ALIAS-001389,PERSON-000230,rohan79,Operational Alias,0.89,true
ALIAS-001390,PERSON-001831,north58,Nickname,0.72,true
ALIAS-001391,PERSON-000205,Chauhan Online,Known As,0.66,true
ALIAS-001392,PERSON-001430,falcon88,Business Name,0.94,true
ALIAS-001393,PERSON-000006,nik_941,Known As,0.69,true
ALIAS-001394,PERSON-000486,nikhil79,Operational Alias,0.81,true
ALIAS-001395,PERSON-000509,riya52,Operational Alias,0.62,true
ALIAS-001396,PERSON-000963,Malik Online,Business Name,0.96,true
ALIAS-001397,PERSON-000130,orbit12,Online Handle,0.72,true
ALIAS-001398,PERSON-000132,Kulkarni Online,Online Handle,0.7,true
ALIAS-001399,PERSON-001485,ana_747,Known As,0.63,true
ALIAS-001400,PERSON-001983,north35,Nickname,0.74,true
ALIAS-001401,PERSON-000887,Malik Online,Business Name,0.66,true
ALIAS-001402,PERSON-000940,raj59,Online Handle,0.63,true
ALIAS-001403,PERSON-001280,Verma Online,Nickname,0.84,true
ALIAS-001404,PERSON-001444,shadow54,Nickname,0.93,true
ALIAS-001405,PERSON-001920,ish_57,Operational Alias,0.74,true
ALIAS-001406,PERSON-001017,orbit19,Online Handle,0.72,true
ALIAS-001407,PERSON-001548,orbit79,Online Handle,0.92,true
ALIAS-001408,PERSON-001619,shadow36,Operational Alias,0.87,true
ALIAS-001409,PERSON-001723,vikram79,Nickname,0.89,true
ALIAS-001410,PERSON-000546,meera55,Nickname,0.76,true
ALIAS-001411,PERSON-000371,Yadav Online,Known As,0.75,true
ALIAS-001412,PERSON-002755,kavya9,Nickname,0.96,true
ALIAS-001413,PERSON-001430,rohan41,Business Name,0.82,true
ALIAS-001414,PERSON-002380,sim_895,Online Handle,0.88,true
ALIAS-001415,PERSON-000277,rah_449,Business Name,0.85,true
ALIAS-001416,PERSON-000350,north42,Known As,0.86,true
ALIAS-001417,PERSON-002921,rohan34,Operational Alias,0.71,true
ALIAS-001418,PERSON-001819,aisha85,Nickname,0.71,true
ALIAS-001419,PERSON-000129,shadow49,Business Name,0.73,true
ALIAS-001420,PERSON-000669,vik_409,Known As,0.83,true
ALIAS-001421,PERSON-000678,shadow99,Online Handle,0.8,true
ALIAS-001422,PERSON-000108,Gupta Online,Operational Alias,0.82,true
ALIAS-001423,PERSON-002997,kavya26,Operational Alias,0.79,true
ALIAS-001424,PERSON-000252,shadow93,Online Handle,0.76,true
ALIAS-001425,PERSON-002727,diya34,Operational Alias,0.64,true
ALIAS-001426,PERSON-002635,Verma Online,Known As,0.96,true
ALIAS-001427,PERSON-002769,shadow1,Nickname,0.75,true
ALIAS-001428,PERSON-002921,rohan40,Online Handle,0.96,true
ALIAS-001429,PERSON-001029,manav45,Known As,0.68,true
ALIAS-001430,PERSON-002049,tara42,Operational Alias,0.88,true
ALIAS-001431,PERSON-002176,rahul16,Business Name,0.79,true
ALIAS-001432,PERSON-000492,san_740,Business Name,0.91,true
ALIAS-001433,PERSON-000923,rahul50,Known As,0.72,true
ALIAS-001434,PERSON-001080,kabir13,Business Name,0.85,true
ALIAS-001435,PERSON-000683,vih_651,Online Handle,0.84,true
ALIAS-001436,PERSON-000811,Gupta Online,Business Name,0.84,true
ALIAS-001437,PERSON-002161,kar_982,Operational Alias,0.67,true
ALIAS-001438,PERSON-001077,Chauhan Online,Operational Alias,0.92,true
ALIAS-001439,PERSON-002815,sim_573,Known As,0.72,true
ALIAS-001440,PERSON-000866,Joshi Online,Nickname,0.82,true
ALIAS-001441,PERSON-001330,orbit16,Operational Alias,0.82,true
ALIAS-001442,PERSON-002815,orbit12,Business Name,0.71,true
ALIAS-001443,PERSON-000955,orbit37,Business Name,0.8,true
ALIAS-001444,PERSON-001913,raj36,Operational Alias,0.73,true
ALIAS-001445,PERSON-001722,nik_426,Operational Alias,0.72,true
ALIAS-001446,PERSON-000973,mee_684,Operational Alias,0.93,true
ALIAS-001447,PERSON-000307,ais_294,Online Handle,0.87,true
ALIAS-001448,PERSON-002245,kavya89,Nickname,0.92,true
ALIAS-001449,PERSON-002605,vikram62,Online Handle,0.94,true
ALIAS-001450,PERSON-000524,north88,Business Name,0.73,true
ALIAS-001451,PERSON-001369,Khan Online,Online Handle,0.73,true
ALIAS-001452,PERSON-002225,ishaan59,Online Handle,0.7,true
ALIAS-001453,PERSON-001343,falcon43,Nickname,0.76,true
ALIAS-001454,PERSON-002116,tar_539,Known As,0.67,true
ALIAS-001455,PERSON-002323,north66,Nickname,0.8,true
ALIAS-001456,PERSON-002136,orbit79,Operational Alias,0.63,true
ALIAS-001457,PERSON-001432,falcon83,Known As,0.8,true
ALIAS-001458,PERSON-002031,north38,Known As,0.87,true
ALIAS-001459,PERSON-002794,falcon1,Nickname,0.79,true
ALIAS-001460,PERSON-002162,north77,Operational Alias,0.97,true
ALIAS-001461,PERSON-001992,orbit11,Known As,0.63,true
ALIAS-001462,PERSON-000278,kavya56,Nickname,0.73,true
ALIAS-001463,PERSON-001815,Singh Online,Business Name,0.68,true
ALIAS-001464,PERSON-002530,Deshmukh Online,Operational Alias,0.63,true
ALIAS-001465,PERSON-001742,orbit36,Known As,0.69,true
ALIAS-001466,PERSON-002030,san_223,Operational Alias,0.79,true
ALIAS-001467,PERSON-002710,shadow56,Operational Alias,0.89,true
ALIAS-001468,PERSON-001841,Mehta Online,Nickname,0.62,true
ALIAS-001469,PERSON-000953,raven79,Known As,0.91,true
ALIAS-001470,PERSON-000449,anaya30,Operational Alias,0.81,true
ALIAS-001471,PERSON-000510,riy_862,Online Handle,0.88,true
ALIAS-001472,PERSON-002184,Malik Online,Online Handle,0.8,true
ALIAS-001473,PERSON-002651,karan6,Online Handle,0.88,true
ALIAS-001474,PERSON-001551,Sharma Online,Operational Alias,0.74,true
ALIAS-001475,PERSON-000720,Patel Online,Known As,0.68,true
ALIAS-001476,PERSON-001279,Gupta Online,Online Handle,0.69,true
ALIAS-001477,PERSON-002245,Khan Online,Nickname,0.62,true
ALIAS-001478,PERSON-001565,diya68,Online Handle,0.85,true
ALIAS-001479,PERSON-002488,shadow54,Nickname,0.82,true
ALIAS-001480,PERSON-000935,falcon36,Known As,0.63,true
ALIAS-001481,PERSON-002379,Kulkarni Online,Business Name,0.62,true
ALIAS-001482,PERSON-001499,Nair Online,Operational Alias,0.83,true
ALIAS-001483,PERSON-002846,ishaan51,Known As,0.72,true
ALIAS-001484,PERSON-000096,nik_897,Business Name,0.88,true
ALIAS-001485,PERSON-000734,shadow92,Online Handle,0.62,true
ALIAS-001486,PERSON-000297,Gupta Online,Business Name,0.72,true
ALIAS-001487,PERSON-001560,Das Online,Business Name,0.72,true
ALIAS-001488,PERSON-002942,orbit6,Online Handle,0.8,true
ALIAS-001489,PERSON-000551,priya25,Known As,0.74,true
ALIAS-001490,PERSON-002246,meera4,Operational Alias,0.72,true
ALIAS-001491,PERSON-001979,priya40,Known As,0.81,true
ALIAS-001492,PERSON-001887,vik_289,Online Handle,0.78,true
ALIAS-001493,PERSON-000100,Nair Online,Business Name,0.76,true
ALIAS-001494,PERSON-000589,ais_827,Known As,0.63,true
ALIAS-001495,PERSON-001385,orbit9,Online Handle,0.93,true
ALIAS-001496,PERSON-000338,sim_362,Known As,0.78,true
ALIAS-001497,PERSON-001786,vih_705,Online Handle,0.86,true
ALIAS-001498,PERSON-001608,neel3,Online Handle,0.8,true
ALIAS-001499,PERSON-000699,Nair Online,Nickname,0.91,true
ALIAS-001500,PERSON-001483,shadow78,Operational Alias,0.75,true
ALIAS-001501,PERSON-001364,adi_633,Nickname,0.64,true
ALIAS-001502,PERSON-001690,Kulkarni Online,Known As,0.83,true
ALIAS-001503,PERSON-002073,ana_550,Operational Alias,0.74,true
ALIAS-001504,PERSON-002308,aisha5,Operational Alias,0.69,true
ALIAS-001505,PERSON-000024,may_791,Operational Alias,0.95,true
ALIAS-001506,PERSON-001009,falcon50,Business Name,0.95,true
ALIAS-001507,PERSON-002371,Khan Online,Known As,0.65,true
ALIAS-001508,PERSON-001094,roh_761,Operational Alias,0.85,true
ALIAS-001509,PERSON-000319,vihaan90,Business Name,0.65,true
ALIAS-001510,PERSON-002040,Deshmukh Online,Nickname,0.95,true
ALIAS-001511,PERSON-001224,manav52,Operational Alias,0.78,true
ALIAS-001512,PERSON-002302,north71,Operational Alias,0.88,true
ALIAS-001513,PERSON-002909,aditya31,Business Name,0.7,true
ALIAS-001514,PERSON-000212,ira_96,Operational Alias,0.82,true
ALIAS-001515,PERSON-001321,kabir55,Nickname,0.77,true
ALIAS-001516,PERSON-001433,shadow49,Business Name,0.73,true
ALIAS-001517,PERSON-000697,sim_443,Business Name,0.68,true
ALIAS-001518,PERSON-002742,ira_21,Business Name,0.67,true
ALIAS-001519,PERSON-000848,Sharma Online,Nickname,0.83,true
ALIAS-001520,PERSON-000009,orbit44,Known As,0.79,true
ALIAS-001521,PERSON-001246,Pawar Online,Online Handle,0.7,true
ALIAS-001522,PERSON-001313,may_932,Business Name,0.79,true
ALIAS-001523,PERSON-000813,nikhil75,Business Name,0.95,true
ALIAS-001524,PERSON-002277,Rao Online,Operational Alias,0.91,true
ALIAS-001525,PERSON-002687,Iyer Online,Online Handle,0.77,true
ALIAS-001526,PERSON-000141,north12,Nickname,0.93,true
ALIAS-001527,PERSON-002137,diya99,Business Name,0.66,true
ALIAS-001528,PERSON-000477,vikram64,Online Handle,0.76,true
ALIAS-001529,PERSON-002710,nee_567,Business Name,0.81,true
ALIAS-001530,PERSON-000815,vihaan37,Business Name,0.97,true
ALIAS-001531,PERSON-000489,aisha48,Online Handle,0.79,true
ALIAS-001532,PERSON-000108,sana72,Operational Alias,0.81,true
ALIAS-001533,PERSON-000751,Das Online,Business Name,0.92,true
ALIAS-001534,PERSON-002330,ishaan58,Online Handle,0.98,true
ALIAS-001535,PERSON-002904,kab_195,Operational Alias,0.86,true
ALIAS-001536,PERSON-002218,nikhil51,Known As,0.78,true
ALIAS-001537,PERSON-001321,raven1,Operational Alias,0.94,true
ALIAS-001538,PERSON-000601,Mehta Online,Operational Alias,0.96,true
ALIAS-001539,PERSON-001662,north27,Operational Alias,0.77,true
ALIAS-001540,PERSON-002382,roh_124,Online Handle,0.65,true
ALIAS-001541,PERSON-002898,rohan98,Known As,0.97,true
ALIAS-001542,PERSON-000950,Mehta Online,Business Name,0.7,true
ALIAS-001543,PERSON-002086,north87,Business Name,0.67,true
ALIAS-001544,PERSON-002656,Sharma Online,Business Name,0.89,true
ALIAS-001545,PERSON-002364,raj4,Online Handle,0.89,true
ALIAS-001546,PERSON-001531,mee_14,Online Handle,0.83,true
ALIAS-001547,PERSON-002419,simran86,Nickname,0.84,true
ALIAS-001548,PERSON-002488,kavya80,Operational Alias,0.89,true
ALIAS-001549,PERSON-000598,man_696,Operational Alias,0.68,true
ALIAS-001550,PERSON-001909,raven34,Operational Alias,0.81,true
ALIAS-001551,PERSON-001677,man_737,Online Handle,0.97,true
ALIAS-001552,PERSON-002740,ira_39,Online Handle,0.69,true
ALIAS-001553,PERSON-001024,ais_34,Business Name,0.66,true
ALIAS-001554,PERSON-001460,Patel Online,Nickname,0.83,true
ALIAS-001555,PERSON-001445,maya28,Operational Alias,0.67,true
ALIAS-001556,PERSON-002623,Pawar Online,Known As,0.81,true
ALIAS-001557,PERSON-000516,kav_262,Operational Alias,0.78,true
ALIAS-001558,PERSON-001431,raven28,Known As,0.78,true
ALIAS-001559,PERSON-001775,nik_762,Operational Alias,0.75,true
ALIAS-001560,PERSON-002698,vihaan72,Operational Alias,0.73,true
ALIAS-001561,PERSON-001771,ais_401,Operational Alias,0.72,true
ALIAS-001562,PERSON-000002,riya94,Nickname,0.84,true
ALIAS-001563,PERSON-002115,north56,Business Name,0.68,true
ALIAS-001564,PERSON-001308,pri_574,Online Handle,0.77,true
ALIAS-001565,PERSON-002335,simran82,Business Name,0.89,true
ALIAS-001566,PERSON-002771,shadow3,Known As,0.8,true
ALIAS-001567,PERSON-002126,tar_495,Known As,0.87,true
ALIAS-001568,PERSON-002910,arj_353,Known As,0.9,true
ALIAS-001569,PERSON-002267,Iyer Online,Known As,0.72,true
ALIAS-001570,PERSON-001231,rohan85,Business Name,0.67,true
ALIAS-001571,PERSON-001741,Pawar Online,Operational Alias,0.8,true
ALIAS-001572,PERSON-002451,orbit64,Operational Alias,0.96,true
ALIAS-001573,PERSON-002530,raj_115,Online Handle,0.87,true
ALIAS-001574,PERSON-001171,orbit66,Nickname,0.97,true
ALIAS-001575,PERSON-002972,arj_422,Operational Alias,0.87,true
ALIAS-001576,PERSON-000881,falcon20,Business Name,0.71,true
ALIAS-001577,PERSON-000759,Das Online,Business Name,0.75,true
ALIAS-001578,PERSON-002552,Kulkarni Online,Known As,0.81,true
ALIAS-001579,PERSON-001051,meera16,Business Name,0.85,true
ALIAS-001580,PERSON-002150,ira_43,Online Handle,0.82,true
ALIAS-001581,PERSON-002186,Sharma Online,Business Name,0.98,true
ALIAS-001582,PERSON-001769,diya28,Online Handle,0.63,true
ALIAS-001583,PERSON-002204,kab_575,Operational Alias,0.66,true
ALIAS-001584,PERSON-000866,kabir6,Nickname,0.77,true
ALIAS-001585,PERSON-000683,Deshmukh Online,Business Name,0.97,true
ALIAS-001586,PERSON-000743,tar_676,Nickname,0.89,true
ALIAS-001587,PERSON-001789,may_69,Nickname,0.8,true
ALIAS-001588,PERSON-000062,Iyer Online,Nickname,0.88,true
ALIAS-001589,PERSON-001566,orbit85,Business Name,0.8,true
ALIAS-001590,PERSON-001245,shadow55,Online Handle,0.9,true
ALIAS-001591,PERSON-000421,Das Online,Online Handle,0.82,true
ALIAS-001592,PERSON-002038,kav_955,Known As,0.86,true
ALIAS-001593,PERSON-001889,kav_273,Nickname,0.74,true
ALIAS-001594,PERSON-002045,sana59,Operational Alias,0.89,true
ALIAS-001595,PERSON-002360,kabir63,Business Name,0.88,true
ALIAS-001596,PERSON-000633,rahul86,Nickname,0.9,true
ALIAS-001597,PERSON-001358,anaya18,Operational Alias,0.87,true
ALIAS-001598,PERSON-000748,Gupta Online,Operational Alias,0.82,true
ALIAS-001599,PERSON-001345,riya98,Nickname,0.62,true
ALIAS-001600,PERSON-002599,north50,Known As,0.78,true
ALIAS-001601,PERSON-000387,north64,Operational Alias,0.75,true
ALIAS-001602,PERSON-000583,raven46,Business Name,0.7,true
ALIAS-001603,PERSON-002852,Deshmukh Online,Nickname,0.82,true
ALIAS-001604,PERSON-002882,Patel Online,Operational Alias,0.65,true
ALIAS-001605,PERSON-001231,shadow54,Nickname,0.78,true
ALIAS-001606,PERSON-000039,neel10,Business Name,0.76,true
ALIAS-001607,PERSON-001966,riya16,Nickname,0.75,true
ALIAS-001608,PERSON-001643,ana_458,Operational Alias,0.86,true
ALIAS-001609,PERSON-000719,priya83,Online Handle,0.92,true
ALIAS-001610,PERSON-002147,diy_432,Nickname,0.63,true
ALIAS-001611,PERSON-001129,Verma Online,Business Name,0.72,true
ALIAS-001612,PERSON-000347,Joshi Online,Nickname,0.93,true
ALIAS-001613,PERSON-002157,may_705,Known As,0.7,true
ALIAS-001614,PERSON-001550,ish_833,Known As,0.74,true
ALIAS-001615,PERSON-001884,san_915,Known As,0.85,true
ALIAS-001616,PERSON-002934,priya13,Online Handle,0.8,true
ALIAS-001617,PERSON-000362,tar_916,Online Handle,0.78,true
ALIAS-001618,PERSON-000539,Joshi Online,Online Handle,0.77,true
ALIAS-001619,PERSON-001369,shadow81,Operational Alias,0.85,true
ALIAS-001620,PERSON-002756,Verma Online,Nickname,0.67,true
ALIAS-001621,PERSON-001009,kar_723,Online Handle,0.87,true
ALIAS-001622,PERSON-002301,Pawar Online,Operational Alias,0.96,true
ALIAS-001623,PERSON-000108,sana3,Business Name,0.88,true
ALIAS-001624,PERSON-002146,north23,Known As,0.82,true
ALIAS-001625,PERSON-002652,orbit71,Online Handle,0.81,true
ALIAS-001626,PERSON-000566,Chauhan Online,Business Name,0.71,true
ALIAS-001627,PERSON-001030,Gupta Online,Operational Alias,0.67,true
ALIAS-001628,PERSON-000473,maya31,Business Name,0.72,true
ALIAS-001629,PERSON-000785,Nair Online,Online Handle,0.78,true
ALIAS-001630,PERSON-001940,arjun35,Known As,0.94,true
ALIAS-001631,PERSON-000914,Yadav Online,Business Name,0.7,true
ALIAS-001632,PERSON-000633,Khan Online,Nickname,0.64,true
ALIAS-001633,PERSON-002728,raj49,Operational Alias,0.89,true
ALIAS-001634,PERSON-001379,ish_824,Business Name,0.91,true
ALIAS-001635,PERSON-001246,riy_399,Online Handle,0.71,true
ALIAS-001636,PERSON-000870,north77,Nickname,0.94,true
ALIAS-001637,PERSON-000034,roh_97,Nickname,0.96,true
ALIAS-001638,PERSON-001904,kab_854,Online Handle,0.83,true
ALIAS-001639,PERSON-001506,kabir42,Business Name,0.82,true
ALIAS-001640,PERSON-001782,raven32,Business Name,0.75,true
ALIAS-001641,PERSON-002006,raven4,Nickname,0.72,true
ALIAS-001642,PERSON-002590,falcon11,Nickname,0.88,true
ALIAS-001643,PERSON-001523,sim_437,Online Handle,0.71,true
ALIAS-001644,PERSON-001500,north76,Operational Alias,0.82,true
ALIAS-001645,PERSON-001750,raven51,Online Handle,0.84,true
ALIAS-001646,PERSON-000402,raven56,Known As,0.81,true
ALIAS-001647,PERSON-002151,sim_143,Operational Alias,0.77,true
ALIAS-001648,PERSON-002589,anaya79,Online Handle,0.78,true
ALIAS-001649,PERSON-002425,Deshmukh Online,Operational Alias,0.89,true
ALIAS-001650,PERSON-001365,north27,Business Name,0.82,true
ALIAS-001651,PERSON-001897,Gupta Online,Known As,0.91,true
ALIAS-001652,PERSON-002608,rohan82,Business Name,0.85,true
ALIAS-001653,PERSON-002674,Patel Online,Known As,0.8,true
ALIAS-001654,PERSON-002885,aar_169,Known As,0.7,true
ALIAS-001655,PERSON-000779,priya89,Known As,0.77,true
ALIAS-001656,PERSON-001062,north47,Nickname,0.98,true
ALIAS-001657,PERSON-002363,falcon25,Nickname,0.62,true
ALIAS-001658,PERSON-000044,Verma Online,Nickname,0.82,true
ALIAS-001659,PERSON-000763,arjun5,Operational Alias,0.75,true
ALIAS-001660,PERSON-002078,Deshmukh Online,Nickname,0.93,true
ALIAS-001661,PERSON-002197,falcon5,Online Handle,0.85,true
ALIAS-001662,PERSON-002739,ishaan14,Nickname,0.84,true
ALIAS-001663,PERSON-001163,anaya12,Online Handle,0.96,true
ALIAS-001664,PERSON-000061,mee_858,Business Name,0.89,true
ALIAS-001665,PERSON-002551,anaya50,Online Handle,0.83,true
ALIAS-001666,PERSON-001119,kavya39,Known As,0.92,true
ALIAS-001667,PERSON-002907,ais_921,Online Handle,0.72,true
ALIAS-001668,PERSON-001525,kav_91,Operational Alias,0.72,true
ALIAS-001669,PERSON-001790,kar_956,Online Handle,0.95,true
ALIAS-001670,PERSON-001974,riya52,Nickname,0.67,true
ALIAS-001671,PERSON-000061,meera72,Business Name,0.83,true
ALIAS-001672,PERSON-000154,Malik Online,Operational Alias,0.95,true
ALIAS-001673,PERSON-000516,kav_449,Operational Alias,0.92,true
ALIAS-001674,PERSON-001319,nikhil52,Online Handle,0.87,true
ALIAS-001675,PERSON-002196,raven56,Operational Alias,0.87,true
ALIAS-001676,PERSON-002385,vihaan4,Nickname,0.7,true
ALIAS-001677,PERSON-002914,nik_433,Business Name,0.96,true
ALIAS-001678,PERSON-002801,orbit24,Operational Alias,0.88,true
ALIAS-001679,PERSON-001971,north18,Operational Alias,0.87,true
ALIAS-001680,PERSON-000377,neel25,Operational Alias,0.73,true
ALIAS-001681,PERSON-000054,Das Online,Online Handle,0.71,true
ALIAS-001682,PERSON-000373,aditya84,Online Handle,0.7,true
ALIAS-001683,PERSON-001025,raven43,Business Name,0.97,true
ALIAS-001684,PERSON-002556,north43,Online Handle,0.94,true
ALIAS-001685,PERSON-002724,falcon84,Operational Alias,0.91,true
ALIAS-001686,PERSON-000700,raj_803,Operational Alias,0.67,true
ALIAS-001687,PERSON-002150,Das Online,Known As,0.68,true
ALIAS-001688,PERSON-002394,ishaan33,Known As,0.63,true
ALIAS-001689,PERSON-000779,pri_247,Known As,0.84,true
ALIAS-001690,PERSON-000513,diy_676,Operational Alias,0.8,true
ALIAS-001691,PERSON-000688,north24,Operational Alias,0.91,true
ALIAS-001692,PERSON-000318,Pawar Online,Nickname,0.65,true
ALIAS-001693,PERSON-002418,Pawar Online,Known As,0.72,true
ALIAS-001694,PERSON-000613,roh_231,Known As,0.66,true
ALIAS-001695,PERSON-002400,anaya16,Known As,0.92,true
ALIAS-001696,PERSON-002056,Gupta Online,Operational Alias,0.98,true
ALIAS-001697,PERSON-001295,kab_885,Known As,0.81,true
ALIAS-001698,PERSON-000570,Malik Online,Operational Alias,0.9,true
ALIAS-001699,PERSON-002664,mee_353,Business Name,0.83,true
ALIAS-001700,PERSON-001554,orbit25,Business Name,0.89,true
ALIAS-001701,PERSON-001617,kavya49,Online Handle,0.86,true
ALIAS-001702,PERSON-000824,aar_809,Operational Alias,0.67,true
ALIAS-001703,PERSON-002630,arjun73,Operational Alias,0.76,true
ALIAS-001704,PERSON-000504,vihaan25,Nickname,0.9,true
ALIAS-001705,PERSON-001361,riya47,Online Handle,0.79,true
ALIAS-001706,PERSON-002039,north65,Online Handle,0.92,true
ALIAS-001707,PERSON-000630,Kulkarni Online,Operational Alias,0.81,true
ALIAS-001708,PERSON-002111,Kulkarni Online,Operational Alias,0.88,true
ALIAS-001709,PERSON-001616,pri_885,Operational Alias,0.74,true
ALIAS-001710,PERSON-000042,shadow50,Known As,0.88,true
ALIAS-001711,PERSON-001546,Iyer Online,Known As,0.82,true
ALIAS-001712,PERSON-002627,Das Online,Nickname,0.89,true
ALIAS-001713,PERSON-000481,priya92,Online Handle,0.7,true
ALIAS-001714,PERSON-002673,karan83,Nickname,0.71,true
ALIAS-001715,PERSON-002715,raven58,Business Name,0.9,true
ALIAS-001716,PERSON-001332,meera56,Nickname,0.88,true
ALIAS-001717,PERSON-001897,north1,Business Name,0.88,true
ALIAS-001718,PERSON-001110,aar_253,Business Name,0.82,true
ALIAS-001719,PERSON-002332,Gupta Online,Business Name,0.75,true
ALIAS-001720,PERSON-002544,arjun82,Online Handle,0.98,true
ALIAS-001721,PERSON-000702,falcon90,Operational Alias,0.81,true
ALIAS-001722,PERSON-002857,raven59,Nickname,0.92,true
ALIAS-001723,PERSON-001475,aditya93,Nickname,0.7,true
ALIAS-001724,PERSON-001049,kabir30,Known As,0.67,true
ALIAS-001725,PERSON-001754,shadow29,Online Handle,0.77,true
ALIAS-001726,PERSON-002945,Nair Online,Online Handle,0.75,true
ALIAS-001727,PERSON-001775,nikhil89,Online Handle,0.77,true
ALIAS-001728,PERSON-000273,nik_799,Business Name,0.73,true
ALIAS-001729,PERSON-002612,arjun10,Operational Alias,0.64,true
ALIAS-001730,PERSON-000247,diya40,Nickname,0.78,true
ALIAS-001731,PERSON-001008,north61,Business Name,0.67,true
ALIAS-001732,PERSON-001623,Malik Online,Known As,0.98,true
ALIAS-001733,PERSON-001524,Rao Online,Business Name,0.84,true
ALIAS-001734,PERSON-000019,san_978,Known As,0.69,true
ALIAS-001735,PERSON-002588,shadow68,Business Name,0.63,true
ALIAS-001736,PERSON-000082,rohan46,Operational Alias,0.67,true
ALIAS-001737,PERSON-000072,rah_12,Nickname,0.81,true
ALIAS-001738,PERSON-000642,simran73,Business Name,0.87,true
ALIAS-001739,PERSON-000011,Gupta Online,Nickname,0.62,true
ALIAS-001740,PERSON-000405,falcon40,Business Name,0.78,true
ALIAS-001741,PERSON-001013,diy_722,Online Handle,0.73,true
ALIAS-001742,PERSON-002895,Verma Online,Business Name,0.91,true
ALIAS-001743,PERSON-000440,falcon72,Nickname,0.64,true
ALIAS-001744,PERSON-002121,raj93,Known As,0.65,true
ALIAS-001745,PERSON-002132,ishaan18,Business Name,0.75,true
ALIAS-001746,PERSON-000908,Khan Online,Known As,0.74,true
ALIAS-001747,PERSON-000106,roh_362,Operational Alias,0.77,true
ALIAS-001748,PERSON-001629,priya14,Business Name,0.81,true
ALIAS-001749,PERSON-002420,falcon95,Nickname,0.66,true
ALIAS-001750,PERSON-000728,riy_711,Operational Alias,0.75,true
ALIAS-001751,PERSON-001678,shadow89,Known As,0.81,true
ALIAS-001752,PERSON-000944,raj82,Nickname,0.82,true
ALIAS-001753,PERSON-002600,aar_15,Known As,0.86,true
ALIAS-001754,PERSON-002321,sim_352,Online Handle,0.84,true
ALIAS-001755,PERSON-002593,Singh Online,Operational Alias,0.64,true
ALIAS-001756,PERSON-000337,Verma Online,Known As,0.88,true
ALIAS-001757,PERSON-002461,raven39,Known As,0.87,true
ALIAS-001758,PERSON-002171,diy_375,Online Handle,0.87,true
ALIAS-001759,PERSON-002794,nee_534,Nickname,0.81,true
ALIAS-001760,PERSON-001161,diya29,Nickname,0.79,true
ALIAS-001761,PERSON-000175,falcon77,Operational Alias,0.85,true
ALIAS-001762,PERSON-000024,maya47,Known As,0.8,true
ALIAS-001763,PERSON-002804,roh_732,Nickname,0.76,true
ALIAS-001764,PERSON-000239,orbit17,Business Name,0.64,true
ALIAS-001765,PERSON-001917,ishaan60,Business Name,0.96,true
ALIAS-001766,PERSON-002155,arjun29,Online Handle,0.91,true
ALIAS-001767,PERSON-001167,sana11,Nickname,0.88,true
ALIAS-001768,PERSON-000345,arj_278,Nickname,0.8,true
ALIAS-001769,PERSON-001222,nikhil80,Nickname,0.65,true
ALIAS-001770,PERSON-001779,north16,Known As,0.8,true
ALIAS-001771,PERSON-001894,Singh Online,Business Name,0.71,true
ALIAS-001772,PERSON-000049,raven71,Business Name,0.97,true
ALIAS-001773,PERSON-002487,ishaan86,Online Handle,0.85,true
ALIAS-001774,PERSON-000778,ira84,Business Name,0.93,true
ALIAS-001775,PERSON-001070,falcon32,Online Handle,0.8,true
ALIAS-001776,PERSON-000180,tar_905,Online Handle,0.82,true
ALIAS-001777,PERSON-001540,Pawar Online,Business Name,0.67,true
ALIAS-001778,PERSON-002082,Singh Online,Nickname,0.67,true
ALIAS-001779,PERSON-002182,Nair Online,Operational Alias,0.79,true
ALIAS-001780,PERSON-001766,pri_665,Nickname,0.87,true
ALIAS-001781,PERSON-002796,Khan Online,Nickname,0.9,true
ALIAS-001782,PERSON-000517,orbit56,Operational Alias,0.85,true
ALIAS-001783,PERSON-000450,nee_361,Known As,0.75,true
ALIAS-001784,PERSON-000429,pri_687,Nickname,0.67,true
ALIAS-001785,PERSON-000472,raven30,Business Name,0.74,true
ALIAS-001786,PERSON-000435,shadow33,Known As,0.97,true
ALIAS-001787,PERSON-001693,simran79,Nickname,0.83,true
ALIAS-001788,PERSON-000477,vikram38,Nickname,0.89,true
ALIAS-001789,PERSON-001296,nee_935,Online Handle,0.71,true
ALIAS-001790,PERSON-001632,north78,Business Name,0.75,true
ALIAS-001791,PERSON-001771,falcon63,Business Name,0.81,true
ALIAS-001792,PERSON-001207,Patel Online,Nickname,0.77,true
ALIAS-001793,PERSON-001190,adi_641,Online Handle,0.77,true
ALIAS-001794,PERSON-002915,ana_631,Known As,0.76,true
ALIAS-001795,PERSON-000588,raj_402,Online Handle,0.92,true
ALIAS-001796,PERSON-000738,vih_117,Operational Alias,0.72,true
ALIAS-001797,PERSON-001257,ishaan99,Known As,0.83,true
ALIAS-001798,PERSON-000063,orbit9,Known As,0.95,true
ALIAS-001799,PERSON-002429,nee_904,Known As,0.86,true
ALIAS-001800,PERSON-000245,may_968,Operational Alias,0.9,true
