device_id,device_type,person_id,os,first_seen,last_seen,synthetic_flag
DEVICE-000001,Tablet,PERSON-001667,Android,2023-01-07,2023-01-07,true
DEVICE-000002,Smartphone,PERSON-001670,Android,2023-01-07,2023-01-07,true
DEVICE-000003,Tablet,PERSON-001589,Android,2023-01-07,2023-01-07,true
DEVICE-000004,Tablet,PERSON-000193,Android,2023-01-07,2023-01-07,true
DEVICE-000005,Smartphone,PERSON-000193,Android,2023-01-07,2023-01-07,true
DEVICE-000006,Feature Phone,PERSON-000245,Android,2023-08-19,2023-08-19,true
DEVICE-000007,Feature Phone,PERSON-001941,Android,2023-08-19,2023-08-19,true
DEVICE-000008,Tablet,PERSON-001941,Android,2023-08-19,2023-08-19,true
DEVICE-000009,Smartphone,PERSON-002397,Android,2023-08-19,2023-08-19,true
DEVICE-000010,Feature Phone,PERSON-001578,Android,2023-08-19,2023-08-19,true
DEVICE-000011,Tablet,PERSON-002304,Android,2023-08-19,2023-08-19,true
DEVICE-000012,Smartphone,PERSON-001847,Android,2023-08-19,2023-08-19,true
DEVICE-000013,Tablet,PERSON-000862,iOS,2023-11-03,2023-11-03,true
DEVICE-000014,Tablet,PERSON-000862,iOS,2023-11-03,2023-11-03,true
DEVICE-000015,Smartphone,PERSON-001431,Android,2023-11-03,2023-11-03,true
DEVICE-000016,Feature Phone,PERSON-001701,Android,2023-11-03,2023-11-03,true
DEVICE-000017,Smartphone,PERSON-002106,Android,2023-11-03,2023-11-03,true
DEVICE-000018,Feature Phone,PERSON-001803,iOS,2023-11-03,2023-11-03,true
DEVICE-000019,Smartphone,PERSON-000484,Android,2023-11-03,2023-11-03,true
DEVICE-000020,Smartphone,PERSON-000484,iOS,2023-11-03,2023-11-03,true
DEVICE-000021,Smartphone,PERSON-000599,Android,2023-11-03,2023-11-03,true
DEVICE-000022,Feature Phone,PERSON-000838,Android,2023-11-03,2023-11-03,true
DEVICE-000023,Smartphone,PERSON-000838,Android,2023-11-03,2023-11-03,true
DEVICE-000024,Tablet,PERSON-000341,Android,2023-02-12,2023-02-12,true
DEVICE-000025,Tablet,PERSON-000342,iOS,2023-02-12,2023-02-12,true
DEVICE-000026,Smartphone,PERSON-001262,Android,2023-02-12,2023-02-12,true
DEVICE-000027,Feature Phone,PERSON-001648,iOS,2023-02-12,2023-02-12,true
DEVICE-000028,Smartphone,PERSON-002900,iOS,2023-02-12,2023-02-12,true
DEVICE-000029,Feature Phone,PERSON-002900,iOS,2023-02-12,2023-02-12,true
DEVICE-000030,Tablet,PERSON-002246,Android,2023-02-12,2023-02-12,true
DEVICE-000031,Feature Phone,PERSON-002609,iOS,2023-09-26,2023-09-26,true
DEVICE-000032,Tablet,PERSON-000906,Android,2023-09-26,2023-09-26,true
DEVICE-000033,Smartphone,PERSON-000217,iOS,2023-09-26,2023-09-26,true
DEVICE-000034,Feature Phone,PERSON-001768,iOS,2023-09-26,2023-09-26,true
DEVICE-000035,Smartphone,PERSON-002964,iOS,2023-09-26,2023-09-26,true
DEVICE-000036,Feature Phone,PERSON-000492,Android,2023-12-16,2023-12-16,true
DEVICE-000037,Tablet,PERSON-001059,Android,2023-12-16,2023-12-16,true
DEVICE-000038,Smartphone,PERSON-000920,Android,2023-12-16,2023-12-16,true
DEVICE-000039,Smartphone,PERSON-000920,iOS,2023-12-16,2023-12-16,true
DEVICE-000040,Feature Phone,PERSON-000144,Android,2023-12-16,2023-12-16,true
DEVICE-000041,Tablet,PERSON-002999,iOS,2023-12-16,2023-12-16,true
DEVICE-000042,Tablet,PERSON-002082,Android,2023-12-16,2023-12-16,true
DEVICE-000043,Smartphone,PERSON-001830,iOS,2023-12-16,2023-12-16,true
DEVICE-000044,Smartphone,PERSON-001615,Android,2023-07-16,2023-07-16,true
DEVICE-000045,Feature Phone,PERSON-000342,iOS,2023-07-16,2023-07-16,true
DEVICE-000046,Smartphone,PERSON-000144,Android,2023-07-16,2023-07-16,true
DEVICE-000047,Feature Phone,PERSON-000144,Android,2023-07-16,2023-07-16,true
DEVICE-000048,Tablet,PERSON-000302,Android,2023-07-16,2023-07-16,true
DEVICE-000049,Feature Phone,PERSON-001880,Android,2023-07-16,2023-07-16,true
DEVICE-000050,Feature Phone,PERSON-000001,iOS,2023-07-16,2023-07-16,true
DEVICE-000051,Tablet,PERSON-002122,Android,2023-07-16,2023-07-16,true
DEVICE-000052,Smartphone,PERSON-002122,iOS,2023-07-16,2023-07-16,true
DEVICE-000053,Tablet,PERSON-001830,Android,2023-07-16,2023-07-16,true
DEVICE-000054,Feature Phone,PERSON-000648,iOS,2023-11-12,2023-11-12,true
DEVICE-000055,Tablet,PERSON-001536,iOS,2023-11-12,2023-11-12,true
DEVICE-000056,Tablet,PERSON-000647,iOS,2023-11-12,2023-11-12,true
DEVICE-000057,Tablet,PERSON-001788,iOS,2023-11-12,2023-11-12,true
DEVICE-000058,Tablet,PERSON-001788,Android,2023-11-12,2023-11-12,true
DEVICE-000059,Smartphone,PERSON-000259,iOS,2023-11-12,2023-11-12,true
DEVICE-000060,Tablet,PERSON-000898,Android,2023-11-12,2023-11-12,true
DEVICE-000061,Feature Phone,PERSON-000895,Android,2023-11-12,2023-11-12,true
DEVICE-000062,Tablet,PERSON-000568,Android,2023-11-12,2023-11-12,true
DEVICE-000063,Smartphone,PERSON-001318,iOS,2023-11-12,2023-11-12,true
DEVICE-000064,Feature Phone,PERSON-000106,iOS,2023-11-12,2023-11-12,true
DEVICE-000065,Tablet,PERSON-001880,Android,2023-11-12,2023-11-12,true
DEVICE-000066,Feature Phone,PERSON-002737,Android,2023-01-07,2023-01-07,true
DEVICE-000067,Feature Phone,PERSON-000682,iOS,2023-01-07,2023-01-07,true
DEVICE-000068,Tablet,PERSON-000473,iOS,2023-01-07,2023-01-07,true
DEVICE-000069,Smartphone,PERSON-000042,Android,2023-01-07,2023-01-07,true
DEVICE-000070,Tablet,PERSON-000042,Android,2023-01-07,2023-01-07,true
DEVICE-000071,Tablet,PERSON-001807,Android,2023-01-07,2023-01-07,true
DEVICE-000072,Tablet,PERSON-000165,Android,2023-01-07,2023-01-07,true
DEVICE-000073,Feature Phone,PERSON-000275,Android,2023-01-07,2023-01-07,true
DEVICE-000074,Smartphone,PERSON-001481,iOS,2023-01-07,2023-01-07,true
DEVICE-000075,Smartphone,PERSON-001481,iOS,2023-01-07,2023-01-07,true
DEVICE-000076,Smartphone,PERSON-002068,Android,2023-01-07,2023-01-07,true
DEVICE-000077,Smartphone,PERSON-000032,iOS,2023-01-07,2023-01-07,true
DEVICE-000078,Feature Phone,PERSON-002821,iOS,2023-05-22,2023-05-22,true
DEVICE-000079,Tablet,PERSON-002821,iOS,2023-05-22,2023-05-22,true
DEVICE-000080,Feature Phone,PERSON-001474,iOS,2023-05-22,2023-05-22,true
DEVICE-000081,Smartphone,PERSON-001474,Android,2023-05-22,2023-05-22,true
DEVICE-000082,Feature Phone,PERSON-001115,Android,2023-05-22,2023-05-22,true
DEVICE-000083,Smartphone,PERSON-001610,iOS,2023-05-22,2023-05-22,true
DEVICE-000084,Feature Phone,PERSON-000267,iOS,2023-05-22,2023-05-22,true
DEVICE-000085,Tablet,PERSON-000267,Android,2023-05-22,2023-05-22,true
DEVICE-000086,Tablet,PERSON-000792,iOS,2023-05-22,2023-05-22,true
DEVICE-000087,Smartphone,PERSON-000106,Android,2023-05-22,2023-05-22,true
DEVICE-000088,Feature Phone,PERSON-002900,Android,2023-05-22,2023-05-22,true
DEVICE-000089,Tablet,PERSON-002618,iOS,2023-05-22,2023-05-22,true
DEVICE-000090,Smartphone,PERSON-002618,iOS,2023-05-22,2023-05-22,true
DEVICE-000091,Tablet,PERSON-002639,Android,2023-03-03,2023-03-03,true
DEVICE-000092,Tablet,PERSON-002839,iOS,2023-03-03,2023-03-03,true
DEVICE-000093,Smartphone,PERSON-002839,Android,2023-03-03,2023-03-03,true
DEVICE-000094,Feature Phone,PERSON-000274,iOS,2023-03-03,2023-03-03,true
DEVICE-000095,Feature Phone,PERSON-000274,iOS,2023-03-03,2023-03-03,true
DEVICE-000096,Smartphone,PERSON-001610,iOS,2023-03-03,2023-03-03,true
DEVICE-000097,Smartphone,PERSON-001610,Android,2023-03-03,2023-03-03,true
DEVICE-000098,Tablet,PERSON-002368,iOS,2023-03-03,2023-03-03,true
DEVICE-000099,Feature Phone,PERSON-001705,iOS,2023-03-03,2023-03-03,true
DEVICE-000100,Tablet,PERSON-000911,Android,2023-03-03,2023-03-03,true
DEVICE-000101,Smartphone,PERSON-000232,iOS,2023-03-03,2023-03-03,true
DEVICE-000102,Smartphone,PERSON-001691,Android,2023-03-03,2023-03-03,true
DEVICE-000103,Smartphone,PERSON-000842,Android,2023-04-06,2023-04-06,true
DEVICE-000104,Smartphone,PERSON-001012,Android,2023-04-06,2023-04-06,true
DEVICE-000105,Tablet,PERSON-000175,iOS,2023-04-06,2023-04-06,true
DEVICE-000106,Feature Phone,PERSON-001782,Android,2023-04-06,2023-04-06,true
DEVICE-000107,Feature Phone,PERSON-002256,iOS,2023-04-06,2023-04-06,true
DEVICE-000108,Tablet,PERSON-001206,iOS,2023-04-06,2023-04-06,true
DEVICE-000109,Feature Phone,PERSON-002788,iOS,2023-04-06,2023-04-06,true
DEVICE-000110,Smartphone,PERSON-000710,Android,2023-04-06,2023-04-06,true
DEVICE-000111,Smartphone,PERSON-000072,iOS,2023-04-06,2023-04-06,true
DEVICE-000112,Smartphone,PERSON-001769,Android,2023-07-25,2023-07-25,true
DEVICE-000113,Smartphone,PERSON-002106,iOS,2023-07-25,2023-07-25,true
DEVICE-000114,Tablet,PERSON-001803,Android,2023-07-25,2023-07-25,true
DEVICE-000115,Feature Phone,PERSON-002197,Android,2023-07-25,2023-07-25,true
DEVICE-000116,Smartphone,PERSON-002197,iOS,2023-07-25,2023-07-25,true
DEVICE-000117,Tablet,PERSON-002965,iOS,2023-07-25,2023-07-25,true
DEVICE-000118,Feature Phone,PERSON-000703,Android,2023-07-25,2023-07-25,true
DEVICE-000119,Tablet,PERSON-001492,iOS,2023-07-25,2023-07-25,true
DEVICE-000120,Feature Phone,PERSON-001544,iOS,2023-09-24,2023-09-24,true
DEVICE-000121,Smartphone,PERSON-001898,Android,2023-09-24,2023-09-24,true
DEVICE-000122,Smartphone,PERSON-000621,Android,2023-09-24,2023-09-24,true
DEVICE-000123,Tablet,PERSON-000083,iOS,2023-09-24,2023-09-24,true
DEVICE-000124,Smartphone,PERSON-001543,iOS,2023-09-24,2023-09-24,true
DEVICE-000125,Smartphone,PERSON-001873,Android,2023-09-24,2023-09-24,true
DEVICE-000126,Smartphone,PERSON-001873,iOS,2023-09-24,2023-09-24,true
DEVICE-000127,Smartphone,PERSON-002745,Android,2023-09-24,2023-09-24,true
DEVICE-000128,Smartphone,PERSON-001205,Android,2023-09-24,2023-09-24,true
DEVICE-000129,Smartphone,PERSON-000260,Android,2023-03-10,2023-03-10,true
DEVICE-000130,Smartphone,PERSON-000499,iOS,2023-03-10,2023-03-10,true
DEVICE-000131,Feature Phone,PERSON-000499,iOS,2023-03-10,2023-03-10,true
DEVICE-000132,Feature Phone,PERSON-001780,Android,2023-03-10,2023-03-10,true
DEVICE-000133,Smartphone,PERSON-002397,Android,2023-03-10,2023-03-10,true
DEVICE-000134,Smartphone,PERSON-002397,iOS,2023-03-10,2023-03-10,true
DEVICE-000135,Smartphone,PERSON-002646,iOS,2023-03-10,2023-03-10,true
DEVICE-000136,Tablet,PERSON-001747,iOS,2023-03-10,2023-03-10,true
DEVICE-000137,Tablet,PERSON-001747,Android,2023-03-10,2023-03-10,true
DEVICE-000138,Tablet,PERSON-002846,iOS,2023-03-10,2023-03-10,true
DEVICE-000139,Tablet,PERSON-000374,iOS,2023-03-10,2023-03-10,true
DEVICE-000140,Tablet,PERSON-002304,iOS,2023-03-10,2023-03-10,true
DEVICE-000141,Feature Phone,PERSON-002304,Android,2023-03-10,2023-03-10,true
DEVICE-000142,Feature Phone,PERSON-001691,iOS,2023-03-10,2023-03-10,true
DEVICE-000143,Smartphone,PERSON-001691,Android,2023-03-10,2023-03-10,true
DEVICE-000144,Feature Phone,PERSON-001847,Android,2023-03-10,2023-03-10,true
DEVICE-000145,Smartphone,PERSON-000260,iOS,2023-10-23,2023-10-23,true
DEVICE-000146,Smartphone,PERSON-000499,Android,2023-10-23,2023-10-23,true
DEVICE-000147,Feature Phone,PERSON-000943,iOS,2023-10-23,2023-10-23,true
DEVICE-000148,Feature Phone,PERSON-001747,iOS,2023-10-23,2023-10-23,true
DEVICE-000149,Tablet,PERSON-001747,iOS,2023-10-23,2023-10-23,true
DEVICE-000150,Tablet,PERSON-001479,iOS,2023-10-23,2023-10-23,true
DEVICE-000151,Smartphone,PERSON-002846,iOS,2023-10-23,2023-10-23,true
DEVICE-000152,Smartphone,PERSON-000374,Android,2023-10-23,2023-10-23,true
DEVICE-000153,Tablet,PERSON-000374,Android,2023-10-23,2023-10-23,true
DEVICE-000154,Tablet,PERSON-001578,iOS,2023-10-23,2023-10-23,true
DEVICE-000155,Feature Phone,PERSON-002393,Android,2023-10-23,2023-10-23,true
DEVICE-000156,Smartphone,PERSON-000842,Android,2023-02-15,2023-02-15,true
DEVICE-000157,Tablet,PERSON-002954,iOS,2023-02-15,2023-02-15,true
DEVICE-000158,Tablet,PERSON-000710,Android,2023-02-15,2023-02-15,true
DEVICE-000159,Feature Phone,PERSON-001769,Android,2023-02-15,2023-02-15,true
DEVICE-000160,Smartphone,PERSON-000238,Android,2023-11-13,2023-11-13,true
DEVICE-000161,Smartphone,PERSON-002343,iOS,2023-11-13,2023-11-13,true
DEVICE-000162,Smartphone,PERSON-002343,Android,2023-11-13,2023-11-13,true
DEVICE-000163,Tablet,PERSON-001007,iOS,2023-11-13,2023-11-13,true
DEVICE-000164,Feature Phone,PERSON-001331,iOS,2023-11-13,2023-11-13,true
DEVICE-000165,Smartphone,PERSON-001642,iOS,2023-11-13,2023-11-13,true
DEVICE-000166,Feature Phone,PERSON-000524,Android,2023-11-13,2023-11-13,true
DEVICE-000167,Feature Phone,PERSON-001547,iOS,2023-11-13,2023-11-13,true
DEVICE-000168,Tablet,PERSON-000081,iOS,2023-01-27,2023-01-27,true
DEVICE-000169,Smartphone,PERSON-001259,iOS,2023-01-27,2023-01-27,true
DEVICE-000170,Tablet,PERSON-000850,iOS,2023-01-27,2023-01-27,true
DEVICE-000171,Tablet,PERSON-001861,Android,2023-01-27,2023-01-27,true
DEVICE-000172,Feature Phone,PERSON-002574,iOS,2023-01-27,2023-01-27,true
DEVICE-000173,Feature Phone,PERSON-000863,Android,2023-01-27,2023-01-27,true
DEVICE-000174,Tablet,PERSON-000863,iOS,2023-01-27,2023-01-27,true
DEVICE-000175,Feature Phone,PERSON-000063,Android,2023-01-27,2023-01-27,true
DEVICE-000176,Tablet,PERSON-000927,Android,2023-01-27,2023-01-27,true
DEVICE-000177,Feature Phone,PERSON-001589,iOS,2023-01-27,2023-01-27,true
DEVICE-000178,Smartphone,PERSON-000863,iOS,2023-11-09,2023-11-09,true
DEVICE-000179,Smartphone,PERSON-000081,Android,2023-11-09,2023-11-09,true
DEVICE-000180,Smartphone,PERSON-000845,Android,2023-11-09,2023-11-09,true
DEVICE-000181,Feature Phone,PERSON-002020,iOS,2023-09-16,2023-09-16,true
DEVICE-000182,Smartphone,PERSON-002517,Android,2023-09-16,2023-09-16,true
DEVICE-000183,Tablet,PERSON-000062,Android,2023-09-16,2023-09-16,true
DEVICE-000184,Feature Phone,PERSON-000921,iOS,2023-09-16,2023-09-16,true
DEVICE-000185,Smartphone,PERSON-000357,iOS,2023-09-16,2023-09-16,true
DEVICE-000186,Tablet,PERSON-000357,iOS,2023-09-16,2023-09-16,true
DEVICE-000187,Feature Phone,PERSON-000682,iOS,2023-10-29,2023-10-29,true
DEVICE-000188,Smartphone,PERSON-002737,Android,2023-10-29,2023-10-29,true
DEVICE-000189,Feature Phone,PERSON-000473,Android,2023-10-29,2023-10-29,true
DEVICE-000190,Tablet,PERSON-000042,Android,2023-10-29,2023-10-29,true
DEVICE-000191,Smartphone,PERSON-002068,Android,2023-10-29,2023-10-29,true
DEVICE-000192,Feature Phone,PERSON-000165,Android,2023-10-29,2023-10-29,true
DEVICE-000193,Tablet,PERSON-001481,Android,2023-10-29,2023-10-29,true
DEVICE-000194,Feature Phone,PERSON-001481,iOS,2023-10-29,2023-10-29,true
DEVICE-000195,Smartphone,PERSON-000275,Android,2023-10-29,2023-10-29,true
DEVICE-000196,Feature Phone,PERSON-000275,Android,2023-10-29,2023-10-29,true
DEVICE-000197,Feature Phone,PERSON-000032,Android,2023-10-29,2023-10-29,true
DEVICE-000198,Tablet,PERSON-000703,iOS,2023-10-29,2023-10-29,true
DEVICE-000199,Tablet,PERSON-001558,iOS,2023-02-23,2023-02-23,true
DEVICE-000200,Tablet,PERSON-001474,iOS,2023-02-23,2023-02-23,true
DEVICE-000201,Tablet,PERSON-001474,iOS,2023-02-23,2023-02-23,true
DEVICE-000202,Feature Phone,PERSON-002900,Android,2023-02-23,2023-02-23,true
DEVICE-000203,Feature Phone,PERSON-002900,iOS,2023-02-23,2023-02-23,true
DEVICE-000204,Smartphone,PERSON-001115,Android,2023-02-23,2023-02-23,true
DEVICE-000205,Tablet,PERSON-001610,iOS,2023-02-23,2023-02-23,true
DEVICE-000206,Tablet,PERSON-001610,iOS,2023-02-23,2023-02-23,true
DEVICE-000207,Smartphone,PERSON-000792,iOS,2023-02-23,2023-02-23,true
DEVICE-000208,Smartphone,PERSON-002060,Android,2023-02-23,2023-02-23,true
DEVICE-000209,Tablet,PERSON-002618,iOS,2023-02-23,2023-02-23,true
DEVICE-000210,Smartphone,PERSON-001757,iOS,2023-02-23,2023-02-23,true
DEVICE-000211,Smartphone,PERSON-002277,Android,2023-03-24,2023-03-24,true
DEVICE-000212,Tablet,PERSON-002277,Android,2023-03-24,2023-03-24,true
DEVICE-000213,Smartphone,PERSON-000449,Android,2023-03-24,2023-03-24,true
DEVICE-000214,Tablet,PERSON-001617,iOS,2023-03-24,2023-03-24,true
DEVICE-000215,Tablet,PERSON-001194,Android,2023-03-24,2023-03-24,true
DEVICE-000216,Smartphone,PERSON-000341,iOS,2023-03-24,2023-03-24,true
DEVICE-000217,Feature Phone,PERSON-002930,Android,2023-03-24,2023-03-24,true
DEVICE-000218,Tablet,PERSON-002930,iOS,2023-03-24,2023-03-24,true
DEVICE-000219,Smartphone,PERSON-000009,iOS,2023-03-24,2023-03-24,true
DEVICE-000220,Tablet,PERSON-000009,iOS,2023-03-24,2023-03-24,true
DEVICE-000221,Tablet,PERSON-001899,iOS,2023-03-24,2023-03-24,true
DEVICE-000222,Feature Phone,PERSON-001899,iOS,2023-03-24,2023-03-24,true
DEVICE-000223,Smartphone,PERSON-000106,Android,2023-03-24,2023-03-24,true
DEVICE-000224,Smartphone,PERSON-000106,Android,2023-03-24,2023-03-24,true
DEVICE-000225,Feature Phone,PERSON-002633,Android,2023-03-24,2023-03-24,true
DEVICE-000226,Smartphone,PERSON-002633,iOS,2023-03-24,2023-03-24,true
DEVICE-000227,Tablet,PERSON-002246,Android,2023-03-24,2023-03-24,true
DEVICE-000228,Smartphone,PERSON-000538,Android,2023-02-17,2023-02-17,true
DEVICE-000229,Feature Phone,PERSON-000120,Android,2023-02-17,2023-02-17,true
DEVICE-000230,Feature Phone,PERSON-000921,Android,2023-02-17,2023-02-17,true
DEVICE-000231,Tablet,PERSON-000863,iOS,2023-02-17,2023-02-17,true
DEVICE-000232,Smartphone,PERSON-000895,Android,2023-02-17,2023-02-17,true
DEVICE-000233,Tablet,PERSON-002999,Android,2023-02-17,2023-02-17,true
DEVICE-000234,Smartphone,PERSON-001210,Android,2023-11-10,2023-11-10,true
DEVICE-000235,Smartphone,PERSON-001558,iOS,2023-11-10,2023-11-10,true
DEVICE-000236,Feature Phone,PERSON-000351,iOS,2023-11-10,2023-11-10,true
DEVICE-000237,Tablet,PERSON-002750,iOS,2023-11-10,2023-11-10,true
DEVICE-000238,Tablet,PERSON-001041,iOS,2023-11-10,2023-11-10,true
DEVICE-000239,Feature Phone,PERSON-001041,Android,2023-11-10,2023-11-10,true
DEVICE-000240,Smartphone,PERSON-001589,iOS,2023-11-10,2023-11-10,true
DEVICE-000241,Feature Phone,PERSON-001670,iOS,2023-11-10,2023-11-10,true
DEVICE-000242,Smartphone,PERSON-002517,iOS,2023-04-24,2023-04-24,true
DEVICE-000243,Tablet,PERSON-002517,iOS,2023-04-24,2023-04-24,true
DEVICE-000244,Feature Phone,PERSON-002132,iOS,2023-04-24,2023-04-24,true
DEVICE-000245,Feature Phone,PERSON-002132,Android,2023-04-24,2023-04-24,true
DEVICE-000246,Tablet,PERSON-000621,iOS,2023-04-24,2023-04-24,true
DEVICE-000247,Tablet,PERSON-000621,Android,2023-04-24,2023-04-24,true
DEVICE-000248,Tablet,PERSON-002745,Android,2023-04-24,2023-04-24,true
DEVICE-000249,Feature Phone,PERSON-002999,iOS,2023-04-24,2023-04-24,true
DEVICE-000250,Tablet,PERSON-001205,Android,2023-04-24,2023-04-24,true
DEVICE-000251,Smartphone,PERSON-001558,iOS,2023-09-08,2023-09-08,true
DEVICE-000252,Feature Phone,PERSON-002821,iOS,2023-09-08,2023-09-08,true
DEVICE-000253,Smartphone,PERSON-001474,Android,2023-09-08,2023-09-08,true
DEVICE-000254,Tablet,PERSON-002900,Android,2023-09-08,2023-09-08,true
DEVICE-000255,Smartphone,PERSON-001115,iOS,2023-09-08,2023-09-08,true
DEVICE-000256,Tablet,PERSON-001115,iOS,2023-09-08,2023-09-08,true
DEVICE-000257,Feature Phone,PERSON-001262,Android,2023-09-08,2023-09-08,true
DEVICE-000258,Tablet,PERSON-001262,Android,2023-09-08,2023-09-08,true
DEVICE-000259,Feature Phone,PERSON-001610,iOS,2023-09-08,2023-09-08,true
DEVICE-000260,Smartphone,PERSON-000180,Android,2023-09-08,2023-09-08,true
DEVICE-000261,Smartphone,PERSON-000792,Android,2023-09-08,2023-09-08,true
DEVICE-000262,Feature Phone,PERSON-002060,Android,2023-09-08,2023-09-08,true
DEVICE-000263,Feature Phone,PERSON-002618,Android,2023-09-08,2023-09-08,true
DEVICE-000264,Tablet,PERSON-002618,iOS,2023-09-08,2023-09-08,true
DEVICE-000265,Tablet,PERSON-002453,Android,2023-04-09,2023-04-09,true
DEVICE-000266,Smartphone,PERSON-002197,Android,2023-04-09,2023-04-09,true
DEVICE-000267,Feature Phone,PERSON-001705,iOS,2023-04-09,2023-04-09,true
DEVICE-000268,Feature Phone,PERSON-000232,Android,2023-04-09,2023-04-09,true
DEVICE-000269,Feature Phone,PERSON-000789,Android,2023-04-09,2023-04-09,true
DEVICE-000270,Smartphone,PERSON-001210,Android,2023-05-07,2023-05-07,true
DEVICE-000271,Smartphone,PERSON-000146,Android,2023-05-07,2023-05-07,true
DEVICE-000272,Tablet,PERSON-001667,iOS,2023-05-07,2023-05-07,true
DEVICE-000273,Tablet,PERSON-000351,iOS,2023-05-07,2023-05-07,true
DEVICE-000274,Smartphone,PERSON-000717,Android,2023-05-07,2023-05-07,true
DEVICE-000275,Tablet,PERSON-002750,iOS,2023-05-07,2023-05-07,true
DEVICE-000276,Tablet,PERSON-001041,Android,2023-05-07,2023-05-07,true
DEVICE-000277,Smartphone,PERSON-001041,Android,2023-05-07,2023-05-07,true
DEVICE-000278,Smartphone,PERSON-001589,Android,2023-05-07,2023-05-07,true
DEVICE-000279,Smartphone,PERSON-001670,iOS,2023-05-07,2023-05-07,true
DEVICE-000280,Feature Phone,PERSON-002998,Android,2023-02-23,2023-02-23,true
DEVICE-000281,Smartphone,PERSON-000948,iOS,2023-02-23,2023-02-23,true
DEVICE-000282,Tablet,PERSON-000948,Android,2023-02-23,2023-02-23,true
DEVICE-000283,Tablet,PERSON-002757,iOS,2023-02-23,2023-02-23,true
DEVICE-000284,Smartphone,PERSON-002757,iOS,2023-02-23,2023-02-23,true
DEVICE-000285,Smartphone,PERSON-000584,Android,2023-02-23,2023-02-23,true
DEVICE-000286,Tablet,PERSON-000697,iOS,2023-02-23,2023-02-23,true
DEVICE-000287,Smartphone,PERSON-000697,iOS,2023-02-23,2023-02-23,true
DEVICE-000288,Tablet,PERSON-000230,Android,2023-02-23,2023-02-23,true
DEVICE-000289,Tablet,PERSON-002715,Android,2023-02-23,2023-02-23,true
DEVICE-000290,Smartphone,PERSON-001667,Android,2023-04-30,2023-04-30,true
DEVICE-000291,Smartphone,PERSON-001667,iOS,2023-04-30,2023-04-30,true
DEVICE-000292,Smartphone,PERSON-000146,Android,2023-04-30,2023-04-30,true
DEVICE-000293,Smartphone,PERSON-001210,Android,2023-04-30,2023-04-30,true
DEVICE-000294,Tablet,PERSON-001210,iOS,2023-04-30,2023-04-30,true
DEVICE-000295,Tablet,PERSON-001558,Android,2023-04-30,2023-04-30,true
DEVICE-000296,Tablet,PERSON-001041,Android,2023-04-30,2023-04-30,true
DEVICE-000297,Feature Phone,PERSON-001589,iOS,2023-04-30,2023-04-30,true
DEVICE-000298,Tablet,PERSON-001880,iOS,2023-04-30,2023-04-30,true
DEVICE-000299,Feature Phone,PERSON-001880,Android,2023-04-30,2023-04-30,true
DEVICE-000300,Smartphone,PERSON-001670,iOS,2023-04-30,2023-04-30,true
DEVICE-000301,Feature Phone,PERSON-001210,Android,2023-07-14,2023-07-14,true
DEVICE-000302,Smartphone,PERSON-001210,iOS,2023-07-14,2023-07-14,true
DEVICE-000303,Feature Phone,PERSON-000146,Android,2023-07-14,2023-07-14,true
DEVICE-000304,Feature Phone,PERSON-001573,Android,2023-07-14,2023-07-14,true
DEVICE-000305,Tablet,PERSON-001558,iOS,2023-07-14,2023-07-14,true
DEVICE-000306,Feature Phone,PERSON-000351,Android,2023-07-14,2023-07-14,true
DEVICE-000307,Feature Phone,PERSON-000351,Android,2023-07-14,2023-07-14,true
DEVICE-000308,Feature Phone,PERSON-002750,Android,2023-07-14,2023-07-14,true
DEVICE-000309,Tablet,PERSON-001041,iOS,2023-07-14,2023-07-14,true
DEVICE-000310,Tablet,PERSON-001667,iOS,2023-06-06,2023-06-06,true
DEVICE-000311,Tablet,PERSON-001210,iOS,2023-06-06,2023-06-06,true
DEVICE-000312,Tablet,PERSON-000351,Android,2023-06-06,2023-06-06,true
DEVICE-000313,Feature Phone,PERSON-002750,iOS,2023-06-06,2023-06-06,true
DEVICE-000314,Feature Phone,PERSON-002930,Android,2023-06-06,2023-06-06,true
DEVICE-000315,Smartphone,PERSON-001041,iOS,2023-06-06,2023-06-06,true
DEVICE-000316,Smartphone,PERSON-001589,Android,2023-06-06,2023-06-06,true
DEVICE-000317,Smartphone,PERSON-001589,Android,2023-06-06,2023-06-06,true
DEVICE-000318,Tablet,PERSON-000506,Android,2023-04-03,2023-04-03,true
DEVICE-000319,Smartphone,PERSON-000597,Android,2023-04-03,2023-04-03,true
DEVICE-000320,Feature Phone,PERSON-000597,Android,2023-04-03,2023-04-03,true
DEVICE-000321,Tablet,PERSON-000062,Android,2023-04-03,2023-04-03,true
DEVICE-000322,Tablet,PERSON-002576,iOS,2023-04-03,2023-04-03,true
DEVICE-000323,Tablet,PERSON-002576,Android,2023-04-03,2023-04-03,true
DEVICE-000324,Feature Phone,PERSON-000046,Android,2023-04-03,2023-04-03,true
DEVICE-000325,Feature Phone,PERSON-000647,Android,2023-04-03,2023-04-03,true
DEVICE-000326,Smartphone,PERSON-000927,iOS,2023-04-03,2023-04-03,true
DEVICE-000327,Tablet,PERSON-000390,iOS,2023-04-03,2023-04-03,true
DEVICE-000328,Feature Phone,PERSON-001326,iOS,2023-04-03,2023-04-03,true
DEVICE-000329,Tablet,PERSON-001873,Android,2023-04-03,2023-04-03,true
DEVICE-000330,Feature Phone,PERSON-000096,Android,2023-04-03,2023-04-03,true
DEVICE-000331,Feature Phone,PERSON-002517,Android,2023-09-03,2023-09-03,true
DEVICE-000332,Feature Phone,PERSON-002279,iOS,2023-09-03,2023-09-03,true
DEVICE-000333,Smartphone,PERSON-000538,Android,2023-09-03,2023-09-03,true
DEVICE-000334,Tablet,PERSON-001544,iOS,2023-09-03,2023-09-03,true
DEVICE-000335,Smartphone,PERSON-001544,Android,2023-09-03,2023-09-03,true
DEVICE-000336,Feature Phone,PERSON-002873,Android,2023-09-03,2023-09-03,true
DEVICE-000337,Tablet,PERSON-001898,Android,2023-09-03,2023-09-03,true
DEVICE-000338,Tablet,PERSON-001898,Android,2023-09-03,2023-09-03,true
DEVICE-000339,Smartphone,PERSON-000083,Android,2023-09-03,2023-09-03,true
DEVICE-000340,Tablet,PERSON-002745,iOS,2023-09-03,2023-09-03,true
DEVICE-000341,Tablet,PERSON-002964,iOS,2023-09-03,2023-09-03,true
DEVICE-000342,Feature Phone,PERSON-002964,Android,2023-09-03,2023-09-03,true
DEVICE-000343,Feature Phone,PERSON-000611,iOS,2023-09-15,2023-09-15,true
DEVICE-000344,Feature Phone,PERSON-002438,iOS,2023-09-15,2023-09-15,true
DEVICE-000345,Smartphone,PERSON-000060,Android,2023-09-15,2023-09-15,true
DEVICE-000346,Feature Phone,PERSON-001480,Android,2023-09-15,2023-09-15,true
DEVICE-000347,Smartphone,PERSON-000635,iOS,2023-09-15,2023-09-15,true
DEVICE-000348,Smartphone,PERSON-001768,iOS,2023-09-15,2023-09-15,true
DEVICE-000349,Smartphone,PERSON-002847,iOS,2023-09-15,2023-09-15,true
DEVICE-000350,Smartphone,PERSON-001847,Android,2023-09-15,2023-09-15,true
DEVICE-000351,Smartphone,PERSON-001664,iOS,2023-05-22,2023-05-22,true
DEVICE-000352,Smartphone,PERSON-001343,Android,2023-05-22,2023-05-22,true
DEVICE-000353,Feature Phone,PERSON-002998,Android,2023-05-22,2023-05-22,true
DEVICE-000354,Tablet,PERSON-000948,iOS,2023-05-22,2023-05-22,true
DEVICE-000355,Smartphone,PERSON-000948,iOS,2023-05-22,2023-05-22,true
DEVICE-000356,Tablet,PERSON-001315,Android,2023-05-22,2023-05-22,true
DEVICE-000357,Tablet,PERSON-001315,iOS,2023-05-22,2023-05-22,true
DEVICE-000358,Feature Phone,PERSON-000904,iOS,2023-05-22,2023-05-22,true
DEVICE-000359,Tablet,PERSON-000106,Android,2023-05-22,2023-05-22,true
DEVICE-000360,Tablet,PERSON-000697,Android,2023-05-22,2023-05-22,true
DEVICE-000361,Feature Phone,PERSON-002715,Android,2023-05-22,2023-05-22,true
DEVICE-000362,Smartphone,PERSON-000919,iOS,2023-08-08,2023-08-08,true
DEVICE-000363,Tablet,PERSON-000132,Android,2023-08-08,2023-08-08,true
DEVICE-000364,Feature Phone,PERSON-002653,iOS,2023-08-08,2023-08-08,true
DEVICE-000365,Feature Phone,PERSON-002764,Android,2023-08-08,2023-08-08,true
DEVICE-000366,Tablet,PERSON-001478,iOS,2023-08-08,2023-08-08,true
DEVICE-000367,Smartphone,PERSON-001478,iOS,2023-08-08,2023-08-08,true
DEVICE-000368,Smartphone,PERSON-002507,iOS,2023-08-08,2023-08-08,true
DEVICE-000369,Feature Phone,PERSON-000676,iOS,2023-08-08,2023-08-08,true
DEVICE-000370,Smartphone,PERSON-000393,iOS,2023-08-08,2023-08-08,true
DEVICE-000371,Feature Phone,PERSON-002124,Android,2023-08-08,2023-08-08,true
DEVICE-000372,Feature Phone,PERSON-001367,iOS,2023-08-08,2023-08-08,true
DEVICE-000373,Tablet,PERSON-002160,iOS,2023-08-08,2023-08-08,true
DEVICE-000374,Smartphone,PERSON-000507,iOS,2023-08-08,2023-08-08,true
DEVICE-000375,Smartphone,PERSON-001664,iOS,2023-05-30,2023-05-30,true
DEVICE-000376,Tablet,PERSON-002998,Android,2023-05-30,2023-05-30,true
DEVICE-000377,Feature Phone,PERSON-000181,Android,2023-05-30,2023-05-30,true
DEVICE-000378,Smartphone,PERSON-000181,Android,2023-05-30,2023-05-30,true
DEVICE-000379,Feature Phone,PERSON-000948,Android,2023-05-30,2023-05-30,true
DEVICE-000380,Feature Phone,PERSON-000948,Android,2023-05-30,2023-05-30,true
DEVICE-000381,Tablet,PERSON-001315,Android,2023-05-30,2023-05-30,true
DEVICE-000382,Tablet,PERSON-001315,Android,2023-05-30,2023-05-30,true
DEVICE-000383,Smartphone,PERSON-002757,Android,2023-05-30,2023-05-30,true
DEVICE-000384,Smartphone,PERSON-000904,iOS,2023-05-30,2023-05-30,true
DEVICE-000385,Tablet,PERSON-000697,Android,2023-05-30,2023-05-30,true
DEVICE-000386,Tablet,PERSON-002715,iOS,2023-05-30,2023-05-30,true
DEVICE-000387,Smartphone,PERSON-002715,iOS,2023-05-30,2023-05-30,true
DEVICE-000388,Tablet,PERSON-002675,Android,2023-05-22,2023-05-22,true
DEVICE-000389,Tablet,PERSON-001343,Android,2023-05-22,2023-05-22,true
DEVICE-000390,Feature Phone,PERSON-002998,Android,2023-05-22,2023-05-22,true
DEVICE-000391,Feature Phone,PERSON-002835,iOS,2023-05-22,2023-05-22,true
DEVICE-000392,Smartphone,PERSON-002835,iOS,2023-05-22,2023-05-22,true
DEVICE-000393,Tablet,PERSON-002757,Android,2023-05-22,2023-05-22,true
DEVICE-000394,Smartphone,PERSON-000584,iOS,2023-05-22,2023-05-22,true
DEVICE-000395,Smartphone,PERSON-000697,iOS,2023-05-22,2023-05-22,true
DEVICE-000396,Tablet,PERSON-002715,iOS,2023-05-22,2023-05-22,true
DEVICE-000397,Feature Phone,PERSON-000146,iOS,2023-07-28,2023-07-28,true
DEVICE-000398,Smartphone,PERSON-001667,iOS,2023-07-28,2023-07-28,true
DEVICE-000399,Tablet,PERSON-002279,iOS,2023-07-28,2023-07-28,true
DEVICE-000400,Smartphone,PERSON-001558,iOS,2023-07-28,2023-07-28,true
DEVICE-000401,Tablet,PERSON-000351,Android,2023-07-28,2023-07-28,true
DEVICE-000402,Smartphone,PERSON-002750,Android,2023-07-28,2023-07-28,true
DEVICE-000403,Tablet,PERSON-001041,Android,2023-07-28,2023-07-28,true
DEVICE-000404,Feature Phone,PERSON-001670,Android,2023-07-28,2023-07-28,true
DEVICE-000405,Tablet,PERSON-000916,Android,2023-02-27,2023-02-27,true
DEVICE-000406,Tablet,PERSON-000916,Android,2023-02-27,2023-02-27,true
DEVICE-000407,Tablet,PERSON-000238,iOS,2023-02-27,2023-02-27,true
DEVICE-000408,Smartphone,PERSON-001112,iOS,2023-02-27,2023-02-27,true
DEVICE-000409,Smartphone,PERSON-001112,iOS,2023-02-27,2023-02-27,true
DEVICE-000410,Smartphone,PERSON-000950,iOS,2023-02-27,2023-02-27,true
DEVICE-000411,Feature Phone,PERSON-002017,iOS,2023-02-27,2023-02-27,true
DEVICE-000412,Feature Phone,PERSON-002017,iOS,2023-02-27,2023-02-27,true
DEVICE-000413,Tablet,PERSON-002114,Android,2023-02-27,2023-02-27,true
DEVICE-000414,Smartphone,PERSON-002114,iOS,2023-02-27,2023-02-27,true
DEVICE-000415,Smartphone,PERSON-000195,Android,2023-02-27,2023-02-27,true
DEVICE-000416,Feature Phone,PERSON-000195,iOS,2023-02-27,2023-02-27,true
DEVICE-000417,Tablet,PERSON-001547,Android,2023-02-27,2023-02-27,true
DEVICE-000418,Tablet,PERSON-001807,iOS,2023-02-27,2023-02-27,true
DEVICE-000419,Smartphone,PERSON-000092,Android,2023-02-27,2023-02-27,true
DEVICE-000420,Smartphone,PERSON-002920,Android,2023-02-27,2023-02-27,true
DEVICE-000421,Tablet,PERSON-002920,Android,2023-02-27,2023-02-27,true
DEVICE-000422,Tablet,PERSON-000470,Android,2023-02-27,2023-02-27,true
DEVICE-000423,Tablet,PERSON-000139,iOS,2023-02-27,2023-02-27,true
DEVICE-000424,Tablet,PERSON-001455,iOS,2023-02-27,2023-02-27,true
DEVICE-000425,Smartphone,PERSON-001124,iOS,2023-02-27,2023-02-27,true
DEVICE-000426,Feature Phone,PERSON-000195,iOS,2023-02-27,2023-02-27,true
DEVICE-000427,Feature Phone,PERSON-001212,Android,2023-02-27,2023-02-27,true
DEVICE-000428,Smartphone,PERSON-000540,iOS,2023-04-10,2023-04-10,true
DEVICE-000429,Feature Phone,PERSON-001474,iOS,2023-04-10,2023-04-10,true
DEVICE-000430,Tablet,PERSON-001474,iOS,2023-04-10,2023-04-10,true
DEVICE-000431,Tablet,PERSON-001115,iOS,2023-04-10,2023-04-10,true
DEVICE-000432,Smartphone,PERSON-001262,Android,2023-04-10,2023-04-10,true
DEVICE-000433,Tablet,PERSON-001610,Android,2023-04-10,2023-04-10,true
DEVICE-000434,Feature Phone,PERSON-000267,Android,2023-04-10,2023-04-10,true
DEVICE-000435,Tablet,PERSON-000792,Android,2023-04-10,2023-04-10,true
DEVICE-000436,Feature Phone,PERSON-002900,Android,2023-04-10,2023-04-10,true
DEVICE-000437,Smartphone,PERSON-002618,iOS,2023-04-10,2023-04-10,true
DEVICE-000438,Smartphone,PERSON-001757,Android,2023-04-10,2023-04-10,true
DEVICE-000439,Feature Phone,PERSON-002275,Android,2023-06-21,2023-06-21,true
DEVICE-000440,Feature Phone,PERSON-002331,iOS,2023-06-21,2023-06-21,true
DEVICE-000441,Feature Phone,PERSON-002331,iOS,2023-06-21,2023-06-21,true
DEVICE-000442,Tablet,PERSON-000979,Android,2023-06-21,2023-06-21,true
DEVICE-000443,Smartphone,PERSON-000979,iOS,2023-06-21,2023-06-21,true
DEVICE-000444,Smartphone,PERSON-001668,iOS,2023-06-21,2023-06-21,true
DEVICE-000445,Tablet,PERSON-001043,iOS,2023-06-21,2023-06-21,true
DEVICE-000446,Smartphone,PERSON-002499,Android,2023-06-21,2023-06-21,true
DEVICE-000447,Tablet,PERSON-001397,Android,2023-06-21,2023-06-21,true
DEVICE-000448,Feature Phone,PERSON-002689,Android,2023-06-21,2023-06-21,true
DEVICE-000449,Smartphone,PERSON-001423,Android,2023-06-21,2023-06-21,true
DEVICE-000450,Tablet,PERSON-000479,Android,2023-03-25,2023-03-25,true
DEVICE-000451,Feature Phone,PERSON-000081,iOS,2023-03-25,2023-03-25,true
DEVICE-000452,Tablet,PERSON-001259,Android,2023-03-25,2023-03-25,true
DEVICE-000453,Tablet,PERSON-000850,iOS,2023-03-25,2023-03-25,true
DEVICE-000454,Tablet,PERSON-001861,iOS,2023-03-25,2023-03-25,true
DEVICE-000455,Smartphone,PERSON-002574,Android,2023-03-25,2023-03-25,true
DEVICE-000456,Feature Phone,PERSON-002574,iOS,2023-03-25,2023-03-25,true
DEVICE-000457,Tablet,PERSON-000063,Android,2023-03-25,2023-03-25,true
DEVICE-000458,Feature Phone,PERSON-000863,iOS,2023-03-25,2023-03-25,true
DEVICE-000459,Tablet,PERSON-000863,Android,2023-03-25,2023-03-25,true
DEVICE-000460,Tablet,PERSON-002757,Android,2023-03-25,2023-03-25,true
DEVICE-000461,Smartphone,PERSON-001664,iOS,2023-08-12,2023-08-12,true
DEVICE-000462,Tablet,PERSON-002675,iOS,2023-08-12,2023-08-12,true
DEVICE-000463,Smartphone,PERSON-002998,iOS,2023-08-12,2023-08-12,true
DEVICE-000464,Feature Phone,PERSON-001507,Android,2023-08-12,2023-08-12,true
DEVICE-000465,Feature Phone,PERSON-001507,Android,2023-08-12,2023-08-12,true
DEVICE-000466,Smartphone,PERSON-001315,iOS,2023-08-12,2023-08-12,true
DEVICE-000467,Feature Phone,PERSON-001315,Android,2023-08-12,2023-08-12,true
DEVICE-000468,Feature Phone,PERSON-000576,iOS,2023-08-12,2023-08-12,true
DEVICE-000469,Tablet,PERSON-000904,iOS,2023-08-12,2023-08-12,true
DEVICE-000470,Tablet,PERSON-000904,iOS,2023-08-12,2023-08-12,true
DEVICE-000471,Tablet,PERSON-000106,iOS,2023-08-12,2023-08-12,true
DEVICE-000472,Smartphone,PERSON-000230,iOS,2023-08-12,2023-08-12,true
DEVICE-000473,Smartphone,PERSON-000584,iOS,2023-08-12,2023-08-12,true
DEVICE-000474,Feature Phone,PERSON-002954,Android,2023-03-22,2023-03-22,true
DEVICE-000475,Smartphone,PERSON-000175,Android,2023-03-22,2023-03-22,true
DEVICE-000476,Smartphone,PERSON-000842,Android,2023-03-22,2023-03-22,true
DEVICE-000477,Feature Phone,PERSON-000245,Android,2023-03-22,2023-03-22,true
DEVICE-000478,Smartphone,PERSON-000222,Android,2023-03-22,2023-03-22,true
DEVICE-000479,Smartphone,PERSON-001769,iOS,2023-03-22,2023-03-22,true
DEVICE-000480,Smartphone,PERSON-000734,iOS,2023-03-22,2023-03-22,true
DEVICE-000481,Smartphone,PERSON-002684,Android,2023-03-22,2023-03-22,true
DEVICE-000482,Feature Phone,PERSON-000763,Android,2023-03-22,2023-03-22,true
DEVICE-000483,Smartphone,PERSON-000763,iOS,2023-03-22,2023-03-22,true
DEVICE-000484,Tablet,PERSON-000455,Android,2023-03-22,2023-03-22,true
DEVICE-000485,Tablet,PERSON-000455,Android,2023-03-22,2023-03-22,true
DEVICE-000486,Feature Phone,PERSON-001385,Android,2023-03-22,2023-03-22,true
DEVICE-000487,Tablet,PERSON-001664,iOS,2023-12-26,2023-12-26,true
DEVICE-000488,Feature Phone,PERSON-001664,Android,2023-12-26,2023-12-26,true
DEVICE-000489,Feature Phone,PERSON-002675,iOS,2023-12-26,2023-12-26,true
DEVICE-000490,Smartphone,PERSON-001343,iOS,2023-12-26,2023-12-26,true
DEVICE-000491,Feature Phone,PERSON-002835,Android,2023-12-26,2023-12-26,true
DEVICE-000492,Smartphone,PERSON-001112,iOS,2023-12-26,2023-12-26,true
DEVICE-000493,Tablet,PERSON-000146,iOS,2023-01-02,2023-01-02,true
DEVICE-000494,Smartphone,PERSON-000146,iOS,2023-01-02,2023-01-02,true
DEVICE-000495,Tablet,PERSON-002609,iOS,2023-01-02,2023-01-02,true
DEVICE-000496,Smartphone,PERSON-000047,iOS,2023-01-02,2023-01-02,true
DEVICE-000497,Smartphone,PERSON-002938,iOS,2023-01-02,2023-01-02,true
DEVICE-000498,Smartphone,PERSON-000279,iOS,2023-01-02,2023-01-02,true
DEVICE-000499,Smartphone,PERSON-000217,Android,2023-01-02,2023-01-02,true
DEVICE-000500,Feature Phone,PERSON-002223,Android,2023-01-02,2023-01-02,true
DEVICE-000501,Tablet,PERSON-000556,Android,2023-01-02,2023-01-02,true
DEVICE-000502,Tablet,PERSON-002964,iOS,2023-01-02,2023-01-02,true
DEVICE-000503,Tablet,PERSON-002998,Android,2023-03-17,2023-03-17,true
DEVICE-000504,Tablet,PERSON-000948,Android,2023-03-17,2023-03-17,true
DEVICE-000505,Tablet,PERSON-001182,iOS,2023-03-17,2023-03-17,true
DEVICE-000506,Feature Phone,PERSON-001315,Android,2023-03-17,2023-03-17,true
DEVICE-000507,Smartphone,PERSON-000584,Android,2023-03-17,2023-03-17,true
DEVICE-000508,Feature Phone,PERSON-000584,Android,2023-03-17,2023-03-17,true
DEVICE-000509,Feature Phone,PERSON-000081,iOS,2023-05-24,2023-05-24,true
DEVICE-000510,Smartphone,PERSON-001259,Android,2023-05-24,2023-05-24,true
DEVICE-000511,Feature Phone,PERSON-002574,Android,2023-05-24,2023-05-24,true
DEVICE-000512,Feature Phone,PERSON-000863,iOS,2023-05-24,2023-05-24,true
DEVICE-000513,Smartphone,PERSON-000063,Android,2023-05-24,2023-05-24,true
DEVICE-000514,Smartphone,PERSON-001589,iOS,2023-05-24,2023-05-24,true
DEVICE-000515,Smartphone,PERSON-001589,iOS,2023-05-24,2023-05-24,true
DEVICE-000516,Tablet,PERSON-001578,Android,2023-05-24,2023-05-24,true
DEVICE-000517,Feature Phone,PERSON-001664,Android,2023-12-04,2023-12-04,true
DEVICE-000518,Feature Phone,PERSON-001343,Android,2023-12-04,2023-12-04,true
DEVICE-000519,Smartphone,PERSON-000697,iOS,2023-12-04,2023-12-04,true
DEVICE-000520,Feature Phone,PERSON-000230,Android,2023-12-04,2023-12-04,true
DEVICE-000521,Smartphone,PERSON-000635,Android,2023-12-04,2023-12-04,true
DEVICE-000522,Smartphone,PERSON-002715,Android,2023-12-04,2023-12-04,true
DEVICE-000523,Tablet,PERSON-002020,Android,2023-01-22,2023-01-22,true
DEVICE-000524,Smartphone,PERSON-002020,Android,2023-01-22,2023-01-22,true
DEVICE-000525,Tablet,PERSON-002873,Android,2023-01-22,2023-01-22,true
DEVICE-000526,Smartphone,PERSON-000921,iOS,2023-01-22,2023-01-22,true
DEVICE-000527,Tablet,PERSON-001965,Android,2023-01-22,2023-01-22,true
DEVICE-000528,Smartphone,PERSON-001992,iOS,2023-01-22,2023-01-22,true
DEVICE-000529,Tablet,PERSON-000083,iOS,2023-01-22,2023-01-22,true
DEVICE-000530,Feature Phone,PERSON-001543,iOS,2023-01-22,2023-01-22,true
DEVICE-000531,Feature Phone,PERSON-000488,Android,2023-01-22,2023-01-22,true
DEVICE-000532,Feature Phone,PERSON-000765,Android,2023-01-22,2023-01-22,true
DEVICE-000533,Feature Phone,PERSON-000357,Android,2023-01-22,2023-01-22,true
DEVICE-000534,Smartphone,PERSON-001334,iOS,2023-10-13,2023-10-13,true
DEVICE-000535,Tablet,PERSON-000499,Android,2023-10-13,2023-10-13,true
DEVICE-000536,Smartphone,PERSON-000245,iOS,2023-10-13,2023-10-13,true
DEVICE-000537,Feature Phone,PERSON-000943,iOS,2023-10-13,2023-10-13,true
DEVICE-000538,Smartphone,PERSON-000792,Android,2023-10-13,2023-10-13,true
DEVICE-000539,Feature Phone,PERSON-000792,iOS,2023-10-13,2023-10-13,true
DEVICE-000540,Smartphone,PERSON-000374,Android,2023-10-13,2023-10-13,true
DEVICE-000541,Smartphone,PERSON-002304,iOS,2023-10-13,2023-10-13,true
DEVICE-000542,Tablet,PERSON-001847,iOS,2023-10-13,2023-10-13,true
DEVICE-000543,Tablet,PERSON-002675,iOS,2023-01-27,2023-01-27,true
DEVICE-000544,Tablet,PERSON-000948,iOS,2023-01-27,2023-01-27,true
DEVICE-000545,Tablet,PERSON-000576,Android,2023-01-27,2023-01-27,true
DEVICE-000546,Smartphone,PERSON-000904,iOS,2023-01-27,2023-01-27,true
DEVICE-000547,Feature Phone,PERSON-001866,iOS,2023-01-27,2023-01-27,true
DEVICE-000548,Tablet,PERSON-000697,Android,2023-01-27,2023-01-27,true
DEVICE-000549,Smartphone,PERSON-000697,Android,2023-01-27,2023-01-27,true
DEVICE-000550,Tablet,PERSON-002715,Android,2023-01-27,2023-01-27,true
DEVICE-000551,Tablet,PERSON-000817,iOS,2023-06-30,2023-06-30,true
DEVICE-000552,Tablet,PERSON-000062,iOS,2023-06-30,2023-06-30,true
DEVICE-000553,Feature Phone,PERSON-001894,Android,2023-06-30,2023-06-30,true
DEVICE-000554,Smartphone,PERSON-001894,Android,2023-06-30,2023-06-30,true
DEVICE-000555,Tablet,PERSON-002872,Android,2023-06-30,2023-06-30,true
DEVICE-000556,Tablet,PERSON-000979,iOS,2023-06-30,2023-06-30,true
DEVICE-000557,Smartphone,PERSON-000920,iOS,2023-06-30,2023-06-30,true
DEVICE-000558,Tablet,PERSON-000920,iOS,2023-06-30,2023-06-30,true
DEVICE-000559,Feature Phone,PERSON-000390,iOS,2023-06-30,2023-06-30,true
DEVICE-000560,Tablet,PERSON-001326,iOS,2023-06-30,2023-06-30,true
DEVICE-000561,Smartphone,PERSON-001367,Android,2023-06-30,2023-06-30,true
DEVICE-000562,Smartphone,PERSON-001337,iOS,2023-06-30,2023-06-30,true
DEVICE-000563,Tablet,PERSON-001337,Android,2023-06-30,2023-06-30,true
DEVICE-000564,Tablet,PERSON-002150,iOS,2023-09-18,2023-09-18,true
DEVICE-000565,Feature Phone,PERSON-002077,iOS,2023-09-18,2023-09-18,true
DEVICE-000566,Feature Phone,PERSON-000096,Android,2023-09-18,2023-09-18,true
DEVICE-000567,Feature Phone,PERSON-000845,iOS,2023-09-18,2023-09-18,true
DEVICE-000568,Tablet,PERSON-001301,iOS,2023-09-18,2023-09-18,true
DEVICE-000569,Smartphone,PERSON-001301,iOS,2023-09-18,2023-09-18,true
DEVICE-000570,Feature Phone,PERSON-000419,iOS,2023-03-01,2023-03-01,true
DEVICE-000571,Feature Phone,PERSON-000407,iOS,2023-03-01,2023-03-01,true
DEVICE-000572,Smartphone,PERSON-002417,iOS,2023-03-01,2023-03-01,true
DEVICE-000573,Smartphone,PERSON-002417,iOS,2023-03-01,2023-03-01,true
DEVICE-000574,Tablet,PERSON-002094,iOS,2023-03-01,2023-03-01,true
DEVICE-000575,Smartphone,PERSON-001687,iOS,2023-03-01,2023-03-01,true
DEVICE-000576,Feature Phone,PERSON-001758,Android,2023-03-01,2023-03-01,true
DEVICE-000577,Feature Phone,PERSON-000207,iOS,2023-03-01,2023-03-01,true
DEVICE-000578,Tablet,PERSON-002105,iOS,2023-03-01,2023-03-01,true
DEVICE-000579,Smartphone,PERSON-001667,iOS,2023-09-28,2023-09-28,true
DEVICE-000580,Tablet,PERSON-001210,iOS,2023-09-28,2023-09-28,true
DEVICE-000581,Feature Phone,PERSON-001578,iOS,2023-09-28,2023-09-28,true
DEVICE-000582,Tablet,PERSON-001558,Android,2023-09-28,2023-09-28,true
DEVICE-000583,Feature Phone,PERSON-001558,iOS,2023-09-28,2023-09-28,true
DEVICE-000584,Smartphone,PERSON-000351,iOS,2023-09-28,2023-09-28,true
DEVICE-000585,Tablet,PERSON-002750,iOS,2023-09-28,2023-09-28,true
DEVICE-000586,Feature Phone,PERSON-001041,iOS,2023-09-28,2023-09-28,true
DEVICE-000587,Tablet,PERSON-001589,Android,2023-09-28,2023-09-28,true
DEVICE-000588,Feature Phone,PERSON-001670,iOS,2023-09-28,2023-09-28,true
DEVICE-000589,Tablet,PERSON-001670,Android,2023-09-28,2023-09-28,true
DEVICE-000590,Feature Phone,PERSON-002020,Android,2023-04-20,2023-04-20,true
DEVICE-000591,Feature Phone,PERSON-002279,Android,2023-04-20,2023-04-20,true
DEVICE-000592,Smartphone,PERSON-001544,Android,2023-04-20,2023-04-20,true
DEVICE-000593,Feature Phone,PERSON-001965,iOS,2023-04-20,2023-04-20,true
DEVICE-000594,Smartphone,PERSON-000863,iOS,2023-04-20,2023-04-20,true
DEVICE-000595,Smartphone,PERSON-000863,iOS,2023-04-20,2023-04-20,true
DEVICE-000596,Feature Phone,PERSON-000621,Android,2023-04-20,2023-04-20,true
DEVICE-000597,Smartphone,PERSON-000357,iOS,2023-04-20,2023-04-20,true
DEVICE-000598,Smartphone,PERSON-001425,iOS,2023-10-10,2023-10-10,true
DEVICE-000599,Tablet,PERSON-001425,Android,2023-10-10,2023-10-10,true
DEVICE-000600,Smartphone,PERSON-000822,iOS,2023-10-10,2023-10-10,true
DEVICE-000601,Feature Phone,PERSON-002986,iOS,2023-10-10,2023-10-10,true
DEVICE-000602,Feature Phone,PERSON-002759,Android,2023-10-10,2023-10-10,true
DEVICE-000603,Tablet,PERSON-001071,Android,2023-10-10,2023-10-10,true
DEVICE-000604,Smartphone,PERSON-001071,iOS,2023-10-10,2023-10-10,true
DEVICE-000605,Smartphone,PERSON-001642,Android,2023-10-10,2023-10-10,true
DEVICE-000606,Feature Phone,PERSON-000613,iOS,2023-10-10,2023-10-10,true
DEVICE-000607,Feature Phone,PERSON-000613,iOS,2023-10-10,2023-10-10,true
DEVICE-000608,Tablet,PERSON-002068,Android,2023-10-10,2023-10-10,true
DEVICE-000609,Tablet,PERSON-001578,Android,2023-10-10,2023-10-10,true
DEVICE-000610,Feature Phone,PERSON-001578,iOS,2023-10-10,2023-10-10,true
DEVICE-000611,Feature Phone,PERSON-001131,Android,2023-03-13,2023-03-13,true
DEVICE-000612,Feature Phone,PERSON-002758,iOS,2023-03-13,2023-03-13,true
DEVICE-000613,Smartphone,PERSON-000566,iOS,2023-03-13,2023-03-13,true
DEVICE-000614,Tablet,PERSON-000955,Android,2023-03-13,2023-03-13,true
DEVICE-000615,Feature Phone,PERSON-001127,iOS,2023-03-13,2023-03-13,true
DEVICE-000616,Tablet,PERSON-001360,iOS,2023-03-13,2023-03-13,true
DEVICE-000617,Smartphone,PERSON-000223,Android,2023-03-13,2023-03-13,true
DEVICE-000618,Tablet,PERSON-000223,Android,2023-03-13,2023-03-13,true
DEVICE-000619,Feature Phone,PERSON-001552,Android,2023-03-13,2023-03-13,true
DEVICE-000620,Tablet,PERSON-002020,Android,2023-11-14,2023-11-14,true
DEVICE-000621,Smartphone,PERSON-002279,iOS,2023-11-14,2023-11-14,true
DEVICE-000622,Tablet,PERSON-002517,iOS,2023-11-14,2023-11-14,true
DEVICE-000623,Tablet,PERSON-000921,iOS,2023-11-14,2023-11-14,true
DEVICE-000624,Tablet,PERSON-001540,Android,2023-11-14,2023-11-14,true
DEVICE-000625,Smartphone,PERSON-002999,Android,2023-11-14,2023-11-14,true
DEVICE-000626,Smartphone,PERSON-001205,Android,2023-11-14,2023-11-14,true
DEVICE-000627,Smartphone,PERSON-002675,Android,2023-08-23,2023-08-23,true
DEVICE-000628,Tablet,PERSON-002675,iOS,2023-08-23,2023-08-23,true
DEVICE-000629,Smartphone,PERSON-001343,iOS,2023-08-23,2023-08-23,true
DEVICE-000630,Feature Phone,PERSON-002998,Android,2023-08-23,2023-08-23,true
DEVICE-000631,Smartphone,PERSON-000948,iOS,2023-08-23,2023-08-23,true
DEVICE-000632,Feature Phone,PERSON-000576,Android,2023-08-23,2023-08-23,true
DEVICE-000633,Tablet,PERSON-000106,iOS,2023-08-23,2023-08-23,true
DEVICE-000634,Tablet,PERSON-000584,Android,2023-08-23,2023-08-23,true
DEVICE-000635,Feature Phone,PERSON-000611,iOS,2023-09-28,2023-09-28,true
DEVICE-000636,Smartphone,PERSON-001542,iOS,2023-09-28,2023-09-28,true
DEVICE-000637,Tablet,PERSON-001596,iOS,2023-09-28,2023-09-28,true
DEVICE-000638,Tablet,PERSON-002675,Android,2023-09-28,2023-09-28,true
DEVICE-000639,Smartphone,PERSON-001363,iOS,2023-09-28,2023-09-28,true
DEVICE-000640,Feature Phone,PERSON-002438,iOS,2023-09-28,2023-09-28,true
DEVICE-000641,Smartphone,PERSON-000832,iOS,2023-09-28,2023-09-28,true
DEVICE-000642,Feature Phone,PERSON-001701,iOS,2023-09-28,2023-09-28,true
DEVICE-000643,Smartphone,PERSON-002713,Android,2023-09-28,2023-09-28,true
DEVICE-000644,Tablet,PERSON-002713,iOS,2023-09-28,2023-09-28,true
DEVICE-000645,Smartphone,PERSON-001847,iOS,2023-09-28,2023-09-28,true
DEVICE-000646,Smartphone,PERSON-000635,iOS,2023-09-28,2023-09-28,true
DEVICE-000647,Tablet,PERSON-002922,iOS,2023-09-28,2023-09-28,true
DEVICE-000648,Feature Phone,PERSON-001110,Android,2023-09-16,2023-09-16,true
DEVICE-000649,Feature Phone,PERSON-002309,Android,2023-09-16,2023-09-16,true
DEVICE-000650,Smartphone,PERSON-000906,Android,2023-09-16,2023-09-16,true
DEVICE-000651,Smartphone,PERSON-002758,Android,2023-09-16,2023-09-16,true
DEVICE-000652,Tablet,PERSON-002982,Android,2023-09-16,2023-09-16,true
DEVICE-000653,Tablet,PERSON-000955,Android,2023-09-16,2023-09-16,true
DEVICE-000654,Feature Phone,PERSON-000057,iOS,2023-09-16,2023-09-16,true
DEVICE-000655,Smartphone,PERSON-000057,iOS,2023-09-16,2023-09-16,true
DEVICE-000656,Feature Phone,PERSON-001360,Android,2023-09-16,2023-09-16,true
DEVICE-000657,Tablet,PERSON-000223,Android,2023-09-16,2023-09-16,true
DEVICE-000658,Feature Phone,PERSON-001214,Android,2023-09-16,2023-09-16,true
DEVICE-000659,Tablet,PERSON-000081,iOS,2023-06-02,2023-06-02,true
DEVICE-000660,Tablet,PERSON-000081,iOS,2023-06-02,2023-06-02,true
DEVICE-000661,Smartphone,PERSON-001259,iOS,2023-06-02,2023-06-02,true
DEVICE-000662,Smartphone,PERSON-000850,Android,2023-06-02,2023-06-02,true
DEVICE-000663,Feature Phone,PERSON-001861,iOS,2023-06-02,2023-06-02,true
DEVICE-000664,Smartphone,PERSON-002574,Android,2023-06-02,2023-06-02,true
DEVICE-000665,Feature Phone,PERSON-000863,iOS,2023-06-02,2023-06-02,true
DEVICE-000666,Tablet,PERSON-000063,Android,2023-06-02,2023-06-02,true
DEVICE-000667,Smartphone,PERSON-002757,Android,2023-06-02,2023-06-02,true
DEVICE-000668,Smartphone,PERSON-000260,iOS,2023-06-26,2023-06-26,true
DEVICE-000669,Smartphone,PERSON-000245,iOS,2023-06-26,2023-06-26,true
DEVICE-000670,Smartphone,PERSON-000943,iOS,2023-06-26,2023-06-26,true
DEVICE-000671,Tablet,PERSON-000943,Android,2023-06-26,2023-06-26,true
DEVICE-000672,Tablet,PERSON-000825,iOS,2023-06-26,2023-06-26,true
DEVICE-000673,Smartphone,PERSON-002408,iOS,2023-06-26,2023-06-26,true
DEVICE-000674,Feature Phone,PERSON-001578,iOS,2023-06-26,2023-06-26,true
DEVICE-000675,Tablet,PERSON-001578,iOS,2023-06-26,2023-06-26,true
DEVICE-000676,Tablet,PERSON-002393,iOS,2023-06-26,2023-06-26,true
DEVICE-000677,Smartphone,PERSON-001847,iOS,2023-06-26,2023-06-26,true
DEVICE-000678,Feature Phone,PERSON-000146,Android,2023-09-08,2023-09-08,true
DEVICE-000679,Feature Phone,PERSON-000449,Android,2023-09-08,2023-09-08,true
DEVICE-000680,Feature Phone,PERSON-000473,Android,2023-09-08,2023-09-08,true
DEVICE-000681,Tablet,PERSON-000047,Android,2023-09-08,2023-09-08,true
DEVICE-000682,Feature Phone,PERSON-001768,Android,2023-09-08,2023-09-08,true
DEVICE-000683,Smartphone,PERSON-001768,iOS,2023-09-08,2023-09-08,true
DEVICE-000684,Feature Phone,PERSON-002205,iOS,2023-09-08,2023-09-08,true
DEVICE-000685,Smartphone,PERSON-000556,iOS,2023-09-08,2023-09-08,true
DEVICE-000686,Smartphone,PERSON-000556,Android,2023-09-08,2023-09-08,true
DEVICE-000687,Tablet,PERSON-002964,Android,2023-09-08,2023-09-08,true
DEVICE-000688,Smartphone,PERSON-002964,iOS,2023-09-08,2023-09-08,true
DEVICE-000689,Feature Phone,PERSON-002675,iOS,2023-05-05,2023-05-05,true
DEVICE-000690,Feature Phone,PERSON-002675,iOS,2023-05-05,2023-05-05,true
DEVICE-000691,Tablet,PERSON-002998,Android,2023-05-05,2023-05-05,true
DEVICE-000692,Tablet,PERSON-002835,Android,2023-05-05,2023-05-05,true
DEVICE-000693,Tablet,PERSON-000948,iOS,2023-05-05,2023-05-05,true
DEVICE-000694,Feature Phone,PERSON-000576,Android,2023-05-05,2023-05-05,true
DEVICE-000695,Feature Phone,PERSON-002757,iOS,2023-05-05,2023-05-05,true
DEVICE-000696,Tablet,PERSON-002757,iOS,2023-05-05,2023-05-05,true
DEVICE-000697,Smartphone,PERSON-001043,iOS,2023-05-05,2023-05-05,true
DEVICE-000698,Smartphone,PERSON-000697,iOS,2023-05-05,2023-05-05,true
DEVICE-000699,Smartphone,PERSON-002715,Android,2023-05-05,2023-05-05,true
DEVICE-000700,Feature Phone,PERSON-000081,Android,2023-06-12,2023-06-12,true
DEVICE-000701,Tablet,PERSON-001369,iOS,2023-06-12,2023-06-12,true
DEVICE-000702,Smartphone,PERSON-001259,Android,2023-06-12,2023-06-12,true
DEVICE-000703,Smartphone,PERSON-001861,Android,2023-06-12,2023-06-12,true
DEVICE-000704,Smartphone,PERSON-001861,iOS,2023-06-12,2023-06-12,true
DEVICE-000705,Smartphone,PERSON-002574,iOS,2023-06-12,2023-06-12,true
DEVICE-000706,Feature Phone,PERSON-002574,iOS,2023-06-12,2023-06-12,true
DEVICE-000707,Tablet,PERSON-000063,Android,2023-06-12,2023-06-12,true
DEVICE-000708,Smartphone,PERSON-001589,Android,2023-06-12,2023-06-12,true
DEVICE-000709,Feature Phone,PERSON-001334,Android,2023-08-17,2023-08-17,true
DEVICE-000710,Tablet,PERSON-001334,Android,2023-08-17,2023-08-17,true
DEVICE-000711,Feature Phone,PERSON-000260,iOS,2023-08-17,2023-08-17,true
DEVICE-000712,Feature Phone,PERSON-000245,Android,2023-08-17,2023-08-17,true
DEVICE-000713,Smartphone,PERSON-000943,Android,2023-08-17,2023-08-17,true
DEVICE-000714,Smartphone,PERSON-002397,Android,2023-08-17,2023-08-17,true
DEVICE-000715,Feature Phone,PERSON-001747,Android,2023-08-17,2023-08-17,true
DEVICE-000716,Feature Phone,PERSON-002408,iOS,2023-08-17,2023-08-17,true
DEVICE-000717,Feature Phone,PERSON-001578,iOS,2023-08-17,2023-08-17,true
DEVICE-000718,Tablet,PERSON-001847,iOS,2023-08-17,2023-08-17,true
DEVICE-000719,Feature Phone,PERSON-001029,Android,2023-08-17,2023-08-17,true
DEVICE-000720,Tablet,PERSON-001029,Android,2023-08-17,2023-08-17,true
DEVICE-000721,Feature Phone,PERSON-002304,Android,2023-08-19,2023-08-19,true
DEVICE-000722,Feature Phone,PERSON-000538,Android,2023-08-19,2023-08-19,true
DEVICE-000723,Smartphone,PERSON-000120,Android,2023-08-19,2023-08-19,true
DEVICE-000724,Smartphone,PERSON-000120,iOS,2023-08-19,2023-08-19,true
DEVICE-000725,Smartphone,PERSON-001965,iOS,2023-08-19,2023-08-19,true
DEVICE-000726,Smartphone,PERSON-000863,iOS,2023-08-19,2023-08-19,true
DEVICE-000727,Tablet,PERSON-000083,iOS,2023-08-19,2023-08-19,true
DEVICE-000728,Feature Phone,PERSON-001543,Android,2023-08-19,2023-08-19,true
DEVICE-000729,Smartphone,PERSON-001543,Android,2023-08-19,2023-08-19,true
DEVICE-000730,Feature Phone,PERSON-000488,iOS,2023-08-19,2023-08-19,true
DEVICE-000731,Tablet,PERSON-000765,Android,2023-08-19,2023-08-19,true
DEVICE-000732,Smartphone,PERSON-000357,iOS,2023-08-19,2023-08-19,true
DEVICE-000733,Smartphone,PERSON-000648,Android,2023-07-04,2023-07-04,true
DEVICE-000734,Feature Phone,PERSON-001706,iOS,2023-07-04,2023-07-04,true
DEVICE-000735,Tablet,PERSON-000647,Android,2023-07-04,2023-07-04,true
DEVICE-000736,Feature Phone,PERSON-000259,Android,2023-07-04,2023-07-04,true
DEVICE-000737,Feature Phone,PERSON-000568,Android,2023-07-04,2023-07-04,true
DEVICE-000738,Smartphone,PERSON-001318,Android,2023-07-04,2023-07-04,true
DEVICE-000739,Feature Phone,PERSON-000106,Android,2023-07-04,2023-07-04,true
DEVICE-000740,Tablet,PERSON-000419,iOS,2023-11-11,2023-11-11,true
DEVICE-000741,Smartphone,PERSON-000366,iOS,2023-11-11,2023-11-11,true
DEVICE-000742,Feature Phone,PERSON-000407,Android,2023-11-11,2023-11-11,true
DEVICE-000743,Tablet,PERSON-000407,Android,2023-11-11,2023-11-11,true
DEVICE-000744,Smartphone,PERSON-001687,Android,2023-11-11,2023-11-11,true
DEVICE-000745,Smartphone,PERSON-000927,Android,2023-11-11,2023-11-11,true
DEVICE-000746,Tablet,PERSON-001381,Android,2023-11-11,2023-11-11,true
DEVICE-000747,Smartphone,PERSON-000207,iOS,2023-11-11,2023-11-11,true
DEVICE-000748,Smartphone,PERSON-002105,Android,2023-11-11,2023-11-11,true
DEVICE-000749,Smartphone,PERSON-000111,iOS,2023-11-11,2023-11-11,true
DEVICE-000750,Feature Phone,PERSON-000103,Android,2023-11-11,2023-11-11,true
DEVICE-000751,Tablet,PERSON-002136,iOS,2023-12-28,2023-12-28,true
DEVICE-000752,Smartphone,PERSON-002136,Android,2023-12-28,2023-12-28,true
DEVICE-000753,Tablet,PERSON-000784,iOS,2023-12-28,2023-12-28,true
DEVICE-000754,Feature Phone,PERSON-000397,iOS,2023-12-28,2023-12-28,true
DEVICE-000755,Tablet,PERSON-000397,iOS,2023-12-28,2023-12-28,true
DEVICE-000756,Tablet,PERSON-000667,iOS,2023-12-28,2023-12-28,true
DEVICE-000757,Feature Phone,PERSON-001131,iOS,2023-12-28,2023-12-28,true
DEVICE-000758,Feature Phone,PERSON-000622,Android,2023-12-28,2023-12-28,true
DEVICE-000759,Smartphone,PERSON-002164,Android,2023-12-28,2023-12-28,true
DEVICE-000760,Feature Phone,PERSON-002164,iOS,2023-12-28,2023-12-28,true
DEVICE-000761,Tablet,PERSON-002004,iOS,2023-12-28,2023-12-28,true
DEVICE-000762,Smartphone,PERSON-002215,Android,2023-12-28,2023-12-28,true
DEVICE-000763,Smartphone,PERSON-001107,iOS,2023-12-28,2023-12-28,true
DEVICE-000764,Feature Phone,PERSON-001107,Android,2023-12-28,2023-12-28,true
DEVICE-000765,Tablet,PERSON-001478,Android,2023-07-23,2023-07-23,true
DEVICE-000766,Feature Phone,PERSON-000342,Android,2023-07-23,2023-07-23,true
DEVICE-000767,Feature Phone,PERSON-001059,iOS,2023-07-23,2023-07-23,true
DEVICE-000768,Tablet,PERSON-000302,Android,2023-07-23,2023-07-23,true
DEVICE-000769,Feature Phone,PERSON-000302,Android,2023-07-23,2023-07-23,true
DEVICE-000770,Feature Phone,PERSON-001880,iOS,2023-07-23,2023-07-23,true
DEVICE-000771,Feature Phone,PERSON-000489,Android,2023-07-23,2023-07-23,true
DEVICE-000772,Feature Phone,PERSON-000092,Android,2023-07-13,2023-07-13,true
DEVICE-000773,Feature Phone,PERSON-001135,Android,2023-07-13,2023-07-13,true
DEVICE-000774,Tablet,PERSON-001259,iOS,2023-07-13,2023-07-13,true
DEVICE-000775,Smartphone,PERSON-000597,Android,2023-07-13,2023-07-13,true
DEVICE-000776,Tablet,PERSON-001894,iOS,2023-07-13,2023-07-13,true
DEVICE-000777,Tablet,PERSON-001894,Android,2023-07-13,2023-07-13,true
DEVICE-000778,Feature Phone,PERSON-002576,Android,2023-07-13,2023-07-13,true
DEVICE-000779,Tablet,PERSON-000390,iOS,2023-07-13,2023-07-13,true
DEVICE-000780,Feature Phone,PERSON-002660,iOS,2023-07-13,2023-07-13,true
DEVICE-000781,Smartphone,PERSON-002660,iOS,2023-07-13,2023-07-13,true
DEVICE-000782,Tablet,PERSON-001873,iOS,2023-07-13,2023-07-13,true
DEVICE-000783,Feature Phone,PERSON-002457,Android,2023-07-13,2023-07-13,true
DEVICE-000784,Tablet,PERSON-001581,iOS,2023-07-13,2023-07-13,true
DEVICE-000785,Feature Phone,PERSON-002335,iOS,2023-07-13,2023-07-13,true
DEVICE-000786,Smartphone,PERSON-001337,Android,2023-07-13,2023-07-13,true
DEVICE-000787,Tablet,PERSON-002901,iOS,2023-09-14,2023-09-14,true
DEVICE-000788,Tablet,PERSON-002675,Android,2023-09-14,2023-09-14,true
DEVICE-000789,Feature Phone,PERSON-002675,Android,2023-09-14,2023-09-14,true
DEVICE-000790,Tablet,PERSON-002438,iOS,2023-09-14,2023-09-14,true
DEVICE-000791,Tablet,PERSON-001542,iOS,2023-09-14,2023-09-14,true
DEVICE-000792,Tablet,PERSON-001596,Android,2023-09-14,2023-09-14,true
DEVICE-000793,Feature Phone,PERSON-001363,iOS,2023-09-14,2023-09-14,true
DEVICE-000794,Smartphone,PERSON-000611,Android,2023-09-14,2023-09-14,true
DEVICE-000795,Tablet,PERSON-002896,Android,2023-09-14,2023-09-14,true
DEVICE-000796,Smartphone,PERSON-000497,iOS,2023-09-14,2023-09-14,true
DEVICE-000797,Tablet,PERSON-000497,Android,2023-09-14,2023-09-14,true
DEVICE-000798,Feature Phone,PERSON-002713,iOS,2023-09-14,2023-09-14,true
DEVICE-000799,Tablet,PERSON-002713,iOS,2023-09-14,2023-09-14,true
DEVICE-000800,Smartphone,PERSON-002847,Android,2023-09-14,2023-09-14,true
DEVICE-000801,Feature Phone,PERSON-001480,Android,2023-09-14,2023-09-14,true
DEVICE-000802,Feature Phone,PERSON-001480,Android,2023-09-14,2023-09-14,true
DEVICE-000803,Smartphone,PERSON-002517,Android,2023-07-23,2023-07-23,true
DEVICE-000804,Smartphone,PERSON-000120,Android,2023-07-23,2023-07-23,true
DEVICE-000805,Smartphone,PERSON-001898,Android,2023-07-23,2023-07-23,true
DEVICE-000806,Tablet,PERSON-001898,Android,2023-07-23,2023-07-23,true
DEVICE-000807,Smartphone,PERSON-000921,iOS,2023-07-23,2023-07-23,true
DEVICE-000808,Smartphone,PERSON-000921,Android,2023-07-23,2023-07-23,true
DEVICE-000809,Tablet,PERSON-001540,iOS,2023-07-23,2023-07-23,true
DEVICE-000810,Tablet,PERSON-000083,Android,2023-07-23,2023-07-23,true
DEVICE-000811,Smartphone,PERSON-001543,Android,2023-07-23,2023-07-23,true
DEVICE-000812,Tablet,PERSON-002507,Android,2023-07-23,2023-07-23,true
DEVICE-000813,Tablet,PERSON-002999,Android,2023-07-23,2023-07-23,true
DEVICE-000814,Smartphone,PERSON-002999,Android,2023-07-23,2023-07-23,true
DEVICE-000815,Feature Phone,PERSON-000765,iOS,2023-07-23,2023-07-23,true
DEVICE-000816,Smartphone,PERSON-000842,Android,2023-02-01,2023-02-01,true
DEVICE-000817,Tablet,PERSON-002954,iOS,2023-02-01,2023-02-01,true
DEVICE-000818,Feature Phone,PERSON-001886,Android,2023-02-01,2023-02-01,true
DEVICE-000819,Tablet,PERSON-000763,iOS,2023-02-01,2023-02-01,true
DEVICE-000820,Smartphone,PERSON-002444,iOS,2023-02-01,2023-02-01,true
DEVICE-000821,Tablet,PERSON-001385,iOS,2023-02-01,2023-02-01,true
DEVICE-000822,Smartphone,PERSON-000506,iOS,2023-06-03,2023-06-03,true
DEVICE-000823,Tablet,PERSON-000506,iOS,2023-06-03,2023-06-03,true
DEVICE-000824,Smartphone,PERSON-002039,iOS,2023-06-03,2023-06-03,true
DEVICE-000825,Smartphone,PERSON-000769,iOS,2023-06-03,2023-06-03,true
DEVICE-000826,Feature Phone,PERSON-000860,Android,2023-06-03,2023-06-03,true
DEVICE-000827,Smartphone,PERSON-002223,iOS,2023-06-03,2023-06-03,true
DEVICE-000828,Feature Phone,PERSON-000405,iOS,2023-06-03,2023-06-03,true
DEVICE-000829,Feature Phone,PERSON-000390,iOS,2023-06-03,2023-06-03,true
DEVICE-000830,Tablet,PERSON-001337,iOS,2023-06-03,2023-06-03,true
DEVICE-000831,Tablet,PERSON-000479,Android,2023-05-26,2023-05-26,true
DEVICE-000832,Feature Phone,PERSON-000479,iOS,2023-05-26,2023-05-26,true
DEVICE-000833,Smartphone,PERSON-000132,iOS,2023-05-26,2023-05-26,true
DEVICE-000834,Smartphone,PERSON-000575,Android,2023-05-26,2023-05-26,true
DEVICE-000835,Tablet,PERSON-000193,iOS,2023-05-26,2023-05-26,true
DEVICE-000836,Tablet,PERSON-000193,iOS,2023-05-26,2023-05-26,true
DEVICE-000837,Feature Phone,PERSON-001861,Android,2023-05-26,2023-05-26,true
DEVICE-000838,Smartphone,PERSON-002839,iOS,2023-05-26,2023-05-26,true
DEVICE-000839,Tablet,PERSON-000497,iOS,2023-05-26,2023-05-26,true
DEVICE-000840,Tablet,PERSON-000216,iOS,2023-05-26,2023-05-26,true
DEVICE-000841,Feature Phone,PERSON-001043,Android,2023-05-26,2023-05-26,true
DEVICE-000842,Feature Phone,PERSON-002124,Android,2023-05-26,2023-05-26,true
DEVICE-000843,Smartphone,PERSON-000488,iOS,2023-05-26,2023-05-26,true
DEVICE-000844,Smartphone,PERSON-000683,Android,2023-05-26,2023-05-26,true
DEVICE-000845,Smartphone,PERSON-001210,iOS,2023-11-29,2023-11-29,true
DEVICE-000846,Tablet,PERSON-001667,iOS,2023-11-29,2023-11-29,true
DEVICE-000847,Feature Phone,PERSON-001558,iOS,2023-11-29,2023-11-29,true
DEVICE-000848,Tablet,PERSON-000351,iOS,2023-11-29,2023-11-29,true
DEVICE-000849,Smartphone,PERSON-002256,Android,2023-11-29,2023-11-29,true
DEVICE-000850,Smartphone,PERSON-001041,iOS,2023-11-29,2023-11-29,true
DEVICE-000851,Feature Phone,PERSON-001589,Android,2023-11-29,2023-11-29,true
DEVICE-000852,Smartphone,PERSON-001670,iOS,2023-11-29,2023-11-29,true
DEVICE-000853,Smartphone,PERSON-000081,Android,2023-07-27,2023-07-27,true
DEVICE-000854,Tablet,PERSON-000081,iOS,2023-07-27,2023-07-27,true
DEVICE-000855,Feature Phone,PERSON-001259,iOS,2023-07-27,2023-07-27,true
DEVICE-000856,Feature Phone,PERSON-001259,Android,2023-07-27,2023-07-27,true
DEVICE-000857,Feature Phone,PERSON-000850,iOS,2023-07-27,2023-07-27,true
DEVICE-000858,Feature Phone,PERSON-001861,Android,2023-07-27,2023-07-27,true
DEVICE-000859,Smartphone,PERSON-000063,Android,2023-07-27,2023-07-27,true
DEVICE-000860,Tablet,PERSON-002757,Android,2023-07-27,2023-07-27,true
DEVICE-000861,Smartphone,PERSON-001589,Android,2023-07-27,2023-07-27,true
DEVICE-000862,Smartphone,PERSON-000081,Android,2023-04-05,2023-04-05,true
DEVICE-000863,Tablet,PERSON-001259,Android,2023-04-05,2023-04-05,true
DEVICE-000864,Feature Phone,PERSON-001861,Android,2023-04-05,2023-04-05,true
DEVICE-000865,Feature Phone,PERSON-002574,Android,2023-04-05,2023-04-05,true
DEVICE-000866,Smartphone,PERSON-002574,Android,2023-04-05,2023-04-05,true
DEVICE-000867,Feature Phone,PERSON-000216,iOS,2023-04-05,2023-04-05,true
DEVICE-000868,Feature Phone,PERSON-001589,iOS,2023-04-05,2023-04-05,true
DEVICE-000869,Smartphone,PERSON-001589,iOS,2023-04-05,2023-04-05,true
DEVICE-000870,Tablet,PERSON-002517,Android,2023-05-19,2023-05-19,true
DEVICE-000871,Tablet,PERSON-002279,Android,2023-05-19,2023-05-19,true
DEVICE-000872,Smartphone,PERSON-000538,Android,2023-05-19,2023-05-19,true
DEVICE-000873,Smartphone,PERSON-000222,Android,2023-05-19,2023-05-19,true
DEVICE-000874,Tablet,PERSON-001898,Android,2023-05-19,2023-05-19,true
DEVICE-000875,Smartphone,PERSON-000621,iOS,2023-05-19,2023-05-19,true
DEVICE-000876,Tablet,PERSON-000083,Android,2023-05-19,2023-05-19,true
DEVICE-000877,Feature Phone,PERSON-002745,Android,2023-05-19,2023-05-19,true
DEVICE-000878,Feature Phone,PERSON-002745,Android,2023-05-19,2023-05-19,true
DEVICE-000879,Feature Phone,PERSON-000357,Android,2023-05-19,2023-05-19,true
DEVICE-000880,Smartphone,PERSON-000943,Android,2023-12-04,2023-12-04,true
DEVICE-000881,Feature Phone,PERSON-001780,Android,2023-12-04,2023-12-04,true
DEVICE-000882,Smartphone,PERSON-002397,iOS,2023-12-04,2023-12-04,true
DEVICE-000883,Tablet,PERSON-000955,iOS,2023-12-04,2023-12-04,true
DEVICE-000884,Smartphone,PERSON-002408,iOS,2023-12-04,2023-12-04,true
DEVICE-000885,Smartphone,PERSON-000374,iOS,2023-12-04,2023-12-04,true
DEVICE-000886,Smartphone,PERSON-001578,iOS,2023-12-04,2023-12-04,true
DEVICE-000887,Tablet,PERSON-001667,iOS,2023-12-17,2023-12-17,true
DEVICE-000888,Feature Phone,PERSON-000081,iOS,2023-12-17,2023-12-17,true
DEVICE-000889,Smartphone,PERSON-001259,Android,2023-12-17,2023-12-17,true
DEVICE-000890,Smartphone,PERSON-001259,Android,2023-12-17,2023-12-17,true
DEVICE-000891,Feature Phone,PERSON-000850,iOS,2023-12-17,2023-12-17,true
DEVICE-000892,Smartphone,PERSON-002574,iOS,2023-12-17,2023-12-17,true
DEVICE-000893,Tablet,PERSON-000863,iOS,2023-12-17,2023-12-17,true
DEVICE-000894,Tablet,PERSON-000063,Android,2023-12-17,2023-12-17,true
DEVICE-000895,Smartphone,PERSON-002757,iOS,2023-12-17,2023-12-17,true
DEVICE-000896,Smartphone,PERSON-001589,iOS,2023-12-17,2023-12-17,true
DEVICE-000897,Feature Phone,PERSON-001589,iOS,2023-12-17,2023-12-17,true
DEVICE-000898,Smartphone,PERSON-002517,iOS,2023-03-06,2023-03-06,true
DEVICE-000899,Tablet,PERSON-000132,iOS,2023-03-06,2023-03-06,true
DEVICE-000900,Tablet,PERSON-001861,Android,2023-03-06,2023-03-06,true
DEVICE-000901,Tablet,PERSON-000497,iOS,2023-03-06,2023-03-06,true
DEVICE-000902,Feature Phone,PERSON-000216,Android,2023-03-06,2023-03-06,true
DEVICE-000903,Feature Phone,PERSON-002901,Android,2023-03-06,2023-03-06,true
DEVICE-000904,Smartphone,PERSON-002901,Android,2023-03-06,2023-03-06,true
DEVICE-000905,Smartphone,PERSON-002124,iOS,2023-03-06,2023-03-06,true
DEVICE-000906,Smartphone,PERSON-000683,Android,2023-03-06,2023-03-06,true
DEVICE-000907,Feature Phone,PERSON-001860,iOS,2023-03-06,2023-03-06,true
DEVICE-000908,Smartphone,PERSON-000423,iOS,2023-06-30,2023-06-30,true
DEVICE-000909,Tablet,PERSON-002150,Android,2023-06-30,2023-06-30,true
DEVICE-000910,Tablet,PERSON-001796,Android,2023-06-30,2023-06-30,true
DEVICE-000911,Tablet,PERSON-002197,Android,2023-06-30,2023-06-30,true
DEVICE-000912,Tablet,PERSON-002197,Android,2023-06-30,2023-06-30,true
DEVICE-000913,Feature Phone,PERSON-002771,iOS,2023-06-30,2023-06-30,true
DEVICE-000914,Feature Phone,PERSON-001803,iOS,2023-06-30,2023-06-30,true
DEVICE-000915,Smartphone,PERSON-000991,iOS,2023-06-30,2023-06-30,true
DEVICE-000916,Tablet,PERSON-002944,iOS,2023-06-30,2023-06-30,true
DEVICE-000917,Tablet,PERSON-002944,iOS,2023-06-30,2023-06-30,true
DEVICE-000918,Feature Phone,PERSON-002418,Android,2023-06-30,2023-06-30,true
DEVICE-000919,Tablet,PERSON-002418,Android,2023-06-30,2023-06-30,true
DEVICE-000920,Smartphone,PERSON-000957,Android,2023-06-30,2023-06-30,true
DEVICE-000921,Feature Phone,PERSON-000957,iOS,2023-06-30,2023-06-30,true
DEVICE-000922,Smartphone,PERSON-001573,Android,2023-11-06,2023-11-06,true
DEVICE-000923,Smartphone,PERSON-000499,Android,2023-11-06,2023-11-06,true
DEVICE-000924,Smartphone,PERSON-000825,iOS,2023-11-06,2023-11-06,true
DEVICE-000925,Smartphone,PERSON-001747,iOS,2023-11-06,2023-11-06,true
DEVICE-000926,Feature Phone,PERSON-002846,iOS,2023-11-06,2023-11-06,true
DEVICE-000927,Feature Phone,PERSON-002846,Android,2023-11-06,2023-11-06,true
DEVICE-000928,Tablet,PERSON-001691,Android,2023-11-06,2023-11-06,true
DEVICE-000929,Tablet,PERSON-000146,iOS,2023-12-05,2023-12-05,true
DEVICE-000930,Tablet,PERSON-001210,iOS,2023-12-05,2023-12-05,true
DEVICE-000931,Tablet,PERSON-000351,iOS,2023-12-05,2023-12-05,true
DEVICE-000932,Smartphone,PERSON-002750,Android,2023-12-05,2023-12-05,true
DEVICE-000933,Feature Phone,PERSON-001041,Android,2023-12-05,2023-12-05,true
DEVICE-000934,Tablet,PERSON-002735,Android,2023-12-05,2023-12-05,true
DEVICE-000935,Feature Phone,PERSON-002377,iOS,2023-03-13,2023-03-13,true
DEVICE-000936,Tablet,PERSON-000604,iOS,2023-03-13,2023-03-13,true
DEVICE-000937,Feature Phone,PERSON-002740,iOS,2023-03-13,2023-03-13,true
DEVICE-000938,Feature Phone,PERSON-002481,Android,2023-03-13,2023-03-13,true
DEVICE-000939,Tablet,PERSON-001880,iOS,2023-03-13,2023-03-13,true
DEVICE-000940,Tablet,PERSON-002247,Android,2023-03-13,2023-03-13,true
DEVICE-000941,Tablet,PERSON-002826,iOS,2023-03-13,2023-03-13,true
DEVICE-000942,Tablet,PERSON-002450,iOS,2023-07-22,2023-07-22,true
DEVICE-000943,Tablet,PERSON-000092,iOS,2023-07-22,2023-07-22,true
DEVICE-000944,Tablet,PERSON-000092,iOS,2023-07-22,2023-07-22,true
DEVICE-000945,Feature Phone,PERSON-001135,Android,2023-07-22,2023-07-22,true
DEVICE-000946,Feature Phone,PERSON-000817,Android,2023-07-22,2023-07-22,true
DEVICE-000947,Tablet,PERSON-000597,iOS,2023-07-22,2023-07-22,true
DEVICE-000948,Feature Phone,PERSON-000405,Android,2023-07-22,2023-07-22,true
DEVICE-000949,Smartphone,PERSON-000405,iOS,2023-07-22,2023-07-22,true
DEVICE-000950,Smartphone,PERSON-002879,Android,2023-07-22,2023-07-22,true
DEVICE-000951,Tablet,PERSON-002879,Android,2023-07-22,2023-07-22,true
DEVICE-000952,Tablet,PERSON-000920,iOS,2023-07-22,2023-07-22,true
DEVICE-000953,Tablet,PERSON-001367,Android,2023-07-22,2023-07-22,true
DEVICE-000954,Feature Phone,PERSON-002020,iOS,2023-08-27,2023-08-27,true
DEVICE-000955,Smartphone,PERSON-002020,iOS,2023-08-27,2023-08-27,true
DEVICE-000956,Feature Phone,PERSON-000921,Android,2023-08-27,2023-08-27,true
DEVICE-000957,Feature Phone,PERSON-000083,iOS,2023-08-27,2023-08-27,true
DEVICE-000958,Feature Phone,PERSON-002999,iOS,2023-08-27,2023-08-27,true
DEVICE-000959,Tablet,PERSON-000488,Android,2023-08-27,2023-08-27,true
DEVICE-000960,Tablet,PERSON-002745,iOS,2023-08-27,2023-08-27,true
DEVICE-000961,Feature Phone,PERSON-001847,iOS,2023-08-27,2023-08-27,true
DEVICE-000962,Smartphone,PERSON-001847,Android,2023-08-27,2023-08-27,true
DEVICE-000963,Feature Phone,PERSON-001334,Android,2023-09-29,2023-09-29,true
DEVICE-000964,Smartphone,PERSON-001334,Android,2023-09-29,2023-09-29,true
DEVICE-000965,Smartphone,PERSON-000499,Android,2023-09-29,2023-09-29,true
DEVICE-000966,Tablet,PERSON-000374,iOS,2023-09-29,2023-09-29,true
DEVICE-000967,Tablet,PERSON-002304,iOS,2023-09-29,2023-09-29,true
DEVICE-000968,Tablet,PERSON-002393,Android,2023-09-29,2023-09-29,true
DEVICE-000969,Tablet,PERSON-002393,Android,2023-09-29,2023-09-29,true
DEVICE-000970,Tablet,PERSON-001847,Android,2023-09-29,2023-09-29,true
DEVICE-000971,Feature Phone,PERSON-001029,iOS,2023-09-29,2023-09-29,true
DEVICE-000972,Feature Phone,PERSON-000479,Android,2023-07-29,2023-07-29,true
DEVICE-000973,Tablet,PERSON-000919,Android,2023-07-29,2023-07-29,true
DEVICE-000974,Feature Phone,PERSON-002764,iOS,2023-07-29,2023-07-29,true
DEVICE-000975,Tablet,PERSON-002764,Android,2023-07-29,2023-07-29,true
DEVICE-000976,Feature Phone,PERSON-001478,Android,2023-07-29,2023-07-29,true
DEVICE-000977,Feature Phone,PERSON-001846,Android,2023-07-29,2023-07-29,true
DEVICE-000978,Feature Phone,PERSON-001043,iOS,2023-07-29,2023-07-29,true
DEVICE-000979,Tablet,PERSON-001043,Android,2023-07-29,2023-07-29,true
DEVICE-000980,Smartphone,PERSON-001687,iOS,2023-07-29,2023-07-29,true
DEVICE-000981,Feature Phone,PERSON-002124,Android,2023-07-29,2023-07-29,true
DEVICE-000982,Smartphone,PERSON-000575,iOS,2023-07-29,2023-07-29,true
DEVICE-000983,Tablet,PERSON-000575,Android,2023-07-29,2023-07-29,true
DEVICE-000984,Feature Phone,PERSON-001968,iOS,2023-07-29,2023-07-29,true
DEVICE-000985,Tablet,PERSON-001968,Android,2023-07-29,2023-07-29,true
DEVICE-000986,Smartphone,PERSON-000146,iOS,2023-03-07,2023-03-07,true
DEVICE-000987,Tablet,PERSON-001210,iOS,2023-03-07,2023-03-07,true
DEVICE-000988,Smartphone,PERSON-001667,iOS,2023-03-07,2023-03-07,true
DEVICE-000989,Feature Phone,PERSON-001596,Android,2023-03-07,2023-03-07,true
DEVICE-000990,Tablet,PERSON-000351,Android,2023-03-07,2023-03-07,true
DEVICE-000991,Tablet,PERSON-001589,Android,2023-03-07,2023-03-07,true
DEVICE-000992,Smartphone,PERSON-001670,iOS,2023-03-07,2023-03-07,true
DEVICE-000993,Feature Phone,PERSON-000479,iOS,2023-10-09,2023-10-09,true
DEVICE-000994,Tablet,PERSON-000479,iOS,2023-10-09,2023-10-09,true
DEVICE-000995,Feature Phone,PERSON-001944,Android,2023-10-09,2023-10-09,true
DEVICE-000996,Tablet,PERSON-001944,Android,2023-10-09,2023-10-09,true
DEVICE-000997,Tablet,PERSON-000295,iOS,2023-10-09,2023-10-09,true
DEVICE-000998,Feature Phone,PERSON-002739,Android,2023-10-09,2023-10-09,true
DEVICE-000999,Smartphone,PERSON-001066,Android,2023-10-09,2023-10-09,true
DEVICE-001000,Smartphone,PERSON-001066,iOS,2023-10-09,2023-10-09,true
DEVICE-001001,Tablet,PERSON-000846,Android,2023-10-09,2023-10-09,true
DEVICE-001002,Feature Phone,PERSON-001803,Android,2023-10-09,2023-10-09,true
DEVICE-001003,Tablet,PERSON-002965,iOS,2023-10-09,2023-10-09,true
DEVICE-001004,Feature Phone,PERSON-001387,iOS,2023-10-09,2023-10-09,true
DEVICE-001005,Feature Phone,PERSON-001387,iOS,2023-10-09,2023-10-09,true
DEVICE-001006,Tablet,PERSON-000838,Android,2023-10-09,2023-10-09,true
DEVICE-001007,Smartphone,PERSON-001259,iOS,2023-09-07,2023-09-07,true
DEVICE-001008,Feature Phone,PERSON-001259,iOS,2023-09-07,2023-09-07,true
DEVICE-001009,Smartphone,PERSON-002998,Android,2023-09-07,2023-09-07,true
DEVICE-001010,Smartphone,PERSON-002574,iOS,2023-09-07,2023-09-07,true
DEVICE-001011,Smartphone,PERSON-000863,iOS,2023-09-07,2023-09-07,true
DEVICE-001012,Smartphone,PERSON-000063,Android,2023-09-07,2023-09-07,true
DEVICE-001013,Feature Phone,PERSON-002757,Android,2023-09-07,2023-09-07,true
DEVICE-001014,Feature Phone,PERSON-002020,Android,2023-04-30,2023-04-30,true
DEVICE-001015,Smartphone,PERSON-001898,Android,2023-04-30,2023-04-30,true
DEVICE-001016,Tablet,PERSON-001992,iOS,2023-04-30,2023-04-30,true
DEVICE-001017,Feature Phone,PERSON-001543,iOS,2023-04-30,2023-04-30,true
DEVICE-001018,Tablet,PERSON-002999,Android,2023-04-30,2023-04-30,true
DEVICE-001019,Smartphone,PERSON-000357,iOS,2023-04-30,2023-04-30,true
DEVICE-001020,Tablet,PERSON-001542,Android,2023-05-31,2023-05-31,true
DEVICE-001021,Tablet,PERSON-001343,Android,2023-05-31,2023-05-31,true
DEVICE-001022,Feature Phone,PERSON-001363,Android,2023-05-31,2023-05-31,true
DEVICE-001023,Smartphone,PERSON-000060,iOS,2023-05-31,2023-05-31,true
DEVICE-001024,Smartphone,PERSON-000060,Android,2023-05-31,2023-05-31,true
DEVICE-001025,Tablet,PERSON-002896,Android,2023-05-31,2023-05-31,true
DEVICE-001026,Feature Phone,PERSON-000635,Android,2023-05-31,2023-05-31,true
DEVICE-001027,Smartphone,PERSON-000635,iOS,2023-05-31,2023-05-31,true
DEVICE-001028,Feature Phone,PERSON-002922,Android,2023-05-31,2023-05-31,true
DEVICE-001029,Tablet,PERSON-002922,Android,2023-05-31,2023-05-31,true
DEVICE-001030,Tablet,PERSON-001584,iOS,2023-01-12,2023-01-12,true
DEVICE-001031,Smartphone,PERSON-002829,Android,2023-01-12,2023-01-12,true
DEVICE-001032,Smartphone,PERSON-001807,iOS,2023-01-12,2023-01-12,true
DEVICE-001033,Smartphone,PERSON-002920,Android,2023-01-12,2023-01-12,true
DEVICE-001034,Feature Phone,PERSON-000622,iOS,2023-01-12,2023-01-12,true
DEVICE-001035,Smartphone,PERSON-001455,iOS,2023-01-12,2023-01-12,true
DEVICE-001036,Tablet,PERSON-002006,Android,2023-01-12,2023-01-12,true
DEVICE-001037,Smartphone,PERSON-001824,iOS,2023-01-12,2023-01-12,true
DEVICE-001038,Feature Phone,PERSON-000430,Android,2023-01-12,2023-01-12,true
DEVICE-001039,Smartphone,PERSON-001615,Android,2023-07-06,2023-07-06,true
DEVICE-001040,Feature Phone,PERSON-002082,Android,2023-07-06,2023-07-06,true
DEVICE-001041,Smartphone,PERSON-001059,Android,2023-07-06,2023-07-06,true
DEVICE-001042,Tablet,PERSON-000302,Android,2023-07-06,2023-07-06,true
DEVICE-001043,Tablet,PERSON-002122,iOS,2023-07-06,2023-07-06,true
DEVICE-001044,Feature Phone,PERSON-000489,Android,2023-07-06,2023-07-06,true
DEVICE-001045,Smartphone,PERSON-000305,iOS,2023-07-06,2023-07-06,true
DEVICE-001046,Smartphone,PERSON-001007,iOS,2023-07-05,2023-07-05,true
DEVICE-001047,Tablet,PERSON-001115,iOS,2023-07-05,2023-07-05,true
DEVICE-001048,Smartphone,PERSON-000792,iOS,2023-07-05,2023-07-05,true
DEVICE-001049,Feature Phone,PERSON-001558,Android,2023-08-22,2023-08-22,true
DEVICE-001050,Feature Phone,PERSON-001474,iOS,2023-08-22,2023-08-22,true
DEVICE-001051,Tablet,PERSON-001115,iOS,2023-08-22,2023-08-22,true
DEVICE-001052,Tablet,PERSON-001262,Android,2023-08-22,2023-08-22,true
DEVICE-001053,Tablet,PERSON-001262,Android,2023-08-22,2023-08-22,true
DEVICE-001054,Tablet,PERSON-001610,iOS,2023-08-22,2023-08-22,true
DEVICE-001055,Feature Phone,PERSON-002576,Android,2023-08-22,2023-08-22,true
DEVICE-001056,Smartphone,PERSON-000267,iOS,2023-08-22,2023-08-22,true
DEVICE-001057,Smartphone,PERSON-000267,iOS,2023-08-22,2023-08-22,true
DEVICE-001058,Smartphone,PERSON-000792,iOS,2023-08-22,2023-08-22,true
DEVICE-001059,Feature Phone,PERSON-001757,Android,2023-08-22,2023-08-22,true
DEVICE-001060,Tablet,PERSON-000769,iOS,2023-11-14,2023-11-14,true
DEVICE-001061,Smartphone,PERSON-000597,Android,2023-11-14,2023-11-14,true
DEVICE-001062,Feature Phone,PERSON-000405,iOS,2023-11-14,2023-11-14,true
DEVICE-001063,Smartphone,PERSON-002872,Android,2023-11-14,2023-11-14,true
DEVICE-001064,Tablet,PERSON-001041,Android,2023-11-14,2023-11-14,true
DEVICE-001065,Tablet,PERSON-002660,iOS,2023-11-14,2023-11-14,true
DEVICE-001066,Feature Phone,PERSON-002660,iOS,2023-11-14,2023-11-14,true
DEVICE-001067,Feature Phone,PERSON-002457,Android,2023-11-14,2023-11-14,true
DEVICE-001068,Smartphone,PERSON-002457,iOS,2023-11-14,2023-11-14,true
DEVICE-001069,Smartphone,PERSON-002335,iOS,2023-11-14,2023-11-14,true
DEVICE-001070,Feature Phone,PERSON-000544,Android,2023-11-14,2023-11-14,true
DEVICE-001071,Tablet,PERSON-001894,Android,2023-11-14,2023-11-14,true
DEVICE-001072,Feature Phone,PERSON-002450,Android,2023-11-23,2023-11-23,true
DEVICE-001073,Smartphone,PERSON-000506,Android,2023-11-23,2023-11-23,true
DEVICE-001074,Feature Phone,PERSON-000506,iOS,2023-11-23,2023-11-23,true
DEVICE-001075,Tablet,PERSON-000769,iOS,2023-11-23,2023-11-23,true
DEVICE-001076,Feature Phone,PERSON-000817,iOS,2023-11-23,2023-11-23,true
DEVICE-001077,Feature Phone,PERSON-000597,iOS,2023-11-23,2023-11-23,true
DEVICE-001078,Smartphone,PERSON-002576,Android,2023-11-23,2023-11-23,true
DEVICE-001079,Tablet,PERSON-002879,iOS,2023-11-23,2023-11-23,true
DEVICE-001080,Smartphone,PERSON-000979,Android,2023-11-23,2023-11-23,true
DEVICE-001081,Feature Phone,PERSON-001337,iOS,2023-11-23,2023-11-23,true
DEVICE-001082,Tablet,PERSON-001425,iOS,2023-06-13,2023-06-13,true
DEVICE-001083,Smartphone,PERSON-000822,Android,2023-06-13,2023-06-13,true
DEVICE-001084,Feature Phone,PERSON-000822,iOS,2023-06-13,2023-06-13,true
DEVICE-001085,Smartphone,PERSON-002759,Android,2023-06-13,2023-06-13,true
DEVICE-001086,Tablet,PERSON-002759,iOS,2023-06-13,2023-06-13,true
DEVICE-001087,Tablet,PERSON-001071,iOS,2023-06-13,2023-06-13,true
DEVICE-001088,Feature Phone,PERSON-000613,Android,2023-06-13,2023-06-13,true
DEVICE-001089,Tablet,PERSON-000613,Android,2023-06-13,2023-06-13,true
DEVICE-001090,Smartphone,PERSON-002068,iOS,2023-06-13,2023-06-13,true
DEVICE-001091,Tablet,PERSON-001648,Android,2023-06-13,2023-06-13,true
DEVICE-001092,Tablet,PERSON-000538,Android,2023-04-14,2023-04-14,true
DEVICE-001093,Feature Phone,PERSON-001544,Android,2023-04-14,2023-04-14,true
DEVICE-001094,Smartphone,PERSON-002873,iOS,2023-04-14,2023-04-14,true
DEVICE-001095,Tablet,PERSON-000921,iOS,2023-04-14,2023-04-14,true
DEVICE-001096,Feature Phone,PERSON-001965,iOS,2023-04-14,2023-04-14,true
DEVICE-001097,Tablet,PERSON-000569,iOS,2023-04-14,2023-04-14,true
DEVICE-001098,Smartphone,PERSON-001543,iOS,2023-04-14,2023-04-14,true
DEVICE-001099,Tablet,PERSON-001543,iOS,2023-04-14,2023-04-14,true
DEVICE-001100,Smartphone,PERSON-000488,Android,2023-04-14,2023-04-14,true
DEVICE-001101,Feature Phone,PERSON-000765,Android,2023-04-14,2023-04-14,true
DEVICE-001102,Feature Phone,PERSON-000357,Android,2023-04-14,2023-04-14,true
DEVICE-001103,Smartphone,PERSON-000648,Android,2023-10-14,2023-10-14,true
DEVICE-001104,Tablet,PERSON-001536,Android,2023-10-14,2023-10-14,true
DEVICE-001105,Feature Phone,PERSON-000647,iOS,2023-10-14,2023-10-14,true
DEVICE-001106,Tablet,PERSON-001788,iOS,2023-10-14,2023-10-14,true
DEVICE-001107,Tablet,PERSON-000259,Android,2023-10-14,2023-10-14,true
DEVICE-001108,Feature Phone,PERSON-000898,iOS,2023-10-14,2023-10-14,true
DEVICE-001109,Feature Phone,PERSON-000895,iOS,2023-10-14,2023-10-14,true
DEVICE-001110,Feature Phone,PERSON-000895,iOS,2023-10-14,2023-10-14,true
DEVICE-001111,Smartphone,PERSON-001318,Android,2023-10-14,2023-10-14,true
DEVICE-001112,Feature Phone,PERSON-001318,Android,2023-10-14,2023-10-14,true
DEVICE-001113,Tablet,PERSON-000106,Android,2023-10-14,2023-10-14,true
DEVICE-001114,Smartphone,PERSON-000146,iOS,2023-01-19,2023-01-19,true
DEVICE-001115,Tablet,PERSON-002609,iOS,2023-01-19,2023-01-19,true
DEVICE-001116,Tablet,PERSON-000473,iOS,2023-01-19,2023-01-19,true
DEVICE-001117,Tablet,PERSON-000906,iOS,2023-01-19,2023-01-19,true
DEVICE-001118,Feature Phone,PERSON-002938,iOS,2023-01-19,2023-01-19,true
DEVICE-001119,Tablet,PERSON-002938,iOS,2023-01-19,2023-01-19,true
DEVICE-001120,Smartphone,PERSON-000279,Android,2023-01-19,2023-01-19,true
DEVICE-001121,Smartphone,PERSON-000556,iOS,2023-01-19,2023-01-19,true
DEVICE-001122,Tablet,PERSON-002964,Android,2023-01-19,2023-01-19,true
DEVICE-001123,Smartphone,PERSON-002964,Android,2023-01-19,2023-01-19,true
DEVICE-001124,Smartphone,PERSON-001059,iOS,2023-04-03,2023-04-03,true
DEVICE-001125,Tablet,PERSON-000492,Android,2023-04-03,2023-04-03,true
DEVICE-001126,Smartphone,PERSON-000305,Android,2023-04-03,2023-04-03,true
DEVICE-001127,Tablet,PERSON-000305,iOS,2023-04-03,2023-04-03,true
DEVICE-001128,Feature Phone,PERSON-002159,iOS,2023-08-02,2023-08-02,true
DEVICE-001129,Smartphone,PERSON-000526,iOS,2023-08-02,2023-08-02,true
DEVICE-001130,Smartphone,PERSON-000022,iOS,2023-08-02,2023-08-02,true
DEVICE-001131,Feature Phone,PERSON-002758,Android,2023-08-02,2023-08-02,true
DEVICE-001132,Smartphone,PERSON-000566,iOS,2023-08-02,2023-08-02,true
DEVICE-001133,Feature Phone,PERSON-001360,Android,2023-08-02,2023-08-02,true
DEVICE-001134,Smartphone,PERSON-000712,Android,2023-08-02,2023-08-02,true
DEVICE-001135,Feature Phone,PERSON-000245,Android,2023-07-15,2023-07-15,true
DEVICE-001136,Feature Phone,PERSON-002846,Android,2023-07-15,2023-07-15,true
DEVICE-001137,Feature Phone,PERSON-002846,Android,2023-07-15,2023-07-15,true
DEVICE-001138,Smartphone,PERSON-000374,Android,2023-07-15,2023-07-15,true
DEVICE-001139,Smartphone,PERSON-001578,Android,2023-07-15,2023-07-15,true
DEVICE-001140,Feature Phone,PERSON-001327,iOS,2023-07-15,2023-07-15,true
DEVICE-001141,Feature Phone,PERSON-002393,iOS,2023-07-15,2023-07-15,true
DEVICE-001142,Feature Phone,PERSON-000611,Android,2023-01-05,2023-01-05,true
DEVICE-001143,Tablet,PERSON-001596,Android,2023-01-05,2023-01-05,true
DEVICE-001144,Feature Phone,PERSON-000132,Android,2023-01-05,2023-01-05,true
DEVICE-001145,Tablet,PERSON-000635,iOS,2023-01-05,2023-01-05,true
DEVICE-001146,Smartphone,PERSON-002713,Android,2023-01-05,2023-01-05,true
DEVICE-001147,Smartphone,PERSON-000497,Android,2023-01-05,2023-01-05,true
DEVICE-001148,Smartphone,PERSON-001847,iOS,2023-01-05,2023-01-05,true
DEVICE-001149,Feature Phone,PERSON-000121,Android,2023-04-20,2023-04-20,true
DEVICE-001150,Feature Phone,PERSON-002150,iOS,2023-04-20,2023-04-20,true
DEVICE-001151,Tablet,PERSON-000647,iOS,2023-04-20,2023-04-20,true
DEVICE-001152,Tablet,PERSON-000647,iOS,2023-04-20,2023-04-20,true
DEVICE-001153,Tablet,PERSON-001479,iOS,2023-04-20,2023-04-20,true
DEVICE-001154,Smartphone,PERSON-000096,Android,2023-04-20,2023-04-20,true
DEVICE-001155,Tablet,PERSON-002418,Android,2023-04-20,2023-04-20,true
DEVICE-001156,Tablet,PERSON-001205,iOS,2023-04-20,2023-04-20,true
DEVICE-001157,Feature Phone,PERSON-000957,iOS,2023-04-20,2023-04-20,true
DEVICE-001158,Feature Phone,PERSON-002517,Android,2023-11-08,2023-11-08,true
DEVICE-001159,Tablet,PERSON-001898,Android,2023-11-08,2023-11-08,true
DEVICE-001160,Smartphone,PERSON-001898,Android,2023-11-08,2023-11-08,true
DEVICE-001161,Smartphone,PERSON-001540,Android,2023-11-08,2023-11-08,true
DEVICE-001162,Feature Phone,PERSON-000921,Android,2023-11-08,2023-11-08,true
DEVICE-001163,Smartphone,PERSON-001543,Android,2023-11-08,2023-11-08,true
DEVICE-001164,Tablet,PERSON-002745,Android,2023-11-08,2023-11-08,true
DEVICE-001165,Tablet,PERSON-002745,Android,2023-11-08,2023-11-08,true
DEVICE-001166,Smartphone,PERSON-001205,Android,2023-11-08,2023-11-08,true
DEVICE-001167,Feature Phone,PERSON-001107,Android,2023-11-08,2023-11-08,true
DEVICE-001168,Smartphone,PERSON-002020,iOS,2023-05-08,2023-05-08,true
DEVICE-001169,Tablet,PERSON-002020,iOS,2023-05-08,2023-05-08,true
DEVICE-001170,Tablet,PERSON-002279,iOS,2023-05-08,2023-05-08,true
DEVICE-001171,Tablet,PERSON-000538,iOS,2023-05-08,2023-05-08,true
DEVICE-001172,Tablet,PERSON-000621,iOS,2023-05-08,2023-05-08,true
DEVICE-001173,Smartphone,PERSON-002999,Android,2023-05-08,2023-05-08,true
DEVICE-001174,Smartphone,PERSON-000357,Android,2023-05-08,2023-05-08,true
DEVICE-001175,Smartphone,PERSON-001863,Android,2023-05-08,2023-05-08,true
DEVICE-001176,Smartphone,PERSON-001474,iOS,2023-10-30,2023-10-30,true
DEVICE-001177,Tablet,PERSON-001474,iOS,2023-10-30,2023-10-30,true
DEVICE-001178,Tablet,PERSON-000180,iOS,2023-10-30,2023-10-30,true
DEVICE-001179,Tablet,PERSON-001610,iOS,2023-10-30,2023-10-30,true
DEVICE-001180,Tablet,PERSON-000911,Android,2023-10-30,2023-10-30,true
DEVICE-001181,Smartphone,PERSON-002060,Android,2023-10-30,2023-10-30,true
DEVICE-001182,Tablet,PERSON-002618,Android,2023-10-30,2023-10-30,true
DEVICE-001183,Tablet,PERSON-002618,iOS,2023-10-30,2023-10-30,true
DEVICE-001184,Feature Phone,PERSON-000440,iOS,2023-10-30,2023-10-30,true
DEVICE-001185,Smartphone,PERSON-000440,Android,2023-10-30,2023-10-30,true
DEVICE-001186,Smartphone,PERSON-001664,iOS,2023-07-25,2023-07-25,true
DEVICE-001187,Tablet,PERSON-002998,iOS,2023-07-25,2023-07-25,true
DEVICE-001188,Smartphone,PERSON-002998,iOS,2023-07-25,2023-07-25,true
DEVICE-001189,Smartphone,PERSON-000576,iOS,2023-07-25,2023-07-25,true
DEVICE-001190,Tablet,PERSON-002757,iOS,2023-07-25,2023-07-25,true
DEVICE-001191,Feature Phone,PERSON-000904,iOS,2023-07-25,2023-07-25,true
DEVICE-001192,Tablet,PERSON-000697,Android,2023-07-25,2023-07-25,true
DEVICE-001193,Smartphone,PERSON-002715,iOS,2023-07-25,2023-07-25,true
DEVICE-001194,Tablet,PERSON-001212,Android,2023-07-25,2023-07-25,true
DEVICE-001195,Feature Phone,PERSON-002279,iOS,2023-03-04,2023-03-04,true
DEVICE-001196,Smartphone,PERSON-001544,iOS,2023-03-04,2023-03-04,true
DEVICE-001197,Tablet,PERSON-001544,Android,2023-03-04,2023-03-04,true
DEVICE-001198,Tablet,PERSON-000120,Android,2023-03-04,2023-03-04,true
DEVICE-001199,Tablet,PERSON-000921,iOS,2023-03-04,2023-03-04,true
DEVICE-001200,Smartphone,PERSON-000921,Android,2023-03-04,2023-03-04,true
DEVICE-001201,Smartphone,PERSON-001965,Android,2023-03-04,2023-03-04,true
DEVICE-001202,Tablet,PERSON-001965,Android,2023-03-04,2023-03-04,true
DEVICE-001203,Smartphone,PERSON-001543,iOS,2023-03-04,2023-03-04,true
DEVICE-001204,Tablet,PERSON-002745,Android,2023-03-04,2023-03-04,true
DEVICE-001205,Smartphone,PERSON-002745,Android,2023-03-04,2023-03-04,true
DEVICE-001206,Smartphone,PERSON-000765,iOS,2023-03-04,2023-03-04,true
DEVICE-001207,Smartphone,PERSON-000357,iOS,2023-03-04,2023-03-04,true
DEVICE-001208,Feature Phone,PERSON-000357,Android,2023-03-04,2023-03-04,true
DEVICE-001209,Tablet,PERSON-000682,iOS,2023-12-20,2023-12-20,true
DEVICE-001210,Smartphone,PERSON-002737,iOS,2023-12-20,2023-12-20,true
DEVICE-001211,Feature Phone,PERSON-000042,Android,2023-12-20,2023-12-20,true
DEVICE-001212,Tablet,PERSON-000165,iOS,2023-12-20,2023-12-20,true
DEVICE-001213,Feature Phone,PERSON-000275,Android,2023-12-20,2023-12-20,true
DEVICE-001214,Feature Phone,PERSON-001481,iOS,2023-12-20,2023-12-20,true
DEVICE-001215,Feature Phone,PERSON-002068,Android,2023-12-20,2023-12-20,true
DEVICE-001216,Feature Phone,PERSON-002900,Android,2023-12-20,2023-12-20,true
DEVICE-001217,Tablet,PERSON-000032,Android,2023-12-20,2023-12-20,true
DEVICE-001218,Feature Phone,PERSON-001617,iOS,2023-08-20,2023-08-20,true
DEVICE-001219,Feature Phone,PERSON-001066,Android,2023-08-20,2023-08-20,true
DEVICE-001220,Tablet,PERSON-001194,iOS,2023-08-20,2023-08-20,true
DEVICE-001221,Smartphone,PERSON-000341,iOS,2023-08-20,2023-08-20,true
DEVICE-001222,Smartphone,PERSON-000341,iOS,2023-08-20,2023-08-20,true
DEVICE-001223,Tablet,PERSON-002930,iOS,2023-08-20,2023-08-20,true
DEVICE-001224,Tablet,PERSON-001191,iOS,2023-08-20,2023-08-20,true
DEVICE-001225,Tablet,PERSON-001899,Android,2023-08-20,2023-08-20,true
DEVICE-001226,Feature Phone,PERSON-000792,iOS,2023-08-20,2023-08-20,true
DEVICE-001227,Smartphone,PERSON-002900,Android,2023-08-20,2023-08-20,true
DEVICE-001228,Smartphone,PERSON-002633,iOS,2023-08-20,2023-08-20,true
DEVICE-001229,Tablet,PERSON-002970,Android,2023-08-20,2023-08-20,true
DEVICE-001230,Smartphone,PERSON-002970,Android,2023-08-20,2023-08-20,true
DEVICE-001231,Smartphone,PERSON-002246,iOS,2023-08-20,2023-08-20,true
DEVICE-001232,Tablet,PERSON-002246,iOS,2023-08-20,2023-08-20,true
DEVICE-001233,Feature Phone,PERSON-001664,Android,2023-09-18,2023-09-18,true
DEVICE-001234,Feature Phone,PERSON-002998,Android,2023-09-18,2023-09-18,true
DEVICE-001235,Feature Phone,PERSON-002835,Android,2023-09-18,2023-09-18,true
DEVICE-001236,Feature Phone,PERSON-000576,iOS,2023-09-18,2023-09-18,true
DEVICE-001237,Smartphone,PERSON-000979,Android,2023-09-18,2023-09-18,true
DEVICE-001238,Tablet,PERSON-000979,Android,2023-09-18,2023-09-18,true
DEVICE-001239,Tablet,PERSON-002757,Android,2023-09-18,2023-09-18,true
DEVICE-001240,Smartphone,PERSON-000904,iOS,2023-09-18,2023-09-18,true
DEVICE-001241,Feature Phone,PERSON-000106,Android,2023-09-18,2023-09-18,true
DEVICE-001242,Tablet,PERSON-000697,iOS,2023-09-18,2023-09-18,true
DEVICE-001243,Feature Phone,PERSON-000230,Android,2023-09-18,2023-09-18,true
DEVICE-001244,Feature Phone,PERSON-002715,Android,2023-09-18,2023-09-18,true
DEVICE-001245,Smartphone,PERSON-000081,iOS,2023-11-16,2023-11-16,true
DEVICE-001246,Feature Phone,PERSON-001259,Android,2023-11-16,2023-11-16,true
DEVICE-001247,Tablet,PERSON-000850,Android,2023-11-16,2023-11-16,true
DEVICE-001248,Feature Phone,PERSON-001861,Android,2023-11-16,2023-11-16,true
DEVICE-001249,Smartphone,PERSON-001194,iOS,2023-11-16,2023-11-16,true
DEVICE-001250,Smartphone,PERSON-002574,Android,2023-11-16,2023-11-16,true
DEVICE-001251,Tablet,PERSON-000863,iOS,2023-11-16,2023-11-16,true
DEVICE-001252,Feature Phone,PERSON-000063,Android,2023-11-16,2023-11-16,true
DEVICE-001253,Feature Phone,PERSON-002757,Android,2023-11-16,2023-11-16,true
DEVICE-001254,Feature Phone,PERSON-002829,iOS,2023-03-26,2023-03-26,true
DEVICE-001255,Tablet,PERSON-002986,iOS,2023-03-26,2023-03-26,true
DEVICE-001256,Feature Phone,PERSON-002759,Android,2023-03-26,2023-03-26,true
DEVICE-001257,Smartphone,PERSON-001071,iOS,2023-03-26,2023-03-26,true
DEVICE-001258,Feature Phone,PERSON-002068,iOS,2023-03-26,2023-03-26,true
DEVICE-001259,Feature Phone,PERSON-001578,iOS,2023-03-26,2023-03-26,true
DEVICE-001260,Feature Phone,PERSON-000499,iOS,2023-01-27,2023-01-27,true
DEVICE-001261,Smartphone,PERSON-000943,Android,2023-01-27,2023-01-27,true
DEVICE-001262,Tablet,PERSON-000943,iOS,2023-01-27,2023-01-27,true
DEVICE-001263,Tablet,PERSON-000825,Android,2023-01-27,2023-01-27,true
DEVICE-001264,Feature Phone,PERSON-002408,iOS,2023-01-27,2023-01-27,true
DEVICE-001265,Smartphone,PERSON-002846,Android,2023-01-27,2023-01-27,true
DEVICE-001266,Tablet,PERSON-001691,iOS,2023-01-27,2023-01-27,true
DEVICE-001267,Tablet,PERSON-001691,Android,2023-01-27,2023-01-27,true
DEVICE-001268,Smartphone,PERSON-002660,iOS,2023-01-27,2023-01-27,true
DEVICE-001269,Feature Phone,PERSON-001578,Android,2023-01-27,2023-01-27,true
DEVICE-001270,Feature Phone,PERSON-002393,Android,2023-01-27,2023-01-27,true
DEVICE-001271,Tablet,PERSON-000540,Android,2023-12-02,2023-12-02,true
DEVICE-001272,Feature Phone,PERSON-000180,iOS,2023-12-02,2023-12-02,true
DEVICE-001273,Feature Phone,PERSON-001262,Android,2023-12-02,2023-12-02,true
DEVICE-001274,Feature Phone,PERSON-000267,iOS,2023-12-02,2023-12-02,true
DEVICE-001275,Feature Phone,PERSON-000267,iOS,2023-12-02,2023-12-02,true
DEVICE-001276,Tablet,PERSON-000792,Android,2023-12-02,2023-12-02,true
DEVICE-001277,Feature Phone,PERSON-002060,Android,2023-12-02,2023-12-02,true
DEVICE-001278,Smartphone,PERSON-002618,iOS,2023-12-02,2023-12-02,true
DEVICE-001279,Tablet,PERSON-002618,iOS,2023-12-02,2023-12-02,true
DEVICE-001280,Smartphone,PERSON-000440,Android,2023-12-02,2023-12-02,true
DEVICE-001281,Feature Phone,PERSON-000120,iOS,2023-04-02,2023-04-02,true
DEVICE-001282,Feature Phone,PERSON-000120,iOS,2023-04-02,2023-04-02,true
DEVICE-001283,Feature Phone,PERSON-000046,Android,2023-04-02,2023-04-02,true
DEVICE-001284,Tablet,PERSON-001992,iOS,2023-04-02,2023-04-02,true
DEVICE-001285,Smartphone,PERSON-001543,Android,2023-04-02,2023-04-02,true
DEVICE-001286,Feature Phone,PERSON-002999,Android,2023-04-02,2023-04-02,true
DEVICE-001287,Tablet,PERSON-000488,Android,2023-04-02,2023-04-02,true
DEVICE-001288,Tablet,PERSON-000765,iOS,2023-04-02,2023-04-02,true
DEVICE-001289,Tablet,PERSON-002745,Android,2023-04-02,2023-04-02,true
DEVICE-001290,Smartphone,PERSON-002745,iOS,2023-04-02,2023-04-02,true
DEVICE-001291,Smartphone,PERSON-001205,Android,2023-04-02,2023-04-02,true
DEVICE-001292,Feature Phone,PERSON-002438,iOS,2023-12-02,2023-12-02,true
DEVICE-001293,Tablet,PERSON-000886,iOS,2023-12-02,2023-12-02,true
DEVICE-001294,Feature Phone,PERSON-002896,iOS,2023-12-02,2023-12-02,true
DEVICE-001295,Feature Phone,PERSON-000497,Android,2023-12-02,2023-12-02,true
DEVICE-001296,Tablet,PERSON-000635,iOS,2023-12-02,2023-12-02,true
DEVICE-001297,Feature Phone,PERSON-000635,Android,2023-12-02,2023-12-02,true
DEVICE-001298,Tablet,PERSON-002922,Android,2023-12-02,2023-12-02,true
DEVICE-001299,Tablet,PERSON-002922,Android,2023-12-02,2023-12-02,true
DEVICE-001300,Feature Phone,PERSON-001664,iOS,2023-04-13,2023-04-13,true
DEVICE-001301,Smartphone,PERSON-000916,Android,2023-04-13,2023-04-13,true
DEVICE-001302,Feature Phone,PERSON-002675,Android,2023-04-13,2023-04-13,true
DEVICE-001303,Smartphone,PERSON-002998,iOS,2023-04-13,2023-04-13,true
DEVICE-001304,Feature Phone,PERSON-000948,iOS,2023-04-13,2023-04-13,true
DEVICE-001305,Smartphone,PERSON-002757,Android,2023-04-13,2023-04-13,true
DEVICE-001306,Tablet,PERSON-000904,Android,2023-04-13,2023-04-13,true
DEVICE-001307,Tablet,PERSON-000106,iOS,2023-04-13,2023-04-13,true
DEVICE-001308,Tablet,PERSON-000697,Android,2023-04-13,2023-04-13,true
DEVICE-001309,Smartphone,PERSON-000230,iOS,2023-04-13,2023-04-13,true
DEVICE-001310,Feature Phone,PERSON-000584,Android,2023-04-13,2023-04-13,true
DEVICE-001311,Feature Phone,PERSON-000584,iOS,2023-04-13,2023-04-13,true
DEVICE-001312,Tablet,PERSON-002715,iOS,2023-04-13,2023-04-13,true
DEVICE-001313,Feature Phone,PERSON-001664,iOS,2023-05-25,2023-05-25,true
DEVICE-001314,Feature Phone,PERSON-002675,iOS,2023-05-25,2023-05-25,true
DEVICE-001315,Feature Phone,PERSON-002438,Android,2023-05-25,2023-05-25,true
DEVICE-001316,Tablet,PERSON-000886,iOS,2023-05-25,2023-05-25,true
DEVICE-001317,Smartphone,PERSON-000886,iOS,2023-05-25,2023-05-25,true
DEVICE-001318,Smartphone,PERSON-002896,iOS,2023-05-25,2023-05-25,true
DEVICE-001319,Smartphone,PERSON-002847,iOS,2023-05-25,2023-05-25,true
DEVICE-001320,Smartphone,PERSON-002847,Android,2023-05-25,2023-05-25,true
DEVICE-001321,Tablet,PERSON-001349,Android,2023-01-15,2023-01-15,true
DEVICE-001322,Tablet,PERSON-001658,Android,2023-01-15,2023-01-15,true
DEVICE-001323,Tablet,PERSON-002975,iOS,2023-01-15,2023-01-15,true
DEVICE-001324,Tablet,PERSON-001327,iOS,2023-01-15,2023-01-15,true
DEVICE-001325,Smartphone,PERSON-000922,Android,2023-01-15,2023-01-15,true
DEVICE-001326,Feature Phone,PERSON-000634,iOS,2023-01-15,2023-01-15,true
DEVICE-001327,Tablet,PERSON-002803,Android,2023-01-15,2023-01-15,true
DEVICE-001328,Tablet,PERSON-000081,Android,2023-08-21,2023-08-21,true
DEVICE-001329,Tablet,PERSON-001861,iOS,2023-08-21,2023-08-21,true
DEVICE-001330,Feature Phone,PERSON-002574,Android,2023-08-21,2023-08-21,true
DEVICE-001331,Tablet,PERSON-000863,Android,2023-08-21,2023-08-21,true
DEVICE-001332,Feature Phone,PERSON-001589,iOS,2023-08-21,2023-08-21,true
DEVICE-001333,Feature Phone,PERSON-001667,Android,2023-03-08,2023-03-08,true
DEVICE-001334,Tablet,PERSON-002750,Android,2023-03-08,2023-03-08,true
DEVICE-001335,Smartphone,PERSON-001041,iOS,2023-03-08,2023-03-08,true
DEVICE-001336,Feature Phone,PERSON-000057,Android,2023-03-08,2023-03-08,true
DEVICE-001337,Smartphone,PERSON-000057,Android,2023-03-08,2023-03-08,true
DEVICE-001338,Smartphone,PERSON-002517,iOS,2023-10-30,2023-10-30,true
DEVICE-001339,Tablet,PERSON-002873,Android,2023-10-30,2023-10-30,true
DEVICE-001340,Smartphone,PERSON-002873,iOS,2023-10-30,2023-10-30,true
DEVICE-001341,Smartphone,PERSON-000846,iOS,2023-10-30,2023-10-30,true
DEVICE-001342,Smartphone,PERSON-001898,iOS,2023-10-30,2023-10-30,true
DEVICE-001343,Smartphone,PERSON-001965,Android,2023-10-30,2023-10-30,true
DEVICE-001344,Tablet,PERSON-000621,Android,2023-10-30,2023-10-30,true
DEVICE-001345,Tablet,PERSON-000863,Android,2023-10-30,2023-10-30,true
DEVICE-001346,Tablet,PERSON-000863,iOS,2023-10-30,2023-10-30,true
DEVICE-001347,Tablet,PERSON-002745,Android,2023-10-30,2023-10-30,true
DEVICE-001348,Smartphone,PERSON-000414,Android,2023-02-01,2023-02-01,true
DEVICE-001349,Tablet,PERSON-001687,Android,2023-02-01,2023-02-01,true
DEVICE-001350,Tablet,PERSON-001381,iOS,2023-02-01,2023-02-01,true
DEVICE-001351,Smartphone,PERSON-000207,iOS,2023-02-01,2023-02-01,true
DEVICE-001352,Smartphone,PERSON-000207,iOS,2023-02-01,2023-02-01,true
DEVICE-001353,Tablet,PERSON-001326,iOS,2023-02-01,2023-02-01,true
DEVICE-001354,Feature Phone,PERSON-000111,Android,2023-02-01,2023-02-01,true
DEVICE-001355,Feature Phone,PERSON-001542,iOS,2023-07-25,2023-07-25,true
DEVICE-001356,Feature Phone,PERSON-002438,iOS,2023-07-25,2023-07-25,true
DEVICE-001357,Feature Phone,PERSON-002039,Android,2023-07-25,2023-07-25,true
DEVICE-001358,Feature Phone,PERSON-001363,iOS,2023-07-25,2023-07-25,true
DEVICE-001359,Smartphone,PERSON-000060,Android,2023-07-25,2023-07-25,true
DEVICE-001360,Feature Phone,PERSON-000060,iOS,2023-07-25,2023-07-25,true
DEVICE-001361,Smartphone,PERSON-000497,iOS,2023-07-25,2023-07-25,true
DEVICE-001362,Smartphone,PERSON-002896,Android,2023-07-25,2023-07-25,true
DEVICE-001363,Smartphone,PERSON-002847,iOS,2023-07-25,2023-07-25,true
DEVICE-001364,Feature Phone,PERSON-001847,iOS,2023-07-25,2023-07-25,true
DEVICE-001365,Tablet,PERSON-002922,iOS,2023-07-25,2023-07-25,true
DEVICE-001366,Tablet,PERSON-002922,Android,2023-07-25,2023-07-25,true
DEVICE-001367,Feature Phone,PERSON-000822,Android,2023-04-11,2023-04-11,true
DEVICE-001368,Tablet,PERSON-000822,iOS,2023-04-11,2023-04-11,true
DEVICE-001369,Smartphone,PERSON-002759,Android,2023-04-11,2023-04-11,true
DEVICE-001370,Smartphone,PERSON-001071,Android,2023-04-11,2023-04-11,true
DEVICE-001371,Smartphone,PERSON-000613,Android,2023-04-11,2023-04-11,true
DEVICE-001372,Feature Phone,PERSON-002068,iOS,2023-04-11,2023-04-11,true
DEVICE-001373,Smartphone,PERSON-000489,iOS,2023-04-11,2023-04-11,true
DEVICE-001374,Smartphone,PERSON-000489,Android,2023-04-11,2023-04-11,true
DEVICE-001375,Feature Phone,PERSON-001542,iOS,2023-05-28,2023-05-28,true
DEVICE-001376,Tablet,PERSON-001542,iOS,2023-05-28,2023-05-28,true
DEVICE-001377,Tablet,PERSON-001343,iOS,2023-05-28,2023-05-28,true
DEVICE-001378,Smartphone,PERSON-000060,Android,2023-05-28,2023-05-28,true
DEVICE-001379,Feature Phone,PERSON-000886,iOS,2023-05-28,2023-05-28,true
DEVICE-001380,Smartphone,PERSON-000886,iOS,2023-05-28,2023-05-28,true
DEVICE-001381,Feature Phone,PERSON-002896,iOS,2023-05-28,2023-05-28,true
DEVICE-001382,Feature Phone,PERSON-000497,Android,2023-05-28,2023-05-28,true
DEVICE-001383,Feature Phone,PERSON-002922,Android,2023-05-28,2023-05-28,true
DEVICE-001384,Feature Phone,PERSON-000146,Android,2023-06-01,2023-06-01,true
DEVICE-001385,Smartphone,PERSON-001210,Android,2023-06-01,2023-06-01,true
DEVICE-001386,Feature Phone,PERSON-002750,Android,2023-06-01,2023-06-01,true
DEVICE-001387,Feature Phone,PERSON-002750,Android,2023-06-01,2023-06-01,true
DEVICE-001388,Smartphone,PERSON-001619,Android,2023-06-01,2023-06-01,true
DEVICE-001389,Feature Phone,PERSON-001041,iOS,2023-06-01,2023-06-01,true
DEVICE-001390,Tablet,PERSON-001589,iOS,2023-06-01,2023-06-01,true
DEVICE-001391,Tablet,PERSON-001670,Android,2023-06-01,2023-06-01,true
DEVICE-001392,Smartphone,PERSON-001334,iOS,2023-05-13,2023-05-13,true
DEVICE-001393,Tablet,PERSON-000260,iOS,2023-05-13,2023-05-13,true
DEVICE-001394,Tablet,PERSON-001780,iOS,2023-05-13,2023-05-13,true
DEVICE-001395,Feature Phone,PERSON-001747,iOS,2023-05-13,2023-05-13,true
DEVICE-001396,Smartphone,PERSON-002846,iOS,2023-05-13,2023-05-13,true
DEVICE-001397,Tablet,PERSON-002408,Android,2023-05-13,2023-05-13,true
DEVICE-001398,Feature Phone,PERSON-001578,iOS,2023-05-13,2023-05-13,true
DEVICE-001399,Feature Phone,PERSON-002304,iOS,2023-05-13,2023-05-13,true
DEVICE-001400,Feature Phone,PERSON-001029,Android,2023-05-13,2023-05-13,true
DEVICE-001401,Tablet,PERSON-000784,iOS,2023-01-11,2023-01-11,true
DEVICE-001402,Tablet,PERSON-000397,Android,2023-01-11,2023-01-11,true
DEVICE-001403,Tablet,PERSON-000717,iOS,2023-01-11,2023-01-11,true
DEVICE-001404,Feature Phone,PERSON-000717,Android,2023-01-11,2023-01-11,true
DEVICE-001405,Tablet,PERSON-000667,Android,2023-01-11,2023-01-11,true
DEVICE-001406,Feature Phone,PERSON-001131,Android,2023-01-11,2023-01-11,true
DEVICE-001407,Feature Phone,PERSON-002004,Android,2023-01-11,2023-01-11,true
DEVICE-001408,Tablet,PERSON-001182,Android,2023-01-11,2023-01-11,true
DEVICE-001409,Smartphone,PERSON-000405,iOS,2023-01-11,2023-01-11,true
DEVICE-001410,Smartphone,PERSON-000074,Android,2023-01-11,2023-01-11,true
DEVICE-001411,Smartphone,PERSON-001107,iOS,2023-01-11,2023-01-11,true
DEVICE-001412,Feature Phone,PERSON-001107,Android,2023-01-11,2023-01-11,true
DEVICE-001413,Smartphone,PERSON-001259,iOS,2023-05-04,2023-05-04,true
DEVICE-001414,Smartphone,PERSON-000850,iOS,2023-05-04,2023-05-04,true
DEVICE-001415,Smartphone,PERSON-001861,iOS,2023-05-04,2023-05-04,true
DEVICE-001416,Feature Phone,PERSON-002574,Android,2023-05-04,2023-05-04,true
DEVICE-001417,Tablet,PERSON-002574,Android,2023-05-04,2023-05-04,true
DEVICE-001418,Feature Phone,PERSON-000863,Android,2023-05-04,2023-05-04,true
DEVICE-001419,Feature Phone,PERSON-000647,Android,2023-05-04,2023-05-04,true
DEVICE-001420,Feature Phone,PERSON-002757,iOS,2023-05-04,2023-05-04,true
DEVICE-001421,Feature Phone,PERSON-001589,iOS,2023-05-04,2023-05-04,true
DEVICE-001422,Smartphone,PERSON-002020,Android,2023-02-26,2023-02-26,true
DEVICE-001423,Feature Phone,PERSON-000921,Android,2023-02-26,2023-02-26,true
DEVICE-001424,Tablet,PERSON-001965,iOS,2023-02-26,2023-02-26,true
DEVICE-001425,Smartphone,PERSON-000621,Android,2023-02-26,2023-02-26,true
DEVICE-001426,Smartphone,PERSON-000901,iOS,2023-02-26,2023-02-26,true
DEVICE-001427,Feature Phone,PERSON-001992,iOS,2023-02-26,2023-02-26,true
DEVICE-001428,Smartphone,PERSON-001992,Android,2023-02-26,2023-02-26,true
DEVICE-001429,Tablet,PERSON-000863,Android,2023-02-26,2023-02-26,true
DEVICE-001430,Feature Phone,PERSON-000863,Android,2023-02-26,2023-02-26,true
DEVICE-001431,Feature Phone,PERSON-002999,iOS,2023-02-26,2023-02-26,true
DEVICE-001432,Smartphone,PERSON-002999,Android,2023-02-26,2023-02-26,true
DEVICE-001433,Tablet,PERSON-000765,iOS,2023-02-26,2023-02-26,true
DEVICE-001434,Smartphone,PERSON-002745,Android,2023-02-26,2023-02-26,true
DEVICE-001435,Smartphone,PERSON-002745,Android,2023-02-26,2023-02-26,true
DEVICE-001436,Feature Phone,PERSON-000682,iOS,2023-01-14,2023-01-14,true
DEVICE-001437,Feature Phone,PERSON-002737,Android,2023-01-14,2023-01-14,true
DEVICE-001438,Smartphone,PERSON-002737,Android,2023-01-14,2023-01-14,true
DEVICE-001439,Tablet,PERSON-000473,iOS,2023-01-14,2023-01-14,true
DEVICE-001440,Feature Phone,PERSON-000165,Android,2023-01-14,2023-01-14,true
DEVICE-001441,Smartphone,PERSON-000275,Android,2023-01-14,2023-01-14,true
DEVICE-001442,Smartphone,PERSON-001481,Android,2023-01-14,2023-01-14,true
DEVICE-001443,Tablet,PERSON-000032,Android,2023-01-14,2023-01-14,true
DEVICE-001444,Feature Phone,PERSON-000032,iOS,2023-01-14,2023-01-14,true
DEVICE-001445,Feature Phone,PERSON-001205,iOS,2023-01-14,2023-01-14,true
DEVICE-001446,Tablet,PERSON-000146,iOS,2023-05-23,2023-05-23,true
DEVICE-001447,Smartphone,PERSON-001558,iOS,2023-05-23,2023-05-23,true
DEVICE-001448,Smartphone,PERSON-000351,Android,2023-05-23,2023-05-23,true
DEVICE-001449,Feature Phone,PERSON-000351,Android,2023-05-23,2023-05-23,true
DEVICE-001450,Smartphone,PERSON-002750,iOS,2023-05-23,2023-05-23,true
DEVICE-001451,Feature Phone,PERSON-001041,iOS,2023-05-23,2023-05-23,true
DEVICE-001452,Tablet,PERSON-001589,Android,2023-05-23,2023-05-23,true
DEVICE-001453,Feature Phone,PERSON-001670,Android,2023-05-23,2023-05-23,true
DEVICE-001454,Feature Phone,PERSON-000488,iOS,2023-05-23,2023-05-23,true
DEVICE-001455,Tablet,PERSON-001664,Android,2023-04-02,2023-04-02,true
DEVICE-001456,Smartphone,PERSON-001664,Android,2023-04-02,2023-04-02,true
DEVICE-001457,Smartphone,PERSON-002954,iOS,2023-04-02,2023-04-02,true
DEVICE-001458,Feature Phone,PERSON-002954,iOS,2023-04-02,2023-04-02,true
DEVICE-001459,Smartphone,PERSON-002675,iOS,2023-04-02,2023-04-02,true
DEVICE-001460,Smartphone,PERSON-002675,Android,2023-04-02,2023-04-02,true
DEVICE-001461,Feature Phone,PERSON-002998,Android,2023-04-02,2023-04-02,true
DEVICE-001462,Tablet,PERSON-002998,iOS,2023-04-02,2023-04-02,true
DEVICE-001463,Tablet,PERSON-002835,Android,2023-04-02,2023-04-02,true
DEVICE-001464,Smartphone,PERSON-000948,Android,2023-04-02,2023-04-02,true
DEVICE-001465,Feature Phone,PERSON-000948,Android,2023-04-02,2023-04-02,true
DEVICE-001466,Feature Phone,PERSON-001315,iOS,2023-04-02,2023-04-02,true
DEVICE-001467,Smartphone,PERSON-002757,Android,2023-04-02,2023-04-02,true
DEVICE-001468,Feature Phone,PERSON-000904,iOS,2023-04-02,2023-04-02,true
DEVICE-001469,Feature Phone,PERSON-000584,iOS,2023-04-02,2023-04-02,true
DEVICE-001470,Tablet,PERSON-000697,Android,2023-04-02,2023-04-02,true
DEVICE-001471,Smartphone,PERSON-002715,iOS,2023-04-02,2023-04-02,true
DEVICE-001472,Smartphone,PERSON-002715,Android,2023-04-02,2023-04-02,true
DEVICE-001473,Feature Phone,PERSON-000540,iOS,2023-04-11,2023-04-11,true
DEVICE-001474,Tablet,PERSON-000540,Android,2023-04-11,2023-04-11,true
DEVICE-001475,Tablet,PERSON-002839,Android,2023-04-11,2023-04-11,true
DEVICE-001476,Smartphone,PERSON-002368,Android,2023-04-11,2023-04-11,true
DEVICE-001477,Smartphone,PERSON-002454,iOS,2023-04-11,2023-04-11,true
DEVICE-001478,Tablet,PERSON-000232,Android,2023-04-11,2023-04-11,true
DEVICE-001479,Smartphone,PERSON-000146,iOS,2023-05-04,2023-05-04,true
DEVICE-001480,Tablet,PERSON-001210,Android,2023-05-04,2023-05-04,true
DEVICE-001481,Feature Phone,PERSON-001667,Android,2023-05-04,2023-05-04,true
DEVICE-001482,Smartphone,PERSON-000351,Android,2023-05-04,2023-05-04,true
DEVICE-001483,Tablet,PERSON-000351,Android,2023-05-04,2023-05-04,true
DEVICE-001484,Feature Phone,PERSON-001558,Android,2023-05-04,2023-05-04,true
DEVICE-001485,Tablet,PERSON-002750,iOS,2023-05-04,2023-05-04,true
DEVICE-001486,Smartphone,PERSON-001041,Android,2023-05-04,2023-05-04,true
DEVICE-001487,Tablet,PERSON-001589,Android,2023-05-04,2023-05-04,true
DEVICE-001488,Smartphone,PERSON-001670,iOS,2023-05-04,2023-05-04,true
DEVICE-001489,Feature Phone,PERSON-001670,Android,2023-05-04,2023-05-04,true
DEVICE-001490,Smartphone,PERSON-000146,Android,2023-06-12,2023-06-12,true
DEVICE-001491,Tablet,PERSON-000047,Android,2023-06-12,2023-06-12,true
DEVICE-001492,Smartphone,PERSON-002938,iOS,2023-06-12,2023-06-12,true
DEVICE-001493,Smartphone,PERSON-002938,iOS,2023-06-12,2023-06-12,true
DEVICE-001494,Feature Phone,PERSON-000279,iOS,2023-06-12,2023-06-12,true
DEVICE-001495,Tablet,PERSON-000217,Android,2023-06-12,2023-06-12,true
DEVICE-001496,Tablet,PERSON-002223,iOS,2023-06-12,2023-06-12,true
DEVICE-001497,Smartphone,PERSON-000556,iOS,2023-06-12,2023-06-12,true
DEVICE-001498,Feature Phone,PERSON-002205,iOS,2023-06-12,2023-06-12,true
DEVICE-001499,Feature Phone,PERSON-001542,iOS,2023-08-18,2023-08-18,true
DEVICE-001500,Smartphone,PERSON-001135,iOS,2023-08-18,2023-08-18,true
DEVICE-001501,Feature Phone,PERSON-001135,iOS,2023-08-18,2023-08-18,true
DEVICE-001502,Tablet,PERSON-000769,Android,2023-08-18,2023-08-18,true
DEVICE-001503,Smartphone,PERSON-000769,Android,2023-08-18,2023-08-18,true
DEVICE-001504,Feature Phone,PERSON-000860,iOS,2023-08-18,2023-08-18,true
DEVICE-001505,Tablet,PERSON-000860,Android,2023-08-18,2023-08-18,true
DEVICE-001506,Smartphone,PERSON-001507,Android,2023-08-18,2023-08-18,true
DEVICE-001507,Feature Phone,PERSON-000405,Android,2023-08-18,2023-08-18,true
DEVICE-001508,Feature Phone,PERSON-002660,iOS,2023-08-18,2023-08-18,true
DEVICE-001509,Smartphone,PERSON-001337,iOS,2023-08-18,2023-08-18,true
DEVICE-001510,Tablet,PERSON-001259,iOS,2023-09-23,2023-09-23,true
DEVICE-001511,Tablet,PERSON-001861,iOS,2023-09-23,2023-09-23,true
DEVICE-001512,Smartphone,PERSON-002574,Android,2023-09-23,2023-09-23,true
DEVICE-001513,Feature Phone,PERSON-000863,Android,2023-09-23,2023-09-23,true
DEVICE-001514,Feature Phone,PERSON-000063,iOS,2023-09-23,2023-09-23,true
DEVICE-001515,Feature Phone,PERSON-002757,Android,2023-09-23,2023-09-23,true
DEVICE-001516,Feature Phone,PERSON-001589,iOS,2023-09-23,2023-09-23,true
DEVICE-001517,Feature Phone,PERSON-002060,Android,2023-09-23,2023-09-23,true
DEVICE-001518,Feature Phone,PERSON-002020,iOS,2023-07-28,2023-07-28,true
DEVICE-001519,Tablet,PERSON-000538,iOS,2023-07-28,2023-07-28,true
DEVICE-001520,Smartphone,PERSON-000538,iOS,2023-07-28,2023-07-28,true
DEVICE-001521,Tablet,PERSON-001965,Android,2023-07-28,2023-07-28,true
DEVICE-001522,Smartphone,PERSON-001992,Android,2023-07-28,2023-07-28,true
DEVICE-001523,Feature Phone,PERSON-001992,Android,2023-07-28,2023-07-28,true
DEVICE-001524,Tablet,PERSON-000621,iOS,2023-07-28,2023-07-28,true
DEVICE-001525,Smartphone,PERSON-002999,iOS,2023-07-28,2023-07-28,true
DEVICE-001526,Smartphone,PERSON-002999,Android,2023-07-28,2023-07-28,true
DEVICE-001527,Tablet,PERSON-002745,Android,2023-07-28,2023-07-28,true
DEVICE-001528,Feature Phone,PERSON-002745,iOS,2023-07-28,2023-07-28,true
DEVICE-001529,Smartphone,PERSON-000146,Android,2023-07-23,2023-07-23,true
DEVICE-001530,Feature Phone,PERSON-001210,iOS,2023-07-23,2023-07-23,true
DEVICE-001531,Feature Phone,PERSON-001210,iOS,2023-07-23,2023-07-23,true
DEVICE-001532,Smartphone,PERSON-000351,iOS,2023-07-23,2023-07-23,true
DEVICE-001533,Tablet,PERSON-001558,Android,2023-07-23,2023-07-23,true
DEVICE-001534,Feature Phone,PERSON-002750,Android,2023-07-23,2023-07-23,true
DEVICE-001535,Smartphone,PERSON-001041,iOS,2023-07-23,2023-07-23,true
DEVICE-001536,Smartphone,PERSON-001589,Android,2023-07-23,2023-07-23,true
DEVICE-001537,Feature Phone,PERSON-001670,Android,2023-07-23,2023-07-23,true
DEVICE-001538,Tablet,PERSON-002517,Android,2023-04-06,2023-04-06,true
DEVICE-001539,Feature Phone,PERSON-001544,iOS,2023-04-06,2023-04-06,true
DEVICE-001540,Tablet,PERSON-000120,iOS,2023-04-06,2023-04-06,true
DEVICE-001541,Smartphone,PERSON-002873,Android,2023-04-06,2023-04-06,true
DEVICE-001542,Feature Phone,PERSON-002873,Android,2023-04-06,2023-04-06,true
DEVICE-001543,Feature Phone,PERSON-001965,Android,2023-04-06,2023-04-06,true
DEVICE-001544,Tablet,PERSON-000863,iOS,2023-04-06,2023-04-06,true
DEVICE-001545,Feature Phone,PERSON-001992,Android,2023-04-06,2023-04-06,true
DEVICE-001546,Tablet,PERSON-001543,Android,2023-04-06,2023-04-06,true
DEVICE-001547,Tablet,PERSON-001543,Android,2023-04-06,2023-04-06,true
DEVICE-001548,Smartphone,PERSON-000621,iOS,2023-04-06,2023-04-06,true
DEVICE-001549,Feature Phone,PERSON-000488,Android,2023-04-06,2023-04-06,true
DEVICE-001550,Feature Phone,PERSON-000682,iOS,2023-07-21,2023-07-21,true
DEVICE-001551,Smartphone,PERSON-002737,Android,2023-07-21,2023-07-21,true
DEVICE-001552,Tablet,PERSON-000909,iOS,2023-07-21,2023-07-21,true
DEVICE-001553,Feature Phone,PERSON-000473,Android,2023-07-21,2023-07-21,true
DEVICE-001554,Smartphone,PERSON-000473,iOS,2023-07-21,2023-07-21,true
DEVICE-001555,Feature Phone,PERSON-000042,iOS,2023-07-21,2023-07-21,true
DEVICE-001556,Feature Phone,PERSON-000165,Android,2023-07-21,2023-07-21,true
DEVICE-001557,Smartphone,PERSON-000275,Android,2023-07-21,2023-07-21,true
DEVICE-001558,Smartphone,PERSON-000260,Android,2023-08-29,2023-08-29,true
DEVICE-001559,Smartphone,PERSON-000245,iOS,2023-08-29,2023-08-29,true
DEVICE-001560,Smartphone,PERSON-002066,iOS,2023-08-29,2023-08-29,true
DEVICE-001561,Feature Phone,PERSON-000825,iOS,2023-08-29,2023-08-29,true
DEVICE-001562,Tablet,PERSON-000943,iOS,2023-08-29,2023-08-29,true
DEVICE-001563,Tablet,PERSON-002397,Android,2023-08-29,2023-08-29,true
DEVICE-001564,Smartphone,PERSON-001747,Android,2023-08-29,2023-08-29,true
DEVICE-001565,Feature Phone,PERSON-000374,Android,2023-08-29,2023-08-29,true
DEVICE-001566,Tablet,PERSON-001578,iOS,2023-08-29,2023-08-29,true
DEVICE-001567,Feature Phone,PERSON-000081,Android,2023-02-20,2023-02-20,true
DEVICE-001568,Smartphone,PERSON-000081,iOS,2023-02-20,2023-02-20,true
DEVICE-001569,Feature Phone,PERSON-001259,Android,2023-02-20,2023-02-20,true
DEVICE-001570,Feature Phone,PERSON-000850,iOS,2023-02-20,2023-02-20,true
DEVICE-001571,Feature Phone,PERSON-001861,Android,2023-02-20,2023-02-20,true
DEVICE-001572,Feature Phone,PERSON-001861,iOS,2023-02-20,2023-02-20,true
DEVICE-001573,Feature Phone,PERSON-002574,iOS,2023-02-20,2023-02-20,true
DEVICE-001574,Feature Phone,PERSON-000063,iOS,2023-02-20,2023-02-20,true
DEVICE-001575,Tablet,PERSON-000863,iOS,2023-02-20,2023-02-20,true
DEVICE-001576,Smartphone,PERSON-002757,iOS,2023-02-20,2023-02-20,true
DEVICE-001577,Smartphone,PERSON-002164,Android,2023-02-20,2023-02-20,true
DEVICE-001578,Smartphone,PERSON-001596,iOS,2023-10-26,2023-10-26,true
DEVICE-001579,Smartphone,PERSON-001363,iOS,2023-10-26,2023-10-26,true
DEVICE-001580,Feature Phone,PERSON-000832,iOS,2023-10-26,2023-10-26,true
DEVICE-001581,Smartphone,PERSON-000635,Android,2023-10-26,2023-10-26,true
DEVICE-001582,Smartphone,PERSON-000635,iOS,2023-10-26,2023-10-26,true
DEVICE-001583,Smartphone,PERSON-000886,iOS,2023-10-26,2023-10-26,true
DEVICE-001584,Tablet,PERSON-002847,iOS,2023-10-26,2023-10-26,true
DEVICE-001585,Tablet,PERSON-002847,iOS,2023-10-26,2023-10-26,true
DEVICE-001586,Feature Phone,PERSON-001847,Android,2023-10-26,2023-10-26,true
DEVICE-001587,Smartphone,PERSON-002159,Android,2023-08-10,2023-08-10,true
DEVICE-001588,Tablet,PERSON-002159,Android,2023-08-10,2023-08-10,true
DEVICE-001589,Tablet,PERSON-000022,Android,2023-08-10,2023-08-10,true
DEVICE-001590,Tablet,PERSON-000022,iOS,2023-08-10,2023-08-10,true
DEVICE-001591,Feature Phone,PERSON-000906,Android,2023-08-10,2023-08-10,true
DEVICE-001592,Smartphone,PERSON-002309,iOS,2023-08-10,2023-08-10,true
DEVICE-001593,Smartphone,PERSON-002758,iOS,2023-08-10,2023-08-10,true
DEVICE-001594,Tablet,PERSON-002758,Android,2023-08-10,2023-08-10,true
DEVICE-001595,Smartphone,PERSON-002982,iOS,2023-08-10,2023-08-10,true
DEVICE-001596,Smartphone,PERSON-000955,iOS,2023-08-10,2023-08-10,true
DEVICE-001597,Tablet,PERSON-001127,Android,2023-08-10,2023-08-10,true
DEVICE-001598,Tablet,PERSON-002847,iOS,2023-08-10,2023-08-10,true
DEVICE-001599,Smartphone,PERSON-001552,Android,2023-08-10,2023-08-10,true
DEVICE-001600,Feature Phone,PERSON-001214,iOS,2023-08-10,2023-08-10,true
DEVICE-001601,Tablet,PERSON-000260,iOS,2023-12-04,2023-12-04,true
DEVICE-001602,Tablet,PERSON-000499,Android,2023-12-04,2023-12-04,true
DEVICE-001603,Smartphone,PERSON-000825,iOS,2023-12-04,2023-12-04,true
DEVICE-001604,Tablet,PERSON-000943,Android,2023-12-04,2023-12-04,true
DEVICE-001605,Tablet,PERSON-002397,Android,2023-12-04,2023-12-04,true
DEVICE-001606,Tablet,PERSON-001747,Android,2023-12-04,2023-12-04,true
DEVICE-001607,Feature Phone,PERSON-002408,Android,2023-12-04,2023-12-04,true
DEVICE-001608,Feature Phone,PERSON-001691,iOS,2023-12-04,2023-12-04,true
DEVICE-001609,Feature Phone,PERSON-001847,Android,2023-12-04,2023-12-04,true
DEVICE-001610,Tablet,PERSON-001847,Android,2023-12-04,2023-12-04,true
DEVICE-001611,Tablet,PERSON-001029,iOS,2023-12-04,2023-12-04,true
DEVICE-001612,Tablet,PERSON-000081,Android,2023-01-21,2023-01-21,true
DEVICE-001613,Tablet,PERSON-000449,Android,2023-01-21,2023-01-21,true
DEVICE-001614,Feature Phone,PERSON-000449,Android,2023-01-21,2023-01-21,true
DEVICE-001615,Smartphone,PERSON-001259,iOS,2023-01-21,2023-01-21,true
DEVICE-001616,Smartphone,PERSON-000850,Android,2023-01-21,2023-01-21,true
DEVICE-001617,Feature Phone,PERSON-001861,iOS,2023-01-21,2023-01-21,true
DEVICE-001618,Feature Phone,PERSON-000063,Android,2023-01-21,2023-01-21,true
DEVICE-001619,Tablet,PERSON-000863,Android,2023-01-21,2023-01-21,true
DEVICE-001620,Smartphone,PERSON-000526,iOS,2023-09-15,2023-09-15,true
DEVICE-001621,Smartphone,PERSON-001110,Android,2023-09-15,2023-09-15,true
DEVICE-001622,Feature Phone,PERSON-000957,Android,2023-09-15,2023-09-15,true
DEVICE-001623,Tablet,PERSON-002309,iOS,2023-09-15,2023-09-15,true
DEVICE-001624,Smartphone,PERSON-000566,iOS,2023-09-15,2023-09-15,true
DEVICE-001625,Tablet,PERSON-000955,Android,2023-09-15,2023-09-15,true
DEVICE-001626,Smartphone,PERSON-001360,Android,2023-09-15,2023-09-15,true
DEVICE-001627,Feature Phone,PERSON-000223,iOS,2023-09-15,2023-09-15,true
DEVICE-001628,Feature Phone,PERSON-001552,Android,2023-09-15,2023-09-15,true
DEVICE-001629,Feature Phone,PERSON-001214,iOS,2023-09-15,2023-09-15,true
DEVICE-001630,Smartphone,PERSON-001110,Android,2023-11-22,2023-11-22,true
DEVICE-001631,Smartphone,PERSON-001054,Android,2023-11-22,2023-11-22,true
DEVICE-001632,Tablet,PERSON-001054,iOS,2023-11-22,2023-11-22,true
DEVICE-001633,Smartphone,PERSON-000906,Android,2023-11-22,2023-11-22,true
DEVICE-001634,Smartphone,PERSON-000906,iOS,2023-11-22,2023-11-22,true
DEVICE-001635,Tablet,PERSON-002309,iOS,2023-11-22,2023-11-22,true
DEVICE-001636,Tablet,PERSON-001131,iOS,2023-11-22,2023-11-22,true
DEVICE-001637,Feature Phone,PERSON-002982,iOS,2023-11-22,2023-11-22,true
DEVICE-001638,Smartphone,PERSON-001127,Android,2023-11-22,2023-11-22,true
DEVICE-001639,Smartphone,PERSON-000955,iOS,2023-11-22,2023-11-22,true
DEVICE-001640,Feature Phone,PERSON-001552,iOS,2023-11-22,2023-11-22,true
DEVICE-001641,Tablet,PERSON-002675,iOS,2023-11-23,2023-11-23,true
DEVICE-001642,Smartphone,PERSON-002438,Android,2023-11-23,2023-11-23,true
DEVICE-001643,Smartphone,PERSON-001363,Android,2023-11-23,2023-11-23,true
DEVICE-001644,Feature Phone,PERSON-000832,Android,2023-11-23,2023-11-23,true
DEVICE-001645,Smartphone,PERSON-000886,Android,2023-11-23,2023-11-23,true
DEVICE-001646,Feature Phone,PERSON-000062,Android,2023-11-23,2023-11-23,true
DEVICE-001647,Feature Phone,PERSON-000062,iOS,2023-11-23,2023-11-23,true
DEVICE-001648,Tablet,PERSON-002713,Android,2023-11-23,2023-11-23,true
DEVICE-001649,Tablet,PERSON-002847,Android,2023-11-23,2023-11-23,true
DEVICE-001650,Feature Phone,PERSON-002922,iOS,2023-11-23,2023-11-23,true
DEVICE-001651,Tablet,PERSON-002922,Android,2023-11-23,2023-11-23,true
DEVICE-001652,Tablet,PERSON-001898,iOS,2023-01-30,2023-01-30,true
DEVICE-001653,Smartphone,PERSON-000921,Android,2023-01-30,2023-01-30,true
DEVICE-001654,Smartphone,PERSON-000921,Android,2023-01-30,2023-01-30,true
DEVICE-001655,Feature Phone,PERSON-000621,Android,2023-01-30,2023-01-30,true
DEVICE-001656,Feature Phone,PERSON-001992,Android,2023-01-30,2023-01-30,true
DEVICE-001657,Smartphone,PERSON-002745,Android,2023-01-30,2023-01-30,true
DEVICE-001658,Tablet,PERSON-000488,iOS,2023-01-30,2023-01-30,true
DEVICE-001659,Feature Phone,PERSON-001205,Android,2023-01-30,2023-01-30,true
DEVICE-001660,Feature Phone,PERSON-000822,Android,2023-02-02,2023-02-02,true
DEVICE-001661,Feature Phone,PERSON-002986,Android,2023-02-02,2023-02-02,true
DEVICE-001662,Tablet,PERSON-002759,iOS,2023-02-02,2023-02-02,true
DEVICE-001663,Smartphone,PERSON-001071,Android,2023-02-02,2023-02-02,true
DEVICE-001664,Feature Phone,PERSON-002068,Android,2023-02-02,2023-02-02,true
DEVICE-001665,Tablet,PERSON-001578,Android,2023-02-02,2023-02-02,true
DEVICE-001666,Tablet,PERSON-001425,Android,2023-06-15,2023-06-15,true
DEVICE-001667,Smartphone,PERSON-002759,Android,2023-06-15,2023-06-15,true
DEVICE-001668,Feature Phone,PERSON-002759,iOS,2023-06-15,2023-06-15,true
DEVICE-001669,Tablet,PERSON-001363,iOS,2023-06-15,2023-06-15,true
DEVICE-001670,Smartphone,PERSON-002068,Android,2023-06-15,2023-06-15,true
DEVICE-001671,Feature Phone,PERSON-002068,Android,2023-06-15,2023-06-15,true
DEVICE-001672,Feature Phone,PERSON-001558,iOS,2023-04-10,2023-04-10,true
DEVICE-001673,Tablet,PERSON-001115,iOS,2023-04-10,2023-04-10,true
DEVICE-001674,Feature Phone,PERSON-001610,Android,2023-04-10,2023-04-10,true
DEVICE-001675,Smartphone,PERSON-000440,Android,2023-04-10,2023-04-10,true
DEVICE-001676,Tablet,PERSON-000792,iOS,2023-04-10,2023-04-10,true
DEVICE-001677,Tablet,PERSON-002060,iOS,2023-04-10,2023-04-10,true
DEVICE-001678,Tablet,PERSON-002618,iOS,2023-04-10,2023-04-10,true
DEVICE-001679,Smartphone,PERSON-001757,iOS,2023-04-10,2023-04-10,true
DEVICE-001680,Smartphone,PERSON-001774,iOS,2023-06-11,2023-06-11,true
DEVICE-001681,Smartphone,PERSON-000366,Android,2023-06-11,2023-06-11,true
DEVICE-001682,Tablet,PERSON-000414,Android,2023-06-11,2023-06-11,true
DEVICE-001683,Tablet,PERSON-000597,iOS,2023-06-11,2023-06-11,true
DEVICE-001684,Feature Phone,PERSON-000407,iOS,2023-06-11,2023-06-11,true
DEVICE-001685,Tablet,PERSON-000407,iOS,2023-06-11,2023-06-11,true
DEVICE-001686,Smartphone,PERSON-000103,Android,2023-06-11,2023-06-11,true
DEVICE-001687,Smartphone,PERSON-001869,iOS,2023-06-11,2023-06-11,true
DEVICE-001688,Smartphone,PERSON-000175,iOS,2023-02-17,2023-02-17,true
DEVICE-001689,Tablet,PERSON-001944,iOS,2023-02-17,2023-02-17,true
DEVICE-001690,Tablet,PERSON-001206,iOS,2023-02-17,2023-02-17,true
DEVICE-001691,Feature Phone,PERSON-000001,iOS,2023-02-17,2023-02-17,true
DEVICE-001692,Tablet,PERSON-000001,Android,2023-02-17,2023-02-17,true
DEVICE-001693,Smartphone,PERSON-001318,iOS,2023-02-17,2023-02-17,true
DEVICE-001694,Tablet,PERSON-001617,iOS,2023-02-26,2023-02-26,true
DEVICE-001695,Feature Phone,PERSON-001540,iOS,2023-02-26,2023-02-26,true
DEVICE-001696,Tablet,PERSON-000721,iOS,2023-02-26,2023-02-26,true
DEVICE-001697,Feature Phone,PERSON-000721,iOS,2023-02-26,2023-02-26,true
DEVICE-001698,Smartphone,PERSON-002725,iOS,2023-02-26,2023-02-26,true
DEVICE-001699,Feature Phone,PERSON-002725,iOS,2023-02-26,2023-02-26,true
DEVICE-001700,Feature Phone,PERSON-002970,Android,2023-02-26,2023-02-26,true
DEVICE-001701,Feature Phone,PERSON-000862,Android,2023-01-11,2023-01-11,true
DEVICE-001702,Tablet,PERSON-000862,Android,2023-01-11,2023-01-11,true
DEVICE-001703,Feature Phone,PERSON-000479,Android,2023-01-11,2023-01-11,true
DEVICE-001704,Tablet,PERSON-000146,Android,2023-01-11,2023-01-11,true
DEVICE-001705,Smartphone,PERSON-000146,iOS,2023-01-11,2023-01-11,true
DEVICE-001706,Feature Phone,PERSON-002739,iOS,2023-01-11,2023-01-11,true
DEVICE-001707,Smartphone,PERSON-001516,Android,2023-01-11,2023-01-11,true
DEVICE-001708,Feature Phone,PERSON-002106,Android,2023-01-11,2023-01-11,true
DEVICE-001709,Tablet,PERSON-002965,Android,2023-01-11,2023-01-11,true
DEVICE-001710,Feature Phone,PERSON-001387,iOS,2023-01-11,2023-01-11,true
DEVICE-001711,Feature Phone,PERSON-001152,Android,2023-01-11,2023-01-11,true
DEVICE-001712,Tablet,PERSON-001152,iOS,2023-01-11,2023-01-11,true
DEVICE-001713,Feature Phone,PERSON-002009,Android,2023-01-11,2023-01-11,true
DEVICE-001714,Tablet,PERSON-000081,Android,2023-07-01,2023-07-01,true
DEVICE-001715,Feature Phone,PERSON-001259,iOS,2023-07-01,2023-07-01,true
DEVICE-001716,Feature Phone,PERSON-001259,iOS,2023-07-01,2023-07-01,true
DEVICE-001717,Feature Phone,PERSON-000850,iOS,2023-07-01,2023-07-01,true
DEVICE-001718,Feature Phone,PERSON-001861,Android,2023-07-01,2023-07-01,true
DEVICE-001719,Tablet,PERSON-001861,Android,2023-07-01,2023-07-01,true
DEVICE-001720,Tablet,PERSON-002574,Android,2023-07-01,2023-07-01,true
DEVICE-001721,Smartphone,PERSON-000863,iOS,2023-07-01,2023-07-01,true
DEVICE-001722,Feature Phone,PERSON-000792,Android,2023-07-01,2023-07-01,true
DEVICE-001723,Smartphone,PERSON-000397,iOS,2023-02-01,2023-02-01,true
DEVICE-001724,Tablet,PERSON-002915,Android,2023-02-01,2023-02-01,true
DEVICE-001725,Smartphone,PERSON-001131,Android,2023-02-01,2023-02-01,true
DEVICE-001726,Smartphone,PERSON-001890,iOS,2023-02-01,2023-02-01,true
DEVICE-001727,Tablet,PERSON-001890,iOS,2023-02-01,2023-02-01,true
DEVICE-001728,Feature Phone,PERSON-000074,iOS,2023-02-01,2023-02-01,true
DEVICE-001729,Smartphone,PERSON-002215,Android,2023-02-01,2023-02-01,true
DEVICE-001730,Feature Phone,PERSON-002215,iOS,2023-02-01,2023-02-01,true
DEVICE-001731,Feature Phone,PERSON-002821,Android,2023-02-16,2023-02-16,true
DEVICE-001732,Feature Phone,PERSON-001115,Android,2023-02-16,2023-02-16,true
DEVICE-001733,Smartphone,PERSON-001610,Android,2023-02-16,2023-02-16,true
DEVICE-001734,Smartphone,PERSON-000792,Android,2023-02-16,2023-02-16,true
DEVICE-001735,Tablet,PERSON-000440,Android,2023-02-16,2023-02-16,true
DEVICE-001736,Smartphone,PERSON-000440,iOS,2023-02-16,2023-02-16,true
DEVICE-001737,Smartphone,PERSON-001757,iOS,2023-02-16,2023-02-16,true
DEVICE-001738,Smartphone,PERSON-000146,iOS,2023-02-22,2023-02-22,true
DEVICE-001739,Smartphone,PERSON-001667,iOS,2023-02-22,2023-02-22,true
DEVICE-001740,Smartphone,PERSON-001210,Android,2023-02-22,2023-02-22,true
DEVICE-001741,Tablet,PERSON-002750,Android,2023-02-22,2023-02-22,true
DEVICE-001742,Smartphone,PERSON-001041,Android,2023-02-22,2023-02-22,true
DEVICE-001743,Smartphone,PERSON-001589,iOS,2023-02-22,2023-02-22,true
DEVICE-001744,Smartphone,PERSON-001589,Android,2023-02-22,2023-02-22,true
DEVICE-001745,Tablet,PERSON-001670,Android,2023-02-22,2023-02-22,true
DEVICE-001746,Feature Phone,PERSON-001670,iOS,2023-02-22,2023-02-22,true
DEVICE-001747,Feature Phone,PERSON-001701,iOS,2023-12-17,2023-12-17,true
DEVICE-001748,Smartphone,PERSON-002449,Android,2023-12-17,2023-12-17,true
DEVICE-001749,Feature Phone,PERSON-002646,iOS,2023-12-17,2023-12-17,true
DEVICE-001750,Feature Phone,PERSON-000569,iOS,2023-12-17,2023-12-17,true
DEVICE-001751,Feature Phone,PERSON-000569,Android,2023-12-17,2023-12-17,true
DEVICE-001752,Tablet,PERSON-002965,Android,2023-12-17,2023-12-17,true
DEVICE-001753,Feature Phone,PERSON-002965,Android,2023-12-17,2023-12-17,true
DEVICE-001754,Smartphone,PERSON-000823,iOS,2023-12-17,2023-12-17,true
DEVICE-001755,Tablet,PERSON-001387,Android,2023-12-17,2023-12-17,true
DEVICE-001756,Tablet,PERSON-002654,iOS,2023-12-17,2023-12-17,true
DEVICE-001757,Smartphone,PERSON-000838,iOS,2023-12-17,2023-12-17,true
DEVICE-001758,Tablet,PERSON-000838,Android,2023-12-17,2023-12-17,true
DEVICE-001759,Feature Phone,PERSON-001667,Android,2023-01-24,2023-01-24,true
DEVICE-001760,Smartphone,PERSON-001667,Android,2023-01-24,2023-01-24,true
DEVICE-001761,Tablet,PERSON-001210,Android,2023-01-24,2023-01-24,true
DEVICE-001762,Smartphone,PERSON-001558,iOS,2023-01-24,2023-01-24,true
DEVICE-001763,Smartphone,PERSON-001558,Android,2023-01-24,2023-01-24,true
DEVICE-001764,Smartphone,PERSON-000351,iOS,2023-01-24,2023-01-24,true
DEVICE-001765,Feature Phone,PERSON-002750,iOS,2023-01-24,2023-01-24,true
DEVICE-001766,Feature Phone,PERSON-001670,iOS,2023-01-24,2023-01-24,true
DEVICE-001767,Smartphone,PERSON-000357,iOS,2023-01-24,2023-01-24,true
DEVICE-001768,Tablet,PERSON-000682,iOS,2023-12-12,2023-12-12,true
DEVICE-001769,Feature Phone,PERSON-002737,iOS,2023-12-12,2023-12-12,true
DEVICE-001770,Tablet,PERSON-001558,Android,2023-12-12,2023-12-12,true
DEVICE-001771,Smartphone,PERSON-000042,Android,2023-12-12,2023-12-12,true
DEVICE-001772,Feature Phone,PERSON-000473,iOS,2023-12-12,2023-12-12,true
DEVICE-001773,Feature Phone,PERSON-001481,iOS,2023-12-12,2023-12-12,true
DEVICE-001774,Smartphone,PERSON-000275,Android,2023-12-12,2023-12-12,true
DEVICE-001775,Tablet,PERSON-000275,Android,2023-12-12,2023-12-12,true
DEVICE-001776,Smartphone,PERSON-000032,iOS,2023-12-12,2023-12-12,true
DEVICE-001777,Tablet,PERSON-002675,Android,2023-02-04,2023-02-04,true
DEVICE-001778,Tablet,PERSON-000060,iOS,2023-02-04,2023-02-04,true
DEVICE-001779,Smartphone,PERSON-000832,Android,2023-02-04,2023-02-04,true
DEVICE-001780,Feature Phone,PERSON-001480,iOS,2023-02-04,2023-02-04,true
DEVICE-001781,Smartphone,PERSON-002247,Android,2023-02-04,2023-02-04,true
DEVICE-001782,Tablet,PERSON-002847,Android,2023-02-04,2023-02-04,true
DEVICE-001783,Smartphone,PERSON-001847,Android,2023-02-04,2023-02-04,true
DEVICE-001784,Feature Phone,PERSON-001847,Android,2023-02-04,2023-02-04,true
DEVICE-001785,Feature Phone,PERSON-000419,Android,2023-10-17,2023-10-17,true
DEVICE-001786,Smartphone,PERSON-002737,iOS,2023-10-17,2023-10-17,true
DEVICE-001787,Smartphone,PERSON-002737,iOS,2023-10-17,2023-10-17,true
DEVICE-001788,Tablet,PERSON-000366,iOS,2023-10-17,2023-10-17,true
DEVICE-001789,Tablet,PERSON-000414,iOS,2023-10-17,2023-10-17,true
DEVICE-001790,Tablet,PERSON-002417,Android,2023-10-17,2023-10-17,true
DEVICE-001791,Tablet,PERSON-002094,iOS,2023-10-17,2023-10-17,true
DEVICE-001792,Smartphone,PERSON-001687,Android,2023-10-17,2023-10-17,true
DEVICE-001793,Feature Phone,PERSON-002965,Android,2023-10-17,2023-10-17,true
DEVICE-001794,Feature Phone,PERSON-000207,Android,2023-10-17,2023-10-17,true
DEVICE-001795,Tablet,PERSON-000111,Android,2023-10-17,2023-10-17,true
DEVICE-001796,Smartphone,PERSON-000111,Android,2023-10-17,2023-10-17,true
DEVICE-001797,Smartphone,PERSON-000103,iOS,2023-10-17,2023-10-17,true
DEVICE-001798,Feature Phone,PERSON-001869,iOS,2023-10-17,2023-10-17,true
DEVICE-001799,Feature Phone,PERSON-001908,iOS,2023-02-27,2023-02-27,true
DEVICE-001800,Smartphone,PERSON-001908,Android,2023-02-27,2023-02-27,true
DEVICE-001801,Feature Phone,PERSON-001258,Android,2023-02-27,2023-02-27,true
DEVICE-001802,Smartphone,PERSON-002930,iOS,2023-02-27,2023-02-27,true
DEVICE-001803,Tablet,PERSON-000901,Android,2023-02-27,2023-02-27,true
DEVICE-001804,Smartphone,PERSON-000901,Android,2023-02-27,2023-02-27,true
DEVICE-001805,Smartphone,PERSON-001880,Android,2023-02-27,2023-02-27,true
DEVICE-001806,Tablet,PERSON-002247,Android,2023-02-27,2023-02-27,true
DEVICE-001807,Tablet,PERSON-000599,iOS,2023-02-27,2023-02-27,true
DEVICE-001808,Tablet,PERSON-001519,Android,2023-02-27,2023-02-27,true
DEVICE-001809,Tablet,PERSON-000146,Android,2023-03-23,2023-03-23,true
DEVICE-001810,Tablet,PERSON-000279,Android,2023-03-23,2023-03-23,true
DEVICE-001811,Tablet,PERSON-002758,Android,2023-03-23,2023-03-23,true
DEVICE-001812,Tablet,PERSON-002758,iOS,2023-03-23,2023-03-23,true
DEVICE-001813,Tablet,PERSON-000217,iOS,2023-03-23,2023-03-23,true
DEVICE-001814,Smartphone,PERSON-000556,Android,2023-03-23,2023-03-23,true
DEVICE-001815,Feature Phone,PERSON-002964,iOS,2023-03-23,2023-03-23,true
DEVICE-001816,Feature Phone,PERSON-002450,iOS,2023-01-24,2023-01-24,true
DEVICE-001817,Feature Phone,PERSON-002450,Android,2023-01-24,2023-01-24,true
DEVICE-001818,Smartphone,PERSON-002517,Android,2023-01-24,2023-01-24,true
DEVICE-001819,Tablet,PERSON-000769,iOS,2023-01-24,2023-01-24,true
DEVICE-001820,Feature Phone,PERSON-000769,Android,2023-01-24,2023-01-24,true
DEVICE-001821,Feature Phone,PERSON-000597,Android,2023-01-24,2023-01-24,true
DEVICE-001822,Tablet,PERSON-000597,iOS,2023-01-24,2023-01-24,true
DEVICE-001823,Feature Phone,PERSON-000817,iOS,2023-01-24,2023-01-24,true
DEVICE-001824,Feature Phone,PERSON-000062,iOS,2023-01-24,2023-01-24,true
DEVICE-001825,Tablet,PERSON-000860,Android,2023-01-24,2023-01-24,true
DEVICE-001826,Smartphone,PERSON-002879,Android,2023-01-24,2023-01-24,true
DEVICE-001827,Feature Phone,PERSON-001581,Android,2023-01-24,2023-01-24,true
DEVICE-001828,Feature Phone,PERSON-002205,iOS,2023-12-13,2023-12-13,true
DEVICE-001829,Smartphone,PERSON-000217,iOS,2023-12-13,2023-12-13,true
DEVICE-001830,Smartphone,PERSON-001043,iOS,2023-12-13,2023-12-13,true
DEVICE-001831,Feature Phone,PERSON-001043,iOS,2023-12-13,2023-12-13,true
DEVICE-001832,Tablet,PERSON-000556,Android,2023-12-13,2023-12-13,true
DEVICE-001833,Smartphone,PERSON-001210,iOS,2023-12-27,2023-12-27,true
DEVICE-001834,Smartphone,PERSON-001558,Android,2023-12-27,2023-12-27,true
DEVICE-001835,Smartphone,PERSON-000351,iOS,2023-12-27,2023-12-27,true
DEVICE-001836,Smartphone,PERSON-001041,iOS,2023-12-27,2023-12-27,true
DEVICE-001837,Tablet,PERSON-002757,Android,2023-12-27,2023-12-27,true
DEVICE-001838,Tablet,PERSON-001670,iOS,2023-12-27,2023-12-27,true
DEVICE-001839,Smartphone,PERSON-001670,Android,2023-12-27,2023-12-27,true
DEVICE-001840,Smartphone,PERSON-000538,Android,2023-12-24,2023-12-24,true
DEVICE-001841,Tablet,PERSON-000120,Android,2023-12-24,2023-12-24,true
DEVICE-001842,Smartphone,PERSON-001965,Android,2023-12-24,2023-12-24,true
DEVICE-001843,Smartphone,PERSON-000863,iOS,2023-12-24,2023-12-24,true
DEVICE-001844,Smartphone,PERSON-002745,iOS,2023-12-24,2023-12-24,true
DEVICE-001845,Tablet,PERSON-002803,Android,2023-12-24,2023-12-24,true
DEVICE-001846,Tablet,PERSON-000081,Android,2023-07-05,2023-07-05,true
DEVICE-001847,Smartphone,PERSON-001259,iOS,2023-07-05,2023-07-05,true
DEVICE-001848,Feature Phone,PERSON-000850,Android,2023-07-05,2023-07-05,true
DEVICE-001849,Feature Phone,PERSON-001861,iOS,2023-07-05,2023-07-05,true
DEVICE-001850,Smartphone,PERSON-002574,iOS,2023-07-05,2023-07-05,true
DEVICE-001851,Smartphone,PERSON-000863,iOS,2023-07-05,2023-07-05,true
DEVICE-001852,Smartphone,PERSON-000063,iOS,2023-07-05,2023-07-05,true
DEVICE-001853,Smartphone,PERSON-002757,Android,2023-07-05,2023-07-05,true
DEVICE-001854,Feature Phone,PERSON-002757,iOS,2023-07-05,2023-07-05,true
DEVICE-001855,Smartphone,PERSON-001589,Android,2023-07-05,2023-07-05,true
DEVICE-001856,Feature Phone,PERSON-000611,iOS,2023-02-02,2023-02-02,true
DEVICE-001857,Tablet,PERSON-000611,iOS,2023-02-02,2023-02-02,true
DEVICE-001858,Feature Phone,PERSON-000832,Android,2023-02-02,2023-02-02,true
DEVICE-001859,Tablet,PERSON-002713,iOS,2023-02-02,2023-02-02,true
DEVICE-001860,Feature Phone,PERSON-002713,iOS,2023-02-02,2023-02-02,true
DEVICE-001861,Tablet,PERSON-000497,iOS,2023-02-02,2023-02-02,true
DEVICE-001862,Feature Phone,PERSON-000635,iOS,2023-02-02,2023-02-02,true
DEVICE-001863,Smartphone,PERSON-002922,iOS,2023-02-02,2023-02-02,true
DEVICE-001864,Feature Phone,PERSON-000233,Android,2023-06-11,2023-06-11,true
DEVICE-001865,Smartphone,PERSON-000492,Android,2023-06-11,2023-06-11,true
DEVICE-001866,Feature Phone,PERSON-000886,Android,2023-06-11,2023-06-11,true
DEVICE-001867,Feature Phone,PERSON-002771,iOS,2023-06-11,2023-06-11,true
DEVICE-001868,Smartphone,PERSON-002771,iOS,2023-06-11,2023-06-11,true
DEVICE-001869,Smartphone,PERSON-000144,Android,2023-06-11,2023-06-11,true
DEVICE-001870,Smartphone,PERSON-000302,Android,2023-06-11,2023-06-11,true
DEVICE-001871,Tablet,PERSON-001880,Android,2023-06-11,2023-06-11,true
DEVICE-001872,Tablet,PERSON-002122,iOS,2023-06-11,2023-06-11,true
DEVICE-001873,Tablet,PERSON-002122,Android,2023-06-11,2023-06-11,true
DEVICE-001874,Smartphone,PERSON-001830,iOS,2023-06-11,2023-06-11,true
DEVICE-001875,Tablet,PERSON-001584,iOS,2023-05-06,2023-05-06,true
DEVICE-001876,Feature Phone,PERSON-000419,Android,2023-05-06,2023-05-06,true
DEVICE-001877,Feature Phone,PERSON-000419,Android,2023-05-06,2023-05-06,true
DEVICE-001878,Tablet,PERSON-002737,Android,2023-05-06,2023-05-06,true
DEVICE-001879,Smartphone,PERSON-002737,iOS,2023-05-06,2023-05-06,true
DEVICE-001880,Tablet,PERSON-001687,iOS,2023-05-06,2023-05-06,true
DEVICE-001881,Feature Phone,PERSON-000111,Android,2023-05-06,2023-05-06,true
DEVICE-001882,Feature Phone,PERSON-000103,iOS,2023-05-06,2023-05-06,true
DEVICE-001883,Smartphone,PERSON-001774,Android,2023-05-02,2023-05-02,true
DEVICE-001884,Tablet,PERSON-001674,iOS,2023-05-02,2023-05-02,true
DEVICE-001885,Smartphone,PERSON-002737,Android,2023-05-02,2023-05-02,true
DEVICE-001886,Tablet,PERSON-000407,Android,2023-05-02,2023-05-02,true
DEVICE-001887,Feature Phone,PERSON-002094,iOS,2023-05-02,2023-05-02,true
DEVICE-001888,Tablet,PERSON-002094,Android,2023-05-02,2023-05-02,true
DEVICE-001889,Smartphone,PERSON-001687,Android,2023-05-02,2023-05-02,true
DEVICE-001890,Feature Phone,PERSON-000207,Android,2023-05-02,2023-05-02,true
DEVICE-001891,Feature Phone,PERSON-000207,Android,2023-05-02,2023-05-02,true
DEVICE-001892,Feature Phone,PERSON-001869,iOS,2023-05-02,2023-05-02,true
DEVICE-001893,Smartphone,PERSON-001869,iOS,2023-05-02,2023-05-02,true
DEVICE-001894,Smartphone,PERSON-000862,iOS,2023-09-15,2023-09-15,true
DEVICE-001895,Smartphone,PERSON-000295,Android,2023-09-15,2023-09-15,true
DEVICE-001896,Tablet,PERSON-000295,iOS,2023-09-15,2023-09-15,true
DEVICE-001897,Smartphone,PERSON-000846,iOS,2023-09-15,2023-09-15,true
DEVICE-001898,Feature Phone,PERSON-002646,Android,2023-09-15,2023-09-15,true
DEVICE-001899,Feature Phone,PERSON-000569,Android,2023-09-15,2023-09-15,true
DEVICE-001900,Smartphone,PERSON-000009,Android,2023-09-15,2023-09-15,true
DEVICE-001901,Tablet,PERSON-000823,iOS,2023-09-15,2023-09-15,true
DEVICE-001902,Smartphone,PERSON-000823,Android,2023-09-15,2023-09-15,true
DEVICE-001903,Smartphone,PERSON-001387,Android,2023-09-15,2023-09-15,true
DEVICE-001904,Feature Phone,PERSON-001387,Android,2023-09-15,2023-09-15,true
DEVICE-001905,Tablet,PERSON-002009,Android,2023-09-15,2023-09-15,true
DEVICE-001906,Tablet,PERSON-000784,Android,2023-10-12,2023-10-12,true
DEVICE-001907,Tablet,PERSON-000784,Android,2023-10-12,2023-10-12,true
DEVICE-001908,Feature Phone,PERSON-000397,Android,2023-10-12,2023-10-12,true
DEVICE-001909,Feature Phone,PERSON-001234,Android,2023-10-12,2023-10-12,true
DEVICE-001910,Tablet,PERSON-002068,Android,2023-10-12,2023-10-12,true
DEVICE-001911,Smartphone,PERSON-002004,Android,2023-10-12,2023-10-12,true
DEVICE-001912,Feature Phone,PERSON-002004,iOS,2023-10-12,2023-10-12,true
DEVICE-001913,Tablet,PERSON-001107,iOS,2023-10-12,2023-10-12,true
DEVICE-001914,Feature Phone,PERSON-001107,Android,2023-10-12,2023-10-12,true
DEVICE-001915,Smartphone,PERSON-000081,iOS,2023-10-14,2023-10-14,true
DEVICE-001916,Smartphone,PERSON-000081,iOS,2023-10-14,2023-10-14,true
DEVICE-001917,Feature Phone,PERSON-001259,Android,2023-10-14,2023-10-14,true
DEVICE-001918,Feature Phone,PERSON-001861,iOS,2023-10-14,2023-10-14,true
DEVICE-001919,Smartphone,PERSON-002574,Android,2023-10-14,2023-10-14,true
DEVICE-001920,Feature Phone,PERSON-000863,Android,2023-10-14,2023-10-14,true
DEVICE-001921,Tablet,PERSON-000863,iOS,2023-10-14,2023-10-14,true
DEVICE-001922,Feature Phone,PERSON-000063,iOS,2023-10-14,2023-10-14,true
DEVICE-001923,Tablet,PERSON-002757,iOS,2023-10-14,2023-10-14,true
DEVICE-001924,Smartphone,PERSON-000569,Android,2023-10-14,2023-10-14,true
DEVICE-001925,Smartphone,PERSON-001589,iOS,2023-10-14,2023-10-14,true
DEVICE-001926,Smartphone,PERSON-001172,iOS,2023-07-24,2023-07-24,true
DEVICE-001927,Smartphone,PERSON-002066,iOS,2023-07-24,2023-07-24,true
DEVICE-001928,Tablet,PERSON-002066,Android,2023-07-24,2023-07-24,true
DEVICE-001929,Tablet,PERSON-002197,iOS,2023-07-24,2023-07-24,true
DEVICE-001930,Smartphone,PERSON-002197,Android,2023-07-24,2023-07-24,true
DEVICE-001931,Feature Phone,PERSON-002077,Android,2023-07-24,2023-07-24,true
DEVICE-001932,Tablet,PERSON-000991,Android,2023-07-24,2023-07-24,true
DEVICE-001933,Feature Phone,PERSON-000096,iOS,2023-07-24,2023-07-24,true
DEVICE-001934,Smartphone,PERSON-002944,Android,2023-07-24,2023-07-24,true
DEVICE-001935,Tablet,PERSON-000697,Android,2023-07-24,2023-07-24,true
DEVICE-001936,Tablet,PERSON-002418,iOS,2023-07-24,2023-07-24,true
DEVICE-001937,Tablet,PERSON-000957,Android,2023-07-24,2023-07-24,true
DEVICE-001938,Smartphone,PERSON-000538,iOS,2023-01-11,2023-01-11,true
DEVICE-001939,Tablet,PERSON-000538,iOS,2023-01-11,2023-01-11,true
DEVICE-001940,Smartphone,PERSON-002449,Android,2023-01-11,2023-01-11,true
DEVICE-001941,Smartphone,PERSON-001898,iOS,2023-01-11,2023-01-11,true
DEVICE-001942,Smartphone,PERSON-000921,iOS,2023-01-11,2023-01-11,true
DEVICE-001943,Tablet,PERSON-001540,iOS,2023-01-11,2023-01-11,true
DEVICE-001944,Feature Phone,PERSON-002999,Android,2023-01-11,2023-01-11,true
DEVICE-001945,Tablet,PERSON-000488,iOS,2023-01-11,2023-01-11,true
DEVICE-001946,Smartphone,PERSON-002745,Android,2023-01-11,2023-01-11,true
DEVICE-001947,Smartphone,PERSON-000357,iOS,2023-01-11,2023-01-11,true
DEVICE-001948,Feature Phone,PERSON-002821,iOS,2023-12-07,2023-12-07,true
DEVICE-001949,Tablet,PERSON-001474,iOS,2023-12-07,2023-12-07,true
DEVICE-001950,Smartphone,PERSON-000180,Android,2023-12-07,2023-12-07,true
DEVICE-001951,Smartphone,PERSON-001610,iOS,2023-12-07,2023-12-07,true
DEVICE-001952,Smartphone,PERSON-000792,iOS,2023-12-07,2023-12-07,true
DEVICE-001953,Tablet,PERSON-000792,iOS,2023-12-07,2023-12-07,true
DEVICE-001954,Feature Phone,PERSON-002618,Android,2023-12-07,2023-12-07,true
DEVICE-001955,Smartphone,PERSON-002618,iOS,2023-12-07,2023-12-07,true
DEVICE-001956,Tablet,PERSON-000440,iOS,2023-12-07,2023-12-07,true
DEVICE-001957,Feature Phone,PERSON-002821,iOS,2023-09-03,2023-09-03,true
DEVICE-001958,Smartphone,PERSON-001474,iOS,2023-09-03,2023-09-03,true
DEVICE-001959,Smartphone,PERSON-001474,Android,2023-09-03,2023-09-03,true
DEVICE-001960,Feature Phone,PERSON-001262,iOS,2023-09-03,2023-09-03,true
DEVICE-001961,Tablet,PERSON-001610,iOS,2023-09-03,2023-09-03,true
DEVICE-001962,Tablet,PERSON-000136,Android,2023-09-03,2023-09-03,true
DEVICE-001963,Tablet,PERSON-000792,Android,2023-09-03,2023-09-03,true
DEVICE-001964,Tablet,PERSON-002618,Android,2023-09-03,2023-09-03,true
DEVICE-001965,Feature Phone,PERSON-000440,Android,2023-09-03,2023-09-03,true
DEVICE-001966,Tablet,PERSON-000440,iOS,2023-09-03,2023-09-03,true
DEVICE-001967,Feature Phone,PERSON-000682,iOS,2023-07-18,2023-07-18,true
DEVICE-001968,Smartphone,PERSON-002737,Android,2023-07-18,2023-07-18,true
DEVICE-001969,Tablet,PERSON-002737,iOS,2023-07-18,2023-07-18,true
DEVICE-001970,Feature Phone,PERSON-000473,Android,2023-07-18,2023-07-18,true
DEVICE-001971,Smartphone,PERSON-000473,iOS,2023-07-18,2023-07-18,true
DEVICE-001972,Feature Phone,PERSON-002068,iOS,2023-07-18,2023-07-18,true
DEVICE-001973,Feature Phone,PERSON-000580,Android,2023-07-18,2023-07-18,true
DEVICE-001974,Feature Phone,PERSON-000032,iOS,2023-07-18,2023-07-18,true
DEVICE-001975,Feature Phone,PERSON-001542,iOS,2023-12-06,2023-12-06,true
DEVICE-001976,Smartphone,PERSON-001596,iOS,2023-12-06,2023-12-06,true
DEVICE-001977,Smartphone,PERSON-001363,Android,2023-12-06,2023-12-06,true
DEVICE-001978,Feature Phone,PERSON-000060,Android,2023-12-06,2023-12-06,true
DEVICE-001979,Feature Phone,PERSON-001066,Android,2023-12-06,2023-12-06,true
DEVICE-001980,Tablet,PERSON-001480,iOS,2023-12-06,2023-12-06,true
DEVICE-001981,Smartphone,PERSON-000635,iOS,2023-12-06,2023-12-06,true
DEVICE-001982,Feature Phone,PERSON-001847,Android,2023-12-06,2023-12-06,true
DEVICE-001983,Feature Phone,PERSON-000295,iOS,2023-11-11,2023-11-11,true
DEVICE-001984,Feature Phone,PERSON-000295,iOS,2023-11-11,2023-11-11,true
DEVICE-001985,Smartphone,PERSON-002343,Android,2023-11-11,2023-11-11,true
DEVICE-001986,Tablet,PERSON-001521,iOS,2023-11-11,2023-11-11,true
DEVICE-001987,Smartphone,PERSON-001521,Android,2023-11-11,2023-11-11,true
DEVICE-001988,Tablet,PERSON-001642,iOS,2023-11-11,2023-11-11,true
DEVICE-001989,Tablet,PERSON-001043,Android,2023-11-11,2023-11-11,true
DEVICE-001990,Smartphone,PERSON-001043,iOS,2023-11-11,2023-11-11,true
DEVICE-001991,Tablet,PERSON-002728,iOS,2023-11-11,2023-11-11,true
DEVICE-001992,Smartphone,PERSON-002728,Android,2023-11-11,2023-11-11,true
DEVICE-001993,Tablet,PERSON-001547,Android,2023-11-11,2023-11-11,true
DEVICE-001994,Tablet,PERSON-000260,Android,2023-06-27,2023-06-27,true
DEVICE-001995,Tablet,PERSON-000825,iOS,2023-06-27,2023-06-27,true
DEVICE-001996,Smartphone,PERSON-000943,iOS,2023-06-27,2023-06-27,true
DEVICE-001997,Feature Phone,PERSON-002397,iOS,2023-06-27,2023-06-27,true
DEVICE-001998,Feature Phone,PERSON-002397,iOS,2023-06-27,2023-06-27,true
DEVICE-001999,Smartphone,PERSON-002846,Android,2023-06-27,2023-06-27,true
DEVICE-002000,Smartphone,PERSON-001578,iOS,2023-06-27,2023-06-27,true
DEVICE-002001,Smartphone,PERSON-001578,Android,2023-06-27,2023-06-27,true
DEVICE-002002,Feature Phone,PERSON-001397,Android,2023-06-27,2023-06-27,true
DEVICE-002003,Feature Phone,PERSON-002304,iOS,2023-06-27,2023-06-27,true
DEVICE-002004,Smartphone,PERSON-001691,Android,2023-06-27,2023-06-27,true
DEVICE-002005,Smartphone,PERSON-000111,iOS,2023-07-05,2023-07-05,true
DEVICE-002006,Tablet,PERSON-002757,Android,2023-07-05,2023-07-05,true
DEVICE-002007,Tablet,PERSON-001869,iOS,2023-07-05,2023-07-05,true
DEVICE-002008,Tablet,PERSON-000207,Android,2023-07-05,2023-07-05,true
DEVICE-002009,Feature Phone,PERSON-001667,Android,2023-01-17,2023-01-17,true
DEVICE-002010,Feature Phone,PERSON-001210,Android,2023-01-17,2023-01-17,true
DEVICE-002011,Feature Phone,PERSON-001558,Android,2023-01-17,2023-01-17,true
DEVICE-002012,Feature Phone,PERSON-002750,iOS,2023-01-17,2023-01-17,true
DEVICE-002013,Smartphone,PERSON-000950,iOS,2023-01-17,2023-01-17,true
DEVICE-002014,Smartphone,PERSON-000950,iOS,2023-01-17,2023-01-17,true
DEVICE-002015,Feature Phone,PERSON-001041,Android,2023-01-17,2023-01-17,true
DEVICE-002016,Smartphone,PERSON-001589,iOS,2023-01-17,2023-01-17,true
DEVICE-002017,Feature Phone,PERSON-001670,iOS,2023-01-17,2023-01-17,true
DEVICE-002018,Smartphone,PERSON-002704,iOS,2023-12-10,2023-12-10,true
DEVICE-002019,Smartphone,PERSON-002704,iOS,2023-12-10,2023-12-10,true
DEVICE-002020,Feature Phone,PERSON-000850,Android,2023-12-10,2023-12-10,true
DEVICE-002021,Tablet,PERSON-000850,Android,2023-12-10,2023-12-10,true
DEVICE-002022,Smartphone,PERSON-000863,Android,2023-12-10,2023-12-10,true
DEVICE-002023,Smartphone,PERSON-000063,iOS,2023-12-10,2023-12-10,true
DEVICE-002024,Smartphone,PERSON-000063,Android,2023-12-10,2023-12-10,true
DEVICE-002025,Feature Phone,PERSON-002757,iOS,2023-12-10,2023-12-10,true
DEVICE-002026,Feature Phone,PERSON-002449,iOS,2023-08-10,2023-08-10,true
DEVICE-002027,Feature Phone,PERSON-000569,iOS,2023-08-10,2023-08-10,true
DEVICE-002028,Tablet,PERSON-002197,iOS,2023-08-10,2023-08-10,true
DEVICE-002029,Tablet,PERSON-000703,iOS,2023-08-10,2023-08-10,true
DEVICE-002030,Smartphone,PERSON-001492,iOS,2023-08-10,2023-08-10,true
DEVICE-002031,Feature Phone,PERSON-001205,iOS,2023-08-10,2023-08-10,true
DEVICE-002032,Feature Phone,PERSON-002275,iOS,2023-11-06,2023-11-06,true
DEVICE-002033,Tablet,PERSON-000621,Android,2023-11-06,2023-11-06,true
DEVICE-002034,Tablet,PERSON-000863,iOS,2023-11-06,2023-11-06,true
DEVICE-002035,Feature Phone,PERSON-000863,iOS,2023-11-06,2023-11-06,true
DEVICE-002036,Feature Phone,PERSON-002999,Android,2023-11-06,2023-11-06,true
DEVICE-002037,Smartphone,PERSON-001205,Android,2023-11-06,2023-11-06,true
DEVICE-002038,Tablet,PERSON-002343,iOS,2023-08-31,2023-08-31,true
DEVICE-002039,Feature Phone,PERSON-001331,iOS,2023-08-31,2023-08-31,true
DEVICE-002040,Feature Phone,PERSON-001331,iOS,2023-08-31,2023-08-31,true
DEVICE-002041,Smartphone,PERSON-000950,iOS,2023-08-31,2023-08-31,true
DEVICE-002042,Tablet,PERSON-000272,iOS,2023-08-31,2023-08-31,true
DEVICE-002043,Feature Phone,PERSON-002728,Android,2023-08-31,2023-08-31,true
DEVICE-002044,Smartphone,PERSON-002017,Android,2023-08-31,2023-08-31,true
DEVICE-002045,Tablet,PERSON-000121,iOS,2023-04-28,2023-04-28,true
DEVICE-002046,Tablet,PERSON-000121,iOS,2023-04-28,2023-04-28,true
DEVICE-002047,Feature Phone,PERSON-000181,iOS,2023-04-28,2023-04-28,true
DEVICE-002048,Tablet,PERSON-000181,Android,2023-04-28,2023-04-28,true
DEVICE-002049,Smartphone,PERSON-001796,iOS,2023-04-28,2023-04-28,true
DEVICE-002050,Feature Phone,PERSON-002197,iOS,2023-04-28,2023-04-28,true
DEVICE-002051,Feature Phone,PERSON-002077,Android,2023-04-28,2023-04-28,true
DEVICE-002052,Feature Phone,PERSON-002077,Android,2023-04-28,2023-04-28,true
DEVICE-002053,Smartphone,PERSON-000096,iOS,2023-04-28,2023-04-28,true
DEVICE-002054,Smartphone,PERSON-002418,iOS,2023-04-28,2023-04-28,true
DEVICE-002055,Tablet,PERSON-002418,iOS,2023-04-28,2023-04-28,true
DEVICE-002056,Feature Phone,PERSON-000845,Android,2023-04-28,2023-04-28,true
DEVICE-002057,Feature Phone,PERSON-001558,Android,2023-11-17,2023-11-17,true
DEVICE-002058,Smartphone,PERSON-001558,iOS,2023-11-17,2023-11-17,true
DEVICE-002059,Tablet,PERSON-001474,Android,2023-11-17,2023-11-17,true
DEVICE-002060,Feature Phone,PERSON-001474,Android,2023-11-17,2023-11-17,true
DEVICE-002061,Feature Phone,PERSON-001262,Android,2023-11-17,2023-11-17,true
DEVICE-002062,Tablet,PERSON-001610,Android,2023-11-17,2023-11-17,true
DEVICE-002063,Feature Phone,PERSON-001552,Android,2023-11-17,2023-11-17,true
DEVICE-002064,Feature Phone,PERSON-001552,Android,2023-11-17,2023-11-17,true
DEVICE-002065,Smartphone,PERSON-002060,Android,2023-11-17,2023-11-17,true
DEVICE-002066,Feature Phone,PERSON-000440,iOS,2023-11-17,2023-11-17,true
DEVICE-002067,Smartphone,PERSON-000440,Android,2023-11-17,2023-11-17,true
DEVICE-002068,Smartphone,PERSON-002517,iOS,2023-08-21,2023-08-21,true
DEVICE-002069,Feature Phone,PERSON-002020,Android,2023-08-21,2023-08-21,true
DEVICE-002070,Tablet,PERSON-000538,Android,2023-08-21,2023-08-21,true
DEVICE-002071,Smartphone,PERSON-001544,iOS,2023-08-21,2023-08-21,true
DEVICE-002072,Smartphone,PERSON-001861,Android,2023-08-21,2023-08-21,true
DEVICE-002073,Tablet,PERSON-001861,iOS,2023-08-21,2023-08-21,true
DEVICE-002074,Smartphone,PERSON-001540,iOS,2023-08-21,2023-08-21,true
DEVICE-002075,Smartphone,PERSON-000921,Android,2023-08-21,2023-08-21,true
DEVICE-002076,Smartphone,PERSON-001992,Android,2023-08-21,2023-08-21,true
DEVICE-002077,Smartphone,PERSON-001543,iOS,2023-08-21,2023-08-21,true
DEVICE-002078,Tablet,PERSON-002999,iOS,2023-08-21,2023-08-21,true
DEVICE-002079,Feature Phone,PERSON-001205,iOS,2023-08-21,2023-08-21,true
DEVICE-002080,Feature Phone,PERSON-001205,Android,2023-08-21,2023-08-21,true
DEVICE-002081,Tablet,PERSON-001558,iOS,2023-03-11,2023-03-11,true
DEVICE-002082,Tablet,PERSON-001558,iOS,2023-03-11,2023-03-11,true
DEVICE-002083,Smartphone,PERSON-001135,iOS,2023-03-11,2023-03-11,true
DEVICE-002084,Feature Phone,PERSON-001474,Android,2023-03-11,2023-03-11,true
DEVICE-002085,Tablet,PERSON-001262,iOS,2023-03-11,2023-03-11,true
DEVICE-002086,Feature Phone,PERSON-001610,iOS,2023-03-11,2023-03-11,true
DEVICE-002087,Tablet,PERSON-001610,iOS,2023-03-11,2023-03-11,true
DEVICE-002088,Tablet,PERSON-002060,Android,2023-03-11,2023-03-11,true
DEVICE-002089,Feature Phone,PERSON-000267,Android,2023-03-11,2023-03-11,true
DEVICE-002090,Smartphone,PERSON-002900,Android,2023-03-11,2023-03-11,true
DEVICE-002091,Tablet,PERSON-002900,Android,2023-03-11,2023-03-11,true
DEVICE-002092,Smartphone,PERSON-000440,iOS,2023-03-11,2023-03-11,true
DEVICE-002093,Tablet,PERSON-000440,Android,2023-03-11,2023-03-11,true
DEVICE-002094,Feature Phone,PERSON-000081,Android,2023-09-18,2023-09-18,true
DEVICE-002095,Smartphone,PERSON-000081,Android,2023-09-18,2023-09-18,true
DEVICE-002096,Tablet,PERSON-001259,Android,2023-09-18,2023-09-18,true
DEVICE-002097,Tablet,PERSON-000850,Android,2023-09-18,2023-09-18,true
DEVICE-002098,Feature Phone,PERSON-000063,iOS,2023-09-18,2023-09-18,true
DEVICE-002099,Tablet,PERSON-001589,iOS,2023-09-18,2023-09-18,true
DEVICE-002100,Feature Phone,PERSON-001387,Android,2023-09-18,2023-09-18,true
DEVICE-002101,Tablet,PERSON-002821,iOS,2023-10-16,2023-10-16,true
DEVICE-002102,Smartphone,PERSON-002821,iOS,2023-10-16,2023-10-16,true
DEVICE-002103,Feature Phone,PERSON-001115,iOS,2023-10-16,2023-10-16,true
DEVICE-002104,Smartphone,PERSON-001115,iOS,2023-10-16,2023-10-16,true
DEVICE-002105,Tablet,PERSON-001262,Android,2023-10-16,2023-10-16,true
DEVICE-002106,Smartphone,PERSON-000180,iOS,2023-10-16,2023-10-16,true
DEVICE-002107,Smartphone,PERSON-000792,iOS,2023-10-16,2023-10-16,true
DEVICE-002108,Tablet,PERSON-002999,iOS,2023-10-16,2023-10-16,true
DEVICE-002109,Smartphone,PERSON-002900,iOS,2023-10-16,2023-10-16,true
DEVICE-002110,Tablet,PERSON-000440,Android,2023-10-16,2023-10-16,true
DEVICE-002111,Feature Phone,PERSON-001757,iOS,2023-10-16,2023-10-16,true
DEVICE-002112,Smartphone,PERSON-001757,Android,2023-10-16,2023-10-16,true
DEVICE-002113,Smartphone,PERSON-000233,Android,2023-07-01,2023-07-01,true
DEVICE-002114,Tablet,PERSON-000492,Android,2023-07-01,2023-07-01,true
DEVICE-002115,Tablet,PERSON-000342,Android,2023-07-01,2023-07-01,true
DEVICE-002116,Smartphone,PERSON-000886,Android,2023-07-01,2023-07-01,true
DEVICE-002117,Tablet,PERSON-002082,Android,2023-07-01,2023-07-01,true
DEVICE-002118,Smartphone,PERSON-001880,iOS,2023-07-01,2023-07-01,true
DEVICE-002119,Feature Phone,PERSON-002122,iOS,2023-07-01,2023-07-01,true
DEVICE-002120,Feature Phone,PERSON-002122,iOS,2023-07-01,2023-07-01,true
DEVICE-002121,Smartphone,PERSON-000489,iOS,2023-07-01,2023-07-01,true
DEVICE-002122,Smartphone,PERSON-000305,iOS,2023-07-01,2023-07-01,true
DEVICE-002123,Tablet,PERSON-000366,Android,2023-04-22,2023-04-22,true
DEVICE-002124,Smartphone,PERSON-002094,Android,2023-04-22,2023-04-22,true
DEVICE-002125,Tablet,PERSON-002094,iOS,2023-04-22,2023-04-22,true
DEVICE-002126,Smartphone,PERSON-001758,Android,2023-04-22,2023-04-22,true
DEVICE-002127,Smartphone,PERSON-000207,Android,2023-04-22,2023-04-22,true
DEVICE-002128,Tablet,PERSON-001397,Android,2023-04-22,2023-04-22,true
DEVICE-002129,Tablet,PERSON-000103,Android,2023-04-22,2023-04-22,true
DEVICE-002130,Feature Phone,PERSON-001869,Android,2023-04-22,2023-04-22,true
DEVICE-002131,Feature Phone,PERSON-001210,iOS,2023-10-05,2023-10-05,true
DEVICE-002132,Smartphone,PERSON-000022,Android,2023-10-05,2023-10-05,true
DEVICE-002133,Smartphone,PERSON-001558,Android,2023-10-05,2023-10-05,true
DEVICE-002134,Feature Phone,PERSON-000351,iOS,2023-10-05,2023-10-05,true
DEVICE-002135,Smartphone,PERSON-001670,Android,2023-10-05,2023-10-05,true
DEVICE-002136,Smartphone,PERSON-001670,iOS,2023-10-05,2023-10-05,true
DEVICE-002137,Feature Phone,PERSON-001558,iOS,2023-08-30,2023-08-30,true
DEVICE-002138,Tablet,PERSON-000540,iOS,2023-08-30,2023-08-30,true
DEVICE-002139,Tablet,PERSON-002920,Android,2023-08-30,2023-08-30,true
DEVICE-002140,Smartphone,PERSON-002920,Android,2023-08-30,2023-08-30,true
DEVICE-002141,Tablet,PERSON-001474,Android,2023-08-30,2023-08-30,true
DEVICE-002142,Feature Phone,PERSON-001115,Android,2023-08-30,2023-08-30,true
DEVICE-002143,Feature Phone,PERSON-001262,iOS,2023-08-30,2023-08-30,true
DEVICE-002144,Tablet,PERSON-000180,iOS,2023-08-30,2023-08-30,true
DEVICE-002145,Feature Phone,PERSON-000792,Android,2023-08-30,2023-08-30,true
DEVICE-002146,Smartphone,PERSON-002900,Android,2023-08-30,2023-08-30,true
DEVICE-002147,Tablet,PERSON-002900,iOS,2023-08-30,2023-08-30,true
DEVICE-002148,Feature Phone,PERSON-000440,iOS,2023-08-30,2023-08-30,true
DEVICE-002149,Smartphone,PERSON-001757,iOS,2023-08-30,2023-08-30,true
DEVICE-002150,Smartphone,PERSON-000540,iOS,2023-03-02,2023-03-02,true
DEVICE-002151,Feature Phone,PERSON-000540,iOS,2023-03-02,2023-03-02,true
DEVICE-002152,Smartphone,PERSON-002639,iOS,2023-03-02,2023-03-02,true
DEVICE-002153,Smartphone,PERSON-002839,iOS,2023-03-02,2023-03-02,true
DEVICE-002154,Smartphone,PERSON-001309,iOS,2023-03-02,2023-03-02,true
DEVICE-002155,Smartphone,PERSON-000274,iOS,2023-03-02,2023-03-02,true
DEVICE-002156,Tablet,PERSON-002368,Android,2023-03-02,2023-03-02,true
DEVICE-002157,Feature Phone,PERSON-001705,Android,2023-03-02,2023-03-02,true
DEVICE-002158,Feature Phone,PERSON-002703,Android,2023-03-02,2023-03-02,true
DEVICE-002159,Feature Phone,PERSON-001210,iOS,2023-11-16,2023-11-16,true
DEVICE-002160,Tablet,PERSON-001670,Android,2023-11-16,2023-11-16,true
DEVICE-002161,Tablet,PERSON-001041,Android,2023-11-16,2023-11-16,true
DEVICE-002162,Tablet,PERSON-001041,Android,2023-11-16,2023-11-16,true
DEVICE-002163,Smartphone,PERSON-000351,Android,2023-11-16,2023-11-16,true
DEVICE-002164,Smartphone,PERSON-002675,iOS,2023-07-20,2023-07-20,true
DEVICE-002165,Smartphone,PERSON-001596,Android,2023-07-20,2023-07-20,true
DEVICE-002166,Tablet,PERSON-001542,iOS,2023-07-20,2023-07-20,true
DEVICE-002167,Feature Phone,PERSON-001542,Android,2023-07-20,2023-07-20,true
DEVICE-002168,Feature Phone,PERSON-000497,Android,2023-07-20,2023-07-20,true
DEVICE-002169,Feature Phone,PERSON-002847,iOS,2023-07-20,2023-07-20,true
DEVICE-002170,Smartphone,PERSON-002847,iOS,2023-07-20,2023-07-20,true
DEVICE-002171,Smartphone,PERSON-001847,Android,2023-07-20,2023-07-20,true
DEVICE-002172,Smartphone,PERSON-001847,Android,2023-07-20,2023-07-20,true
DEVICE-002173,Smartphone,PERSON-002922,iOS,2023-07-20,2023-07-20,true
DEVICE-002174,Feature Phone,PERSON-002922,iOS,2023-07-20,2023-07-20,true
DEVICE-002175,Tablet,PERSON-000842,iOS,2023-06-04,2023-06-04,true
DEVICE-002176,Feature Phone,PERSON-000842,Android,2023-06-04,2023-06-04,true
DEVICE-002177,Tablet,PERSON-000222,Android,2023-06-04,2023-06-04,true
DEVICE-002178,Tablet,PERSON-002845,Android,2023-06-04,2023-06-04,true
DEVICE-002179,Smartphone,PERSON-000710,Android,2023-06-04,2023-06-04,true
DEVICE-002180,Smartphone,PERSON-000712,iOS,2023-06-04,2023-06-04,true
DEVICE-002181,Smartphone,PERSON-000072,iOS,2023-06-04,2023-06-04,true
DEVICE-002182,Tablet,PERSON-000763,iOS,2023-06-04,2023-06-04,true
DEVICE-002183,Feature Phone,PERSON-000763,Android,2023-06-04,2023-06-04,true
DEVICE-002184,Tablet,PERSON-002444,Android,2023-06-04,2023-06-04,true
DEVICE-002185,Smartphone,PERSON-002675,iOS,2023-08-12,2023-08-12,true
DEVICE-002186,Tablet,PERSON-002438,iOS,2023-08-12,2023-08-12,true
DEVICE-002187,Tablet,PERSON-002438,iOS,2023-08-12,2023-08-12,true
DEVICE-002188,Smartphone,PERSON-001542,iOS,2023-08-12,2023-08-12,true
DEVICE-002189,Tablet,PERSON-001363,iOS,2023-08-12,2023-08-12,true
DEVICE-002190,Tablet,PERSON-000832,iOS,2023-08-12,2023-08-12,true
DEVICE-002191,Feature Phone,PERSON-000635,iOS,2023-08-12,2023-08-12,true
DEVICE-002192,Tablet,PERSON-002713,Android,2023-08-12,2023-08-12,true
DEVICE-002193,Smartphone,PERSON-002660,iOS,2023-08-12,2023-08-12,true
DEVICE-002194,Tablet,PERSON-002847,Android,2023-08-12,2023-08-12,true
DEVICE-002195,Tablet,PERSON-002847,iOS,2023-08-12,2023-08-12,true
DEVICE-002196,Feature Phone,PERSON-001480,iOS,2023-08-12,2023-08-12,true
DEVICE-002197,Feature Phone,PERSON-000540,Android,2023-09-01,2023-09-01,true
DEVICE-002198,Tablet,PERSON-001115,iOS,2023-09-01,2023-09-01,true
DEVICE-002199,Smartphone,PERSON-000180,Android,2023-09-01,2023-09-01,true
DEVICE-002200,Smartphone,PERSON-000267,iOS,2023-09-01,2023-09-01,true
DEVICE-002201,Tablet,PERSON-000488,iOS,2023-09-01,2023-09-01,true
DEVICE-002202,Smartphone,PERSON-002060,iOS,2023-09-01,2023-09-01,true
DEVICE-002203,Tablet,PERSON-000440,Android,2023-09-01,2023-09-01,true
DEVICE-002204,Smartphone,PERSON-001259,iOS,2023-11-23,2023-11-23,true
DEVICE-002205,Smartphone,PERSON-002574,iOS,2023-11-23,2023-11-23,true
DEVICE-002206,Tablet,PERSON-000063,Android,2023-11-23,2023-11-23,true
DEVICE-002207,Feature Phone,PERSON-000863,iOS,2023-11-23,2023-11-23,true
DEVICE-002208,Feature Phone,PERSON-002757,iOS,2023-11-23,2023-11-23,true
DEVICE-002209,Tablet,PERSON-001589,Android,2023-11-23,2023-11-23,true
DEVICE-002210,Tablet,PERSON-001589,iOS,2023-11-23,2023-11-23,true
DEVICE-002211,Tablet,PERSON-000288,iOS,2023-11-23,2023-11-23,true
DEVICE-002212,Smartphone,PERSON-001664,Android,2023-08-27,2023-08-27,true
DEVICE-002213,Tablet,PERSON-001997,Android,2023-08-27,2023-08-27,true
DEVICE-002214,Feature Phone,PERSON-002887,iOS,2023-08-27,2023-08-27,true
DEVICE-002215,Feature Phone,PERSON-000092,Android,2023-08-27,2023-08-27,true
DEVICE-002216,Tablet,PERSON-002937,iOS,2023-08-27,2023-08-27,true
DEVICE-002217,Smartphone,PERSON-001093,Android,2023-08-27,2023-08-27,true
DEVICE-002218,Tablet,PERSON-000808,iOS,2023-08-27,2023-08-27,true
DEVICE-002219,Feature Phone,PERSON-000653,Android,2023-08-27,2023-08-27,true
DEVICE-002220,Feature Phone,PERSON-001384,Android,2023-08-27,2023-08-27,true
DEVICE-002221,Smartphone,PERSON-001384,iOS,2023-08-27,2023-08-27,true
DEVICE-002222,Feature Phone,PERSON-000792,iOS,2023-08-27,2023-08-27,true
DEVICE-002223,Tablet,PERSON-000792,Android,2023-08-27,2023-08-27,true
DEVICE-002224,Feature Phone,PERSON-000528,iOS,2023-08-27,2023-08-27,true
DEVICE-002225,Tablet,PERSON-000528,iOS,2023-08-27,2023-08-27,true
DEVICE-002226,Tablet,PERSON-000357,iOS,2023-08-27,2023-08-27,true
DEVICE-002227,Feature Phone,PERSON-002770,iOS,2023-08-27,2023-08-27,true
DEVICE-002228,Feature Phone,PERSON-002770,Android,2023-08-27,2023-08-27,true
DEVICE-002229,Tablet,PERSON-002136,Android,2023-07-06,2023-07-06,true
DEVICE-002230,Tablet,PERSON-000784,Android,2023-07-06,2023-07-06,true
DEVICE-002231,Tablet,PERSON-000717,Android,2023-07-06,2023-07-06,true
DEVICE-002232,Tablet,PERSON-000717,Android,2023-07-06,2023-07-06,true
DEVICE-002233,Tablet,PERSON-001131,iOS,2023-07-06,2023-07-06,true
DEVICE-002234,Smartphone,PERSON-000405,Android,2023-07-06,2023-07-06,true
DEVICE-002235,Smartphone,PERSON-000622,iOS,2023-07-06,2023-07-06,true
DEVICE-002236,Feature Phone,PERSON-000622,Android,2023-07-06,2023-07-06,true
DEVICE-002237,Feature Phone,PERSON-002499,iOS,2023-07-06,2023-07-06,true
DEVICE-002238,Feature Phone,PERSON-000842,Android,2023-10-07,2023-10-07,true
DEVICE-002239,Feature Phone,PERSON-000175,iOS,2023-10-07,2023-10-07,true
DEVICE-002240,Feature Phone,PERSON-000175,Android,2023-10-07,2023-10-07,true
DEVICE-002241,Smartphone,PERSON-000449,iOS,2023-10-07,2023-10-07,true
DEVICE-002242,Smartphone,PERSON-002845,Android,2023-10-07,2023-10-07,true
DEVICE-002243,Tablet,PERSON-001206,iOS,2023-10-07,2023-10-07,true
DEVICE-002244,Smartphone,PERSON-001262,iOS,2023-10-07,2023-10-07,true
DEVICE-002245,Tablet,PERSON-001262,Android,2023-10-07,2023-10-07,true
DEVICE-002246,Tablet,PERSON-000734,Android,2023-10-07,2023-10-07,true
DEVICE-002247,Smartphone,PERSON-000712,Android,2023-10-07,2023-10-07,true
DEVICE-002248,Feature Phone,PERSON-000712,Android,2023-10-07,2023-10-07,true
DEVICE-002249,Smartphone,PERSON-002684,Android,2023-10-07,2023-10-07,true
DEVICE-002250,Feature Phone,PERSON-001664,Android,2023-03-10,2023-03-10,true
DEVICE-002251,Tablet,PERSON-002998,Android,2023-03-10,2023-03-10,true
DEVICE-002252,Smartphone,PERSON-000576,Android,2023-03-10,2023-03-10,true
DEVICE-002253,Smartphone,PERSON-000576,Android,2023-03-10,2023-03-10,true
DEVICE-002254,Smartphone,PERSON-002124,Android,2023-03-10,2023-03-10,true
DEVICE-002255,Tablet,PERSON-000584,iOS,2023-03-10,2023-03-10,true
DEVICE-002256,Feature Phone,PERSON-000697,Android,2023-03-10,2023-03-10,true
DEVICE-002257,Feature Phone,PERSON-000697,iOS,2023-03-10,2023-03-10,true
DEVICE-002258,Tablet,PERSON-002737,Android,2023-05-15,2023-05-15,true
DEVICE-002259,Smartphone,PERSON-000682,iOS,2023-05-15,2023-05-15,true
DEVICE-002260,Smartphone,PERSON-000473,Android,2023-05-15,2023-05-15,true
DEVICE-002261,Tablet,PERSON-000042,Android,2023-05-15,2023-05-15,true
DEVICE-002262,Feature Phone,PERSON-002068,Android,2023-05-15,2023-05-15,true
DEVICE-002263,Tablet,PERSON-000165,iOS,2023-05-15,2023-05-15,true
DEVICE-002264,Tablet,PERSON-001481,iOS,2023-05-15,2023-05-15,true
DEVICE-002265,Feature Phone,PERSON-000275,iOS,2023-05-15,2023-05-15,true
DEVICE-002266,Smartphone,PERSON-000275,Android,2023-05-15,2023-05-15,true
DEVICE-002267,Feature Phone,PERSON-000032,Android,2023-05-15,2023-05-15,true
DEVICE-002268,Tablet,PERSON-000245,iOS,2023-04-05,2023-04-05,true
DEVICE-002269,Feature Phone,PERSON-001780,iOS,2023-04-05,2023-04-05,true
DEVICE-002270,Feature Phone,PERSON-002846,Android,2023-04-05,2023-04-05,true
DEVICE-002271,Feature Phone,PERSON-001691,iOS,2023-04-05,2023-04-05,true
DEVICE-002272,Smartphone,PERSON-002304,iOS,2023-04-05,2023-04-05,true
DEVICE-002273,Smartphone,PERSON-002393,iOS,2023-04-05,2023-04-05,true
DEVICE-002274,Feature Phone,PERSON-001847,Android,2023-04-05,2023-04-05,true
DEVICE-002275,Feature Phone,PERSON-001029,Android,2023-04-05,2023-04-05,true
DEVICE-002276,Feature Phone,PERSON-001425,Android,2023-12-07,2023-12-07,true
DEVICE-002277,Feature Phone,PERSON-000040,Android,2023-12-07,2023-12-07,true
DEVICE-002278,Tablet,PERSON-002759,Android,2023-12-07,2023-12-07,true
DEVICE-002279,Tablet,PERSON-002759,iOS,2023-12-07,2023-12-07,true
DEVICE-002280,Tablet,PERSON-002068,iOS,2023-12-07,2023-12-07,true
DEVICE-002281,Smartphone,PERSON-001578,Android,2023-12-07,2023-12-07,true
DEVICE-002282,Tablet,PERSON-001578,iOS,2023-12-07,2023-12-07,true
DEVICE-002283,Feature Phone,PERSON-001774,Android,2023-04-06,2023-04-06,true
DEVICE-002284,Smartphone,PERSON-000419,iOS,2023-04-06,2023-04-06,true
DEVICE-002285,Smartphone,PERSON-000419,Android,2023-04-06,2023-04-06,true
DEVICE-002286,Tablet,PERSON-002737,Android,2023-04-06,2023-04-06,true
DEVICE-002287,Smartphone,PERSON-000407,iOS,2023-04-06,2023-04-06,true
DEVICE-002288,Feature Phone,PERSON-002417,iOS,2023-04-06,2023-04-06,true
DEVICE-002289,Tablet,PERSON-002094,Android,2023-04-06,2023-04-06,true
DEVICE-002290,Feature Phone,PERSON-001687,iOS,2023-04-06,2023-04-06,true
DEVICE-002291,Tablet,PERSON-001381,Android,2023-04-06,2023-04-06,true
DEVICE-002292,Feature Phone,PERSON-001381,iOS,2023-04-06,2023-04-06,true
DEVICE-002293,Smartphone,PERSON-000103,Android,2023-04-06,2023-04-06,true
DEVICE-002294,Tablet,PERSON-000357,iOS,2023-04-06,2023-04-06,true
DEVICE-002295,Tablet,PERSON-000611,iOS,2023-05-30,2023-05-30,true
DEVICE-002296,Feature Phone,PERSON-002438,Android,2023-05-30,2023-05-30,true
DEVICE-002297,Tablet,PERSON-001596,iOS,2023-05-30,2023-05-30,true
DEVICE-002298,Feature Phone,PERSON-001363,iOS,2023-05-30,2023-05-30,true
DEVICE-002299,Smartphone,PERSON-000060,iOS,2023-05-30,2023-05-30,true
DEVICE-002300,Smartphone,PERSON-000832,iOS,2023-05-30,2023-05-30,true
DEVICE-002301,Smartphone,PERSON-000635,Android,2023-05-30,2023-05-30,true
DEVICE-002302,Tablet,PERSON-001619,Android,2023-05-30,2023-05-30,true
DEVICE-002303,Tablet,PERSON-002847,Android,2023-05-30,2023-05-30,true
DEVICE-002304,Feature Phone,PERSON-002847,Android,2023-05-30,2023-05-30,true
DEVICE-002305,Smartphone,PERSON-001847,iOS,2023-05-30,2023-05-30,true
DEVICE-002306,Smartphone,PERSON-000909,iOS,2023-02-24,2023-02-24,true
DEVICE-002307,Feature Phone,PERSON-000909,iOS,2023-02-24,2023-02-24,true
DEVICE-002308,Smartphone,PERSON-002821,iOS,2023-02-24,2023-02-24,true
DEVICE-002309,Feature Phone,PERSON-002821,iOS,2023-02-24,2023-02-24,true
DEVICE-002310,Smartphone,PERSON-001558,Android,2023-02-24,2023-02-24,true
DEVICE-002311,Tablet,PERSON-000540,Android,2023-02-24,2023-02-24,true
DEVICE-002312,Feature Phone,PERSON-000540,iOS,2023-02-24,2023-02-24,true
DEVICE-002313,Smartphone,PERSON-001474,Android,2023-02-24,2023-02-24,true
DEVICE-002314,Tablet,PERSON-000180,iOS,2023-02-24,2023-02-24,true
DEVICE-002315,Feature Phone,PERSON-000180,Android,2023-02-24,2023-02-24,true
DEVICE-002316,Tablet,PERSON-001610,iOS,2023-02-24,2023-02-24,true
DEVICE-002317,Tablet,PERSON-001610,iOS,2023-02-24,2023-02-24,true
DEVICE-002318,Tablet,PERSON-000267,iOS,2023-02-24,2023-02-24,true
DEVICE-002319,Tablet,PERSON-000267,iOS,2023-02-24,2023-02-24,true
DEVICE-002320,Tablet,PERSON-002618,iOS,2023-02-24,2023-02-24,true
DEVICE-002321,Feature Phone,PERSON-002618,Android,2023-02-24,2023-02-24,true
DEVICE-002322,Feature Phone,PERSON-000440,iOS,2023-02-24,2023-02-24,true
DEVICE-002323,Feature Phone,PERSON-000440,Android,2023-02-24,2023-02-24,true
DEVICE-002324,Smartphone,PERSON-000260,iOS,2023-10-24,2023-10-24,true
DEVICE-002325,Smartphone,PERSON-001780,Android,2023-10-24,2023-10-24,true
DEVICE-002326,Feature Phone,PERSON-002275,Android,2023-10-24,2023-10-24,true
DEVICE-002327,Smartphone,PERSON-002397,iOS,2023-10-24,2023-10-24,true
DEVICE-002328,Smartphone,PERSON-001691,Android,2023-10-24,2023-10-24,true
DEVICE-002329,Smartphone,PERSON-001578,Android,2023-10-24,2023-10-24,true
DEVICE-002330,Smartphone,PERSON-002393,Android,2023-10-24,2023-10-24,true
DEVICE-002331,Feature Phone,PERSON-002393,iOS,2023-10-24,2023-10-24,true
DEVICE-002332,Smartphone,PERSON-001029,iOS,2023-10-24,2023-10-24,true
DEVICE-002333,Smartphone,PERSON-002986,Android,2023-02-01,2023-02-01,true
DEVICE-002334,Feature Phone,PERSON-001206,iOS,2023-02-01,2023-02-01,true
DEVICE-002335,Feature Phone,PERSON-001071,iOS,2023-02-01,2023-02-01,true
DEVICE-002336,Feature Phone,PERSON-000613,iOS,2023-02-01,2023-02-01,true
DEVICE-002337,Feature Phone,PERSON-002068,iOS,2023-02-01,2023-02-01,true
DEVICE-002338,Feature Phone,PERSON-000081,Android,2023-05-15,2023-05-15,true
DEVICE-002339,Feature Phone,PERSON-000081,Android,2023-05-15,2023-05-15,true
DEVICE-002340,Feature Phone,PERSON-001259,iOS,2023-05-15,2023-05-15,true
DEVICE-002341,Feature Phone,PERSON-000850,Android,2023-05-15,2023-05-15,true
DEVICE-002342,Smartphone,PERSON-001861,Android,2023-05-15,2023-05-15,true
DEVICE-002343,Smartphone,PERSON-002574,Android,2023-05-15,2023-05-15,true
DEVICE-002344,Smartphone,PERSON-000863,Android,2023-05-15,2023-05-15,true
DEVICE-002345,Smartphone,PERSON-000063,Android,2023-05-15,2023-05-15,true
DEVICE-002346,Smartphone,PERSON-002757,Android,2023-05-15,2023-05-15,true
DEVICE-002347,Tablet,PERSON-001589,iOS,2023-05-15,2023-05-15,true
DEVICE-002348,Smartphone,PERSON-000081,iOS,2023-11-07,2023-11-07,true
DEVICE-002349,Feature Phone,PERSON-001259,iOS,2023-11-07,2023-11-07,true
DEVICE-002350,Smartphone,PERSON-000850,Android,2023-11-07,2023-11-07,true
DEVICE-002351,Feature Phone,PERSON-001861,Android,2023-11-07,2023-11-07,true
DEVICE-002352,Smartphone,PERSON-002574,Android,2023-11-07,2023-11-07,true
DEVICE-002353,Feature Phone,PERSON-000063,iOS,2023-11-07,2023-11-07,true
DEVICE-002354,Smartphone,PERSON-000863,Android,2023-11-07,2023-11-07,true
DEVICE-002355,Tablet,PERSON-002757,iOS,2023-11-07,2023-11-07,true
DEVICE-002356,Feature Phone,PERSON-001589,Android,2023-11-07,2023-11-07,true
DEVICE-002357,Smartphone,PERSON-001589,iOS,2023-11-07,2023-11-07,true
DEVICE-002358,Feature Phone,PERSON-000789,Android,2023-11-07,2023-11-07,true
DEVICE-002359,Feature Phone,PERSON-002675,Android,2023-07-08,2023-07-08,true
DEVICE-002360,Tablet,PERSON-002438,iOS,2023-07-08,2023-07-08,true
DEVICE-002361,Smartphone,PERSON-001363,Android,2023-07-08,2023-07-08,true
DEVICE-002362,Feature Phone,PERSON-000060,iOS,2023-07-08,2023-07-08,true
DEVICE-002363,Feature Phone,PERSON-001480,iOS,2023-07-08,2023-07-08,true
DEVICE-002364,Feature Phone,PERSON-002713,Android,2023-07-08,2023-07-08,true
DEVICE-002365,Smartphone,PERSON-001847,Android,2023-07-08,2023-07-08,true
DEVICE-002366,Tablet,PERSON-001847,iOS,2023-07-08,2023-07-08,true
DEVICE-002367,Smartphone,PERSON-000635,Android,2023-07-08,2023-07-08,true
DEVICE-002368,Feature Phone,PERSON-002922,Android,2023-07-08,2023-07-08,true
DEVICE-002369,Feature Phone,PERSON-002558,iOS,2023-10-18,2023-10-18,true
DEVICE-002370,Smartphone,PERSON-000784,Android,2023-10-18,2023-10-18,true
DEVICE-002371,Feature Phone,PERSON-001131,Android,2023-10-18,2023-10-18,true
DEVICE-002372,Tablet,PERSON-001234,iOS,2023-10-18,2023-10-18,true
DEVICE-002373,Tablet,PERSON-001234,Android,2023-10-18,2023-10-18,true
DEVICE-002374,Tablet,PERSON-000580,iOS,2023-10-18,2023-10-18,true
DEVICE-002375,Tablet,PERSON-001182,Android,2023-10-18,2023-10-18,true
DEVICE-002376,Feature Phone,PERSON-000622,Android,2023-10-18,2023-10-18,true
DEVICE-002377,Feature Phone,PERSON-002164,Android,2023-10-18,2023-10-18,true
DEVICE-002378,Feature Phone,PERSON-002164,Android,2023-10-18,2023-10-18,true
DEVICE-002379,Feature Phone,PERSON-002004,Android,2023-10-18,2023-10-18,true
DEVICE-002380,Tablet,PERSON-002499,Android,2023-10-18,2023-10-18,true
DEVICE-002381,Smartphone,PERSON-000146,Android,2023-03-10,2023-03-10,true
DEVICE-002382,Feature Phone,PERSON-000146,Android,2023-03-10,2023-03-10,true
DEVICE-002383,Smartphone,PERSON-001558,iOS,2023-03-10,2023-03-10,true
DEVICE-002384,Feature Phone,PERSON-000351,Android,2023-03-10,2023-03-10,true
DEVICE-002385,Smartphone,PERSON-001908,iOS,2023-03-10,2023-03-10,true
DEVICE-002386,Smartphone,PERSON-001908,iOS,2023-03-10,2023-03-10,true
DEVICE-002387,Smartphone,PERSON-001041,Android,2023-03-10,2023-03-10,true
DEVICE-002388,Tablet,PERSON-001589,Android,2023-03-10,2023-03-10,true
DEVICE-002389,Feature Phone,PERSON-001670,iOS,2023-03-10,2023-03-10,true
DEVICE-002390,Feature Phone,PERSON-000081,iOS,2023-11-13,2023-11-13,true
DEVICE-002391,Smartphone,PERSON-000682,iOS,2023-11-13,2023-11-13,true
DEVICE-002392,Smartphone,PERSON-000682,iOS,2023-11-13,2023-11-13,true
DEVICE-002393,Tablet,PERSON-001259,iOS,2023-11-13,2023-11-13,true
DEVICE-002394,Smartphone,PERSON-000850,Android,2023-11-13,2023-11-13,true
DEVICE-002395,Feature Phone,PERSON-002574,Android,2023-11-13,2023-11-13,true
DEVICE-002396,Tablet,PERSON-002574,iOS,2023-11-13,2023-11-13,true
DEVICE-002397,Smartphone,PERSON-000063,iOS,2023-11-13,2023-11-13,true
DEVICE-002398,Feature Phone,PERSON-002757,Android,2023-11-13,2023-11-13,true
DEVICE-002399,Smartphone,PERSON-001589,iOS,2023-11-13,2023-11-13,true
DEVICE-002400,Tablet,PERSON-001511,Android,2023-01-08,2023-01-08,true
DEVICE-002401,Feature Phone,PERSON-002020,iOS,2023-01-08,2023-01-08,true
DEVICE-002402,Feature Phone,PERSON-001544,iOS,2023-01-08,2023-01-08,true
DEVICE-002403,Smartphone,PERSON-002873,Android,2023-01-08,2023-01-08,true
DEVICE-002404,Feature Phone,PERSON-001898,Android,2023-01-08,2023-01-08,true
DEVICE-002405,Feature Phone,PERSON-000921,Android,2023-01-08,2023-01-08,true
DEVICE-002406,Smartphone,PERSON-001992,iOS,2023-01-08,2023-01-08,true
DEVICE-002407,Tablet,PERSON-000863,iOS,2023-01-08,2023-01-08,true
DEVICE-002408,Feature Phone,PERSON-001543,iOS,2023-01-08,2023-01-08,true
DEVICE-002409,Smartphone,PERSON-002999,iOS,2023-01-08,2023-01-08,true
DEVICE-002410,Feature Phone,PERSON-002999,Android,2023-01-08,2023-01-08,true
DEVICE-002411,Smartphone,PERSON-000488,iOS,2023-01-08,2023-01-08,true
DEVICE-002412,Smartphone,PERSON-001205,iOS,2023-01-08,2023-01-08,true
DEVICE-002413,Feature Phone,PERSON-000146,Android,2023-06-29,2023-06-29,true
DEVICE-002414,Smartphone,PERSON-002609,Android,2023-06-29,2023-06-29,true
DEVICE-002415,Feature Phone,PERSON-000473,iOS,2023-06-29,2023-06-29,true
DEVICE-002416,Tablet,PERSON-002938,iOS,2023-06-29,2023-06-29,true
DEVICE-002417,Feature Phone,PERSON-000217,iOS,2023-06-29,2023-06-29,true
DEVICE-002418,Tablet,PERSON-002223,Android,2023-06-29,2023-06-29,true
DEVICE-002419,Tablet,PERSON-002223,iOS,2023-06-29,2023-06-29,true
DEVICE-002420,Smartphone,PERSON-000556,Android,2023-06-29,2023-06-29,true
DEVICE-002421,Feature Phone,PERSON-002964,Android,2023-06-29,2023-06-29,true
DEVICE-002422,Tablet,PERSON-002277,Android,2023-09-12,2023-09-12,true
DEVICE-002423,Feature Phone,PERSON-000804,iOS,2023-09-12,2023-09-12,true
DEVICE-002424,Tablet,PERSON-000804,iOS,2023-09-12,2023-09-12,true
DEVICE-002425,Tablet,PERSON-001617,Android,2023-09-12,2023-09-12,true
DEVICE-002426,Tablet,PERSON-001617,Android,2023-09-12,2023-09-12,true
DEVICE-002427,Tablet,PERSON-001191,Android,2023-09-12,2023-09-12,true
DEVICE-002428,Feature Phone,PERSON-001191,iOS,2023-09-12,2023-09-12,true
DEVICE-002429,Smartphone,PERSON-002371,iOS,2023-09-12,2023-09-12,true
DEVICE-002430,Smartphone,PERSON-002371,iOS,2023-09-12,2023-09-12,true
DEVICE-002431,Feature Phone,PERSON-002034,Android,2023-09-12,2023-09-12,true
DEVICE-002432,Tablet,PERSON-002034,iOS,2023-09-12,2023-09-12,true
DEVICE-002433,Tablet,PERSON-000009,iOS,2023-09-12,2023-09-12,true
DEVICE-002434,Feature Phone,PERSON-001899,iOS,2023-09-12,2023-09-12,true
DEVICE-002435,Feature Phone,PERSON-001899,Android,2023-09-12,2023-09-12,true
DEVICE-002436,Tablet,PERSON-000792,Android,2023-09-12,2023-09-12,true
DEVICE-002437,Feature Phone,PERSON-001648,Android,2023-09-12,2023-09-12,true
DEVICE-002438,Smartphone,PERSON-002246,Android,2023-09-12,2023-09-12,true
DEVICE-002439,Feature Phone,PERSON-002517,iOS,2023-02-26,2023-02-26,true
DEVICE-002440,Tablet,PERSON-002279,Android,2023-02-26,2023-02-26,true
DEVICE-002441,Tablet,PERSON-002279,iOS,2023-02-26,2023-02-26,true
DEVICE-002442,Tablet,PERSON-002887,Android,2023-02-26,2023-02-26,true
DEVICE-002443,Tablet,PERSON-001544,iOS,2023-02-26,2023-02-26,true
DEVICE-002444,Smartphone,PERSON-001544,Android,2023-02-26,2023-02-26,true
DEVICE-002445,Tablet,PERSON-001540,iOS,2023-02-26,2023-02-26,true
DEVICE-002446,Smartphone,PERSON-002999,Android,2023-02-26,2023-02-26,true
DEVICE-002447,Tablet,PERSON-001205,Android,2023-02-26,2023-02-26,true
DEVICE-002448,Feature Phone,PERSON-000919,iOS,2023-07-10,2023-07-10,true
DEVICE-002449,Smartphone,PERSON-000919,Android,2023-07-10,2023-07-10,true
DEVICE-002450,Tablet,PERSON-000132,iOS,2023-07-10,2023-07-10,true
DEVICE-002451,Tablet,PERSON-002653,iOS,2023-07-10,2023-07-10,true
DEVICE-002452,Smartphone,PERSON-002764,iOS,2023-07-10,2023-07-10,true
DEVICE-002453,Tablet,PERSON-002764,Android,2023-07-10,2023-07-10,true
DEVICE-002454,Feature Phone,PERSON-001478,iOS,2023-07-10,2023-07-10,true
DEVICE-002455,Tablet,PERSON-001478,Android,2023-07-10,2023-07-10,true
DEVICE-002456,Smartphone,PERSON-000569,Android,2023-07-10,2023-07-10,true
DEVICE-002457,Tablet,PERSON-000484,Android,2023-07-10,2023-07-10,true
DEVICE-002458,Tablet,PERSON-001860,Android,2023-07-10,2023-07-10,true
DEVICE-002459,Smartphone,PERSON-001135,Android,2023-11-19,2023-11-19,true
DEVICE-002460,Tablet,PERSON-000769,Android,2023-11-19,2023-11-19,true
DEVICE-002461,Smartphone,PERSON-002576,iOS,2023-11-19,2023-11-19,true
DEVICE-002462,Tablet,PERSON-000046,Android,2023-11-19,2023-11-19,true
DEVICE-002463,Smartphone,PERSON-000647,iOS,2023-11-19,2023-11-19,true
DEVICE-002464,Tablet,PERSON-000927,iOS,2023-11-19,2023-11-19,true
DEVICE-002465,Feature Phone,PERSON-002457,Android,2023-11-19,2023-11-19,true
DEVICE-002466,Feature Phone,PERSON-001337,Android,2023-11-19,2023-11-19,true
DEVICE-002467,Feature Phone,PERSON-001210,Android,2023-09-04,2023-09-04,true
DEVICE-002468,Feature Phone,PERSON-001210,Android,2023-09-04,2023-09-04,true
DEVICE-002469,Smartphone,PERSON-001667,Android,2023-09-04,2023-09-04,true
DEVICE-002470,Smartphone,PERSON-000146,iOS,2023-09-04,2023-09-04,true
DEVICE-002471,Smartphone,PERSON-000351,Android,2023-09-04,2023-09-04,true
DEVICE-002472,Tablet,PERSON-001041,iOS,2023-09-04,2023-09-04,true
DEVICE-002473,Feature Phone,PERSON-001589,iOS,2023-09-04,2023-09-04,true
DEVICE-002474,Feature Phone,PERSON-001670,Android,2023-09-04,2023-09-04,true
DEVICE-002475,Smartphone,PERSON-002764,Android,2023-05-22,2023-05-22,true
DEVICE-002476,Feature Phone,PERSON-000540,iOS,2023-05-22,2023-05-22,true
DEVICE-002477,Smartphone,PERSON-001474,iOS,2023-05-22,2023-05-22,true
DEVICE-002478,Smartphone,PERSON-001115,Android,2023-05-22,2023-05-22,true
DEVICE-002479,Tablet,PERSON-000180,iOS,2023-05-22,2023-05-22,true
DEVICE-002480,Feature Phone,PERSON-001610,Android,2023-05-22,2023-05-22,true
DEVICE-002481,Feature Phone,PERSON-001610,Android,2023-05-22,2023-05-22,true
DEVICE-002482,Feature Phone,PERSON-001757,iOS,2023-05-22,2023-05-22,true
DEVICE-002483,Feature Phone,PERSON-000506,iOS,2023-01-25,2023-01-25,true
DEVICE-002484,Tablet,PERSON-001596,iOS,2023-01-25,2023-01-25,true
DEVICE-002485,Tablet,PERSON-001596,iOS,2023-01-25,2023-01-25,true
DEVICE-002486,Tablet,PERSON-000092,iOS,2023-01-25,2023-01-25,true
DEVICE-002487,Feature Phone,PERSON-000860,Android,2023-01-25,2023-01-25,true
DEVICE-002488,Smartphone,PERSON-000062,iOS,2023-01-25,2023-01-25,true
DEVICE-002489,Tablet,PERSON-000062,iOS,2023-01-25,2023-01-25,true
DEVICE-002490,Feature Phone,PERSON-000405,iOS,2023-01-25,2023-01-25,true
DEVICE-002491,Feature Phone,PERSON-000405,Android,2023-01-25,2023-01-25,true
DEVICE-002492,Tablet,PERSON-002660,iOS,2023-01-25,2023-01-25,true
DEVICE-002493,Feature Phone,PERSON-002335,Android,2023-01-25,2023-01-25,true
DEVICE-002494,Feature Phone,PERSON-001425,iOS,2023-04-08,2023-04-08,true
DEVICE-002495,Tablet,PERSON-000822,iOS,2023-04-08,2023-04-08,true
DEVICE-002496,Smartphone,PERSON-002986,Android,2023-04-08,2023-04-08,true
DEVICE-002497,Feature Phone,PERSON-002759,iOS,2023-04-08,2023-04-08,true
DEVICE-002498,Smartphone,PERSON-001071,iOS,2023-04-08,2023-04-08,true
DEVICE-002499,Tablet,PERSON-000613,iOS,2023-04-08,2023-04-08,true
DEVICE-002500,Smartphone,PERSON-001578,iOS,2023-04-08,2023-04-08,true
DEVICE-002501,Feature Phone,PERSON-000245,Android,2023-08-17,2023-08-17,true
DEVICE-002502,Feature Phone,PERSON-002873,iOS,2023-08-17,2023-08-17,true
DEVICE-002503,Feature Phone,PERSON-000120,iOS,2023-08-17,2023-08-17,true
DEVICE-002504,Smartphone,PERSON-001540,Android,2023-08-17,2023-08-17,true
DEVICE-002505,Tablet,PERSON-001965,iOS,2023-08-17,2023-08-17,true
DEVICE-002506,Feature Phone,PERSON-000765,Android,2023-08-17,2023-08-17,true
DEVICE-002507,Smartphone,PERSON-000765,iOS,2023-08-17,2023-08-17,true
DEVICE-002508,Tablet,PERSON-002821,Android,2023-02-24,2023-02-24,true
DEVICE-002509,Smartphone,PERSON-001558,Android,2023-02-24,2023-02-24,true
DEVICE-002510,Smartphone,PERSON-000540,Android,2023-02-24,2023-02-24,true
DEVICE-002511,Tablet,PERSON-001262,iOS,2023-02-24,2023-02-24,true
DEVICE-002512,Smartphone,PERSON-000180,iOS,2023-02-24,2023-02-24,true
DEVICE-002513,Smartphone,PERSON-000180,Android,2023-02-24,2023-02-24,true
DEVICE-002514,Tablet,PERSON-001071,Android,2023-02-24,2023-02-24,true
DEVICE-002515,Feature Phone,PERSON-000792,iOS,2023-02-24,2023-02-24,true
DEVICE-002516,Feature Phone,PERSON-002060,Android,2023-02-24,2023-02-24,true
DEVICE-002517,Smartphone,PERSON-002618,iOS,2023-02-24,2023-02-24,true
DEVICE-002518,Feature Phone,PERSON-001757,Android,2023-02-24,2023-02-24,true
DEVICE-002519,Feature Phone,PERSON-000074,Android,2023-05-11,2023-05-11,true
DEVICE-002520,Tablet,PERSON-000667,iOS,2023-05-11,2023-05-11,true
DEVICE-002521,Smartphone,PERSON-000667,Android,2023-05-11,2023-05-11,true
DEVICE-002522,Smartphone,PERSON-001234,iOS,2023-05-11,2023-05-11,true
DEVICE-002523,Feature Phone,PERSON-000580,iOS,2023-05-11,2023-05-11,true
DEVICE-002524,Feature Phone,PERSON-001182,Android,2023-05-11,2023-05-11,true
DEVICE-002525,Tablet,PERSON-000405,iOS,2023-05-11,2023-05-11,true
DEVICE-002526,Feature Phone,PERSON-000405,Android,2023-05-11,2023-05-11,true
DEVICE-002527,Smartphone,PERSON-000622,iOS,2023-05-11,2023-05-11,true
DEVICE-002528,Feature Phone,PERSON-002164,iOS,2023-05-11,2023-05-11,true
DEVICE-002529,Tablet,PERSON-002164,iOS,2023-05-11,2023-05-11,true
DEVICE-002530,Feature Phone,PERSON-002004,Android,2023-05-11,2023-05-11,true
DEVICE-002531,Tablet,PERSON-002499,iOS,2023-05-11,2023-05-11,true
DEVICE-002532,Feature Phone,PERSON-002215,Android,2023-05-11,2023-05-11,true
DEVICE-002533,Feature Phone,PERSON-000449,Android,2023-08-11,2023-08-11,true
DEVICE-002534,Feature Phone,PERSON-001558,Android,2023-08-11,2023-08-11,true
DEVICE-002535,Tablet,PERSON-001474,iOS,2023-08-11,2023-08-11,true
DEVICE-002536,Smartphone,PERSON-001115,Android,2023-08-11,2023-08-11,true
DEVICE-002537,Tablet,PERSON-000180,Android,2023-08-11,2023-08-11,true
DEVICE-002538,Feature Phone,PERSON-000267,iOS,2023-08-11,2023-08-11,true
DEVICE-002539,Feature Phone,PERSON-000792,iOS,2023-08-11,2023-08-11,true
DEVICE-002540,Tablet,PERSON-002060,iOS,2023-08-11,2023-08-11,true
DEVICE-002541,Tablet,PERSON-002060,Android,2023-08-11,2023-08-11,true
DEVICE-002542,Feature Phone,PERSON-000081,Android,2023-03-30,2023-03-30,true
DEVICE-002543,Tablet,PERSON-002438,iOS,2023-03-30,2023-03-30,true
DEVICE-002544,Tablet,PERSON-001259,iOS,2023-03-30,2023-03-30,true
DEVICE-002545,Feature Phone,PERSON-000850,iOS,2023-03-30,2023-03-30,true
DEVICE-002546,Feature Phone,PERSON-001861,Android,2023-03-30,2023-03-30,true
DEVICE-002547,Feature Phone,PERSON-001861,iOS,2023-03-30,2023-03-30,true
DEVICE-002548,Smartphone,PERSON-002574,Android,2023-03-30,2023-03-30,true
DEVICE-002549,Feature Phone,PERSON-000063,iOS,2023-03-30,2023-03-30,true
DEVICE-002550,Feature Phone,PERSON-000863,iOS,2023-03-30,2023-03-30,true
DEVICE-002551,Feature Phone,PERSON-001589,iOS,2023-03-30,2023-03-30,true
DEVICE-002552,Feature Phone,PERSON-001589,iOS,2023-03-30,2023-03-30,true
DEVICE-002553,Feature Phone,PERSON-001674,Android,2023-05-13,2023-05-13,true
DEVICE-002554,Tablet,PERSON-001674,Android,2023-05-13,2023-05-13,true
DEVICE-002555,Smartphone,PERSON-002675,Android,2023-05-13,2023-05-13,true
DEVICE-002556,Feature Phone,PERSON-001807,Android,2023-05-13,2023-05-13,true
DEVICE-002557,Smartphone,PERSON-001807,iOS,2023-05-13,2023-05-13,true
DEVICE-002558,Smartphone,PERSON-002915,iOS,2023-05-13,2023-05-13,true
DEVICE-002559,Tablet,PERSON-002915,Android,2023-05-13,2023-05-13,true
DEVICE-002560,Tablet,PERSON-001455,Android,2023-05-13,2023-05-13,true
DEVICE-002561,Feature Phone,PERSON-002410,iOS,2023-05-13,2023-05-13,true
DEVICE-002562,Feature Phone,PERSON-000195,Android,2023-05-13,2023-05-13,true
DEVICE-002563,Feature Phone,PERSON-001212,iOS,2023-05-13,2023-05-13,true
DEVICE-002564,Smartphone,PERSON-000479,iOS,2023-07-24,2023-07-24,true
DEVICE-002565,Smartphone,PERSON-001431,Android,2023-07-24,2023-07-24,true
DEVICE-002566,Smartphone,PERSON-001066,Android,2023-07-24,2023-07-24,true
DEVICE-002567,Smartphone,PERSON-001066,Android,2023-07-24,2023-07-24,true
DEVICE-002568,Tablet,PERSON-001013,iOS,2023-07-24,2023-07-24,true
DEVICE-002569,Smartphone,PERSON-002646,Android,2023-07-24,2023-07-24,true
DEVICE-002570,Feature Phone,PERSON-002197,Android,2023-07-24,2023-07-24,true
DEVICE-002571,Tablet,PERSON-002197,Android,2023-07-24,2023-07-24,true
DEVICE-002572,Feature Phone,PERSON-002965,iOS,2023-07-24,2023-07-24,true
DEVICE-002573,Tablet,PERSON-000484,iOS,2023-07-24,2023-07-24,true
DEVICE-002574,Feature Phone,PERSON-001387,iOS,2023-07-24,2023-07-24,true
DEVICE-002575,Tablet,PERSON-002654,Android,2023-07-24,2023-07-24,true
DEVICE-002576,Feature Phone,PERSON-001259,iOS,2023-03-08,2023-03-08,true
DEVICE-002577,Smartphone,PERSON-000540,iOS,2023-03-08,2023-03-08,true
DEVICE-002578,Feature Phone,PERSON-000850,Android,2023-03-08,2023-03-08,true
DEVICE-002579,Tablet,PERSON-002574,Android,2023-03-08,2023-03-08,true
DEVICE-002580,Tablet,PERSON-002574,Android,2023-03-08,2023-03-08,true
DEVICE-002581,Smartphone,PERSON-000863,Android,2023-03-08,2023-03-08,true
DEVICE-002582,Feature Phone,PERSON-000063,Android,2023-03-08,2023-03-08,true
DEVICE-002583,Tablet,PERSON-002757,iOS,2023-03-08,2023-03-08,true
DEVICE-002584,Feature Phone,PERSON-001589,iOS,2023-03-08,2023-03-08,true
DEVICE-002585,Smartphone,PERSON-001334,Android,2023-03-31,2023-03-31,true
DEVICE-002586,Tablet,PERSON-001334,iOS,2023-03-31,2023-03-31,true
DEVICE-002587,Feature Phone,PERSON-000260,Android,2023-03-31,2023-03-31,true
DEVICE-002588,Smartphone,PERSON-000499,iOS,2023-03-31,2023-03-31,true
DEVICE-002589,Tablet,PERSON-001596,Android,2023-03-31,2023-03-31,true
DEVICE-002590,Feature Phone,PERSON-000825,iOS,2023-03-31,2023-03-31,true
DEVICE-002591,Tablet,PERSON-000943,Android,2023-03-31,2023-03-31,true
DEVICE-002592,Feature Phone,PERSON-001747,Android,2023-03-31,2023-03-31,true
DEVICE-002593,Feature Phone,PERSON-001691,iOS,2023-03-31,2023-03-31,true
DEVICE-002594,Tablet,PERSON-001029,Android,2023-03-31,2023-03-31,true
DEVICE-002595,Smartphone,PERSON-001334,iOS,2023-08-30,2023-08-30,true
DEVICE-002596,Tablet,PERSON-001334,Android,2023-08-30,2023-08-30,true
DEVICE-002597,Tablet,PERSON-000245,iOS,2023-08-30,2023-08-30,true
DEVICE-002598,Smartphone,PERSON-000825,iOS,2023-08-30,2023-08-30,true
DEVICE-002599,Tablet,PERSON-000825,Android,2023-08-30,2023-08-30,true
DEVICE-002600,Smartphone,PERSON-001747,iOS,2023-08-30,2023-08-30,true
DEVICE-002601,Smartphone,PERSON-000997,iOS,2023-08-30,2023-08-30,true
DEVICE-002602,Feature Phone,PERSON-000374,Android,2023-08-30,2023-08-30,true
DEVICE-002603,Feature Phone,PERSON-002304,iOS,2023-08-30,2023-08-30,true
DEVICE-002604,Tablet,PERSON-001847,Android,2023-08-30,2023-08-30,true
DEVICE-002605,Smartphone,PERSON-001847,iOS,2023-08-30,2023-08-30,true
DEVICE-002606,Smartphone,PERSON-001029,iOS,2023-08-30,2023-08-30,true
DEVICE-002607,Smartphone,PERSON-001029,Android,2023-08-30,2023-08-30,true
DEVICE-002608,Tablet,PERSON-002653,iOS,2023-10-24,2023-10-24,true
DEVICE-002609,Smartphone,PERSON-002947,Android,2023-10-24,2023-10-24,true
DEVICE-002610,Feature Phone,PERSON-002947,iOS,2023-10-24,2023-10-24,true
DEVICE-002611,Feature Phone,PERSON-000497,Android,2023-10-24,2023-10-24,true
DEVICE-002612,Feature Phone,PERSON-001043,iOS,2023-10-24,2023-10-24,true
DEVICE-002613,Tablet,PERSON-001043,iOS,2023-10-24,2023-10-24,true
DEVICE-002614,Tablet,PERSON-000484,iOS,2023-10-24,2023-10-24,true
DEVICE-002615,Smartphone,PERSON-001141,Android,2023-10-24,2023-10-24,true
DEVICE-002616,Feature Phone,PERSON-001141,Android,2023-10-24,2023-10-24,true
DEVICE-002617,Smartphone,PERSON-000081,iOS,2023-12-22,2023-12-22,true
DEVICE-002618,Tablet,PERSON-001259,iOS,2023-12-22,2023-12-22,true
DEVICE-002619,Feature Phone,PERSON-000120,iOS,2023-12-22,2023-12-22,true
DEVICE-002620,Smartphone,PERSON-001861,iOS,2023-12-22,2023-12-22,true
DEVICE-002621,Tablet,PERSON-002574,iOS,2023-12-22,2023-12-22,true
DEVICE-002622,Tablet,PERSON-000863,Android,2023-12-22,2023-12-22,true
DEVICE-002623,Tablet,PERSON-000063,iOS,2023-12-22,2023-12-22,true
DEVICE-002624,Feature Phone,PERSON-002757,Android,2023-12-22,2023-12-22,true
DEVICE-002625,Feature Phone,PERSON-001589,Android,2023-12-22,2023-12-22,true
DEVICE-002626,Tablet,PERSON-002821,iOS,2023-06-11,2023-06-11,true
DEVICE-002627,Smartphone,PERSON-000540,Android,2023-06-11,2023-06-11,true
DEVICE-002628,Smartphone,PERSON-001474,iOS,2023-06-11,2023-06-11,true
DEVICE-002629,Tablet,PERSON-001115,iOS,2023-06-11,2023-06-11,true
DEVICE-002630,Smartphone,PERSON-000180,Android,2023-06-11,2023-06-11,true
DEVICE-002631,Feature Phone,PERSON-001610,Android,2023-06-11,2023-06-11,true
DEVICE-002632,Feature Phone,PERSON-002618,Android,2023-06-11,2023-06-11,true
DEVICE-002633,Feature Phone,PERSON-001542,iOS,2023-09-24,2023-09-24,true
DEVICE-002634,Smartphone,PERSON-001542,iOS,2023-09-24,2023-09-24,true
DEVICE-002635,Smartphone,PERSON-001363,Android,2023-09-24,2023-09-24,true
DEVICE-002636,Smartphone,PERSON-001363,iOS,2023-09-24,2023-09-24,true
DEVICE-002637,Feature Phone,PERSON-000832,iOS,2023-09-24,2023-09-24,true
DEVICE-002638,Tablet,PERSON-000832,iOS,2023-09-24,2023-09-24,true
DEVICE-002639,Tablet,PERSON-000886,Android,2023-09-24,2023-09-24,true
DEVICE-002640,Tablet,PERSON-000948,iOS,2023-09-24,2023-09-24,true
DEVICE-002641,Smartphone,PERSON-002713,Android,2023-09-24,2023-09-24,true
DEVICE-002642,Smartphone,PERSON-001425,iOS,2023-02-06,2023-02-06,true
DEVICE-002643,Feature Phone,PERSON-001425,Android,2023-02-06,2023-02-06,true
DEVICE-002644,Tablet,PERSON-000822,iOS,2023-02-06,2023-02-06,true
DEVICE-002645,Tablet,PERSON-002986,iOS,2023-02-06,2023-02-06,true
DEVICE-002646,Feature Phone,PERSON-002759,Android,2023-02-06,2023-02-06,true
DEVICE-002647,Tablet,PERSON-001071,iOS,2023-02-06,2023-02-06,true
DEVICE-002648,Feature Phone,PERSON-001578,Android,2023-02-06,2023-02-06,true
DEVICE-002649,Feature Phone,PERSON-001343,iOS,2023-04-12,2023-04-12,true
DEVICE-002650,Feature Phone,PERSON-001343,Android,2023-04-12,2023-04-12,true
DEVICE-002651,Feature Phone,PERSON-002998,Android,2023-04-12,2023-04-12,true
DEVICE-002652,Feature Phone,PERSON-002835,Android,2023-04-12,2023-04-12,true
DEVICE-002653,Smartphone,PERSON-002835,iOS,2023-04-12,2023-04-12,true
DEVICE-002654,Tablet,PERSON-001315,iOS,2023-04-12,2023-04-12,true
DEVICE-002655,Feature Phone,PERSON-000074,iOS,2023-04-12,2023-04-12,true
DEVICE-002656,Smartphone,PERSON-000106,iOS,2023-04-12,2023-04-12,true
DEVICE-002657,Feature Phone,PERSON-000106,iOS,2023-04-12,2023-04-12,true
DEVICE-002658,Feature Phone,PERSON-000697,iOS,2023-04-12,2023-04-12,true
DEVICE-002659,Tablet,PERSON-000230,iOS,2023-04-12,2023-04-12,true
DEVICE-002660,Tablet,PERSON-002715,iOS,2023-04-12,2023-04-12,true
DEVICE-002661,Smartphone,PERSON-002020,Android,2023-08-13,2023-08-13,true
DEVICE-002662,Tablet,PERSON-002020,iOS,2023-08-13,2023-08-13,true
DEVICE-002663,Smartphone,PERSON-002517,iOS,2023-08-13,2023-08-13,true
DEVICE-002664,Tablet,PERSON-000120,iOS,2023-08-13,2023-08-13,true
DEVICE-002665,Tablet,PERSON-001540,Android,2023-08-13,2023-08-13,true
DEVICE-002666,Smartphone,PERSON-001992,Android,2023-08-13,2023-08-13,true
DEVICE-002667,Smartphone,PERSON-002999,Android,2023-08-13,2023-08-13,true
DEVICE-002668,Feature Phone,PERSON-002745,Android,2023-08-13,2023-08-13,true
DEVICE-002669,Feature Phone,PERSON-001385,Android,2023-08-13,2023-08-13,true
DEVICE-002670,Tablet,PERSON-002558,Android,2023-10-10,2023-10-10,true
DEVICE-002671,Smartphone,PERSON-000784,iOS,2023-10-10,2023-10-10,true
DEVICE-002672,Smartphone,PERSON-000717,iOS,2023-10-10,2023-10-10,true
DEVICE-002673,Feature Phone,PERSON-001890,Android,2023-10-10,2023-10-10,true
DEVICE-002674,Feature Phone,PERSON-002004,iOS,2023-10-10,2023-10-10,true
DEVICE-002675,Feature Phone,PERSON-002004,iOS,2023-10-10,2023-10-10,true
DEVICE-002676,Tablet,PERSON-001423,iOS,2023-10-10,2023-10-10,true
DEVICE-002677,Feature Phone,PERSON-001107,Android,2023-10-10,2023-10-10,true
DEVICE-002678,Feature Phone,PERSON-002675,Android,2023-05-30,2023-05-30,true
DEVICE-002679,Smartphone,PERSON-002998,iOS,2023-05-30,2023-05-30,true
DEVICE-002680,Feature Phone,PERSON-000106,Android,2023-05-30,2023-05-30,true
DEVICE-002681,Smartphone,PERSON-000106,iOS,2023-05-30,2023-05-30,true
DEVICE-002682,Tablet,PERSON-000948,iOS,2023-05-30,2023-05-30,true
DEVICE-002683,Smartphone,PERSON-001315,Android,2023-05-30,2023-05-30,true
DEVICE-002684,Feature Phone,PERSON-002757,iOS,2023-05-30,2023-05-30,true
DEVICE-002685,Feature Phone,PERSON-000904,Android,2023-05-30,2023-05-30,true
DEVICE-002686,Feature Phone,PERSON-000584,Android,2023-05-30,2023-05-30,true
DEVICE-002687,Feature Phone,PERSON-000584,Android,2023-05-30,2023-05-30,true
DEVICE-002688,Feature Phone,PERSON-000697,iOS,2023-05-30,2023-05-30,true
DEVICE-002689,Smartphone,PERSON-000230,iOS,2023-05-30,2023-05-30,true
DEVICE-002690,Smartphone,PERSON-002715,iOS,2023-05-30,2023-05-30,true
DEVICE-002691,Tablet,PERSON-002715,Android,2023-05-30,2023-05-30,true
DEVICE-002692,Tablet,PERSON-001544,Android,2023-02-26,2023-02-26,true
DEVICE-002693,Feature Phone,PERSON-001544,iOS,2023-02-26,2023-02-26,true
DEVICE-002694,Feature Phone,PERSON-000120,Android,2023-02-26,2023-02-26,true
DEVICE-002695,Tablet,PERSON-000901,Android,2023-02-26,2023-02-26,true
DEVICE-002696,Tablet,PERSON-000083,Android,2023-02-26,2023-02-26,true
DEVICE-002697,Smartphone,PERSON-001543,Android,2023-02-26,2023-02-26,true
DEVICE-002698,Feature Phone,PERSON-000621,Android,2023-02-26,2023-02-26,true
DEVICE-002699,Feature Phone,PERSON-000765,iOS,2023-02-26,2023-02-26,true
DEVICE-002700,Tablet,PERSON-001205,Android,2023-02-26,2023-02-26,true
DEVICE-002701,Feature Phone,PERSON-001205,Android,2023-02-26,2023-02-26,true
DEVICE-002702,Feature Phone,PERSON-001478,iOS,2023-08-14,2023-08-14,true
DEVICE-002703,Tablet,PERSON-002397,iOS,2023-08-14,2023-08-14,true
DEVICE-002704,Tablet,PERSON-002846,iOS,2023-08-14,2023-08-14,true
DEVICE-002705,Tablet,PERSON-001578,Android,2023-08-14,2023-08-14,true
DEVICE-002706,Smartphone,PERSON-002304,iOS,2023-08-14,2023-08-14,true
DEVICE-002707,Smartphone,PERSON-001691,iOS,2023-08-14,2023-08-14,true
DEVICE-002708,Tablet,PERSON-001847,Android,2023-08-14,2023-08-14,true
DEVICE-002709,Smartphone,PERSON-001847,Android,2023-08-14,2023-08-14,true
DEVICE-002710,Feature Phone,PERSON-001701,iOS,2023-07-14,2023-07-14,true
DEVICE-002711,Smartphone,PERSON-001516,iOS,2023-07-14,2023-07-14,true
DEVICE-002712,Feature Phone,PERSON-001516,iOS,2023-07-14,2023-07-14,true
DEVICE-002713,Tablet,PERSON-002106,iOS,2023-07-14,2023-07-14,true
DEVICE-002714,Smartphone,PERSON-002947,Android,2023-07-14,2023-07-14,true
DEVICE-002715,Feature Phone,PERSON-000484,Android,2023-07-14,2023-07-14,true
DEVICE-002716,Tablet,PERSON-001387,Android,2023-07-14,2023-07-14,true
DEVICE-002717,Feature Phone,PERSON-001492,Android,2023-07-14,2023-07-14,true
DEVICE-002718,Smartphone,PERSON-001817,Android,2023-10-16,2023-10-16,true
DEVICE-002719,Feature Phone,PERSON-001511,iOS,2023-10-16,2023-10-16,true
DEVICE-002720,Tablet,PERSON-001782,Android,2023-10-16,2023-10-16,true
DEVICE-002721,Feature Phone,PERSON-002829,Android,2023-10-16,2023-10-16,true
DEVICE-002722,Tablet,PERSON-002675,Android,2023-10-16,2023-10-16,true
DEVICE-002723,Tablet,PERSON-000092,Android,2023-10-16,2023-10-16,true
DEVICE-002724,Tablet,PERSON-001558,iOS,2023-10-16,2023-10-16,true
DEVICE-002725,Feature Phone,PERSON-002920,Android,2023-10-16,2023-10-16,true
DEVICE-002726,Feature Phone,PERSON-000470,iOS,2023-10-16,2023-10-16,true
DEVICE-002727,Tablet,PERSON-001455,iOS,2023-10-16,2023-10-16,true
DEVICE-002728,Tablet,PERSON-001116,iOS,2023-10-16,2023-10-16,true
DEVICE-002729,Tablet,PERSON-001866,iOS,2023-10-16,2023-10-16,true
DEVICE-002730,Feature Phone,PERSON-000850,iOS,2023-06-22,2023-06-22,true
DEVICE-002731,Feature Phone,PERSON-002574,Android,2023-06-22,2023-06-22,true
DEVICE-002732,Smartphone,PERSON-002574,Android,2023-06-22,2023-06-22,true
DEVICE-002733,Feature Phone,PERSON-000063,Android,2023-06-22,2023-06-22,true
DEVICE-002734,Smartphone,PERSON-000863,iOS,2023-06-22,2023-06-22,true
DEVICE-002735,Feature Phone,PERSON-002757,iOS,2023-06-22,2023-06-22,true
DEVICE-002736,Smartphone,PERSON-001589,Android,2023-06-22,2023-06-22,true
DEVICE-002737,Feature Phone,PERSON-000120,Android,2023-03-31,2023-03-31,true
DEVICE-002738,Smartphone,PERSON-000120,iOS,2023-03-31,2023-03-31,true
DEVICE-002739,Smartphone,PERSON-001898,iOS,2023-03-31,2023-03-31,true
DEVICE-002740,Feature Phone,PERSON-000921,Android,2023-03-31,2023-03-31,true
DEVICE-002741,Smartphone,PERSON-000921,Android,2023-03-31,2023-03-31,true
DEVICE-002742,Tablet,PERSON-001965,Android,2023-03-31,2023-03-31,true
DEVICE-002743,Feature Phone,PERSON-001965,iOS,2023-03-31,2023-03-31,true
DEVICE-002744,Feature Phone,PERSON-001543,Android,2023-03-31,2023-03-31,true
DEVICE-002745,Smartphone,PERSON-002745,Android,2023-03-31,2023-03-31,true
DEVICE-002746,Tablet,PERSON-002745,Android,2023-03-31,2023-03-31,true
DEVICE-002747,Feature Phone,PERSON-000488,iOS,2023-03-31,2023-03-31,true
DEVICE-002748,Feature Phone,PERSON-001205,Android,2023-03-31,2023-03-31,true
DEVICE-002749,Smartphone,PERSON-000081,iOS,2023-04-14,2023-04-14,true
DEVICE-002750,Tablet,PERSON-001259,Android,2023-04-14,2023-04-14,true
DEVICE-002751,Smartphone,PERSON-001259,Android,2023-04-14,2023-04-14,true
DEVICE-002752,Smartphone,PERSON-000850,iOS,2023-04-14,2023-04-14,true
DEVICE-002753,Feature Phone,PERSON-001861,iOS,2023-04-14,2023-04-14,true
DEVICE-002754,Feature Phone,PERSON-002574,iOS,2023-04-14,2023-04-14,true
DEVICE-002755,Smartphone,PERSON-002574,Android,2023-04-14,2023-04-14,true
DEVICE-002756,Smartphone,PERSON-001610,Android,2023-04-14,2023-04-14,true
DEVICE-002757,Smartphone,PERSON-002757,Android,2023-04-14,2023-04-14,true
DEVICE-002758,Feature Phone,PERSON-000862,iOS,2023-11-22,2023-11-22,true
DEVICE-002759,Smartphone,PERSON-000769,iOS,2023-11-22,2023-11-22,true
DEVICE-002760,Tablet,PERSON-002106,Android,2023-11-22,2023-11-22,true
DEVICE-002761,Feature Phone,PERSON-001803,Android,2023-11-22,2023-11-22,true
DEVICE-002762,Feature Phone,PERSON-002646,Android,2023-11-22,2023-11-22,true
DEVICE-002763,Feature Phone,PERSON-000838,iOS,2023-11-22,2023-11-22,true
DEVICE-002764,Feature Phone,PERSON-000838,Android,2023-11-22,2023-11-22,true
DEVICE-002765,Tablet,PERSON-001387,iOS,2023-11-22,2023-11-22,true
DEVICE-002766,Smartphone,PERSON-001387,Android,2023-11-22,2023-11-22,true
DEVICE-002767,Tablet,PERSON-001152,iOS,2023-11-22,2023-11-22,true
DEVICE-002768,Smartphone,PERSON-002009,Android,2023-11-22,2023-11-22,true
DEVICE-002769,Feature Phone,PERSON-000506,Android,2023-07-21,2023-07-21,true
DEVICE-002770,Feature Phone,PERSON-000092,Android,2023-07-21,2023-07-21,true
DEVICE-002771,Tablet,PERSON-000092,iOS,2023-07-21,2023-07-21,true
DEVICE-002772,Feature Phone,PERSON-001135,Android,2023-07-21,2023-07-21,true
DEVICE-002773,Smartphone,PERSON-000597,iOS,2023-07-21,2023-07-21,true
DEVICE-002774,Feature Phone,PERSON-000927,iOS,2023-07-21,2023-07-21,true
DEVICE-002775,Feature Phone,PERSON-000207,Android,2023-07-21,2023-07-21,true
DEVICE-002776,Smartphone,PERSON-000207,iOS,2023-07-21,2023-07-21,true
DEVICE-002777,Smartphone,PERSON-002457,iOS,2023-07-21,2023-07-21,true
DEVICE-002778,Tablet,PERSON-001315,Android,2023-04-04,2023-04-04,true
DEVICE-002779,Tablet,PERSON-000230,Android,2023-04-04,2023-04-04,true
DEVICE-002780,Smartphone,PERSON-002715,iOS,2023-04-04,2023-04-04,true
DEVICE-002781,Feature Phone,PERSON-002408,Android,2023-04-04,2023-04-04,true
DEVICE-002782,Feature Phone,PERSON-001334,Android,2023-11-12,2023-11-12,true
DEVICE-002783,Tablet,PERSON-000943,iOS,2023-11-12,2023-11-12,true
DEVICE-002784,Smartphone,PERSON-002846,Android,2023-11-12,2023-11-12,true
DEVICE-002785,Smartphone,PERSON-002408,iOS,2023-11-12,2023-11-12,true
DEVICE-002786,Tablet,PERSON-000207,Android,2023-11-12,2023-11-12,true
DEVICE-002787,Smartphone,PERSON-002304,iOS,2023-11-12,2023-11-12,true
DEVICE-002788,Tablet,PERSON-002393,Android,2023-11-12,2023-11-12,true
DEVICE-002789,Feature Phone,PERSON-002393,iOS,2023-11-12,2023-11-12,true
DEVICE-002790,Smartphone,PERSON-001847,iOS,2023-11-12,2023-11-12,true
DEVICE-002791,Smartphone,PERSON-002558,iOS,2023-07-25,2023-07-25,true
DEVICE-002792,Feature Phone,PERSON-000580,Android,2023-07-25,2023-07-25,true
DEVICE-002793,Feature Phone,PERSON-001890,Android,2023-07-25,2023-07-25,true
DEVICE-002794,Tablet,PERSON-002164,Android,2023-07-25,2023-07-25,true
DEVICE-002795,Tablet,PERSON-002164,Android,2023-07-25,2023-07-25,true
DEVICE-002796,Tablet,PERSON-002004,Android,2023-07-25,2023-07-25,true
DEVICE-002797,Smartphone,PERSON-002499,iOS,2023-07-25,2023-07-25,true
DEVICE-002798,Smartphone,PERSON-001311,iOS,2023-07-25,2023-07-25,true
DEVICE-002799,Feature Phone,PERSON-001861,iOS,2023-08-09,2023-08-09,true
DEVICE-002800,Smartphone,PERSON-002574,Android,2023-08-09,2023-08-09,true
DEVICE-002801,Feature Phone,PERSON-002574,iOS,2023-08-09,2023-08-09,true
DEVICE-002802,Smartphone,PERSON-000274,iOS,2023-08-09,2023-08-09,true
DEVICE-002803,Tablet,PERSON-000063,iOS,2023-08-09,2023-08-09,true
DEVICE-002804,Smartphone,PERSON-000863,iOS,2023-08-09,2023-08-09,true
DEVICE-002805,Feature Phone,PERSON-002757,Android,2023-08-09,2023-08-09,true
DEVICE-002806,Tablet,PERSON-002757,Android,2023-08-09,2023-08-09,true
DEVICE-002807,Smartphone,PERSON-001589,Android,2023-08-09,2023-08-09,true
DEVICE-002808,Tablet,PERSON-001664,Android,2023-10-30,2023-10-30,true
DEVICE-002809,Smartphone,PERSON-001664,iOS,2023-10-30,2023-10-30,true
DEVICE-002810,Smartphone,PERSON-001343,iOS,2023-10-30,2023-10-30,true
DEVICE-002811,Smartphone,PERSON-001343,iOS,2023-10-30,2023-10-30,true
DEVICE-002812,Feature Phone,PERSON-000576,Android,2023-10-30,2023-10-30,true
DEVICE-002813,Tablet,PERSON-001315,Android,2023-10-30,2023-10-30,true
DEVICE-002814,Feature Phone,PERSON-002757,Android,2023-10-30,2023-10-30,true
DEVICE-002815,Tablet,PERSON-000904,iOS,2023-10-30,2023-10-30,true
DEVICE-002816,Tablet,PERSON-000106,Android,2023-10-30,2023-10-30,true
DEVICE-002817,Smartphone,PERSON-002715,Android,2023-10-30,2023-10-30,true
DEVICE-002818,Tablet,PERSON-001558,iOS,2023-12-06,2023-12-06,true
DEVICE-002819,Feature Phone,PERSON-001558,iOS,2023-12-06,2023-12-06,true
DEVICE-002820,Smartphone,PERSON-002821,Android,2023-12-06,2023-12-06,true
DEVICE-002821,Smartphone,PERSON-000180,iOS,2023-12-06,2023-12-06,true
DEVICE-002822,Tablet,PERSON-001610,iOS,2023-12-06,2023-12-06,true
DEVICE-002823,Smartphone,PERSON-001262,Android,2023-12-06,2023-12-06,true
DEVICE-002824,Tablet,PERSON-001262,Android,2023-12-06,2023-12-06,true
DEVICE-002825,Smartphone,PERSON-002060,Android,2023-12-06,2023-12-06,true
DEVICE-002826,Tablet,PERSON-002060,Android,2023-12-06,2023-12-06,true
DEVICE-002827,Tablet,PERSON-000267,Android,2023-12-06,2023-12-06,true
DEVICE-002828,Tablet,PERSON-002900,iOS,2023-12-06,2023-12-06,true
DEVICE-002829,Feature Phone,PERSON-002900,iOS,2023-12-06,2023-12-06,true
DEVICE-002830,Feature Phone,PERSON-001757,Android,2023-12-06,2023-12-06,true
DEVICE-002831,Smartphone,PERSON-002873,Android,2023-11-28,2023-11-28,true
DEVICE-002832,Tablet,PERSON-000120,Android,2023-11-28,2023-11-28,true
DEVICE-002833,Tablet,PERSON-000850,iOS,2023-11-28,2023-11-28,true
DEVICE-002834,Feature Phone,PERSON-000921,Android,2023-11-28,2023-11-28,true
DEVICE-002835,Tablet,PERSON-000863,Android,2023-11-28,2023-11-28,true
DEVICE-002836,Feature Phone,PERSON-001992,iOS,2023-11-28,2023-11-28,true
DEVICE-002837,Feature Phone,PERSON-002745,iOS,2023-11-28,2023-11-28,true
DEVICE-002838,Smartphone,PERSON-000357,Android,2023-11-28,2023-11-28,true
DEVICE-002839,Tablet,PERSON-001205,Android,2023-11-28,2023-11-28,true
DEVICE-002840,Feature Phone,PERSON-001205,Android,2023-11-28,2023-11-28,true
DEVICE-002841,Feature Phone,PERSON-002901,Android,2023-09-28,2023-09-28,true
DEVICE-002842,Feature Phone,PERSON-000683,Android,2023-09-28,2023-09-28,true
DEVICE-002843,Tablet,PERSON-002947,Android,2023-09-28,2023-09-28,true
DEVICE-002844,Smartphone,PERSON-002788,iOS,2023-09-28,2023-09-28,true
DEVICE-002845,Feature Phone,PERSON-000072,iOS,2023-09-28,2023-09-28,true
DEVICE-002846,Feature Phone,PERSON-000488,iOS,2023-09-28,2023-09-28,true
DEVICE-002847,Tablet,PERSON-000488,Android,2023-09-28,2023-09-28,true
DEVICE-002848,Tablet,PERSON-001311,Android,2023-09-28,2023-09-28,true
DEVICE-002849,Smartphone,PERSON-001311,Android,2023-09-28,2023-09-28,true
DEVICE-002850,Tablet,PERSON-001425,Android,2023-09-19,2023-09-19,true
DEVICE-002851,Smartphone,PERSON-000822,Android,2023-09-19,2023-09-19,true
DEVICE-002852,Tablet,PERSON-000822,Android,2023-09-19,2023-09-19,true
DEVICE-002853,Smartphone,PERSON-002986,Android,2023-09-19,2023-09-19,true
DEVICE-002854,Smartphone,PERSON-002986,Android,2023-09-19,2023-09-19,true
DEVICE-002855,Tablet,PERSON-002759,iOS,2023-09-19,2023-09-19,true
DEVICE-002856,Feature Phone,PERSON-001071,iOS,2023-09-19,2023-09-19,true
DEVICE-002857,Smartphone,PERSON-001071,iOS,2023-09-19,2023-09-19,true
DEVICE-002858,Tablet,PERSON-000613,Android,2023-09-19,2023-09-19,true
DEVICE-002859,Smartphone,PERSON-002068,Android,2023-09-19,2023-09-19,true
DEVICE-002860,Feature Phone,PERSON-001578,iOS,2023-09-19,2023-09-19,true
DEVICE-002861,Smartphone,PERSON-002770,Android,2023-09-19,2023-09-19,true
DEVICE-002862,Smartphone,PERSON-002770,Android,2023-09-19,2023-09-19,true
DEVICE-002863,Tablet,PERSON-000081,iOS,2023-08-15,2023-08-15,true
DEVICE-002864,Smartphone,PERSON-001259,Android,2023-08-15,2023-08-15,true
DEVICE-002865,Tablet,PERSON-000850,Android,2023-08-15,2023-08-15,true
DEVICE-002866,Tablet,PERSON-001861,iOS,2023-08-15,2023-08-15,true
DEVICE-002867,Feature Phone,PERSON-002574,iOS,2023-08-15,2023-08-15,true
DEVICE-002868,Smartphone,PERSON-000863,Android,2023-08-15,2023-08-15,true
DEVICE-002869,Feature Phone,PERSON-000063,iOS,2023-08-15,2023-08-15,true
DEVICE-002870,Tablet,PERSON-001589,iOS,2023-08-15,2023-08-15,true
DEVICE-002871,Tablet,PERSON-001327,Android,2023-08-15,2023-08-15,true
DEVICE-002872,Tablet,PERSON-001474,Android,2023-02-21,2023-02-21,true
DEVICE-002873,Tablet,PERSON-001474,Android,2023-02-21,2023-02-21,true
DEVICE-002874,Smartphone,PERSON-001558,iOS,2023-02-21,2023-02-21,true
DEVICE-002875,Feature Phone,PERSON-001127,iOS,2023-02-21,2023-02-21,true
DEVICE-002876,Feature Phone,PERSON-000792,iOS,2023-02-21,2023-02-21,true
DEVICE-002877,Feature Phone,PERSON-000492,iOS,2023-12-02,2023-12-02,true
DEVICE-002878,Feature Phone,PERSON-000295,Android,2023-12-02,2023-12-02,true
DEVICE-002879,Tablet,PERSON-000295,Android,2023-12-02,2023-12-02,true
DEVICE-002880,Tablet,PERSON-000342,iOS,2023-12-02,2023-12-02,true
DEVICE-002881,Tablet,PERSON-000886,iOS,2023-12-02,2023-12-02,true
DEVICE-002882,Feature Phone,PERSON-000144,iOS,2023-12-02,2023-12-02,true
DEVICE-002883,Smartphone,PERSON-002122,Android,2023-12-02,2023-12-02,true
DEVICE-002884,Smartphone,PERSON-000842,Android,2023-04-16,2023-04-16,true
DEVICE-002885,Feature Phone,PERSON-002845,iOS,2023-04-16,2023-04-16,true
DEVICE-002886,Tablet,PERSON-002845,Android,2023-04-16,2023-04-16,true
DEVICE-002887,Tablet,PERSON-001769,Android,2023-04-16,2023-04-16,true
DEVICE-002888,Tablet,PERSON-002788,iOS,2023-04-16,2023-04-16,true
DEVICE-002889,Feature Phone,PERSON-002788,iOS,2023-04-16,2023-04-16,true
DEVICE-002890,Tablet,PERSON-002684,iOS,2023-04-16,2023-04-16,true
DEVICE-002891,Smartphone,PERSON-000763,iOS,2023-04-16,2023-04-16,true
DEVICE-002892,Feature Phone,PERSON-000763,Android,2023-04-16,2023-04-16,true
DEVICE-002893,Tablet,PERSON-002444,Android,2023-04-16,2023-04-16,true
DEVICE-002894,Feature Phone,PERSON-000081,Android,2023-11-08,2023-11-08,true
DEVICE-002895,Feature Phone,PERSON-001259,iOS,2023-11-08,2023-11-08,true
DEVICE-002896,Feature Phone,PERSON-000850,iOS,2023-11-08,2023-11-08,true
DEVICE-002897,Smartphone,PERSON-001861,iOS,2023-11-08,2023-11-08,true
DEVICE-002898,Feature Phone,PERSON-000063,Android,2023-11-08,2023-11-08,true
DEVICE-002899,Feature Phone,PERSON-000863,iOS,2023-11-08,2023-11-08,true
DEVICE-002900,Smartphone,PERSON-002757,iOS,2023-11-08,2023-11-08,true
DEVICE-002901,Smartphone,PERSON-001589,iOS,2023-11-08,2023-11-08,true
DEVICE-002902,Smartphone,PERSON-000682,Android,2023-04-23,2023-04-23,true
DEVICE-002903,Smartphone,PERSON-002737,Android,2023-04-23,2023-04-23,true
DEVICE-002904,Smartphone,PERSON-000473,Android,2023-04-23,2023-04-23,true
DEVICE-002905,Feature Phone,PERSON-000042,Android,2023-04-23,2023-04-23,true
DEVICE-002906,Feature Phone,PERSON-000042,Android,2023-04-23,2023-04-23,true
DEVICE-002907,Smartphone,PERSON-001885,Android,2023-04-23,2023-04-23,true
DEVICE-002908,Tablet,PERSON-001885,iOS,2023-04-23,2023-04-23,true
DEVICE-002909,Smartphone,PERSON-002068,iOS,2023-04-23,2023-04-23,true
DEVICE-002910,Tablet,PERSON-000032,Android,2023-04-23,2023-04-23,true
DEVICE-002911,Feature Phone,PERSON-002986,iOS,2023-03-04,2023-03-04,true
DEVICE-002912,Smartphone,PERSON-002759,iOS,2023-03-04,2023-03-04,true
DEVICE-002913,Feature Phone,PERSON-002759,iOS,2023-03-04,2023-03-04,true
DEVICE-002914,Feature Phone,PERSON-001071,Android,2023-03-04,2023-03-04,true
DEVICE-002915,Tablet,PERSON-000613,Android,2023-03-04,2023-03-04,true
DEVICE-002916,Smartphone,PERSON-002068,iOS,2023-03-04,2023-03-04,true
DEVICE-002917,Tablet,PERSON-000789,Android,2023-03-04,2023-03-04,true
DEVICE-002918,Smartphone,PERSON-000789,Android,2023-03-04,2023-03-04,true
DEVICE-002919,Feature Phone,PERSON-000233,Android,2023-03-10,2023-03-10,true
DEVICE-002920,Tablet,PERSON-001478,Android,2023-03-10,2023-03-10,true
DEVICE-002921,Feature Phone,PERSON-001478,Android,2023-03-10,2023-03-10,true
DEVICE-002922,Feature Phone,PERSON-000886,Android,2023-03-10,2023-03-10,true
DEVICE-002923,Smartphone,PERSON-000886,Android,2023-03-10,2023-03-10,true
DEVICE-002924,Feature Phone,PERSON-001059,Android,2023-03-10,2023-03-10,true
DEVICE-002925,Tablet,PERSON-001059,Android,2023-03-10,2023-03-10,true
DEVICE-002926,Feature Phone,PERSON-000920,iOS,2023-03-10,2023-03-10,true
DEVICE-002927,Smartphone,PERSON-002757,iOS,2023-03-10,2023-03-10,true
DEVICE-002928,Feature Phone,PERSON-002757,iOS,2023-03-10,2023-03-10,true
DEVICE-002929,Tablet,PERSON-000144,Android,2023-03-10,2023-03-10,true
DEVICE-002930,Tablet,PERSON-000144,iOS,2023-03-10,2023-03-10,true
DEVICE-002931,Feature Phone,PERSON-000302,iOS,2023-03-10,2023-03-10,true
DEVICE-002932,Smartphone,PERSON-002082,Android,2023-03-10,2023-03-10,true
DEVICE-002933,Smartphone,PERSON-002082,Android,2023-03-10,2023-03-10,true
DEVICE-002934,Tablet,PERSON-001830,Android,2023-03-10,2023-03-10,true
DEVICE-002935,Smartphone,PERSON-002517,Android,2023-04-13,2023-04-13,true
DEVICE-002936,Feature Phone,PERSON-002020,iOS,2023-04-13,2023-04-13,true
DEVICE-002937,Feature Phone,PERSON-002873,iOS,2023-04-13,2023-04-13,true
DEVICE-002938,Smartphone,PERSON-002873,Android,2023-04-13,2023-04-13,true
DEVICE-002939,Feature Phone,PERSON-001540,Android,2023-04-13,2023-04-13,true
DEVICE-002940,Tablet,PERSON-000863,Android,2023-04-13,2023-04-13,true
DEVICE-002941,Smartphone,PERSON-000863,Android,2023-04-13,2023-04-13,true
DEVICE-002942,Feature Phone,PERSON-000083,Android,2023-04-13,2023-04-13,true
DEVICE-002943,Smartphone,PERSON-000083,iOS,2023-04-13,2023-04-13,true
DEVICE-002944,Feature Phone,PERSON-001992,Android,2023-04-13,2023-04-13,true
DEVICE-002945,Feature Phone,PERSON-002745,iOS,2023-04-13,2023-04-13,true
DEVICE-002946,Smartphone,PERSON-002745,Android,2023-04-13,2023-04-13,true
DEVICE-002947,Tablet,PERSON-000438,iOS,2023-01-14,2023-01-14,true
DEVICE-002948,Tablet,PERSON-000604,iOS,2023-01-14,2023-01-14,true
DEVICE-002949,Feature Phone,PERSON-002481,iOS,2023-01-14,2023-01-14,true
DEVICE-002950,Tablet,PERSON-000057,iOS,2023-01-14,2023-01-14,true
DEVICE-002951,Smartphone,PERSON-001258,iOS,2023-01-14,2023-01-14,true
DEVICE-002952,Feature Phone,PERSON-000634,Android,2023-01-14,2023-01-14,true
DEVICE-002953,Smartphone,PERSON-001664,Android,2023-11-14,2023-11-14,true
DEVICE-002954,Tablet,PERSON-002675,Android,2023-11-14,2023-11-14,true
DEVICE-002955,Smartphone,PERSON-002675,iOS,2023-11-14,2023-11-14,true
DEVICE-002956,Feature Phone,PERSON-002998,Android,2023-11-14,2023-11-14,true
DEVICE-002957,Feature Phone,PERSON-000193,Android,2023-11-14,2023-11-14,true
DEVICE-002958,Tablet,PERSON-002835,iOS,2023-11-14,2023-11-14,true
DEVICE-002959,Smartphone,PERSON-000576,iOS,2023-11-14,2023-11-14,true
DEVICE-002960,Smartphone,PERSON-002757,iOS,2023-11-14,2023-11-14,true
DEVICE-002961,Feature Phone,PERSON-000904,Android,2023-11-14,2023-11-14,true
DEVICE-002962,Feature Phone,PERSON-000584,Android,2023-11-14,2023-11-14,true
DEVICE-002963,Feature Phone,PERSON-000697,iOS,2023-11-14,2023-11-14,true
DEVICE-002964,Tablet,PERSON-000146,iOS,2023-02-15,2023-02-15,true
DEVICE-002965,Smartphone,PERSON-001210,Android,2023-02-15,2023-02-15,true
DEVICE-002966,Tablet,PERSON-001667,iOS,2023-02-15,2023-02-15,true
DEVICE-002967,Smartphone,PERSON-001558,iOS,2023-02-15,2023-02-15,true
DEVICE-002968,Tablet,PERSON-001558,iOS,2023-02-15,2023-02-15,true
DEVICE-002969,Smartphone,PERSON-000351,iOS,2023-02-15,2023-02-15,true
DEVICE-002970,Tablet,PERSON-002750,iOS,2023-02-15,2023-02-15,true
DEVICE-002971,Feature Phone,PERSON-001041,iOS,2023-02-15,2023-02-15,true
DEVICE-002972,Tablet,PERSON-001041,iOS,2023-02-15,2023-02-15,true
DEVICE-002973,Tablet,PERSON-001589,Android,2023-02-15,2023-02-15,true
DEVICE-002974,Smartphone,PERSON-001670,Android,2023-02-15,2023-02-15,true
DEVICE-002975,Smartphone,PERSON-002689,Android,2023-02-15,2023-02-15,true
DEVICE-002976,Smartphone,PERSON-001674,Android,2023-07-29,2023-07-29,true
DEVICE-002977,Tablet,PERSON-001674,iOS,2023-07-29,2023-07-29,true
DEVICE-002978,Smartphone,PERSON-001807,Android,2023-07-29,2023-07-29,true
DEVICE-002979,Feature Phone,PERSON-000470,iOS,2023-07-29,2023-07-29,true
DEVICE-002980,Smartphone,PERSON-000430,Android,2023-07-29,2023-07-29,true
DEVICE-002981,Feature Phone,PERSON-000430,iOS,2023-07-29,2023-07-29,true
DEVICE-002982,Smartphone,PERSON-001212,Android,2023-07-29,2023-07-29,true
DEVICE-002983,Smartphone,PERSON-000682,Android,2023-03-01,2023-03-01,true
DEVICE-002984,Tablet,PERSON-002068,Android,2023-03-01,2023-03-01,true
DEVICE-002985,Smartphone,PERSON-000165,Android,2023-03-01,2023-03-01,true
DEVICE-002986,Tablet,PERSON-001481,Android,2023-03-01,2023-03-01,true
DEVICE-002987,Smartphone,PERSON-000275,iOS,2023-03-01,2023-03-01,true
DEVICE-002988,Smartphone,PERSON-000032,iOS,2023-03-01,2023-03-01,true
DEVICE-002989,Tablet,PERSON-002160,Android,2023-03-01,2023-03-01,true
DEVICE-002990,Smartphone,PERSON-000479,iOS,2023-08-15,2023-08-15,true
DEVICE-002991,Smartphone,PERSON-000479,Android,2023-08-15,2023-08-15,true
DEVICE-002992,Smartphone,PERSON-000295,Android,2023-08-15,2023-08-15,true
DEVICE-002993,Smartphone,PERSON-001066,Android,2023-08-15,2023-08-15,true
DEVICE-002994,Feature Phone,PERSON-001803,iOS,2023-08-15,2023-08-15,true
DEVICE-002995,Feature Phone,PERSON-001803,Android,2023-08-15,2023-08-15,true
DEVICE-002996,Tablet,PERSON-000569,iOS,2023-08-15,2023-08-15,true
DEVICE-002997,Smartphone,PERSON-002197,iOS,2023-08-15,2023-08-15,true
DEVICE-002998,Tablet,PERSON-000484,iOS,2023-08-15,2023-08-15,true
DEVICE-002999,Feature Phone,PERSON-000823,Android,2023-08-15,2023-08-15,true
DEVICE-003000,Feature Phone,PERSON-000366,Android,2023-03-17,2023-03-17,true
DEVICE-003001,Tablet,PERSON-000540,Android,2023-03-17,2023-03-17,true
DEVICE-003002,Smartphone,PERSON-001115,iOS,2023-03-17,2023-03-17,true
DEVICE-003003,Feature Phone,PERSON-001610,iOS,2023-03-17,2023-03-17,true
DEVICE-003004,Smartphone,PERSON-000792,iOS,2023-03-17,2023-03-17,true
DEVICE-003005,Feature Phone,PERSON-002900,Android,2023-03-17,2023-03-17,true
DEVICE-003006,Feature Phone,PERSON-002900,Android,2023-03-17,2023-03-17,true
DEVICE-003007,Tablet,PERSON-000440,iOS,2023-03-17,2023-03-17,true
DEVICE-003008,Tablet,PERSON-000440,iOS,2023-03-17,2023-03-17,true
DEVICE-003009,Smartphone,PERSON-000081,iOS,2023-01-11,2023-01-11,true
DEVICE-003010,Feature Phone,PERSON-001259,iOS,2023-01-11,2023-01-11,true
DEVICE-003011,Tablet,PERSON-000850,iOS,2023-01-11,2023-01-11,true
DEVICE-003012,Feature Phone,PERSON-001861,iOS,2023-01-11,2023-01-11,true
DEVICE-003013,Tablet,PERSON-002574,Android,2023-01-11,2023-01-11,true
DEVICE-003014,Feature Phone,PERSON-000407,iOS,2023-01-11,2023-01-11,true
DEVICE-003015,Tablet,PERSON-000063,iOS,2023-01-11,2023-01-11,true
DEVICE-003016,Feature Phone,PERSON-000863,iOS,2023-01-11,2023-01-11,true
DEVICE-003017,Tablet,PERSON-002757,iOS,2023-01-11,2023-01-11,true
DEVICE-003018,Smartphone,PERSON-001589,Android,2023-01-11,2023-01-11,true
DEVICE-003019,Feature Phone,PERSON-001474,Android,2023-11-04,2023-11-04,true
DEVICE-003020,Smartphone,PERSON-001474,iOS,2023-11-04,2023-11-04,true
DEVICE-003021,Smartphone,PERSON-001115,iOS,2023-11-04,2023-11-04,true
DEVICE-003022,Smartphone,PERSON-001262,Android,2023-11-04,2023-11-04,true
DEVICE-003023,Tablet,PERSON-001610,iOS,2023-11-04,2023-11-04,true
DEVICE-003024,Smartphone,PERSON-000440,Android,2023-11-04,2023-11-04,true
DEVICE-003025,Tablet,PERSON-000792,Android,2023-11-04,2023-11-04,true
DEVICE-003026,Tablet,PERSON-002060,Android,2023-11-04,2023-11-04,true
DEVICE-003027,Smartphone,PERSON-002618,iOS,2023-11-04,2023-11-04,true
DEVICE-003028,Feature Phone,PERSON-001757,iOS,2023-11-04,2023-11-04,true
DEVICE-003029,Tablet,PERSON-000449,iOS,2023-09-29,2023-09-29,true
DEVICE-003030,Smartphone,PERSON-000540,Android,2023-09-29,2023-09-29,true
DEVICE-003031,Feature Phone,PERSON-000540,iOS,2023-09-29,2023-09-29,true
DEVICE-003032,Tablet,PERSON-001115,Android,2023-09-29,2023-09-29,true
DEVICE-003033,Feature Phone,PERSON-001262,iOS,2023-09-29,2023-09-29,true
DEVICE-003034,Smartphone,PERSON-001610,iOS,2023-09-29,2023-09-29,true
DEVICE-003035,Tablet,PERSON-001610,Android,2023-09-29,2023-09-29,true
DEVICE-003036,Smartphone,PERSON-000180,iOS,2023-09-29,2023-09-29,true
DEVICE-003037,Feature Phone,PERSON-000267,Android,2023-09-29,2023-09-29,true
DEVICE-003038,Feature Phone,PERSON-002900,iOS,2023-09-29,2023-09-29,true
DEVICE-003039,Tablet,PERSON-001757,Android,2023-09-29,2023-09-29,true
DEVICE-003040,Smartphone,PERSON-001757,iOS,2023-09-29,2023-09-29,true
DEVICE-003041,Tablet,PERSON-001774,Android,2023-06-29,2023-06-29,true
DEVICE-003042,Smartphone,PERSON-000366,iOS,2023-06-29,2023-06-29,true
DEVICE-003043,Smartphone,PERSON-000407,iOS,2023-06-29,2023-06-29,true
DEVICE-003044,Tablet,PERSON-002417,Android,2023-06-29,2023-06-29,true
DEVICE-003045,Feature Phone,PERSON-002094,iOS,2023-06-29,2023-06-29,true
DEVICE-003046,Smartphone,PERSON-001758,iOS,2023-06-29,2023-06-29,true
DEVICE-003047,Tablet,PERSON-001381,iOS,2023-06-29,2023-06-29,true
DEVICE-003048,Feature Phone,PERSON-000207,Android,2023-06-29,2023-06-29,true
DEVICE-003049,Smartphone,PERSON-002105,Android,2023-06-29,2023-06-29,true
DEVICE-003050,Feature Phone,PERSON-001869,iOS,2023-06-29,2023-06-29,true
DEVICE-003051,Smartphone,PERSON-001210,iOS,2023-02-04,2023-02-04,true
DEVICE-003052,Feature Phone,PERSON-001667,iOS,2023-02-04,2023-02-04,true
DEVICE-003053,Smartphone,PERSON-002750,Android,2023-02-04,2023-02-04,true
DEVICE-003054,Feature Phone,PERSON-001474,Android,2023-02-04,2023-02-04,true
DEVICE-003055,Tablet,PERSON-001041,Android,2023-02-04,2023-02-04,true
DEVICE-003056,Smartphone,PERSON-001041,Android,2023-02-04,2023-02-04,true
DEVICE-003057,Tablet,PERSON-001589,iOS,2023-02-04,2023-02-04,true
DEVICE-003058,Feature Phone,PERSON-002160,iOS,2023-11-08,2023-11-08,true
DEVICE-003059,Feature Phone,PERSON-002160,Android,2023-11-08,2023-11-08,true
DEVICE-003060,Tablet,PERSON-002821,iOS,2023-11-08,2023-11-08,true
DEVICE-003061,Feature Phone,PERSON-002653,iOS,2023-11-08,2023-11-08,true
DEVICE-003062,Feature Phone,PERSON-001478,Android,2023-11-08,2023-11-08,true
DEVICE-003063,Smartphone,PERSON-001846,iOS,2023-11-08,2023-11-08,true
DEVICE-003064,Feature Phone,PERSON-001043,Android,2023-11-08,2023-11-08,true
DEVICE-003065,Smartphone,PERSON-001043,Android,2023-11-08,2023-11-08,true
DEVICE-003066,Feature Phone,PERSON-002507,Android,2023-11-08,2023-11-08,true
DEVICE-003067,Smartphone,PERSON-002507,iOS,2023-11-08,2023-11-08,true
DEVICE-003068,Tablet,PERSON-002124,iOS,2023-11-08,2023-11-08,true
DEVICE-003069,Tablet,PERSON-001311,Android,2023-11-08,2023-11-08,true
DEVICE-003070,Tablet,PERSON-000507,Android,2023-11-08,2023-11-08,true
DEVICE-003071,Tablet,PERSON-001968,Android,2023-11-08,2023-11-08,true
DEVICE-003072,Tablet,PERSON-001334,Android,2023-04-20,2023-04-20,true
DEVICE-003073,Smartphone,PERSON-000245,Android,2023-04-20,2023-04-20,true
DEVICE-003074,Feature Phone,PERSON-000825,iOS,2023-04-20,2023-04-20,true
DEVICE-003075,Smartphone,PERSON-000943,iOS,2023-04-20,2023-04-20,true
DEVICE-003076,Feature Phone,PERSON-000943,Android,2023-04-20,2023-04-20,true
DEVICE-003077,Feature Phone,PERSON-000921,Android,2023-04-20,2023-04-20,true
DEVICE-003078,Feature Phone,PERSON-002397,Android,2023-04-20,2023-04-20,true
DEVICE-003079,Feature Phone,PERSON-001747,Android,2023-04-20,2023-04-20,true
DEVICE-003080,Smartphone,PERSON-002408,Android,2023-04-20,2023-04-20,true
DEVICE-003081,Tablet,PERSON-002304,Android,2023-04-20,2023-04-20,true
DEVICE-003082,Tablet,PERSON-001667,iOS,2023-02-03,2023-02-03,true
DEVICE-003083,Feature Phone,PERSON-001210,iOS,2023-02-03,2023-02-03,true
DEVICE-003084,Smartphone,PERSON-000146,iOS,2023-02-03,2023-02-03,true
DEVICE-003085,Tablet,PERSON-001558,Android,2023-02-03,2023-02-03,true
DEVICE-003086,Tablet,PERSON-000351,Android,2023-02-03,2023-02-03,true
DEVICE-003087,Smartphone,PERSON-000351,Android,2023-02-03,2023-02-03,true
DEVICE-003088,Tablet,PERSON-002750,Android,2023-02-03,2023-02-03,true
DEVICE-003089,Feature Phone,PERSON-001041,iOS,2023-02-03,2023-02-03,true
DEVICE-003090,Smartphone,PERSON-001589,iOS,2023-02-03,2023-02-03,true
DEVICE-003091,Feature Phone,PERSON-000991,iOS,2023-02-03,2023-02-03,true
DEVICE-003092,Smartphone,PERSON-001670,Android,2023-02-03,2023-02-03,true
DEVICE-003093,Tablet,PERSON-002331,Android,2023-07-20,2023-07-20,true
DEVICE-003094,Feature Phone,PERSON-002331,Android,2023-07-20,2023-07-20,true
DEVICE-003095,Feature Phone,PERSON-001668,Android,2023-07-20,2023-07-20,true
DEVICE-003096,Tablet,PERSON-001668,Android,2023-07-20,2023-07-20,true
DEVICE-003097,Feature Phone,PERSON-000898,Android,2023-07-20,2023-07-20,true
DEVICE-003098,Tablet,PERSON-002499,iOS,2023-07-20,2023-07-20,true
DEVICE-003099,Smartphone,PERSON-001397,Android,2023-07-20,2023-07-20,true
DEVICE-003100,Smartphone,PERSON-001397,Android,2023-07-20,2023-07-20,true
DEVICE-003101,Smartphone,PERSON-001423,Android,2023-07-20,2023-07-20,true
DEVICE-003102,Feature Phone,PERSON-002847,Android,2023-05-25,2023-05-25,true
DEVICE-003103,Tablet,PERSON-000647,iOS,2023-05-25,2023-05-25,true
DEVICE-003104,Smartphone,PERSON-000886,Android,2023-05-25,2023-05-25,true
DEVICE-003105,Smartphone,PERSON-002896,iOS,2023-05-25,2023-05-25,true
DEVICE-003106,Smartphone,PERSON-002896,Android,2023-05-25,2023-05-25,true
DEVICE-003107,Tablet,PERSON-001474,Android,2023-09-19,2023-09-19,true
DEVICE-003108,Feature Phone,PERSON-000180,Android,2023-09-19,2023-09-19,true
DEVICE-003109,Tablet,PERSON-000180,iOS,2023-09-19,2023-09-19,true
DEVICE-003110,Feature Phone,PERSON-000272,iOS,2023-09-19,2023-09-19,true
DEVICE-003111,Tablet,PERSON-000267,Android,2023-09-19,2023-09-19,true
DEVICE-003112,Smartphone,PERSON-000792,iOS,2023-09-19,2023-09-19,true
DEVICE-003113,Smartphone,PERSON-000440,iOS,2023-09-19,2023-09-19,true
DEVICE-003114,Smartphone,PERSON-000440,Android,2023-09-19,2023-09-19,true
DEVICE-003115,Tablet,PERSON-000825,Android,2023-03-12,2023-03-12,true
DEVICE-003116,Tablet,PERSON-001780,Android,2023-03-12,2023-03-12,true
DEVICE-003117,Feature Phone,PERSON-002397,iOS,2023-03-12,2023-03-12,true
DEVICE-003118,Feature Phone,PERSON-002397,Android,2023-03-12,2023-03-12,true
DEVICE-003119,Tablet,PERSON-000556,Android,2023-03-12,2023-03-12,true
DEVICE-003120,Feature Phone,PERSON-002846,Android,2023-03-12,2023-03-12,true
DEVICE-003121,Feature Phone,PERSON-002408,Android,2023-03-12,2023-03-12,true
DEVICE-003122,Smartphone,PERSON-000374,Android,2023-03-12,2023-03-12,true
DEVICE-003123,Feature Phone,PERSON-001578,Android,2023-03-12,2023-03-12,true
DEVICE-003124,Feature Phone,PERSON-001847,iOS,2023-03-12,2023-03-12,true
DEVICE-003125,Tablet,PERSON-001029,iOS,2023-03-12,2023-03-12,true
DEVICE-003126,Smartphone,PERSON-002517,iOS,2023-01-22,2023-01-22,true
DEVICE-003127,Feature Phone,PERSON-000784,Android,2023-01-22,2023-01-22,true
DEVICE-003128,Smartphone,PERSON-000538,iOS,2023-01-22,2023-01-22,true
DEVICE-003129,Tablet,PERSON-001898,Android,2023-01-22,2023-01-22,true
DEVICE-003130,Tablet,PERSON-001543,Android,2023-01-22,2023-01-22,true
DEVICE-003131,Feature Phone,PERSON-001543,iOS,2023-01-22,2023-01-22,true
DEVICE-003132,Tablet,PERSON-000765,iOS,2023-01-22,2023-01-22,true
DEVICE-003133,Feature Phone,PERSON-000357,Android,2023-01-22,2023-01-22,true
DEVICE-003134,Smartphone,PERSON-000357,Android,2023-01-22,2023-01-22,true
DEVICE-003135,Feature Phone,PERSON-001774,Android,2023-04-03,2023-04-03,true
DEVICE-003136,Tablet,PERSON-001769,Android,2023-04-03,2023-04-03,true
DEVICE-003137,Tablet,PERSON-000414,iOS,2023-04-03,2023-04-03,true
DEVICE-003138,Feature Phone,PERSON-002417,iOS,2023-04-03,2023-04-03,true
DEVICE-003139,Tablet,PERSON-001687,Android,2023-04-03,2023-04-03,true
DEVICE-003140,Smartphone,PERSON-001381,iOS,2023-04-03,2023-04-03,true
DEVICE-003141,Tablet,PERSON-002105,iOS,2023-04-03,2023-04-03,true
DEVICE-003142,Smartphone,PERSON-000111,iOS,2023-04-03,2023-04-03,true
DEVICE-003143,Feature Phone,PERSON-000103,Android,2023-04-03,2023-04-03,true
DEVICE-003144,Tablet,PERSON-001869,Android,2023-04-03,2023-04-03,true
DEVICE-003145,Smartphone,PERSON-000081,iOS,2023-08-11,2023-08-11,true
DEVICE-003146,Smartphone,PERSON-000081,Android,2023-08-11,2023-08-11,true
DEVICE-003147,Tablet,PERSON-001259,Android,2023-08-11,2023-08-11,true
DEVICE-003148,Feature Phone,PERSON-001861,iOS,2023-08-11,2023-08-11,true
DEVICE-003149,Tablet,PERSON-002574,iOS,2023-08-11,2023-08-11,true
DEVICE-003150,Feature Phone,PERSON-002574,iOS,2023-08-11,2023-08-11,true
DEVICE-003151,Tablet,PERSON-000063,Android,2023-08-11,2023-08-11,true
DEVICE-003152,Smartphone,PERSON-000863,Android,2023-08-11,2023-08-11,true
DEVICE-003153,Tablet,PERSON-002757,Android,2023-08-11,2023-08-11,true
DEVICE-003154,Smartphone,PERSON-002757,Android,2023-08-11,2023-08-11,true
DEVICE-003155,Smartphone,PERSON-001589,Android,2023-08-11,2023-08-11,true
DEVICE-003156,Tablet,PERSON-001589,Android,2023-08-11,2023-08-11,true
DEVICE-003157,Feature Phone,PERSON-001581,Android,2023-08-18,2023-08-18,true
DEVICE-003158,Smartphone,PERSON-000769,Android,2023-08-18,2023-08-18,true
DEVICE-003159,Tablet,PERSON-001507,iOS,2023-08-18,2023-08-18,true
DEVICE-003160,Feature Phone,PERSON-000979,Android,2023-08-18,2023-08-18,true
DEVICE-003161,Tablet,PERSON-002901,iOS,2023-08-18,2023-08-18,true
DEVICE-003162,Tablet,PERSON-001367,Android,2023-08-18,2023-08-18,true
DEVICE-003163,Tablet,PERSON-001367,iOS,2023-08-18,2023-08-18,true
DEVICE-003164,Tablet,PERSON-002335,Android,2023-08-18,2023-08-18,true
DEVICE-003165,Tablet,PERSON-002335,iOS,2023-08-18,2023-08-18,true
DEVICE-003166,Tablet,PERSON-001337,Android,2023-08-18,2023-08-18,true
DEVICE-003167,Tablet,PERSON-000081,iOS,2023-09-18,2023-09-18,true
DEVICE-003168,Tablet,PERSON-001259,Android,2023-09-18,2023-09-18,true
DEVICE-003169,Feature Phone,PERSON-000850,Android,2023-09-18,2023-09-18,true
DEVICE-003170,Feature Phone,PERSON-002574,iOS,2023-09-18,2023-09-18,true
DEVICE-003171,Tablet,PERSON-000863,Android,2023-09-18,2023-09-18,true
DEVICE-003172,Feature Phone,PERSON-000063,Android,2023-09-18,2023-09-18,true
DEVICE-003173,Smartphone,PERSON-002757,iOS,2023-09-18,2023-09-18,true
DEVICE-003174,Tablet,PERSON-002757,iOS,2023-09-18,2023-09-18,true
DEVICE-003175,Feature Phone,PERSON-001589,iOS,2023-09-18,2023-09-18,true
DEVICE-003176,Smartphone,PERSON-002675,Android,2023-08-29,2023-08-29,true
DEVICE-003177,Feature Phone,PERSON-002438,Android,2023-08-29,2023-08-29,true
DEVICE-003178,Tablet,PERSON-001363,iOS,2023-08-29,2023-08-29,true
DEVICE-003179,Tablet,PERSON-000832,iOS,2023-08-29,2023-08-29,true
DEVICE-003180,Smartphone,PERSON-001847,Android,2023-08-29,2023-08-29,true
DEVICE-003181,Tablet,PERSON-000635,iOS,2023-08-29,2023-08-29,true
DEVICE-003182,Smartphone,PERSON-002821,iOS,2023-08-04,2023-08-04,true
DEVICE-003183,Smartphone,PERSON-000540,iOS,2023-08-04,2023-08-04,true
DEVICE-003184,Smartphone,PERSON-001115,Android,2023-08-04,2023-08-04,true
DEVICE-003185,Feature Phone,PERSON-000180,Android,2023-08-04,2023-08-04,true
DEVICE-003186,Feature Phone,PERSON-001610,iOS,2023-08-04,2023-08-04,true
DEVICE-003187,Tablet,PERSON-001610,Android,2023-08-04,2023-08-04,true
DEVICE-003188,Tablet,PERSON-000267,iOS,2023-08-04,2023-08-04,true
DEVICE-003189,Feature Phone,PERSON-000792,iOS,2023-08-04,2023-08-04,true
DEVICE-003190,Smartphone,PERSON-001705,Android,2023-08-04,2023-08-04,true
DEVICE-003191,Feature Phone,PERSON-002060,Android,2023-08-04,2023-08-04,true
DEVICE-003192,Tablet,PERSON-002618,iOS,2023-08-04,2023-08-04,true
DEVICE-003193,Smartphone,PERSON-001757,Android,2023-08-04,2023-08-04,true
DEVICE-003194,Feature Phone,PERSON-002873,Android,2023-04-21,2023-04-21,true
DEVICE-003195,Feature Phone,PERSON-001898,iOS,2023-04-21,2023-04-21,true
DEVICE-003196,Feature Phone,PERSON-000921,iOS,2023-04-21,2023-04-21,true
DEVICE-003197,Feature Phone,PERSON-000621,iOS,2023-04-21,2023-04-21,true
DEVICE-003198,Feature Phone,PERSON-000765,iOS,2023-04-21,2023-04-21,true
DEVICE-003199,Feature Phone,PERSON-001205,Android,2023-04-21,2023-04-21,true
DEVICE-003200,Feature Phone,PERSON-001558,Android,2023-05-03,2023-05-03,true
DEVICE-003201,Tablet,PERSON-000540,Android,2023-05-03,2023-05-03,true
DEVICE-003202,Smartphone,PERSON-001474,iOS,2023-05-03,2023-05-03,true
DEVICE-003203,Smartphone,PERSON-000440,iOS,2023-05-03,2023-05-03,true
DEVICE-003204,Feature Phone,PERSON-000721,Android,2023-05-03,2023-05-03,true
DEVICE-003205,Tablet,PERSON-000267,iOS,2023-05-03,2023-05-03,true
DEVICE-003206,Smartphone,PERSON-002060,Android,2023-05-03,2023-05-03,true
DEVICE-003207,Feature Phone,PERSON-001757,Android,2023-05-03,2023-05-03,true
DEVICE-003208,Tablet,PERSON-000682,iOS,2023-11-12,2023-11-12,true
DEVICE-003209,Feature Phone,PERSON-000473,Android,2023-11-12,2023-11-12,true
DEVICE-003210,Feature Phone,PERSON-000473,Android,2023-11-12,2023-11-12,true
DEVICE-003211,Feature Phone,PERSON-000042,Android,2023-11-12,2023-11-12,true
DEVICE-003212,Smartphone,PERSON-000165,Android,2023-11-12,2023-11-12,true
DEVICE-003213,Feature Phone,PERSON-002068,iOS,2023-11-12,2023-11-12,true
DEVICE-003214,Feature Phone,PERSON-000032,Android,2023-11-12,2023-11-12,true
DEVICE-003215,Smartphone,PERSON-000032,Android,2023-11-12,2023-11-12,true
DEVICE-003216,Tablet,PERSON-000906,Android,2023-12-20,2023-12-20,true
DEVICE-003217,Smartphone,PERSON-002938,iOS,2023-12-20,2023-12-20,true
DEVICE-003218,Tablet,PERSON-000217,Android,2023-12-20,2023-12-20,true
DEVICE-003219,Tablet,PERSON-002223,Android,2023-12-20,2023-12-20,true
DEVICE-003220,Tablet,PERSON-000556,Android,2023-12-20,2023-12-20,true
DEVICE-003221,Tablet,PERSON-002964,iOS,2023-12-20,2023-12-20,true
DEVICE-003222,Smartphone,PERSON-002418,Android,2023-12-20,2023-12-20,true
DEVICE-003223,Feature Phone,PERSON-002418,iOS,2023-12-20,2023-12-20,true
DEVICE-003224,Smartphone,PERSON-000022,Android,2023-05-13,2023-05-13,true
DEVICE-003225,Feature Phone,PERSON-002309,Android,2023-05-13,2023-05-13,true
DEVICE-003226,Feature Phone,PERSON-001131,iOS,2023-05-13,2023-05-13,true
DEVICE-003227,Feature Phone,PERSON-001331,iOS,2023-05-13,2023-05-13,true
DEVICE-003228,Feature Phone,PERSON-001331,iOS,2023-05-13,2023-05-13,true
DEVICE-003229,Feature Phone,PERSON-001127,Android,2023-05-13,2023-05-13,true
DEVICE-003230,Tablet,PERSON-001552,iOS,2023-05-13,2023-05-13,true
DEVICE-003231,Smartphone,PERSON-002821,iOS,2023-03-29,2023-03-29,true
DEVICE-003232,Smartphone,PERSON-001474,iOS,2023-03-29,2023-03-29,true
DEVICE-003233,Feature Phone,PERSON-001262,iOS,2023-03-29,2023-03-29,true
DEVICE-003234,Tablet,PERSON-001610,iOS,2023-03-29,2023-03-29,true
DEVICE-003235,Feature Phone,PERSON-002618,iOS,2023-03-29,2023-03-29,true
DEVICE-003236,Tablet,PERSON-000440,iOS,2023-03-29,2023-03-29,true
DEVICE-003237,Feature Phone,PERSON-000920,Android,2023-10-26,2023-10-26,true
DEVICE-003238,Tablet,PERSON-000886,iOS,2023-10-26,2023-10-26,true
DEVICE-003239,Smartphone,PERSON-002821,iOS,2023-10-26,2023-10-26,true
DEVICE-003240,Smartphone,PERSON-000305,iOS,2023-10-26,2023-10-26,true
DEVICE-003241,Smartphone,PERSON-001558,iOS,2023-10-01,2023-10-01,true
DEVICE-003242,Tablet,PERSON-001558,Android,2023-10-01,2023-10-01,true
DEVICE-003243,Smartphone,PERSON-002821,Android,2023-10-01,2023-10-01,true
DEVICE-003244,Feature Phone,PERSON-001474,iOS,2023-10-01,2023-10-01,true
DEVICE-003245,Feature Phone,PERSON-001474,iOS,2023-10-01,2023-10-01,true
DEVICE-003246,Smartphone,PERSON-001115,iOS,2023-10-01,2023-10-01,true
DEVICE-003247,Feature Phone,PERSON-002965,iOS,2023-10-01,2023-10-01,true
DEVICE-003248,Tablet,PERSON-000267,Android,2023-10-01,2023-10-01,true
DEVICE-003249,Smartphone,PERSON-000792,iOS,2023-10-01,2023-10-01,true
DEVICE-003250,Smartphone,PERSON-000792,iOS,2023-10-01,2023-10-01,true
DEVICE-003251,Tablet,PERSON-002060,iOS,2023-10-01,2023-10-01,true
DEVICE-003252,Feature Phone,PERSON-002060,Android,2023-10-01,2023-10-01,true
DEVICE-003253,Tablet,PERSON-001757,iOS,2023-10-01,2023-10-01,true
DEVICE-003254,Tablet,PERSON-000081,Android,2023-02-05,2023-02-05,true
DEVICE-003255,Smartphone,PERSON-001259,iOS,2023-02-05,2023-02-05,true
DEVICE-003256,Smartphone,PERSON-000850,iOS,2023-02-05,2023-02-05,true
DEVICE-003257,Tablet,PERSON-001861,iOS,2023-02-05,2023-02-05,true
DEVICE-003258,Smartphone,PERSON-002574,Android,2023-02-05,2023-02-05,true
DEVICE-003259,Tablet,PERSON-000863,Android,2023-02-05,2023-02-05,true
DEVICE-003260,Smartphone,PERSON-000063,Android,2023-02-05,2023-02-05,true
DEVICE-003261,Smartphone,PERSON-002757,Android,2023-02-05,2023-02-05,true
DEVICE-003262,Feature Phone,PERSON-001589,iOS,2023-02-05,2023-02-05,true
DEVICE-003263,Feature Phone,PERSON-000575,iOS,2023-02-05,2023-02-05,true
DEVICE-003264,Smartphone,PERSON-001425,Android,2023-09-18,2023-09-18,true
DEVICE-003265,Smartphone,PERSON-002675,iOS,2023-09-18,2023-09-18,true
DEVICE-003266,Feature Phone,PERSON-000822,iOS,2023-09-18,2023-09-18,true
DEVICE-003267,Tablet,PERSON-002986,iOS,2023-09-18,2023-09-18,true
DEVICE-003268,Feature Phone,PERSON-002986,Android,2023-09-18,2023-09-18,true
DEVICE-003269,Smartphone,PERSON-002759,iOS,2023-09-18,2023-09-18,true
DEVICE-003270,Feature Phone,PERSON-001071,Android,2023-09-18,2023-09-18,true
DEVICE-003271,Feature Phone,PERSON-000613,Android,2023-09-18,2023-09-18,true
DEVICE-003272,Tablet,PERSON-002068,Android,2023-09-18,2023-09-18,true
DEVICE-003273,Smartphone,PERSON-001578,iOS,2023-09-18,2023-09-18,true
DEVICE-003274,Smartphone,PERSON-000916,iOS,2023-09-17,2023-09-17,true
DEVICE-003275,Feature Phone,PERSON-000783,Android,2023-09-17,2023-09-17,true
DEVICE-003276,Feature Phone,PERSON-001131,Android,2023-09-17,2023-09-17,true
DEVICE-003277,Tablet,PERSON-000130,Android,2023-09-17,2023-09-17,true
DEVICE-003278,Feature Phone,PERSON-000628,iOS,2023-09-17,2023-09-17,true
DEVICE-003279,Tablet,PERSON-001007,iOS,2023-09-17,2023-09-17,true
DEVICE-003280,Feature Phone,PERSON-001331,iOS,2023-09-17,2023-09-17,true
DEVICE-003281,Smartphone,PERSON-002728,Android,2023-09-17,2023-09-17,true
DEVICE-003282,Feature Phone,PERSON-002017,iOS,2023-09-17,2023-09-17,true
DEVICE-003283,Feature Phone,PERSON-002114,iOS,2023-09-17,2023-09-17,true
DEVICE-003284,Tablet,PERSON-001547,iOS,2023-09-17,2023-09-17,true
DEVICE-003285,Feature Phone,PERSON-001547,Android,2023-09-17,2023-09-17,true
DEVICE-003286,Feature Phone,PERSON-001667,iOS,2023-07-26,2023-07-26,true
DEVICE-003287,Smartphone,PERSON-001558,Android,2023-07-26,2023-07-26,true
DEVICE-003288,Smartphone,PERSON-001041,iOS,2023-07-26,2023-07-26,true
DEVICE-003289,Smartphone,PERSON-000393,iOS,2023-07-26,2023-07-26,true
DEVICE-003290,Tablet,PERSON-001670,iOS,2023-07-26,2023-07-26,true
DEVICE-003291,Feature Phone,PERSON-001670,Android,2023-07-26,2023-07-26,true
DEVICE-003292,Feature Phone,PERSON-001664,iOS,2023-03-01,2023-03-01,true
DEVICE-003293,Tablet,PERSON-001664,Android,2023-03-01,2023-03-01,true
DEVICE-003294,Feature Phone,PERSON-002998,Android,2023-03-01,2023-03-01,true
DEVICE-003295,Smartphone,PERSON-002835,Android,2023-03-01,2023-03-01,true
DEVICE-003296,Feature Phone,PERSON-000948,iOS,2023-03-01,2023-03-01,true
DEVICE-003297,Feature Phone,PERSON-000576,Android,2023-03-01,2023-03-01,true
DEVICE-003298,Tablet,PERSON-002757,Android,2023-03-01,2023-03-01,true
DEVICE-003299,Feature Phone,PERSON-002757,iOS,2023-03-01,2023-03-01,true
DEVICE-003300,Tablet,PERSON-002410,Android,2023-03-01,2023-03-01,true
DEVICE-003301,Smartphone,PERSON-000584,Android,2023-03-01,2023-03-01,true
DEVICE-003302,Tablet,PERSON-000230,iOS,2023-03-01,2023-03-01,true
DEVICE-003303,Tablet,PERSON-000230,Android,2023-03-01,2023-03-01,true
DEVICE-003304,Tablet,PERSON-002715,Android,2023-03-01,2023-03-01,true
DEVICE-003305,Feature Phone,PERSON-001558,Android,2023-04-02,2023-04-02,true
DEVICE-003306,Smartphone,PERSON-002821,iOS,2023-04-02,2023-04-02,true
DEVICE-003307,Tablet,PERSON-002900,iOS,2023-04-02,2023-04-02,true
DEVICE-003308,Tablet,PERSON-000180,iOS,2023-04-02,2023-04-02,true
DEVICE-003309,Tablet,PERSON-000216,iOS,2023-04-02,2023-04-02,true
DEVICE-003310,Feature Phone,PERSON-000216,Android,2023-04-02,2023-04-02,true
DEVICE-003311,Tablet,PERSON-000267,iOS,2023-04-02,2023-04-02,true
DEVICE-003312,Feature Phone,PERSON-000267,Android,2023-04-02,2023-04-02,true
DEVICE-003313,Smartphone,PERSON-002060,Android,2023-04-02,2023-04-02,true
DEVICE-003314,Tablet,PERSON-001334,iOS,2023-07-09,2023-07-09,true
DEVICE-003315,Smartphone,PERSON-000499,iOS,2023-07-09,2023-07-09,true
DEVICE-003316,Feature Phone,PERSON-000943,iOS,2023-07-09,2023-07-09,true
DEVICE-003317,Feature Phone,PERSON-001747,Android,2023-07-09,2023-07-09,true
DEVICE-003318,Tablet,PERSON-000374,iOS,2023-07-09,2023-07-09,true
DEVICE-003319,Smartphone,PERSON-001578,Android,2023-07-09,2023-07-09,true
DEVICE-003320,Smartphone,PERSON-002304,Android,2023-07-09,2023-07-09,true
DEVICE-003321,Smartphone,PERSON-001691,Android,2023-07-09,2023-07-09,true
DEVICE-003322,Feature Phone,PERSON-001847,Android,2023-07-09,2023-07-09,true
DEVICE-003323,Tablet,PERSON-001847,iOS,2023-07-09,2023-07-09,true
DEVICE-003324,Tablet,PERSON-001029,iOS,2023-07-09,2023-07-09,true
DEVICE-003325,Smartphone,PERSON-001029,iOS,2023-07-09,2023-07-09,true
DEVICE-003326,Tablet,PERSON-002020,iOS,2023-02-23,2023-02-23,true
DEVICE-003327,Tablet,PERSON-002279,Android,2023-02-23,2023-02-23,true
DEVICE-003328,Tablet,PERSON-002279,iOS,2023-02-23,2023-02-23,true
DEVICE-003329,Tablet,PERSON-000538,iOS,2023-02-23,2023-02-23,true
DEVICE-003330,Feature Phone,PERSON-001596,iOS,2023-02-23,2023-02-23,true
DEVICE-003331,Tablet,PERSON-000120,Android,2023-02-23,2023-02-23,true
DEVICE-003332,Tablet,PERSON-000921,iOS,2023-02-23,2023-02-23,true
DEVICE-003333,Smartphone,PERSON-001965,iOS,2023-02-23,2023-02-23,true
DEVICE-003334,Tablet,PERSON-002745,Android,2023-02-23,2023-02-23,true
DEVICE-003335,Smartphone,PERSON-001135,Android,2023-07-05,2023-07-05,true
DEVICE-003336,Smartphone,PERSON-000817,Android,2023-07-05,2023-07-05,true
DEVICE-003337,Tablet,PERSON-001507,Android,2023-07-05,2023-07-05,true
DEVICE-003338,Feature Phone,PERSON-002872,Android,2023-07-05,2023-07-05,true
DEVICE-003339,Smartphone,PERSON-000979,Android,2023-07-05,2023-07-05,true
DEVICE-003340,Smartphone,PERSON-000979,iOS,2023-07-05,2023-07-05,true
DEVICE-003341,Smartphone,PERSON-000647,Android,2023-07-05,2023-07-05,true
DEVICE-003342,Tablet,PERSON-001873,Android,2023-07-05,2023-07-05,true
DEVICE-003343,Feature Phone,PERSON-002457,iOS,2023-07-05,2023-07-05,true
DEVICE-003344,Feature Phone,PERSON-000374,iOS,2023-05-09,2023-05-09,true
DEVICE-003345,Feature Phone,PERSON-000374,iOS,2023-05-09,2023-05-09,true
DEVICE-003346,Smartphone,PERSON-001578,iOS,2023-05-09,2023-05-09,true
DEVICE-003347,Feature Phone,PERSON-000499,iOS,2023-05-09,2023-05-09,true
DEVICE-003348,Smartphone,PERSON-000499,Android,2023-05-09,2023-05-09,true
DEVICE-003349,Tablet,PERSON-002846,iOS,2023-05-09,2023-05-09,true
DEVICE-003350,Tablet,PERSON-000062,iOS,2023-01-19,2023-01-19,true
DEVICE-003351,Feature Phone,PERSON-001182,Android,2023-01-19,2023-01-19,true
DEVICE-003352,Tablet,PERSON-002660,Android,2023-01-19,2023-01-19,true
DEVICE-003353,Tablet,PERSON-001326,iOS,2023-01-19,2023-01-19,true
DEVICE-003354,Tablet,PERSON-002457,Android,2023-01-19,2023-01-19,true
DEVICE-003355,Tablet,PERSON-001367,iOS,2023-01-19,2023-01-19,true
DEVICE-003356,Feature Phone,PERSON-001894,Android,2023-01-19,2023-01-19,true
DEVICE-003357,Feature Phone,PERSON-000146,iOS,2023-07-22,2023-07-22,true
DEVICE-003358,Tablet,PERSON-001210,iOS,2023-07-22,2023-07-22,true
DEVICE-003359,Tablet,PERSON-001210,iOS,2023-07-22,2023-07-22,true
DEVICE-003360,Smartphone,PERSON-001667,Android,2023-07-22,2023-07-22,true
DEVICE-003361,Smartphone,PERSON-001667,Android,2023-07-22,2023-07-22,true
DEVICE-003362,Smartphone,PERSON-001558,Android,2023-07-22,2023-07-22,true
DEVICE-003363,Tablet,PERSON-000351,Android,2023-07-22,2023-07-22,true
DEVICE-003364,Tablet,PERSON-001041,Android,2023-07-22,2023-07-22,true
DEVICE-003365,Tablet,PERSON-001041,Android,2023-07-22,2023-07-22,true
DEVICE-003366,Tablet,PERSON-001589,iOS,2023-07-22,2023-07-22,true
DEVICE-003367,Tablet,PERSON-001589,Android,2023-07-22,2023-07-22,true
DEVICE-003368,Tablet,PERSON-001670,iOS,2023-07-22,2023-07-22,true
DEVICE-003369,Feature Phone,PERSON-000862,Android,2023-04-14,2023-04-14,true
DEVICE-003370,Smartphone,PERSON-001431,iOS,2023-04-14,2023-04-14,true
DEVICE-003371,Smartphone,PERSON-001701,iOS,2023-04-14,2023-04-14,true
DEVICE-003372,Feature Phone,PERSON-002646,iOS,2023-04-14,2023-04-14,true
DEVICE-003373,Tablet,PERSON-002965,iOS,2023-04-14,2023-04-14,true
DEVICE-003374,Feature Phone,PERSON-000838,Android,2023-04-14,2023-04-14,true
DEVICE-003375,Tablet,PERSON-002417,iOS,2023-09-24,2023-09-24,true
DEVICE-003376,Smartphone,PERSON-002094,Android,2023-09-24,2023-09-24,true
DEVICE-003377,Tablet,PERSON-001687,iOS,2023-09-24,2023-09-24,true
DEVICE-003378,Tablet,PERSON-001758,iOS,2023-09-24,2023-09-24,true
DEVICE-003379,Smartphone,PERSON-002105,iOS,2023-09-24,2023-09-24,true
DEVICE-003380,Tablet,PERSON-000111,iOS,2023-09-24,2023-09-24,true
DEVICE-003381,Smartphone,PERSON-000111,Android,2023-09-24,2023-09-24,true
DEVICE-003382,Feature Phone,PERSON-000103,iOS,2023-09-24,2023-09-24,true
DEVICE-003383,Smartphone,PERSON-000538,Android,2023-07-03,2023-07-03,true
DEVICE-003384,Feature Phone,PERSON-002873,iOS,2023-07-03,2023-07-03,true
DEVICE-003385,Tablet,PERSON-002873,iOS,2023-07-03,2023-07-03,true
DEVICE-003386,Tablet,PERSON-000120,iOS,2023-07-03,2023-07-03,true
DEVICE-003387,Tablet,PERSON-001540,iOS,2023-07-03,2023-07-03,true
DEVICE-003388,Tablet,PERSON-000863,Android,2023-07-03,2023-07-03,true
DEVICE-003389,Smartphone,PERSON-001543,iOS,2023-07-03,2023-07-03,true
DEVICE-003390,Feature Phone,PERSON-000479,iOS,2023-02-10,2023-02-10,true
DEVICE-003391,Smartphone,PERSON-000479,iOS,2023-02-10,2023-02-10,true
DEVICE-003392,Smartphone,PERSON-001013,iOS,2023-02-10,2023-02-10,true
DEVICE-003393,Feature Phone,PERSON-002449,Android,2023-02-10,2023-02-10,true
DEVICE-003394,Feature Phone,PERSON-000846,iOS,2023-02-10,2023-02-10,true
DEVICE-003395,Smartphone,PERSON-000846,Android,2023-02-10,2023-02-10,true
DEVICE-003396,Tablet,PERSON-001619,iOS,2023-02-10,2023-02-10,true
DEVICE-003397,Feature Phone,PERSON-002646,Android,2023-02-10,2023-02-10,true
DEVICE-003398,Feature Phone,PERSON-002009,iOS,2023-02-10,2023-02-10,true
DEVICE-003399,Feature Phone,PERSON-001387,iOS,2023-02-10,2023-02-10,true
DEVICE-003400,Smartphone,PERSON-001152,iOS,2023-02-10,2023-02-10,true
DEVICE-003401,Smartphone,PERSON-000838,iOS,2023-02-10,2023-02-10,true
DEVICE-003402,Tablet,PERSON-000838,Android,2023-02-10,2023-02-10,true
DEVICE-003403,Smartphone,PERSON-001212,Android,2023-09-25,2023-09-25,true
DEVICE-003404,Tablet,PERSON-000492,iOS,2023-09-25,2023-09-25,true
DEVICE-003405,Smartphone,PERSON-000492,iOS,2023-09-25,2023-09-25,true
DEVICE-003406,Smartphone,PERSON-001615,iOS,2023-09-25,2023-09-25,true
DEVICE-003407,Tablet,PERSON-001615,iOS,2023-09-25,2023-09-25,true
DEVICE-003408,Feature Phone,PERSON-000342,Android,2023-09-25,2023-09-25,true
DEVICE-003409,Feature Phone,PERSON-000342,iOS,2023-09-25,2023-09-25,true
DEVICE-003410,Feature Phone,PERSON-000886,iOS,2023-09-25,2023-09-25,true
DEVICE-003411,Feature Phone,PERSON-000920,Android,2023-09-25,2023-09-25,true
DEVICE-003412,Feature Phone,PERSON-000302,Android,2023-09-25,2023-09-25,true
DEVICE-003413,Smartphone,PERSON-002122,Android,2023-09-25,2023-09-25,true
DEVICE-003414,Smartphone,PERSON-000489,Android,2023-09-25,2023-09-25,true
DEVICE-003415,Tablet,PERSON-000305,iOS,2023-09-25,2023-09-25,true
DEVICE-003416,Tablet,PERSON-001830,Android,2023-09-25,2023-09-25,true
DEVICE-003417,Smartphone,PERSON-002377,Android,2023-03-28,2023-03-28,true
DEVICE-003418,Tablet,PERSON-002829,Android,2023-03-28,2023-03-28,true
DEVICE-003419,Tablet,PERSON-000135,Android,2023-03-28,2023-03-28,true
DEVICE-003420,Smartphone,PERSON-002704,Android,2023-03-28,2023-03-28,true
DEVICE-003421,Tablet,PERSON-000812,iOS,2023-03-28,2023-03-28,true
DEVICE-003422,Smartphone,PERSON-000901,iOS,2023-03-28,2023-03-28,true
DEVICE-003423,Smartphone,PERSON-000647,Android,2023-03-28,2023-03-28,true
DEVICE-003424,Tablet,PERSON-000895,iOS,2023-03-28,2023-03-28,true
DEVICE-003425,Smartphone,PERSON-001258,Android,2023-03-28,2023-03-28,true
DEVICE-003426,Smartphone,PERSON-000599,iOS,2023-03-28,2023-03-28,true
DEVICE-003427,Tablet,PERSON-002020,iOS,2023-09-23,2023-09-23,true
DEVICE-003428,Tablet,PERSON-002020,iOS,2023-09-23,2023-09-23,true
DEVICE-003429,Feature Phone,PERSON-000538,Android,2023-09-23,2023-09-23,true
DEVICE-003430,Feature Phone,PERSON-002980,iOS,2023-09-23,2023-09-23,true
DEVICE-003431,Feature Phone,PERSON-001544,iOS,2023-09-23,2023-09-23,true
DEVICE-003432,Tablet,PERSON-002873,iOS,2023-09-23,2023-09-23,true
DEVICE-003433,Feature Phone,PERSON-001965,Android,2023-09-23,2023-09-23,true
DEVICE-003434,Smartphone,PERSON-001543,iOS,2023-09-23,2023-09-23,true
DEVICE-003435,Smartphone,PERSON-001543,Android,2023-09-23,2023-09-23,true
DEVICE-003436,Tablet,PERSON-000488,Android,2023-09-23,2023-09-23,true
DEVICE-003437,Smartphone,PERSON-001210,iOS,2023-08-22,2023-08-22,true
DEVICE-003438,Tablet,PERSON-000146,iOS,2023-08-22,2023-08-22,true
DEVICE-003439,Tablet,PERSON-000146,Android,2023-08-22,2023-08-22,true
DEVICE-003440,Smartphone,PERSON-001558,iOS,2023-08-22,2023-08-22,true
DEVICE-003441,Feature Phone,PERSON-000769,Android,2023-08-22,2023-08-22,true
DEVICE-003442,Smartphone,PERSON-000769,Android,2023-08-22,2023-08-22,true
DEVICE-003443,Feature Phone,PERSON-001589,Android,2023-08-22,2023-08-22,true
DEVICE-003444,Tablet,PERSON-001670,iOS,2023-08-22,2023-08-22,true
DEVICE-003445,Smartphone,PERSON-001670,Android,2023-08-22,2023-08-22,true
DEVICE-003446,Tablet,PERSON-001544,iOS,2023-09-26,2023-09-26,true
DEVICE-003447,Feature Phone,PERSON-000921,Android,2023-09-26,2023-09-26,true
DEVICE-003448,Feature Phone,PERSON-001965,iOS,2023-09-26,2023-09-26,true
DEVICE-003449,Smartphone,PERSON-001965,Android,2023-09-26,2023-09-26,true
DEVICE-003450,Smartphone,PERSON-000083,Android,2023-09-26,2023-09-26,true
DEVICE-003451,Tablet,PERSON-000083,Android,2023-09-26,2023-09-26,true
DEVICE-003452,Tablet,PERSON-002122,iOS,2023-09-26,2023-09-26,true
DEVICE-003453,Feature Phone,PERSON-000357,Android,2023-09-26,2023-09-26,true
DEVICE-003454,Smartphone,PERSON-000135,iOS,2023-10-03,2023-10-03,true
DEVICE-003455,Smartphone,PERSON-000135,Android,2023-10-03,2023-10-03,true
DEVICE-003456,Smartphone,PERSON-002453,Android,2023-10-03,2023-10-03,true
DEVICE-003457,Tablet,PERSON-002453,iOS,2023-10-03,2023-10-03,true
DEVICE-003458,Feature Phone,PERSON-002639,Android,2023-10-03,2023-10-03,true
DEVICE-003459,Smartphone,PERSON-001309,iOS,2023-10-03,2023-10-03,true
DEVICE-003460,Smartphone,PERSON-001309,iOS,2023-10-03,2023-10-03,true
DEVICE-003461,Feature Phone,PERSON-000274,iOS,2023-10-03,2023-10-03,true
DEVICE-003462,Smartphone,PERSON-001876,iOS,2023-10-03,2023-10-03,true
DEVICE-003463,Tablet,PERSON-002368,iOS,2023-10-03,2023-10-03,true
DEVICE-003464,Feature Phone,PERSON-000232,iOS,2023-10-03,2023-10-03,true
DEVICE-003465,Feature Phone,PERSON-002450,iOS,2023-02-09,2023-02-09,true
DEVICE-003466,Smartphone,PERSON-000092,iOS,2023-02-09,2023-02-09,true
DEVICE-003467,Tablet,PERSON-000062,Android,2023-02-09,2023-02-09,true
DEVICE-003468,Feature Phone,PERSON-001507,iOS,2023-02-09,2023-02-09,true
DEVICE-003469,Tablet,PERSON-002576,Android,2023-02-09,2023-02-09,true
DEVICE-003470,Smartphone,PERSON-002872,Android,2023-02-09,2023-02-09,true
DEVICE-003471,Smartphone,PERSON-002660,iOS,2023-02-09,2023-02-09,true
DEVICE-003472,Feature Phone,PERSON-001873,Android,2023-02-09,2023-02-09,true
DEVICE-003473,Smartphone,PERSON-001873,Android,2023-02-09,2023-02-09,true
DEVICE-003474,Smartphone,PERSON-002457,Android,2023-02-09,2023-02-09,true
DEVICE-003475,Feature Phone,PERSON-001367,Android,2023-02-09,2023-02-09,true
DEVICE-003476,Smartphone,PERSON-001581,iOS,2023-02-09,2023-02-09,true
DEVICE-003477,Tablet,PERSON-001337,iOS,2023-02-09,2023-02-09,true
DEVICE-003478,Feature Phone,PERSON-000604,Android,2023-05-06,2023-05-06,true
DEVICE-003479,Smartphone,PERSON-000470,iOS,2023-05-06,2023-05-06,true
DEVICE-003480,Smartphone,PERSON-000901,iOS,2023-05-06,2023-05-06,true
DEVICE-003481,Feature Phone,PERSON-000622,Android,2023-05-06,2023-05-06,true
DEVICE-003482,Smartphone,PERSON-000057,Android,2023-05-06,2023-05-06,true
DEVICE-003483,Feature Phone,PERSON-001258,iOS,2023-05-06,2023-05-06,true
DEVICE-003484,Feature Phone,PERSON-000634,iOS,2023-05-06,2023-05-06,true
DEVICE-003485,Tablet,PERSON-001519,iOS,2023-05-06,2023-05-06,true
DEVICE-003486,Tablet,PERSON-001519,Android,2023-05-06,2023-05-06,true
DEVICE-003487,Feature Phone,PERSON-001861,Android,2023-02-18,2023-02-18,true
DEVICE-003488,Feature Phone,PERSON-000081,Android,2023-02-18,2023-02-18,true
DEVICE-003489,Feature Phone,PERSON-001017,iOS,2023-02-18,2023-02-18,true
DEVICE-003490,Smartphone,PERSON-002020,Android,2023-02-28,2023-02-28,true
DEVICE-003491,Tablet,PERSON-001994,Android,2023-02-28,2023-02-28,true
DEVICE-003492,Tablet,PERSON-001898,Android,2023-02-28,2023-02-28,true
DEVICE-003493,Feature Phone,PERSON-001898,iOS,2023-02-28,2023-02-28,true
DEVICE-003494,Tablet,PERSON-000488,Android,2023-02-28,2023-02-28,true
DEVICE-003495,Smartphone,PERSON-001205,iOS,2023-02-28,2023-02-28,true
DEVICE-003496,Feature Phone,PERSON-000245,iOS,2023-06-12,2023-06-12,true
DEVICE-003497,Feature Phone,PERSON-001780,iOS,2023-06-12,2023-06-12,true
DEVICE-003498,Tablet,PERSON-002397,Android,2023-06-12,2023-06-12,true
DEVICE-003499,Feature Phone,PERSON-001659,iOS,2023-06-12,2023-06-12,true
DEVICE-003500,Feature Phone,PERSON-001747,Android,2023-06-12,2023-06-12,true
DEVICE-003501,Tablet,PERSON-002393,iOS,2023-06-12,2023-06-12,true
DEVICE-003502,Feature Phone,PERSON-001029,Android,2023-06-12,2023-06-12,true
DEVICE-003503,Tablet,PERSON-001544,iOS,2023-06-16,2023-06-16,true
DEVICE-003504,Tablet,PERSON-002873,Android,2023-06-16,2023-06-16,true
DEVICE-003505,Smartphone,PERSON-001898,iOS,2023-06-16,2023-06-16,true
DEVICE-003506,Feature Phone,PERSON-000921,Android,2023-06-16,2023-06-16,true
DEVICE-003507,Smartphone,PERSON-000621,iOS,2023-06-16,2023-06-16,true
DEVICE-003508,Tablet,PERSON-000083,Android,2023-06-16,2023-06-16,true
DEVICE-003509,Tablet,PERSON-002999,iOS,2023-06-16,2023-06-16,true
DEVICE-003510,Feature Phone,PERSON-002999,iOS,2023-06-16,2023-06-16,true
DEVICE-003511,Smartphone,PERSON-001425,iOS,2023-08-31,2023-08-31,true
DEVICE-003512,Smartphone,PERSON-002986,iOS,2023-08-31,2023-08-31,true
DEVICE-003513,Tablet,PERSON-001071,iOS,2023-08-31,2023-08-31,true
DEVICE-003514,Tablet,PERSON-001071,Android,2023-08-31,2023-08-31,true
DEVICE-003515,Tablet,PERSON-000613,iOS,2023-08-31,2023-08-31,true
DEVICE-003516,Feature Phone,PERSON-002068,iOS,2023-08-31,2023-08-31,true
DEVICE-003517,Feature Phone,PERSON-001141,iOS,2023-08-31,2023-08-31,true
DEVICE-003518,Tablet,PERSON-002675,iOS,2023-09-25,2023-09-25,true
DEVICE-003519,Smartphone,PERSON-002675,Android,2023-09-25,2023-09-25,true
DEVICE-003520,Smartphone,PERSON-000060,Android,2023-09-25,2023-09-25,true
DEVICE-003521,Tablet,PERSON-000060,iOS,2023-09-25,2023-09-25,true
DEVICE-003522,Smartphone,PERSON-000948,iOS,2023-09-25,2023-09-25,true
DEVICE-003523,Tablet,PERSON-001315,iOS,2023-09-25,2023-09-25,true
DEVICE-003524,Smartphone,PERSON-000904,Android,2023-09-25,2023-09-25,true
DEVICE-003525,Tablet,PERSON-000106,iOS,2023-09-25,2023-09-25,true
DEVICE-003526,Feature Phone,PERSON-000697,Android,2023-09-25,2023-09-25,true
DEVICE-003527,Smartphone,PERSON-000697,Android,2023-09-25,2023-09-25,true
DEVICE-003528,Tablet,PERSON-000230,Android,2023-09-25,2023-09-25,true
DEVICE-003529,Feature Phone,PERSON-000230,Android,2023-09-25,2023-09-25,true
DEVICE-003530,Smartphone,PERSON-000584,iOS,2023-09-25,2023-09-25,true
DEVICE-003531,Smartphone,PERSON-002160,iOS,2023-01-18,2023-01-18,true
DEVICE-003532,Tablet,PERSON-002821,Android,2023-01-18,2023-01-18,true
DEVICE-003533,Tablet,PERSON-002821,Android,2023-01-18,2023-01-18,true
DEVICE-003534,Smartphone,PERSON-001115,iOS,2023-01-18,2023-01-18,true
DEVICE-003535,Feature Phone,PERSON-001115,iOS,2023-01-18,2023-01-18,true
DEVICE-003536,Feature Phone,PERSON-000792,iOS,2023-01-18,2023-01-18,true
DEVICE-003537,Feature Phone,PERSON-002900,Android,2023-01-18,2023-01-18,true
DEVICE-003538,Tablet,PERSON-002618,iOS,2023-01-18,2023-01-18,true
DEVICE-003539,Feature Phone,PERSON-002618,Android,2023-01-18,2023-01-18,true
DEVICE-003540,Feature Phone,PERSON-000440,Android,2023-01-18,2023-01-18,true
DEVICE-003541,Tablet,PERSON-000783,iOS,2023-07-03,2023-07-03,true
DEVICE-003542,Feature Phone,PERSON-000238,iOS,2023-07-03,2023-07-03,true
DEVICE-003543,Tablet,PERSON-002343,iOS,2023-07-03,2023-07-03,true
DEVICE-003544,Feature Phone,PERSON-000628,Android,2023-07-03,2023-07-03,true
DEVICE-003545,Feature Phone,PERSON-001521,iOS,2023-07-03,2023-07-03,true
DEVICE-003546,Tablet,PERSON-001331,iOS,2023-07-03,2023-07-03,true
DEVICE-003547,Smartphone,PERSON-002728,Android,2023-07-03,2023-07-03,true
DEVICE-003548,Tablet,PERSON-002728,iOS,2023-07-03,2023-07-03,true
DEVICE-003549,Tablet,PERSON-002703,iOS,2023-07-03,2023-07-03,true
DEVICE-003550,Feature Phone,PERSON-000524,iOS,2023-07-03,2023-07-03,true
DEVICE-003551,Tablet,PERSON-001547,Android,2023-07-03,2023-07-03,true
DEVICE-003552,Feature Phone,PERSON-001558,Android,2023-07-10,2023-07-10,true
DEVICE-003553,Smartphone,PERSON-001558,iOS,2023-07-10,2023-07-10,true
DEVICE-003554,Feature Phone,PERSON-000540,Android,2023-07-10,2023-07-10,true
DEVICE-003555,Smartphone,PERSON-001474,iOS,2023-07-10,2023-07-10,true
DEVICE-003556,Smartphone,PERSON-001262,Android,2023-07-10,2023-07-10,true
DEVICE-003557,Smartphone,PERSON-001610,iOS,2023-07-10,2023-07-10,true
DEVICE-003558,Smartphone,PERSON-000792,Android,2023-07-10,2023-07-10,true
DEVICE-003559,Smartphone,PERSON-002060,iOS,2023-07-10,2023-07-10,true
DEVICE-003560,Tablet,PERSON-002060,iOS,2023-07-10,2023-07-10,true
DEVICE-003561,Tablet,PERSON-000682,Android,2023-01-11,2023-01-11,true
DEVICE-003562,Smartphone,PERSON-000682,iOS,2023-01-11,2023-01-11,true
DEVICE-003563,Tablet,PERSON-002737,Android,2023-01-11,2023-01-11,true
DEVICE-003564,Feature Phone,PERSON-001481,Android,2023-01-11,2023-01-11,true
DEVICE-003565,Smartphone,PERSON-002068,Android,2023-01-11,2023-01-11,true
DEVICE-003566,Tablet,PERSON-002068,Android,2023-01-11,2023-01-11,true
DEVICE-003567,Smartphone,PERSON-002715,Android,2023-01-11,2023-01-11,true
DEVICE-003568,Feature Phone,PERSON-000032,Android,2023-01-11,2023-01-11,true
DEVICE-003569,Tablet,PERSON-000081,Android,2023-09-25,2023-09-25,true
DEVICE-003570,Tablet,PERSON-001259,Android,2023-09-25,2023-09-25,true
DEVICE-003571,Feature Phone,PERSON-001259,Android,2023-09-25,2023-09-25,true
DEVICE-003572,Tablet,PERSON-000850,Android,2023-09-25,2023-09-25,true
DEVICE-003573,Tablet,PERSON-000850,iOS,2023-09-25,2023-09-25,true
DEVICE-003574,Smartphone,PERSON-002574,Android,2023-09-25,2023-09-25,true
DEVICE-003575,Smartphone,PERSON-000063,Android,2023-09-25,2023-09-25,true
DEVICE-003576,Smartphone,PERSON-002757,iOS,2023-09-25,2023-09-25,true
DEVICE-003577,Smartphone,PERSON-002757,iOS,2023-09-25,2023-09-25,true
DEVICE-003578,Tablet,PERSON-001589,iOS,2023-09-25,2023-09-25,true
DEVICE-003579,Tablet,PERSON-001589,iOS,2023-09-25,2023-09-25,true
DEVICE-003580,Feature Phone,PERSON-002660,Android,2023-09-25,2023-09-25,true
DEVICE-003581,Tablet,PERSON-002660,iOS,2023-09-25,2023-09-25,true
DEVICE-003582,Tablet,PERSON-002428,iOS,2023-10-17,2023-10-17,true
DEVICE-003583,Feature Phone,PERSON-002279,iOS,2023-10-17,2023-10-17,true
DEVICE-003584,Feature Phone,PERSON-002279,Android,2023-10-17,2023-10-17,true
DEVICE-003585,Tablet,PERSON-001544,iOS,2023-10-17,2023-10-17,true
DEVICE-003586,Tablet,PERSON-002873,Android,2023-10-17,2023-10-17,true
DEVICE-003587,Tablet,PERSON-000120,Android,2023-10-17,2023-10-17,true
DEVICE-003588,Feature Phone,PERSON-000921,iOS,2023-10-17,2023-10-17,true
DEVICE-003589,Feature Phone,PERSON-000863,Android,2023-10-17,2023-10-17,true
DEVICE-003590,Feature Phone,PERSON-001992,Android,2023-10-17,2023-10-17,true
DEVICE-003591,Tablet,PERSON-001543,Android,2023-10-17,2023-10-17,true
DEVICE-003592,Feature Phone,PERSON-002999,Android,2023-10-17,2023-10-17,true
DEVICE-003593,Smartphone,PERSON-000765,iOS,2023-10-17,2023-10-17,true
DEVICE-003594,Feature Phone,PERSON-000765,iOS,2023-10-17,2023-10-17,true
DEVICE-003595,Feature Phone,PERSON-001205,iOS,2023-10-17,2023-10-17,true
DEVICE-003596,Tablet,PERSON-001205,Android,2023-10-17,2023-10-17,true
DEVICE-003597,Tablet,PERSON-001431,iOS,2023-01-23,2023-01-23,true
DEVICE-003598,Feature Phone,PERSON-000295,Android,2023-01-23,2023-01-23,true
DEVICE-003599,Smartphone,PERSON-002739,Android,2023-01-23,2023-01-23,true
DEVICE-003600,Tablet,PERSON-001066,Android,2023-01-23,2023-01-23,true
DEVICE-003601,Smartphone,PERSON-002449,Android,2023-01-23,2023-01-23,true
DEVICE-003602,Smartphone,PERSON-000846,Android,2023-01-23,2023-01-23,true
DEVICE-003603,Feature Phone,PERSON-001803,iOS,2023-01-23,2023-01-23,true
DEVICE-003604,Smartphone,PERSON-001803,iOS,2023-01-23,2023-01-23,true
DEVICE-003605,Smartphone,PERSON-000484,iOS,2023-01-23,2023-01-23,true
DEVICE-003606,Smartphone,PERSON-000703,iOS,2023-01-23,2023-01-23,true
DEVICE-003607,Feature Phone,PERSON-000703,Android,2023-01-23,2023-01-23,true
DEVICE-003608,Smartphone,PERSON-002418,iOS,2023-01-23,2023-01-23,true
DEVICE-003609,Tablet,PERSON-002418,iOS,2023-01-23,2023-01-23,true
DEVICE-003610,Smartphone,PERSON-000916,Android,2023-12-04,2023-12-04,true
DEVICE-003611,Tablet,PERSON-000238,iOS,2023-12-04,2023-12-04,true
DEVICE-003612,Tablet,PERSON-000238,Android,2023-12-04,2023-12-04,true
DEVICE-003613,Feature Phone,PERSON-000130,iOS,2023-12-04,2023-12-04,true
DEVICE-003614,Feature Phone,PERSON-000628,iOS,2023-12-04,2023-12-04,true
DEVICE-003615,Tablet,PERSON-000950,iOS,2023-12-04,2023-12-04,true
DEVICE-003616,Tablet,PERSON-000950,Android,2023-12-04,2023-12-04,true
DEVICE-003617,Tablet,PERSON-001043,Android,2023-12-04,2023-12-04,true
DEVICE-003618,Feature Phone,PERSON-002703,Android,2023-12-04,2023-12-04,true
DEVICE-003619,Tablet,PERSON-000357,iOS,2023-12-04,2023-12-04,true
DEVICE-003620,Smartphone,PERSON-001547,Android,2023-12-04,2023-12-04,true
DEVICE-003621,Tablet,PERSON-000667,Android,2023-05-02,2023-05-02,true
DEVICE-003622,Tablet,PERSON-001615,Android,2023-05-02,2023-05-02,true
DEVICE-003623,Smartphone,PERSON-001059,iOS,2023-05-02,2023-05-02,true
DEVICE-003624,Feature Phone,PERSON-001059,Android,2023-05-02,2023-05-02,true
DEVICE-003625,Tablet,PERSON-000920,Android,2023-05-02,2023-05-02,true
DEVICE-003626,Feature Phone,PERSON-000302,iOS,2023-05-02,2023-05-02,true
DEVICE-003627,Tablet,PERSON-002122,iOS,2023-05-02,2023-05-02,true
DEVICE-003628,Tablet,PERSON-002122,iOS,2023-05-02,2023-05-02,true
DEVICE-003629,Smartphone,PERSON-000489,Android,2023-05-02,2023-05-02,true
DEVICE-003630,Smartphone,PERSON-000489,Android,2023-05-02,2023-05-02,true
DEVICE-003631,Feature Phone,PERSON-002082,Android,2023-05-02,2023-05-02,true
DEVICE-003632,Tablet,PERSON-000305,Android,2023-05-02,2023-05-02,true
DEVICE-003633,Smartphone,PERSON-001774,iOS,2023-07-21,2023-07-21,true
DEVICE-003634,Smartphone,PERSON-002737,Android,2023-07-21,2023-07-21,true
DEVICE-003635,Feature Phone,PERSON-000366,iOS,2023-07-21,2023-07-21,true
DEVICE-003636,Tablet,PERSON-000414,iOS,2023-07-21,2023-07-21,true
DEVICE-003637,Tablet,PERSON-002417,Android,2023-07-21,2023-07-21,true
DEVICE-003638,Smartphone,PERSON-001758,iOS,2023-07-21,2023-07-21,true
DEVICE-003639,Smartphone,PERSON-000207,iOS,2023-07-21,2023-07-21,true
DEVICE-003640,Tablet,PERSON-002105,iOS,2023-07-21,2023-07-21,true
DEVICE-003641,Smartphone,PERSON-002105,Android,2023-07-21,2023-07-21,true
DEVICE-003642,Tablet,PERSON-000103,iOS,2023-07-21,2023-07-21,true
DEVICE-003643,Feature Phone,PERSON-001869,iOS,2023-07-21,2023-07-21,true
DEVICE-003644,Smartphone,PERSON-001519,iOS,2023-07-21,2023-07-21,true
DEVICE-003645,Smartphone,PERSON-000092,iOS,2023-01-29,2023-01-29,true
DEVICE-003646,Tablet,PERSON-001059,iOS,2023-01-29,2023-01-29,true
DEVICE-003647,Feature Phone,PERSON-000920,Android,2023-01-29,2023-01-29,true
DEVICE-003648,Smartphone,PERSON-002082,Android,2023-01-29,2023-01-29,true
DEVICE-003649,Feature Phone,PERSON-000305,iOS,2023-01-29,2023-01-29,true
DEVICE-003650,Tablet,PERSON-001830,iOS,2023-01-29,2023-01-29,true
DEVICE-003651,Feature Phone,PERSON-002517,Android,2023-01-19,2023-01-19,true
DEVICE-003652,Feature Phone,PERSON-002930,Android,2023-01-19,2023-01-19,true
DEVICE-003653,Feature Phone,PERSON-000863,iOS,2023-01-19,2023-01-19,true
DEVICE-003654,Tablet,PERSON-001543,Android,2023-01-19,2023-01-19,true
DEVICE-003655,Smartphone,PERSON-002745,iOS,2023-01-19,2023-01-19,true
DEVICE-003656,Feature Phone,PERSON-000765,iOS,2023-01-19,2023-01-19,true
DEVICE-003657,Smartphone,PERSON-000357,Android,2023-01-19,2023-01-19,true
DEVICE-003658,Smartphone,PERSON-000540,iOS,2023-12-10,2023-12-10,true
DEVICE-003659,Smartphone,PERSON-001474,iOS,2023-12-10,2023-12-10,true
DEVICE-003660,Feature Phone,PERSON-001093,Android,2023-12-10,2023-12-10,true
DEVICE-003661,Feature Phone,PERSON-001093,iOS,2023-12-10,2023-12-10,true
DEVICE-003662,Feature Phone,PERSON-001262,iOS,2023-12-10,2023-12-10,true
DEVICE-003663,Feature Phone,PERSON-001262,iOS,2023-12-10,2023-12-10,true
DEVICE-003664,Smartphone,PERSON-000180,iOS,2023-12-10,2023-12-10,true
DEVICE-003665,Tablet,PERSON-000792,Android,2023-12-10,2023-12-10,true
DEVICE-003666,Smartphone,PERSON-001757,Android,2023-12-10,2023-12-10,true
DEVICE-003667,Tablet,PERSON-001757,Android,2023-12-10,2023-12-10,true
DEVICE-003668,Feature Phone,PERSON-002821,iOS,2023-09-02,2023-09-02,true
DEVICE-003669,Smartphone,PERSON-000540,Android,2023-09-02,2023-09-02,true
DEVICE-003670,Feature Phone,PERSON-002900,iOS,2023-09-02,2023-09-02,true
DEVICE-003671,Smartphone,PERSON-002060,Android,2023-09-02,2023-09-02,true
DEVICE-003672,Smartphone,PERSON-002060,iOS,2023-09-02,2023-09-02,true
DEVICE-003673,Tablet,PERSON-000440,iOS,2023-09-02,2023-09-02,true
DEVICE-003674,Smartphone,PERSON-000524,Android,2023-09-24,2023-09-24,true
DEVICE-003675,Tablet,PERSON-001066,iOS,2023-09-24,2023-09-24,true
DEVICE-003676,Smartphone,PERSON-002106,Android,2023-09-24,2023-09-24,true
DEVICE-003677,Feature Phone,PERSON-001803,Android,2023-09-24,2023-09-24,true
DEVICE-003678,Smartphone,PERSON-000823,Android,2023-09-24,2023-09-24,true
DEVICE-003679,Smartphone,PERSON-000703,iOS,2023-09-24,2023-09-24,true
DEVICE-003680,Tablet,PERSON-001152,Android,2023-09-24,2023-09-24,true
DEVICE-003681,Feature Phone,PERSON-002159,Android,2023-02-16,2023-02-16,true
DEVICE-003682,Smartphone,PERSON-000906,Android,2023-02-16,2023-02-16,true
DEVICE-003683,Tablet,PERSON-000906,Android,2023-02-16,2023-02-16,true
DEVICE-003684,Tablet,PERSON-002758,iOS,2023-02-16,2023-02-16,true
DEVICE-003685,Smartphone,PERSON-002758,Android,2023-02-16,2023-02-16,true
DEVICE-003686,Feature Phone,PERSON-000566,Android,2023-02-16,2023-02-16,true
DEVICE-003687,Smartphone,PERSON-000566,Android,2023-02-16,2023-02-16,true
DEVICE-003688,Smartphone,PERSON-000991,iOS,2023-02-16,2023-02-16,true
DEVICE-003689,Smartphone,PERSON-002847,Android,2023-02-16,2023-02-16,true
DEVICE-003690,Feature Phone,PERSON-001667,iOS,2023-01-19,2023-01-19,true
DEVICE-003691,Feature Phone,PERSON-001667,iOS,2023-01-19,2023-01-19,true
DEVICE-003692,Tablet,PERSON-001558,Android,2023-01-19,2023-01-19,true
DEVICE-003693,Feature Phone,PERSON-001041,Android,2023-01-19,2023-01-19,true
DEVICE-003694,Tablet,PERSON-001670,Android,2023-01-19,2023-01-19,true
DEVICE-003695,Tablet,PERSON-001824,Android,2023-01-19,2023-01-19,true
DEVICE-003696,Feature Phone,PERSON-002428,iOS,2023-02-27,2023-02-27,true
DEVICE-003697,Feature Phone,PERSON-001180,Android,2023-02-27,2023-02-27,true
DEVICE-003698,Feature Phone,PERSON-002845,Android,2023-02-27,2023-02-27,true
DEVICE-003699,Smartphone,PERSON-001478,Android,2023-02-27,2023-02-27,true
DEVICE-003700,Smartphone,PERSON-002256,Android,2023-02-27,2023-02-27,true
DEVICE-003701,Tablet,PERSON-000734,iOS,2023-02-27,2023-02-27,true
DEVICE-003702,Smartphone,PERSON-000001,iOS,2023-02-27,2023-02-27,true
DEVICE-003703,Feature Phone,PERSON-002684,iOS,2023-02-27,2023-02-27,true
DEVICE-003704,Smartphone,PERSON-000763,Android,2023-02-27,2023-02-27,true
DEVICE-003705,Tablet,PERSON-002450,iOS,2023-11-19,2023-11-19,true
DEVICE-003706,Feature Phone,PERSON-000860,Android,2023-11-19,2023-11-19,true
DEVICE-003707,Smartphone,PERSON-000860,Android,2023-11-19,2023-11-19,true
DEVICE-003708,Tablet,PERSON-000405,iOS,2023-11-19,2023-11-19,true
DEVICE-003709,Smartphone,PERSON-000046,Android,2023-11-19,2023-11-19,true
DEVICE-003710,Smartphone,PERSON-000046,Android,2023-11-19,2023-11-19,true
DEVICE-003711,Smartphone,PERSON-001367,Android,2023-11-19,2023-11-19,true
DEVICE-003712,Tablet,PERSON-001367,iOS,2023-11-19,2023-11-19,true
DEVICE-003713,Smartphone,PERSON-000922,Android,2023-11-19,2023-11-19,true
DEVICE-003714,Smartphone,PERSON-000922,Android,2023-11-19,2023-11-19,true
DEVICE-003715,Tablet,PERSON-001667,iOS,2023-04-23,2023-04-23,true
DEVICE-003716,Tablet,PERSON-001667,iOS,2023-04-23,2023-04-23,true
DEVICE-003717,Tablet,PERSON-000146,iOS,2023-04-23,2023-04-23,true
DEVICE-003718,Feature Phone,PERSON-001558,iOS,2023-04-23,2023-04-23,true
DEVICE-003719,Feature Phone,PERSON-000351,iOS,2023-04-23,2023-04-23,true
DEVICE-003720,Tablet,PERSON-002750,Android,2023-04-23,2023-04-23,true
DEVICE-003721,Smartphone,PERSON-001041,Android,2023-04-23,2023-04-23,true
DEVICE-003722,Tablet,PERSON-001589,iOS,2023-04-23,2023-04-23,true
DEVICE-003723,Smartphone,PERSON-001670,iOS,2023-04-23,2023-04-23,true
DEVICE-003724,Tablet,PERSON-001670,iOS,2023-04-23,2023-04-23,true
DEVICE-003725,Feature Phone,PERSON-001664,Android,2023-10-25,2023-10-25,true
DEVICE-003726,Tablet,PERSON-001664,iOS,2023-10-25,2023-10-25,true
DEVICE-003727,Smartphone,PERSON-002675,iOS,2023-10-25,2023-10-25,true
DEVICE-003728,Tablet,PERSON-002998,iOS,2023-10-25,2023-10-25,true
DEVICE-003729,Smartphone,PERSON-000106,Android,2023-10-25,2023-10-25,true
DEVICE-003730,Smartphone,PERSON-000948,Android,2023-10-25,2023-10-25,true
DEVICE-003731,Smartphone,PERSON-002757,Android,2023-10-25,2023-10-25,true
DEVICE-003732,Feature Phone,PERSON-000904,iOS,2023-10-25,2023-10-25,true
DEVICE-003733,Feature Phone,PERSON-000584,iOS,2023-10-25,2023-10-25,true
DEVICE-003734,Smartphone,PERSON-000697,Android,2023-10-25,2023-10-25,true
DEVICE-003735,Smartphone,PERSON-002715,iOS,2023-10-25,2023-10-25,true
DEVICE-003736,Tablet,PERSON-001774,iOS,2023-02-23,2023-02-23,true
DEVICE-003737,Feature Phone,PERSON-001774,Android,2023-02-23,2023-02-23,true
DEVICE-003738,Smartphone,PERSON-000407,iOS,2023-02-23,2023-02-23,true
DEVICE-003739,Smartphone,PERSON-001687,Android,2023-02-23,2023-02-23,true
DEVICE-003740,Smartphone,PERSON-001687,Android,2023-02-23,2023-02-23,true
DEVICE-003741,Feature Phone,PERSON-001758,Android,2023-02-23,2023-02-23,true
DEVICE-003742,Feature Phone,PERSON-002020,Android,2023-09-28,2023-09-28,true
DEVICE-003743,Tablet,PERSON-000526,iOS,2023-09-28,2023-09-28,true
DEVICE-003744,Feature Phone,PERSON-000120,Android,2023-09-28,2023-09-28,true
DEVICE-003745,Feature Phone,PERSON-002873,iOS,2023-09-28,2023-09-28,true
DEVICE-003746,Feature Phone,PERSON-000621,iOS,2023-09-28,2023-09-28,true
DEVICE-003747,Smartphone,PERSON-000621,Android,2023-09-28,2023-09-28,true
DEVICE-003748,Feature Phone,PERSON-000863,Android,2023-09-28,2023-09-28,true
DEVICE-003749,Smartphone,PERSON-001543,Android,2023-09-28,2023-09-28,true
DEVICE-003750,Feature Phone,PERSON-002999,Android,2023-09-28,2023-09-28,true
DEVICE-003751,Tablet,PERSON-000488,Android,2023-09-28,2023-09-28,true
DEVICE-003752,Smartphone,PERSON-001210,Android,2023-07-09,2023-07-09,true
DEVICE-003753,Smartphone,PERSON-001667,iOS,2023-07-09,2023-07-09,true
DEVICE-003754,Tablet,PERSON-000351,Android,2023-07-09,2023-07-09,true
DEVICE-003755,Feature Phone,PERSON-001558,iOS,2023-07-09,2023-07-09,true
DEVICE-003756,Tablet,PERSON-000222,Android,2023-07-09,2023-07-09,true
DEVICE-003757,Smartphone,PERSON-002750,Android,2023-07-09,2023-07-09,true
DEVICE-003758,Tablet,PERSON-001589,Android,2023-07-09,2023-07-09,true
DEVICE-003759,Feature Phone,PERSON-001670,Android,2023-07-09,2023-07-09,true
DEVICE-003760,Tablet,PERSON-002136,iOS,2023-10-18,2023-10-18,true
DEVICE-003761,Tablet,PERSON-000784,Android,2023-10-18,2023-10-18,true
DEVICE-003762,Smartphone,PERSON-000717,iOS,2023-10-18,2023-10-18,true
DEVICE-003763,Tablet,PERSON-001234,iOS,2023-10-18,2023-10-18,true
DEVICE-003764,Feature Phone,PERSON-000647,iOS,2023-10-18,2023-10-18,true
DEVICE-003765,Tablet,PERSON-000647,iOS,2023-10-18,2023-10-18,true
DEVICE-003766,Tablet,PERSON-002499,iOS,2023-10-18,2023-10-18,true
DEVICE-003767,Tablet,PERSON-002215,Android,2023-10-18,2023-10-18,true
DEVICE-003768,Smartphone,PERSON-001667,Android,2023-09-05,2023-09-05,true
DEVICE-003769,Tablet,PERSON-001210,Android,2023-09-05,2023-09-05,true
DEVICE-003770,Smartphone,PERSON-000146,Android,2023-09-05,2023-09-05,true
DEVICE-003771,Tablet,PERSON-001558,Android,2023-09-05,2023-09-05,true
DEVICE-003772,Feature Phone,PERSON-001558,Android,2023-09-05,2023-09-05,true
DEVICE-003773,Tablet,PERSON-002750,iOS,2023-09-05,2023-09-05,true
DEVICE-003774,Smartphone,PERSON-002750,Android,2023-09-05,2023-09-05,true
DEVICE-003775,Tablet,PERSON-001041,iOS,2023-09-05,2023-09-05,true
DEVICE-003776,Smartphone,PERSON-002068,iOS,2023-09-05,2023-09-05,true
DEVICE-003777,Feature Phone,PERSON-001670,iOS,2023-09-05,2023-09-05,true
DEVICE-003778,Tablet,PERSON-001172,Android,2023-05-11,2023-05-11,true
DEVICE-003779,Smartphone,PERSON-002740,iOS,2023-05-11,2023-05-11,true
DEVICE-003780,Tablet,PERSON-002740,iOS,2023-05-11,2023-05-11,true
DEVICE-003781,Tablet,PERSON-002197,Android,2023-05-11,2023-05-11,true
DEVICE-003782,Tablet,PERSON-000440,iOS,2023-05-11,2023-05-11,true
DEVICE-003783,Smartphone,PERSON-000096,iOS,2023-05-11,2023-05-11,true
DEVICE-003784,Tablet,PERSON-002304,iOS,2023-05-11,2023-05-11,true
DEVICE-003785,Smartphone,PERSON-001205,Android,2023-05-11,2023-05-11,true
DEVICE-003786,Smartphone,PERSON-000479,iOS,2023-07-08,2023-07-08,true
DEVICE-003787,Tablet,PERSON-001431,Android,2023-07-08,2023-07-08,true
DEVICE-003788,Tablet,PERSON-002106,Android,2023-07-08,2023-07-08,true
DEVICE-003789,Smartphone,PERSON-002106,Android,2023-07-08,2023-07-08,true
DEVICE-003790,Tablet,PERSON-000823,Android,2023-07-08,2023-07-08,true
DEVICE-003791,Feature Phone,PERSON-001824,iOS,2023-07-08,2023-07-08,true
DEVICE-003792,Smartphone,PERSON-000838,Android,2023-07-08,2023-07-08,true
DEVICE-003793,Tablet,PERSON-002159,Android,2023-05-28,2023-05-28,true
DEVICE-003794,Smartphone,PERSON-000526,Android,2023-05-28,2023-05-28,true
DEVICE-003795,Smartphone,PERSON-000526,iOS,2023-05-28,2023-05-28,true
DEVICE-003796,Feature Phone,PERSON-000022,Android,2023-05-28,2023-05-28,true
DEVICE-003797,Tablet,PERSON-002309,iOS,2023-05-28,2023-05-28,true
DEVICE-003798,Feature Phone,PERSON-001255,Android,2023-05-28,2023-05-28,true
DEVICE-003799,Tablet,PERSON-000146,Android,2023-03-29,2023-03-29,true
DEVICE-003800,Feature Phone,PERSON-001667,Android,2023-03-29,2023-03-29,true
DEVICE-003801,Tablet,PERSON-001210,Android,2023-03-29,2023-03-29,true
DEVICE-003802,Feature Phone,PERSON-001210,iOS,2023-03-29,2023-03-29,true
DEVICE-003803,Smartphone,PERSON-000351,Android,2023-03-29,2023-03-29,true
DEVICE-003804,Tablet,PERSON-002750,iOS,2023-03-29,2023-03-29,true
DEVICE-003805,Feature Phone,PERSON-001041,iOS,2023-03-29,2023-03-29,true
DEVICE-003806,Tablet,PERSON-001687,Android,2023-03-29,2023-03-29,true
DEVICE-003807,Feature Phone,PERSON-001687,Android,2023-03-29,2023-03-29,true
DEVICE-003808,Feature Phone,PERSON-001589,Android,2023-03-29,2023-03-29,true
DEVICE-003809,Feature Phone,PERSON-001670,Android,2023-03-29,2023-03-29,true
DEVICE-003810,Smartphone,PERSON-001670,Android,2023-03-29,2023-03-29,true
DEVICE-003811,Smartphone,PERSON-000146,Android,2023-08-05,2023-08-05,true
DEVICE-003812,Feature Phone,PERSON-000047,iOS,2023-08-05,2023-08-05,true
DEVICE-003813,Smartphone,PERSON-002938,Android,2023-08-05,2023-08-05,true
DEVICE-003814,Tablet,PERSON-000279,iOS,2023-08-05,2023-08-05,true
DEVICE-003815,Smartphone,PERSON-000217,Android,2023-08-05,2023-08-05,true
DEVICE-003816,Tablet,PERSON-001768,Android,2023-08-05,2023-08-05,true
DEVICE-003817,Tablet,PERSON-001768,iOS,2023-08-05,2023-08-05,true
DEVICE-003818,Tablet,PERSON-002223,Android,2023-08-05,2023-08-05,true
DEVICE-003819,Tablet,PERSON-000556,Android,2023-08-05,2023-08-05,true
DEVICE-003820,Tablet,PERSON-002205,Android,2023-08-05,2023-08-05,true
DEVICE-003821,Smartphone,PERSON-002964,iOS,2023-08-05,2023-08-05,true
DEVICE-003822,Smartphone,PERSON-000683,iOS,2023-09-01,2023-09-01,true
DEVICE-003823,Smartphone,PERSON-002160,iOS,2023-09-01,2023-09-01,true
DEVICE-003824,Feature Phone,PERSON-000919,Android,2023-09-01,2023-09-01,true
DEVICE-003825,Feature Phone,PERSON-000473,Android,2023-09-01,2023-09-01,true
DEVICE-003826,Tablet,PERSON-002764,Android,2023-09-01,2023-09-01,true
DEVICE-003827,Smartphone,PERSON-001861,iOS,2023-09-01,2023-09-01,true
DEVICE-003828,Smartphone,PERSON-002947,iOS,2023-09-01,2023-09-01,true
DEVICE-003829,Smartphone,PERSON-001043,iOS,2023-09-01,2023-09-01,true
DEVICE-003830,Feature Phone,PERSON-000484,Android,2023-09-01,2023-09-01,true
DEVICE-003831,Feature Phone,PERSON-000484,Android,2023-09-01,2023-09-01,true
DEVICE-003832,Tablet,PERSON-002901,iOS,2023-09-01,2023-09-01,true
DEVICE-003833,Smartphone,PERSON-002901,Android,2023-09-01,2023-09-01,true
DEVICE-003834,Tablet,PERSON-001311,iOS,2023-09-01,2023-09-01,true
DEVICE-003835,Smartphone,PERSON-001311,Android,2023-09-01,2023-09-01,true
DEVICE-003836,Feature Phone,PERSON-000146,iOS,2023-04-21,2023-04-21,true
DEVICE-003837,Tablet,PERSON-001210,iOS,2023-04-21,2023-04-21,true
DEVICE-003838,Smartphone,PERSON-001210,iOS,2023-04-21,2023-04-21,true
DEVICE-003839,Smartphone,PERSON-001558,iOS,2023-04-21,2023-04-21,true
DEVICE-003840,Smartphone,PERSON-000351,Android,2023-04-21,2023-04-21,true
DEVICE-003841,Feature Phone,PERSON-002750,iOS,2023-04-21,2023-04-21,true
DEVICE-003842,Smartphone,PERSON-001589,Android,2023-04-21,2023-04-21,true
DEVICE-003843,Tablet,PERSON-001670,Android,2023-04-21,2023-04-21,true
DEVICE-003844,Feature Phone,PERSON-000081,Android,2023-12-02,2023-12-02,true
DEVICE-003845,Tablet,PERSON-000850,Android,2023-12-02,2023-12-02,true
DEVICE-003846,Smartphone,PERSON-001861,Android,2023-12-02,2023-12-02,true
DEVICE-003847,Tablet,PERSON-000063,Android,2023-12-02,2023-12-02,true
DEVICE-003848,Smartphone,PERSON-000863,Android,2023-12-02,2023-12-02,true
DEVICE-003849,Tablet,PERSON-000863,Android,2023-12-02,2023-12-02,true
DEVICE-003850,Smartphone,PERSON-001589,iOS,2023-12-02,2023-12-02,true
DEVICE-003851,Smartphone,PERSON-002737,Android,2023-09-16,2023-09-16,true
DEVICE-003852,Tablet,PERSON-000682,iOS,2023-09-16,2023-09-16,true
DEVICE-003853,Tablet,PERSON-000473,Android,2023-09-16,2023-09-16,true
DEVICE-003854,Feature Phone,PERSON-000042,iOS,2023-09-16,2023-09-16,true
DEVICE-003855,Tablet,PERSON-000275,Android,2023-09-16,2023-09-16,true
DEVICE-003856,Tablet,PERSON-001481,Android,2023-09-16,2023-09-16,true
DEVICE-003857,Smartphone,PERSON-001481,Android,2023-09-16,2023-09-16,true
DEVICE-003858,Smartphone,PERSON-002068,Android,2023-09-16,2023-09-16,true
DEVICE-003859,Tablet,PERSON-000032,iOS,2023-09-16,2023-09-16,true
DEVICE-003860,Feature Phone,PERSON-000032,iOS,2023-09-16,2023-09-16,true
DEVICE-003861,Feature Phone,PERSON-000611,Android,2023-12-09,2023-12-09,true
DEVICE-003862,Smartphone,PERSON-002438,Android,2023-12-09,2023-12-09,true
DEVICE-003863,Tablet,PERSON-000886,iOS,2023-12-09,2023-12-09,true
DEVICE-003864,Smartphone,PERSON-002847,Android,2023-12-09,2023-12-09,true
DEVICE-003865,Feature Phone,PERSON-002922,Android,2023-12-09,2023-12-09,true
DEVICE-003866,Tablet,PERSON-001210,iOS,2023-11-12,2023-11-12,true
DEVICE-003867,Feature Phone,PERSON-001667,iOS,2023-11-12,2023-11-12,true
DEVICE-003868,Tablet,PERSON-000146,Android,2023-11-12,2023-11-12,true
DEVICE-003869,Smartphone,PERSON-000351,Android,2023-11-12,2023-11-12,true
DEVICE-003870,Tablet,PERSON-000351,Android,2023-11-12,2023-11-12,true
DEVICE-003871,Tablet,PERSON-001558,Android,2023-11-12,2023-11-12,true
DEVICE-003872,Feature Phone,PERSON-002750,Android,2023-11-12,2023-11-12,true
DEVICE-003873,Smartphone,PERSON-001041,iOS,2023-11-12,2023-11-12,true
DEVICE-003874,Smartphone,PERSON-001670,Android,2023-11-12,2023-11-12,true
DEVICE-003875,Tablet,PERSON-001334,Android,2023-06-04,2023-06-04,true
DEVICE-003876,Tablet,PERSON-000260,iOS,2023-06-04,2023-06-04,true
DEVICE-003877,Feature Phone,PERSON-000499,iOS,2023-06-04,2023-06-04,true
DEVICE-003878,Feature Phone,PERSON-001780,iOS,2023-06-04,2023-06-04,true
DEVICE-003879,Smartphone,PERSON-002397,Android,2023-06-04,2023-06-04,true
DEVICE-003880,Feature Phone,PERSON-001747,iOS,2023-06-04,2023-06-04,true
DEVICE-003881,Tablet,PERSON-001747,Android,2023-06-04,2023-06-04,true
DEVICE-003882,Feature Phone,PERSON-001847,iOS,2023-06-04,2023-06-04,true
DEVICE-003883,Tablet,PERSON-001847,Android,2023-06-04,2023-06-04,true
DEVICE-003884,Smartphone,PERSON-001558,iOS,2023-07-30,2023-07-30,true
DEVICE-003885,Smartphone,PERSON-001474,iOS,2023-07-30,2023-07-30,true
DEVICE-003886,Feature Phone,PERSON-001474,Android,2023-07-30,2023-07-30,true
DEVICE-003887,Smartphone,PERSON-001115,Android,2023-07-30,2023-07-30,true
DEVICE-003888,Feature Phone,PERSON-001115,Android,2023-07-30,2023-07-30,true
DEVICE-003889,Tablet,PERSON-000267,Android,2023-07-30,2023-07-30,true
DEVICE-003890,Feature Phone,PERSON-000267,iOS,2023-07-30,2023-07-30,true
DEVICE-003891,Feature Phone,PERSON-002900,Android,2023-07-30,2023-07-30,true
DEVICE-003892,Smartphone,PERSON-002900,iOS,2023-07-30,2023-07-30,true
DEVICE-003893,Tablet,PERSON-000440,iOS,2023-07-30,2023-07-30,true
DEVICE-003894,Feature Phone,PERSON-001968,iOS,2023-07-30,2023-07-30,true
DEVICE-003895,Tablet,PERSON-000499,Android,2023-09-22,2023-09-22,true
DEVICE-003896,Feature Phone,PERSON-000825,iOS,2023-09-22,2023-09-22,true
DEVICE-003897,Smartphone,PERSON-001780,Android,2023-09-22,2023-09-22,true
DEVICE-003898,Tablet,PERSON-001780,Android,2023-09-22,2023-09-22,true
DEVICE-003899,Smartphone,PERSON-002397,Android,2023-09-22,2023-09-22,true
DEVICE-003900,Tablet,PERSON-001747,Android,2023-09-22,2023-09-22,true
DEVICE-003901,Tablet,PERSON-001747,Android,2023-09-22,2023-09-22,true
DEVICE-003902,Tablet,PERSON-002846,Android,2023-09-22,2023-09-22,true
DEVICE-003903,Tablet,PERSON-002846,Android,2023-09-22,2023-09-22,true
DEVICE-003904,Smartphone,PERSON-002408,iOS,2023-09-22,2023-09-22,true
DEVICE-003905,Feature Phone,PERSON-000374,Android,2023-09-22,2023-09-22,true
DEVICE-003906,Feature Phone,PERSON-001578,Android,2023-09-22,2023-09-22,true
DEVICE-003907,Feature Phone,PERSON-001578,Android,2023-09-22,2023-09-22,true
DEVICE-003908,Feature Phone,PERSON-000792,iOS,2023-09-22,2023-09-22,true
DEVICE-003909,Smartphone,PERSON-000792,Android,2023-09-22,2023-09-22,true
DEVICE-003910,Tablet,PERSON-001847,iOS,2023-09-22,2023-09-22,true
DEVICE-003911,Feature Phone,PERSON-001544,Android,2023-12-27,2023-12-27,true
DEVICE-003912,Smartphone,PERSON-000120,iOS,2023-12-27,2023-12-27,true
DEVICE-003913,Feature Phone,PERSON-000120,iOS,2023-12-27,2023-12-27,true
DEVICE-003914,Feature Phone,PERSON-001540,Android,2023-12-27,2023-12-27,true
DEVICE-003915,Smartphone,PERSON-001540,Android,2023-12-27,2023-12-27,true
DEVICE-003916,Smartphone,PERSON-001992,iOS,2023-12-27,2023-12-27,true
DEVICE-003917,Feature Phone,PERSON-000083,iOS,2023-12-27,2023-12-27,true
DEVICE-003918,Smartphone,PERSON-001205,iOS,2023-12-27,2023-12-27,true
DEVICE-003919,Feature Phone,PERSON-002821,iOS,2023-12-07,2023-12-07,true
DEVICE-003920,Feature Phone,PERSON-001521,iOS,2023-12-07,2023-12-07,true
DEVICE-003921,Tablet,PERSON-001262,iOS,2023-12-07,2023-12-07,true
DEVICE-003922,Smartphone,PERSON-001610,iOS,2023-12-07,2023-12-07,true
DEVICE-003923,Tablet,PERSON-002060,iOS,2023-12-07,2023-12-07,true
DEVICE-003924,Feature Phone,PERSON-000267,Android,2023-12-07,2023-12-07,true
DEVICE-003925,Tablet,PERSON-000792,iOS,2023-12-07,2023-12-07,true
DEVICE-003926,Feature Phone,PERSON-000792,Android,2023-12-07,2023-12-07,true
DEVICE-003927,Smartphone,PERSON-002900,iOS,2023-12-07,2023-12-07,true
DEVICE-003928,Feature Phone,PERSON-002900,Android,2023-12-07,2023-12-07,true
DEVICE-003929,Tablet,PERSON-001259,Android,2023-10-31,2023-10-31,true
DEVICE-003930,Feature Phone,PERSON-000850,iOS,2023-10-31,2023-10-31,true
DEVICE-003931,Tablet,PERSON-001861,iOS,2023-10-31,2023-10-31,true
DEVICE-003932,Smartphone,PERSON-001861,iOS,2023-10-31,2023-10-31,true
DEVICE-003933,Feature Phone,PERSON-002574,Android,2023-10-31,2023-10-31,true
DEVICE-003934,Tablet,PERSON-000863,Android,2023-10-31,2023-10-31,true
DEVICE-003935,Tablet,PERSON-000063,Android,2023-10-31,2023-10-31,true
DEVICE-003936,Tablet,PERSON-000223,Android,2023-10-31,2023-10-31,true
DEVICE-003937,Tablet,PERSON-000438,Android,2023-05-05,2023-05-05,true
DEVICE-003938,Feature Phone,PERSON-000057,Android,2023-05-05,2023-05-05,true
DEVICE-003939,Feature Phone,PERSON-000057,iOS,2023-05-05,2023-05-05,true
DEVICE-003940,Feature Phone,PERSON-002247,iOS,2023-05-05,2023-05-05,true
DEVICE-003941,Tablet,PERSON-002826,iOS,2023-05-05,2023-05-05,true
DEVICE-003942,Tablet,PERSON-000230,Android,2023-05-05,2023-05-05,true
DEVICE-003943,Smartphone,PERSON-000599,Android,2023-05-05,2023-05-05,true
DEVICE-003944,Feature Phone,PERSON-000538,Android,2023-05-25,2023-05-25,true
DEVICE-003945,Smartphone,PERSON-001898,iOS,2023-05-25,2023-05-25,true
DEVICE-003946,Tablet,PERSON-001965,Android,2023-05-25,2023-05-25,true
DEVICE-003947,Feature Phone,PERSON-000139,Android,2023-05-25,2023-05-25,true
DEVICE-003948,Tablet,PERSON-000083,iOS,2023-05-25,2023-05-25,true
DEVICE-003949,Feature Phone,PERSON-001543,iOS,2023-05-25,2023-05-25,true
DEVICE-003950,Smartphone,PERSON-002745,Android,2023-05-25,2023-05-25,true
DEVICE-003951,Feature Phone,PERSON-000765,iOS,2023-05-25,2023-05-25,true
DEVICE-003952,Feature Phone,PERSON-000822,iOS,2023-06-26,2023-06-26,true
DEVICE-003953,Feature Phone,PERSON-001425,Android,2023-06-26,2023-06-26,true
DEVICE-003954,Feature Phone,PERSON-001425,Android,2023-06-26,2023-06-26,true
DEVICE-003955,Tablet,PERSON-002986,iOS,2023-06-26,2023-06-26,true
DEVICE-003956,Tablet,PERSON-000886,iOS,2023-06-26,2023-06-26,true
DEVICE-003957,Tablet,PERSON-000682,Android,2023-06-16,2023-06-16,true
DEVICE-003958,Feature Phone,PERSON-002737,Android,2023-06-16,2023-06-16,true
DEVICE-003959,Smartphone,PERSON-001481,iOS,2023-06-16,2023-06-16,true
DEVICE-003960,Feature Phone,PERSON-000032,Android,2023-06-16,2023-06-16,true
DEVICE-003961,Smartphone,PERSON-000032,iOS,2023-06-16,2023-06-16,true
DEVICE-003962,Smartphone,PERSON-002633,Android,2023-06-16,2023-06-16,true
DEVICE-003963,Feature Phone,PERSON-002737,Android,2023-11-22,2023-11-22,true
DEVICE-003964,Tablet,PERSON-001757,Android,2023-11-22,2023-11-22,true
DEVICE-003965,Feature Phone,PERSON-000792,Android,2023-11-22,2023-11-22,true
DEVICE-003966,Tablet,PERSON-000180,iOS,2023-11-22,2023-11-22,true
DEVICE-003967,Feature Phone,PERSON-002275,Android,2023-08-24,2023-08-24,true
DEVICE-003968,Feature Phone,PERSON-002331,iOS,2023-08-24,2023-08-24,true
DEVICE-003969,Tablet,PERSON-000979,iOS,2023-08-24,2023-08-24,true
DEVICE-003970,Feature Phone,PERSON-001668,iOS,2023-08-24,2023-08-24,true
DEVICE-003971,Smartphone,PERSON-001668,Android,2023-08-24,2023-08-24,true
DEVICE-003972,Feature Phone,PERSON-002087,iOS,2023-08-24,2023-08-24,true
DEVICE-003973,Feature Phone,PERSON-002087,Android,2023-08-24,2023-08-24,true
DEVICE-003974,Smartphone,PERSON-002499,iOS,2023-08-24,2023-08-24,true
DEVICE-003975,Smartphone,PERSON-001397,iOS,2023-08-24,2023-08-24,true
DEVICE-003976,Smartphone,PERSON-002689,iOS,2023-08-24,2023-08-24,true
DEVICE-003977,Feature Phone,PERSON-001423,Android,2023-08-24,2023-08-24,true
DEVICE-003978,Tablet,PERSON-001664,Android,2023-04-08,2023-04-08,true
DEVICE-003979,Smartphone,PERSON-001664,Android,2023-04-08,2023-04-08,true
DEVICE-003980,Feature Phone,PERSON-002675,Android,2023-04-08,2023-04-08,true
DEVICE-003981,Smartphone,PERSON-002675,Android,2023-04-08,2023-04-08,true
DEVICE-003982,Smartphone,PERSON-001315,iOS,2023-04-08,2023-04-08,true
DEVICE-003983,Feature Phone,PERSON-000576,Android,2023-04-08,2023-04-08,true
DEVICE-003984,Tablet,PERSON-000576,iOS,2023-04-08,2023-04-08,true
DEVICE-003985,Smartphone,PERSON-000575,iOS,2023-04-08,2023-04-08,true
DEVICE-003986,Feature Phone,PERSON-000697,iOS,2023-04-08,2023-04-08,true
DEVICE-003987,Smartphone,PERSON-000697,Android,2023-04-08,2023-04-08,true
DEVICE-003988,Smartphone,PERSON-000230,iOS,2023-04-08,2023-04-08,true
DEVICE-003989,Smartphone,PERSON-000230,Android,2023-04-08,2023-04-08,true
DEVICE-003990,Tablet,PERSON-002715,iOS,2023-04-08,2023-04-08,true
DEVICE-003991,Feature Phone,PERSON-000499,Android,2023-06-30,2023-06-30,true
DEVICE-003992,Smartphone,PERSON-000499,iOS,2023-06-30,2023-06-30,true
DEVICE-003993,Feature Phone,PERSON-000245,iOS,2023-06-30,2023-06-30,true
DEVICE-003994,Tablet,PERSON-000943,Android,2023-06-30,2023-06-30,true
DEVICE-003995,Smartphone,PERSON-001059,iOS,2023-06-30,2023-06-30,true
DEVICE-003996,Smartphone,PERSON-001059,Android,2023-06-30,2023-06-30,true
DEVICE-003997,Smartphone,PERSON-002408,Android,2023-06-30,2023-06-30,true
DEVICE-003998,Tablet,PERSON-000374,Android,2023-06-30,2023-06-30,true
DEVICE-003999,Feature Phone,PERSON-002438,Android,2023-05-16,2023-05-16,true
DEVICE-004000,Feature Phone,PERSON-002438,Android,2023-05-16,2023-05-16,true
DEVICE-004001,Smartphone,PERSON-001596,Android,2023-05-16,2023-05-16,true
DEVICE-004002,Tablet,PERSON-001596,Android,2023-05-16,2023-05-16,true
DEVICE-004003,Feature Phone,PERSON-001363,Android,2023-05-16,2023-05-16,true
DEVICE-004004,Smartphone,PERSON-002847,Android,2023-05-16,2023-05-16,true
DEVICE-004005,Smartphone,PERSON-001480,Android,2023-05-16,2023-05-16,true
DEVICE-004006,Smartphone,PERSON-002922,iOS,2023-05-16,2023-05-16,true
DEVICE-004007,Feature Phone,PERSON-002922,iOS,2023-05-16,2023-05-16,true
DEVICE-004008,Feature Phone,PERSON-001664,Android,2023-07-09,2023-07-09,true
DEVICE-004009,Feature Phone,PERSON-002675,iOS,2023-07-09,2023-07-09,true
DEVICE-004010,Tablet,PERSON-002998,Android,2023-07-09,2023-07-09,true
DEVICE-004011,Tablet,PERSON-002835,iOS,2023-07-09,2023-07-09,true
DEVICE-004012,Tablet,PERSON-000576,Android,2023-07-09,2023-07-09,true
DEVICE-004013,Tablet,PERSON-002757,iOS,2023-07-09,2023-07-09,true
DEVICE-004014,Feature Phone,PERSON-000904,iOS,2023-07-09,2023-07-09,true
DEVICE-004015,Feature Phone,PERSON-000106,iOS,2023-07-09,2023-07-09,true
DEVICE-004016,Feature Phone,PERSON-000697,iOS,2023-07-09,2023-07-09,true
DEVICE-004017,Smartphone,PERSON-000230,Android,2023-07-09,2023-07-09,true
DEVICE-004018,Smartphone,PERSON-002821,iOS,2023-05-20,2023-05-20,true
DEVICE-004019,Tablet,PERSON-002821,Android,2023-05-20,2023-05-20,true
DEVICE-004020,Feature Phone,PERSON-000540,iOS,2023-05-20,2023-05-20,true
DEVICE-004021,Smartphone,PERSON-001115,Android,2023-05-20,2023-05-20,true
DEVICE-004022,Smartphone,PERSON-001610,Android,2023-05-20,2023-05-20,true
DEVICE-004023,Feature Phone,PERSON-000267,iOS,2023-05-20,2023-05-20,true
DEVICE-004024,Smartphone,PERSON-000267,Android,2023-05-20,2023-05-20,true
DEVICE-004025,Tablet,PERSON-000440,iOS,2023-05-20,2023-05-20,true
DEVICE-004026,Feature Phone,PERSON-001757,iOS,2023-05-20,2023-05-20,true
DEVICE-004027,Feature Phone,PERSON-000146,Android,2023-10-15,2023-10-15,true
DEVICE-004028,Feature Phone,PERSON-000473,Android,2023-10-15,2023-10-15,true
DEVICE-004029,Smartphone,PERSON-000473,Android,2023-10-15,2023-10-15,true
DEVICE-004030,Tablet,PERSON-000047,iOS,2023-10-15,2023-10-15,true
DEVICE-004031,Tablet,PERSON-002938,iOS,2023-10-15,2023-10-15,true
DEVICE-004032,Feature Phone,PERSON-000279,iOS,2023-10-15,2023-10-15,true
DEVICE-004033,Smartphone,PERSON-000279,Android,2023-10-15,2023-10-15,true
DEVICE-004034,Tablet,PERSON-000217,Android,2023-10-15,2023-10-15,true
DEVICE-004035,Tablet,PERSON-002223,iOS,2023-10-15,2023-10-15,true
DEVICE-004036,Tablet,PERSON-002223,iOS,2023-10-15,2023-10-15,true
DEVICE-004037,Feature Phone,PERSON-001768,iOS,2023-10-15,2023-10-15,true
DEVICE-004038,Feature Phone,PERSON-002205,iOS,2023-10-15,2023-10-15,true
DEVICE-004039,Feature Phone,PERSON-002068,iOS,2023-10-15,2023-10-15,true
DEVICE-004040,Feature Phone,PERSON-002964,iOS,2023-10-15,2023-10-15,true
DEVICE-004041,Smartphone,PERSON-002980,Android,2023-08-18,2023-08-18,true
DEVICE-004042,Smartphone,PERSON-000092,Android,2023-08-18,2023-08-18,true
DEVICE-004043,Feature Phone,PERSON-001941,Android,2023-08-18,2023-08-18,true
DEVICE-004044,Smartphone,PERSON-002937,Android,2023-08-18,2023-08-18,true
DEVICE-004045,Feature Phone,PERSON-000808,iOS,2023-08-18,2023-08-18,true
DEVICE-004046,Smartphone,PERSON-000808,Android,2023-08-18,2023-08-18,true
DEVICE-004047,Smartphone,PERSON-001059,iOS,2023-08-18,2023-08-18,true
DEVICE-004048,Smartphone,PERSON-000607,iOS,2023-08-18,2023-08-18,true
DEVICE-004049,Tablet,PERSON-000357,Android,2023-08-18,2023-08-18,true
DEVICE-004050,Feature Phone,PERSON-002770,Android,2023-08-18,2023-08-18,true
DEVICE-004051,Smartphone,PERSON-001511,Android,2023-05-08,2023-05-08,true
DEVICE-004052,Smartphone,PERSON-001511,iOS,2023-05-08,2023-05-08,true
DEVICE-004053,Smartphone,PERSON-000540,iOS,2023-05-08,2023-05-08,true
DEVICE-004054,Smartphone,PERSON-001474,iOS,2023-05-08,2023-05-08,true
DEVICE-004055,Tablet,PERSON-001115,Android,2023-05-08,2023-05-08,true
DEVICE-004056,Smartphone,PERSON-000180,iOS,2023-05-08,2023-05-08,true
DEVICE-004057,Smartphone,PERSON-001610,Android,2023-05-08,2023-05-08,true
DEVICE-004058,Smartphone,PERSON-002900,Android,2023-05-08,2023-05-08,true
DEVICE-004059,Tablet,PERSON-001757,iOS,2023-05-08,2023-05-08,true
DEVICE-004060,Feature Phone,PERSON-001334,Android,2023-07-27,2023-07-27,true
DEVICE-004061,Smartphone,PERSON-001334,Android,2023-07-27,2023-07-27,true
DEVICE-004062,Tablet,PERSON-000260,iOS,2023-07-27,2023-07-27,true
DEVICE-004063,Feature Phone,PERSON-000245,Android,2023-07-27,2023-07-27,true
DEVICE-004064,Feature Phone,PERSON-000245,iOS,2023-07-27,2023-07-27,true
DEVICE-004065,Smartphone,PERSON-000825,iOS,2023-07-27,2023-07-27,true
DEVICE-004066,Feature Phone,PERSON-000825,Android,2023-07-27,2023-07-27,true
DEVICE-004067,Smartphone,PERSON-001780,iOS,2023-07-27,2023-07-27,true
DEVICE-004068,Feature Phone,PERSON-000943,iOS,2023-07-27,2023-07-27,true
DEVICE-004069,Feature Phone,PERSON-002397,Android,2023-07-27,2023-07-27,true
DEVICE-004070,Smartphone,PERSON-002408,Android,2023-07-27,2023-07-27,true
DEVICE-004071,Smartphone,PERSON-002304,Android,2023-07-27,2023-07-27,true
DEVICE-004072,Smartphone,PERSON-001691,Android,2023-07-27,2023-07-27,true
DEVICE-004073,Smartphone,PERSON-002675,Android,2023-11-09,2023-11-09,true
DEVICE-004074,Smartphone,PERSON-001596,iOS,2023-11-09,2023-11-09,true
DEVICE-004075,Smartphone,PERSON-001596,Android,2023-11-09,2023-11-09,true
DEVICE-004076,Tablet,PERSON-001542,iOS,2023-11-09,2023-11-09,true
DEVICE-004077,Smartphone,PERSON-000611,Android,2023-11-09,2023-11-09,true
DEVICE-004078,Smartphone,PERSON-000611,iOS,2023-11-09,2023-11-09,true
DEVICE-004079,Feature Phone,PERSON-000832,Android,2023-11-09,2023-11-09,true
DEVICE-004080,Tablet,PERSON-002449,iOS,2023-11-09,2023-11-09,true
DEVICE-004081,Tablet,PERSON-002713,iOS,2023-11-09,2023-11-09,true
DEVICE-004082,Feature Phone,PERSON-001480,Android,2023-11-09,2023-11-09,true
DEVICE-004083,Smartphone,PERSON-001480,iOS,2023-11-09,2023-11-09,true
DEVICE-004084,Feature Phone,PERSON-002922,iOS,2023-11-09,2023-11-09,true
DEVICE-004085,Smartphone,PERSON-001180,Android,2023-03-29,2023-03-29,true
DEVICE-004086,Smartphone,PERSON-002980,iOS,2023-03-29,2023-03-29,true
DEVICE-004087,Feature Phone,PERSON-002887,iOS,2023-03-29,2023-03-29,true
DEVICE-004088,Smartphone,PERSON-000092,iOS,2023-03-29,2023-03-29,true
DEVICE-004089,Tablet,PERSON-000653,Android,2023-03-29,2023-03-29,true
DEVICE-004090,Smartphone,PERSON-001210,iOS,2023-07-17,2023-07-17,true
DEVICE-004091,Feature Phone,PERSON-000146,Android,2023-07-17,2023-07-17,true
DEVICE-004092,Feature Phone,PERSON-002240,Android,2023-07-17,2023-07-17,true
DEVICE-004093,Tablet,PERSON-001589,Android,2023-07-17,2023-07-17,true
DEVICE-004094,Tablet,PERSON-001670,Android,2023-07-17,2023-07-17,true
DEVICE-004095,Tablet,PERSON-000081,iOS,2023-06-05,2023-06-05,true
DEVICE-004096,Feature Phone,PERSON-001259,Android,2023-06-05,2023-06-05,true
DEVICE-004097,Smartphone,PERSON-000850,Android,2023-06-05,2023-06-05,true
DEVICE-004098,Smartphone,PERSON-001861,iOS,2023-06-05,2023-06-05,true
DEVICE-004099,Feature Phone,PERSON-001861,iOS,2023-06-05,2023-06-05,true
DEVICE-004100,Smartphone,PERSON-002574,Android,2023-06-05,2023-06-05,true
DEVICE-004101,Feature Phone,PERSON-002574,iOS,2023-06-05,2023-06-05,true
DEVICE-004102,Tablet,PERSON-000863,iOS,2023-06-05,2023-06-05,true
DEVICE-004103,Smartphone,PERSON-000063,iOS,2023-06-05,2023-06-05,true
DEVICE-004104,Tablet,PERSON-002757,Android,2023-06-05,2023-06-05,true
DEVICE-004105,Feature Phone,PERSON-001337,Android,2023-06-05,2023-06-05,true
DEVICE-004106,Smartphone,PERSON-002428,Android,2023-04-05,2023-04-05,true
DEVICE-004107,Smartphone,PERSON-002845,iOS,2023-04-05,2023-04-05,true
DEVICE-004108,Tablet,PERSON-001478,iOS,2023-04-05,2023-04-05,true
DEVICE-004109,Feature Phone,PERSON-001955,iOS,2023-04-05,2023-04-05,true
DEVICE-004110,Feature Phone,PERSON-000710,iOS,2023-04-05,2023-04-05,true
DEVICE-004111,Feature Phone,PERSON-002444,iOS,2023-04-05,2023-04-05,true
DEVICE-004112,Tablet,PERSON-000499,iOS,2023-01-26,2023-01-26,true
DEVICE-004113,Feature Phone,PERSON-000245,iOS,2023-01-26,2023-01-26,true
DEVICE-004114,Tablet,PERSON-002449,Android,2023-01-26,2023-01-26,true
DEVICE-004115,Feature Phone,PERSON-002397,iOS,2023-01-26,2023-01-26,true
DEVICE-004116,Smartphone,PERSON-001578,iOS,2023-01-26,2023-01-26,true
DEVICE-004117,Tablet,PERSON-001691,Android,2023-01-26,2023-01-26,true
DEVICE-004118,Feature Phone,PERSON-001691,Android,2023-01-26,2023-01-26,true
DEVICE-004119,Feature Phone,PERSON-001029,iOS,2023-01-26,2023-01-26,true
DEVICE-004120,Smartphone,PERSON-000081,iOS,2023-09-08,2023-09-08,true
DEVICE-004121,Tablet,PERSON-001259,Android,2023-09-08,2023-09-08,true
DEVICE-004122,Smartphone,PERSON-000850,iOS,2023-09-08,2023-09-08,true
DEVICE-004123,Smartphone,PERSON-000850,Android,2023-09-08,2023-09-08,true
DEVICE-004124,Feature Phone,PERSON-001861,iOS,2023-09-08,2023-09-08,true
DEVICE-004125,Smartphone,PERSON-002920,Android,2023-09-08,2023-09-08,true
DEVICE-004126,Feature Phone,PERSON-002574,iOS,2023-09-08,2023-09-08,true
DEVICE-004127,Tablet,PERSON-000063,Android,2023-09-08,2023-09-08,true
DEVICE-004128,Tablet,PERSON-000063,iOS,2023-09-08,2023-09-08,true
DEVICE-004129,Tablet,PERSON-002757,Android,2023-09-08,2023-09-08,true
DEVICE-004130,Feature Phone,PERSON-001589,iOS,2023-09-08,2023-09-08,true
DEVICE-004131,Tablet,PERSON-001542,iOS,2023-02-05,2023-02-05,true
DEVICE-004132,Tablet,PERSON-001596,iOS,2023-02-05,2023-02-05,true
DEVICE-004133,Feature Phone,PERSON-001363,iOS,2023-02-05,2023-02-05,true
DEVICE-004134,Tablet,PERSON-000060,iOS,2023-02-05,2023-02-05,true
DEVICE-004135,Tablet,PERSON-000060,iOS,2023-02-05,2023-02-05,true
DEVICE-004136,Feature Phone,PERSON-000497,iOS,2023-02-05,2023-02-05,true
DEVICE-004137,Smartphone,PERSON-000647,Android,2023-02-05,2023-02-05,true
DEVICE-004138,Smartphone,PERSON-000081,iOS,2023-02-17,2023-02-17,true
DEVICE-004139,Smartphone,PERSON-001259,iOS,2023-02-17,2023-02-17,true
DEVICE-004140,Smartphone,PERSON-000850,Android,2023-02-17,2023-02-17,true
DEVICE-004141,Smartphone,PERSON-002574,iOS,2023-02-17,2023-02-17,true
DEVICE-004142,Smartphone,PERSON-000863,iOS,2023-02-17,2023-02-17,true
DEVICE-004143,Smartphone,PERSON-000863,iOS,2023-02-17,2023-02-17,true
DEVICE-004144,Tablet,PERSON-000063,Android,2023-02-17,2023-02-17,true
DEVICE-004145,Smartphone,PERSON-002757,iOS,2023-02-17,2023-02-17,true
DEVICE-004146,Smartphone,PERSON-001589,iOS,2023-02-17,2023-02-17,true
DEVICE-004147,Smartphone,PERSON-002136,iOS,2023-05-10,2023-05-10,true
DEVICE-004148,Feature Phone,PERSON-002558,Android,2023-05-10,2023-05-10,true
DEVICE-004149,Feature Phone,PERSON-002558,iOS,2023-05-10,2023-05-10,true
DEVICE-004150,Smartphone,PERSON-000717,Android,2023-05-10,2023-05-10,true
DEVICE-004151,Feature Phone,PERSON-000717,Android,2023-05-10,2023-05-10,true
DEVICE-004152,Smartphone,PERSON-000580,Android,2023-05-10,2023-05-10,true
DEVICE-004153,Feature Phone,PERSON-000580,iOS,2023-05-10,2023-05-10,true
DEVICE-004154,Tablet,PERSON-001182,Android,2023-05-10,2023-05-10,true
DEVICE-004155,Feature Phone,PERSON-002004,Android,2023-05-10,2023-05-10,true
DEVICE-004156,Smartphone,PERSON-002499,iOS,2023-05-10,2023-05-10,true
DEVICE-004157,Tablet,PERSON-002499,iOS,2023-05-10,2023-05-10,true
DEVICE-004158,Feature Phone,PERSON-000230,iOS,2023-05-10,2023-05-10,true
DEVICE-004159,Feature Phone,PERSON-001107,iOS,2023-05-10,2023-05-10,true
DEVICE-004160,Feature Phone,PERSON-002675,Android,2023-02-06,2023-02-06,true
DEVICE-004161,Smartphone,PERSON-002675,Android,2023-02-06,2023-02-06,true
DEVICE-004162,Tablet,PERSON-002998,iOS,2023-02-06,2023-02-06,true
DEVICE-004163,Tablet,PERSON-000948,Android,2023-02-06,2023-02-06,true
DEVICE-004164,Feature Phone,PERSON-000948,iOS,2023-02-06,2023-02-06,true
DEVICE-004165,Smartphone,PERSON-001315,Android,2023-02-06,2023-02-06,true
DEVICE-004166,Smartphone,PERSON-000576,Android,2023-02-06,2023-02-06,true
DEVICE-004167,Smartphone,PERSON-000106,iOS,2023-02-06,2023-02-06,true
DEVICE-004168,Tablet,PERSON-002715,Android,2023-02-06,2023-02-06,true
DEVICE-004169,Smartphone,PERSON-002715,iOS,2023-02-06,2023-02-06,true
DEVICE-004170,Smartphone,PERSON-001262,Android,2023-03-14,2023-03-14,true
DEVICE-004171,Tablet,PERSON-000267,iOS,2023-03-14,2023-03-14,true
DEVICE-004172,Smartphone,PERSON-000267,iOS,2023-03-14,2023-03-14,true
DEVICE-004173,Feature Phone,PERSON-001258,Android,2023-03-14,2023-03-14,true
DEVICE-004174,Tablet,PERSON-002900,Android,2023-03-14,2023-03-14,true
DEVICE-004175,Tablet,PERSON-001757,Android,2023-03-14,2023-03-14,true
DEVICE-004176,Tablet,PERSON-001172,Android,2023-05-15,2023-05-15,true
DEVICE-004177,Tablet,PERSON-000181,Android,2023-05-15,2023-05-15,true
DEVICE-004178,Smartphone,PERSON-000423,iOS,2023-05-15,2023-05-15,true
DEVICE-004179,Feature Phone,PERSON-000423,iOS,2023-05-15,2023-05-15,true
DEVICE-004180,Smartphone,PERSON-002150,iOS,2023-05-15,2023-05-15,true
DEVICE-004181,Tablet,PERSON-000991,Android,2023-05-15,2023-05-15,true
DEVICE-004182,Smartphone,PERSON-000032,Android,2023-05-15,2023-05-15,true
DEVICE-004183,Tablet,PERSON-002944,iOS,2023-05-15,2023-05-15,true
DEVICE-004184,Smartphone,PERSON-001301,iOS,2023-05-15,2023-05-15,true
DEVICE-004185,Feature Phone,PERSON-002558,Android,2023-10-16,2023-10-16,true
DEVICE-004186,Feature Phone,PERSON-002558,Android,2023-10-16,2023-10-16,true
DEVICE-004187,Feature Phone,PERSON-000397,Android,2023-10-16,2023-10-16,true
DEVICE-004188,Feature Phone,PERSON-001066,iOS,2023-10-16,2023-10-16,true
DEVICE-004189,Smartphone,PERSON-000667,iOS,2023-10-16,2023-10-16,true
DEVICE-004190,Feature Phone,PERSON-001182,Android,2023-10-16,2023-10-16,true
DEVICE-004191,Feature Phone,PERSON-001182,iOS,2023-10-16,2023-10-16,true
DEVICE-004192,Tablet,PERSON-000622,Android,2023-10-16,2023-10-16,true
DEVICE-004193,Feature Phone,PERSON-000622,iOS,2023-10-16,2023-10-16,true
DEVICE-004194,Smartphone,PERSON-002164,Android,2023-10-16,2023-10-16,true
DEVICE-004195,Feature Phone,PERSON-000479,Android,2023-07-11,2023-07-11,true
DEVICE-004196,Smartphone,PERSON-002275,iOS,2023-07-11,2023-07-11,true
DEVICE-004197,Feature Phone,PERSON-002331,Android,2023-07-11,2023-07-11,true
DEVICE-004198,Feature Phone,PERSON-000979,iOS,2023-07-11,2023-07-11,true
DEVICE-004199,Feature Phone,PERSON-001668,iOS,2023-07-11,2023-07-11,true
DEVICE-004200,Smartphone,PERSON-002087,Android,2023-07-11,2023-07-11,true
DEVICE-004201,Tablet,PERSON-002499,Android,2023-07-11,2023-07-11,true
DEVICE-004202,Smartphone,PERSON-001397,iOS,2023-07-11,2023-07-11,true
DEVICE-004203,Feature Phone,PERSON-002689,iOS,2023-07-11,2023-07-11,true
DEVICE-004204,Feature Phone,PERSON-002689,Android,2023-07-11,2023-07-11,true
DEVICE-004205,Smartphone,PERSON-001423,iOS,2023-07-11,2023-07-11,true
DEVICE-004206,Feature Phone,PERSON-000784,iOS,2023-10-02,2023-10-02,true
DEVICE-004207,Tablet,PERSON-001182,iOS,2023-10-02,2023-10-02,true
DEVICE-004208,Tablet,PERSON-001182,Android,2023-10-02,2023-10-02,true
DEVICE-004209,Tablet,PERSON-002164,Android,2023-10-02,2023-10-02,true
DEVICE-004210,Smartphone,PERSON-002004,iOS,2023-10-02,2023-10-02,true
DEVICE-004211,Tablet,PERSON-001214,iOS,2023-10-02,2023-10-02,true
DEVICE-004212,Smartphone,PERSON-002215,iOS,2023-10-02,2023-10-02,true
DEVICE-004213,Smartphone,PERSON-002215,iOS,2023-10-02,2023-10-02,true
DEVICE-004214,Tablet,PERSON-000154,Android,2023-10-02,2023-10-02,true
DEVICE-004215,Feature Phone,PERSON-001363,iOS,2023-11-17,2023-11-17,true
DEVICE-004216,Smartphone,PERSON-002713,iOS,2023-11-17,2023-11-17,true
DEVICE-004217,Tablet,PERSON-002713,iOS,2023-11-17,2023-11-17,true
DEVICE-004218,Feature Phone,PERSON-000497,Android,2023-11-17,2023-11-17,true
DEVICE-004219,Feature Phone,PERSON-002896,iOS,2023-11-17,2023-11-17,true
DEVICE-004220,Tablet,PERSON-002442,iOS,2023-11-17,2023-11-17,true
DEVICE-004221,Tablet,PERSON-002847,iOS,2023-11-17,2023-11-17,true
DEVICE-004222,Tablet,PERSON-001012,Android,2023-09-03,2023-09-03,true
DEVICE-004223,Feature Phone,PERSON-002845,iOS,2023-09-03,2023-09-03,true
DEVICE-004224,Tablet,PERSON-001478,Android,2023-09-03,2023-09-03,true
DEVICE-004225,Smartphone,PERSON-001478,Android,2023-09-03,2023-09-03,true
DEVICE-004226,Tablet,PERSON-001206,iOS,2023-09-03,2023-09-03,true
DEVICE-004227,Smartphone,PERSON-001262,iOS,2023-09-03,2023-09-03,true
DEVICE-004228,Feature Phone,PERSON-002684,iOS,2023-09-03,2023-09-03,true
DEVICE-004229,Tablet,PERSON-000763,iOS,2023-09-03,2023-09-03,true
DEVICE-004230,Feature Phone,PERSON-001385,Android,2023-09-03,2023-09-03,true
DEVICE-004231,Feature Phone,PERSON-001425,Android,2023-02-28,2023-02-28,true
DEVICE-004232,Feature Phone,PERSON-000822,Android,2023-02-28,2023-02-28,true
DEVICE-004233,Feature Phone,PERSON-002986,Android,2023-02-28,2023-02-28,true
DEVICE-004234,Tablet,PERSON-002759,iOS,2023-02-28,2023-02-28,true
DEVICE-004235,Feature Phone,PERSON-001071,iOS,2023-02-28,2023-02-28,true
DEVICE-004236,Feature Phone,PERSON-000613,iOS,2023-02-28,2023-02-28,true
DEVICE-004237,Smartphone,PERSON-002068,iOS,2023-02-28,2023-02-28,true
DEVICE-004238,Feature Phone,PERSON-001578,iOS,2023-02-28,2023-02-28,true
DEVICE-004239,Feature Phone,PERSON-000081,Android,2023-11-10,2023-11-10,true
DEVICE-004240,Feature Phone,PERSON-001259,iOS,2023-11-10,2023-11-10,true
DEVICE-004241,Smartphone,PERSON-001861,Android,2023-11-10,2023-11-10,true
DEVICE-004242,Smartphone,PERSON-002574,Android,2023-11-10,2023-11-10,true
DEVICE-004243,Tablet,PERSON-000863,Android,2023-11-10,2023-11-10,true
DEVICE-004244,Feature Phone,PERSON-000863,iOS,2023-11-10,2023-11-10,true
DEVICE-004245,Smartphone,PERSON-000063,iOS,2023-11-10,2023-11-10,true
DEVICE-004246,Tablet,PERSON-002757,iOS,2023-11-10,2023-11-10,true
DEVICE-004247,Tablet,PERSON-001589,iOS,2023-11-10,2023-11-10,true
DEVICE-004248,Feature Phone,PERSON-001774,iOS,2023-03-13,2023-03-13,true
DEVICE-004249,Tablet,PERSON-002417,Android,2023-03-13,2023-03-13,true
DEVICE-004250,Smartphone,PERSON-002094,Android,2023-03-13,2023-03-13,true
DEVICE-004251,Smartphone,PERSON-001381,iOS,2023-03-13,2023-03-13,true
DEVICE-004252,Feature Phone,PERSON-002105,iOS,2023-03-13,2023-03-13,true
DEVICE-004253,Feature Phone,PERSON-001141,Android,2023-03-13,2023-03-13,true
DEVICE-004254,Feature Phone,PERSON-000111,Android,2023-03-13,2023-03-13,true
DEVICE-004255,Smartphone,PERSON-001869,iOS,2023-03-13,2023-03-13,true
DEVICE-004256,Smartphone,PERSON-000611,iOS,2023-04-11,2023-04-11,true
DEVICE-004257,Tablet,PERSON-001542,iOS,2023-04-11,2023-04-11,true
DEVICE-004258,Smartphone,PERSON-002675,iOS,2023-04-11,2023-04-11,true
DEVICE-004259,Tablet,PERSON-000135,Android,2023-04-11,2023-04-11,true
DEVICE-004260,Smartphone,PERSON-000060,Android,2023-04-11,2023-04-11,true
DEVICE-004261,Tablet,PERSON-000497,Android,2023-04-11,2023-04-11,true
DEVICE-004262,Feature Phone,PERSON-000497,iOS,2023-04-11,2023-04-11,true
DEVICE-004263,Smartphone,PERSON-001847,iOS,2023-04-11,2023-04-11,true
DEVICE-004264,Smartphone,PERSON-001480,iOS,2023-04-11,2023-04-11,true
DEVICE-004265,Tablet,PERSON-002675,Android,2023-01-08,2023-01-08,true
DEVICE-004266,Smartphone,PERSON-001343,Android,2023-01-08,2023-01-08,true
DEVICE-004267,Smartphone,PERSON-002998,iOS,2023-01-08,2023-01-08,true
DEVICE-004268,Tablet,PERSON-002998,iOS,2023-01-08,2023-01-08,true
DEVICE-004269,Smartphone,PERSON-000886,iOS,2023-01-08,2023-01-08,true
DEVICE-004270,Feature Phone,PERSON-000576,iOS,2023-01-08,2023-01-08,true
DEVICE-004271,Smartphone,PERSON-001315,Android,2023-01-08,2023-01-08,true
DEVICE-004272,Feature Phone,PERSON-002757,Android,2023-01-08,2023-01-08,true
DEVICE-004273,Tablet,PERSON-000106,Android,2023-01-08,2023-01-08,true
DEVICE-004274,Feature Phone,PERSON-000106,Android,2023-01-08,2023-01-08,true
DEVICE-004275,Tablet,PERSON-000697,iOS,2023-01-08,2023-01-08,true
DEVICE-004276,Smartphone,PERSON-000230,Android,2023-01-08,2023-01-08,true
DEVICE-004277,Smartphone,PERSON-000230,iOS,2023-01-08,2023-01-08,true
DEVICE-004278,Tablet,PERSON-000584,Android,2023-01-08,2023-01-08,true
DEVICE-004279,Feature Phone,PERSON-002715,iOS,2023-01-08,2023-01-08,true
DEVICE-004280,Feature Phone,PERSON-002715,Android,2023-01-08,2023-01-08,true
DEVICE-004281,Tablet,PERSON-001542,iOS,2023-11-02,2023-11-02,true
DEVICE-004282,Feature Phone,PERSON-000611,iOS,2023-11-02,2023-11-02,true
DEVICE-004283,Tablet,PERSON-001596,Android,2023-11-02,2023-11-02,true
DEVICE-004284,Smartphone,PERSON-001596,iOS,2023-11-02,2023-11-02,true
DEVICE-004285,Feature Phone,PERSON-001363,Android,2023-11-02,2023-11-02,true
DEVICE-004286,Feature Phone,PERSON-001363,Android,2023-11-02,2023-11-02,true
DEVICE-004287,Feature Phone,PERSON-000060,iOS,2023-11-02,2023-11-02,true
DEVICE-004288,Feature Phone,PERSON-000832,Android,2023-11-02,2023-11-02,true
DEVICE-004289,Tablet,PERSON-002713,iOS,2023-11-02,2023-11-02,true
DEVICE-004290,Tablet,PERSON-002922,iOS,2023-11-02,2023-11-02,true
DEVICE-004291,Smartphone,PERSON-001803,Android,2023-12-26,2023-12-26,true
DEVICE-004292,Tablet,PERSON-001803,Android,2023-12-26,2023-12-26,true
DEVICE-004293,Smartphone,PERSON-000569,Android,2023-12-26,2023-12-26,true
DEVICE-004294,Tablet,PERSON-000569,iOS,2023-12-26,2023-12-26,true
DEVICE-004295,Tablet,PERSON-002965,Android,2023-12-26,2023-12-26,true
DEVICE-004296,Feature Phone,PERSON-000484,iOS,2023-12-26,2023-12-26,true
DEVICE-004297,Smartphone,PERSON-000823,Android,2023-12-26,2023-12-26,true
DEVICE-004298,Tablet,PERSON-002654,iOS,2023-12-26,2023-12-26,true
DEVICE-004299,Feature Phone,PERSON-002009,Android,2023-12-26,2023-12-26,true
DEVICE-004300,Feature Phone,PERSON-001259,iOS,2023-11-29,2023-11-29,true
DEVICE-004301,Tablet,PERSON-000850,iOS,2023-11-29,2023-11-29,true
DEVICE-004302,Feature Phone,PERSON-001861,Android,2023-11-29,2023-11-29,true
DEVICE-004303,Feature Phone,PERSON-000863,iOS,2023-11-29,2023-11-29,true
DEVICE-004304,Tablet,PERSON-000863,iOS,2023-11-29,2023-11-29,true
DEVICE-004305,Tablet,PERSON-002757,iOS,2023-11-29,2023-11-29,true
DEVICE-004306,Feature Phone,PERSON-001589,iOS,2023-11-29,2023-11-29,true
DEVICE-004307,Feature Phone,PERSON-001367,iOS,2023-11-29,2023-11-29,true
DEVICE-004308,Feature Phone,PERSON-000081,Android,2023-04-05,2023-04-05,true
DEVICE-004309,Tablet,PERSON-001259,iOS,2023-04-05,2023-04-05,true
DEVICE-004310,Smartphone,PERSON-000863,Android,2023-04-05,2023-04-05,true
DEVICE-004311,Feature Phone,PERSON-000063,Android,2023-04-05,2023-04-05,true
DEVICE-004312,Smartphone,PERSON-000063,Android,2023-04-05,2023-04-05,true
DEVICE-004313,Tablet,PERSON-002757,Android,2023-04-05,2023-04-05,true
DEVICE-004314,Feature Phone,PERSON-001589,iOS,2023-04-05,2023-04-05,true
DEVICE-004315,Feature Phone,PERSON-001968,iOS,2023-04-05,2023-04-05,true
DEVICE-004316,Tablet,PERSON-001774,iOS,2023-01-12,2023-01-12,true
DEVICE-004317,Tablet,PERSON-000862,iOS,2023-01-12,2023-01-12,true
DEVICE-004318,Tablet,PERSON-002737,iOS,2023-01-12,2023-01-12,true
DEVICE-004319,Tablet,PERSON-000366,iOS,2023-01-12,2023-01-12,true
DEVICE-004320,Smartphone,PERSON-000366,iOS,2023-01-12,2023-01-12,true
DEVICE-004321,Feature Phone,PERSON-002094,iOS,2023-01-12,2023-01-12,true
DEVICE-004322,Tablet,PERSON-001758,Android,2023-01-12,2023-01-12,true
DEVICE-004323,Feature Phone,PERSON-001758,iOS,2023-01-12,2023-01-12,true
DEVICE-004324,Feature Phone,PERSON-002105,iOS,2023-01-12,2023-01-12,true
DEVICE-004325,Tablet,PERSON-000207,iOS,2023-01-12,2023-01-12,true
DEVICE-004326,Tablet,PERSON-000103,iOS,2023-01-12,2023-01-12,true
DEVICE-004327,Smartphone,PERSON-000103,iOS,2023-01-12,2023-01-12,true
DEVICE-004328,Smartphone,PERSON-001869,iOS,2023-01-12,2023-01-12,true
DEVICE-004329,Tablet,PERSON-001869,iOS,2023-01-12,2023-01-12,true
DEVICE-004330,Tablet,PERSON-001664,Android,2023-07-05,2023-07-05,true
DEVICE-004331,Feature Phone,PERSON-002715,iOS,2023-07-05,2023-07-05,true
DEVICE-004332,Tablet,PERSON-000904,Android,2023-07-05,2023-07-05,true
DEVICE-004333,Feature Phone,PERSON-000106,Android,2023-07-05,2023-07-05,true
DEVICE-004334,Tablet,PERSON-001863,iOS,2023-07-05,2023-07-05,true
DEVICE-004335,Tablet,PERSON-000342,iOS,2023-01-27,2023-01-27,true
DEVICE-004336,Smartphone,PERSON-000342,iOS,2023-01-27,2023-01-27,true
DEVICE-004337,Feature Phone,PERSON-000886,iOS,2023-01-27,2023-01-27,true
DEVICE-004338,Tablet,PERSON-001112,iOS,2023-01-27,2023-01-27,true
DEVICE-004339,Tablet,PERSON-000144,Android,2023-01-27,2023-01-27,true
DEVICE-004340,Feature Phone,PERSON-002082,Android,2023-01-27,2023-01-27,true
DEVICE-004341,Smartphone,PERSON-002082,iOS,2023-01-27,2023-01-27,true
DEVICE-004342,Smartphone,PERSON-001664,Android,2023-12-24,2023-12-24,true
DEVICE-004343,Tablet,PERSON-000604,Android,2023-12-24,2023-12-24,true
DEVICE-004344,Smartphone,PERSON-002998,iOS,2023-12-24,2023-12-24,true
DEVICE-004345,Tablet,PERSON-002835,Android,2023-12-24,2023-12-24,true
DEVICE-004346,Smartphone,PERSON-000948,Android,2023-12-24,2023-12-24,true
DEVICE-004347,Smartphone,PERSON-000576,Android,2023-12-24,2023-12-24,true
DEVICE-004348,Tablet,PERSON-002757,iOS,2023-12-24,2023-12-24,true
DEVICE-004349,Tablet,PERSON-002757,iOS,2023-12-24,2023-12-24,true
DEVICE-004350,Feature Phone,PERSON-000106,iOS,2023-12-24,2023-12-24,true
DEVICE-004351,Feature Phone,PERSON-000106,iOS,2023-12-24,2023-12-24,true
DEVICE-004352,Tablet,PERSON-000697,Android,2023-12-24,2023-12-24,true
DEVICE-004353,Feature Phone,PERSON-000230,Android,2023-12-24,2023-12-24,true
DEVICE-004354,Feature Phone,PERSON-000230,Android,2023-12-24,2023-12-24,true
DEVICE-004355,Tablet,PERSON-002715,Android,2023-12-24,2023-12-24,true
DEVICE-004356,Tablet,PERSON-002020,Android,2023-02-26,2023-02-26,true
DEVICE-004357,Feature Phone,PERSON-002279,Android,2023-02-26,2023-02-26,true
DEVICE-004358,Tablet,PERSON-002873,Android,2023-02-26,2023-02-26,true
DEVICE-004359,Tablet,PERSON-000921,Android,2023-02-26,2023-02-26,true
DEVICE-004360,Feature Phone,PERSON-001788,iOS,2023-02-26,2023-02-26,true
DEVICE-004361,Feature Phone,PERSON-000357,Android,2023-02-26,2023-02-26,true
DEVICE-004362,Tablet,PERSON-000540,Android,2023-10-12,2023-10-12,true
DEVICE-004363,Tablet,PERSON-001115,Android,2023-10-12,2023-10-12,true
DEVICE-004364,Feature Phone,PERSON-001262,Android,2023-10-12,2023-10-12,true
DEVICE-004365,Feature Phone,PERSON-000180,Android,2023-10-12,2023-10-12,true
DEVICE-004366,Feature Phone,PERSON-001610,Android,2023-10-12,2023-10-12,true
DEVICE-004367,Smartphone,PERSON-001610,iOS,2023-10-12,2023-10-12,true
DEVICE-004368,Feature Phone,PERSON-000075,iOS,2023-10-12,2023-10-12,true
DEVICE-004369,Feature Phone,PERSON-002618,Android,2023-10-12,2023-10-12,true
DEVICE-004370,Feature Phone,PERSON-001511,iOS,2023-11-01,2023-11-01,true
DEVICE-004371,Tablet,PERSON-001810,iOS,2023-11-01,2023-11-01,true
DEVICE-004372,Smartphone,PERSON-001782,iOS,2023-11-01,2023-11-01,true
DEVICE-004373,Feature Phone,PERSON-002829,iOS,2023-11-01,2023-11-01,true
DEVICE-004374,Tablet,PERSON-002829,Android,2023-11-01,2023-11-01,true
DEVICE-004375,Smartphone,PERSON-000092,Android,2023-11-01,2023-11-01,true
DEVICE-004376,Smartphone,PERSON-001866,Android,2023-11-01,2023-11-01,true
DEVICE-004377,Smartphone,PERSON-001890,iOS,2023-11-01,2023-11-01,true
DEVICE-004378,Feature Phone,PERSON-001455,iOS,2023-11-01,2023-11-01,true
DEVICE-004379,Feature Phone,PERSON-002410,iOS,2023-11-01,2023-11-01,true
DEVICE-004380,Tablet,PERSON-001547,Android,2023-11-01,2023-11-01,true
DEVICE-004381,Feature Phone,PERSON-001547,iOS,2023-11-01,2023-11-01,true
DEVICE-004382,Tablet,PERSON-001212,iOS,2023-11-01,2023-11-01,true
DEVICE-004383,Feature Phone,PERSON-001212,Android,2023-11-01,2023-11-01,true
DEVICE-004384,Feature Phone,PERSON-002517,iOS,2023-08-02,2023-08-02,true
DEVICE-004385,Smartphone,PERSON-002517,Android,2023-08-02,2023-08-02,true
DEVICE-004386,Feature Phone,PERSON-001544,iOS,2023-08-02,2023-08-02,true
DEVICE-004387,Tablet,PERSON-000120,iOS,2023-08-02,2023-08-02,true
DEVICE-004388,Smartphone,PERSON-001965,Android,2023-08-02,2023-08-02,true
DEVICE-004389,Tablet,PERSON-001965,iOS,2023-08-02,2023-08-02,true
DEVICE-004390,Tablet,PERSON-001992,Android,2023-08-02,2023-08-02,true
DEVICE-004391,Tablet,PERSON-001668,iOS,2023-08-02,2023-08-02,true
DEVICE-004392,Tablet,PERSON-000621,iOS,2023-08-02,2023-08-02,true
DEVICE-004393,Tablet,PERSON-000357,Android,2023-08-02,2023-08-02,true
DEVICE-004394,Tablet,PERSON-002954,Android,2023-11-28,2023-11-28,true
DEVICE-004395,Smartphone,PERSON-001944,Android,2023-11-28,2023-11-28,true
DEVICE-004396,Feature Phone,PERSON-001769,Android,2023-11-28,2023-11-28,true
DEVICE-004397,Feature Phone,PERSON-002256,iOS,2023-11-28,2023-11-28,true
DEVICE-004398,Feature Phone,PERSON-002009,Android,2023-11-28,2023-11-28,true
DEVICE-004399,Tablet,PERSON-002009,iOS,2023-11-28,2023-11-28,true
DEVICE-004400,Tablet,PERSON-002547,iOS,2023-08-09,2023-08-09,true
DEVICE-004401,Smartphone,PERSON-000040,iOS,2023-08-09,2023-08-09,true
DEVICE-004402,Smartphone,PERSON-000540,iOS,2023-08-09,2023-08-09,true
DEVICE-004403,Tablet,PERSON-000540,Android,2023-08-09,2023-08-09,true
DEVICE-004404,Tablet,PERSON-002639,iOS,2023-08-09,2023-08-09,true
DEVICE-004405,Smartphone,PERSON-001876,iOS,2023-08-09,2023-08-09,true
DEVICE-004406,Feature Phone,PERSON-001876,iOS,2023-08-09,2023-08-09,true
DEVICE-004407,Smartphone,PERSON-000406,Android,2023-08-09,2023-08-09,true
DEVICE-004408,Tablet,PERSON-002368,iOS,2023-08-09,2023-08-09,true
DEVICE-004409,Tablet,PERSON-000109,Android,2023-08-09,2023-08-09,true
DEVICE-004410,Smartphone,PERSON-001691,Android,2023-08-09,2023-08-09,true
DEVICE-004411,Smartphone,PERSON-001547,iOS,2023-08-09,2023-08-09,true
DEVICE-004412,Smartphone,PERSON-000146,iOS,2023-12-26,2023-12-26,true
DEVICE-004413,Tablet,PERSON-001667,Android,2023-12-26,2023-12-26,true
DEVICE-004414,Smartphone,PERSON-001210,iOS,2023-12-26,2023-12-26,true
DEVICE-004415,Feature Phone,PERSON-001558,Android,2023-12-26,2023-12-26,true
DEVICE-004416,Smartphone,PERSON-001558,Android,2023-12-26,2023-12-26,true
DEVICE-004417,Tablet,PERSON-000351,iOS,2023-12-26,2023-12-26,true
DEVICE-004418,Tablet,PERSON-000351,iOS,2023-12-26,2023-12-26,true
DEVICE-004419,Tablet,PERSON-002750,iOS,2023-12-26,2023-12-26,true
DEVICE-004420,Smartphone,PERSON-001041,iOS,2023-12-26,2023-12-26,true
DEVICE-004421,Feature Phone,PERSON-001041,Android,2023-12-26,2023-12-26,true
DEVICE-004422,Feature Phone,PERSON-001670,iOS,2023-12-26,2023-12-26,true
DEVICE-004423,Tablet,PERSON-001670,iOS,2023-12-26,2023-12-26,true
DEVICE-004424,Smartphone,PERSON-001311,Android,2023-12-26,2023-12-26,true
DEVICE-004425,Smartphone,PERSON-001311,Android,2023-12-26,2023-12-26,true
DEVICE-004426,Feature Phone,PERSON-002558,Android,2023-01-04,2023-01-04,true
DEVICE-004427,Feature Phone,PERSON-000717,Android,2023-01-04,2023-01-04,true
DEVICE-004428,Tablet,PERSON-001234,iOS,2023-01-04,2023-01-04,true
DEVICE-004429,Tablet,PERSON-000580,Android,2023-01-04,2023-01-04,true
DEVICE-004430,Smartphone,PERSON-001182,Android,2023-01-04,2023-01-04,true
DEVICE-004431,Smartphone,PERSON-000622,Android,2023-01-04,2023-01-04,true
DEVICE-004432,Feature Phone,PERSON-000568,iOS,2023-01-04,2023-01-04,true
DEVICE-004433,Feature Phone,PERSON-002499,iOS,2023-01-04,2023-01-04,true
DEVICE-004434,Tablet,PERSON-002499,Android,2023-01-04,2023-01-04,true
DEVICE-004435,Smartphone,PERSON-002215,Android,2023-01-04,2023-01-04,true
DEVICE-004436,Feature Phone,PERSON-000154,iOS,2023-01-04,2023-01-04,true
DEVICE-004437,Smartphone,PERSON-000842,Android,2023-08-14,2023-08-14,true
DEVICE-004438,Feature Phone,PERSON-000842,Android,2023-08-14,2023-08-14,true
DEVICE-004439,Tablet,PERSON-001012,Android,2023-08-14,2023-08-14,true
DEVICE-004440,Tablet,PERSON-001012,Android,2023-08-14,2023-08-14,true
DEVICE-004441,Smartphone,PERSON-002428,Android,2023-08-14,2023-08-14,true
DEVICE-004442,Tablet,PERSON-002428,iOS,2023-08-14,2023-08-14,true
DEVICE-004443,Smartphone,PERSON-002845,iOS,2023-08-14,2023-08-14,true
DEVICE-004444,Tablet,PERSON-001769,iOS,2023-08-14,2023-08-14,true
DEVICE-004445,Tablet,PERSON-002256,iOS,2023-08-14,2023-08-14,true
DEVICE-004446,Feature Phone,PERSON-002256,Android,2023-08-14,2023-08-14,true
DEVICE-004447,Tablet,PERSON-001206,iOS,2023-08-14,2023-08-14,true
DEVICE-004448,Tablet,PERSON-002788,iOS,2023-08-14,2023-08-14,true
DEVICE-004449,Smartphone,PERSON-000001,iOS,2023-08-14,2023-08-14,true
DEVICE-004450,Feature Phone,PERSON-000710,Android,2023-08-14,2023-08-14,true
DEVICE-004451,Smartphone,PERSON-002684,iOS,2023-08-14,2023-08-14,true
DEVICE-004452,Feature Phone,PERSON-000455,iOS,2023-08-14,2023-08-14,true
DEVICE-004453,Smartphone,PERSON-001385,Android,2023-08-14,2023-08-14,true
DEVICE-004454,Tablet,PERSON-001210,iOS,2023-04-22,2023-04-22,true
DEVICE-004455,Feature Phone,PERSON-000146,Android,2023-04-22,2023-04-22,true
DEVICE-004456,Smartphone,PERSON-000146,Android,2023-04-22,2023-04-22,true
DEVICE-004457,Smartphone,PERSON-001558,iOS,2023-04-22,2023-04-22,true
DEVICE-004458,Feature Phone,PERSON-000351,Android,2023-04-22,2023-04-22,true
DEVICE-004459,Feature Phone,PERSON-002750,Android,2023-04-22,2023-04-22,true
DEVICE-004460,Tablet,PERSON-001589,Android,2023-04-22,2023-04-22,true
DEVICE-004461,Tablet,PERSON-001670,Android,2023-04-22,2023-04-22,true
DEVICE-004462,Feature Phone,PERSON-001670,Android,2023-04-22,2023-04-22,true
DEVICE-004463,Smartphone,PERSON-001210,iOS,2023-07-22,2023-07-22,true
DEVICE-004464,Feature Phone,PERSON-000146,iOS,2023-07-22,2023-07-22,true
DEVICE-004465,Tablet,PERSON-001558,Android,2023-07-22,2023-07-22,true
DEVICE-004466,Tablet,PERSON-002750,iOS,2023-07-22,2023-07-22,true
DEVICE-004467,Tablet,PERSON-001670,Android,2023-07-22,2023-07-22,true
DEVICE-004468,Feature Phone,PERSON-000121,Android,2023-05-25,2023-05-25,true
DEVICE-004469,Feature Phone,PERSON-000121,iOS,2023-05-25,2023-05-25,true
DEVICE-004470,Tablet,PERSON-001172,iOS,2023-05-25,2023-05-25,true
DEVICE-004471,Smartphone,PERSON-000181,Android,2023-05-25,2023-05-25,true
DEVICE-004472,Tablet,PERSON-000423,Android,2023-05-25,2023-05-25,true
DEVICE-004473,Tablet,PERSON-002771,iOS,2023-05-25,2023-05-25,true
DEVICE-004474,Smartphone,PERSON-001479,iOS,2023-05-25,2023-05-25,true
DEVICE-004475,Smartphone,PERSON-002077,Android,2023-05-25,2023-05-25,true
DEVICE-004476,Smartphone,PERSON-000957,Android,2023-05-25,2023-05-25,true
DEVICE-004477,Feature Phone,PERSON-000957,Android,2023-05-25,2023-05-25,true
DEVICE-004478,Feature Phone,PERSON-000862,iOS,2023-10-13,2023-10-13,true
DEVICE-004479,Tablet,PERSON-002739,Android,2023-10-13,2023-10-13,true
DEVICE-004480,Feature Phone,PERSON-000846,Android,2023-10-13,2023-10-13,true
DEVICE-004481,Feature Phone,PERSON-002106,Android,2023-10-13,2023-10-13,true
DEVICE-004482,Tablet,PERSON-002759,Android,2023-10-13,2023-10-13,true
DEVICE-004483,Tablet,PERSON-000838,Android,2023-10-13,2023-10-13,true
DEVICE-004484,Feature Phone,PERSON-000838,iOS,2023-10-13,2023-10-13,true
DEVICE-004485,Smartphone,PERSON-001334,Android,2023-09-15,2023-09-15,true
DEVICE-004486,Smartphone,PERSON-000499,Android,2023-09-15,2023-09-15,true
DEVICE-004487,Tablet,PERSON-000943,Android,2023-09-15,2023-09-15,true
DEVICE-004488,Tablet,PERSON-001780,iOS,2023-09-15,2023-09-15,true
DEVICE-004489,Smartphone,PERSON-001780,Android,2023-09-15,2023-09-15,true
DEVICE-004490,Feature Phone,PERSON-002397,iOS,2023-09-15,2023-09-15,true
DEVICE-004491,Tablet,PERSON-001747,Android,2023-09-15,2023-09-15,true
DEVICE-004492,Tablet,PERSON-001747,Android,2023-09-15,2023-09-15,true
DEVICE-004493,Smartphone,PERSON-000032,Android,2023-09-15,2023-09-15,true
DEVICE-004494,Tablet,PERSON-001210,iOS,2023-11-17,2023-11-17,true
DEVICE-004495,Smartphone,PERSON-001667,Android,2023-11-17,2023-11-17,true
DEVICE-004496,Feature Phone,PERSON-000146,Android,2023-11-17,2023-11-17,true
DEVICE-004497,Tablet,PERSON-000351,iOS,2023-11-17,2023-11-17,true
DEVICE-004498,Feature Phone,PERSON-002750,iOS,2023-11-17,2023-11-17,true
DEVICE-004499,Tablet,PERSON-001041,iOS,2023-11-17,2023-11-17,true
DEVICE-004500,Feature Phone,PERSON-001041,iOS,2023-11-17,2023-11-17,true
DEVICE-004501,Feature Phone,PERSON-001589,iOS,2023-11-17,2023-11-17,true
DEVICE-004502,Smartphone,PERSON-002725,iOS,2023-11-17,2023-11-17,true
DEVICE-004503,Tablet,PERSON-001670,iOS,2023-11-17,2023-11-17,true
DEVICE-004504,Tablet,PERSON-001807,Android,2023-11-16,2023-11-16,true
DEVICE-004505,Smartphone,PERSON-001807,Android,2023-11-16,2023-11-16,true
DEVICE-004506,Tablet,PERSON-002915,iOS,2023-11-16,2023-11-16,true
DEVICE-004507,Feature Phone,PERSON-000139,iOS,2023-11-16,2023-11-16,true
DEVICE-004508,Smartphone,PERSON-000139,Android,2023-11-16,2023-11-16,true
DEVICE-004509,Smartphone,PERSON-002410,Android,2023-11-16,2023-11-16,true
DEVICE-004510,Smartphone,PERSON-001824,Android,2023-11-16,2023-11-16,true
DEVICE-004511,Smartphone,PERSON-000430,iOS,2023-11-16,2023-11-16,true
DEVICE-004512,Smartphone,PERSON-001212,iOS,2023-11-16,2023-11-16,true
DEVICE-004513,Feature Phone,PERSON-001664,iOS,2023-10-27,2023-10-27,true
DEVICE-004514,Tablet,PERSON-001558,iOS,2023-10-27,2023-10-27,true
DEVICE-004515,Tablet,PERSON-001343,iOS,2023-10-27,2023-10-27,true
DEVICE-004516,Feature Phone,PERSON-002998,Android,2023-10-27,2023-10-27,true
DEVICE-004517,Smartphone,PERSON-002715,Android,2023-10-27,2023-10-27,true
DEVICE-004518,Tablet,PERSON-002715,iOS,2023-10-27,2023-10-27,true
DEVICE-004519,Smartphone,PERSON-000492,Android,2023-07-04,2023-07-04,true
DEVICE-004520,Feature Phone,PERSON-001478,Android,2023-07-04,2023-07-04,true
DEVICE-004521,Tablet,PERSON-000886,iOS,2023-07-04,2023-07-04,true
DEVICE-004522,Tablet,PERSON-002082,Android,2023-07-04,2023-07-04,true
DEVICE-004523,Feature Phone,PERSON-001796,iOS,2023-07-04,2023-07-04,true
DEVICE-004524,Tablet,PERSON-000144,Android,2023-07-04,2023-07-04,true
DEVICE-004525,Feature Phone,PERSON-001880,Android,2023-07-04,2023-07-04,true
DEVICE-004526,Tablet,PERSON-002122,iOS,2023-07-04,2023-07-04,true
DEVICE-004527,Feature Phone,PERSON-000489,iOS,2023-07-04,2023-07-04,true
DEVICE-004528,Feature Phone,PERSON-000305,Android,2023-07-04,2023-07-04,true
DEVICE-004529,Tablet,PERSON-001667,Android,2023-05-09,2023-05-09,true
DEVICE-004530,Smartphone,PERSON-000146,Android,2023-05-09,2023-05-09,true
DEVICE-004531,Smartphone,PERSON-001782,iOS,2023-05-09,2023-05-09,true
DEVICE-004532,Smartphone,PERSON-001782,Android,2023-05-09,2023-05-09,true
DEVICE-004533,Smartphone,PERSON-000351,iOS,2023-05-09,2023-05-09,true
DEVICE-004534,Feature Phone,PERSON-000351,Android,2023-05-09,2023-05-09,true
DEVICE-004535,Tablet,PERSON-002750,iOS,2023-05-09,2023-05-09,true
DEVICE-004536,Tablet,PERSON-001589,iOS,2023-05-09,2023-05-09,true
DEVICE-004537,Smartphone,PERSON-001670,Android,2023-05-09,2023-05-09,true
DEVICE-004538,Tablet,PERSON-002821,Android,2023-02-21,2023-02-21,true
DEVICE-004539,Feature Phone,PERSON-002821,Android,2023-02-21,2023-02-21,true
DEVICE-004540,Feature Phone,PERSON-000717,Android,2023-02-21,2023-02-21,true
DEVICE-004541,Feature Phone,PERSON-000717,iOS,2023-02-21,2023-02-21,true
DEVICE-004542,Smartphone,PERSON-001474,iOS,2023-02-21,2023-02-21,true
DEVICE-004543,Feature Phone,PERSON-000267,iOS,2023-02-21,2023-02-21,true
DEVICE-004544,Tablet,PERSON-000792,Android,2023-02-21,2023-02-21,true
DEVICE-004545,Smartphone,PERSON-002060,Android,2023-02-21,2023-02-21,true
DEVICE-004546,Tablet,PERSON-002060,iOS,2023-02-21,2023-02-21,true
DEVICE-004547,Feature Phone,PERSON-002618,iOS,2023-02-21,2023-02-21,true
DEVICE-004548,Tablet,PERSON-002618,Android,2023-02-21,2023-02-21,true
DEVICE-004549,Tablet,PERSON-001757,iOS,2023-02-21,2023-02-21,true
DEVICE-004550,Feature Phone,PERSON-001757,iOS,2023-02-21,2023-02-21,true
DEVICE-004551,Smartphone,PERSON-002277,Android,2023-02-12,2023-02-12,true
DEVICE-004552,Feature Phone,PERSON-001180,Android,2023-02-12,2023-02-12,true
DEVICE-004553,Tablet,PERSON-002980,Android,2023-02-12,2023-02-12,true
DEVICE-004554,Feature Phone,PERSON-000366,iOS,2023-02-12,2023-02-12,true
DEVICE-004555,Feature Phone,PERSON-000607,iOS,2023-02-12,2023-02-12,true
DEVICE-004556,Feature Phone,PERSON-000607,Android,2023-02-12,2023-02-12,true
DEVICE-004557,Tablet,PERSON-000792,Android,2023-02-12,2023-02-12,true
DEVICE-004558,Feature Phone,PERSON-001673,Android,2023-02-12,2023-02-12,true
DEVICE-004559,Tablet,PERSON-001544,iOS,2023-03-28,2023-03-28,true
DEVICE-004560,Feature Phone,PERSON-001544,iOS,2023-03-28,2023-03-28,true
DEVICE-004561,Smartphone,PERSON-000120,iOS,2023-03-28,2023-03-28,true
DEVICE-004562,Tablet,PERSON-000120,Android,2023-03-28,2023-03-28,true
DEVICE-004563,Tablet,PERSON-001898,Android,2023-03-28,2023-03-28,true
DEVICE-004564,Smartphone,PERSON-000863,Android,2023-03-28,2023-03-28,true
DEVICE-004565,Smartphone,PERSON-002745,iOS,2023-03-28,2023-03-28,true
DEVICE-004566,Smartphone,PERSON-001367,iOS,2023-03-28,2023-03-28,true
DEVICE-004567,Tablet,PERSON-002450,iOS,2023-06-03,2023-06-03,true
DEVICE-004568,Feature Phone,PERSON-001558,iOS,2023-06-03,2023-06-03,true
DEVICE-004569,Tablet,PERSON-001474,iOS,2023-06-03,2023-06-03,true
DEVICE-004570,Feature Phone,PERSON-001474,iOS,2023-06-03,2023-06-03,true
DEVICE-004571,Tablet,PERSON-002900,iOS,2023-06-03,2023-06-03,true
DEVICE-004572,Smartphone,PERSON-001262,Android,2023-06-03,2023-06-03,true
DEVICE-004573,Smartphone,PERSON-001262,iOS,2023-06-03,2023-06-03,true
DEVICE-004574,Feature Phone,PERSON-000267,iOS,2023-06-03,2023-06-03,true
DEVICE-004575,Tablet,PERSON-002060,iOS,2023-06-03,2023-06-03,true
DEVICE-004576,Feature Phone,PERSON-000440,Android,2023-06-03,2023-06-03,true
DEVICE-004577,Tablet,PERSON-000081,Android,2023-07-07,2023-07-07,true
DEVICE-004578,Smartphone,PERSON-000540,Android,2023-07-07,2023-07-07,true
DEVICE-004579,Smartphone,PERSON-000850,iOS,2023-07-07,2023-07-07,true
DEVICE-004580,Tablet,PERSON-001861,Android,2023-07-07,2023-07-07,true
DEVICE-004581,Feature Phone,PERSON-002574,Android,2023-07-07,2023-07-07,true
DEVICE-004582,Smartphone,PERSON-000063,Android,2023-07-07,2023-07-07,true
DEVICE-004583,Tablet,PERSON-000863,iOS,2023-07-07,2023-07-07,true
DEVICE-004584,Smartphone,PERSON-001589,Android,2023-07-07,2023-07-07,true
DEVICE-004585,Feature Phone,PERSON-001589,iOS,2023-07-07,2023-07-07,true
DEVICE-004586,Tablet,PERSON-000862,Android,2023-08-31,2023-08-31,true
DEVICE-004587,Tablet,PERSON-001013,iOS,2023-08-31,2023-08-31,true
DEVICE-004588,Tablet,PERSON-002106,iOS,2023-08-31,2023-08-31,true
DEVICE-004589,Feature Phone,PERSON-002646,iOS,2023-08-31,2023-08-31,true
DEVICE-004590,Smartphone,PERSON-000484,Android,2023-08-31,2023-08-31,true
DEVICE-004591,Tablet,PERSON-001387,Android,2023-08-31,2023-08-31,true
DEVICE-004592,Feature Phone,PERSON-002654,Android,2023-08-31,2023-08-31,true
DEVICE-004593,Tablet,PERSON-001492,Android,2023-08-31,2023-08-31,true
DEVICE-004594,Tablet,PERSON-001334,iOS,2023-12-29,2023-12-29,true
DEVICE-004595,Tablet,PERSON-000260,iOS,2023-12-29,2023-12-29,true
DEVICE-004596,Smartphone,PERSON-000260,iOS,2023-12-29,2023-12-29,true
DEVICE-004597,Feature Phone,PERSON-000245,iOS,2023-12-29,2023-12-29,true
DEVICE-004598,Smartphone,PERSON-001780,iOS,2023-12-29,2023-12-29,true
DEVICE-004599,Smartphone,PERSON-002397,Android,2023-12-29,2023-12-29,true
DEVICE-004600,Tablet,PERSON-000374,iOS,2023-12-29,2023-12-29,true
DEVICE-004601,Smartphone,PERSON-002304,Android,2023-12-29,2023-12-29,true
DEVICE-004602,Tablet,PERSON-002393,iOS,2023-12-29,2023-12-29,true
DEVICE-004603,Smartphone,PERSON-002393,Android,2023-12-29,2023-12-29,true
DEVICE-004604,Tablet,PERSON-001886,Android,2023-09-23,2023-09-23,true
DEVICE-004605,Smartphone,PERSON-001886,Android,2023-09-23,2023-09-23,true
DEVICE-004606,Feature Phone,PERSON-002740,Android,2023-09-23,2023-09-23,true
DEVICE-004607,Smartphone,PERSON-001805,Android,2023-09-23,2023-09-23,true
DEVICE-004608,Feature Phone,PERSON-001805,iOS,2023-09-23,2023-09-23,true
DEVICE-004609,Smartphone,PERSON-001658,Android,2023-09-23,2023-09-23,true
DEVICE-004610,Feature Phone,PERSON-002197,Android,2023-09-23,2023-09-23,true
DEVICE-004611,Smartphone,PERSON-002197,iOS,2023-09-23,2023-09-23,true
DEVICE-004612,Smartphone,PERSON-002771,Android,2023-09-23,2023-09-23,true
DEVICE-004613,Feature Phone,PERSON-001479,Android,2023-09-23,2023-09-23,true
DEVICE-004614,Feature Phone,PERSON-001863,Android,2023-09-23,2023-09-23,true
DEVICE-004615,Feature Phone,PERSON-000233,iOS,2023-08-27,2023-08-27,true
DEVICE-004616,Tablet,PERSON-000492,iOS,2023-08-27,2023-08-27,true
DEVICE-004617,Feature Phone,PERSON-001478,iOS,2023-08-27,2023-08-27,true
DEVICE-004618,Feature Phone,PERSON-001059,Android,2023-08-27,2023-08-27,true
DEVICE-004619,Smartphone,PERSON-002122,iOS,2023-08-27,2023-08-27,true
DEVICE-004620,Tablet,PERSON-002999,Android,2023-08-27,2023-08-27,true
DEVICE-004621,Feature Phone,PERSON-000305,Android,2023-08-27,2023-08-27,true
DEVICE-004622,Tablet,PERSON-002279,iOS,2023-02-07,2023-02-07,true
DEVICE-004623,Feature Phone,PERSON-001544,iOS,2023-02-07,2023-02-07,true
DEVICE-004624,Tablet,PERSON-000921,Android,2023-02-07,2023-02-07,true
DEVICE-004625,Smartphone,PERSON-000863,Android,2023-02-07,2023-02-07,true
DEVICE-004626,Feature Phone,PERSON-002745,Android,2023-02-07,2023-02-07,true
DEVICE-004627,Smartphone,PERSON-000765,iOS,2023-02-07,2023-02-07,true
DEVICE-004628,Feature Phone,PERSON-002737,Android,2023-04-07,2023-04-07,true
DEVICE-004629,Smartphone,PERSON-000366,iOS,2023-04-07,2023-04-07,true
DEVICE-004630,Feature Phone,PERSON-000407,iOS,2023-04-07,2023-04-07,true
DEVICE-004631,Feature Phone,PERSON-000407,Android,2023-04-07,2023-04-07,true
DEVICE-004632,Smartphone,PERSON-002094,Android,2023-04-07,2023-04-07,true
DEVICE-004633,Tablet,PERSON-002094,iOS,2023-04-07,2023-04-07,true
DEVICE-004634,Feature Phone,PERSON-001758,iOS,2023-04-07,2023-04-07,true
DEVICE-004635,Feature Phone,PERSON-002105,iOS,2023-04-07,2023-04-07,true
DEVICE-004636,Feature Phone,PERSON-000207,iOS,2023-04-07,2023-04-07,true
DEVICE-004637,Feature Phone,PERSON-000207,iOS,2023-04-07,2023-04-07,true
DEVICE-004638,Smartphone,PERSON-000792,iOS,2023-04-07,2023-04-07,true
DEVICE-004639,Feature Phone,PERSON-000111,Android,2023-04-07,2023-04-07,true
DEVICE-004640,Tablet,PERSON-000103,Android,2023-04-07,2023-04-07,true
DEVICE-004641,Tablet,PERSON-002737,Android,2023-06-02,2023-06-02,true
DEVICE-004642,Feature Phone,PERSON-002737,iOS,2023-06-02,2023-06-02,true
DEVICE-004643,Feature Phone,PERSON-000682,iOS,2023-06-02,2023-06-02,true
DEVICE-004644,Tablet,PERSON-000473,iOS,2023-06-02,2023-06-02,true
DEVICE-004645,Feature Phone,PERSON-000042,Android,2023-06-02,2023-06-02,true
DEVICE-004646,Feature Phone,PERSON-001481,iOS,2023-06-02,2023-06-02,true
DEVICE-004647,Smartphone,PERSON-001481,Android,2023-06-02,2023-06-02,true
DEVICE-004648,Smartphone,PERSON-000275,Android,2023-06-02,2023-06-02,true
DEVICE-004649,Smartphone,PERSON-000032,Android,2023-06-02,2023-06-02,true
DEVICE-004650,Tablet,PERSON-000479,Android,2023-04-16,2023-04-16,true
DEVICE-004651,Feature Phone,PERSON-000862,Android,2023-04-16,2023-04-16,true
DEVICE-004652,Tablet,PERSON-002654,iOS,2023-04-16,2023-04-16,true
DEVICE-004653,Feature Phone,PERSON-001701,Android,2023-04-16,2023-04-16,true
DEVICE-004654,Feature Phone,PERSON-002449,Android,2023-04-16,2023-04-16,true
DEVICE-004655,Feature Phone,PERSON-002449,iOS,2023-04-16,2023-04-16,true
DEVICE-004656,Feature Phone,PERSON-002646,iOS,2023-04-16,2023-04-16,true
DEVICE-004657,Feature Phone,PERSON-001803,Android,2023-04-16,2023-04-16,true
DEVICE-004658,Tablet,PERSON-001796,iOS,2023-04-16,2023-04-16,true
DEVICE-004659,Feature Phone,PERSON-000703,iOS,2023-04-16,2023-04-16,true
DEVICE-004660,Tablet,PERSON-002279,Android,2023-06-13,2023-06-13,true
DEVICE-004661,Tablet,PERSON-000120,Android,2023-06-13,2023-06-13,true
DEVICE-004662,Tablet,PERSON-000120,iOS,2023-06-13,2023-06-13,true
DEVICE-004663,Tablet,PERSON-000921,iOS,2023-06-13,2023-06-13,true
DEVICE-004664,Smartphone,PERSON-000921,Android,2023-06-13,2023-06-13,true
DEVICE-004665,Tablet,PERSON-000863,Android,2023-06-13,2023-06-13,true
DEVICE-004666,Smartphone,PERSON-000863,Android,2023-06-13,2023-06-13,true
DEVICE-004667,Feature Phone,PERSON-000083,Android,2023-06-13,2023-06-13,true
DEVICE-004668,Tablet,PERSON-000083,iOS,2023-06-13,2023-06-13,true
DEVICE-004669,Feature Phone,PERSON-001992,Android,2023-06-13,2023-06-13,true
DEVICE-004670,Tablet,PERSON-001992,iOS,2023-06-13,2023-06-13,true
DEVICE-004671,Smartphone,PERSON-001543,Android,2023-06-13,2023-06-13,true
DEVICE-004672,Smartphone,PERSON-001885,iOS,2023-06-13,2023-06-13,true
DEVICE-004673,Feature Phone,PERSON-001419,Android,2023-02-21,2023-02-21,true
DEVICE-004674,Tablet,PERSON-001369,iOS,2023-02-21,2023-02-21,true
DEVICE-004675,Tablet,PERSON-001172,iOS,2023-02-21,2023-02-21,true
DEVICE-004676,Feature Phone,PERSON-002066,Android,2023-02-21,2023-02-21,true
DEVICE-004677,Tablet,PERSON-000181,iOS,2023-02-21,2023-02-21,true
DEVICE-004678,Feature Phone,PERSON-002947,iOS,2023-02-21,2023-02-21,true
DEVICE-004679,Smartphone,PERSON-002947,Android,2023-02-21,2023-02-21,true
DEVICE-004680,Smartphone,PERSON-001796,iOS,2023-02-21,2023-02-21,true
DEVICE-004681,Tablet,PERSON-001796,iOS,2023-02-21,2023-02-21,true
DEVICE-004682,Feature Phone,PERSON-002771,iOS,2023-02-21,2023-02-21,true
DEVICE-004683,Smartphone,PERSON-002771,Android,2023-02-21,2023-02-21,true
DEVICE-004684,Smartphone,PERSON-002944,Android,2023-02-21,2023-02-21,true
DEVICE-004685,Tablet,PERSON-002418,iOS,2023-02-21,2023-02-21,true
DEVICE-004686,Tablet,PERSON-000140,iOS,2023-02-21,2023-02-21,true
DEVICE-004687,Feature Phone,PERSON-001301,iOS,2023-02-21,2023-02-21,true
DEVICE-004688,Feature Phone,PERSON-001259,Android,2023-08-07,2023-08-07,true
DEVICE-004689,Smartphone,PERSON-000850,iOS,2023-08-07,2023-08-07,true
DEVICE-004690,Smartphone,PERSON-001861,iOS,2023-08-07,2023-08-07,true
DEVICE-004691,Feature Phone,PERSON-001589,iOS,2023-08-07,2023-08-07,true
DEVICE-004692,Feature Phone,PERSON-002728,iOS,2023-08-07,2023-08-07,true
DEVICE-004693,Feature Phone,PERSON-002728,Android,2023-08-07,2023-08-07,true
DEVICE-004694,Feature Phone,PERSON-002450,iOS,2023-11-21,2023-11-21,true
DEVICE-004695,Feature Phone,PERSON-000769,iOS,2023-11-21,2023-11-21,true
DEVICE-004696,Smartphone,PERSON-000597,Android,2023-11-21,2023-11-21,true
DEVICE-004697,Smartphone,PERSON-002879,Android,2023-11-21,2023-11-21,true
DEVICE-004698,Feature Phone,PERSON-000275,iOS,2023-11-21,2023-11-21,true
DEVICE-004699,Smartphone,PERSON-001326,iOS,2023-11-21,2023-11-21,true
DEVICE-004700,Smartphone,PERSON-001326,iOS,2023-11-21,2023-11-21,true
DEVICE-004701,Feature Phone,PERSON-001367,Android,2023-11-21,2023-11-21,true
DEVICE-004702,Smartphone,PERSON-000499,iOS,2023-07-19,2023-07-19,true
DEVICE-004703,Tablet,PERSON-000499,iOS,2023-07-19,2023-07-19,true
DEVICE-004704,Feature Phone,PERSON-000943,iOS,2023-07-19,2023-07-19,true
DEVICE-004705,Smartphone,PERSON-000943,iOS,2023-07-19,2023-07-19,true
DEVICE-004706,Feature Phone,PERSON-002846,iOS,2023-07-19,2023-07-19,true
DEVICE-004707,Tablet,PERSON-001578,Android,2023-07-19,2023-07-19,true
DEVICE-004708,Smartphone,PERSON-002304,Android,2023-07-19,2023-07-19,true
DEVICE-004709,Smartphone,PERSON-002393,iOS,2023-07-19,2023-07-19,true
DEVICE-004710,Feature Phone,PERSON-001029,Android,2023-07-19,2023-07-19,true
DEVICE-004711,Feature Phone,PERSON-000081,Android,2023-10-04,2023-10-04,true
DEVICE-004712,Feature Phone,PERSON-001259,Android,2023-10-04,2023-10-04,true
DEVICE-004713,Tablet,PERSON-000850,iOS,2023-10-04,2023-10-04,true
DEVICE-004714,Feature Phone,PERSON-001861,Android,2023-10-04,2023-10-04,true
DEVICE-004715,Smartphone,PERSON-002343,Android,2023-10-04,2023-10-04,true
DEVICE-004716,Tablet,PERSON-002574,Android,2023-10-04,2023-10-04,true
DEVICE-004717,Smartphone,PERSON-002574,Android,2023-10-04,2023-10-04,true
DEVICE-004718,Feature Phone,PERSON-000063,iOS,2023-10-04,2023-10-04,true
DEVICE-004719,Smartphone,PERSON-000863,Android,2023-10-04,2023-10-04,true
DEVICE-004720,Tablet,PERSON-000233,Android,2023-08-31,2023-08-31,true
DEVICE-004721,Tablet,PERSON-000492,Android,2023-08-31,2023-08-31,true
DEVICE-004722,Smartphone,PERSON-000342,Android,2023-08-31,2023-08-31,true
DEVICE-004723,Feature Phone,PERSON-000886,Android,2023-08-31,2023-08-31,true
DEVICE-004724,Smartphone,PERSON-000144,Android,2023-08-31,2023-08-31,true
DEVICE-004725,Feature Phone,PERSON-000144,Android,2023-08-31,2023-08-31,true
DEVICE-004726,Feature Phone,PERSON-002082,iOS,2023-08-31,2023-08-31,true
DEVICE-004727,Feature Phone,PERSON-000305,iOS,2023-08-31,2023-08-31,true
DEVICE-004728,Smartphone,PERSON-000305,Android,2023-08-31,2023-08-31,true
DEVICE-004729,Tablet,PERSON-002675,iOS,2023-10-14,2023-10-14,true
DEVICE-004730,Feature Phone,PERSON-002835,iOS,2023-10-14,2023-10-14,true
DEVICE-004731,Smartphone,PERSON-000576,Android,2023-10-14,2023-10-14,true
DEVICE-004732,Feature Phone,PERSON-000904,iOS,2023-10-14,2023-10-14,true
DEVICE-004733,Smartphone,PERSON-000106,iOS,2023-10-14,2023-10-14,true
DEVICE-004734,Tablet,PERSON-000230,iOS,2023-10-14,2023-10-14,true
DEVICE-004735,Tablet,PERSON-000584,iOS,2023-10-14,2023-10-14,true
DEVICE-004736,Tablet,PERSON-002715,iOS,2023-10-14,2023-10-14,true
DEVICE-004737,Smartphone,PERSON-000233,iOS,2023-07-14,2023-07-14,true
DEVICE-004738,Tablet,PERSON-000492,iOS,2023-07-14,2023-07-14,true
DEVICE-004739,Smartphone,PERSON-001478,Android,2023-07-14,2023-07-14,true
DEVICE-004740,Feature Phone,PERSON-001615,Android,2023-07-14,2023-07-14,true
DEVICE-004741,Tablet,PERSON-000886,Android,2023-07-14,2023-07-14,true
DEVICE-004742,Feature Phone,PERSON-000886,iOS,2023-07-14,2023-07-14,true
DEVICE-004743,Smartphone,PERSON-000920,iOS,2023-07-14,2023-07-14,true
DEVICE-004744,Feature Phone,PERSON-000302,Android,2023-07-14,2023-07-14,true
DEVICE-004745,Smartphone,PERSON-000302,Android,2023-07-14,2023-07-14,true
DEVICE-004746,Feature Phone,PERSON-001543,iOS,2023-07-14,2023-07-14,true
DEVICE-004747,Tablet,PERSON-001543,iOS,2023-07-14,2023-07-14,true
DEVICE-004748,Tablet,PERSON-002082,Android,2023-07-14,2023-07-14,true
DEVICE-004749,Smartphone,PERSON-001830,Android,2023-07-14,2023-07-14,true
DEVICE-004750,Smartphone,PERSON-001830,Android,2023-07-14,2023-07-14,true
DEVICE-004751,Smartphone,PERSON-000538,Android,2023-05-22,2023-05-22,true
DEVICE-004752,Smartphone,PERSON-001544,iOS,2023-05-22,2023-05-22,true
DEVICE-004753,Feature Phone,PERSON-002873,Android,2023-05-22,2023-05-22,true
DEVICE-004754,Tablet,PERSON-002873,iOS,2023-05-22,2023-05-22,true
DEVICE-004755,Smartphone,PERSON-000717,Android,2023-05-22,2023-05-22,true
DEVICE-004756,Tablet,PERSON-000921,Android,2023-05-22,2023-05-22,true
DEVICE-004757,Smartphone,PERSON-001965,Android,2023-05-22,2023-05-22,true
DEVICE-004758,Smartphone,PERSON-001965,iOS,2023-05-22,2023-05-22,true
DEVICE-004759,Tablet,PERSON-000357,iOS,2023-05-22,2023-05-22,true
DEVICE-004760,Smartphone,PERSON-000357,Android,2023-05-22,2023-05-22,true
DEVICE-004761,Tablet,PERSON-000862,Android,2023-01-01,2023-01-01,true
DEVICE-004762,Tablet,PERSON-000295,Android,2023-01-01,2023-01-01,true
DEVICE-004763,Tablet,PERSON-001701,iOS,2023-01-01,2023-01-01,true
DEVICE-004764,Tablet,PERSON-001701,iOS,2023-01-01,2023-01-01,true
DEVICE-004765,Smartphone,PERSON-002449,Android,2023-01-01,2023-01-01,true
DEVICE-004766,Feature Phone,PERSON-002449,iOS,2023-01-01,2023-01-01,true
DEVICE-004767,Feature Phone,PERSON-000846,iOS,2023-01-01,2023-01-01,true
DEVICE-004768,Feature Phone,PERSON-002646,Android,2023-01-01,2023-01-01,true
DEVICE-004769,Feature Phone,PERSON-002646,Android,2023-01-01,2023-01-01,true
DEVICE-004770,Smartphone,PERSON-002965,iOS,2023-01-01,2023-01-01,true
DEVICE-004771,Smartphone,PERSON-000484,Android,2023-01-01,2023-01-01,true
DEVICE-004772,Feature Phone,PERSON-002654,Android,2023-01-01,2023-01-01,true
DEVICE-004773,Tablet,PERSON-001492,Android,2023-01-01,2023-01-01,true
DEVICE-004774,Tablet,PERSON-001152,Android,2023-01-01,2023-01-01,true
DEVICE-004775,Smartphone,PERSON-002428,Android,2023-01-13,2023-01-13,true
DEVICE-004776,Smartphone,PERSON-001944,iOS,2023-01-13,2023-01-13,true
DEVICE-004777,Feature Phone,PERSON-001206,Android,2023-01-13,2023-01-13,true
DEVICE-004778,Smartphone,PERSON-002788,Android,2023-01-13,2023-01-13,true
DEVICE-004779,Feature Phone,PERSON-000812,iOS,2023-01-13,2023-01-13,true
DEVICE-004780,Tablet,PERSON-000001,Android,2023-01-13,2023-01-13,true
DEVICE-004781,Smartphone,PERSON-000710,iOS,2023-01-13,2023-01-13,true
DEVICE-004782,Feature Phone,PERSON-000763,iOS,2023-01-13,2023-01-13,true
DEVICE-004783,Tablet,PERSON-000081,iOS,2023-12-28,2023-12-28,true
DEVICE-004784,Feature Phone,PERSON-000081,iOS,2023-12-28,2023-12-28,true
DEVICE-004785,Tablet,PERSON-001861,iOS,2023-12-28,2023-12-28,true
DEVICE-004786,Tablet,PERSON-000063,iOS,2023-12-28,2023-12-28,true
DEVICE-004787,Tablet,PERSON-000863,Android,2023-12-28,2023-12-28,true
DEVICE-004788,Tablet,PERSON-002757,Android,2023-12-28,2023-12-28,true
DEVICE-004789,Smartphone,PERSON-001589,Android,2023-12-28,2023-12-28,true
DEVICE-004790,Feature Phone,PERSON-002745,iOS,2023-12-28,2023-12-28,true
DEVICE-004791,Smartphone,PERSON-000822,iOS,2023-11-25,2023-11-25,true
DEVICE-004792,Smartphone,PERSON-000822,Android,2023-11-25,2023-11-25,true
DEVICE-004793,Smartphone,PERSON-002759,iOS,2023-11-25,2023-11-25,true
DEVICE-004794,Tablet,PERSON-000613,iOS,2023-11-25,2023-11-25,true
DEVICE-004795,Tablet,PERSON-002068,iOS,2023-11-25,2023-11-25,true
DEVICE-004796,Smartphone,PERSON-001578,Android,2023-11-25,2023-11-25,true
DEVICE-004797,Smartphone,PERSON-001558,iOS,2023-10-05,2023-10-05,true
DEVICE-004798,Smartphone,PERSON-000540,Android,2023-10-05,2023-10-05,true
DEVICE-004799,Smartphone,PERSON-001115,iOS,2023-10-05,2023-10-05,true
DEVICE-004800,Smartphone,PERSON-000180,iOS,2023-10-05,2023-10-05,true
DEVICE-004801,Feature Phone,PERSON-001610,Android,2023-10-05,2023-10-05,true
DEVICE-004802,Feature Phone,PERSON-001757,Android,2023-10-05,2023-10-05,true
DEVICE-004803,Smartphone,PERSON-000121,iOS,2023-05-08,2023-05-08,true
DEVICE-004804,Tablet,PERSON-001997,Android,2023-05-08,2023-05-08,true
DEVICE-004805,Smartphone,PERSON-001886,iOS,2023-05-08,2023-05-08,true
DEVICE-004806,Feature Phone,PERSON-001796,Android,2023-05-08,2023-05-08,true
DEVICE-004807,Tablet,PERSON-001796,iOS,2023-05-08,2023-05-08,true
DEVICE-004808,Smartphone,PERSON-000955,iOS,2023-05-08,2023-05-08,true
DEVICE-004809,Smartphone,PERSON-002197,iOS,2023-05-08,2023-05-08,true
DEVICE-004810,Feature Phone,PERSON-002197,Android,2023-05-08,2023-05-08,true
DEVICE-004811,Smartphone,PERSON-000845,iOS,2023-05-08,2023-05-08,true
DEVICE-004812,Tablet,PERSON-000288,Android,2023-05-08,2023-05-08,true
DEVICE-004813,Smartphone,PERSON-002418,Android,2023-05-08,2023-05-08,true
DEVICE-004814,Tablet,PERSON-000140,Android,2023-05-08,2023-05-08,true
DEVICE-004815,Feature Phone,PERSON-000957,Android,2023-05-08,2023-05-08,true
DEVICE-004816,Feature Phone,PERSON-000957,iOS,2023-05-08,2023-05-08,true
DEVICE-004817,Smartphone,PERSON-000175,Android,2023-05-24,2023-05-24,true
DEVICE-004818,Smartphone,PERSON-001944,iOS,2023-05-24,2023-05-24,true
DEVICE-004819,Feature Phone,PERSON-001259,iOS,2023-05-24,2023-05-24,true
DEVICE-004820,Smartphone,PERSON-001769,Android,2023-05-24,2023-05-24,true
DEVICE-004821,Feature Phone,PERSON-002788,Android,2023-05-24,2023-05-24,true
DEVICE-004822,Tablet,PERSON-001262,iOS,2023-05-24,2023-05-24,true
DEVICE-004823,Smartphone,PERSON-001262,Android,2023-05-24,2023-05-24,true
DEVICE-004824,Tablet,PERSON-000734,iOS,2023-05-24,2023-05-24,true
DEVICE-004825,Feature Phone,PERSON-000734,Android,2023-05-24,2023-05-24,true
DEVICE-004826,Feature Phone,PERSON-000001,iOS,2023-05-24,2023-05-24,true
DEVICE-004827,Feature Phone,PERSON-000682,iOS,2023-11-16,2023-11-16,true
DEVICE-004828,Smartphone,PERSON-000682,iOS,2023-11-16,2023-11-16,true
DEVICE-004829,Tablet,PERSON-002737,iOS,2023-11-16,2023-11-16,true
DEVICE-004830,Tablet,PERSON-000473,Android,2023-11-16,2023-11-16,true
DEVICE-004831,Feature Phone,PERSON-000042,Android,2023-11-16,2023-11-16,true
DEVICE-004832,Feature Phone,PERSON-000165,Android,2023-11-16,2023-11-16,true
DEVICE-004833,Tablet,PERSON-001481,Android,2023-11-16,2023-11-16,true
DEVICE-004834,Tablet,PERSON-000275,Android,2023-11-16,2023-11-16,true
DEVICE-004835,Tablet,PERSON-002771,Android,2023-11-16,2023-11-16,true
DEVICE-004836,Smartphone,PERSON-002068,Android,2023-11-16,2023-11-16,true
DEVICE-004837,Feature Phone,PERSON-002068,iOS,2023-11-16,2023-11-16,true
DEVICE-004838,Tablet,PERSON-000121,Android,2023-09-08,2023-09-08,true
DEVICE-004839,Tablet,PERSON-000135,Android,2023-09-08,2023-09-08,true
DEVICE-004840,Feature Phone,PERSON-000812,Android,2023-09-08,2023-09-08,true
DEVICE-004841,Tablet,PERSON-000622,Android,2023-09-08,2023-09-08,true
DEVICE-004842,Smartphone,PERSON-002247,Android,2023-09-08,2023-09-08,true
DEVICE-004843,Smartphone,PERSON-000634,iOS,2023-09-08,2023-09-08,true
DEVICE-004844,Tablet,PERSON-002675,Android,2023-05-19,2023-05-19,true
DEVICE-004845,Feature Phone,PERSON-000611,Android,2023-05-19,2023-05-19,true
DEVICE-004846,Smartphone,PERSON-001596,Android,2023-05-19,2023-05-19,true
DEVICE-004847,Tablet,PERSON-001363,iOS,2023-05-19,2023-05-19,true
DEVICE-004848,Smartphone,PERSON-000886,Android,2023-05-19,2023-05-19,true
DEVICE-004849,Tablet,PERSON-000497,iOS,2023-05-19,2023-05-19,true
DEVICE-004850,Tablet,PERSON-002077,Android,2023-05-19,2023-05-19,true
DEVICE-004851,Tablet,PERSON-002847,Android,2023-05-19,2023-05-19,true
DEVICE-004852,Feature Phone,PERSON-002847,iOS,2023-05-19,2023-05-19,true
DEVICE-004853,Tablet,PERSON-001847,iOS,2023-05-19,2023-05-19,true
DEVICE-004854,Tablet,PERSON-002922,Android,2023-05-19,2023-05-19,true
DEVICE-004855,Feature Phone,PERSON-001596,iOS,2023-10-30,2023-10-30,true
DEVICE-004856,Smartphone,PERSON-001480,Android,2023-10-30,2023-10-30,true
DEVICE-004857,Tablet,PERSON-000497,Android,2023-10-30,2023-10-30,true
DEVICE-004858,Tablet,PERSON-002847,Android,2023-10-30,2023-10-30,true
DEVICE-004859,Feature Phone,PERSON-002847,iOS,2023-10-30,2023-10-30,true
DEVICE-004860,Feature Phone,PERSON-001423,Android,2023-10-30,2023-10-30,true
DEVICE-004861,Tablet,PERSON-000611,iOS,2023-02-14,2023-02-14,true
DEVICE-004862,Tablet,PERSON-000611,Android,2023-02-14,2023-02-14,true
DEVICE-004863,Smartphone,PERSON-002309,iOS,2023-02-14,2023-02-14,true
DEVICE-004864,Tablet,PERSON-000635,iOS,2023-02-14,2023-02-14,true
DEVICE-004865,Smartphone,PERSON-000497,iOS,2023-02-14,2023-02-14,true
DEVICE-004866,Feature Phone,PERSON-001558,iOS,2023-06-25,2023-06-25,true
DEVICE-004867,Smartphone,PERSON-001558,iOS,2023-06-25,2023-06-25,true
DEVICE-004868,Feature Phone,PERSON-002821,Android,2023-06-25,2023-06-25,true
DEVICE-004869,Tablet,PERSON-000180,iOS,2023-06-25,2023-06-25,true
DEVICE-004870,Feature Phone,PERSON-001610,iOS,2023-06-25,2023-06-25,true
DEVICE-004871,Smartphone,PERSON-001262,iOS,2023-06-25,2023-06-25,true
DEVICE-004872,Feature Phone,PERSON-001543,Android,2023-06-25,2023-06-25,true
DEVICE-004873,Tablet,PERSON-000267,Android,2023-06-25,2023-06-25,true
DEVICE-004874,Smartphone,PERSON-000792,iOS,2023-06-25,2023-06-25,true
DEVICE-004875,Feature Phone,PERSON-000792,Android,2023-06-25,2023-06-25,true
DEVICE-004876,Feature Phone,PERSON-002060,iOS,2023-06-25,2023-06-25,true
DEVICE-004877,Smartphone,PERSON-000440,iOS,2023-06-25,2023-06-25,true
DEVICE-004878,Feature Phone,PERSON-001558,Android,2023-12-06,2023-12-06,true
DEVICE-004879,Tablet,PERSON-000540,Android,2023-12-06,2023-12-06,true
DEVICE-004880,Tablet,PERSON-001474,Android,2023-12-06,2023-12-06,true
DEVICE-004881,Feature Phone,PERSON-001115,Android,2023-12-06,2023-12-06,true
DEVICE-004882,Tablet,PERSON-001115,iOS,2023-12-06,2023-12-06,true
DEVICE-004883,Smartphone,PERSON-001610,Android,2023-12-06,2023-12-06,true
DEVICE-004884,Feature Phone,PERSON-000792,iOS,2023-12-06,2023-12-06,true
DEVICE-004885,Smartphone,PERSON-000792,iOS,2023-12-06,2023-12-06,true
DEVICE-004886,Tablet,PERSON-002335,Android,2023-12-06,2023-12-06,true
DEVICE-004887,Smartphone,PERSON-002060,iOS,2023-12-06,2023-12-06,true
DEVICE-004888,Smartphone,PERSON-002618,iOS,2023-12-06,2023-12-06,true
DEVICE-004889,Tablet,PERSON-000440,iOS,2023-12-06,2023-12-06,true
DEVICE-004890,Smartphone,PERSON-000245,Android,2023-05-13,2023-05-13,true
DEVICE-004891,Smartphone,PERSON-002309,iOS,2023-05-13,2023-05-13,true
DEVICE-004892,Smartphone,PERSON-002309,iOS,2023-05-13,2023-05-13,true
DEVICE-004893,Smartphone,PERSON-000943,Android,2023-05-13,2023-05-13,true
DEVICE-004894,Tablet,PERSON-000943,iOS,2023-05-13,2023-05-13,true
DEVICE-004895,Smartphone,PERSON-002408,Android,2023-05-13,2023-05-13,true
DEVICE-004896,Feature Phone,PERSON-002408,Android,2023-05-13,2023-05-13,true
DEVICE-004897,Feature Phone,PERSON-001747,iOS,2023-05-13,2023-05-13,true
DEVICE-004898,Feature Phone,PERSON-001691,Android,2023-05-13,2023-05-13,true
DEVICE-004899,Tablet,PERSON-000374,Android,2023-05-13,2023-05-13,true
DEVICE-004900,Tablet,PERSON-002304,iOS,2023-05-13,2023-05-13,true
DEVICE-004901,Tablet,PERSON-002393,iOS,2023-05-13,2023-05-13,true
DEVICE-004902,Feature Phone,PERSON-002393,Android,2023-05-13,2023-05-13,true
DEVICE-004903,Feature Phone,PERSON-001847,iOS,2023-05-13,2023-05-13,true
DEVICE-004904,Tablet,PERSON-001425,Android,2023-05-23,2023-05-23,true
DEVICE-004905,Tablet,PERSON-000822,Android,2023-05-23,2023-05-23,true
DEVICE-004906,Tablet,PERSON-002986,Android,2023-05-23,2023-05-23,true
DEVICE-004907,Smartphone,PERSON-000613,iOS,2023-05-23,2023-05-23,true
DEVICE-004908,Tablet,PERSON-002728,Android,2023-05-23,2023-05-23,true
DEVICE-004909,Feature Phone,PERSON-002728,iOS,2023-05-23,2023-05-23,true
DEVICE-004910,Smartphone,PERSON-001578,iOS,2023-05-23,2023-05-23,true
DEVICE-004911,Feature Phone,PERSON-000604,iOS,2023-01-25,2023-01-25,true
DEVICE-004912,Tablet,PERSON-000538,Android,2023-01-25,2023-01-25,true
DEVICE-004913,Tablet,PERSON-001540,Android,2023-01-25,2023-01-25,true
DEVICE-004914,Feature Phone,PERSON-000621,iOS,2023-01-25,2023-01-25,true
DEVICE-004915,Smartphone,PERSON-000863,iOS,2023-01-25,2023-01-25,true
DEVICE-004916,Tablet,PERSON-002745,iOS,2023-01-25,2023-01-25,true
DEVICE-004917,Smartphone,PERSON-000765,iOS,2023-01-25,2023-01-25,true
DEVICE-004918,Tablet,PERSON-001210,Android,2023-10-15,2023-10-15,true
DEVICE-004919,Feature Phone,PERSON-000146,iOS,2023-10-15,2023-10-15,true
DEVICE-004920,Feature Phone,PERSON-001667,Android,2023-10-15,2023-10-15,true
DEVICE-004921,Tablet,PERSON-001558,Android,2023-10-15,2023-10-15,true
DEVICE-004922,Smartphone,PERSON-002750,Android,2023-10-15,2023-10-15,true
DEVICE-004923,Feature Phone,PERSON-001041,iOS,2023-10-15,2023-10-15,true
DEVICE-004924,Tablet,PERSON-001670,Android,2023-10-15,2023-10-15,true
DEVICE-004925,Smartphone,PERSON-002444,iOS,2023-10-15,2023-10-15,true
DEVICE-004926,Tablet,PERSON-002020,iOS,2023-05-20,2023-05-20,true
DEVICE-004927,Tablet,PERSON-002279,Android,2023-05-20,2023-05-20,true
DEVICE-004928,Tablet,PERSON-002279,iOS,2023-05-20,2023-05-20,true
DEVICE-004929,Feature Phone,PERSON-002517,Android,2023-05-20,2023-05-20,true
DEVICE-004930,Smartphone,PERSON-000120,Android,2023-05-20,2023-05-20,true
DEVICE-004931,Feature Phone,PERSON-000621,Android,2023-05-20,2023-05-20,true
DEVICE-004932,Tablet,PERSON-000357,iOS,2023-05-20,2023-05-20,true
DEVICE-004933,Tablet,PERSON-001780,iOS,2023-09-21,2023-09-21,true
DEVICE-004934,Tablet,PERSON-001093,iOS,2023-09-21,2023-09-21,true
DEVICE-004935,Smartphone,PERSON-002846,iOS,2023-09-21,2023-09-21,true
DEVICE-004936,Tablet,PERSON-002304,Android,2023-09-21,2023-09-21,true
DEVICE-004937,Tablet,PERSON-001847,Android,2023-09-21,2023-09-21,true
DEVICE-004938,Feature Phone,PERSON-000081,Android,2023-07-28,2023-07-28,true
DEVICE-004939,Tablet,PERSON-001259,iOS,2023-07-28,2023-07-28,true
DEVICE-004940,Feature Phone,PERSON-001259,Android,2023-07-28,2023-07-28,true
DEVICE-004941,Feature Phone,PERSON-000850,iOS,2023-07-28,2023-07-28,true
DEVICE-004942,Tablet,PERSON-000850,iOS,2023-07-28,2023-07-28,true
DEVICE-004943,Smartphone,PERSON-002574,Android,2023-07-28,2023-07-28,true
DEVICE-004944,Smartphone,PERSON-000863,iOS,2023-07-28,2023-07-28,true
DEVICE-004945,Smartphone,PERSON-000063,Android,2023-07-28,2023-07-28,true
DEVICE-004946,Feature Phone,PERSON-001589,iOS,2023-07-28,2023-07-28,true
DEVICE-004947,Smartphone,PERSON-001863,iOS,2023-10-29,2023-10-29,true
DEVICE-004948,Feature Phone,PERSON-002066,Android,2023-10-29,2023-10-29,true
DEVICE-004949,Feature Phone,PERSON-002771,Android,2023-10-29,2023-10-29,true
DEVICE-004950,Tablet,PERSON-002771,iOS,2023-10-29,2023-10-29,true
DEVICE-004951,Feature Phone,PERSON-000991,iOS,2023-10-29,2023-10-29,true
DEVICE-004952,Smartphone,PERSON-000991,iOS,2023-10-29,2023-10-29,true
DEVICE-004953,Tablet,PERSON-002039,iOS,2023-11-23,2023-11-23,true
DEVICE-004954,Tablet,PERSON-000092,iOS,2023-11-23,2023-11-23,true
DEVICE-004955,Tablet,PERSON-000092,iOS,2023-11-23,2023-11-23,true
DEVICE-004956,Smartphone,PERSON-000046,iOS,2023-11-23,2023-11-23,true
DEVICE-004957,Feature Phone,PERSON-000046,iOS,2023-11-23,2023-11-23,true
DEVICE-004958,Smartphone,PERSON-000556,iOS,2023-11-23,2023-11-23,true
DEVICE-004959,Smartphone,PERSON-001337,Android,2023-11-23,2023-11-23,true
DEVICE-004960,Smartphone,PERSON-001861,iOS,2023-08-12,2023-08-12,true
DEVICE-004961,Smartphone,PERSON-000081,Android,2023-08-12,2023-08-12,true
DEVICE-004962,Smartphone,PERSON-000863,Android,2023-08-12,2023-08-12,true
DEVICE-004963,Smartphone,PERSON-001259,iOS,2023-08-12,2023-08-12,true
DEVICE-004964,Tablet,PERSON-000260,Android,2023-06-26,2023-06-26,true
DEVICE-004965,Tablet,PERSON-000260,iOS,2023-06-26,2023-06-26,true
DEVICE-004966,Feature Phone,PERSON-000825,iOS,2023-06-26,2023-06-26,true
DEVICE-004967,Tablet,PERSON-001780,Android,2023-06-26,2023-06-26,true
DEVICE-004968,Smartphone,PERSON-000607,iOS,2023-06-26,2023-06-26,true
DEVICE-004969,Smartphone,PERSON-001578,iOS,2023-06-26,2023-06-26,true
DEVICE-004970,Feature Phone,PERSON-001029,Android,2023-06-26,2023-06-26,true
DEVICE-004971,Feature Phone,PERSON-002517,Android,2023-10-17,2023-10-17,true
DEVICE-004972,Feature Phone,PERSON-000492,Android,2023-10-17,2023-10-17,true
DEVICE-004973,Tablet,PERSON-000120,iOS,2023-10-17,2023-10-17,true
DEVICE-004974,Tablet,PERSON-000120,iOS,2023-10-17,2023-10-17,true
DEVICE-004975,Feature Phone,PERSON-002873,Android,2023-10-17,2023-10-17,true
DEVICE-004976,Feature Phone,PERSON-000921,Android,2023-10-17,2023-10-17,true
DEVICE-004977,Tablet,PERSON-001540,Android,2023-10-17,2023-10-17,true
DEVICE-004978,Smartphone,PERSON-001992,Android,2023-10-17,2023-10-17,true
DEVICE-004979,Feature Phone,PERSON-000083,iOS,2023-10-17,2023-10-17,true
DEVICE-004980,Tablet,PERSON-002745,iOS,2023-10-17,2023-10-17,true
DEVICE-004981,Feature Phone,PERSON-000488,iOS,2023-10-17,2023-10-17,true
DEVICE-004982,Smartphone,PERSON-000488,Android,2023-10-17,2023-10-17,true
DEVICE-004983,Tablet,PERSON-000765,iOS,2023-10-17,2023-10-17,true
DEVICE-004984,Smartphone,PERSON-000357,iOS,2023-10-17,2023-10-17,true
DEVICE-004985,Feature Phone,PERSON-000357,Android,2023-10-17,2023-10-17,true
DEVICE-004986,Smartphone,PERSON-001667,iOS,2023-04-02,2023-04-02,true
DEVICE-004987,Feature Phone,PERSON-000146,iOS,2023-04-02,2023-04-02,true
DEVICE-004988,Feature Phone,PERSON-001558,iOS,2023-04-02,2023-04-02,true
DEVICE-004989,Tablet,PERSON-002750,Android,2023-04-02,2023-04-02,true
DEVICE-004990,Smartphone,PERSON-001041,Android,2023-04-02,2023-04-02,true
DEVICE-004991,Feature Phone,PERSON-000259,iOS,2023-04-02,2023-04-02,true
DEVICE-004992,Feature Phone,PERSON-001670,iOS,2023-04-02,2023-04-02,true
DEVICE-004993,Tablet,PERSON-000783,iOS,2023-02-17,2023-02-17,true
DEVICE-004994,Feature Phone,PERSON-000245,iOS,2023-02-17,2023-02-17,true
DEVICE-004995,Feature Phone,PERSON-000943,iOS,2023-02-17,2023-02-17,true
DEVICE-004996,Feature Phone,PERSON-001780,Android,2023-02-17,2023-02-17,true
DEVICE-004997,Tablet,PERSON-002397,Android,2023-02-17,2023-02-17,true
DEVICE-004998,Feature Phone,PERSON-002408,Android,2023-02-17,2023-02-17,true
DEVICE-004999,Tablet,PERSON-000374,iOS,2023-02-17,2023-02-17,true
DEVICE-005000,Feature Phone,PERSON-001578,iOS,2023-02-17,2023-02-17,true
DEVICE-005001,Feature Phone,PERSON-001542,Android,2023-07-27,2023-07-27,true
DEVICE-005002,Smartphone,PERSON-002675,Android,2023-07-27,2023-07-27,true
DEVICE-005003,Smartphone,PERSON-000611,Android,2023-07-27,2023-07-27,true
DEVICE-005004,Tablet,PERSON-000497,iOS,2023-07-27,2023-07-27,true
DEVICE-005005,Tablet,PERSON-000497,iOS,2023-07-27,2023-07-27,true
DEVICE-005006,Smartphone,PERSON-002896,iOS,2023-07-27,2023-07-27,true
DEVICE-005007,Feature Phone,PERSON-002847,iOS,2023-07-27,2023-07-27,true
DEVICE-005008,Smartphone,PERSON-001847,iOS,2023-07-27,2023-07-27,true
DEVICE-005009,Tablet,PERSON-000635,Android,2023-07-27,2023-07-27,true
DEVICE-005010,Tablet,PERSON-000106,Android,2023-05-01,2023-05-01,true
DEVICE-005011,Smartphone,PERSON-001788,iOS,2023-05-01,2023-05-01,true
DEVICE-005012,Feature Phone,PERSON-000898,iOS,2023-05-01,2023-05-01,true
DEVICE-005013,Feature Phone,PERSON-001536,Android,2023-05-01,2023-05-01,true
DEVICE-005014,Feature Phone,PERSON-001536,iOS,2023-05-01,2023-05-01,true
DEVICE-005015,Smartphone,PERSON-000081,Android,2023-02-21,2023-02-21,true
DEVICE-005016,Tablet,PERSON-001180,Android,2023-02-21,2023-02-21,true
DEVICE-005017,Tablet,PERSON-001180,iOS,2023-02-21,2023-02-21,true
DEVICE-005018,Smartphone,PERSON-001259,Android,2023-02-21,2023-02-21,true
DEVICE-005019,Feature Phone,PERSON-001259,Android,2023-02-21,2023-02-21,true
DEVICE-005020,Smartphone,PERSON-000850,Android,2023-02-21,2023-02-21,true
DEVICE-005021,Feature Phone,PERSON-001861,iOS,2023-02-21,2023-02-21,true
DEVICE-005022,Smartphone,PERSON-002574,Android,2023-02-21,2023-02-21,true
DEVICE-005023,Tablet,PERSON-002574,Android,2023-02-21,2023-02-21,true
DEVICE-005024,Feature Phone,PERSON-000063,Android,2023-02-21,2023-02-21,true
DEVICE-005025,Smartphone,PERSON-000863,iOS,2023-02-21,2023-02-21,true
DEVICE-005026,Smartphone,PERSON-002757,Android,2023-02-21,2023-02-21,true
DEVICE-005027,Feature Phone,PERSON-001589,Android,2023-02-21,2023-02-21,true
DEVICE-005028,Feature Phone,PERSON-001558,iOS,2023-08-11,2023-08-11,true
DEVICE-005029,Tablet,PERSON-001474,iOS,2023-08-11,2023-08-11,true
DEVICE-005030,Tablet,PERSON-001610,Android,2023-08-11,2023-08-11,true
DEVICE-005031,Tablet,PERSON-002618,iOS,2023-08-11,2023-08-11,true
DEVICE-005032,Smartphone,PERSON-001757,Android,2023-08-11,2023-08-11,true
DEVICE-005033,Feature Phone,PERSON-000538,iOS,2023-03-18,2023-03-18,true
DEVICE-005034,Smartphone,PERSON-000538,Android,2023-03-18,2023-03-18,true
DEVICE-005035,Feature Phone,PERSON-002873,Android,2023-03-18,2023-03-18,true
DEVICE-005036,Smartphone,PERSON-000083,iOS,2023-03-18,2023-03-18,true
DEVICE-005037,Smartphone,PERSON-002745,iOS,2023-03-18,2023-03-18,true
DEVICE-005038,Tablet,PERSON-000488,iOS,2023-03-18,2023-03-18,true
DEVICE-005039,Feature Phone,PERSON-000765,iOS,2023-03-18,2023-03-18,true
DEVICE-005040,Tablet,PERSON-000357,iOS,2023-03-18,2023-03-18,true
DEVICE-005041,Tablet,PERSON-000621,iOS,2023-12-12,2023-12-12,true
DEVICE-005042,Feature Phone,PERSON-001898,iOS,2023-12-12,2023-12-12,true
DEVICE-005043,Feature Phone,PERSON-000863,Android,2023-12-12,2023-12-12,true
DEVICE-005044,Feature Phone,PERSON-001965,Android,2023-12-12,2023-12-12,true
DEVICE-005045,Tablet,PERSON-001965,Android,2023-12-12,2023-12-12,true
DEVICE-005046,Tablet,PERSON-002558,iOS,2023-08-25,2023-08-25,true
DEVICE-005047,Tablet,PERSON-000397,Android,2023-08-25,2023-08-25,true
DEVICE-005048,Tablet,PERSON-002279,Android,2023-08-25,2023-08-25,true
DEVICE-005049,Tablet,PERSON-000622,Android,2023-08-25,2023-08-25,true
DEVICE-005050,Tablet,PERSON-000622,iOS,2023-08-25,2023-08-25,true
DEVICE-005051,Feature Phone,PERSON-000074,iOS,2023-08-25,2023-08-25,true
DEVICE-005052,Tablet,PERSON-000154,iOS,2023-08-25,2023-08-25,true
DEVICE-005053,Tablet,PERSON-001664,Android,2023-08-13,2023-08-13,true
DEVICE-005054,Tablet,PERSON-001664,Android,2023-08-13,2023-08-13,true
DEVICE-005055,Tablet,PERSON-001343,Android,2023-08-13,2023-08-13,true
DEVICE-005056,Smartphone,PERSON-000948,iOS,2023-08-13,2023-08-13,true
DEVICE-005057,Smartphone,PERSON-001885,iOS,2023-08-13,2023-08-13,true
DEVICE-005058,Smartphone,PERSON-000584,iOS,2023-08-13,2023-08-13,true
DEVICE-005059,Tablet,PERSON-000697,iOS,2023-08-13,2023-08-13,true
DEVICE-005060,Tablet,PERSON-000230,iOS,2023-08-13,2023-08-13,true
DEVICE-005061,Feature Phone,PERSON-001110,iOS,2023-03-09,2023-03-09,true
DEVICE-005062,Feature Phone,PERSON-002982,iOS,2023-03-09,2023-03-09,true
DEVICE-005063,Tablet,PERSON-000566,iOS,2023-03-09,2023-03-09,true
DEVICE-005064,Tablet,PERSON-001127,Android,2023-03-09,2023-03-09,true
DEVICE-005065,Feature Phone,PERSON-001360,Android,2023-03-09,2023-03-09,true
DEVICE-005066,Smartphone,PERSON-002847,iOS,2023-03-09,2023-03-09,true
DEVICE-005067,Feature Phone,PERSON-002847,iOS,2023-03-09,2023-03-09,true
DEVICE-005068,Smartphone,PERSON-001552,iOS,2023-03-09,2023-03-09,true
DEVICE-005069,Tablet,PERSON-000455,Android,2023-03-09,2023-03-09,true
DEVICE-005070,Smartphone,PERSON-000260,iOS,2023-01-22,2023-01-22,true
DEVICE-005071,Feature Phone,PERSON-000260,Android,2023-01-22,2023-01-22,true
DEVICE-005072,Smartphone,PERSON-000499,iOS,2023-01-22,2023-01-22,true
DEVICE-005073,Tablet,PERSON-000499,iOS,2023-01-22,2023-01-22,true
DEVICE-005074,Tablet,PERSON-000825,Android,2023-01-22,2023-01-22,true
DEVICE-005075,Feature Phone,PERSON-002397,Android,2023-01-22,2023-01-22,true
DEVICE-005076,Smartphone,PERSON-001747,iOS,2023-01-22,2023-01-22,true
DEVICE-005077,Smartphone,PERSON-002408,Android,2023-01-22,2023-01-22,true
DEVICE-005078,Tablet,PERSON-002408,Android,2023-01-22,2023-01-22,true
DEVICE-005079,Smartphone,PERSON-002304,iOS,2023-01-22,2023-01-22,true
DEVICE-005080,Smartphone,PERSON-001691,iOS,2023-01-22,2023-01-22,true
DEVICE-005081,Tablet,PERSON-001691,Android,2023-01-22,2023-01-22,true
DEVICE-005082,Tablet,PERSON-001847,Android,2023-01-22,2023-01-22,true
DEVICE-005083,Smartphone,PERSON-001667,iOS,2023-07-15,2023-07-15,true
DEVICE-005084,Feature Phone,PERSON-001558,Android,2023-07-15,2023-07-15,true
DEVICE-005085,Smartphone,PERSON-000351,iOS,2023-07-15,2023-07-15,true
DEVICE-005086,Tablet,PERSON-001041,Android,2023-07-15,2023-07-15,true
DEVICE-005087,Tablet,PERSON-001041,Android,2023-07-15,2023-07-15,true
DEVICE-005088,Feature Phone,PERSON-000272,iOS,2023-07-15,2023-07-15,true
DEVICE-005089,Smartphone,PERSON-001670,iOS,2023-07-15,2023-07-15,true
DEVICE-005090,Smartphone,PERSON-000233,iOS,2023-11-13,2023-11-13,true
DEVICE-005091,Smartphone,PERSON-000492,iOS,2023-11-13,2023-11-13,true
DEVICE-005092,Feature Phone,PERSON-001478,Android,2023-11-13,2023-11-13,true
DEVICE-005093,Tablet,PERSON-000342,iOS,2023-11-13,2023-11-13,true
DEVICE-005094,Smartphone,PERSON-000342,Android,2023-11-13,2023-11-13,true
DEVICE-005095,Smartphone,PERSON-000886,Android,2023-11-13,2023-11-13,true
DEVICE-005096,Tablet,PERSON-000484,iOS,2023-11-13,2023-11-13,true
DEVICE-005097,Smartphone,PERSON-002082,Android,2023-11-13,2023-11-13,true
DEVICE-005098,Feature Phone,PERSON-000862,iOS,2023-07-02,2023-07-02,true
DEVICE-005099,Tablet,PERSON-000295,Android,2023-07-02,2023-07-02,true
DEVICE-005100,Smartphone,PERSON-001066,Android,2023-07-02,2023-07-02,true
DEVICE-005101,Feature Phone,PERSON-001013,Android,2023-07-02,2023-07-02,true
DEVICE-005102,Feature Phone,PERSON-000846,Android,2023-07-02,2023-07-02,true
DEVICE-005103,Feature Phone,PERSON-002646,Android,2023-07-02,2023-07-02,true
DEVICE-005104,Tablet,PERSON-002646,Android,2023-07-02,2023-07-02,true
DEVICE-005105,Feature Phone,PERSON-000823,Android,2023-07-02,2023-07-02,true
DEVICE-005106,Smartphone,PERSON-002618,iOS,2023-07-02,2023-07-02,true
DEVICE-005107,Smartphone,PERSON-002618,Android,2023-07-02,2023-07-02,true
DEVICE-005108,Feature Phone,PERSON-001573,iOS,2023-03-08,2023-03-08,true
DEVICE-005109,Tablet,PERSON-000647,Android,2023-03-08,2023-03-08,true
DEVICE-005110,Tablet,PERSON-000259,Android,2023-03-08,2023-03-08,true
DEVICE-005111,Smartphone,PERSON-000568,iOS,2023-03-08,2023-03-08,true
DEVICE-005112,Tablet,PERSON-000106,Android,2023-03-08,2023-03-08,true
DEVICE-005113,Feature Phone,PERSON-000106,iOS,2023-03-08,2023-03-08,true
DEVICE-005114,Tablet,PERSON-002954,iOS,2023-09-22,2023-09-22,true
DEVICE-005115,Smartphone,PERSON-000842,Android,2023-09-22,2023-09-22,true
DEVICE-005116,Smartphone,PERSON-000842,Android,2023-09-22,2023-09-22,true
DEVICE-005117,Smartphone,PERSON-002845,iOS,2023-09-22,2023-09-22,true
DEVICE-005118,Smartphone,PERSON-002845,Android,2023-09-22,2023-09-22,true
DEVICE-005119,Smartphone,PERSON-002788,iOS,2023-09-22,2023-09-22,true
DEVICE-005120,Smartphone,PERSON-000217,Android,2023-09-22,2023-09-22,true
DEVICE-005121,Feature Phone,PERSON-000217,iOS,2023-09-22,2023-09-22,true
DEVICE-005122,Smartphone,PERSON-000001,Android,2023-09-22,2023-09-22,true
DEVICE-005123,Smartphone,PERSON-000001,Android,2023-09-22,2023-09-22,true
DEVICE-005124,Smartphone,PERSON-000072,Android,2023-09-22,2023-09-22,true
DEVICE-005125,Tablet,PERSON-001385,iOS,2023-09-22,2023-09-22,true
DEVICE-005126,Smartphone,PERSON-001385,Android,2023-09-22,2023-09-22,true
DEVICE-005127,Feature Phone,PERSON-002136,Android,2023-12-03,2023-12-03,true
DEVICE-005128,Feature Phone,PERSON-000784,Android,2023-12-03,2023-12-03,true
DEVICE-005129,Feature Phone,PERSON-000784,iOS,2023-12-03,2023-12-03,true
DEVICE-005130,Tablet,PERSON-000538,iOS,2023-12-03,2023-12-03,true
DEVICE-005131,Tablet,PERSON-000717,iOS,2023-12-03,2023-12-03,true
DEVICE-005132,Tablet,PERSON-000717,iOS,2023-12-03,2023-12-03,true
DEVICE-005133,Feature Phone,PERSON-001131,Android,2023-12-03,2023-12-03,true
DEVICE-005134,Tablet,PERSON-000667,iOS,2023-12-03,2023-12-03,true
DEVICE-005135,Smartphone,PERSON-000580,Android,2023-12-03,2023-12-03,true
DEVICE-005136,Feature Phone,PERSON-000074,Android,2023-12-03,2023-12-03,true
DEVICE-005137,Tablet,PERSON-002499,Android,2023-12-03,2023-12-03,true
DEVICE-005138,Tablet,PERSON-001107,iOS,2023-12-03,2023-12-03,true
DEVICE-005139,Tablet,PERSON-001107,Android,2023-12-03,2023-12-03,true
DEVICE-005140,Feature Phone,PERSON-000538,iOS,2023-08-15,2023-08-15,true
DEVICE-005141,Feature Phone,PERSON-000120,iOS,2023-08-15,2023-08-15,true
DEVICE-005142,Feature Phone,PERSON-000120,iOS,2023-08-15,2023-08-15,true
DEVICE-005143,Smartphone,PERSON-001992,Android,2023-08-15,2023-08-15,true
DEVICE-005144,Feature Phone,PERSON-000863,Android,2023-08-15,2023-08-15,true
DEVICE-005145,Smartphone,PERSON-000863,iOS,2023-08-15,2023-08-15,true
DEVICE-005146,Tablet,PERSON-000103,iOS,2023-08-15,2023-08-15,true
DEVICE-005147,Tablet,PERSON-002745,Android,2023-08-15,2023-08-15,true
DEVICE-005148,Smartphone,PERSON-000765,iOS,2023-08-15,2023-08-15,true
DEVICE-005149,Smartphone,PERSON-001667,Android,2023-05-20,2023-05-20,true
DEVICE-005150,Feature Phone,PERSON-000146,iOS,2023-05-20,2023-05-20,true
DEVICE-005151,Feature Phone,PERSON-000146,Android,2023-05-20,2023-05-20,true
DEVICE-005152,Feature Phone,PERSON-001558,Android,2023-05-20,2023-05-20,true
DEVICE-005153,Tablet,PERSON-001558,iOS,2023-05-20,2023-05-20,true
DEVICE-005154,Smartphone,PERSON-000351,iOS,2023-05-20,2023-05-20,true
DEVICE-005155,Smartphone,PERSON-002750,iOS,2023-05-20,2023-05-20,true
DEVICE-005156,Feature Phone,PERSON-001041,Android,2023-05-20,2023-05-20,true
DEVICE-005157,Feature Phone,PERSON-002197,iOS,2023-05-20,2023-05-20,true
DEVICE-005158,Smartphone,PERSON-002197,iOS,2023-05-20,2023-05-20,true
DEVICE-005159,Feature Phone,PERSON-001670,Android,2023-05-20,2023-05-20,true
DEVICE-005160,Tablet,PERSON-001667,iOS,2023-01-29,2023-01-29,true
DEVICE-005161,Tablet,PERSON-000146,iOS,2023-01-29,2023-01-29,true
DEVICE-005162,Tablet,PERSON-001558,iOS,2023-01-29,2023-01-29,true
DEVICE-005163,Smartphone,PERSON-000351,iOS,2023-01-29,2023-01-29,true
DEVICE-005164,Smartphone,PERSON-001041,Android,2023-01-29,2023-01-29,true
DEVICE-005165,Tablet,PERSON-001589,Android,2023-01-29,2023-01-29,true
DEVICE-005166,Feature Phone,PERSON-001670,iOS,2023-01-29,2023-01-29,true
DEVICE-005167,Feature Phone,PERSON-002114,Android,2023-01-29,2023-01-29,true
DEVICE-005168,Tablet,PERSON-002517,iOS,2023-07-16,2023-07-16,true
DEVICE-005169,Smartphone,PERSON-002279,Android,2023-07-16,2023-07-16,true
DEVICE-005170,Tablet,PERSON-000120,Android,2023-07-16,2023-07-16,true
DEVICE-005171,Smartphone,PERSON-001898,Android,2023-07-16,2023-07-16,true
DEVICE-005172,Smartphone,PERSON-000921,Android,2023-07-16,2023-07-16,true
DEVICE-005173,Feature Phone,PERSON-001965,Android,2023-07-16,2023-07-16,true
DEVICE-005174,Tablet,PERSON-000863,iOS,2023-07-16,2023-07-16,true
DEVICE-005175,Feature Phone,PERSON-001992,Android,2023-07-16,2023-07-16,true
DEVICE-005176,Smartphone,PERSON-001992,Android,2023-07-16,2023-07-16,true
DEVICE-005177,Smartphone,PERSON-001543,Android,2023-07-16,2023-07-16,true
DEVICE-005178,Tablet,PERSON-002999,iOS,2023-07-16,2023-07-16,true
DEVICE-005179,Feature Phone,PERSON-000488,Android,2023-07-16,2023-07-16,true
DEVICE-005180,Smartphone,PERSON-002675,Android,2023-04-08,2023-04-08,true
DEVICE-005181,Feature Phone,PERSON-002675,iOS,2023-04-08,2023-04-08,true
DEVICE-005182,Tablet,PERSON-002835,iOS,2023-04-08,2023-04-08,true
DEVICE-005183,Smartphone,PERSON-000948,iOS,2023-04-08,2023-04-08,true
DEVICE-005184,Smartphone,PERSON-000948,iOS,2023-04-08,2023-04-08,true
DEVICE-005185,Smartphone,PERSON-001315,iOS,2023-04-08,2023-04-08,true
DEVICE-005186,Tablet,PERSON-002757,iOS,2023-04-08,2023-04-08,true
DEVICE-005187,Feature Phone,PERSON-000904,Android,2023-04-08,2023-04-08,true
DEVICE-005188,Tablet,PERSON-000584,Android,2023-04-08,2023-04-08,true
DEVICE-005189,Tablet,PERSON-002715,Android,2023-04-08,2023-04-08,true
DEVICE-005190,Tablet,PERSON-002737,iOS,2023-01-02,2023-01-02,true
DEVICE-005191,Smartphone,PERSON-000492,Android,2023-01-02,2023-01-02,true
DEVICE-005192,Feature Phone,PERSON-000414,iOS,2023-01-02,2023-01-02,true
DEVICE-005193,Feature Phone,PERSON-002417,iOS,2023-01-02,2023-01-02,true
DEVICE-005194,Tablet,PERSON-002417,Android,2023-01-02,2023-01-02,true
DEVICE-005195,Feature Phone,PERSON-000103,Android,2023-01-02,2023-01-02,true
DEVICE-005196,Feature Phone,PERSON-000103,Android,2023-01-02,2023-01-02,true
DEVICE-005197,Smartphone,PERSON-002136,iOS,2023-01-19,2023-01-19,true
DEVICE-005198,Smartphone,PERSON-000784,Android,2023-01-19,2023-01-19,true
DEVICE-005199,Smartphone,PERSON-000397,Android,2023-01-19,2023-01-19,true
DEVICE-005200,Tablet,PERSON-001234,Android,2023-01-19,2023-01-19,true
DEVICE-005201,Smartphone,PERSON-000580,Android,2023-01-19,2023-01-19,true
DEVICE-005202,Tablet,PERSON-000405,Android,2023-01-19,2023-01-19,true
DEVICE-005203,Tablet,PERSON-000622,iOS,2023-01-19,2023-01-19,true
DEVICE-005204,Feature Phone,PERSON-002368,Android,2023-01-19,2023-01-19,true
DEVICE-005205,Tablet,PERSON-000154,Android,2023-01-19,2023-01-19,true
DEVICE-005206,Feature Phone,PERSON-002277,Android,2023-07-14,2023-07-14,true
DEVICE-005207,Smartphone,PERSON-002277,iOS,2023-07-14,2023-07-14,true
DEVICE-005208,Smartphone,PERSON-002980,Android,2023-07-14,2023-07-14,true
DEVICE-005209,Tablet,PERSON-000295,iOS,2023-07-14,2023-07-14,true
DEVICE-005210,Smartphone,PERSON-001941,iOS,2023-07-14,2023-07-14,true
DEVICE-005211,Tablet,PERSON-001615,Android,2023-07-14,2023-07-14,true
DEVICE-005212,Smartphone,PERSON-001615,Android,2023-07-14,2023-07-14,true
DEVICE-005213,Smartphone,PERSON-000808,Android,2023-07-14,2023-07-14,true
DEVICE-005214,Feature Phone,PERSON-001673,Android,2023-07-14,2023-07-14,true
DEVICE-005215,Smartphone,PERSON-000075,Android,2023-07-14,2023-07-14,true
DEVICE-005216,Feature Phone,PERSON-000357,iOS,2023-07-14,2023-07-14,true
DEVICE-005217,Smartphone,PERSON-001210,iOS,2023-03-18,2023-03-18,true
DEVICE-005218,Feature Phone,PERSON-001210,iOS,2023-03-18,2023-03-18,true
DEVICE-005219,Tablet,PERSON-001667,Android,2023-03-18,2023-03-18,true
DEVICE-005220,Feature Phone,PERSON-000351,iOS,2023-03-18,2023-03-18,true
DEVICE-005221,Tablet,PERSON-002750,Android,2023-03-18,2023-03-18,true
DEVICE-005222,Tablet,PERSON-001041,iOS,2023-03-18,2023-03-18,true
DEVICE-005223,Tablet,PERSON-001041,Android,2023-03-18,2023-03-18,true
DEVICE-005224,Smartphone,PERSON-001589,iOS,2023-03-18,2023-03-18,true
DEVICE-005225,Smartphone,PERSON-001589,iOS,2023-03-18,2023-03-18,true
DEVICE-005226,Smartphone,PERSON-001670,iOS,2023-03-18,2023-03-18,true
DEVICE-005227,Feature Phone,PERSON-001610,Android,2023-10-05,2023-10-05,true
DEVICE-005228,Tablet,PERSON-000979,iOS,2023-10-05,2023-10-05,true
DEVICE-005229,Smartphone,PERSON-001668,iOS,2023-10-05,2023-10-05,true
DEVICE-005230,Smartphone,PERSON-002087,iOS,2023-10-05,2023-10-05,true
DEVICE-005231,Tablet,PERSON-002499,Android,2023-10-05,2023-10-05,true
DEVICE-005232,Tablet,PERSON-001397,iOS,2023-10-05,2023-10-05,true
DEVICE-005233,Smartphone,PERSON-001397,iOS,2023-10-05,2023-10-05,true
DEVICE-005234,Tablet,PERSON-002954,iOS,2023-06-18,2023-06-18,true
DEVICE-005235,Tablet,PERSON-002954,iOS,2023-06-18,2023-06-18,true
DEVICE-005236,Smartphone,PERSON-002428,iOS,2023-06-18,2023-06-18,true
DEVICE-005237,Smartphone,PERSON-001944,Android,2023-06-18,2023-06-18,true
DEVICE-005238,Tablet,PERSON-000175,iOS,2023-06-18,2023-06-18,true
DEVICE-005239,Feature Phone,PERSON-001478,iOS,2023-06-18,2023-06-18,true
DEVICE-005240,Feature Phone,PERSON-001478,iOS,2023-06-18,2023-06-18,true
DEVICE-005241,Smartphone,PERSON-002256,Android,2023-06-18,2023-06-18,true
DEVICE-005242,Tablet,PERSON-000710,iOS,2023-06-18,2023-06-18,true
DEVICE-005243,Tablet,PERSON-000072,Android,2023-06-18,2023-06-18,true
DEVICE-005244,Smartphone,PERSON-000763,Android,2023-06-18,2023-06-18,true
DEVICE-005245,Smartphone,PERSON-000763,Android,2023-06-18,2023-06-18,true
DEVICE-005246,Feature Phone,PERSON-001385,Android,2023-06-18,2023-06-18,true
DEVICE-005247,Feature Phone,PERSON-001385,iOS,2023-06-18,2023-06-18,true
DEVICE-005248,Smartphone,PERSON-001349,iOS,2023-02-21,2023-02-21,true
DEVICE-005249,Smartphone,PERSON-002990,iOS,2023-02-21,2023-02-21,true
DEVICE-005250,Tablet,PERSON-000042,Android,2023-02-21,2023-02-21,true
DEVICE-005251,Feature Phone,PERSON-000042,Android,2023-02-21,2023-02-21,true
DEVICE-005252,Tablet,PERSON-001658,iOS,2023-02-21,2023-02-21,true
DEVICE-005253,Feature Phone,PERSON-002975,iOS,2023-02-21,2023-02-21,true
DEVICE-005254,Smartphone,PERSON-002975,iOS,2023-02-21,2023-02-21,true
DEVICE-005255,Smartphone,PERSON-001056,iOS,2023-02-21,2023-02-21,true
DEVICE-005256,Feature Phone,PERSON-001056,Android,2023-02-21,2023-02-21,true
DEVICE-005257,Smartphone,PERSON-000898,Android,2023-02-21,2023-02-21,true
DEVICE-005258,Feature Phone,PERSON-000898,iOS,2023-02-21,2023-02-21,true
DEVICE-005259,Tablet,PERSON-001589,Android,2023-02-21,2023-02-21,true
DEVICE-005260,Tablet,PERSON-000051,iOS,2023-02-21,2023-02-21,true
DEVICE-005261,Tablet,PERSON-001369,Android,2023-12-19,2023-12-19,true
DEVICE-005262,Feature Phone,PERSON-001805,Android,2023-12-19,2023-12-19,true
DEVICE-005263,Feature Phone,PERSON-001479,iOS,2023-12-19,2023-12-19,true
DEVICE-005264,Smartphone,PERSON-000991,Android,2023-12-19,2023-12-19,true
DEVICE-005265,Feature Phone,PERSON-000957,iOS,2023-12-19,2023-12-19,true
DEVICE-005266,Feature Phone,PERSON-000260,iOS,2023-12-01,2023-12-01,true
DEVICE-005267,Smartphone,PERSON-001334,iOS,2023-12-01,2023-12-01,true
DEVICE-005268,Smartphone,PERSON-000499,Android,2023-12-01,2023-12-01,true
DEVICE-005269,Tablet,PERSON-000499,iOS,2023-12-01,2023-12-01,true
DEVICE-005270,Feature Phone,PERSON-002397,Android,2023-12-01,2023-12-01,true
DEVICE-005271,Smartphone,PERSON-002846,iOS,2023-12-01,2023-12-01,true
DEVICE-005272,Smartphone,PERSON-002846,Android,2023-12-01,2023-12-01,true
DEVICE-005273,Smartphone,PERSON-002408,iOS,2023-12-01,2023-12-01,true
DEVICE-005274,Smartphone,PERSON-000374,Android,2023-12-01,2023-12-01,true
DEVICE-005275,Feature Phone,PERSON-002304,iOS,2023-12-01,2023-12-01,true
DEVICE-005276,Tablet,PERSON-001691,Android,2023-12-01,2023-12-01,true
DEVICE-005277,Tablet,PERSON-001847,Android,2023-12-01,2023-12-01,true
DEVICE-005278,Tablet,PERSON-000850,iOS,2023-11-13,2023-11-13,true
DEVICE-005279,Feature Phone,PERSON-001861,iOS,2023-11-13,2023-11-13,true
DEVICE-005280,Tablet,PERSON-000063,Android,2023-11-13,2023-11-13,true
DEVICE-005281,Tablet,PERSON-000863,Android,2023-11-13,2023-11-13,true
DEVICE-005282,Feature Phone,PERSON-000863,iOS,2023-11-13,2023-11-13,true
DEVICE-005283,Tablet,PERSON-000683,iOS,2023-11-13,2023-11-13,true
DEVICE-005284,Tablet,PERSON-000081,Android,2023-02-19,2023-02-19,true
DEVICE-005285,Smartphone,PERSON-001259,Android,2023-02-19,2023-02-19,true
DEVICE-005286,Feature Phone,PERSON-001259,iOS,2023-02-19,2023-02-19,true
DEVICE-005287,Smartphone,PERSON-000850,Android,2023-02-19,2023-02-19,true
DEVICE-005288,Tablet,PERSON-000850,Android,2023-02-19,2023-02-19,true
DEVICE-005289,Smartphone,PERSON-001861,Android,2023-02-19,2023-02-19,true
DEVICE-005290,Smartphone,PERSON-002574,iOS,2023-02-19,2023-02-19,true
DEVICE-005291,Tablet,PERSON-000863,Android,2023-02-19,2023-02-19,true
DEVICE-005292,Smartphone,PERSON-000063,Android,2023-02-19,2023-02-19,true
DEVICE-005293,Tablet,PERSON-001589,Android,2023-02-19,2023-02-19,true
DEVICE-005294,Tablet,PERSON-000049,iOS,2023-02-19,2023-02-19,true
DEVICE-005295,Tablet,PERSON-002517,Android,2023-06-26,2023-06-26,true
DEVICE-005296,Tablet,PERSON-000538,Android,2023-06-26,2023-06-26,true
DEVICE-005297,Feature Phone,PERSON-002873,Android,2023-06-26,2023-06-26,true
DEVICE-005298,Tablet,PERSON-000120,iOS,2023-06-26,2023-06-26,true
DEVICE-005299,Tablet,PERSON-000120,Android,2023-06-26,2023-06-26,true
DEVICE-005300,Smartphone,PERSON-001898,iOS,2023-06-26,2023-06-26,true
DEVICE-005301,Smartphone,PERSON-001898,Android,2023-06-26,2023-06-26,true
DEVICE-005302,Tablet,PERSON-001540,Android,2023-06-26,2023-06-26,true
DEVICE-005303,Smartphone,PERSON-001540,iOS,2023-06-26,2023-06-26,true
DEVICE-005304,Smartphone,PERSON-001965,iOS,2023-06-26,2023-06-26,true
DEVICE-005305,Tablet,PERSON-001965,iOS,2023-06-26,2023-06-26,true
DEVICE-005306,Tablet,PERSON-000621,Android,2023-06-26,2023-06-26,true
DEVICE-005307,Tablet,PERSON-000863,iOS,2023-06-26,2023-06-26,true
DEVICE-005308,Tablet,PERSON-001992,Android,2023-06-26,2023-06-26,true
DEVICE-005309,Feature Phone,PERSON-001876,iOS,2023-06-26,2023-06-26,true
DEVICE-005310,Smartphone,PERSON-002745,iOS,2023-06-26,2023-06-26,true
DEVICE-005311,Smartphone,PERSON-000765,Android,2023-06-26,2023-06-26,true
DEVICE-005312,Smartphone,PERSON-000783,iOS,2023-12-09,2023-12-09,true
DEVICE-005313,Feature Phone,PERSON-002343,Android,2023-12-09,2023-12-09,true
DEVICE-005314,Feature Phone,PERSON-001112,Android,2023-12-09,2023-12-09,true
DEVICE-005315,Tablet,PERSON-000628,iOS,2023-12-09,2023-12-09,true
DEVICE-005316,Smartphone,PERSON-001521,Android,2023-12-09,2023-12-09,true
DEVICE-005317,Smartphone,PERSON-001521,Android,2023-12-09,2023-12-09,true
DEVICE-005318,Smartphone,PERSON-001331,Android,2023-12-09,2023-12-09,true
DEVICE-005319,Smartphone,PERSON-001642,iOS,2023-12-09,2023-12-09,true
DEVICE-005320,Smartphone,PERSON-002728,Android,2023-12-09,2023-12-09,true
DEVICE-005321,Feature Phone,PERSON-002735,Android,2023-12-09,2023-12-09,true
DEVICE-005322,Smartphone,PERSON-000207,iOS,2023-12-09,2023-12-09,true
DEVICE-005323,Smartphone,PERSON-000207,Android,2023-12-09,2023-12-09,true
DEVICE-005324,Tablet,PERSON-002017,iOS,2023-12-09,2023-12-09,true
DEVICE-005325,Feature Phone,PERSON-000648,Android,2023-05-15,2023-05-15,true
DEVICE-005326,Feature Phone,PERSON-001536,Android,2023-05-15,2023-05-15,true
DEVICE-005327,Tablet,PERSON-000062,Android,2023-05-15,2023-05-15,true
DEVICE-005328,Tablet,PERSON-000062,Android,2023-05-15,2023-05-15,true
DEVICE-005329,Smartphone,PERSON-000647,iOS,2023-05-15,2023-05-15,true
DEVICE-005330,Smartphone,PERSON-000895,iOS,2023-05-15,2023-05-15,true
DEVICE-005331,Smartphone,PERSON-000895,iOS,2023-05-15,2023-05-15,true
DEVICE-005332,Smartphone,PERSON-000259,Android,2023-05-15,2023-05-15,true
DEVICE-005333,Tablet,PERSON-000568,Android,2023-05-15,2023-05-15,true
DEVICE-005334,Feature Phone,PERSON-000898,iOS,2023-05-15,2023-05-15,true
DEVICE-005335,Feature Phone,PERSON-001318,Android,2023-05-15,2023-05-15,true
DEVICE-005336,Feature Phone,PERSON-000146,iOS,2023-07-31,2023-07-31,true
DEVICE-005337,Tablet,PERSON-001210,iOS,2023-07-31,2023-07-31,true
DEVICE-005338,Feature Phone,PERSON-001558,iOS,2023-07-31,2023-07-31,true
DEVICE-005339,Smartphone,PERSON-001558,Android,2023-07-31,2023-07-31,true
DEVICE-005340,Tablet,PERSON-001041,iOS,2023-07-31,2023-07-31,true
DEVICE-005341,Tablet,PERSON-001041,Android,2023-07-31,2023-07-31,true
DEVICE-005342,Smartphone,PERSON-001589,iOS,2023-07-31,2023-07-31,true
DEVICE-005343,Smartphone,PERSON-001670,Android,2023-07-31,2023-07-31,true
DEVICE-005344,Tablet,PERSON-001558,Android,2023-06-03,2023-06-03,true
DEVICE-005345,Tablet,PERSON-000540,Android,2023-06-03,2023-06-03,true
DEVICE-005346,Feature Phone,PERSON-001474,Android,2023-06-03,2023-06-03,true
DEVICE-005347,Smartphone,PERSON-001115,Android,2023-06-03,2023-06-03,true
DEVICE-005348,Feature Phone,PERSON-001262,Android,2023-06-03,2023-06-03,true
DEVICE-005349,Smartphone,PERSON-000180,Android,2023-06-03,2023-06-03,true
DEVICE-005350,Tablet,PERSON-000267,iOS,2023-06-03,2023-06-03,true
DEVICE-005351,Tablet,PERSON-000792,iOS,2023-06-03,2023-06-03,true
DEVICE-005352,Feature Phone,PERSON-002164,iOS,2023-06-03,2023-06-03,true
DEVICE-005353,Tablet,PERSON-002060,iOS,2023-06-03,2023-06-03,true
DEVICE-005354,Tablet,PERSON-001172,iOS,2023-01-04,2023-01-04,true
DEVICE-005355,Smartphone,PERSON-002066,Android,2023-01-04,2023-01-04,true
DEVICE-005356,Feature Phone,PERSON-002066,iOS,2023-01-04,2023-01-04,true
DEVICE-005357,Tablet,PERSON-000769,Android,2023-01-04,2023-01-04,true
DEVICE-005358,Tablet,PERSON-002132,Android,2023-01-04,2023-01-04,true
DEVICE-005359,Tablet,PERSON-001205,Android,2023-01-04,2023-01-04,true
DEVICE-005360,Feature Phone,PERSON-002418,iOS,2023-01-04,2023-01-04,true
DEVICE-005361,Smartphone,PERSON-000049,Android,2023-01-04,2023-01-04,true
DEVICE-005362,Tablet,PERSON-002020,Android,2023-05-10,2023-05-10,true
DEVICE-005363,Tablet,PERSON-002517,Android,2023-05-10,2023-05-10,true
DEVICE-005364,Tablet,PERSON-002873,Android,2023-05-10,2023-05-10,true
DEVICE-005365,Feature Phone,PERSON-002873,iOS,2023-05-10,2023-05-10,true
DEVICE-005366,Tablet,PERSON-000948,iOS,2023-05-10,2023-05-10,true
DEVICE-005367,Feature Phone,PERSON-000863,Android,2023-05-10,2023-05-10,true
DEVICE-005368,Tablet,PERSON-002999,iOS,2023-05-10,2023-05-10,true
DEVICE-005369,Feature Phone,PERSON-002745,iOS,2023-05-10,2023-05-10,true
DEVICE-005370,Feature Phone,PERSON-001210,Android,2023-01-15,2023-01-15,true
DEVICE-005371,Smartphone,PERSON-000146,iOS,2023-01-15,2023-01-15,true
DEVICE-005372,Tablet,PERSON-000351,iOS,2023-01-15,2023-01-15,true
DEVICE-005373,Smartphone,PERSON-000351,iOS,2023-01-15,2023-01-15,true
DEVICE-005374,Tablet,PERSON-001041,Android,2023-01-15,2023-01-15,true
DEVICE-005375,Feature Phone,PERSON-000622,iOS,2023-01-15,2023-01-15,true
DEVICE-005376,Smartphone,PERSON-001589,Android,2023-01-15,2023-01-15,true
DEVICE-005377,Feature Phone,PERSON-001664,iOS,2023-05-21,2023-05-21,true
DEVICE-005378,Tablet,PERSON-002675,iOS,2023-05-21,2023-05-21,true
DEVICE-005379,Smartphone,PERSON-002675,iOS,2023-05-21,2023-05-21,true
DEVICE-005380,Tablet,PERSON-001343,Android,2023-05-21,2023-05-21,true
DEVICE-005381,Feature Phone,PERSON-002835,iOS,2023-05-21,2023-05-21,true
DEVICE-005382,Tablet,PERSON-000948,iOS,2023-05-21,2023-05-21,true
DEVICE-005383,Smartphone,PERSON-001315,Android,2023-05-21,2023-05-21,true
DEVICE-005384,Tablet,PERSON-000904,iOS,2023-05-21,2023-05-21,true
DEVICE-005385,Feature Phone,PERSON-000904,iOS,2023-05-21,2023-05-21,true
DEVICE-005386,Tablet,PERSON-000568,iOS,2023-05-21,2023-05-21,true
DEVICE-005387,Tablet,PERSON-000106,iOS,2023-05-21,2023-05-21,true
DEVICE-005388,Smartphone,PERSON-000230,Android,2023-05-21,2023-05-21,true
DEVICE-005389,Feature Phone,PERSON-000230,iOS,2023-05-21,2023-05-21,true
DEVICE-005390,Feature Phone,PERSON-001425,iOS,2023-12-19,2023-12-19,true
DEVICE-005391,Smartphone,PERSON-002986,Android,2023-12-19,2023-12-19,true
DEVICE-005392,Smartphone,PERSON-001071,iOS,2023-12-19,2023-12-19,true
DEVICE-005393,Tablet,PERSON-000613,Android,2023-12-19,2023-12-19,true
DEVICE-005394,Feature Phone,PERSON-000613,iOS,2023-12-19,2023-12-19,true
DEVICE-005395,Tablet,PERSON-002068,iOS,2023-12-19,2023-12-19,true
DEVICE-005396,Feature Phone,PERSON-002004,iOS,2023-12-19,2023-12-19,true
DEVICE-005397,Smartphone,PERSON-001578,Android,2023-12-19,2023-12-19,true
DEVICE-005398,Smartphone,PERSON-002821,Android,2023-11-30,2023-11-30,true
DEVICE-005399,Tablet,PERSON-000540,Android,2023-11-30,2023-11-30,true
DEVICE-005400,Feature Phone,PERSON-001474,iOS,2023-11-30,2023-11-30,true
DEVICE-005401,Feature Phone,PERSON-001115,iOS,2023-11-30,2023-11-30,true
DEVICE-005402,Feature Phone,PERSON-001115,iOS,2023-11-30,2023-11-30,true
DEVICE-005403,Feature Phone,PERSON-000267,iOS,2023-11-30,2023-11-30,true
DEVICE-005404,Feature Phone,PERSON-000267,iOS,2023-11-30,2023-11-30,true
DEVICE-005405,Feature Phone,PERSON-002900,iOS,2023-11-30,2023-11-30,true
DEVICE-005406,Tablet,PERSON-002618,iOS,2023-11-30,2023-11-30,true
DEVICE-005407,Smartphone,PERSON-000440,Android,2023-11-30,2023-11-30,true
DEVICE-005408,Smartphone,PERSON-001107,iOS,2023-11-30,2023-11-30,true
DEVICE-005409,Smartphone,PERSON-002954,iOS,2023-04-23,2023-04-23,true
DEVICE-005410,Smartphone,PERSON-002428,Android,2023-04-23,2023-04-23,true
DEVICE-005411,Smartphone,PERSON-002845,Android,2023-04-23,2023-04-23,true
DEVICE-005412,Tablet,PERSON-002845,iOS,2023-04-23,2023-04-23,true
DEVICE-005413,Tablet,PERSON-001769,iOS,2023-04-23,2023-04-23,true
DEVICE-005414,Smartphone,PERSON-001478,iOS,2023-04-23,2023-04-23,true
DEVICE-005415,Smartphone,PERSON-001478,iOS,2023-04-23,2023-04-23,true
DEVICE-005416,Smartphone,PERSON-002256,iOS,2023-04-23,2023-04-23,true
DEVICE-005417,Tablet,PERSON-002256,iOS,2023-04-23,2023-04-23,true
DEVICE-005418,Tablet,PERSON-001206,Android,2023-04-23,2023-04-23,true
DEVICE-005419,Tablet,PERSON-002788,iOS,2023-04-23,2023-04-23,true
DEVICE-005420,Feature Phone,PERSON-000734,Android,2023-04-23,2023-04-23,true
DEVICE-005421,Tablet,PERSON-000001,iOS,2023-04-23,2023-04-23,true
DEVICE-005422,Tablet,PERSON-000001,iOS,2023-04-23,2023-04-23,true
DEVICE-005423,Feature Phone,PERSON-000712,iOS,2023-04-23,2023-04-23,true
DEVICE-005424,Smartphone,PERSON-002684,Android,2023-04-23,2023-04-23,true
DEVICE-005425,Feature Phone,PERSON-001817,Android,2023-10-05,2023-10-05,true
DEVICE-005426,Smartphone,PERSON-001782,Android,2023-10-05,2023-10-05,true
DEVICE-005427,Tablet,PERSON-002920,iOS,2023-10-05,2023-10-05,true
DEVICE-005428,Feature Phone,PERSON-000139,Android,2023-10-05,2023-10-05,true
DEVICE-005429,Smartphone,PERSON-000139,Android,2023-10-05,2023-10-05,true
DEVICE-005430,Feature Phone,PERSON-001455,iOS,2023-10-05,2023-10-05,true
DEVICE-005431,Smartphone,PERSON-001116,Android,2023-10-05,2023-10-05,true
DEVICE-005432,Smartphone,PERSON-000712,Android,2023-10-05,2023-10-05,true
DEVICE-005433,Tablet,PERSON-002006,Android,2023-10-05,2023-10-05,true
DEVICE-005434,Tablet,PERSON-001547,Android,2023-10-05,2023-10-05,true
DEVICE-005435,Feature Phone,PERSON-001547,Android,2023-10-05,2023-10-05,true
DEVICE-005436,Feature Phone,PERSON-001212,iOS,2023-10-05,2023-10-05,true
DEVICE-005437,Smartphone,PERSON-001212,iOS,2023-10-05,2023-10-05,true
DEVICE-005438,Feature Phone,PERSON-000146,Android,2023-09-05,2023-09-05,true
DEVICE-005439,Tablet,PERSON-000906,Android,2023-09-05,2023-09-05,true
DEVICE-005440,Tablet,PERSON-000473,Android,2023-09-05,2023-09-05,true
DEVICE-005441,Smartphone,PERSON-000473,Android,2023-09-05,2023-09-05,true
DEVICE-005442,Feature Phone,PERSON-000047,Android,2023-09-05,2023-09-05,true
DEVICE-005443,Tablet,PERSON-000279,iOS,2023-09-05,2023-09-05,true
DEVICE-005444,Smartphone,PERSON-001619,iOS,2023-09-05,2023-09-05,true
DEVICE-005445,Tablet,PERSON-002223,iOS,2023-09-05,2023-09-05,true
DEVICE-005446,Feature Phone,PERSON-002223,Android,2023-09-05,2023-09-05,true
DEVICE-005447,Smartphone,PERSON-000556,iOS,2023-09-05,2023-09-05,true
DEVICE-005448,Feature Phone,PERSON-002205,iOS,2023-09-05,2023-09-05,true
DEVICE-005449,Feature Phone,PERSON-002964,iOS,2023-09-05,2023-09-05,true
DEVICE-005450,Feature Phone,PERSON-002964,iOS,2023-09-05,2023-09-05,true
DEVICE-005451,Smartphone,PERSON-000233,iOS,2023-10-20,2023-10-20,true
DEVICE-005452,Smartphone,PERSON-000233,Android,2023-10-20,2023-10-20,true
DEVICE-005453,Tablet,PERSON-000470,Android,2023-10-20,2023-10-20,true
DEVICE-005454,Tablet,PERSON-002082,Android,2023-10-20,2023-10-20,true
DEVICE-005455,Tablet,PERSON-002082,iOS,2023-10-20,2023-10-20,true
DEVICE-005456,Smartphone,PERSON-000305,Android,2023-10-20,2023-10-20,true
DEVICE-005457,Smartphone,PERSON-000305,iOS,2023-10-20,2023-10-20,true
DEVICE-005458,Smartphone,PERSON-001830,Android,2023-10-20,2023-10-20,true
DEVICE-005459,Feature Phone,PERSON-001043,Android,2023-06-14,2023-06-14,true
DEVICE-005460,Feature Phone,PERSON-001056,Android,2023-06-14,2023-06-14,true
DEVICE-005461,Feature Phone,PERSON-001056,iOS,2023-06-14,2023-06-14,true
DEVICE-005462,Tablet,PERSON-001589,iOS,2023-06-14,2023-06-14,true
DEVICE-005463,Feature Phone,PERSON-001658,Android,2023-06-14,2023-06-14,true
DEVICE-005464,Smartphone,PERSON-002039,Android,2023-06-15,2023-06-15,true
DEVICE-005465,Smartphone,PERSON-000769,iOS,2023-06-15,2023-06-15,true
DEVICE-005466,Smartphone,PERSON-000597,Android,2023-06-15,2023-06-15,true
DEVICE-005467,Smartphone,PERSON-000405,iOS,2023-06-15,2023-06-15,true
DEVICE-005468,Smartphone,PERSON-000979,Android,2023-06-15,2023-06-15,true
DEVICE-005469,Feature Phone,PERSON-000647,Android,2023-06-15,2023-06-15,true
DEVICE-005470,Smartphone,PERSON-000390,Android,2023-06-15,2023-06-15,true
DEVICE-005471,Tablet,PERSON-002660,Android,2023-06-15,2023-06-15,true
DEVICE-005472,Tablet,PERSON-002660,iOS,2023-06-15,2023-06-15,true
DEVICE-005473,Feature Phone,PERSON-002457,Android,2023-06-15,2023-06-15,true
DEVICE-005474,Feature Phone,PERSON-001337,Android,2023-06-15,2023-06-15,true
DEVICE-005475,Feature Phone,PERSON-002980,iOS,2023-06-27,2023-06-27,true
DEVICE-005476,Feature Phone,PERSON-002980,Android,2023-06-27,2023-06-27,true
DEVICE-005477,Tablet,PERSON-000092,iOS,2023-06-27,2023-06-27,true
DEVICE-005478,Smartphone,PERSON-000920,Android,2023-06-27,2023-06-27,true
DEVICE-005479,Tablet,PERSON-000390,iOS,2023-06-27,2023-06-27,true
DEVICE-005480,Smartphone,PERSON-001326,Android,2023-06-27,2023-06-27,true
DEVICE-005481,Smartphone,PERSON-002457,Android,2023-06-27,2023-06-27,true
DEVICE-005482,Feature Phone,PERSON-002457,iOS,2023-06-27,2023-06-27,true
DEVICE-005483,Smartphone,PERSON-001337,iOS,2023-06-27,2023-06-27,true
DEVICE-005484,Tablet,PERSON-001337,iOS,2023-06-27,2023-06-27,true
DEVICE-005485,Smartphone,PERSON-002020,Android,2023-02-21,2023-02-21,true
DEVICE-005486,Smartphone,PERSON-002517,iOS,2023-02-21,2023-02-21,true
DEVICE-005487,Tablet,PERSON-001544,iOS,2023-02-21,2023-02-21,true
DEVICE-005488,Smartphone,PERSON-001965,Android,2023-02-21,2023-02-21,true
DEVICE-005489,Smartphone,PERSON-001992,Android,2023-02-21,2023-02-21,true
DEVICE-005490,Smartphone,PERSON-000621,Android,2023-02-21,2023-02-21,true
DEVICE-005491,Smartphone,PERSON-002393,Android,2023-02-21,2023-02-21,true
DEVICE-005492,Smartphone,PERSON-000357,Android,2023-02-21,2023-02-21,true
DEVICE-005493,Tablet,PERSON-000357,Android,2023-02-21,2023-02-21,true
DEVICE-005494,Feature Phone,PERSON-000081,iOS,2023-10-06,2023-10-06,true
DEVICE-005495,Feature Phone,PERSON-000081,Android,2023-10-06,2023-10-06,true
DEVICE-005496,Tablet,PERSON-001110,iOS,2023-10-06,2023-10-06,true
DEVICE-005497,Tablet,PERSON-001259,iOS,2023-10-06,2023-10-06,true
DEVICE-005498,Tablet,PERSON-000850,iOS,2023-10-06,2023-10-06,true
DEVICE-005499,Smartphone,PERSON-000850,Android,2023-10-06,2023-10-06,true
DEVICE-005500,Tablet,PERSON-001861,Android,2023-10-06,2023-10-06,true
DEVICE-005501,Tablet,PERSON-000863,Android,2023-10-06,2023-10-06,true
DEVICE-005502,Feature Phone,PERSON-000863,Android,2023-10-06,2023-10-06,true
DEVICE-005503,Smartphone,PERSON-002757,iOS,2023-10-06,2023-10-06,true
DEVICE-005504,Smartphone,PERSON-001589,iOS,2023-10-06,2023-10-06,true
DEVICE-005505,Tablet,PERSON-001589,iOS,2023-10-06,2023-10-06,true
DEVICE-005506,Feature Phone,PERSON-000904,Android,2023-11-10,2023-11-10,true
DEVICE-005507,Smartphone,PERSON-000904,Android,2023-11-10,2023-11-10,true
DEVICE-005508,Smartphone,PERSON-000697,Android,2023-11-10,2023-11-10,true
DEVICE-005509,Smartphone,PERSON-000230,Android,2023-11-10,2023-11-10,true
DEVICE-005510,Smartphone,PERSON-002998,iOS,2023-11-10,2023-11-10,true
DEVICE-005511,Tablet,PERSON-002998,Android,2023-11-10,2023-11-10,true
DEVICE-005512,Smartphone,PERSON-002558,iOS,2023-09-12,2023-09-12,true
DEVICE-005513,Feature Phone,PERSON-000784,Android,2023-09-12,2023-09-12,true
DEVICE-005514,Feature Phone,PERSON-000667,iOS,2023-09-12,2023-09-12,true
DEVICE-005515,Tablet,PERSON-001131,Android,2023-09-12,2023-09-12,true
DEVICE-005516,Smartphone,PERSON-000580,Android,2023-09-12,2023-09-12,true
DEVICE-005517,Smartphone,PERSON-001182,iOS,2023-09-12,2023-09-12,true
DEVICE-005518,Smartphone,PERSON-001182,Android,2023-09-12,2023-09-12,true
DEVICE-005519,Smartphone,PERSON-002164,iOS,2023-09-12,2023-09-12,true
DEVICE-005520,Smartphone,PERSON-002499,iOS,2023-09-12,2023-09-12,true
DEVICE-005521,Tablet,PERSON-001210,Android,2023-12-19,2023-12-19,true
DEVICE-005522,Smartphone,PERSON-001210,Android,2023-12-19,2023-12-19,true
DEVICE-005523,Tablet,PERSON-001667,Android,2023-12-19,2023-12-19,true
DEVICE-005524,Tablet,PERSON-000351,Android,2023-12-19,2023-12-19,true
DEVICE-005525,Tablet,PERSON-001041,Android,2023-12-19,2023-12-19,true
DEVICE-005526,Feature Phone,PERSON-001670,Android,2023-12-19,2023-12-19,true
DEVICE-005527,Feature Phone,PERSON-000634,iOS,2023-12-19,2023-12-19,true
DEVICE-005528,Tablet,PERSON-001259,iOS,2023-09-30,2023-09-30,true
DEVICE-005529,Feature Phone,PERSON-000092,iOS,2023-09-30,2023-09-30,true
DEVICE-005530,Feature Phone,PERSON-002574,iOS,2023-09-30,2023-09-30,true
DEVICE-005531,Smartphone,PERSON-002574,Android,2023-09-30,2023-09-30,true
DEVICE-005532,Tablet,PERSON-000863,iOS,2023-09-30,2023-09-30,true
DEVICE-005533,Feature Phone,PERSON-000063,iOS,2023-09-30,2023-09-30,true
DEVICE-005534,Tablet,PERSON-002757,iOS,2023-09-30,2023-09-30,true
DEVICE-005535,Smartphone,PERSON-002737,Android,2023-12-27,2023-12-27,true
DEVICE-005536,Tablet,PERSON-000092,Android,2023-12-27,2023-12-27,true
DEVICE-005537,Feature Phone,PERSON-000414,Android,2023-12-27,2023-12-27,true
DEVICE-005538,Smartphone,PERSON-002417,iOS,2023-12-27,2023-12-27,true
DEVICE-005539,Tablet,PERSON-002094,Android,2023-12-27,2023-12-27,true
DEVICE-005540,Feature Phone,PERSON-000111,iOS,2023-12-27,2023-12-27,true
DEVICE-005541,Smartphone,PERSON-000103,Android,2023-12-27,2023-12-27,true
DEVICE-005542,Smartphone,PERSON-001869,iOS,2023-12-27,2023-12-27,true
DEVICE-005543,Feature Phone,PERSON-001869,iOS,2023-12-27,2023-12-27,true
DEVICE-005544,Tablet,PERSON-001262,Android,2023-06-15,2023-06-15,true
DEVICE-005545,Tablet,PERSON-001262,Android,2023-06-15,2023-06-15,true
DEVICE-005546,Smartphone,PERSON-001610,iOS,2023-06-15,2023-06-15,true
DEVICE-005547,Smartphone,PERSON-000180,iOS,2023-06-15,2023-06-15,true
DEVICE-005548,Smartphone,PERSON-000267,iOS,2023-06-15,2023-06-15,true
DEVICE-005549,Smartphone,PERSON-000267,Android,2023-06-15,2023-06-15,true
DEVICE-005550,Tablet,PERSON-002215,Android,2023-06-15,2023-06-15,true
DEVICE-005551,Tablet,PERSON-000440,iOS,2023-06-15,2023-06-15,true
DEVICE-005552,Tablet,PERSON-001757,Android,2023-06-15,2023-06-15,true
DEVICE-005553,Smartphone,PERSON-001757,Android,2023-06-15,2023-06-15,true
DEVICE-005554,Smartphone,PERSON-000538,Android,2023-10-19,2023-10-19,true
DEVICE-005555,Tablet,PERSON-000943,iOS,2023-10-19,2023-10-19,true
DEVICE-005556,Smartphone,PERSON-001780,Android,2023-10-19,2023-10-19,true
DEVICE-005557,Tablet,PERSON-000825,iOS,2023-10-19,2023-10-19,true
DEVICE-005558,Smartphone,PERSON-002397,iOS,2023-10-19,2023-10-19,true
DEVICE-005559,Tablet,PERSON-002846,Android,2023-10-19,2023-10-19,true
DEVICE-005560,Feature Phone,PERSON-000374,iOS,2023-10-19,2023-10-19,true
DEVICE-005561,Feature Phone,PERSON-001691,iOS,2023-10-19,2023-10-19,true
DEVICE-005562,Tablet,PERSON-001847,iOS,2023-10-19,2023-10-19,true
DEVICE-005563,Tablet,PERSON-000146,iOS,2023-11-06,2023-11-06,true
DEVICE-005564,Feature Phone,PERSON-000473,iOS,2023-11-06,2023-11-06,true
DEVICE-005565,Smartphone,PERSON-000217,Android,2023-11-06,2023-11-06,true
DEVICE-005566,Feature Phone,PERSON-000217,iOS,2023-11-06,2023-11-06,true
DEVICE-005567,Feature Phone,PERSON-001768,iOS,2023-11-06,2023-11-06,true
DEVICE-005568,Feature Phone,PERSON-002205,iOS,2023-11-06,2023-11-06,true
DEVICE-005569,Feature Phone,PERSON-001558,Android,2023-01-11,2023-01-11,true
DEVICE-005570,Tablet,PERSON-001558,iOS,2023-01-11,2023-01-11,true
DEVICE-005571,Feature Phone,PERSON-000540,iOS,2023-01-11,2023-01-11,true
DEVICE-005572,Feature Phone,PERSON-002900,Android,2023-01-11,2023-01-11,true
DEVICE-005573,Tablet,PERSON-000267,Android,2023-01-11,2023-01-11,true
DEVICE-005574,Feature Phone,PERSON-000792,iOS,2023-01-11,2023-01-11,true
DEVICE-005575,Smartphone,PERSON-001258,Android,2023-01-11,2023-01-11,true
DEVICE-005576,Smartphone,PERSON-001258,iOS,2023-01-11,2023-01-11,true
DEVICE-005577,Tablet,PERSON-002060,iOS,2023-01-11,2023-01-11,true
DEVICE-005578,Tablet,PERSON-002618,iOS,2023-01-11,2023-01-11,true
DEVICE-005579,Tablet,PERSON-002618,iOS,2023-01-11,2023-01-11,true
DEVICE-005580,Tablet,PERSON-000440,iOS,2023-01-11,2023-01-11,true
DEVICE-005581,Smartphone,PERSON-000449,iOS,2023-04-04,2023-04-04,true
DEVICE-005582,Feature Phone,PERSON-000449,Android,2023-04-04,2023-04-04,true
DEVICE-005583,Smartphone,PERSON-001617,iOS,2023-04-04,2023-04-04,true
DEVICE-005584,Tablet,PERSON-001617,iOS,2023-04-04,2023-04-04,true
DEVICE-005585,Feature Phone,PERSON-000341,Android,2023-04-04,2023-04-04,true
DEVICE-005586,Feature Phone,PERSON-002930,Android,2023-04-04,2023-04-04,true
DEVICE-005587,Tablet,PERSON-002930,Android,2023-04-04,2023-04-04,true
DEVICE-005588,Feature Phone,PERSON-002034,iOS,2023-04-04,2023-04-04,true
DEVICE-005589,Feature Phone,PERSON-002034,Android,2023-04-04,2023-04-04,true
DEVICE-005590,Tablet,PERSON-001899,iOS,2023-04-04,2023-04-04,true
DEVICE-005591,Tablet,PERSON-002454,Android,2023-04-04,2023-04-04,true
DEVICE-005592,Feature Phone,PERSON-002900,iOS,2023-04-04,2023-04-04,true
DEVICE-005593,Feature Phone,PERSON-002246,Android,2023-04-04,2023-04-04,true
DEVICE-005594,Smartphone,PERSON-000233,Android,2023-07-24,2023-07-24,true
DEVICE-005595,Feature Phone,PERSON-001807,iOS,2023-07-24,2023-07-24,true
DEVICE-005596,Feature Phone,PERSON-001478,iOS,2023-07-24,2023-07-24,true
DEVICE-005597,Feature Phone,PERSON-001615,iOS,2023-07-24,2023-07-24,true
DEVICE-005598,Feature Phone,PERSON-001615,Android,2023-07-24,2023-07-24,true
DEVICE-005599,Feature Phone,PERSON-000886,iOS,2023-07-24,2023-07-24,true
DEVICE-005600,Feature Phone,PERSON-002082,Android,2023-07-24,2023-07-24,true
DEVICE-005601,Feature Phone,PERSON-000302,Android,2023-07-24,2023-07-24,true
DEVICE-005602,Feature Phone,PERSON-002122,Android,2023-07-24,2023-07-24,true
DEVICE-005603,Smartphone,PERSON-000489,Android,2023-07-24,2023-07-24,true
DEVICE-005604,Tablet,PERSON-001830,Android,2023-07-24,2023-07-24,true
DEVICE-005605,Tablet,PERSON-002675,iOS,2023-11-25,2023-11-25,true
DEVICE-005606,Feature Phone,PERSON-001596,iOS,2023-11-25,2023-11-25,true
DEVICE-005607,Tablet,PERSON-001363,iOS,2023-11-25,2023-11-25,true
DEVICE-005608,Smartphone,PERSON-001363,Android,2023-11-25,2023-11-25,true
DEVICE-005609,Tablet,PERSON-000886,Android,2023-11-25,2023-11-25,true
DEVICE-005610,Smartphone,PERSON-002896,iOS,2023-11-25,2023-11-25,true
DEVICE-005611,Feature Phone,PERSON-002847,Android,2023-11-25,2023-11-25,true
DEVICE-005612,Smartphone,PERSON-002922,Android,2023-11-25,2023-11-25,true
DEVICE-005613,Feature Phone,PERSON-001558,iOS,2023-09-27,2023-09-27,true
DEVICE-005614,Feature Phone,PERSON-002821,iOS,2023-09-27,2023-09-27,true
DEVICE-005615,Feature Phone,PERSON-002821,iOS,2023-09-27,2023-09-27,true
DEVICE-005616,Tablet,PERSON-002900,Android,2023-09-27,2023-09-27,true
DEVICE-005617,Tablet,PERSON-001115,Android,2023-09-27,2023-09-27,true
DEVICE-005618,Smartphone,PERSON-001115,Android,2023-09-27,2023-09-27,true
DEVICE-005619,Tablet,PERSON-000180,iOS,2023-09-27,2023-09-27,true
DEVICE-005620,Tablet,PERSON-001610,iOS,2023-09-27,2023-09-27,true
DEVICE-005621,Smartphone,PERSON-000267,iOS,2023-09-27,2023-09-27,true
DEVICE-005622,Tablet,PERSON-000267,Android,2023-09-27,2023-09-27,true
DEVICE-005623,Feature Phone,PERSON-002060,iOS,2023-09-27,2023-09-27,true
DEVICE-005624,Feature Phone,PERSON-002618,Android,2023-09-27,2023-09-27,true
DEVICE-005625,Tablet,PERSON-002618,Android,2023-09-27,2023-09-27,true
DEVICE-005626,Tablet,PERSON-000440,iOS,2023-09-27,2023-09-27,true
DEVICE-005627,Tablet,PERSON-001774,iOS,2023-04-11,2023-04-11,true
DEVICE-005628,Tablet,PERSON-002737,Android,2023-04-11,2023-04-11,true
DEVICE-005629,Feature Phone,PERSON-000414,iOS,2023-04-11,2023-04-11,true
DEVICE-005630,Feature Phone,PERSON-000414,Android,2023-04-11,2023-04-11,true
DEVICE-005631,Tablet,PERSON-002417,Android,2023-04-11,2023-04-11,true
DEVICE-005632,Tablet,PERSON-000111,iOS,2023-04-11,2023-04-11,true
DEVICE-005633,Smartphone,PERSON-000111,Android,2023-04-11,2023-04-11,true
DEVICE-005634,Feature Phone,PERSON-000804,Android,2023-07-23,2023-07-23,true
DEVICE-005635,Smartphone,PERSON-000783,iOS,2023-07-23,2023-07-23,true
DEVICE-005636,Feature Phone,PERSON-000783,Android,2023-07-23,2023-07-23,true
DEVICE-005637,Feature Phone,PERSON-002343,iOS,2023-07-23,2023-07-23,true
DEVICE-005638,Smartphone,PERSON-000130,Android,2023-07-23,2023-07-23,true
DEVICE-005639,Feature Phone,PERSON-000628,iOS,2023-07-23,2023-07-23,true
DEVICE-005640,Smartphone,PERSON-001007,Android,2023-07-23,2023-07-23,true
DEVICE-005641,Smartphone,PERSON-001007,iOS,2023-07-23,2023-07-23,true
DEVICE-005642,Smartphone,PERSON-002703,Android,2023-07-23,2023-07-23,true
DEVICE-005643,Feature Phone,PERSON-000524,Android,2023-07-23,2023-07-23,true
DEVICE-005644,Feature Phone,PERSON-000524,iOS,2023-07-23,2023-07-23,true
DEVICE-005645,Tablet,PERSON-001654,Android,2023-07-23,2023-07-23,true
DEVICE-005646,Feature Phone,PERSON-001654,Android,2023-07-23,2023-07-23,true
DEVICE-005647,Feature Phone,PERSON-002114,Android,2023-07-23,2023-07-23,true
DEVICE-005648,Tablet,PERSON-000233,Android,2023-01-10,2023-01-10,true
DEVICE-005649,Feature Phone,PERSON-000492,iOS,2023-01-10,2023-01-10,true
DEVICE-005650,Smartphone,PERSON-001478,iOS,2023-01-10,2023-01-10,true
DEVICE-005651,Tablet,PERSON-001894,Android,2023-01-10,2023-01-10,true
DEVICE-005652,Smartphone,PERSON-000920,Android,2023-01-10,2023-01-10,true
DEVICE-005653,Tablet,PERSON-002122,Android,2023-01-10,2023-01-10,true
DEVICE-005654,Tablet,PERSON-000489,iOS,2023-01-10,2023-01-10,true
DEVICE-005655,Tablet,PERSON-001830,iOS,2023-01-10,2023-01-10,true
DEVICE-005656,Tablet,PERSON-001782,iOS,2023-04-12,2023-04-12,true
DEVICE-005657,Tablet,PERSON-001782,Android,2023-04-12,2023-04-12,true
DEVICE-005658,Tablet,PERSON-001457,iOS,2023-04-12,2023-04-12,true
DEVICE-005659,Feature Phone,PERSON-001994,iOS,2023-04-12,2023-04-12,true
DEVICE-005660,Feature Phone,PERSON-002343,iOS,2023-04-12,2023-04-12,true
DEVICE-005661,Smartphone,PERSON-001112,Android,2023-04-12,2023-04-12,true
DEVICE-005662,Feature Phone,PERSON-000628,iOS,2023-04-12,2023-04-12,true
DEVICE-005663,Feature Phone,PERSON-001331,iOS,2023-04-12,2023-04-12,true
DEVICE-005664,Smartphone,PERSON-000272,Android,2023-04-12,2023-04-12,true
DEVICE-005665,Smartphone,PERSON-002728,Android,2023-04-12,2023-04-12,true
DEVICE-005666,Feature Phone,PERSON-002728,Android,2023-04-12,2023-04-12,true
DEVICE-005667,Feature Phone,PERSON-000524,Android,2023-04-12,2023-04-12,true
DEVICE-005668,Smartphone,PERSON-001654,iOS,2023-04-12,2023-04-12,true
DEVICE-005669,Feature Phone,PERSON-002675,Android,2023-04-21,2023-04-21,true
DEVICE-005670,Smartphone,PERSON-002998,iOS,2023-04-21,2023-04-21,true
DEVICE-005671,Tablet,PERSON-002835,Android,2023-04-21,2023-04-21,true
DEVICE-005672,Smartphone,PERSON-001315,Android,2023-04-21,2023-04-21,true
DEVICE-005673,Smartphone,PERSON-000106,iOS,2023-04-21,2023-04-21,true
DEVICE-005674,Smartphone,PERSON-000584,iOS,2023-04-21,2023-04-21,true
DEVICE-005675,Smartphone,PERSON-002715,iOS,2023-04-21,2023-04-21,true
DEVICE-005676,Smartphone,PERSON-002020,Android,2023-12-16,2023-12-16,true
DEVICE-005677,Smartphone,PERSON-002517,iOS,2023-12-16,2023-12-16,true
DEVICE-005678,Feature Phone,PERSON-000538,Android,2023-12-16,2023-12-16,true
DEVICE-005679,Smartphone,PERSON-001544,iOS,2023-12-16,2023-12-16,true
DEVICE-005680,Feature Phone,PERSON-001544,Android,2023-12-16,2023-12-16,true
DEVICE-005681,Feature Phone,PERSON-000921,Android,2023-12-16,2023-12-16,true
DEVICE-005682,Tablet,PERSON-001992,iOS,2023-12-16,2023-12-16,true
DEVICE-005683,Smartphone,PERSON-000083,Android,2023-12-16,2023-12-16,true
DEVICE-005684,Smartphone,PERSON-000703,iOS,2023-12-16,2023-12-16,true
DEVICE-005685,Feature Phone,PERSON-000621,Android,2023-12-16,2023-12-16,true
DEVICE-005686,Feature Phone,PERSON-000621,Android,2023-12-16,2023-12-16,true
DEVICE-005687,Smartphone,PERSON-002999,iOS,2023-12-16,2023-12-16,true
DEVICE-005688,Tablet,PERSON-001205,iOS,2023-12-16,2023-12-16,true
DEVICE-005689,Tablet,PERSON-001334,iOS,2023-11-28,2023-11-28,true
DEVICE-005690,Smartphone,PERSON-000245,Android,2023-11-28,2023-11-28,true
DEVICE-005691,Feature Phone,PERSON-000825,iOS,2023-11-28,2023-11-28,true
DEVICE-005692,Feature Phone,PERSON-000825,iOS,2023-11-28,2023-11-28,true
DEVICE-005693,Smartphone,PERSON-001780,iOS,2023-11-28,2023-11-28,true
DEVICE-005694,Feature Phone,PERSON-000943,iOS,2023-11-28,2023-11-28,true
DEVICE-005695,Feature Phone,PERSON-002397,Android,2023-11-28,2023-11-28,true
DEVICE-005696,Feature Phone,PERSON-001747,iOS,2023-11-28,2023-11-28,true
DEVICE-005697,Tablet,PERSON-002408,iOS,2023-11-28,2023-11-28,true
DEVICE-005698,Smartphone,PERSON-001578,iOS,2023-11-28,2023-11-28,true
DEVICE-005699,Smartphone,PERSON-001691,iOS,2023-11-28,2023-11-28,true
DEVICE-005700,Tablet,PERSON-002377,Android,2023-05-19,2023-05-19,true
DEVICE-005701,Smartphone,PERSON-002653,iOS,2023-05-19,2023-05-19,true
DEVICE-005702,Feature Phone,PERSON-002764,Android,2023-05-19,2023-05-19,true
DEVICE-005703,Feature Phone,PERSON-001478,iOS,2023-05-19,2023-05-19,true
DEVICE-005704,Feature Phone,PERSON-001311,Android,2023-05-19,2023-05-19,true
DEVICE-005705,Tablet,PERSON-001686,Android,2023-05-19,2023-05-19,true
DEVICE-005706,Tablet,PERSON-002124,iOS,2023-05-19,2023-05-19,true
DEVICE-005707,Feature Phone,PERSON-000683,Android,2023-05-19,2023-05-19,true
DEVICE-005708,Smartphone,PERSON-001860,Android,2023-05-19,2023-05-19,true
DEVICE-005709,Smartphone,PERSON-001860,Android,2023-05-19,2023-05-19,true
DEVICE-005710,Feature Phone,PERSON-001210,Android,2023-12-20,2023-12-20,true
DEVICE-005711,Tablet,PERSON-001210,Android,2023-12-20,2023-12-20,true
DEVICE-005712,Smartphone,PERSON-000146,Android,2023-12-20,2023-12-20,true
DEVICE-005713,Smartphone,PERSON-000146,iOS,2023-12-20,2023-12-20,true
DEVICE-005714,Tablet,PERSON-001558,iOS,2023-12-20,2023-12-20,true
DEVICE-005715,Tablet,PERSON-000351,iOS,2023-12-20,2023-12-20,true
DEVICE-005716,Smartphone,PERSON-001992,iOS,2023-12-20,2023-12-20,true
DEVICE-005717,Tablet,PERSON-001041,iOS,2023-12-20,2023-12-20,true
DEVICE-005718,Tablet,PERSON-001041,iOS,2023-12-20,2023-12-20,true
DEVICE-005719,Smartphone,PERSON-001589,Android,2023-12-20,2023-12-20,true
DEVICE-005720,Feature Phone,PERSON-001670,iOS,2023-12-20,2023-12-20,true
DEVICE-005721,Tablet,PERSON-001667,iOS,2023-05-15,2023-05-15,true
DEVICE-005722,Smartphone,PERSON-000146,iOS,2023-05-15,2023-05-15,true
DEVICE-005723,Tablet,PERSON-002750,Android,2023-05-15,2023-05-15,true
DEVICE-005724,Tablet,PERSON-001041,Android,2023-05-15,2023-05-15,true
DEVICE-005725,Smartphone,PERSON-001589,iOS,2023-05-15,2023-05-15,true
DEVICE-005726,Smartphone,PERSON-001589,Android,2023-05-15,2023-05-15,true
DEVICE-005727,Smartphone,PERSON-001670,iOS,2023-05-15,2023-05-15,true
DEVICE-005728,Tablet,PERSON-001334,iOS,2023-11-13,2023-11-13,true
DEVICE-005729,Smartphone,PERSON-000260,Android,2023-11-13,2023-11-13,true
DEVICE-005730,Tablet,PERSON-000260,Android,2023-11-13,2023-11-13,true
DEVICE-005731,Tablet,PERSON-000825,Android,2023-11-13,2023-11-13,true
DEVICE-005732,Feature Phone,PERSON-001610,Android,2023-11-13,2023-11-13,true
DEVICE-005733,Tablet,PERSON-002408,Android,2023-11-13,2023-11-13,true
DEVICE-005734,Feature Phone,PERSON-000374,Android,2023-11-13,2023-11-13,true
DEVICE-005735,Smartphone,PERSON-001578,Android,2023-11-13,2023-11-13,true
DEVICE-005736,Tablet,PERSON-001578,Android,2023-11-13,2023-11-13,true
DEVICE-005737,Tablet,PERSON-002393,iOS,2023-11-13,2023-11-13,true
DEVICE-005738,Smartphone,PERSON-001029,Android,2023-11-13,2023-11-13,true
DEVICE-005739,Smartphone,PERSON-001029,iOS,2023-11-13,2023-11-13,true
DEVICE-005740,Feature Phone,PERSON-002450,iOS,2023-11-25,2023-11-25,true
DEVICE-005741,Smartphone,PERSON-002450,iOS,2023-11-25,2023-11-25,true
DEVICE-005742,Tablet,PERSON-002039,iOS,2023-11-25,2023-11-25,true
DEVICE-005743,Tablet,PERSON-000506,Android,2023-11-25,2023-11-25,true
DEVICE-005744,Tablet,PERSON-000506,Android,2023-11-25,2023-11-25,true
DEVICE-005745,Tablet,PERSON-000769,Android,2023-11-25,2023-11-25,true
DEVICE-005746,Tablet,PERSON-000405,Android,2023-11-25,2023-11-25,true
DEVICE-005747,Smartphone,PERSON-002879,iOS,2023-11-25,2023-11-25,true
DEVICE-005748,Smartphone,PERSON-002879,iOS,2023-11-25,2023-11-25,true
DEVICE-005749,Feature Phone,PERSON-000063,iOS,2023-11-25,2023-11-25,true
DEVICE-005750,Tablet,PERSON-000063,iOS,2023-11-25,2023-11-25,true
DEVICE-005751,Smartphone,PERSON-001326,Android,2023-11-25,2023-11-25,true
DEVICE-005752,Tablet,PERSON-001873,iOS,2023-11-25,2023-11-25,true
DEVICE-005753,Tablet,PERSON-002457,Android,2023-11-25,2023-11-25,true
DEVICE-005754,Smartphone,PERSON-002457,Android,2023-11-25,2023-11-25,true
DEVICE-005755,Smartphone,PERSON-001894,Android,2023-11-25,2023-11-25,true
DEVICE-005756,Smartphone,PERSON-000081,Android,2023-09-04,2023-09-04,true
DEVICE-005757,Smartphone,PERSON-001259,iOS,2023-09-04,2023-09-04,true
DEVICE-005758,Smartphone,PERSON-000850,Android,2023-09-04,2023-09-04,true
DEVICE-005759,Smartphone,PERSON-001861,Android,2023-09-04,2023-09-04,true
DEVICE-005760,Smartphone,PERSON-001861,Android,2023-09-04,2023-09-04,true
DEVICE-005761,Feature Phone,PERSON-002574,Android,2023-09-04,2023-09-04,true
DEVICE-005762,Smartphone,PERSON-002757,Android,2023-09-04,2023-09-04,true
DEVICE-005763,Feature Phone,PERSON-002757,Android,2023-09-04,2023-09-04,true
DEVICE-005764,Tablet,PERSON-001589,Android,2023-09-04,2023-09-04,true
DEVICE-005765,Tablet,PERSON-000072,Android,2023-09-04,2023-09-04,true
DEVICE-005766,Smartphone,PERSON-000822,Android,2023-06-22,2023-06-22,true
DEVICE-005767,Feature Phone,PERSON-001780,iOS,2023-06-22,2023-06-22,true
DEVICE-005768,Tablet,PERSON-001780,iOS,2023-06-22,2023-06-22,true
DEVICE-005769,Tablet,PERSON-001747,iOS,2023-06-22,2023-06-22,true
DEVICE-005770,Smartphone,PERSON-002846,iOS,2023-06-22,2023-06-22,true
DEVICE-005771,Feature Phone,PERSON-002408,iOS,2023-06-22,2023-06-22,true
DEVICE-005772,Smartphone,PERSON-002304,Android,2023-06-22,2023-06-22,true
DEVICE-005773,Smartphone,PERSON-001334,Android,2023-01-14,2023-01-14,true
DEVICE-005774,Feature Phone,PERSON-000943,Android,2023-01-14,2023-01-14,true
DEVICE-005775,Smartphone,PERSON-000943,iOS,2023-01-14,2023-01-14,true
DEVICE-005776,Feature Phone,PERSON-001780,Android,2023-01-14,2023-01-14,true
DEVICE-005777,Smartphone,PERSON-001780,Android,2023-01-14,2023-01-14,true
DEVICE-005778,Tablet,PERSON-001747,Android,2023-01-14,2023-01-14,true
DEVICE-005779,Smartphone,PERSON-001691,Android,2023-01-14,2023-01-14,true
DEVICE-005780,Feature Phone,PERSON-001691,Android,2023-01-14,2023-01-14,true
DEVICE-005781,Tablet,PERSON-000374,iOS,2023-01-14,2023-01-14,true
DEVICE-005782,Tablet,PERSON-002304,iOS,2023-01-14,2023-01-14,true
DEVICE-005783,Tablet,PERSON-002393,iOS,2023-01-14,2023-01-14,true
DEVICE-005784,Feature Phone,PERSON-001847,Android,2023-01-14,2023-01-14,true
DEVICE-005785,Smartphone,PERSON-000146,iOS,2023-05-14,2023-05-14,true
DEVICE-005786,Feature Phone,PERSON-001210,iOS,2023-05-14,2023-05-14,true
DEVICE-005787,Smartphone,PERSON-001667,Android,2023-05-14,2023-05-14,true
DEVICE-005788,Smartphone,PERSON-001667,Android,2023-05-14,2023-05-14,true
DEVICE-005789,Tablet,PERSON-001558,iOS,2023-05-14,2023-05-14,true
DEVICE-005790,Feature Phone,PERSON-000351,iOS,2023-05-14,2023-05-14,true
DEVICE-005791,Feature Phone,PERSON-002750,iOS,2023-05-14,2023-05-14,true
DEVICE-005792,Smartphone,PERSON-002750,Android,2023-05-14,2023-05-14,true
DEVICE-005793,Smartphone,PERSON-001041,iOS,2023-05-14,2023-05-14,true
DEVICE-005794,Tablet,PERSON-001589,Android,2023-05-14,2023-05-14,true
DEVICE-005795,Tablet,PERSON-001670,Android,2023-05-14,2023-05-14,true
DEVICE-005796,Feature Phone,PERSON-002124,Android,2023-09-23,2023-09-23,true
DEVICE-005797,Feature Phone,PERSON-002124,Android,2023-09-23,2023-09-23,true
DEVICE-005798,Tablet,PERSON-002517,Android,2023-09-23,2023-09-23,true
DEVICE-005799,Feature Phone,PERSON-002279,Android,2023-09-23,2023-09-23,true
DEVICE-005800,Smartphone,PERSON-001544,Android,2023-09-23,2023-09-23,true
DEVICE-005801,Smartphone,PERSON-002873,iOS,2023-09-23,2023-09-23,true
DEVICE-005802,Feature Phone,PERSON-000120,Android,2023-09-23,2023-09-23,true
DEVICE-005803,Feature Phone,PERSON-000120,iOS,2023-09-23,2023-09-23,true
DEVICE-005804,Smartphone,PERSON-001898,Android,2023-09-23,2023-09-23,true
DEVICE-005805,Smartphone,PERSON-001898,Android,2023-09-23,2023-09-23,true
DEVICE-005806,Smartphone,PERSON-000621,iOS,2023-09-23,2023-09-23,true
DEVICE-005807,Tablet,PERSON-002901,iOS,2023-10-07,2023-10-07,true
DEVICE-005808,Smartphone,PERSON-000022,iOS,2023-10-07,2023-10-07,true
DEVICE-005809,Tablet,PERSON-000022,iOS,2023-10-07,2023-10-07,true
DEVICE-005810,Tablet,PERSON-000193,Android,2023-10-07,2023-10-07,true
DEVICE-005811,Tablet,PERSON-001861,iOS,2023-10-07,2023-10-07,true
DEVICE-005812,Tablet,PERSON-002725,iOS,2023-10-07,2023-10-07,true
DEVICE-005813,Tablet,PERSON-001846,Android,2023-10-07,2023-10-07,true
DEVICE-005814,Feature Phone,PERSON-001311,iOS,2023-10-07,2023-10-07,true
DEVICE-005815,Tablet,PERSON-000072,iOS,2023-10-07,2023-10-07,true
DEVICE-005816,Tablet,PERSON-002160,Android,2023-10-07,2023-10-07,true
DEVICE-005817,Tablet,PERSON-001334,iOS,2023-08-17,2023-08-17,true
DEVICE-005818,Feature Phone,PERSON-001334,iOS,2023-08-17,2023-08-17,true
DEVICE-005819,Tablet,PERSON-000499,iOS,2023-08-17,2023-08-17,true
DEVICE-005820,Smartphone,PERSON-000499,iOS,2023-08-17,2023-08-17,true
DEVICE-005821,Smartphone,PERSON-002397,iOS,2023-08-17,2023-08-17,true
DEVICE-005822,Smartphone,PERSON-001578,iOS,2023-08-17,2023-08-17,true
DEVICE-005823,Feature Phone,PERSON-000488,iOS,2023-08-17,2023-08-17,true
DEVICE-005824,Tablet,PERSON-000488,iOS,2023-08-17,2023-08-17,true
DEVICE-005825,Feature Phone,PERSON-002304,Android,2023-08-17,2023-08-17,true
DEVICE-005826,Feature Phone,PERSON-000233,iOS,2023-01-02,2023-01-02,true
DEVICE-005827,Tablet,PERSON-000492,iOS,2023-01-02,2023-01-02,true
DEVICE-005828,Tablet,PERSON-000144,Android,2023-01-02,2023-01-02,true
DEVICE-005829,Tablet,PERSON-002122,iOS,2023-01-02,2023-01-02,true
DEVICE-005830,Smartphone,PERSON-002964,Android,2023-01-02,2023-01-02,true
DEVICE-005831,Smartphone,PERSON-000305,Android,2023-01-02,2023-01-02,true
DEVICE-005832,Feature Phone,PERSON-002821,Android,2023-08-31,2023-08-31,true
DEVICE-005833,Smartphone,PERSON-001558,iOS,2023-08-31,2023-08-31,true
DEVICE-005834,Tablet,PERSON-001558,iOS,2023-08-31,2023-08-31,true
DEVICE-005835,Smartphone,PERSON-001474,iOS,2023-08-31,2023-08-31,true
DEVICE-005836,Smartphone,PERSON-001262,iOS,2023-08-31,2023-08-31,true
DEVICE-005837,Feature Phone,PERSON-001262,iOS,2023-08-31,2023-08-31,true
DEVICE-005838,Feature Phone,PERSON-000440,Android,2023-08-31,2023-08-31,true
DEVICE-005839,Feature Phone,PERSON-000440,iOS,2023-08-31,2023-08-31,true
DEVICE-005840,Smartphone,PERSON-000484,iOS,2023-08-31,2023-08-31,true
DEVICE-005841,Tablet,PERSON-000267,iOS,2023-08-31,2023-08-31,true
DEVICE-005842,Tablet,PERSON-000267,Android,2023-08-31,2023-08-31,true
DEVICE-005843,Smartphone,PERSON-000792,iOS,2023-08-31,2023-08-31,true
DEVICE-005844,Tablet,PERSON-000792,iOS,2023-08-31,2023-08-31,true
DEVICE-005845,Tablet,PERSON-002060,iOS,2023-08-31,2023-08-31,true
DEVICE-005846,Tablet,PERSON-002060,iOS,2023-08-31,2023-08-31,true
DEVICE-005847,Tablet,PERSON-001757,iOS,2023-08-31,2023-08-31,true
DEVICE-005848,Smartphone,PERSON-001558,iOS,2023-07-20,2023-07-20,true
DEVICE-005849,Tablet,PERSON-001558,Android,2023-07-20,2023-07-20,true
DEVICE-005850,Tablet,PERSON-002821,iOS,2023-07-20,2023-07-20,true
DEVICE-005851,Feature Phone,PERSON-001262,Android,2023-07-20,2023-07-20,true
DEVICE-005852,Tablet,PERSON-001262,iOS,2023-07-20,2023-07-20,true
DEVICE-005853,Tablet,PERSON-000180,iOS,2023-07-20,2023-07-20,true
DEVICE-005854,Tablet,PERSON-000792,iOS,2023-07-20,2023-07-20,true
DEVICE-005855,Smartphone,PERSON-000792,Android,2023-07-20,2023-07-20,true
DEVICE-005856,Smartphone,PERSON-000440,iOS,2023-07-20,2023-07-20,true
DEVICE-005857,Smartphone,PERSON-001757,Android,2023-07-20,2023-07-20,true
DEVICE-005858,Feature Phone,PERSON-001212,iOS,2023-07-20,2023-07-20,true
DEVICE-005859,Smartphone,PERSON-002517,Android,2023-11-30,2023-11-30,true
DEVICE-005860,Tablet,PERSON-000120,iOS,2023-11-30,2023-11-30,true
DEVICE-005861,Tablet,PERSON-002873,Android,2023-11-30,2023-11-30,true
DEVICE-005862,Smartphone,PERSON-001898,Android,2023-11-30,2023-11-30,true
DEVICE-005863,Smartphone,PERSON-001540,iOS,2023-11-30,2023-11-30,true
DEVICE-005864,Feature Phone,PERSON-000083,iOS,2023-11-30,2023-11-30,true
DEVICE-005865,Smartphone,PERSON-000083,iOS,2023-11-30,2023-11-30,true
DEVICE-005866,Tablet,PERSON-000357,iOS,2023-11-30,2023-11-30,true
DEVICE-005867,Feature Phone,PERSON-000357,Android,2023-11-30,2023-11-30,true
DEVICE-005868,Feature Phone,PERSON-001205,iOS,2023-11-30,2023-11-30,true
DEVICE-005869,Tablet,PERSON-000957,Android,2023-11-30,2023-11-30,true
DEVICE-005870,Smartphone,PERSON-000957,Android,2023-11-30,2023-11-30,true
DEVICE-005871,Feature Phone,PERSON-001664,iOS,2023-02-04,2023-02-04,true
DEVICE-005872,Smartphone,PERSON-002675,iOS,2023-02-04,2023-02-04,true
DEVICE-005873,Smartphone,PERSON-001343,Android,2023-02-04,2023-02-04,true
DEVICE-005874,Smartphone,PERSON-001343,Android,2023-02-04,2023-02-04,true
DEVICE-005875,Tablet,PERSON-000948,iOS,2023-02-04,2023-02-04,true
DEVICE-005876,Tablet,PERSON-000948,Android,2023-02-04,2023-02-04,true
DEVICE-005877,Smartphone,PERSON-000576,Android,2023-02-04,2023-02-04,true
DEVICE-005878,Tablet,PERSON-000576,iOS,2023-02-04,2023-02-04,true
DEVICE-005879,Tablet,PERSON-002757,iOS,2023-02-04,2023-02-04,true
DEVICE-005880,Smartphone,PERSON-002757,iOS,2023-02-04,2023-02-04,true
DEVICE-005881,Feature Phone,PERSON-000584,Android,2023-02-04,2023-02-04,true
DEVICE-005882,Tablet,PERSON-002715,Android,2023-02-04,2023-02-04,true
DEVICE-005883,Feature Phone,PERSON-002715,iOS,2023-02-04,2023-02-04,true
DEVICE-005884,Tablet,PERSON-000120,Android,2023-05-29,2023-05-29,true
DEVICE-005885,Tablet,PERSON-000921,iOS,2023-05-29,2023-05-29,true
DEVICE-005886,Smartphone,PERSON-001540,Android,2023-05-29,2023-05-29,true
DEVICE-005887,Tablet,PERSON-002745,Android,2023-05-29,2023-05-29,true
DEVICE-005888,Feature Phone,PERSON-000440,iOS,2023-05-29,2023-05-29,true
DEVICE-005889,Tablet,PERSON-002408,Android,2023-08-25,2023-08-25,true
DEVICE-005890,Smartphone,PERSON-002408,Android,2023-08-25,2023-08-25,true
DEVICE-005891,Tablet,PERSON-001747,Android,2023-08-25,2023-08-25,true
DEVICE-005892,Smartphone,PERSON-001747,Android,2023-08-25,2023-08-25,true
DEVICE-005893,Feature Phone,PERSON-002846,iOS,2023-08-25,2023-08-25,true
DEVICE-005894,Tablet,PERSON-001029,Android,2023-08-25,2023-08-25,true
DEVICE-005895,Tablet,PERSON-000604,iOS,2023-07-27,2023-07-27,true
DEVICE-005896,Feature Phone,PERSON-002704,iOS,2023-07-27,2023-07-27,true
DEVICE-005897,Tablet,PERSON-001908,Android,2023-07-27,2023-07-27,true
DEVICE-005898,Tablet,PERSON-000647,Android,2023-07-27,2023-07-27,true
DEVICE-005899,Feature Phone,PERSON-000997,Android,2023-07-27,2023-07-27,true
DEVICE-005900,Tablet,PERSON-000997,iOS,2023-07-27,2023-07-27,true
DEVICE-005901,Smartphone,PERSON-001258,Android,2023-07-27,2023-07-27,true
DEVICE-005902,Feature Phone,PERSON-000599,iOS,2023-07-27,2023-07-27,true
DEVICE-005903,Feature Phone,PERSON-001259,iOS,2023-08-12,2023-08-12,true
DEVICE-005904,Smartphone,PERSON-000850,Android,2023-08-12,2023-08-12,true
DEVICE-005905,Smartphone,PERSON-001861,Android,2023-08-12,2023-08-12,true
DEVICE-005906,Feature Phone,PERSON-001861,iOS,2023-08-12,2023-08-12,true
DEVICE-005907,Smartphone,PERSON-002574,iOS,2023-08-12,2023-08-12,true
DEVICE-005908,Smartphone,PERSON-000063,iOS,2023-08-12,2023-08-12,true
DEVICE-005909,Smartphone,PERSON-000863,Android,2023-08-12,2023-08-12,true
DEVICE-005910,Smartphone,PERSON-002757,Android,2023-08-12,2023-08-12,true
DEVICE-005911,Feature Phone,PERSON-001589,Android,2023-08-12,2023-08-12,true
DEVICE-005912,Feature Phone,PERSON-000049,iOS,2023-08-12,2023-08-12,true
DEVICE-005913,Smartphone,PERSON-001664,Android,2023-04-08,2023-04-08,true
DEVICE-005914,Feature Phone,PERSON-001343,Android,2023-04-08,2023-04-08,true
DEVICE-005915,Tablet,PERSON-001315,Android,2023-04-08,2023-04-08,true
DEVICE-005916,Tablet,PERSON-001315,Android,2023-04-08,2023-04-08,true
DEVICE-005917,Tablet,PERSON-002757,iOS,2023-04-08,2023-04-08,true
DEVICE-005918,Smartphone,PERSON-002757,Android,2023-04-08,2023-04-08,true
DEVICE-005919,Feature Phone,PERSON-002715,iOS,2023-04-08,2023-04-08,true
DEVICE-005920,Tablet,PERSON-002715,iOS,2023-04-08,2023-04-08,true
DEVICE-005921,Feature Phone,PERSON-001425,iOS,2023-03-09,2023-03-09,true
DEVICE-005922,Feature Phone,PERSON-000822,iOS,2023-03-09,2023-03-09,true
DEVICE-005923,Smartphone,PERSON-002986,iOS,2023-03-09,2023-03-09,true
DEVICE-005924,Feature Phone,PERSON-001071,iOS,2023-03-09,2023-03-09,true
DEVICE-005925,Smartphone,PERSON-000613,Android,2023-03-09,2023-03-09,true
DEVICE-005926,Smartphone,PERSON-001578,Android,2023-03-09,2023-03-09,true
DEVICE-005927,Feature Phone,PERSON-000274,iOS,2023-03-22,2023-03-22,true
DEVICE-005928,Tablet,PERSON-002060,Android,2023-03-22,2023-03-22,true
DEVICE-005929,Tablet,PERSON-001115,iOS,2023-03-22,2023-03-22,true
DEVICE-005930,Smartphone,PERSON-000540,Android,2023-03-22,2023-03-22,true
DEVICE-005931,Smartphone,PERSON-002517,iOS,2023-10-26,2023-10-26,true
DEVICE-005932,Smartphone,PERSON-002279,Android,2023-10-26,2023-10-26,true
DEVICE-005933,Feature Phone,PERSON-002887,iOS,2023-10-26,2023-10-26,true
DEVICE-005934,Feature Phone,PERSON-002887,Android,2023-10-26,2023-10-26,true
DEVICE-005935,Smartphone,PERSON-001544,iOS,2023-10-26,2023-10-26,true
DEVICE-005936,Feature Phone,PERSON-000120,Android,2023-10-26,2023-10-26,true
DEVICE-005937,Feature Phone,PERSON-002999,iOS,2023-10-26,2023-10-26,true
DEVICE-005938,Tablet,PERSON-002999,Android,2023-10-26,2023-10-26,true
DEVICE-005939,Smartphone,PERSON-001965,Android,2023-10-26,2023-10-26,true
DEVICE-005940,Feature Phone,PERSON-001965,iOS,2023-10-26,2023-10-26,true
DEVICE-005941,Tablet,PERSON-000863,iOS,2023-10-26,2023-10-26,true
DEVICE-005942,Tablet,PERSON-000083,iOS,2023-10-26,2023-10-26,true
DEVICE-005943,Feature Phone,PERSON-002745,iOS,2023-10-26,2023-10-26,true
DEVICE-005944,Feature Phone,PERSON-000488,Android,2023-10-26,2023-10-26,true
DEVICE-005945,Tablet,PERSON-000488,Android,2023-10-26,2023-10-26,true
DEVICE-005946,Feature Phone,PERSON-000765,iOS,2023-10-26,2023-10-26,true
DEVICE-005947,Tablet,PERSON-000357,iOS,2023-10-26,2023-10-26,true
DEVICE-005948,Feature Phone,PERSON-001478,Android,2023-01-19,2023-01-19,true
DEVICE-005949,Tablet,PERSON-002920,Android,2023-01-19,2023-01-19,true
DEVICE-005950,Feature Phone,PERSON-001615,iOS,2023-01-19,2023-01-19,true
DEVICE-005951,Tablet,PERSON-001615,iOS,2023-01-19,2023-01-19,true
DEVICE-005952,Feature Phone,PERSON-000302,iOS,2023-01-19,2023-01-19,true
DEVICE-005953,Feature Phone,PERSON-000144,Android,2023-01-19,2023-01-19,true
DEVICE-005954,Feature Phone,PERSON-000489,Android,2023-01-19,2023-01-19,true
DEVICE-005955,Smartphone,PERSON-000305,iOS,2023-01-19,2023-01-19,true
DEVICE-005956,Smartphone,PERSON-001830,iOS,2023-01-19,2023-01-19,true
DEVICE-005957,Feature Phone,PERSON-001369,iOS,2023-05-23,2023-05-23,true
DEVICE-005958,Tablet,PERSON-001369,iOS,2023-05-23,2023-05-23,true
DEVICE-005959,Tablet,PERSON-000181,iOS,2023-05-23,2023-05-23,true
DEVICE-005960,Smartphone,PERSON-000181,iOS,2023-05-23,2023-05-23,true
DEVICE-005961,Smartphone,PERSON-002132,iOS,2023-05-23,2023-05-23,true
DEVICE-005962,Tablet,PERSON-001262,iOS,2023-05-23,2023-05-23,true
DEVICE-005963,Tablet,PERSON-002771,iOS,2023-05-23,2023-05-23,true
DEVICE-005964,Feature Phone,PERSON-002020,Android,2023-05-01,2023-05-01,true
DEVICE-005965,Tablet,PERSON-002517,iOS,2023-05-01,2023-05-01,true
DEVICE-005966,Feature Phone,PERSON-001898,Android,2023-05-01,2023-05-01,true
DEVICE-005967,Tablet,PERSON-001898,iOS,2023-05-01,2023-05-01,true
DEVICE-005968,Smartphone,PERSON-000921,iOS,2023-05-01,2023-05-01,true
DEVICE-005969,Tablet,PERSON-000921,iOS,2023-05-01,2023-05-01,true
DEVICE-005970,Tablet,PERSON-001992,Android,2023-05-01,2023-05-01,true
DEVICE-005971,Feature Phone,PERSON-001543,iOS,2023-05-01,2023-05-01,true
DEVICE-005972,Feature Phone,PERSON-002999,iOS,2023-05-01,2023-05-01,true
DEVICE-005973,Tablet,PERSON-000488,Android,2023-05-01,2023-05-01,true
DEVICE-005974,Feature Phone,PERSON-000765,Android,2023-05-01,2023-05-01,true
DEVICE-005975,Feature Phone,PERSON-000765,iOS,2023-05-01,2023-05-01,true
DEVICE-005976,Smartphone,PERSON-002020,iOS,2023-11-24,2023-11-24,true
DEVICE-005977,Tablet,PERSON-001054,Android,2023-11-24,2023-11-24,true
DEVICE-005978,Smartphone,PERSON-001544,iOS,2023-11-24,2023-11-24,true
DEVICE-005979,Feature Phone,PERSON-002873,Android,2023-11-24,2023-11-24,true
DEVICE-005980,Feature Phone,PERSON-000921,Android,2023-11-24,2023-11-24,true
DEVICE-005981,Feature Phone,PERSON-000863,Android,2023-11-24,2023-11-24,true
DEVICE-005982,Tablet,PERSON-001543,iOS,2023-11-24,2023-11-24,true
DEVICE-005983,Smartphone,PERSON-000765,iOS,2023-11-24,2023-11-24,true
DEVICE-005984,Tablet,PERSON-001205,iOS,2023-11-24,2023-11-24,true
DEVICE-005985,Feature Phone,PERSON-001259,Android,2023-04-16,2023-04-16,true
DEVICE-005986,Smartphone,PERSON-000850,iOS,2023-04-16,2023-04-16,true
DEVICE-005987,Feature Phone,PERSON-001861,iOS,2023-04-16,2023-04-16,true
DEVICE-005988,Smartphone,PERSON-002574,Android,2023-04-16,2023-04-16,true
DEVICE-005989,Feature Phone,PERSON-001965,iOS,2023-04-16,2023-04-16,true
DEVICE-005990,Smartphone,PERSON-001589,iOS,2023-04-16,2023-04-16,true
DEVICE-005991,Feature Phone,PERSON-002558,iOS,2023-06-18,2023-06-18,true
DEVICE-005992,Feature Phone,PERSON-000022,iOS,2023-06-18,2023-06-18,true
DEVICE-005993,Tablet,PERSON-000022,Android,2023-06-18,2023-06-18,true
DEVICE-005994,Smartphone,PERSON-001131,Android,2023-06-18,2023-06-18,true
DEVICE-005995,Smartphone,PERSON-002004,Android,2023-06-18,2023-06-18,true
DEVICE-005996,Tablet,PERSON-000405,iOS,2023-06-18,2023-06-18,true
DEVICE-005997,Tablet,PERSON-000074,iOS,2023-06-18,2023-06-18,true
DEVICE-005998,Feature Phone,PERSON-002499,Android,2023-06-18,2023-06-18,true
DEVICE-005999,Feature Phone,PERSON-002215,Android,2023-06-18,2023-06-18,true
DEVICE-006000,Feature Phone,PERSON-001558,iOS,2023-01-28,2023-01-28,true
DEVICE-006001,Tablet,PERSON-002821,Android,2023-01-28,2023-01-28,true
DEVICE-006002,Tablet,PERSON-001115,iOS,2023-01-28,2023-01-28,true
DEVICE-006003,Smartphone,PERSON-001115,Android,2023-01-28,2023-01-28,true
DEVICE-006004,Tablet,PERSON-001610,iOS,2023-01-28,2023-01-28,true
DEVICE-006005,Feature Phone,PERSON-001043,iOS,2023-01-28,2023-01-28,true
DEVICE-006006,Feature Phone,PERSON-002900,iOS,2023-01-28,2023-01-28,true
DEVICE-006007,Feature Phone,PERSON-001757,Android,2023-01-28,2023-01-28,true
DEVICE-006008,Smartphone,PERSON-002279,Android,2023-04-07,2023-04-07,true
DEVICE-006009,Smartphone,PERSON-001965,Android,2023-04-07,2023-04-07,true
DEVICE-006010,Smartphone,PERSON-001965,Android,2023-04-07,2023-04-07,true
DEVICE-006011,Feature Phone,PERSON-001521,iOS,2023-04-07,2023-04-07,true
DEVICE-006012,Tablet,PERSON-000863,Android,2023-04-07,2023-04-07,true
DEVICE-006013,Smartphone,PERSON-000863,Android,2023-04-07,2023-04-07,true
DEVICE-006014,Smartphone,PERSON-001992,iOS,2023-04-07,2023-04-07,true
DEVICE-006015,Tablet,PERSON-002745,iOS,2023-04-07,2023-04-07,true
DEVICE-006016,Tablet,PERSON-002999,iOS,2023-04-07,2023-04-07,true
DEVICE-006017,Tablet,PERSON-001664,iOS,2023-02-04,2023-02-04,true
DEVICE-006018,Smartphone,PERSON-001664,Android,2023-02-04,2023-02-04,true
DEVICE-006019,Smartphone,PERSON-002998,Android,2023-02-04,2023-02-04,true
DEVICE-006020,Feature Phone,PERSON-000948,Android,2023-02-04,2023-02-04,true
DEVICE-006021,Feature Phone,PERSON-001315,iOS,2023-02-04,2023-02-04,true
DEVICE-006022,Tablet,PERSON-000576,Android,2023-02-04,2023-02-04,true
DEVICE-006023,Smartphone,PERSON-002757,Android,2023-02-04,2023-02-04,true
DEVICE-006024,Tablet,PERSON-000904,iOS,2023-02-04,2023-02-04,true
DEVICE-006025,Tablet,PERSON-000584,Android,2023-02-04,2023-02-04,true
DEVICE-006026,Smartphone,PERSON-000634,iOS,2023-02-04,2023-02-04,true
DEVICE-006027,Tablet,PERSON-000634,Android,2023-02-04,2023-02-04,true
DEVICE-006028,Tablet,PERSON-002275,iOS,2023-04-09,2023-04-09,true
DEVICE-006029,Tablet,PERSON-002331,iOS,2023-04-09,2023-04-09,true
DEVICE-006030,Smartphone,PERSON-000979,Android,2023-04-09,2023-04-09,true
DEVICE-006031,Tablet,PERSON-000979,Android,2023-04-09,2023-04-09,true
DEVICE-006032,Tablet,PERSON-002087,Android,2023-04-09,2023-04-09,true
DEVICE-006033,Smartphone,PERSON-002499,Android,2023-04-09,2023-04-09,true
DEVICE-006034,Feature Phone,PERSON-001397,iOS,2023-04-09,2023-04-09,true
DEVICE-006035,Smartphone,PERSON-002689,iOS,2023-04-09,2023-04-09,true
DEVICE-006036,Tablet,PERSON-000850,Android,2023-05-25,2023-05-25,true
DEVICE-006037,Smartphone,PERSON-001861,Android,2023-05-25,2023-05-25,true
DEVICE-006038,Feature Phone,PERSON-002574,Android,2023-05-25,2023-05-25,true
DEVICE-006039,Feature Phone,PERSON-000921,Android,2023-05-25,2023-05-25,true
DEVICE-006040,Feature Phone,PERSON-000063,iOS,2023-05-25,2023-05-25,true
DEVICE-006041,Smartphone,PERSON-001589,iOS,2023-05-25,2023-05-25,true
DEVICE-006042,Smartphone,PERSON-001589,iOS,2023-05-25,2023-05-25,true
DEVICE-006043,Smartphone,PERSON-000822,Android,2023-02-20,2023-02-20,true
DEVICE-006044,Smartphone,PERSON-001885,iOS,2023-02-20,2023-02-20,true
DEVICE-006045,Tablet,PERSON-002986,iOS,2023-02-20,2023-02-20,true
DEVICE-006046,Feature Phone,PERSON-002759,iOS,2023-02-20,2023-02-20,true
DEVICE-006047,Tablet,PERSON-001071,Android,2023-02-20,2023-02-20,true
DEVICE-006048,Smartphone,PERSON-001071,Android,2023-02-20,2023-02-20,true
DEVICE-006049,Smartphone,PERSON-000613,iOS,2023-02-20,2023-02-20,true
DEVICE-006050,Smartphone,PERSON-002068,Android,2023-02-20,2023-02-20,true
DEVICE-006051,Smartphone,PERSON-001578,iOS,2023-02-20,2023-02-20,true
DEVICE-006052,Smartphone,PERSON-000850,iOS,2023-11-13,2023-11-13,true
DEVICE-006053,Smartphone,PERSON-000046,iOS,2023-11-13,2023-11-13,true
DEVICE-006054,Tablet,PERSON-002879,Android,2023-11-13,2023-11-13,true
DEVICE-006055,Feature Phone,PERSON-002872,iOS,2023-11-13,2023-11-13,true
DEVICE-006056,Feature Phone,PERSON-001326,iOS,2023-11-13,2023-11-13,true
DEVICE-006057,Smartphone,PERSON-001894,iOS,2023-11-13,2023-11-13,true
DEVICE-006058,Tablet,PERSON-002136,iOS,2023-03-04,2023-03-04,true
DEVICE-006059,Tablet,PERSON-002136,iOS,2023-03-04,2023-03-04,true
DEVICE-006060,Feature Phone,PERSON-000784,iOS,2023-03-04,2023-03-04,true
DEVICE-006061,Tablet,PERSON-000784,Android,2023-03-04,2023-03-04,true
DEVICE-006062,Smartphone,PERSON-000717,iOS,2023-03-04,2023-03-04,true
DEVICE-006063,Feature Phone,PERSON-001131,Android,2023-03-04,2023-03-04,true
DEVICE-006064,Smartphone,PERSON-000580,Android,2023-03-04,2023-03-04,true
DEVICE-006065,Tablet,PERSON-002164,iOS,2023-03-04,2023-03-04,true
DEVICE-006066,Tablet,PERSON-000074,iOS,2023-03-04,2023-03-04,true
DEVICE-006067,Feature Phone,PERSON-002558,Android,2023-06-14,2023-06-14,true
DEVICE-006068,Smartphone,PERSON-002558,iOS,2023-06-14,2023-06-14,true
DEVICE-006069,Smartphone,PERSON-000397,iOS,2023-06-14,2023-06-14,true
DEVICE-006070,Feature Phone,PERSON-000397,Android,2023-06-14,2023-06-14,true
DEVICE-006071,Feature Phone,PERSON-000405,Android,2023-06-14,2023-06-14,true
DEVICE-006072,Feature Phone,PERSON-000405,iOS,2023-06-14,2023-06-14,true
DEVICE-006073,Tablet,PERSON-000904,Android,2023-06-14,2023-06-14,true
DEVICE-006074,Feature Phone,PERSON-000074,iOS,2023-06-14,2023-06-14,true
DEVICE-006075,Feature Phone,PERSON-002499,iOS,2023-06-14,2023-06-14,true
DEVICE-006076,Feature Phone,PERSON-000154,Android,2023-06-14,2023-06-14,true
DEVICE-006077,Tablet,PERSON-000154,Android,2023-06-14,2023-06-14,true
DEVICE-006078,Feature Phone,PERSON-000682,Android,2023-07-11,2023-07-11,true
DEVICE-006079,Feature Phone,PERSON-002737,Android,2023-07-11,2023-07-11,true
DEVICE-006080,Smartphone,PERSON-002737,iOS,2023-07-11,2023-07-11,true
DEVICE-006081,Smartphone,PERSON-000473,Android,2023-07-11,2023-07-11,true
DEVICE-006082,Feature Phone,PERSON-000042,iOS,2023-07-11,2023-07-11,true
DEVICE-006083,Tablet,PERSON-002068,Android,2023-07-11,2023-07-11,true
DEVICE-006084,Tablet,PERSON-000165,Android,2023-07-11,2023-07-11,true
DEVICE-006085,Tablet,PERSON-000032,iOS,2023-07-11,2023-07-11,true
DEVICE-006086,Tablet,PERSON-000032,Android,2023-07-11,2023-07-11,true
DEVICE-006087,Smartphone,PERSON-002020,Android,2023-10-01,2023-10-01,true
DEVICE-006088,Tablet,PERSON-002020,Android,2023-10-01,2023-10-01,true
DEVICE-006089,Tablet,PERSON-001540,Android,2023-10-01,2023-10-01,true
DEVICE-006090,Feature Phone,PERSON-001965,iOS,2023-10-01,2023-10-01,true
DEVICE-006091,Tablet,PERSON-001543,Android,2023-10-01,2023-10-01,true
DEVICE-006092,Smartphone,PERSON-001043,Android,2023-10-01,2023-10-01,true
DEVICE-006093,Smartphone,PERSON-002745,Android,2023-10-01,2023-10-01,true
DEVICE-006094,Feature Phone,PERSON-002999,Android,2023-10-01,2023-10-01,true
DEVICE-006095,Feature Phone,PERSON-002999,Android,2023-10-01,2023-10-01,true
DEVICE-006096,Smartphone,PERSON-001205,iOS,2023-10-01,2023-10-01,true
DEVICE-006097,Smartphone,PERSON-001478,iOS,2023-05-12,2023-05-12,true
DEVICE-006098,Smartphone,PERSON-001861,iOS,2023-05-12,2023-05-12,true
DEVICE-006099,Tablet,PERSON-001861,iOS,2023-05-12,2023-05-12,true
DEVICE-006100,Smartphone,PERSON-001846,Android,2023-05-12,2023-05-12,true
DEVICE-006101,Tablet,PERSON-000484,iOS,2023-05-12,2023-05-12,true
DEVICE-006102,Feature Phone,PERSON-002507,Android,2023-05-12,2023-05-12,true
DEVICE-006103,Feature Phone,PERSON-000676,Android,2023-05-12,2023-05-12,true
DEVICE-006104,Feature Phone,PERSON-002901,iOS,2023-05-12,2023-05-12,true
DEVICE-006105,Smartphone,PERSON-001311,Android,2023-05-12,2023-05-12,true
DEVICE-006106,Tablet,PERSON-001311,iOS,2023-05-12,2023-05-12,true
DEVICE-006107,Feature Phone,PERSON-000072,Android,2023-05-12,2023-05-12,true
DEVICE-006108,Tablet,PERSON-000906,Android,2023-12-19,2023-12-19,true
DEVICE-006109,Smartphone,PERSON-001112,iOS,2023-12-19,2023-12-19,true
DEVICE-006110,Smartphone,PERSON-002442,iOS,2023-12-19,2023-12-19,true
DEVICE-006111,Smartphone,PERSON-001007,Android,2023-12-19,2023-12-19,true
DEVICE-006112,Tablet,PERSON-001007,Android,2023-12-19,2023-12-19,true
DEVICE-006113,Smartphone,PERSON-001679,Android,2023-12-19,2023-12-19,true
DEVICE-006114,Feature Phone,PERSON-000272,iOS,2023-12-19,2023-12-19,true
DEVICE-006115,Smartphone,PERSON-000272,Android,2023-12-19,2023-12-19,true
DEVICE-006116,Tablet,PERSON-002728,iOS,2023-12-19,2023-12-19,true
DEVICE-006117,Tablet,PERSON-000524,Android,2023-12-19,2023-12-19,true
DEVICE-006118,Feature Phone,PERSON-001664,iOS,2023-12-11,2023-12-11,true
DEVICE-006119,Smartphone,PERSON-001664,iOS,2023-12-11,2023-12-11,true
DEVICE-006120,Tablet,PERSON-000260,Android,2023-12-11,2023-12-11,true
DEVICE-006121,Tablet,PERSON-002675,iOS,2023-12-11,2023-12-11,true
DEVICE-006122,Tablet,PERSON-001343,Android,2023-12-11,2023-12-11,true
DEVICE-006123,Tablet,PERSON-002998,iOS,2023-12-11,2023-12-11,true
DEVICE-006124,Tablet,PERSON-002835,Android,2023-12-11,2023-12-11,true
DEVICE-006125,Smartphone,PERSON-000948,Android,2023-12-11,2023-12-11,true
DEVICE-006126,Feature Phone,PERSON-000948,iOS,2023-12-11,2023-12-11,true
DEVICE-006127,Tablet,PERSON-002757,Android,2023-12-11,2023-12-11,true
DEVICE-006128,Smartphone,PERSON-000697,iOS,2023-12-11,2023-12-11,true
DEVICE-006129,Feature Phone,PERSON-000697,iOS,2023-12-11,2023-12-11,true
DEVICE-006130,Feature Phone,PERSON-000862,Android,2023-01-21,2023-01-21,true
DEVICE-006131,Smartphone,PERSON-000862,iOS,2023-01-21,2023-01-21,true
DEVICE-006132,Smartphone,PERSON-001701,iOS,2023-01-21,2023-01-21,true
DEVICE-006133,Tablet,PERSON-000846,iOS,2023-01-21,2023-01-21,true
DEVICE-006134,Feature Phone,PERSON-000846,Android,2023-01-21,2023-01-21,true
DEVICE-006135,Smartphone,PERSON-001803,iOS,2023-01-21,2023-01-21,true
DEVICE-006136,Feature Phone,PERSON-000823,iOS,2023-01-21,2023-01-21,true
DEVICE-006137,Feature Phone,PERSON-001670,Android,2023-01-21,2023-01-21,true
DEVICE-006138,Feature Phone,PERSON-001674,Android,2023-08-23,2023-08-23,true
DEVICE-006139,Tablet,PERSON-002675,Android,2023-08-23,2023-08-23,true
DEVICE-006140,Tablet,PERSON-002829,Android,2023-08-23,2023-08-23,true
DEVICE-006141,Feature Phone,PERSON-001817,iOS,2023-08-23,2023-08-23,true
DEVICE-006142,Smartphone,PERSON-000909,iOS,2023-08-23,2023-08-23,true
DEVICE-006143,Feature Phone,PERSON-000909,iOS,2023-08-23,2023-08-23,true
DEVICE-006144,Tablet,PERSON-000092,Android,2023-08-23,2023-08-23,true
DEVICE-006145,Smartphone,PERSON-001824,Android,2023-08-23,2023-08-23,true
DEVICE-006146,Smartphone,PERSON-001547,iOS,2023-08-23,2023-08-23,true
DEVICE-006147,Tablet,PERSON-001212,iOS,2023-08-23,2023-08-23,true
DEVICE-006148,Tablet,PERSON-001817,Android,2023-12-22,2023-12-22,true
DEVICE-006149,Tablet,PERSON-000047,iOS,2023-12-22,2023-12-22,true
DEVICE-006150,Feature Phone,PERSON-002938,iOS,2023-12-22,2023-12-22,true
DEVICE-006151,Tablet,PERSON-000217,Android,2023-12-22,2023-12-22,true
DEVICE-006152,Smartphone,PERSON-002205,Android,2023-12-22,2023-12-22,true
DEVICE-006153,Feature Phone,PERSON-002205,iOS,2023-12-22,2023-12-22,true
DEVICE-006154,Tablet,PERSON-000682,Android,2023-05-23,2023-05-23,true
DEVICE-006155,Tablet,PERSON-002576,iOS,2023-05-23,2023-05-23,true
DEVICE-006156,Tablet,PERSON-000046,Android,2023-05-23,2023-05-23,true
DEVICE-006157,Smartphone,PERSON-000046,Android,2023-05-23,2023-05-23,true
DEVICE-006158,Feature Phone,PERSON-000390,iOS,2023-05-23,2023-05-23,true
DEVICE-006159,Feature Phone,PERSON-001326,iOS,2023-05-23,2023-05-23,true
DEVICE-006160,Tablet,PERSON-001326,Android,2023-05-23,2023-05-23,true
DEVICE-006161,Feature Phone,PERSON-002457,iOS,2023-05-23,2023-05-23,true
DEVICE-006162,Feature Phone,PERSON-000544,Android,2023-05-23,2023-05-23,true
DEVICE-006163,Tablet,PERSON-000544,Android,2023-05-23,2023-05-23,true
DEVICE-006164,Feature Phone,PERSON-002160,iOS,2023-06-25,2023-06-25,true
DEVICE-006165,Smartphone,PERSON-002160,iOS,2023-06-25,2023-06-25,true
DEVICE-006166,Smartphone,PERSON-000919,iOS,2023-06-25,2023-06-25,true
DEVICE-006167,Tablet,PERSON-000132,iOS,2023-06-25,2023-06-25,true
DEVICE-006168,Tablet,PERSON-000193,Android,2023-06-25,2023-06-25,true
DEVICE-006169,Tablet,PERSON-001861,Android,2023-06-25,2023-06-25,true
DEVICE-006170,Feature Phone,PERSON-002947,Android,2023-06-25,2023-06-25,true
DEVICE-006171,Tablet,PERSON-000488,Android,2023-06-25,2023-06-25,true
DEVICE-006172,Smartphone,PERSON-000484,Android,2023-06-25,2023-06-25,true
DEVICE-006173,Feature Phone,PERSON-002725,Android,2023-06-25,2023-06-25,true
DEVICE-006174,Tablet,PERSON-002725,iOS,2023-06-25,2023-06-25,true
DEVICE-006175,Feature Phone,PERSON-000393,iOS,2023-06-25,2023-06-25,true
DEVICE-006176,Smartphone,PERSON-000683,Android,2023-06-25,2023-06-25,true
DEVICE-006177,Tablet,PERSON-001210,iOS,2023-09-24,2023-09-24,true
DEVICE-006178,Feature Phone,PERSON-001670,Android,2023-09-24,2023-09-24,true
DEVICE-006179,Tablet,PERSON-001670,iOS,2023-09-24,2023-09-24,true
DEVICE-006180,Feature Phone,PERSON-001041,Android,2023-09-24,2023-09-24,true
DEVICE-006181,Feature Phone,PERSON-002256,Android,2023-09-24,2023-09-24,true
DEVICE-006182,Tablet,PERSON-002393,Android,2023-07-29,2023-07-29,true
DEVICE-006183,Smartphone,PERSON-000825,Android,2023-07-29,2023-07-29,true
DEVICE-006184,Smartphone,PERSON-000825,Android,2023-07-29,2023-07-29,true
DEVICE-006185,Smartphone,PERSON-001747,iOS,2023-07-29,2023-07-29,true
DEVICE-006186,Tablet,PERSON-002009,iOS,2023-07-29,2023-07-29,true
DEVICE-006187,Tablet,PERSON-002846,Android,2023-07-29,2023-07-29,true
DEVICE-006188,Feature Phone,PERSON-002408,Android,2023-07-29,2023-07-29,true
DEVICE-006189,Tablet,PERSON-000374,iOS,2023-07-29,2023-07-29,true
DEVICE-006190,Feature Phone,PERSON-001578,Android,2023-07-29,2023-07-29,true
DEVICE-006191,Tablet,PERSON-001691,iOS,2023-07-29,2023-07-29,true
DEVICE-006192,Tablet,PERSON-001847,Android,2023-07-29,2023-07-29,true
DEVICE-006193,Feature Phone,PERSON-001172,iOS,2023-12-29,2023-12-29,true
DEVICE-006194,Feature Phone,PERSON-001172,Android,2023-12-29,2023-12-29,true
DEVICE-006195,Feature Phone,PERSON-002740,Android,2023-12-29,2023-12-29,true
DEVICE-006196,Smartphone,PERSON-002740,Android,2023-12-29,2023-12-29,true
DEVICE-006197,Smartphone,PERSON-000181,Android,2023-12-29,2023-12-29,true
DEVICE-006198,Smartphone,PERSON-001994,Android,2023-12-29,2023-12-29,true
DEVICE-006199,Feature Phone,PERSON-000423,Android,2023-12-29,2023-12-29,true
DEVICE-006200,Feature Phone,PERSON-000423,iOS,2023-12-29,2023-12-29,true
DEVICE-006201,Tablet,PERSON-002197,Android,2023-12-29,2023-12-29,true
DEVICE-006202,Smartphone,PERSON-002197,iOS,2023-12-29,2023-12-29,true
DEVICE-006203,Tablet,PERSON-000955,Android,2023-12-29,2023-12-29,true
DEVICE-006204,Tablet,PERSON-000955,iOS,2023-12-29,2023-12-29,true
DEVICE-006205,Feature Phone,PERSON-000845,iOS,2023-12-29,2023-12-29,true
DEVICE-006206,Smartphone,PERSON-000991,Android,2023-12-29,2023-12-29,true
DEVICE-006207,Smartphone,PERSON-000288,Android,2023-12-29,2023-12-29,true
DEVICE-006208,Feature Phone,PERSON-000140,iOS,2023-12-29,2023-12-29,true
DEVICE-006209,Smartphone,PERSON-000957,iOS,2023-12-29,2023-12-29,true
DEVICE-006210,Feature Phone,PERSON-000957,iOS,2023-12-29,2023-12-29,true
DEVICE-006211,Tablet,PERSON-001131,iOS,2023-12-16,2023-12-16,true
DEVICE-006212,Feature Phone,PERSON-000667,iOS,2023-12-16,2023-12-16,true
DEVICE-006213,Feature Phone,PERSON-000667,Android,2023-12-16,2023-12-16,true
DEVICE-006214,Smartphone,PERSON-001234,Android,2023-12-16,2023-12-16,true
DEVICE-006215,Smartphone,PERSON-001234,iOS,2023-12-16,2023-12-16,true
DEVICE-006216,Feature Phone,PERSON-001890,Android,2023-12-16,2023-12-16,true
DEVICE-006217,Smartphone,PERSON-001885,iOS,2023-12-16,2023-12-16,true
DEVICE-006218,Tablet,PERSON-000146,iOS,2023-09-22,2023-09-22,true
DEVICE-006219,Tablet,PERSON-000047,Android,2023-09-22,2023-09-22,true
DEVICE-006220,Feature Phone,PERSON-002938,Android,2023-09-22,2023-09-22,true
DEVICE-006221,Feature Phone,PERSON-000279,iOS,2023-09-22,2023-09-22,true
DEVICE-006222,Feature Phone,PERSON-000217,Android,2023-09-22,2023-09-22,true
DEVICE-006223,Feature Phone,PERSON-002223,iOS,2023-09-22,2023-09-22,true
DEVICE-006224,Smartphone,PERSON-002223,iOS,2023-09-22,2023-09-22,true
DEVICE-006225,Tablet,PERSON-000556,iOS,2023-09-22,2023-09-22,true
DEVICE-006226,Smartphone,PERSON-002964,Android,2023-09-22,2023-09-22,true
DEVICE-006227,Tablet,PERSON-000804,iOS,2023-02-03,2023-02-03,true
DEVICE-006228,Tablet,PERSON-000233,Android,2023-02-03,2023-02-03,true
DEVICE-006229,Feature Phone,PERSON-000233,iOS,2023-02-03,2023-02-03,true
DEVICE-006230,Tablet,PERSON-001194,Android,2023-02-03,2023-02-03,true
DEVICE-006231,Feature Phone,PERSON-000341,iOS,2023-02-03,2023-02-03,true
DEVICE-006232,Feature Phone,PERSON-001262,iOS,2023-02-03,2023-02-03,true
DEVICE-006233,Tablet,PERSON-001262,iOS,2023-02-03,2023-02-03,true
DEVICE-006234,Tablet,PERSON-002034,iOS,2023-02-03,2023-02-03,true
DEVICE-006235,Feature Phone,PERSON-000009,iOS,2023-02-03,2023-02-03,true
DEVICE-006236,Feature Phone,PERSON-000009,Android,2023-02-03,2023-02-03,true
DEVICE-006237,Feature Phone,PERSON-002633,iOS,2023-02-03,2023-02-03,true
DEVICE-006238,Smartphone,PERSON-002633,iOS,2023-02-03,2023-02-03,true
DEVICE-006239,Feature Phone,PERSON-002246,Android,2023-02-03,2023-02-03,true
DEVICE-006240,Tablet,PERSON-001425,iOS,2023-02-26,2023-02-26,true
DEVICE-006241,Feature Phone,PERSON-002986,Android,2023-02-26,2023-02-26,true
DEVICE-006242,Smartphone,PERSON-002759,iOS,2023-02-26,2023-02-26,true
DEVICE-006243,Feature Phone,PERSON-001071,Android,2023-02-26,2023-02-26,true
DEVICE-006244,Smartphone,PERSON-000613,iOS,2023-02-26,2023-02-26,true
DEVICE-006245,Tablet,PERSON-002068,Android,2023-02-26,2023-02-26,true
DEVICE-006246,Feature Phone,PERSON-001578,Android,2023-02-26,2023-02-26,true
DEVICE-006247,Smartphone,PERSON-000233,iOS,2023-03-20,2023-03-20,true
DEVICE-006248,Smartphone,PERSON-001478,iOS,2023-03-20,2023-03-20,true
DEVICE-006249,Feature Phone,PERSON-000920,iOS,2023-03-20,2023-03-20,true
DEVICE-006250,Feature Phone,PERSON-000920,Android,2023-03-20,2023-03-20,true
DEVICE-006251,Tablet,PERSON-000144,iOS,2023-03-20,2023-03-20,true
DEVICE-006252,Smartphone,PERSON-001880,iOS,2023-03-20,2023-03-20,true
DEVICE-006253,Feature Phone,PERSON-002122,Android,2023-03-20,2023-03-20,true
DEVICE-006254,Feature Phone,PERSON-000528,iOS,2023-03-20,2023-03-20,true
DEVICE-006255,Feature Phone,PERSON-000528,Android,2023-03-20,2023-03-20,true
DEVICE-006256,Smartphone,PERSON-001259,Android,2023-07-10,2023-07-10,true
DEVICE-006257,Feature Phone,PERSON-001259,Android,2023-07-10,2023-07-10,true
DEVICE-006258,Smartphone,PERSON-001861,iOS,2023-07-10,2023-07-10,true
DEVICE-006259,Smartphone,PERSON-002574,Android,2023-07-10,2023-07-10,true
DEVICE-006260,Feature Phone,PERSON-002574,iOS,2023-07-10,2023-07-10,true
DEVICE-006261,Smartphone,PERSON-000063,iOS,2023-07-10,2023-07-10,true
DEVICE-006262,Feature Phone,PERSON-002757,iOS,2023-07-10,2023-07-10,true
DEVICE-006263,Feature Phone,PERSON-001589,Android,2023-07-10,2023-07-10,true
DEVICE-006264,Smartphone,PERSON-001589,iOS,2023-07-10,2023-07-10,true
DEVICE-006265,Tablet,PERSON-000540,Android,2023-05-01,2023-05-01,true
DEVICE-006266,Feature Phone,PERSON-001262,iOS,2023-05-01,2023-05-01,true
DEVICE-006267,Tablet,PERSON-002060,iOS,2023-05-01,2023-05-01,true
DEVICE-006268,Tablet,PERSON-002618,Android,2023-05-01,2023-05-01,true
DEVICE-006269,Tablet,PERSON-001757,iOS,2023-05-01,2023-05-01,true
DEVICE-006270,Feature Phone,PERSON-000842,Android,2023-05-10,2023-05-10,true
DEVICE-006271,Feature Phone,PERSON-000081,iOS,2023-05-10,2023-05-10,true
DEVICE-006272,Tablet,PERSON-000850,iOS,2023-05-10,2023-05-10,true
DEVICE-006273,Tablet,PERSON-001861,iOS,2023-05-10,2023-05-10,true
DEVICE-006274,Feature Phone,PERSON-002574,Android,2023-05-10,2023-05-10,true
DEVICE-006275,Smartphone,PERSON-000063,iOS,2023-05-10,2023-05-10,true
DEVICE-006276,Feature Phone,PERSON-001589,iOS,2023-05-10,2023-05-10,true
DEVICE-006277,Tablet,PERSON-001589,Android,2023-05-10,2023-05-10,true
DEVICE-006278,Smartphone,PERSON-000081,Android,2023-01-22,2023-01-22,true
DEVICE-006279,Tablet,PERSON-002574,Android,2023-01-22,2023-01-22,true
DEVICE-006280,Tablet,PERSON-002574,Android,2023-01-22,2023-01-22,true
DEVICE-006281,Feature Phone,PERSON-000863,Android,2023-01-22,2023-01-22,true
DEVICE-006282,Smartphone,PERSON-002757,iOS,2023-01-22,2023-01-22,true
DEVICE-006283,Tablet,PERSON-001589,Android,2023-01-22,2023-01-22,true
DEVICE-006284,Smartphone,PERSON-000081,iOS,2023-11-28,2023-11-28,true
DEVICE-006285,Feature Phone,PERSON-000081,iOS,2023-11-28,2023-11-28,true
DEVICE-006286,Smartphone,PERSON-000850,iOS,2023-11-28,2023-11-28,true
DEVICE-006287,Feature Phone,PERSON-000850,iOS,2023-11-28,2023-11-28,true
DEVICE-006288,Tablet,PERSON-001861,iOS,2023-11-28,2023-11-28,true
DEVICE-006289,Tablet,PERSON-002574,iOS,2023-11-28,2023-11-28,true
DEVICE-006290,Tablet,PERSON-000863,iOS,2023-11-28,2023-11-28,true
DEVICE-006291,Smartphone,PERSON-000063,iOS,2023-11-28,2023-11-28,true
DEVICE-006292,Tablet,PERSON-002757,iOS,2023-11-28,2023-11-28,true
DEVICE-006293,Feature Phone,PERSON-001589,Android,2023-11-28,2023-11-28,true
DEVICE-006294,Smartphone,PERSON-001589,Android,2023-11-28,2023-11-28,true
DEVICE-006295,Smartphone,PERSON-002020,Android,2023-09-19,2023-09-19,true
DEVICE-006296,Tablet,PERSON-002517,iOS,2023-09-19,2023-09-19,true
DEVICE-006297,Smartphone,PERSON-000538,Android,2023-09-19,2023-09-19,true
DEVICE-006298,Feature Phone,PERSON-000106,iOS,2023-09-19,2023-09-19,true
DEVICE-006299,Feature Phone,PERSON-000921,Android,2023-09-19,2023-09-19,true
DEVICE-006300,Smartphone,PERSON-000921,Android,2023-09-19,2023-09-19,true
DEVICE-006301,Tablet,PERSON-000083,Android,2023-09-19,2023-09-19,true
DEVICE-006302,Feature Phone,PERSON-001543,Android,2023-09-19,2023-09-19,true
DEVICE-006303,Feature Phone,PERSON-001543,iOS,2023-09-19,2023-09-19,true
DEVICE-006304,Tablet,PERSON-001205,iOS,2023-09-19,2023-09-19,true
DEVICE-006305,Tablet,PERSON-002745,iOS,2023-09-19,2023-09-19,true
DEVICE-006306,Feature Phone,PERSON-000488,Android,2023-09-19,2023-09-19,true
DEVICE-006307,Feature Phone,PERSON-000357,iOS,2023-09-19,2023-09-19,true
DEVICE-006308,Feature Phone,PERSON-000943,iOS,2023-08-29,2023-08-29,true
DEVICE-006309,Tablet,PERSON-001780,iOS,2023-08-29,2023-08-29,true
DEVICE-006310,Tablet,PERSON-000130,iOS,2023-08-29,2023-08-29,true
DEVICE-006311,Feature Phone,PERSON-000130,iOS,2023-08-29,2023-08-29,true
DEVICE-006312,Tablet,PERSON-002408,Android,2023-08-29,2023-08-29,true
DEVICE-006313,Tablet,PERSON-001578,Android,2023-08-29,2023-08-29,true
DEVICE-006314,Tablet,PERSON-002304,Android,2023-08-29,2023-08-29,true
DEVICE-006315,Smartphone,PERSON-002304,iOS,2023-08-29,2023-08-29,true
DEVICE-006316,Tablet,PERSON-001847,Android,2023-08-29,2023-08-29,true
DEVICE-006317,Smartphone,PERSON-001847,Android,2023-08-29,2023-08-29,true
DEVICE-006318,Feature Phone,PERSON-001542,iOS,2023-07-17,2023-07-17,true
DEVICE-006319,Smartphone,PERSON-002438,Android,2023-07-17,2023-07-17,true
DEVICE-006320,Smartphone,PERSON-002675,Android,2023-07-17,2023-07-17,true
DEVICE-006321,Tablet,PERSON-000611,Android,2023-07-17,2023-07-17,true
DEVICE-006322,Smartphone,PERSON-001596,iOS,2023-07-17,2023-07-17,true
DEVICE-006323,Smartphone,PERSON-000832,iOS,2023-07-17,2023-07-17,true
DEVICE-006324,Feature Phone,PERSON-000635,iOS,2023-07-17,2023-07-17,true
DEVICE-006325,Feature Phone,PERSON-000635,Android,2023-07-17,2023-07-17,true
DEVICE-006326,Feature Phone,PERSON-000886,iOS,2023-07-17,2023-07-17,true
DEVICE-006327,Smartphone,PERSON-002713,Android,2023-07-17,2023-07-17,true
DEVICE-006328,Feature Phone,PERSON-002847,Android,2023-07-17,2023-07-17,true
DEVICE-006329,Smartphone,PERSON-002847,iOS,2023-07-17,2023-07-17,true
DEVICE-006330,Tablet,PERSON-001480,iOS,2023-07-17,2023-07-17,true
DEVICE-006331,Tablet,PERSON-002922,Android,2023-07-17,2023-07-17,true
DEVICE-006332,Tablet,PERSON-000175,iOS,2023-07-18,2023-07-18,true
DEVICE-006333,Smartphone,PERSON-000175,Android,2023-07-18,2023-07-18,true
DEVICE-006334,Tablet,PERSON-001012,iOS,2023-07-18,2023-07-18,true
DEVICE-006335,Smartphone,PERSON-002428,Android,2023-07-18,2023-07-18,true
DEVICE-006336,Feature Phone,PERSON-000842,Android,2023-07-18,2023-07-18,true
DEVICE-006337,Tablet,PERSON-002256,iOS,2023-07-18,2023-07-18,true
DEVICE-006338,Feature Phone,PERSON-002256,Android,2023-07-18,2023-07-18,true
DEVICE-006339,Smartphone,PERSON-002788,iOS,2023-07-18,2023-07-18,true
DEVICE-006340,Feature Phone,PERSON-001262,Android,2023-07-18,2023-07-18,true
DEVICE-006341,Smartphone,PERSON-000001,iOS,2023-07-18,2023-07-18,true
DEVICE-006342,Tablet,PERSON-002444,Android,2023-07-18,2023-07-18,true
DEVICE-006343,Feature Phone,PERSON-002444,iOS,2023-07-18,2023-07-18,true
DEVICE-006344,Feature Phone,PERSON-000245,iOS,2023-12-26,2023-12-26,true
DEVICE-006345,Feature Phone,PERSON-000825,iOS,2023-12-26,2023-12-26,true
DEVICE-006346,Feature Phone,PERSON-000943,Android,2023-12-26,2023-12-26,true
DEVICE-006347,Feature Phone,PERSON-000943,Android,2023-12-26,2023-12-26,true
DEVICE-006348,Smartphone,PERSON-001747,iOS,2023-12-26,2023-12-26,true
DEVICE-006349,Tablet,PERSON-002846,iOS,2023-12-26,2023-12-26,true
DEVICE-006350,Smartphone,PERSON-000374,Android,2023-12-26,2023-12-26,true
DEVICE-006351,Feature Phone,PERSON-002304,iOS,2023-12-26,2023-12-26,true
DEVICE-006352,Feature Phone,PERSON-001847,iOS,2023-12-26,2023-12-26,true
DEVICE-006353,Feature Phone,PERSON-001029,iOS,2023-12-26,2023-12-26,true
DEVICE-006354,Smartphone,PERSON-001029,iOS,2023-12-26,2023-12-26,true
DEVICE-006355,Smartphone,PERSON-001210,Android,2023-09-04,2023-09-04,true
DEVICE-006356,Tablet,PERSON-000146,iOS,2023-09-04,2023-09-04,true
DEVICE-006357,Tablet,PERSON-000351,Android,2023-09-04,2023-09-04,true
DEVICE-006358,Feature Phone,PERSON-001558,iOS,2023-09-04,2023-09-04,true
DEVICE-006359,Tablet,PERSON-002750,Android,2023-09-04,2023-09-04,true
DEVICE-006360,Smartphone,PERSON-001041,Android,2023-09-04,2023-09-04,true
DEVICE-006361,Smartphone,PERSON-001041,Android,2023-09-04,2023-09-04,true
DEVICE-006362,Smartphone,PERSON-001589,iOS,2023-09-04,2023-09-04,true
DEVICE-006363,Smartphone,PERSON-001589,Android,2023-09-04,2023-09-04,true
DEVICE-006364,Tablet,PERSON-001670,iOS,2023-09-04,2023-09-04,true
DEVICE-006365,Tablet,PERSON-001385,Android,2023-09-04,2023-09-04,true
DEVICE-006366,Smartphone,PERSON-001664,iOS,2023-09-29,2023-09-29,true
DEVICE-006367,Tablet,PERSON-002675,iOS,2023-09-29,2023-09-29,true
DEVICE-006368,Feature Phone,PERSON-001343,Android,2023-09-29,2023-09-29,true
DEVICE-006369,Smartphone,PERSON-002998,Android,2023-09-29,2023-09-29,true
DEVICE-006370,Feature Phone,PERSON-002835,iOS,2023-09-29,2023-09-29,true
DEVICE-006371,Feature Phone,PERSON-002835,Android,2023-09-29,2023-09-29,true
DEVICE-006372,Feature Phone,PERSON-000576,Android,2023-09-29,2023-09-29,true
DEVICE-006373,Smartphone,PERSON-002745,iOS,2023-09-29,2023-09-29,true
DEVICE-006374,Tablet,PERSON-002745,Android,2023-09-29,2023-09-29,true
DEVICE-006375,Feature Phone,PERSON-000230,Android,2023-09-29,2023-09-29,true
DEVICE-006376,Tablet,PERSON-002715,iOS,2023-09-29,2023-09-29,true
DEVICE-006377,Feature Phone,PERSON-002715,Android,2023-09-29,2023-09-29,true
DEVICE-006378,Smartphone,PERSON-000366,Android,2023-12-18,2023-12-18,true
DEVICE-006379,Feature Phone,PERSON-000366,iOS,2023-12-18,2023-12-18,true
DEVICE-006380,Tablet,PERSON-000414,iOS,2023-12-18,2023-12-18,true
DEVICE-006381,Tablet,PERSON-000817,iOS,2023-12-18,2023-12-18,true
DEVICE-006382,Feature Phone,PERSON-000817,iOS,2023-12-18,2023-12-18,true
DEVICE-006383,Tablet,PERSON-001687,Android,2023-12-18,2023-12-18,true
DEVICE-006384,Tablet,PERSON-001381,iOS,2023-12-18,2023-12-18,true
DEVICE-006385,Tablet,PERSON-002105,iOS,2023-12-18,2023-12-18,true
DEVICE-006386,Feature Phone,PERSON-000111,Android,2023-12-18,2023-12-18,true
DEVICE-006387,Smartphone,PERSON-000103,Android,2023-12-18,2023-12-18,true
DEVICE-006388,Tablet,PERSON-000103,iOS,2023-12-18,2023-12-18,true
DEVICE-006389,Smartphone,PERSON-002954,Android,2023-09-20,2023-09-20,true
DEVICE-006390,Tablet,PERSON-000222,iOS,2023-09-20,2023-09-20,true
DEVICE-006391,Tablet,PERSON-001478,Android,2023-09-20,2023-09-20,true
DEVICE-006392,Smartphone,PERSON-001478,iOS,2023-09-20,2023-09-20,true
DEVICE-006393,Smartphone,PERSON-002256,Android,2023-09-20,2023-09-20,true
DEVICE-006394,Smartphone,PERSON-001262,Android,2023-09-20,2023-09-20,true
DEVICE-006395,Feature Phone,PERSON-000734,iOS,2023-09-20,2023-09-20,true
DEVICE-006396,Tablet,PERSON-000712,Android,2023-09-20,2023-09-20,true
DEVICE-006397,Smartphone,PERSON-000763,Android,2023-09-20,2023-09-20,true
DEVICE-006398,Smartphone,PERSON-002770,Android,2023-09-20,2023-09-20,true
DEVICE-006399,Smartphone,PERSON-000081,iOS,2023-09-24,2023-09-24,true
DEVICE-006400,Tablet,PERSON-000081,iOS,2023-09-24,2023-09-24,true
DEVICE-006401,Smartphone,PERSON-001259,iOS,2023-09-24,2023-09-24,true
DEVICE-006402,Smartphone,PERSON-001861,iOS,2023-09-24,2023-09-24,true
DEVICE-006403,Tablet,PERSON-002574,Android,2023-09-24,2023-09-24,true
DEVICE-006404,Smartphone,PERSON-000863,Android,2023-09-24,2023-09-24,true
DEVICE-006405,Tablet,PERSON-000863,Android,2023-09-24,2023-09-24,true
DEVICE-006406,Feature Phone,PERSON-000063,iOS,2023-09-24,2023-09-24,true
DEVICE-006407,Smartphone,PERSON-002757,Android,2023-09-24,2023-09-24,true
DEVICE-006408,Tablet,PERSON-001589,iOS,2023-09-24,2023-09-24,true
DEVICE-006409,Smartphone,PERSON-001425,Android,2023-03-07,2023-03-07,true
DEVICE-006410,Smartphone,PERSON-001425,Android,2023-03-07,2023-03-07,true
DEVICE-006411,Tablet,PERSON-000822,iOS,2023-03-07,2023-03-07,true
DEVICE-006412,Feature Phone,PERSON-000822,Android,2023-03-07,2023-03-07,true
DEVICE-006413,Feature Phone,PERSON-002986,Android,2023-03-07,2023-03-07,true
DEVICE-006414,Smartphone,PERSON-002986,iOS,2023-03-07,2023-03-07,true
DEVICE-006415,Feature Phone,PERSON-002759,Android,2023-03-07,2023-03-07,true
DEVICE-006416,Smartphone,PERSON-002759,iOS,2023-03-07,2023-03-07,true
DEVICE-006417,Feature Phone,PERSON-001071,Android,2023-03-07,2023-03-07,true
DEVICE-006418,Smartphone,PERSON-000613,Android,2023-03-07,2023-03-07,true
DEVICE-006419,Feature Phone,PERSON-000613,Android,2023-03-07,2023-03-07,true
DEVICE-006420,Tablet,PERSON-002068,Android,2023-03-07,2023-03-07,true
DEVICE-006421,Smartphone,PERSON-001558,iOS,2023-07-24,2023-07-24,true
DEVICE-006422,Feature Phone,PERSON-001558,Android,2023-07-24,2023-07-24,true
DEVICE-006423,Smartphone,PERSON-001041,Android,2023-07-24,2023-07-24,true
DEVICE-006424,Tablet,PERSON-000622,iOS,2023-07-24,2023-07-24,true
DEVICE-006425,Feature Phone,PERSON-000622,Android,2023-07-24,2023-07-24,true
DEVICE-006426,Smartphone,PERSON-001589,Android,2023-07-24,2023-07-24,true
DEVICE-006427,Tablet,PERSON-001670,Android,2023-07-24,2023-07-24,true
DEVICE-006428,Smartphone,PERSON-002277,Android,2023-09-09,2023-09-09,true
DEVICE-006429,Smartphone,PERSON-000233,Android,2023-09-09,2023-09-09,true
DEVICE-006430,Feature Phone,PERSON-000492,iOS,2023-09-09,2023-09-09,true
DEVICE-006431,Smartphone,PERSON-001478,iOS,2023-09-09,2023-09-09,true
DEVICE-006432,Smartphone,PERSON-000342,Android,2023-09-09,2023-09-09,true
DEVICE-006433,Smartphone,PERSON-000886,Android,2023-09-09,2023-09-09,true
DEVICE-006434,Feature Phone,PERSON-000886,Android,2023-09-09,2023-09-09,true
DEVICE-006435,Tablet,PERSON-001059,iOS,2023-09-09,2023-09-09,true
DEVICE-006436,Smartphone,PERSON-001059,iOS,2023-09-09,2023-09-09,true
DEVICE-006437,Smartphone,PERSON-000920,Android,2023-09-09,2023-09-09,true
DEVICE-006438,Tablet,PERSON-000920,Android,2023-09-09,2023-09-09,true
DEVICE-006439,Tablet,PERSON-000302,Android,2023-09-09,2023-09-09,true
DEVICE-006440,Tablet,PERSON-002082,iOS,2023-09-09,2023-09-09,true
DEVICE-006441,Smartphone,PERSON-002082,Android,2023-09-09,2023-09-09,true
DEVICE-006442,Feature Phone,PERSON-001830,Android,2023-09-09,2023-09-09,true
DEVICE-006443,Tablet,PERSON-002821,iOS,2023-06-11,2023-06-11,true
DEVICE-006444,Tablet,PERSON-002821,iOS,2023-06-11,2023-06-11,true
DEVICE-006445,Smartphone,PERSON-001474,Android,2023-06-11,2023-06-11,true
DEVICE-006446,Smartphone,PERSON-001115,iOS,2023-06-11,2023-06-11,true
DEVICE-006447,Tablet,PERSON-001610,Android,2023-06-11,2023-06-11,true
DEVICE-006448,Feature Phone,PERSON-000622,iOS,2023-06-11,2023-06-11,true
DEVICE-006449,Feature Phone,PERSON-001667,Android,2023-08-29,2023-08-29,true
DEVICE-006450,Tablet,PERSON-000146,Android,2023-08-29,2023-08-29,true
DEVICE-006451,Feature Phone,PERSON-000146,iOS,2023-08-29,2023-08-29,true
DEVICE-006452,Smartphone,PERSON-001210,iOS,2023-08-29,2023-08-29,true
DEVICE-006453,Feature Phone,PERSON-001558,Android,2023-08-29,2023-08-29,true
DEVICE-006454,Smartphone,PERSON-001558,Android,2023-08-29,2023-08-29,true
DEVICE-006455,Smartphone,PERSON-000351,Android,2023-08-29,2023-08-29,true
DEVICE-006456,Feature Phone,PERSON-002750,iOS,2023-08-29,2023-08-29,true
DEVICE-006457,Tablet,PERSON-001041,Android,2023-08-29,2023-08-29,true
DEVICE-006458,Smartphone,PERSON-001589,iOS,2023-08-29,2023-08-29,true
DEVICE-006459,Tablet,PERSON-001670,Android,2023-08-29,2023-08-29,true
DEVICE-006460,Feature Phone,PERSON-001830,iOS,2023-08-29,2023-08-29,true
DEVICE-006461,Feature Phone,PERSON-000449,iOS,2023-08-01,2023-08-01,true
DEVICE-006462,Feature Phone,PERSON-001066,Android,2023-08-01,2023-08-01,true
DEVICE-006463,Smartphone,PERSON-000341,Android,2023-08-01,2023-08-01,true
DEVICE-006464,Feature Phone,PERSON-001899,iOS,2023-08-01,2023-08-01,true
DEVICE-006465,Smartphone,PERSON-000009,Android,2023-08-01,2023-08-01,true
DEVICE-006466,Smartphone,PERSON-000009,Android,2023-08-01,2023-08-01,true
DEVICE-006467,Feature Phone,PERSON-000721,Android,2023-08-01,2023-08-01,true
DEVICE-006468,Tablet,PERSON-002454,iOS,2023-08-01,2023-08-01,true
DEVICE-006469,Tablet,PERSON-002900,Android,2023-08-01,2023-08-01,true
DEVICE-006470,Feature Phone,PERSON-002675,iOS,2023-12-16,2023-12-16,true
DEVICE-006471,Smartphone,PERSON-001782,Android,2023-12-16,2023-12-16,true
DEVICE-006472,Tablet,PERSON-001782,iOS,2023-12-16,2023-12-16,true
DEVICE-006473,Smartphone,PERSON-001810,iOS,2023-12-16,2023-12-16,true
DEVICE-006474,Feature Phone,PERSON-001810,Android,2023-12-16,2023-12-16,true
DEVICE-006475,Smartphone,PERSON-002279,iOS,2023-12-16,2023-12-16,true
DEVICE-006476,Tablet,PERSON-000092,iOS,2023-12-16,2023-12-16,true
DEVICE-006477,Smartphone,PERSON-002915,Android,2023-12-16,2023-12-16,true
DEVICE-006478,Smartphone,PERSON-000139,iOS,2023-12-16,2023-12-16,true
DEVICE-006479,Feature Phone,PERSON-001124,Android,2023-12-16,2023-12-16,true
DEVICE-006480,Feature Phone,PERSON-001116,iOS,2023-12-16,2023-12-16,true
DEVICE-006481,Tablet,PERSON-001116,Android,2023-12-16,2023-12-16,true
DEVICE-006482,Tablet,PERSON-001547,Android,2023-12-16,2023-12-16,true
DEVICE-006483,Feature Phone,PERSON-001558,iOS,2023-02-17,2023-02-17,true
DEVICE-006484,Tablet,PERSON-002821,Android,2023-02-17,2023-02-17,true
DEVICE-006485,Tablet,PERSON-000540,Android,2023-02-17,2023-02-17,true
DEVICE-006486,Feature Phone,PERSON-001474,iOS,2023-02-17,2023-02-17,true
DEVICE-006487,Feature Phone,PERSON-002900,iOS,2023-02-17,2023-02-17,true
DEVICE-006488,Tablet,PERSON-001115,iOS,2023-02-17,2023-02-17,true
DEVICE-006489,Smartphone,PERSON-001610,Android,2023-02-17,2023-02-17,true
DEVICE-006490,Feature Phone,PERSON-000259,iOS,2023-02-17,2023-02-17,true
DEVICE-006491,Tablet,PERSON-002060,Android,2023-02-17,2023-02-17,true
DEVICE-006492,Tablet,PERSON-002618,iOS,2023-02-17,2023-02-17,true
DEVICE-006493,Tablet,PERSON-000081,Android,2023-08-26,2023-08-26,true
DEVICE-006494,Feature Phone,PERSON-000081,iOS,2023-08-26,2023-08-26,true
DEVICE-006495,Smartphone,PERSON-002558,Android,2023-08-26,2023-08-26,true
DEVICE-006496,Smartphone,PERSON-000850,Android,2023-08-26,2023-08-26,true
DEVICE-006497,Smartphone,PERSON-001861,Android,2023-08-26,2023-08-26,true
DEVICE-006498,Feature Phone,PERSON-002574,iOS,2023-08-26,2023-08-26,true
DEVICE-006499,Feature Phone,PERSON-000063,Android,2023-08-26,2023-08-26,true
DEVICE-006500,Feature Phone,PERSON-000063,Android,2023-08-26,2023-08-26,true
DEVICE-006501,Tablet,PERSON-002757,Android,2023-08-26,2023-08-26,true
DEVICE-006502,Smartphone,PERSON-001589,iOS,2023-08-26,2023-08-26,true
DEVICE-006503,Tablet,PERSON-001589,Android,2023-08-26,2023-08-26,true
DEVICE-006504,Tablet,PERSON-002737,Android,2023-11-27,2023-11-27,true
DEVICE-006505,Feature Phone,PERSON-002737,iOS,2023-11-27,2023-11-27,true
DEVICE-006506,Tablet,PERSON-000682,Android,2023-11-27,2023-11-27,true
DEVICE-006507,Smartphone,PERSON-000473,Android,2023-11-27,2023-11-27,true
DEVICE-006508,Feature Phone,PERSON-000042,iOS,2023-11-27,2023-11-27,true
DEVICE-006509,Feature Phone,PERSON-001481,Android,2023-11-27,2023-11-27,true
DEVICE-006510,Smartphone,PERSON-001481,Android,2023-11-27,2023-11-27,true
DEVICE-006511,Smartphone,PERSON-000275,iOS,2023-11-27,2023-11-27,true
DEVICE-006512,Feature Phone,PERSON-002068,iOS,2023-11-27,2023-11-27,true
DEVICE-006513,Feature Phone,PERSON-001205,iOS,2023-11-27,2023-11-27,true
DEVICE-006514,Smartphone,PERSON-001205,Android,2023-11-27,2023-11-27,true
DEVICE-006515,Feature Phone,PERSON-002517,iOS,2023-10-18,2023-10-18,true
DEVICE-006516,Feature Phone,PERSON-002517,iOS,2023-10-18,2023-10-18,true
DEVICE-006517,Feature Phone,PERSON-000120,iOS,2023-10-18,2023-10-18,true
DEVICE-006518,Tablet,PERSON-001965,iOS,2023-10-18,2023-10-18,true
DEVICE-006519,Smartphone,PERSON-001965,iOS,2023-10-18,2023-10-18,true
DEVICE-006520,Smartphone,PERSON-000863,Android,2023-10-18,2023-10-18,true
DEVICE-006521,Tablet,PERSON-001992,Android,2023-10-18,2023-10-18,true
DEVICE-006522,Feature Phone,PERSON-001992,iOS,2023-10-18,2023-10-18,true
DEVICE-006523,Feature Phone,PERSON-001205,Android,2023-10-18,2023-10-18,true
DEVICE-006524,Tablet,PERSON-000822,iOS,2023-04-23,2023-04-23,true
DEVICE-006525,Smartphone,PERSON-002986,Android,2023-04-23,2023-04-23,true
DEVICE-006526,Feature Phone,PERSON-002759,iOS,2023-04-23,2023-04-23,true
DEVICE-006527,Feature Phone,PERSON-001071,Android,2023-04-23,2023-04-23,true
DEVICE-006528,Tablet,PERSON-001071,Android,2023-04-23,2023-04-23,true
DEVICE-006529,Smartphone,PERSON-000613,iOS,2023-04-23,2023-04-23,true
DEVICE-006530,Feature Phone,PERSON-002068,Android,2023-04-23,2023-04-23,true
DEVICE-006531,Tablet,PERSON-001578,Android,2023-04-23,2023-04-23,true
DEVICE-006532,Smartphone,PERSON-000357,iOS,2023-04-23,2023-04-23,true
DEVICE-006533,Smartphone,PERSON-000419,Android,2023-09-08,2023-09-08,true
DEVICE-006534,Tablet,PERSON-000366,iOS,2023-09-08,2023-09-08,true
DEVICE-006535,Feature Phone,PERSON-000414,Android,2023-09-08,2023-09-08,true
DEVICE-006536,Smartphone,PERSON-000407,iOS,2023-09-08,2023-09-08,true
DEVICE-006537,Feature Phone,PERSON-000407,Android,2023-09-08,2023-09-08,true
DEVICE-006538,Tablet,PERSON-002094,Android,2023-09-08,2023-09-08,true
DEVICE-006539,Tablet,PERSON-000207,Android,2023-09-08,2023-09-08,true
DEVICE-006540,Smartphone,PERSON-000111,Android,2023-09-08,2023-09-08,true
DEVICE-006541,Feature Phone,PERSON-000111,iOS,2023-09-08,2023-09-08,true
DEVICE-006542,Smartphone,PERSON-000103,iOS,2023-09-08,2023-09-08,true
DEVICE-006543,Tablet,PERSON-000081,Android,2023-12-28,2023-12-28,true
DEVICE-006544,Smartphone,PERSON-000850,Android,2023-12-28,2023-12-28,true
DEVICE-006545,Feature Phone,PERSON-001861,iOS,2023-12-28,2023-12-28,true
DEVICE-006546,Tablet,PERSON-001861,iOS,2023-12-28,2023-12-28,true
DEVICE-006547,Feature Phone,PERSON-002574,iOS,2023-12-28,2023-12-28,true
DEVICE-006548,Smartphone,PERSON-000063,Android,2023-12-28,2023-12-28,true
DEVICE-006549,Feature Phone,PERSON-000063,Android,2023-12-28,2023-12-28,true
DEVICE-006550,Feature Phone,PERSON-002757,iOS,2023-12-28,2023-12-28,true
DEVICE-006551,Feature Phone,PERSON-002757,iOS,2023-12-28,2023-12-28,true
DEVICE-006552,Smartphone,PERSON-002277,iOS,2023-06-06,2023-06-06,true
DEVICE-006553,Feature Phone,PERSON-002980,Android,2023-06-06,2023-06-06,true
DEVICE-006554,Feature Phone,PERSON-002980,Android,2023-06-06,2023-06-06,true
DEVICE-006555,Smartphone,PERSON-002887,iOS,2023-06-06,2023-06-06,true
DEVICE-006556,Feature Phone,PERSON-002915,Android,2023-06-06,2023-06-06,true
DEVICE-006557,Tablet,PERSON-001941,Android,2023-06-06,2023-06-06,true
DEVICE-006558,Smartphone,PERSON-001615,Android,2023-06-06,2023-06-06,true
DEVICE-006559,Tablet,PERSON-001615,iOS,2023-06-06,2023-06-06,true
DEVICE-006560,Feature Phone,PERSON-000653,Android,2023-06-06,2023-06-06,true
DEVICE-006561,Tablet,PERSON-000607,Android,2023-06-06,2023-06-06,true
DEVICE-006562,Feature Phone,PERSON-000792,iOS,2023-06-06,2023-06-06,true
DEVICE-006563,Feature Phone,PERSON-001664,Android,2023-07-31,2023-07-31,true
DEVICE-006564,Feature Phone,PERSON-000683,iOS,2023-07-31,2023-07-31,true
DEVICE-006565,Tablet,PERSON-002675,iOS,2023-07-31,2023-07-31,true
DEVICE-006566,Smartphone,PERSON-002998,iOS,2023-07-31,2023-07-31,true
DEVICE-006567,Smartphone,PERSON-000948,iOS,2023-07-31,2023-07-31,true
DEVICE-006568,Tablet,PERSON-002757,Android,2023-07-31,2023-07-31,true
DEVICE-006569,Feature Phone,PERSON-000904,iOS,2023-07-31,2023-07-31,true
DEVICE-006570,Smartphone,PERSON-000106,Android,2023-07-31,2023-07-31,true
DEVICE-006571,Feature Phone,PERSON-000697,Android,2023-07-31,2023-07-31,true
DEVICE-006572,Tablet,PERSON-000230,Android,2023-07-31,2023-07-31,true
DEVICE-006573,Feature Phone,PERSON-000230,Android,2023-07-31,2023-07-31,true
DEVICE-006574,Feature Phone,PERSON-002715,Android,2023-07-31,2023-07-31,true
DEVICE-006575,Smartphone,PERSON-001262,Android,2023-06-23,2023-06-23,true
DEVICE-006576,Feature Phone,PERSON-001610,iOS,2023-06-23,2023-06-23,true
DEVICE-006577,Tablet,PERSON-000792,iOS,2023-06-23,2023-06-23,true
DEVICE-006578,Smartphone,PERSON-002618,iOS,2023-06-23,2023-06-23,true
DEVICE-006579,Feature Phone,PERSON-000440,Android,2023-06-23,2023-06-23,true
DEVICE-006580,Tablet,PERSON-000774,Android,2023-06-23,2023-06-23,true
DEVICE-006581,Smartphone,PERSON-000774,iOS,2023-06-23,2023-06-23,true
DEVICE-006582,Smartphone,PERSON-000683,iOS,2023-01-23,2023-01-23,true
DEVICE-006583,Tablet,PERSON-000683,iOS,2023-01-23,2023-01-23,true
DEVICE-006584,Tablet,PERSON-002653,Android,2023-01-23,2023-01-23,true
DEVICE-006585,Feature Phone,PERSON-002653,Android,2023-01-23,2023-01-23,true
DEVICE-006586,Tablet,PERSON-002764,iOS,2023-01-23,2023-01-23,true
DEVICE-006587,Tablet,PERSON-001659,iOS,2023-01-23,2023-01-23,true
DEVICE-006588,Smartphone,PERSON-000216,iOS,2023-01-23,2023-01-23,true
DEVICE-006589,Feature Phone,PERSON-001686,Android,2023-01-23,2023-01-23,true
DEVICE-006590,Feature Phone,PERSON-000676,Android,2023-01-23,2023-01-23,true
DEVICE-006591,Tablet,PERSON-002901,Android,2023-01-23,2023-01-23,true
DEVICE-006592,Smartphone,PERSON-002160,Android,2023-01-23,2023-01-23,true
DEVICE-006593,Tablet,PERSON-000072,iOS,2023-01-23,2023-01-23,true
DEVICE-006594,Feature Phone,PERSON-001558,Android,2023-05-26,2023-05-26,true
DEVICE-006595,Tablet,PERSON-002821,Android,2023-05-26,2023-05-26,true
DEVICE-006596,Tablet,PERSON-001262,Android,2023-05-26,2023-05-26,true
DEVICE-006597,Feature Phone,PERSON-001610,Android,2023-05-26,2023-05-26,true
DEVICE-006598,Tablet,PERSON-001610,Android,2023-05-26,2023-05-26,true
DEVICE-006599,Feature Phone,PERSON-002060,Android,2023-05-26,2023-05-26,true
DEVICE-006600,Feature Phone,PERSON-000440,iOS,2023-05-26,2023-05-26,true
DEVICE-006601,Feature Phone,PERSON-000440,Android,2023-05-26,2023-05-26,true
DEVICE-006602,Feature Phone,PERSON-000267,Android,2023-05-26,2023-05-26,true
DEVICE-006603,Tablet,PERSON-000267,Android,2023-05-26,2023-05-26,true
DEVICE-006604,Tablet,PERSON-000792,iOS,2023-05-26,2023-05-26,true
DEVICE-006605,Smartphone,PERSON-000792,iOS,2023-05-26,2023-05-26,true
DEVICE-006606,Feature Phone,PERSON-002900,iOS,2023-05-26,2023-05-26,true
DEVICE-006607,Smartphone,PERSON-001757,iOS,2023-05-26,2023-05-26,true
DEVICE-006608,Tablet,PERSON-001542,Android,2023-12-13,2023-12-13,true
DEVICE-006609,Tablet,PERSON-001542,iOS,2023-12-13,2023-12-13,true
DEVICE-006610,Feature Phone,PERSON-002438,iOS,2023-12-13,2023-12-13,true
DEVICE-006611,Smartphone,PERSON-002675,Android,2023-12-13,2023-12-13,true
DEVICE-006612,Tablet,PERSON-000060,Android,2023-12-13,2023-12-13,true
DEVICE-006613,Tablet,PERSON-000832,Android,2023-12-13,2023-12-13,true
DEVICE-006614,Tablet,PERSON-000832,iOS,2023-12-13,2023-12-13,true
DEVICE-006615,Feature Phone,PERSON-002106,iOS,2023-12-13,2023-12-13,true
DEVICE-006616,Tablet,PERSON-000497,Android,2023-12-13,2023-12-13,true
DEVICE-006617,Tablet,PERSON-002713,Android,2023-12-13,2023-12-13,true
DEVICE-006618,Tablet,PERSON-001847,iOS,2023-12-13,2023-12-13,true
DEVICE-006619,Feature Phone,PERSON-002922,iOS,2023-12-13,2023-12-13,true
DEVICE-006620,Smartphone,PERSON-001774,iOS,2023-01-27,2023-01-27,true
DEVICE-006621,Tablet,PERSON-001774,iOS,2023-01-27,2023-01-27,true
DEVICE-006622,Tablet,PERSON-000081,iOS,2023-01-27,2023-01-27,true
DEVICE-006623,Smartphone,PERSON-000081,Android,2023-01-27,2023-01-27,true
DEVICE-006624,Feature Phone,PERSON-001259,iOS,2023-01-27,2023-01-27,true
DEVICE-006625,Tablet,PERSON-000850,Android,2023-01-27,2023-01-27,true
DEVICE-006626,Tablet,PERSON-001861,Android,2023-01-27,2023-01-27,true
DEVICE-006627,Tablet,PERSON-002757,Android,2023-01-27,2023-01-27,true
DEVICE-006628,Smartphone,PERSON-001589,iOS,2023-01-27,2023-01-27,true
DEVICE-006629,Smartphone,PERSON-001589,iOS,2023-01-27,2023-01-27,true
DEVICE-006630,Feature Phone,PERSON-000648,iOS,2023-09-25,2023-09-25,true
DEVICE-006631,Smartphone,PERSON-001536,Android,2023-09-25,2023-09-25,true
DEVICE-006632,Feature Phone,PERSON-000943,Android,2023-09-25,2023-09-25,true
DEVICE-006633,Tablet,PERSON-000647,iOS,2023-09-25,2023-09-25,true
DEVICE-006634,Smartphone,PERSON-000895,Android,2023-09-25,2023-09-25,true
DEVICE-006635,Tablet,PERSON-001788,Android,2023-09-25,2023-09-25,true
DEVICE-006636,Tablet,PERSON-001788,iOS,2023-09-25,2023-09-25,true
DEVICE-006637,Smartphone,PERSON-000898,iOS,2023-09-25,2023-09-25,true
DEVICE-006638,Tablet,PERSON-000568,Android,2023-09-25,2023-09-25,true
DEVICE-006639,Tablet,PERSON-000568,iOS,2023-09-25,2023-09-25,true
DEVICE-006640,Tablet,PERSON-000259,iOS,2023-09-25,2023-09-25,true
DEVICE-006641,Feature Phone,PERSON-000259,Android,2023-09-25,2023-09-25,true
DEVICE-006642,Tablet,PERSON-001318,iOS,2023-09-25,2023-09-25,true
DEVICE-006643,Feature Phone,PERSON-001318,Android,2023-09-25,2023-09-25,true
DEVICE-006644,Smartphone,PERSON-000106,Android,2023-09-25,2023-09-25,true
DEVICE-006645,Feature Phone,PERSON-000081,Android,2023-12-04,2023-12-04,true
DEVICE-006646,Tablet,PERSON-002980,Android,2023-12-04,2023-12-04,true
DEVICE-006647,Feature Phone,PERSON-001259,iOS,2023-12-04,2023-12-04,true
DEVICE-006648,Tablet,PERSON-001259,iOS,2023-12-04,2023-12-04,true
DEVICE-006649,Tablet,PERSON-000850,Android,2023-12-04,2023-12-04,true
DEVICE-006650,Feature Phone,PERSON-001861,iOS,2023-12-04,2023-12-04,true
DEVICE-006651,Smartphone,PERSON-001861,Android,2023-12-04,2023-12-04,true
DEVICE-006652,Tablet,PERSON-002574,iOS,2023-12-04,2023-12-04,true
DEVICE-006653,Smartphone,PERSON-002574,iOS,2023-12-04,2023-12-04,true
DEVICE-006654,Smartphone,PERSON-000063,Android,2023-12-04,2023-12-04,true
DEVICE-006655,Smartphone,PERSON-001664,Android,2023-03-15,2023-03-15,true
DEVICE-006656,Tablet,PERSON-001664,Android,2023-03-15,2023-03-15,true
DEVICE-006657,Tablet,PERSON-001667,Android,2023-03-15,2023-03-15,true
DEVICE-006658,Tablet,PERSON-000948,iOS,2023-03-15,2023-03-15,true
DEVICE-006659,Feature Phone,PERSON-000584,iOS,2023-03-15,2023-03-15,true
DEVICE-006660,Tablet,PERSON-000697,Android,2023-03-15,2023-03-15,true
DEVICE-006661,Tablet,PERSON-000538,Android,2023-09-06,2023-09-06,true
DEVICE-006662,Smartphone,PERSON-001544,Android,2023-09-06,2023-09-06,true
DEVICE-006663,Feature Phone,PERSON-000120,Android,2023-09-06,2023-09-06,true
DEVICE-006664,Smartphone,PERSON-002873,Android,2023-09-06,2023-09-06,true
DEVICE-006665,Feature Phone,PERSON-001898,iOS,2023-09-06,2023-09-06,true
DEVICE-006666,Smartphone,PERSON-000921,iOS,2023-09-06,2023-09-06,true
DEVICE-006667,Feature Phone,PERSON-001540,Android,2023-09-06,2023-09-06,true
DEVICE-006668,Smartphone,PERSON-001540,iOS,2023-09-06,2023-09-06,true
DEVICE-006669,Feature Phone,PERSON-000083,Android,2023-09-06,2023-09-06,true
DEVICE-006670,Smartphone,PERSON-000083,iOS,2023-09-06,2023-09-06,true
DEVICE-006671,Tablet,PERSON-001543,iOS,2023-09-06,2023-09-06,true
DEVICE-006672,Smartphone,PERSON-002017,Android,2023-09-06,2023-09-06,true
DEVICE-006673,Feature Phone,PERSON-000765,Android,2023-09-06,2023-09-06,true
DEVICE-006674,Feature Phone,PERSON-001205,Android,2023-09-06,2023-09-06,true
DEVICE-006675,Tablet,PERSON-002675,Android,2023-11-13,2023-11-13,true
DEVICE-006676,Tablet,PERSON-000611,Android,2023-11-13,2023-11-13,true
DEVICE-006677,Smartphone,PERSON-000611,Android,2023-11-13,2023-11-13,true
DEVICE-006678,Feature Phone,PERSON-000060,Android,2023-11-13,2023-11-13,true
DEVICE-006679,Tablet,PERSON-000832,iOS,2023-11-13,2023-11-13,true
DEVICE-006680,Smartphone,PERSON-002847,Android,2023-11-13,2023-11-13,true
DEVICE-006681,Tablet,PERSON-001367,iOS,2023-11-13,2023-11-13,true
DEVICE-006682,Smartphone,PERSON-000635,Android,2023-11-13,2023-11-13,true
DEVICE-006683,Smartphone,PERSON-002922,Android,2023-11-13,2023-11-13,true
DEVICE-006684,Tablet,PERSON-002136,Android,2023-01-01,2023-01-01,true
DEVICE-006685,Feature Phone,PERSON-002136,iOS,2023-01-01,2023-01-01,true
DEVICE-006686,Tablet,PERSON-002558,Android,2023-01-01,2023-01-01,true
DEVICE-006687,Smartphone,PERSON-001234,Android,2023-01-01,2023-01-01,true
DEVICE-006688,Tablet,PERSON-001890,iOS,2023-01-01,2023-01-01,true
DEVICE-006689,Feature Phone,PERSON-000622,iOS,2023-01-01,2023-01-01,true
DEVICE-006690,Feature Phone,PERSON-000622,iOS,2023-01-01,2023-01-01,true
DEVICE-006691,Smartphone,PERSON-000074,Android,2023-01-01,2023-01-01,true
DEVICE-006692,Tablet,PERSON-002499,iOS,2023-01-01,2023-01-01,true
DEVICE-006693,Tablet,PERSON-000106,iOS,2023-01-01,2023-01-01,true
DEVICE-006694,Tablet,PERSON-000154,Android,2023-01-01,2023-01-01,true
DEVICE-006695,Tablet,PERSON-002954,Android,2023-03-30,2023-03-30,true
DEVICE-006696,Feature Phone,PERSON-002684,iOS,2023-03-30,2023-03-30,true
DEVICE-006697,Smartphone,PERSON-002937,iOS,2023-03-30,2023-03-30,true
DEVICE-006698,Smartphone,PERSON-000222,Android,2023-03-30,2023-03-30,true
DEVICE-006699,Tablet,PERSON-002558,iOS,2023-07-24,2023-07-24,true
DEVICE-006700,Feature Phone,PERSON-000397,Android,2023-07-24,2023-07-24,true
DEVICE-006701,Feature Phone,PERSON-000784,iOS,2023-07-24,2023-07-24,true
DEVICE-006702,Smartphone,PERSON-001234,Android,2023-07-24,2023-07-24,true
DEVICE-006703,Tablet,PERSON-002223,Android,2023-07-24,2023-07-24,true
DEVICE-006704,Smartphone,PERSON-001182,Android,2023-07-24,2023-07-24,true
DEVICE-006705,Smartphone,PERSON-001107,Android,2023-07-24,2023-07-24,true
DEVICE-006706,Smartphone,PERSON-000419,iOS,2023-08-15,2023-08-15,true
DEVICE-006707,Feature Phone,PERSON-000419,Android,2023-08-15,2023-08-15,true
DEVICE-006708,Tablet,PERSON-002737,Android,2023-08-15,2023-08-15,true
DEVICE-006709,Smartphone,PERSON-002737,Android,2023-08-15,2023-08-15,true
DEVICE-006710,Feature Phone,PERSON-001758,Android,2023-08-15,2023-08-15,true
DEVICE-006711,Smartphone,PERSON-002105,iOS,2023-08-15,2023-08-15,true
DEVICE-006712,Feature Phone,PERSON-002684,iOS,2023-08-15,2023-08-15,true
DEVICE-006713,Feature Phone,PERSON-000111,iOS,2023-08-15,2023-08-15,true
DEVICE-006714,Tablet,PERSON-000103,iOS,2023-08-15,2023-08-15,true
DEVICE-006715,Tablet,PERSON-001869,Android,2023-08-15,2023-08-15,true
DEVICE-006716,Feature Phone,PERSON-001869,Android,2023-08-15,2023-08-15,true
DEVICE-006717,Feature Phone,PERSON-001334,Android,2023-11-08,2023-11-08,true
DEVICE-006718,Tablet,PERSON-000499,Android,2023-11-08,2023-11-08,true
DEVICE-006719,Tablet,PERSON-000473,iOS,2023-11-08,2023-11-08,true
DEVICE-006720,Smartphone,PERSON-000943,Android,2023-11-08,2023-11-08,true
DEVICE-006721,Smartphone,PERSON-002397,iOS,2023-11-08,2023-11-08,true
DEVICE-006722,Smartphone,PERSON-001747,iOS,2023-11-08,2023-11-08,true
DEVICE-006723,Feature Phone,PERSON-001747,iOS,2023-11-08,2023-11-08,true
DEVICE-006724,Feature Phone,PERSON-002846,Android,2023-11-08,2023-11-08,true
DEVICE-006725,Feature Phone,PERSON-001847,Android,2023-11-08,2023-11-08,true
DEVICE-006726,Smartphone,PERSON-000538,iOS,2023-04-05,2023-04-05,true
DEVICE-006727,Feature Phone,PERSON-002764,iOS,2023-04-05,2023-04-05,true
DEVICE-006728,Feature Phone,PERSON-000120,iOS,2023-04-05,2023-04-05,true
DEVICE-006729,Tablet,PERSON-002873,Android,2023-04-05,2023-04-05,true
DEVICE-006730,Feature Phone,PERSON-001540,iOS,2023-04-05,2023-04-05,true
DEVICE-006731,Feature Phone,PERSON-001540,iOS,2023-04-05,2023-04-05,true
DEVICE-006732,Tablet,PERSON-001965,Android,2023-04-05,2023-04-05,true
DEVICE-006733,Tablet,PERSON-001992,Android,2023-04-05,2023-04-05,true
DEVICE-006734,Feature Phone,PERSON-001543,Android,2023-04-05,2023-04-05,true
DEVICE-006735,Smartphone,PERSON-001543,Android,2023-04-05,2023-04-05,true
DEVICE-006736,Tablet,PERSON-002999,iOS,2023-04-05,2023-04-05,true
DEVICE-006737,Tablet,PERSON-000765,iOS,2023-04-05,2023-04-05,true
DEVICE-006738,Tablet,PERSON-001205,Android,2023-04-05,2023-04-05,true
DEVICE-006739,Tablet,PERSON-002159,Android,2023-02-12,2023-02-12,true
DEVICE-006740,Feature Phone,PERSON-001110,Android,2023-02-12,2023-02-12,true
DEVICE-006741,Feature Phone,PERSON-001110,Android,2023-02-12,2023-02-12,true
DEVICE-006742,Tablet,PERSON-000906,iOS,2023-02-12,2023-02-12,true
DEVICE-006743,Tablet,PERSON-001131,iOS,2023-02-12,2023-02-12,true
DEVICE-006744,Feature Phone,PERSON-000566,iOS,2023-02-12,2023-02-12,true
DEVICE-006745,Tablet,PERSON-000955,Android,2023-02-12,2023-02-12,true
DEVICE-006746,Smartphone,PERSON-000955,iOS,2023-02-12,2023-02-12,true
DEVICE-006747,Tablet,PERSON-000622,iOS,2023-02-12,2023-02-12,true
DEVICE-006748,Feature Phone,PERSON-002847,Android,2023-02-12,2023-02-12,true
DEVICE-006749,Tablet,PERSON-001552,iOS,2023-02-12,2023-02-12,true
DEVICE-006750,Smartphone,PERSON-001552,Android,2023-02-12,2023-02-12,true
DEVICE-006751,Feature Phone,PERSON-002558,Android,2023-05-12,2023-05-12,true
DEVICE-006752,Feature Phone,PERSON-000667,iOS,2023-05-12,2023-05-12,true
DEVICE-006753,Feature Phone,PERSON-001890,Android,2023-05-12,2023-05-12,true
DEVICE-006754,Smartphone,PERSON-002240,Android,2023-05-12,2023-05-12,true
DEVICE-006755,Smartphone,PERSON-000622,Android,2023-05-12,2023-05-12,true
DEVICE-006756,Feature Phone,PERSON-002499,iOS,2023-05-12,2023-05-12,true
DEVICE-006757,Smartphone,PERSON-002020,Android,2023-11-07,2023-11-07,true
DEVICE-006758,Smartphone,PERSON-002873,Android,2023-11-07,2023-11-07,true
DEVICE-006759,Feature Phone,PERSON-000863,iOS,2023-11-07,2023-11-07,true
DEVICE-006760,Smartphone,PERSON-001992,iOS,2023-11-07,2023-11-07,true
DEVICE-006761,Feature Phone,PERSON-001205,iOS,2023-11-07,2023-11-07,true
DEVICE-006762,Smartphone,PERSON-001205,iOS,2023-11-07,2023-11-07,true
DEVICE-006763,Smartphone,PERSON-001543,Android,2023-11-07,2023-11-07,true
DEVICE-006764,Smartphone,PERSON-000621,iOS,2023-11-07,2023-11-07,true
DEVICE-006765,Tablet,PERSON-002999,iOS,2023-11-07,2023-11-07,true
DEVICE-006766,Tablet,PERSON-002745,Android,2023-11-07,2023-11-07,true
DEVICE-006767,Tablet,PERSON-000357,Android,2023-11-07,2023-11-07,true
DEVICE-006768,Feature Phone,PERSON-000081,Android,2023-04-16,2023-04-16,true
DEVICE-006769,Smartphone,PERSON-000850,Android,2023-04-16,2023-04-16,true
DEVICE-006770,Smartphone,PERSON-002839,Android,2023-04-16,2023-04-16,true
DEVICE-006771,Tablet,PERSON-002574,iOS,2023-04-16,2023-04-16,true
DEVICE-006772,Feature Phone,PERSON-001589,Android,2023-04-16,2023-04-16,true
DEVICE-006773,Smartphone,PERSON-001558,iOS,2023-04-18,2023-04-18,true
DEVICE-006774,Feature Phone,PERSON-001474,Android,2023-04-18,2023-04-18,true
DEVICE-006775,Smartphone,PERSON-002060,Android,2023-04-18,2023-04-18,true
DEVICE-006776,Tablet,PERSON-000440,Android,2023-04-18,2023-04-18,true
DEVICE-006777,Tablet,PERSON-001757,iOS,2023-04-18,2023-04-18,true
DEVICE-006778,Feature Phone,PERSON-001757,Android,2023-04-18,2023-04-18,true
DEVICE-006779,Tablet,PERSON-000146,iOS,2023-08-31,2023-08-31,true
DEVICE-006780,Tablet,PERSON-001210,Android,2023-08-31,2023-08-31,true
DEVICE-006781,Smartphone,PERSON-001558,Android,2023-08-31,2023-08-31,true
DEVICE-006782,Smartphone,PERSON-001558,iOS,2023-08-31,2023-08-31,true
DEVICE-006783,Feature Phone,PERSON-000351,iOS,2023-08-31,2023-08-31,true
DEVICE-006784,Smartphone,PERSON-002750,iOS,2023-08-31,2023-08-31,true
DEVICE-006785,Smartphone,PERSON-001041,Android,2023-08-31,2023-08-31,true
DEVICE-006786,Tablet,PERSON-000647,iOS,2023-08-31,2023-08-31,true
DEVICE-006787,Tablet,PERSON-001589,Android,2023-08-31,2023-08-31,true
DEVICE-006788,Feature Phone,PERSON-000233,iOS,2023-01-07,2023-01-07,true
DEVICE-006789,Smartphone,PERSON-001478,Android,2023-01-07,2023-01-07,true
DEVICE-006790,Feature Phone,PERSON-000886,Android,2023-01-07,2023-01-07,true
DEVICE-006791,Tablet,PERSON-001059,Android,2023-01-07,2023-01-07,true
DEVICE-006792,Feature Phone,PERSON-000144,Android,2023-01-07,2023-01-07,true
DEVICE-006793,Tablet,PERSON-000144,Android,2023-01-07,2023-01-07,true
DEVICE-006794,Feature Phone,PERSON-000302,iOS,2023-01-07,2023-01-07,true
DEVICE-006795,Smartphone,PERSON-002068,Android,2023-01-07,2023-01-07,true
DEVICE-006796,Smartphone,PERSON-002122,Android,2023-01-07,2023-01-07,true
DEVICE-006797,Tablet,PERSON-002122,iOS,2023-01-07,2023-01-07,true
DEVICE-006798,Feature Phone,PERSON-000305,Android,2023-01-07,2023-01-07,true
DEVICE-006799,Tablet,PERSON-000233,iOS,2023-10-25,2023-10-25,true
DEVICE-006800,Smartphone,PERSON-001478,iOS,2023-10-25,2023-10-25,true
DEVICE-006801,Smartphone,PERSON-000886,iOS,2023-10-25,2023-10-25,true
DEVICE-006802,Tablet,PERSON-001059,Android,2023-10-25,2023-10-25,true
DEVICE-006803,Smartphone,PERSON-002122,Android,2023-10-25,2023-10-25,true
DEVICE-006804,Smartphone,PERSON-002082,iOS,2023-10-25,2023-10-25,true
DEVICE-006805,Feature Phone,PERSON-001830,Android,2023-10-25,2023-10-25,true
DEVICE-006806,Smartphone,PERSON-000233,Android,2023-10-12,2023-10-12,true
DEVICE-006807,Smartphone,PERSON-002990,Android,2023-10-12,2023-10-12,true
DEVICE-006808,Smartphone,PERSON-001619,iOS,2023-10-12,2023-10-12,true
DEVICE-006809,Feature Phone,PERSON-001619,iOS,2023-10-12,2023-10-12,true
DEVICE-006810,Smartphone,PERSON-002388,iOS,2023-10-12,2023-10-12,true
DEVICE-006811,Feature Phone,PERSON-001589,iOS,2023-10-12,2023-10-12,true
DEVICE-006812,Feature Phone,PERSON-001589,iOS,2023-10-12,2023-10-12,true
DEVICE-006813,Tablet,PERSON-000922,iOS,2023-10-12,2023-10-12,true
DEVICE-006814,Smartphone,PERSON-000922,iOS,2023-10-12,2023-10-12,true
DEVICE-006815,Smartphone,PERSON-001508,Android,2023-10-12,2023-10-12,true
DEVICE-006816,Feature Phone,PERSON-000146,Android,2023-07-14,2023-07-14,true
DEVICE-006817,Smartphone,PERSON-001667,Android,2023-07-14,2023-07-14,true
DEVICE-006818,Feature Phone,PERSON-001558,iOS,2023-07-14,2023-07-14,true
DEVICE-006819,Tablet,PERSON-002750,Android,2023-07-14,2023-07-14,true
DEVICE-006820,Feature Phone,PERSON-002750,iOS,2023-07-14,2023-07-14,true
DEVICE-006821,Tablet,PERSON-000576,iOS,2023-07-14,2023-07-14,true
DEVICE-006822,Tablet,PERSON-001041,Android,2023-07-14,2023-07-14,true
DEVICE-006823,Feature Phone,PERSON-001664,Android,2023-04-11,2023-04-11,true
DEVICE-006824,Feature Phone,PERSON-002675,iOS,2023-04-11,2023-04-11,true
DEVICE-006825,Tablet,PERSON-002998,Android,2023-04-11,2023-04-11,true
DEVICE-006826,Tablet,PERSON-002998,iOS,2023-04-11,2023-04-11,true
DEVICE-006827,Smartphone,PERSON-000948,iOS,2023-04-11,2023-04-11,true
DEVICE-006828,Smartphone,PERSON-001315,iOS,2023-04-11,2023-04-11,true
DEVICE-006829,Smartphone,PERSON-002757,iOS,2023-04-11,2023-04-11,true
DEVICE-006830,Feature Phone,PERSON-000106,iOS,2023-04-11,2023-04-11,true
DEVICE-006831,Tablet,PERSON-000106,Android,2023-04-11,2023-04-11,true
DEVICE-006832,Feature Phone,PERSON-000230,iOS,2023-04-11,2023-04-11,true
DEVICE-006833,Feature Phone,PERSON-002715,Android,2023-04-11,2023-04-11,true
DEVICE-006834,Tablet,PERSON-000842,iOS,2023-08-09,2023-08-09,true
DEVICE-006835,Feature Phone,PERSON-001944,iOS,2023-08-09,2023-08-09,true
DEVICE-006836,Feature Phone,PERSON-001944,iOS,2023-08-09,2023-08-09,true
DEVICE-006837,Feature Phone,PERSON-000222,iOS,2023-08-09,2023-08-09,true
DEVICE-006838,Smartphone,PERSON-001769,iOS,2023-08-09,2023-08-09,true
DEVICE-006839,Feature Phone,PERSON-002256,iOS,2023-08-09,2023-08-09,true
DEVICE-006840,Tablet,PERSON-002788,iOS,2023-08-09,2023-08-09,true
DEVICE-006841,Smartphone,PERSON-000734,Android,2023-08-09,2023-08-09,true
DEVICE-006842,Tablet,PERSON-002684,iOS,2023-08-09,2023-08-09,true
DEVICE-006843,Tablet,PERSON-000455,Android,2023-08-09,2023-08-09,true
DEVICE-006844,Smartphone,PERSON-002954,iOS,2023-06-25,2023-06-25,true
DEVICE-006845,Tablet,PERSON-000842,iOS,2023-06-25,2023-06-25,true
DEVICE-006846,Smartphone,PERSON-001944,iOS,2023-06-25,2023-06-25,true
DEVICE-006847,Smartphone,PERSON-001419,Android,2023-06-25,2023-06-25,true
DEVICE-006848,Feature Phone,PERSON-001419,iOS,2023-06-25,2023-06-25,true
DEVICE-006849,Smartphone,PERSON-001769,Android,2023-06-25,2023-06-25,true
DEVICE-006850,Tablet,PERSON-001769,Android,2023-06-25,2023-06-25,true
DEVICE-006851,Smartphone,PERSON-001478,Android,2023-06-25,2023-06-25,true
DEVICE-006852,Smartphone,PERSON-002256,Android,2023-06-25,2023-06-25,true
DEVICE-006853,Smartphone,PERSON-001206,Android,2023-06-25,2023-06-25,true
DEVICE-006854,Smartphone,PERSON-000712,iOS,2023-06-25,2023-06-25,true
DEVICE-006855,Tablet,PERSON-000712,Android,2023-06-25,2023-06-25,true
DEVICE-006856,Smartphone,PERSON-000072,iOS,2023-06-25,2023-06-25,true
DEVICE-006857,Tablet,PERSON-002684,Android,2023-06-25,2023-06-25,true
DEVICE-006858,Smartphone,PERSON-001511,iOS,2023-07-31,2023-07-31,true
DEVICE-006859,Tablet,PERSON-000682,iOS,2023-07-31,2023-07-31,true
DEVICE-006860,Tablet,PERSON-002737,iOS,2023-07-31,2023-07-31,true
DEVICE-006861,Feature Phone,PERSON-000165,Android,2023-07-31,2023-07-31,true
DEVICE-006862,Smartphone,PERSON-000165,Android,2023-07-31,2023-07-31,true
DEVICE-006863,Tablet,PERSON-001481,iOS,2023-07-31,2023-07-31,true
DEVICE-006864,Feature Phone,PERSON-001615,iOS,2023-09-08,2023-09-08,true
DEVICE-006865,Tablet,PERSON-000342,Android,2023-09-08,2023-09-08,true
DEVICE-006866,Smartphone,PERSON-000886,iOS,2023-09-08,2023-09-08,true
DEVICE-006867,Smartphone,PERSON-001059,iOS,2023-09-08,2023-09-08,true
DEVICE-006868,Smartphone,PERSON-000302,Android,2023-09-08,2023-09-08,true
DEVICE-006869,Feature Phone,PERSON-001880,iOS,2023-09-08,2023-09-08,true
DEVICE-006870,Feature Phone,PERSON-002082,Android,2023-09-08,2023-09-08,true
DEVICE-006871,Smartphone,PERSON-000081,Android,2023-11-15,2023-11-15,true
DEVICE-006872,Smartphone,PERSON-001259,iOS,2023-11-15,2023-11-15,true
DEVICE-006873,Smartphone,PERSON-001861,iOS,2023-11-15,2023-11-15,true
DEVICE-006874,Smartphone,PERSON-001861,iOS,2023-11-15,2023-11-15,true
DEVICE-006875,Feature Phone,PERSON-002574,Android,2023-11-15,2023-11-15,true
DEVICE-006876,Feature Phone,PERSON-000063,iOS,2023-11-15,2023-11-15,true
DEVICE-006877,Smartphone,PERSON-002757,iOS,2023-11-15,2023-11-15,true
DEVICE-006878,Tablet,PERSON-001589,iOS,2023-11-15,2023-11-15,true
DEVICE-006879,Tablet,PERSON-002547,iOS,2023-04-30,2023-04-30,true
DEVICE-006880,Tablet,PERSON-000040,iOS,2023-04-30,2023-04-30,true
DEVICE-006881,Tablet,PERSON-001876,Android,2023-04-30,2023-04-30,true
DEVICE-006882,Smartphone,PERSON-001705,iOS,2023-04-30,2023-04-30,true
DEVICE-006883,Feature Phone,PERSON-002408,iOS,2023-04-30,2023-04-30,true
DEVICE-006884,Smartphone,PERSON-000232,iOS,2023-04-30,2023-04-30,true
DEVICE-006885,Smartphone,PERSON-002428,Android,2023-11-30,2023-11-30,true
DEVICE-006886,Feature Phone,PERSON-001259,Android,2023-11-30,2023-11-30,true
DEVICE-006887,Smartphone,PERSON-001259,iOS,2023-11-30,2023-11-30,true
DEVICE-006888,Feature Phone,PERSON-000850,Android,2023-11-30,2023-11-30,true
DEVICE-006889,Smartphone,PERSON-001861,iOS,2023-11-30,2023-11-30,true
DEVICE-006890,Tablet,PERSON-002574,iOS,2023-11-30,2023-11-30,true
DEVICE-006891,Tablet,PERSON-000063,iOS,2023-11-30,2023-11-30,true
DEVICE-006892,Tablet,PERSON-000863,Android,2023-11-30,2023-11-30,true
DEVICE-006893,Smartphone,PERSON-000863,Android,2023-11-30,2023-11-30,true
DEVICE-006894,Smartphone,PERSON-002757,Android,2023-11-30,2023-11-30,true
DEVICE-006895,Feature Phone,PERSON-001589,iOS,2023-11-30,2023-11-30,true
DEVICE-006896,Feature Phone,PERSON-000492,iOS,2023-06-12,2023-06-12,true
DEVICE-006897,Feature Phone,PERSON-001478,Android,2023-06-12,2023-06-12,true
DEVICE-006898,Feature Phone,PERSON-000886,iOS,2023-06-12,2023-06-12,true
DEVICE-006899,Smartphone,PERSON-000920,Android,2023-06-12,2023-06-12,true
DEVICE-006900,Tablet,PERSON-000920,iOS,2023-06-12,2023-06-12,true
DEVICE-006901,Tablet,PERSON-000144,iOS,2023-06-12,2023-06-12,true
DEVICE-006902,Tablet,PERSON-000144,iOS,2023-06-12,2023-06-12,true
DEVICE-006903,Smartphone,PERSON-001880,iOS,2023-06-12,2023-06-12,true
DEVICE-006904,Smartphone,PERSON-001880,Android,2023-06-12,2023-06-12,true
DEVICE-006905,Smartphone,PERSON-002082,iOS,2023-06-12,2023-06-12,true
DEVICE-006906,Tablet,PERSON-002082,Android,2023-06-12,2023-06-12,true
DEVICE-006907,Smartphone,PERSON-000305,Android,2023-06-12,2023-06-12,true
DEVICE-006908,Tablet,PERSON-001830,Android,2023-06-12,2023-06-12,true
DEVICE-006909,Tablet,PERSON-000238,Android,2023-12-02,2023-12-02,true
DEVICE-006910,Smartphone,PERSON-002998,Android,2023-12-02,2023-12-02,true
DEVICE-006911,Feature Phone,PERSON-002998,Android,2023-12-02,2023-12-02,true
DEVICE-006912,Feature Phone,PERSON-002835,iOS,2023-12-02,2023-12-02,true
DEVICE-006913,Smartphone,PERSON-000576,iOS,2023-12-02,2023-12-02,true
DEVICE-006914,Feature Phone,PERSON-000584,Android,2023-12-02,2023-12-02,true
DEVICE-006915,Feature Phone,PERSON-000697,Android,2023-12-02,2023-12-02,true
DEVICE-006916,Smartphone,PERSON-002715,iOS,2023-12-02,2023-12-02,true
DEVICE-006917,Feature Phone,PERSON-000862,iOS,2023-05-01,2023-05-01,true
DEVICE-006918,Feature Phone,PERSON-000479,Android,2023-05-01,2023-05-01,true
DEVICE-006919,Tablet,PERSON-002449,Android,2023-05-01,2023-05-01,true
DEVICE-006920,Smartphone,PERSON-001127,Android,2023-05-01,2023-05-01,true
DEVICE-006921,Tablet,PERSON-000484,iOS,2023-05-01,2023-05-01,true
DEVICE-006922,Smartphone,PERSON-000484,iOS,2023-05-01,2023-05-01,true
DEVICE-006923,Smartphone,PERSON-000703,Android,2023-05-01,2023-05-01,true
DEVICE-006924,Smartphone,PERSON-000397,iOS,2023-01-08,2023-01-08,true
DEVICE-006925,Smartphone,PERSON-000717,Android,2023-01-08,2023-01-08,true
DEVICE-006926,Smartphone,PERSON-000074,Android,2023-01-08,2023-01-08,true
DEVICE-006927,Tablet,PERSON-001131,iOS,2023-01-08,2023-01-08,true
DEVICE-006928,Tablet,PERSON-000580,Android,2023-01-08,2023-01-08,true
DEVICE-006929,Smartphone,PERSON-000622,Android,2023-01-08,2023-01-08,true
DEVICE-006930,Tablet,PERSON-002004,Android,2023-01-08,2023-01-08,true
DEVICE-006931,Tablet,PERSON-002215,iOS,2023-01-08,2023-01-08,true
DEVICE-006932,Feature Phone,PERSON-001107,Android,2023-01-08,2023-01-08,true
DEVICE-006933,Feature Phone,PERSON-002517,iOS,2023-12-12,2023-12-12,true
DEVICE-006934,Tablet,PERSON-002279,Android,2023-12-12,2023-12-12,true
DEVICE-006935,Tablet,PERSON-000538,Android,2023-12-12,2023-12-12,true
DEVICE-006936,Feature Phone,PERSON-001540,iOS,2023-12-12,2023-12-12,true
DEVICE-006937,Tablet,PERSON-001540,iOS,2023-12-12,2023-12-12,true
DEVICE-006938,Tablet,PERSON-000621,iOS,2023-12-12,2023-12-12,true
DEVICE-006939,Tablet,PERSON-000863,Android,2023-12-12,2023-12-12,true
DEVICE-006940,Feature Phone,PERSON-002745,iOS,2023-12-12,2023-12-12,true
DEVICE-006941,Smartphone,PERSON-002335,Android,2023-12-12,2023-12-12,true
DEVICE-006942,Tablet,PERSON-000765,iOS,2023-12-12,2023-12-12,true
DEVICE-006943,Tablet,PERSON-001205,iOS,2023-12-12,2023-12-12,true
DEVICE-006944,Tablet,PERSON-001558,Android,2023-06-11,2023-06-11,true
DEVICE-006945,Tablet,PERSON-000540,Android,2023-06-11,2023-06-11,true
DEVICE-006946,Smartphone,PERSON-001474,Android,2023-06-11,2023-06-11,true
DEVICE-006947,Tablet,PERSON-001262,Android,2023-06-11,2023-06-11,true
DEVICE-006948,Smartphone,PERSON-001262,Android,2023-06-11,2023-06-11,true
DEVICE-006949,Smartphone,PERSON-000267,iOS,2023-06-11,2023-06-11,true
DEVICE-006950,Smartphone,PERSON-000792,iOS,2023-06-11,2023-06-11,true
DEVICE-006951,Tablet,PERSON-002900,Android,2023-06-11,2023-06-11,true
DEVICE-006952,Feature Phone,PERSON-002618,iOS,2023-06-11,2023-06-11,true
DEVICE-006953,Smartphone,PERSON-000440,Android,2023-06-11,2023-06-11,true
DEVICE-006954,Smartphone,PERSON-000233,iOS,2023-03-18,2023-03-18,true
DEVICE-006955,Tablet,PERSON-000886,Android,2023-03-18,2023-03-18,true
DEVICE-006956,Tablet,PERSON-000144,iOS,2023-03-18,2023-03-18,true
DEVICE-006957,Tablet,PERSON-001589,iOS,2023-03-18,2023-03-18,true
DEVICE-006958,Feature Phone,PERSON-001880,Android,2023-03-18,2023-03-18,true
DEVICE-006959,Smartphone,PERSON-000305,Android,2023-03-18,2023-03-18,true
DEVICE-006960,Smartphone,PERSON-002136,Android,2023-07-03,2023-07-03,true
DEVICE-006961,Smartphone,PERSON-000667,Android,2023-07-03,2023-07-03,true
DEVICE-006962,Tablet,PERSON-001131,iOS,2023-07-03,2023-07-03,true
DEVICE-006963,Tablet,PERSON-001234,Android,2023-07-03,2023-07-03,true
DEVICE-006964,Feature Phone,PERSON-001182,Android,2023-07-03,2023-07-03,true
DEVICE-006965,Smartphone,PERSON-002164,Android,2023-07-03,2023-07-03,true
DEVICE-006966,Feature Phone,PERSON-000528,iOS,2023-07-03,2023-07-03,true
DEVICE-006967,Feature Phone,PERSON-002215,Android,2023-07-03,2023-07-03,true
DEVICE-006968,Feature Phone,PERSON-001343,Android,2023-06-01,2023-06-01,true
DEVICE-006969,Feature Phone,PERSON-001343,Android,2023-06-01,2023-06-01,true
DEVICE-006970,Smartphone,PERSON-002788,iOS,2023-06-01,2023-06-01,true
DEVICE-006971,Tablet,PERSON-002757,iOS,2023-06-01,2023-06-01,true
DEVICE-006972,Smartphone,PERSON-002757,iOS,2023-06-01,2023-06-01,true
DEVICE-006973,Smartphone,PERSON-000904,iOS,2023-06-01,2023-06-01,true
DEVICE-006974,Feature Phone,PERSON-000106,Android,2023-06-01,2023-06-01,true
DEVICE-006975,Smartphone,PERSON-000106,Android,2023-06-01,2023-06-01,true
DEVICE-006976,Tablet,PERSON-000697,Android,2023-06-01,2023-06-01,true
DEVICE-006977,Feature Phone,PERSON-000697,iOS,2023-06-01,2023-06-01,true
DEVICE-006978,Smartphone,PERSON-000230,Android,2023-06-01,2023-06-01,true
DEVICE-006979,Smartphone,PERSON-000245,iOS,2023-03-25,2023-03-25,true
DEVICE-006980,Smartphone,PERSON-002304,iOS,2023-03-25,2023-03-25,true
DEVICE-006981,Tablet,PERSON-001847,iOS,2023-03-25,2023-03-25,true
DEVICE-006982,Tablet,PERSON-001847,iOS,2023-03-25,2023-03-25,true
DEVICE-006983,Tablet,PERSON-002846,Android,2023-03-25,2023-03-25,true
DEVICE-006984,Smartphone,PERSON-001596,iOS,2023-10-26,2023-10-26,true
DEVICE-006985,Tablet,PERSON-001596,iOS,2023-10-26,2023-10-26,true
DEVICE-006986,Feature Phone,PERSON-002438,Android,2023-10-26,2023-10-26,true
DEVICE-006987,Tablet,PERSON-001363,Android,2023-10-26,2023-10-26,true
DEVICE-006988,Feature Phone,PERSON-001363,Android,2023-10-26,2023-10-26,true
DEVICE-006989,Smartphone,PERSON-000060,Android,2023-10-26,2023-10-26,true
DEVICE-006990,Feature Phone,PERSON-001480,iOS,2023-10-26,2023-10-26,true
DEVICE-006991,Smartphone,PERSON-000886,Android,2023-10-26,2023-10-26,true
DEVICE-006992,Smartphone,PERSON-000497,Android,2023-10-26,2023-10-26,true
DEVICE-006993,Feature Phone,PERSON-000497,iOS,2023-10-26,2023-10-26,true
DEVICE-006994,Smartphone,PERSON-001792,Android,2023-10-26,2023-10-26,true
DEVICE-006995,Smartphone,PERSON-001847,iOS,2023-10-26,2023-10-26,true
DEVICE-006996,Feature Phone,PERSON-001847,Android,2023-10-26,2023-10-26,true
DEVICE-006997,Tablet,PERSON-000635,Android,2023-10-26,2023-10-26,true
DEVICE-006998,Tablet,PERSON-002136,iOS,2023-09-17,2023-09-17,true
DEVICE-006999,Tablet,PERSON-000784,Android,2023-09-17,2023-09-17,true
DEVICE-007000,Smartphone,PERSON-000784,Android,2023-09-17,2023-09-17,true
DEVICE-007001,Tablet,PERSON-002558,Android,2023-09-17,2023-09-17,true
DEVICE-007002,Tablet,PERSON-000397,Android,2023-09-17,2023-09-17,true
DEVICE-007003,Feature Phone,PERSON-000667,Android,2023-09-17,2023-09-17,true
DEVICE-007004,Smartphone,PERSON-000405,Android,2023-09-17,2023-09-17,true
DEVICE-007005,Feature Phone,PERSON-002900,Android,2023-09-17,2023-09-17,true
DEVICE-007006,Tablet,PERSON-002900,Android,2023-09-17,2023-09-17,true
DEVICE-007007,Smartphone,PERSON-001425,Android,2023-08-05,2023-08-05,true
DEVICE-007008,Smartphone,PERSON-000822,Android,2023-08-05,2023-08-05,true
DEVICE-007009,Feature Phone,PERSON-002986,iOS,2023-08-05,2023-08-05,true
DEVICE-007010,Feature Phone,PERSON-002759,Android,2023-08-05,2023-08-05,true
DEVICE-007011,Tablet,PERSON-001071,iOS,2023-08-05,2023-08-05,true
DEVICE-007012,Smartphone,PERSON-000613,Android,2023-08-05,2023-08-05,true
DEVICE-007013,Tablet,PERSON-002068,Android,2023-08-05,2023-08-05,true
DEVICE-007014,Tablet,PERSON-001578,iOS,2023-08-05,2023-08-05,true
DEVICE-007015,Feature Phone,PERSON-001578,Android,2023-08-05,2023-08-05,true
DEVICE-007016,Smartphone,PERSON-002438,Android,2023-05-11,2023-05-11,true
DEVICE-007017,Feature Phone,PERSON-001363,Android,2023-05-11,2023-05-11,true
DEVICE-007018,Smartphone,PERSON-001363,iOS,2023-05-11,2023-05-11,true
DEVICE-007019,Smartphone,PERSON-001255,Android,2023-05-11,2023-05-11,true
DEVICE-007020,Feature Phone,PERSON-002896,iOS,2023-05-11,2023-05-11,true
DEVICE-007021,Feature Phone,PERSON-001480,Android,2023-05-11,2023-05-11,true
DEVICE-007022,Feature Phone,PERSON-001664,Android,2023-02-22,2023-02-22,true
DEVICE-007023,Tablet,PERSON-002675,iOS,2023-02-22,2023-02-22,true
DEVICE-007024,Smartphone,PERSON-002675,Android,2023-02-22,2023-02-22,true
DEVICE-007025,Smartphone,PERSON-001343,iOS,2023-02-22,2023-02-22,true
DEVICE-007026,Tablet,PERSON-002998,iOS,2023-02-22,2023-02-22,true
DEVICE-007027,Smartphone,PERSON-000948,iOS,2023-02-22,2023-02-22,true
DEVICE-007028,Smartphone,PERSON-000576,iOS,2023-02-22,2023-02-22,true
DEVICE-007029,Tablet,PERSON-000576,Android,2023-02-22,2023-02-22,true
DEVICE-007030,Feature Phone,PERSON-000063,iOS,2023-02-22,2023-02-22,true
DEVICE-007031,Tablet,PERSON-000904,Android,2023-02-22,2023-02-22,true
DEVICE-007032,Feature Phone,PERSON-000904,iOS,2023-02-22,2023-02-22,true
DEVICE-007033,Tablet,PERSON-000584,iOS,2023-02-22,2023-02-22,true
DEVICE-007034,Feature Phone,PERSON-000697,iOS,2023-02-22,2023-02-22,true
DEVICE-007035,Tablet,PERSON-000230,iOS,2023-02-22,2023-02-22,true
DEVICE-007036,Feature Phone,PERSON-000230,Android,2023-02-22,2023-02-22,true
DEVICE-007037,Smartphone,PERSON-000081,Android,2023-02-02,2023-02-02,true
DEVICE-007038,Tablet,PERSON-001259,iOS,2023-02-02,2023-02-02,true
DEVICE-007039,Tablet,PERSON-001259,iOS,2023-02-02,2023-02-02,true
DEVICE-007040,Smartphone,PERSON-000850,Android,2023-02-02,2023-02-02,true
DEVICE-007041,Feature Phone,PERSON-001861,iOS,2023-02-02,2023-02-02,true
DEVICE-007042,Smartphone,PERSON-002574,iOS,2023-02-02,2023-02-02,true
DEVICE-007043,Tablet,PERSON-000063,Android,2023-02-02,2023-02-02,true
DEVICE-007044,Feature Phone,PERSON-002757,iOS,2023-02-02,2023-02-02,true
DEVICE-007045,Tablet,PERSON-000825,Android,2023-03-25,2023-03-25,true
DEVICE-007046,Tablet,PERSON-002017,iOS,2023-03-25,2023-03-25,true
DEVICE-007047,Smartphone,PERSON-002017,Android,2023-03-25,2023-03-25,true
DEVICE-007048,Smartphone,PERSON-001578,Android,2023-03-25,2023-03-25,true
DEVICE-007049,Feature Phone,PERSON-002393,iOS,2023-03-25,2023-03-25,true
DEVICE-007050,Feature Phone,PERSON-001847,Android,2023-03-25,2023-03-25,true
DEVICE-007051,Tablet,PERSON-001847,Android,2023-03-25,2023-03-25,true
DEVICE-007052,Feature Phone,PERSON-001029,Android,2023-03-25,2023-03-25,true
DEVICE-007053,Tablet,PERSON-001029,iOS,2023-03-25,2023-03-25,true
DEVICE-007054,Tablet,PERSON-002393,Android,2023-04-26,2023-04-26,true
DEVICE-007055,Feature Phone,PERSON-001780,Android,2023-04-26,2023-04-26,true
DEVICE-007056,Feature Phone,PERSON-002846,iOS,2023-04-26,2023-04-26,true
DEVICE-007057,Feature Phone,PERSON-002846,Android,2023-04-26,2023-04-26,true
DEVICE-007058,Smartphone,PERSON-002408,iOS,2023-04-26,2023-04-26,true
DEVICE-007059,Feature Phone,PERSON-002408,iOS,2023-04-26,2023-04-26,true
DEVICE-007060,Feature Phone,PERSON-000488,Android,2023-04-26,2023-04-26,true
DEVICE-007061,Smartphone,PERSON-002304,Android,2023-04-26,2023-04-26,true
DEVICE-007062,Tablet,PERSON-001691,Android,2023-04-26,2023-04-26,true
DEVICE-007063,Smartphone,PERSON-002821,Android,2023-06-12,2023-06-12,true
DEVICE-007064,Tablet,PERSON-001558,Android,2023-06-12,2023-06-12,true
DEVICE-007065,Tablet,PERSON-000540,iOS,2023-06-12,2023-06-12,true
DEVICE-007066,Feature Phone,PERSON-001474,Android,2023-06-12,2023-06-12,true
DEVICE-007067,Smartphone,PERSON-002900,Android,2023-06-12,2023-06-12,true
DEVICE-007068,Feature Phone,PERSON-000180,Android,2023-06-12,2023-06-12,true
DEVICE-007069,Tablet,PERSON-001610,Android,2023-06-12,2023-06-12,true
DEVICE-007070,Tablet,PERSON-002060,Android,2023-06-12,2023-06-12,true
DEVICE-007071,Smartphone,PERSON-002060,iOS,2023-06-12,2023-06-12,true
DEVICE-007072,Feature Phone,PERSON-002618,Android,2023-06-12,2023-06-12,true
DEVICE-007073,Smartphone,PERSON-000440,iOS,2023-06-12,2023-06-12,true
DEVICE-007074,Smartphone,PERSON-001757,Android,2023-06-12,2023-06-12,true
DEVICE-007075,Tablet,PERSON-000479,Android,2023-04-19,2023-04-19,true
DEVICE-007076,Smartphone,PERSON-000575,iOS,2023-04-19,2023-04-19,true
DEVICE-007077,Tablet,PERSON-000497,Android,2023-04-19,2023-04-19,true
DEVICE-007078,Feature Phone,PERSON-002507,Android,2023-04-19,2023-04-19,true
DEVICE-007079,Tablet,PERSON-001686,iOS,2023-04-19,2023-04-19,true
DEVICE-007080,Feature Phone,PERSON-000676,iOS,2023-04-19,2023-04-19,true
DEVICE-007081,Smartphone,PERSON-002901,iOS,2023-04-19,2023-04-19,true
DEVICE-007082,Smartphone,PERSON-002124,iOS,2023-04-19,2023-04-19,true
DEVICE-007083,Smartphone,PERSON-002124,Android,2023-04-19,2023-04-19,true
DEVICE-007084,Feature Phone,PERSON-000393,Android,2023-04-19,2023-04-19,true
DEVICE-007085,Feature Phone,PERSON-001589,iOS,2023-04-19,2023-04-19,true
DEVICE-007086,Smartphone,PERSON-001311,iOS,2023-04-19,2023-04-19,true
DEVICE-007087,Tablet,PERSON-001544,Android,2023-12-15,2023-12-15,true
DEVICE-007088,Smartphone,PERSON-001992,iOS,2023-12-15,2023-12-15,true
DEVICE-007089,Tablet,PERSON-000083,iOS,2023-12-15,2023-12-15,true
DEVICE-007090,Feature Phone,PERSON-000621,iOS,2023-12-15,2023-12-15,true
DEVICE-007091,Tablet,PERSON-000621,Android,2023-12-15,2023-12-15,true
DEVICE-007092,Smartphone,PERSON-000488,iOS,2023-12-15,2023-12-15,true
DEVICE-007093,Smartphone,PERSON-000488,iOS,2023-12-15,2023-12-15,true
DEVICE-007094,Smartphone,PERSON-002745,Android,2023-12-15,2023-12-15,true
DEVICE-007095,Feature Phone,PERSON-001182,iOS,2023-01-09,2023-01-09,true
DEVICE-007096,Smartphone,PERSON-002847,iOS,2023-01-09,2023-01-09,true
DEVICE-007097,Smartphone,PERSON-001890,iOS,2023-01-09,2023-01-09,true
DEVICE-007098,Feature Phone,PERSON-002164,Android,2023-01-09,2023-01-09,true
DEVICE-007099,Feature Phone,PERSON-002164,Android,2023-01-09,2023-01-09,true
DEVICE-007100,Feature Phone,PERSON-001419,Android,2023-07-19,2023-07-19,true
DEVICE-007101,Tablet,PERSON-000121,Android,2023-07-19,2023-07-19,true
DEVICE-007102,Tablet,PERSON-000121,Android,2023-07-19,2023-07-19,true
DEVICE-007103,Smartphone,PERSON-001172,Android,2023-07-19,2023-07-19,true
DEVICE-007104,Feature Phone,PERSON-002066,Android,2023-07-19,2023-07-19,true
DEVICE-007105,Feature Phone,PERSON-001805,iOS,2023-07-19,2023-07-19,true
DEVICE-007106,Smartphone,PERSON-002132,Android,2023-07-19,2023-07-19,true
DEVICE-007107,Tablet,PERSON-001301,iOS,2023-07-19,2023-07-19,true
DEVICE-007108,Smartphone,PERSON-002197,iOS,2023-07-19,2023-07-19,true
DEVICE-007109,Feature Phone,PERSON-002197,iOS,2023-07-19,2023-07-19,true
DEVICE-007110,Feature Phone,PERSON-000096,Android,2023-07-19,2023-07-19,true
DEVICE-007111,Tablet,PERSON-001863,Android,2023-07-19,2023-07-19,true
DEVICE-007112,Feature Phone,PERSON-001863,iOS,2023-07-19,2023-07-19,true
DEVICE-007113,Feature Phone,PERSON-000682,iOS,2023-11-13,2023-11-13,true
DEVICE-007114,Smartphone,PERSON-001343,iOS,2023-11-13,2023-11-13,true
DEVICE-007115,Feature Phone,PERSON-000948,iOS,2023-11-13,2023-11-13,true
DEVICE-007116,Feature Phone,PERSON-000948,iOS,2023-11-13,2023-11-13,true
DEVICE-007117,Tablet,PERSON-000106,iOS,2023-11-13,2023-11-13,true
DEVICE-007118,Tablet,PERSON-000230,Android,2023-11-13,2023-11-13,true
DEVICE-007119,Tablet,PERSON-000230,Android,2023-11-13,2023-11-13,true
DEVICE-007120,Feature Phone,PERSON-000584,iOS,2023-11-13,2023-11-13,true
DEVICE-007121,Tablet,PERSON-000783,Android,2023-05-11,2023-05-11,true
DEVICE-007122,Smartphone,PERSON-000524,iOS,2023-05-11,2023-05-11,true
DEVICE-007123,Smartphone,PERSON-001007,iOS,2023-05-11,2023-05-11,true
DEVICE-007124,Feature Phone,PERSON-001007,Android,2023-05-11,2023-05-11,true
DEVICE-007125,Tablet,PERSON-001679,iOS,2023-05-11,2023-05-11,true
DEVICE-007126,Tablet,PERSON-001679,iOS,2023-05-11,2023-05-11,true
DEVICE-007127,Tablet,PERSON-002017,iOS,2023-05-11,2023-05-11,true
DEVICE-007128,Feature Phone,PERSON-000763,iOS,2023-05-11,2023-05-11,true
DEVICE-007129,Tablet,PERSON-002821,Android,2023-01-27,2023-01-27,true
DEVICE-007130,Smartphone,PERSON-001474,Android,2023-01-27,2023-01-27,true
DEVICE-007131,Tablet,PERSON-002900,Android,2023-01-27,2023-01-27,true
DEVICE-007132,Feature Phone,PERSON-002900,Android,2023-01-27,2023-01-27,true
DEVICE-007133,Smartphone,PERSON-001115,iOS,2023-01-27,2023-01-27,true
DEVICE-007134,Smartphone,PERSON-001384,iOS,2023-01-27,2023-01-27,true
DEVICE-007135,Feature Phone,PERSON-002060,iOS,2023-01-27,2023-01-27,true
DEVICE-007136,Smartphone,PERSON-000440,Android,2023-01-27,2023-01-27,true
DEVICE-007137,Smartphone,PERSON-000440,Android,2023-01-27,2023-01-27,true
DEVICE-007138,Tablet,PERSON-002675,iOS,2023-12-23,2023-12-23,true
DEVICE-007139,Smartphone,PERSON-001343,Android,2023-12-23,2023-12-23,true
DEVICE-007140,Feature Phone,PERSON-002835,Android,2023-12-23,2023-12-23,true
DEVICE-007141,Feature Phone,PERSON-000948,Android,2023-12-23,2023-12-23,true
DEVICE-007142,Smartphone,PERSON-000576,Android,2023-12-23,2023-12-23,true
DEVICE-007143,Feature Phone,PERSON-002757,iOS,2023-12-23,2023-12-23,true
DEVICE-007144,Tablet,PERSON-002006,Android,2023-12-23,2023-12-23,true
DEVICE-007145,Tablet,PERSON-000106,iOS,2023-12-23,2023-12-23,true
DEVICE-007146,Feature Phone,PERSON-000697,Android,2023-12-23,2023-12-23,true
DEVICE-007147,Feature Phone,PERSON-002715,Android,2023-12-23,2023-12-23,true
DEVICE-007148,Feature Phone,PERSON-001419,Android,2023-01-06,2023-01-06,true
DEVICE-007149,Tablet,PERSON-000092,Android,2023-01-06,2023-01-06,true
DEVICE-007150,Feature Phone,PERSON-000092,iOS,2023-01-06,2023-01-06,true
DEVICE-007151,Feature Phone,PERSON-000423,Android,2023-01-06,2023-01-06,true
DEVICE-007152,Smartphone,PERSON-000423,Android,2023-01-06,2023-01-06,true
DEVICE-007153,Smartphone,PERSON-002771,iOS,2023-01-06,2023-01-06,true
DEVICE-007154,Feature Phone,PERSON-002077,Android,2023-01-06,2023-01-06,true
DEVICE-007155,Tablet,PERSON-000288,iOS,2023-01-06,2023-01-06,true
DEVICE-007156,Feature Phone,PERSON-002418,Android,2023-01-06,2023-01-06,true
DEVICE-007157,Tablet,PERSON-000540,Android,2023-11-30,2023-11-30,true
DEVICE-007158,Feature Phone,PERSON-000180,iOS,2023-11-30,2023-11-30,true
DEVICE-007159,Tablet,PERSON-001610,Android,2023-11-30,2023-11-30,true
DEVICE-007160,Tablet,PERSON-000267,iOS,2023-11-30,2023-11-30,true
DEVICE-007161,Feature Phone,PERSON-000792,Android,2023-11-30,2023-11-30,true
DEVICE-007162,Feature Phone,PERSON-002900,iOS,2023-11-30,2023-11-30,true
DEVICE-007163,Feature Phone,PERSON-002900,iOS,2023-11-30,2023-11-30,true
DEVICE-007164,Feature Phone,PERSON-001667,iOS,2023-11-18,2023-11-18,true
DEVICE-007165,Tablet,PERSON-000146,iOS,2023-11-18,2023-11-18,true
DEVICE-007166,Feature Phone,PERSON-001558,Android,2023-11-18,2023-11-18,true
DEVICE-007167,Feature Phone,PERSON-000351,iOS,2023-11-18,2023-11-18,true
DEVICE-007168,Tablet,PERSON-002750,iOS,2023-11-18,2023-11-18,true
DEVICE-007169,Smartphone,PERSON-001589,iOS,2023-11-18,2023-11-18,true
DEVICE-007170,Tablet,PERSON-000648,iOS,2023-06-22,2023-06-22,true
DEVICE-007171,Feature Phone,PERSON-001536,Android,2023-06-22,2023-06-22,true
DEVICE-007172,Tablet,PERSON-001706,Android,2023-06-22,2023-06-22,true
DEVICE-007173,Tablet,PERSON-000647,Android,2023-06-22,2023-06-22,true
DEVICE-007174,Feature Phone,PERSON-000895,iOS,2023-06-22,2023-06-22,true
DEVICE-007175,Tablet,PERSON-001788,iOS,2023-06-22,2023-06-22,true
DEVICE-007176,Feature Phone,PERSON-000259,Android,2023-06-22,2023-06-22,true
DEVICE-007177,Tablet,PERSON-000898,iOS,2023-06-22,2023-06-22,true
DEVICE-007178,Feature Phone,PERSON-002846,Android,2023-06-22,2023-06-22,true
DEVICE-007179,Smartphone,PERSON-000106,iOS,2023-06-22,2023-06-22,true
DEVICE-007180,Feature Phone,PERSON-000506,Android,2023-03-13,2023-03-13,true
DEVICE-007181,Tablet,PERSON-000832,iOS,2023-03-13,2023-03-13,true
DEVICE-007182,Smartphone,PERSON-002576,Android,2023-03-13,2023-03-13,true
DEVICE-007183,Smartphone,PERSON-002576,Android,2023-03-13,2023-03-13,true
DEVICE-007184,Tablet,PERSON-000046,Android,2023-03-13,2023-03-13,true
DEVICE-007185,Smartphone,PERSON-000920,iOS,2023-03-13,2023-03-13,true
DEVICE-007186,Feature Phone,PERSON-000390,iOS,2023-03-13,2023-03-13,true
DEVICE-007187,Feature Phone,PERSON-002660,iOS,2023-03-13,2023-03-13,true
DEVICE-007188,Smartphone,PERSON-000544,Android,2023-03-13,2023-03-13,true
DEVICE-007189,Tablet,PERSON-001337,Android,2023-03-13,2023-03-13,true
DEVICE-007190,Feature Phone,PERSON-001334,Android,2023-05-27,2023-05-27,true
DEVICE-007191,Tablet,PERSON-000943,Android,2023-05-27,2023-05-27,true
DEVICE-007192,Smartphone,PERSON-000943,iOS,2023-05-27,2023-05-27,true
DEVICE-007193,Feature Phone,PERSON-002846,Android,2023-05-27,2023-05-27,true
DEVICE-007194,Smartphone,PERSON-002846,iOS,2023-05-27,2023-05-27,true
DEVICE-007195,Tablet,PERSON-002122,Android,2023-05-27,2023-05-27,true
DEVICE-007196,Tablet,PERSON-001847,iOS,2023-05-27,2023-05-27,true
DEVICE-007197,Tablet,PERSON-001847,iOS,2023-05-27,2023-05-27,true
DEVICE-007198,Tablet,PERSON-000784,iOS,2023-03-08,2023-03-08,true
DEVICE-007199,Feature Phone,PERSON-000784,Android,2023-03-08,2023-03-08,true
DEVICE-007200,Smartphone,PERSON-001131,Android,2023-03-08,2023-03-08,true
DEVICE-007201,Feature Phone,PERSON-001182,Android,2023-03-08,2023-03-08,true
DEVICE-007202,Smartphone,PERSON-000622,Android,2023-03-08,2023-03-08,true
DEVICE-007203,Smartphone,PERSON-000074,iOS,2023-03-08,2023-03-08,true
DEVICE-007204,Tablet,PERSON-002499,iOS,2023-03-08,2023-03-08,true
DEVICE-007205,Feature Phone,PERSON-002215,Android,2023-03-08,2023-03-08,true
DEVICE-007206,Smartphone,PERSON-000081,Android,2023-12-31,2023-12-31,true
DEVICE-007207,Smartphone,PERSON-001259,iOS,2023-12-31,2023-12-31,true
DEVICE-007208,Feature Phone,PERSON-000850,Android,2023-12-31,2023-12-31,true
DEVICE-007209,Smartphone,PERSON-001861,iOS,2023-12-31,2023-12-31,true
DEVICE-007210,Feature Phone,PERSON-001861,iOS,2023-12-31,2023-12-31,true
DEVICE-007211,Smartphone,PERSON-002574,Android,2023-12-31,2023-12-31,true
DEVICE-007212,Tablet,PERSON-000863,Android,2023-12-31,2023-12-31,true
DEVICE-007213,Feature Phone,PERSON-000863,iOS,2023-12-31,2023-12-31,true
DEVICE-007214,Smartphone,PERSON-000063,iOS,2023-12-31,2023-12-31,true
DEVICE-007215,Tablet,PERSON-002757,Android,2023-12-31,2023-12-31,true
DEVICE-007216,Tablet,PERSON-001589,iOS,2023-12-31,2023-12-31,true
DEVICE-007217,Smartphone,PERSON-001757,Android,2023-12-31,2023-12-31,true
DEVICE-007218,Smartphone,PERSON-001757,Android,2023-12-31,2023-12-31,true
DEVICE-007219,Feature Phone,PERSON-001544,Android,2023-02-05,2023-02-05,true
DEVICE-007220,Tablet,PERSON-002873,iOS,2023-02-05,2023-02-05,true
DEVICE-007221,Feature Phone,PERSON-002999,iOS,2023-02-05,2023-02-05,true
DEVICE-007222,Tablet,PERSON-000921,iOS,2023-02-05,2023-02-05,true
DEVICE-007223,Feature Phone,PERSON-001965,iOS,2023-02-05,2023-02-05,true
DEVICE-007224,Tablet,PERSON-001780,iOS,2023-02-05,2023-02-05,true
DEVICE-007225,Feature Phone,PERSON-000083,Android,2023-02-05,2023-02-05,true
DEVICE-007226,Smartphone,PERSON-001543,Android,2023-02-05,2023-02-05,true
DEVICE-007227,Feature Phone,PERSON-001543,iOS,2023-02-05,2023-02-05,true
DEVICE-007228,Tablet,PERSON-002745,iOS,2023-02-05,2023-02-05,true
DEVICE-007229,Feature Phone,PERSON-000765,iOS,2023-02-05,2023-02-05,true
DEVICE-007230,Feature Phone,PERSON-000260,Android,2023-07-01,2023-07-01,true
DEVICE-007231,Smartphone,PERSON-000245,iOS,2023-07-01,2023-07-01,true
DEVICE-007232,Smartphone,PERSON-001780,Android,2023-07-01,2023-07-01,true
DEVICE-007233,Feature Phone,PERSON-002368,Android,2023-07-01,2023-07-01,true
DEVICE-007234,Feature Phone,PERSON-002846,iOS,2023-07-01,2023-07-01,true
DEVICE-007235,Smartphone,PERSON-000374,Android,2023-07-01,2023-07-01,true
DEVICE-007236,Tablet,PERSON-001578,Android,2023-07-01,2023-07-01,true
DEVICE-007237,Tablet,PERSON-002304,Android,2023-07-01,2023-07-01,true
DEVICE-007238,Smartphone,PERSON-002558,iOS,2023-12-11,2023-12-11,true
DEVICE-007239,Tablet,PERSON-000717,Android,2023-12-11,2023-12-11,true
DEVICE-007240,Smartphone,PERSON-000667,iOS,2023-12-11,2023-12-11,true
DEVICE-007241,Tablet,PERSON-001234,Android,2023-12-11,2023-12-11,true
DEVICE-007242,Tablet,PERSON-000130,Android,2023-12-11,2023-12-11,true
DEVICE-007243,Feature Phone,PERSON-000130,Android,2023-12-11,2023-12-11,true
DEVICE-007244,Tablet,PERSON-001890,iOS,2023-12-11,2023-12-11,true
DEVICE-007245,Tablet,PERSON-000405,Android,2023-12-11,2023-12-11,true
DEVICE-007246,Tablet,PERSON-000074,Android,2023-12-11,2023-12-11,true
DEVICE-007247,Smartphone,PERSON-000540,Android,2023-05-31,2023-05-31,true
DEVICE-007248,Tablet,PERSON-001474,iOS,2023-05-31,2023-05-31,true
DEVICE-007249,Feature Phone,PERSON-001115,Android,2023-05-31,2023-05-31,true
DEVICE-007250,Feature Phone,PERSON-002275,iOS,2023-05-31,2023-05-31,true
DEVICE-007251,Tablet,PERSON-000180,iOS,2023-05-31,2023-05-31,true
DEVICE-007252,Smartphone,PERSON-001610,iOS,2023-05-31,2023-05-31,true
DEVICE-007253,Tablet,PERSON-000267,Android,2023-05-31,2023-05-31,true
DEVICE-007254,Feature Phone,PERSON-000792,Android,2023-05-31,2023-05-31,true
DEVICE-007255,Tablet,PERSON-001664,iOS,2023-05-10,2023-05-10,true
DEVICE-007256,Feature Phone,PERSON-001343,iOS,2023-05-10,2023-05-10,true
DEVICE-007257,Feature Phone,PERSON-002998,iOS,2023-05-10,2023-05-10,true
DEVICE-007258,Feature Phone,PERSON-002998,Android,2023-05-10,2023-05-10,true
DEVICE-007259,Smartphone,PERSON-002835,iOS,2023-05-10,2023-05-10,true
DEVICE-007260,Feature Phone,PERSON-001315,iOS,2023-05-10,2023-05-10,true
DEVICE-007261,Smartphone,PERSON-001315,Android,2023-05-10,2023-05-10,true
DEVICE-007262,Smartphone,PERSON-000904,Android,2023-05-10,2023-05-10,true
DEVICE-007263,Tablet,PERSON-000697,Android,2023-05-10,2023-05-10,true
DEVICE-007264,Tablet,PERSON-000230,Android,2023-05-10,2023-05-10,true
DEVICE-007265,Feature Phone,PERSON-002715,iOS,2023-05-10,2023-05-10,true
DEVICE-007266,Tablet,PERSON-002715,Android,2023-05-10,2023-05-10,true
DEVICE-007267,Tablet,PERSON-000682,Android,2023-10-12,2023-10-12,true
DEVICE-007268,Feature Phone,PERSON-002737,Android,2023-10-12,2023-10-12,true
DEVICE-007269,Feature Phone,PERSON-002737,Android,2023-10-12,2023-10-12,true
DEVICE-007270,Feature Phone,PERSON-001805,Android,2023-10-12,2023-10-12,true
DEVICE-007271,Feature Phone,PERSON-000275,Android,2023-10-12,2023-10-12,true
DEVICE-007272,Feature Phone,PERSON-001481,iOS,2023-10-12,2023-10-12,true
DEVICE-007273,Smartphone,PERSON-002068,Android,2023-10-12,2023-10-12,true
DEVICE-007274,Smartphone,PERSON-000032,Android,2023-10-12,2023-10-12,true
DEVICE-007275,Smartphone,PERSON-002675,iOS,2023-11-04,2023-11-04,true
DEVICE-007276,Feature Phone,PERSON-002438,iOS,2023-11-04,2023-11-04,true
DEVICE-007277,Smartphone,PERSON-001363,Android,2023-11-04,2023-11-04,true
DEVICE-007278,Smartphone,PERSON-000060,iOS,2023-11-04,2023-11-04,true
DEVICE-007279,Smartphone,PERSON-000060,Android,2023-11-04,2023-11-04,true
DEVICE-007280,Tablet,PERSON-002896,iOS,2023-11-04,2023-11-04,true
DEVICE-007281,Feature Phone,PERSON-001107,iOS,2023-11-04,2023-11-04,true
DEVICE-007282,Feature Phone,PERSON-001558,Android,2023-04-14,2023-04-14,true
DEVICE-007283,Feature Phone,PERSON-002900,iOS,2023-04-14,2023-04-14,true
DEVICE-007284,Feature Phone,PERSON-000180,iOS,2023-04-14,2023-04-14,true
DEVICE-007285,Smartphone,PERSON-001367,Android,2023-04-14,2023-04-14,true
DEVICE-007286,Feature Phone,PERSON-002060,iOS,2023-04-14,2023-04-14,true
DEVICE-007287,Tablet,PERSON-000440,iOS,2023-04-14,2023-04-14,true
DEVICE-007288,Feature Phone,PERSON-001664,Android,2023-08-11,2023-08-11,true
DEVICE-007289,Feature Phone,PERSON-002675,iOS,2023-08-11,2023-08-11,true
DEVICE-007290,Smartphone,PERSON-001343,Android,2023-08-11,2023-08-11,true
DEVICE-007291,Tablet,PERSON-000948,Android,2023-08-11,2023-08-11,true
DEVICE-007292,Tablet,PERSON-000576,Android,2023-08-11,2023-08-11,true
DEVICE-007293,Feature Phone,PERSON-000576,iOS,2023-08-11,2023-08-11,true
DEVICE-007294,Smartphone,PERSON-002408,Android,2023-08-11,2023-08-11,true
DEVICE-007295,Tablet,PERSON-001210,iOS,2023-08-24,2023-08-24,true
DEVICE-007296,Feature Phone,PERSON-000146,iOS,2023-08-24,2023-08-24,true
DEVICE-007297,Tablet,PERSON-000146,iOS,2023-08-24,2023-08-24,true
DEVICE-007298,Smartphone,PERSON-001558,Android,2023-08-24,2023-08-24,true
DEVICE-007299,Feature Phone,PERSON-002750,Android,2023-08-24,2023-08-24,true
DEVICE-007300,Smartphone,PERSON-001041,Android,2023-08-24,2023-08-24,true
DEVICE-007301,Feature Phone,PERSON-001589,iOS,2023-08-24,2023-08-24,true
DEVICE-007302,Tablet,PERSON-001589,Android,2023-08-24,2023-08-24,true
DEVICE-007303,Smartphone,PERSON-001258,Android,2023-08-24,2023-08-24,true
DEVICE-007304,Tablet,PERSON-001670,Android,2023-08-24,2023-08-24,true
DEVICE-007305,Tablet,PERSON-001558,Android,2023-09-27,2023-09-27,true
DEVICE-007306,Feature Phone,PERSON-002821,Android,2023-09-27,2023-09-27,true
DEVICE-007307,Feature Phone,PERSON-000540,iOS,2023-09-27,2023-09-27,true
DEVICE-007308,Tablet,PERSON-001115,Android,2023-09-27,2023-09-27,true
DEVICE-007309,Tablet,PERSON-000180,Android,2023-09-27,2023-09-27,true
DEVICE-007310,Smartphone,PERSON-000180,Android,2023-09-27,2023-09-27,true
DEVICE-007311,Smartphone,PERSON-000267,iOS,2023-09-27,2023-09-27,true
DEVICE-007312,Feature Phone,PERSON-000792,Android,2023-09-27,2023-09-27,true
DEVICE-007313,Tablet,PERSON-000792,Android,2023-09-27,2023-09-27,true
DEVICE-007314,Tablet,PERSON-002618,Android,2023-09-27,2023-09-27,true
DEVICE-007315,Tablet,PERSON-000440,Android,2023-09-27,2023-09-27,true
DEVICE-007316,Feature Phone,PERSON-000440,Android,2023-09-27,2023-09-27,true
DEVICE-007317,Smartphone,PERSON-000611,iOS,2023-06-21,2023-06-21,true
DEVICE-007318,Tablet,PERSON-000886,Android,2023-06-21,2023-06-21,true
DEVICE-007319,Tablet,PERSON-000886,iOS,2023-06-21,2023-06-21,true
DEVICE-007320,Smartphone,PERSON-000140,iOS,2023-06-21,2023-06-21,true
DEVICE-007321,Smartphone,PERSON-002847,Android,2023-06-21,2023-06-21,true
DEVICE-007322,Tablet,PERSON-001480,iOS,2023-06-21,2023-06-21,true
DEVICE-007323,Tablet,PERSON-002922,Android,2023-06-21,2023-06-21,true
DEVICE-007324,Feature Phone,PERSON-000611,Android,2023-01-01,2023-01-01,true
DEVICE-007325,Tablet,PERSON-001596,Android,2023-01-01,2023-01-01,true
DEVICE-007326,Smartphone,PERSON-002438,iOS,2023-01-01,2023-01-01,true
DEVICE-007327,Smartphone,PERSON-001131,iOS,2023-01-01,2023-01-01,true
DEVICE-007328,Feature Phone,PERSON-001131,iOS,2023-01-01,2023-01-01,true
DEVICE-007329,Tablet,PERSON-000635,iOS,2023-01-01,2023-01-01,true
DEVICE-007330,Smartphone,PERSON-000635,iOS,2023-01-01,2023-01-01,true
DEVICE-007331,Smartphone,PERSON-000886,Android,2023-01-01,2023-01-01,true
DEVICE-007332,Smartphone,PERSON-002896,iOS,2023-01-01,2023-01-01,true
DEVICE-007333,Tablet,PERSON-002713,Android,2023-01-01,2023-01-01,true
DEVICE-007334,Tablet,PERSON-002847,iOS,2023-01-01,2023-01-01,true
DEVICE-007335,Tablet,PERSON-002847,Android,2023-01-01,2023-01-01,true
DEVICE-007336,Smartphone,PERSON-001480,Android,2023-01-01,2023-01-01,true
DEVICE-007337,Tablet,PERSON-001480,Android,2023-01-01,2023-01-01,true
DEVICE-007338,Tablet,PERSON-000449,Android,2023-10-08,2023-10-08,true
DEVICE-007339,Smartphone,PERSON-001066,Android,2023-10-08,2023-10-08,true
DEVICE-007340,Smartphone,PERSON-001066,iOS,2023-10-08,2023-10-08,true
DEVICE-007341,Tablet,PERSON-000540,Android,2023-10-08,2023-10-08,true
DEVICE-007342,Tablet,PERSON-000540,iOS,2023-10-08,2023-10-08,true
DEVICE-007343,Feature Phone,PERSON-001194,Android,2023-10-08,2023-10-08,true
DEVICE-007344,Smartphone,PERSON-002034,iOS,2023-10-08,2023-10-08,true
DEVICE-007345,Feature Phone,PERSON-001648,Android,2023-10-08,2023-10-08,true
DEVICE-007346,Feature Phone,PERSON-002970,Android,2023-10-08,2023-10-08,true
DEVICE-007347,Tablet,PERSON-002371,iOS,2023-10-08,2023-10-08,true
DEVICE-007348,Feature Phone,PERSON-002517,Android,2023-06-02,2023-06-02,true
DEVICE-007349,Smartphone,PERSON-002279,iOS,2023-06-02,2023-06-02,true
DEVICE-007350,Smartphone,PERSON-000538,Android,2023-06-02,2023-06-02,true
DEVICE-007351,Smartphone,PERSON-001544,iOS,2023-06-02,2023-06-02,true
DEVICE-007352,Smartphone,PERSON-001898,Android,2023-06-02,2023-06-02,true
DEVICE-007353,Feature Phone,PERSON-001540,Android,2023-06-02,2023-06-02,true
DEVICE-007354,Tablet,PERSON-000863,Android,2023-06-02,2023-06-02,true
DEVICE-007355,Feature Phone,PERSON-000863,Android,2023-06-02,2023-06-02,true
DEVICE-007356,Tablet,PERSON-002999,Android,2023-06-02,2023-06-02,true
DEVICE-007357,Smartphone,PERSON-000488,iOS,2023-06-02,2023-06-02,true
DEVICE-007358,Feature Phone,PERSON-000488,iOS,2023-06-02,2023-06-02,true
DEVICE-007359,Smartphone,PERSON-002745,Android,2023-06-02,2023-06-02,true
DEVICE-007360,Tablet,PERSON-002745,iOS,2023-06-02,2023-06-02,true
DEVICE-007361,Tablet,PERSON-002517,iOS,2023-10-05,2023-10-05,true
DEVICE-007362,Feature Phone,PERSON-002020,Android,2023-10-05,2023-10-05,true
DEVICE-007363,Tablet,PERSON-002873,Android,2023-10-05,2023-10-05,true
DEVICE-007364,Feature Phone,PERSON-001992,iOS,2023-10-05,2023-10-05,true
DEVICE-007365,Feature Phone,PERSON-000083,Android,2023-10-05,2023-10-05,true
DEVICE-007366,Smartphone,PERSON-001543,Android,2023-10-05,2023-10-05,true
DEVICE-007367,Tablet,PERSON-002745,iOS,2023-10-05,2023-10-05,true
DEVICE-007368,Tablet,PERSON-000357,iOS,2023-10-05,2023-10-05,true
DEVICE-007369,Tablet,PERSON-000081,Android,2023-04-06,2023-04-06,true
DEVICE-007370,Smartphone,PERSON-001259,iOS,2023-04-06,2023-04-06,true
DEVICE-007371,Smartphone,PERSON-000850,iOS,2023-04-06,2023-04-06,true
DEVICE-007372,Tablet,PERSON-002034,Android,2023-04-06,2023-04-06,true
DEVICE-007373,Smartphone,PERSON-002034,iOS,2023-04-06,2023-04-06,true
DEVICE-007374,Feature Phone,PERSON-000863,Android,2023-04-06,2023-04-06,true
DEVICE-007375,Smartphone,PERSON-000063,iOS,2023-04-06,2023-04-06,true
DEVICE-007376,Feature Phone,PERSON-002757,Android,2023-04-06,2023-04-06,true
DEVICE-007377,Smartphone,PERSON-001589,Android,2023-04-06,2023-04-06,true
DEVICE-007378,Smartphone,PERSON-001544,Android,2023-04-27,2023-04-27,true
DEVICE-007379,Tablet,PERSON-001544,iOS,2023-04-27,2023-04-27,true
DEVICE-007380,Feature Phone,PERSON-001898,Android,2023-04-27,2023-04-27,true
DEVICE-007381,Feature Phone,PERSON-001540,Android,2023-04-27,2023-04-27,true
DEVICE-007382,Tablet,PERSON-001543,Android,2023-04-27,2023-04-27,true
DEVICE-007383,Smartphone,PERSON-000765,Android,2023-04-27,2023-04-27,true
DEVICE-007384,Tablet,PERSON-000357,iOS,2023-04-27,2023-04-27,true
DEVICE-007385,Tablet,PERSON-001107,Android,2023-04-27,2023-04-27,true
DEVICE-007386,Smartphone,PERSON-001861,iOS,2023-05-06,2023-05-06,true
DEVICE-007387,Tablet,PERSON-000769,Android,2023-05-06,2023-05-06,true
DEVICE-007388,Smartphone,PERSON-000597,Android,2023-05-06,2023-05-06,true
DEVICE-007389,Feature Phone,PERSON-001507,Android,2023-05-06,2023-05-06,true
DEVICE-007390,Smartphone,PERSON-001507,iOS,2023-05-06,2023-05-06,true
DEVICE-007391,Smartphone,PERSON-002879,Android,2023-05-06,2023-05-06,true
DEVICE-007392,Feature Phone,PERSON-002879,Android,2023-05-06,2023-05-06,true
DEVICE-007393,Feature Phone,PERSON-000046,Android,2023-05-06,2023-05-06,true
DEVICE-007394,Feature Phone,PERSON-000927,Android,2023-05-06,2023-05-06,true
DEVICE-007395,Smartphone,PERSON-000927,Android,2023-05-06,2023-05-06,true
DEVICE-007396,Feature Phone,PERSON-000390,Android,2023-05-06,2023-05-06,true
DEVICE-007397,Smartphone,PERSON-002660,iOS,2023-05-06,2023-05-06,true
DEVICE-007398,Tablet,PERSON-001873,Android,2023-05-06,2023-05-06,true
DEVICE-007399,Tablet,PERSON-002335,Android,2023-05-06,2023-05-06,true
DEVICE-007400,Smartphone,PERSON-000682,Android,2023-12-13,2023-12-13,true
DEVICE-007401,Feature Phone,PERSON-000682,Android,2023-12-13,2023-12-13,true
DEVICE-007402,Smartphone,PERSON-002737,Android,2023-12-13,2023-12-13,true
DEVICE-007403,Smartphone,PERSON-000042,Android,2023-12-13,2023-12-13,true
DEVICE-007404,Tablet,PERSON-000473,iOS,2023-12-13,2023-12-13,true
DEVICE-007405,Tablet,PERSON-002068,iOS,2023-12-13,2023-12-13,true
DEVICE-007406,Feature Phone,PERSON-000165,Android,2023-12-13,2023-12-13,true
DEVICE-007407,Smartphone,PERSON-001589,Android,2023-12-13,2023-12-13,true
DEVICE-007408,Smartphone,PERSON-000032,Android,2023-12-13,2023-12-13,true
DEVICE-007409,Smartphone,PERSON-000245,iOS,2023-02-01,2023-02-01,true
DEVICE-007410,Smartphone,PERSON-001780,Android,2023-02-01,2023-02-01,true
DEVICE-007411,Smartphone,PERSON-001780,Android,2023-02-01,2023-02-01,true
DEVICE-007412,Feature Phone,PERSON-001747,Android,2023-02-01,2023-02-01,true
DEVICE-007413,Feature Phone,PERSON-001747,Android,2023-02-01,2023-02-01,true
DEVICE-007414,Tablet,PERSON-002846,Android,2023-02-01,2023-02-01,true
DEVICE-007415,Smartphone,PERSON-002408,iOS,2023-02-01,2023-02-01,true
DEVICE-007416,Tablet,PERSON-000374,Android,2023-02-01,2023-02-01,true
DEVICE-007417,Feature Phone,PERSON-001578,Android,2023-02-01,2023-02-01,true
DEVICE-007418,Tablet,PERSON-002304,iOS,2023-02-01,2023-02-01,true
DEVICE-007419,Tablet,PERSON-002393,iOS,2023-02-01,2023-02-01,true
DEVICE-007420,Feature Phone,PERSON-001847,iOS,2023-02-01,2023-02-01,true
DEVICE-007421,Smartphone,PERSON-001029,iOS,2023-02-01,2023-02-01,true
DEVICE-007422,Tablet,PERSON-001667,iOS,2023-08-20,2023-08-20,true
DEVICE-007423,Smartphone,PERSON-001210,iOS,2023-08-20,2023-08-20,true
DEVICE-007424,Smartphone,PERSON-001558,iOS,2023-08-20,2023-08-20,true
DEVICE-007425,Smartphone,PERSON-001558,Android,2023-08-20,2023-08-20,true
DEVICE-007426,Smartphone,PERSON-000351,iOS,2023-08-20,2023-08-20,true
DEVICE-007427,Smartphone,PERSON-002750,Android,2023-08-20,2023-08-20,true
DEVICE-007428,Smartphone,PERSON-001589,iOS,2023-08-20,2023-08-20,true
DEVICE-007429,Feature Phone,PERSON-001670,iOS,2023-08-20,2023-08-20,true
DEVICE-007430,Tablet,PERSON-001670,iOS,2023-08-20,2023-08-20,true
DEVICE-007431,Smartphone,PERSON-002215,Android,2023-08-20,2023-08-20,true
DEVICE-007432,Feature Phone,PERSON-000081,Android,2023-05-12,2023-05-12,true
DEVICE-007433,Tablet,PERSON-000081,iOS,2023-05-12,2023-05-12,true
DEVICE-007434,Feature Phone,PERSON-000850,Android,2023-05-12,2023-05-12,true
DEVICE-007435,Tablet,PERSON-000850,iOS,2023-05-12,2023-05-12,true
DEVICE-007436,Smartphone,PERSON-001861,Android,2023-05-12,2023-05-12,true
DEVICE-007437,Tablet,PERSON-001861,Android,2023-05-12,2023-05-12,true
DEVICE-007438,Smartphone,PERSON-002574,iOS,2023-05-12,2023-05-12,true
DEVICE-007439,Feature Phone,PERSON-000863,Android,2023-05-12,2023-05-12,true
DEVICE-007440,Smartphone,PERSON-000063,iOS,2023-05-12,2023-05-12,true
DEVICE-007441,Feature Phone,PERSON-002757,iOS,2023-05-12,2023-05-12,true
DEVICE-007442,Tablet,PERSON-001589,iOS,2023-05-12,2023-05-12,true
DEVICE-007443,Feature Phone,PERSON-002517,iOS,2023-09-06,2023-09-06,true
DEVICE-007444,Feature Phone,PERSON-002020,iOS,2023-09-06,2023-09-06,true
DEVICE-007445,Smartphone,PERSON-000538,Android,2023-09-06,2023-09-06,true
DEVICE-007446,Tablet,PERSON-000538,Android,2023-09-06,2023-09-06,true
DEVICE-007447,Tablet,PERSON-001544,Android,2023-09-06,2023-09-06,true
DEVICE-007448,Smartphone,PERSON-002873,iOS,2023-09-06,2023-09-06,true
DEVICE-007449,Smartphone,PERSON-001898,Android,2023-09-06,2023-09-06,true
DEVICE-007450,Smartphone,PERSON-002745,iOS,2023-09-06,2023-09-06,true
DEVICE-007451,Tablet,PERSON-001205,Android,2023-09-06,2023-09-06,true
DEVICE-007452,Tablet,PERSON-001343,iOS,2023-03-02,2023-03-02,true
DEVICE-007453,Tablet,PERSON-001343,iOS,2023-03-02,2023-03-02,true
DEVICE-007454,Smartphone,PERSON-002998,Android,2023-03-02,2023-03-02,true
DEVICE-007455,Feature Phone,PERSON-002835,iOS,2023-03-02,2023-03-02,true
DEVICE-007456,Feature Phone,PERSON-000948,iOS,2023-03-02,2023-03-02,true
DEVICE-007457,Tablet,PERSON-000106,Android,2023-03-02,2023-03-02,true
DEVICE-007458,Smartphone,PERSON-000697,iOS,2023-03-02,2023-03-02,true
DEVICE-007459,Tablet,PERSON-001596,iOS,2023-09-30,2023-09-30,true
DEVICE-007460,Smartphone,PERSON-001363,Android,2023-09-30,2023-09-30,true
DEVICE-007461,Tablet,PERSON-001480,Android,2023-09-30,2023-09-30,true
DEVICE-007462,Feature Phone,PERSON-001480,Android,2023-09-30,2023-09-30,true
DEVICE-007463,Feature Phone,PERSON-002896,iOS,2023-09-30,2023-09-30,true
DEVICE-007464,Feature Phone,PERSON-002896,Android,2023-09-30,2023-09-30,true
DEVICE-007465,Feature Phone,PERSON-001758,iOS,2023-09-30,2023-09-30,true
DEVICE-007466,Feature Phone,PERSON-002847,iOS,2023-09-30,2023-09-30,true
DEVICE-007467,Smartphone,PERSON-000635,Android,2023-09-30,2023-09-30,true
DEVICE-007468,Feature Phone,PERSON-000146,iOS,2023-07-19,2023-07-19,true
DEVICE-007469,Feature Phone,PERSON-001667,Android,2023-07-19,2023-07-19,true
DEVICE-007470,Smartphone,PERSON-001210,Android,2023-07-19,2023-07-19,true
DEVICE-007471,Tablet,PERSON-001558,iOS,2023-07-19,2023-07-19,true
DEVICE-007472,Feature Phone,PERSON-001558,Android,2023-07-19,2023-07-19,true
DEVICE-007473,Feature Phone,PERSON-000351,Android,2023-07-19,2023-07-19,true
DEVICE-007474,Smartphone,PERSON-000351,iOS,2023-07-19,2023-07-19,true
DEVICE-007475,Tablet,PERSON-002835,iOS,2023-07-19,2023-07-19,true
DEVICE-007476,Smartphone,PERSON-002835,Android,2023-07-19,2023-07-19,true
DEVICE-007477,Feature Phone,PERSON-002750,Android,2023-07-19,2023-07-19,true
DEVICE-007478,Tablet,PERSON-001041,iOS,2023-07-19,2023-07-19,true
DEVICE-007479,Tablet,PERSON-001589,Android,2023-07-19,2023-07-19,true
DEVICE-007480,Feature Phone,PERSON-001670,Android,2023-07-19,2023-07-19,true
DEVICE-007481,Tablet,PERSON-001670,iOS,2023-07-19,2023-07-19,true
DEVICE-007482,Tablet,PERSON-001259,iOS,2023-07-08,2023-07-08,true
DEVICE-007483,Smartphone,PERSON-001861,iOS,2023-07-08,2023-07-08,true
DEVICE-007484,Tablet,PERSON-001521,Android,2023-07-08,2023-07-08,true
DEVICE-007485,Smartphone,PERSON-000863,iOS,2023-07-08,2023-07-08,true
DEVICE-007486,Smartphone,PERSON-002757,iOS,2023-07-08,2023-07-08,true
DEVICE-007487,Smartphone,PERSON-001589,Android,2023-07-08,2023-07-08,true
DEVICE-007488,Tablet,PERSON-001558,Android,2023-11-29,2023-11-29,true
DEVICE-007489,Smartphone,PERSON-002821,Android,2023-11-29,2023-11-29,true
DEVICE-007490,Tablet,PERSON-001115,Android,2023-11-29,2023-11-29,true
DEVICE-007491,Smartphone,PERSON-000180,Android,2023-11-29,2023-11-29,true
DEVICE-007492,Feature Phone,PERSON-001059,iOS,2023-11-29,2023-11-29,true
DEVICE-007493,Feature Phone,PERSON-002618,Android,2023-11-29,2023-11-29,true
DEVICE-007494,Feature Phone,PERSON-000440,Android,2023-11-29,2023-11-29,true
DEVICE-007495,Tablet,PERSON-002517,iOS,2023-02-16,2023-02-16,true
DEVICE-007496,Smartphone,PERSON-000538,Android,2023-02-16,2023-02-16,true
DEVICE-007497,Feature Phone,PERSON-001544,Android,2023-02-16,2023-02-16,true
DEVICE-007498,Feature Phone,PERSON-001544,Android,2023-02-16,2023-02-16,true
DEVICE-007499,Feature Phone,PERSON-001540,Android,2023-02-16,2023-02-16,true
DEVICE-007500,Smartphone,PERSON-001965,Android,2023-02-16,2023-02-16,true
DEVICE-007501,Tablet,PERSON-001992,iOS,2023-02-16,2023-02-16,true
DEVICE-007502,Feature Phone,PERSON-000863,Android,2023-02-16,2023-02-16,true
DEVICE-007503,Feature Phone,PERSON-000032,iOS,2023-02-16,2023-02-16,true
DEVICE-007504,Tablet,PERSON-002745,iOS,2023-02-16,2023-02-16,true
DEVICE-007505,Smartphone,PERSON-002438,Android,2023-09-06,2023-09-06,true
DEVICE-007506,Tablet,PERSON-000222,iOS,2023-09-06,2023-09-06,true
DEVICE-007507,Tablet,PERSON-001363,iOS,2023-09-06,2023-09-06,true
DEVICE-007508,Tablet,PERSON-002713,iOS,2023-09-06,2023-09-06,true
DEVICE-007509,Tablet,PERSON-001480,iOS,2023-09-06,2023-09-06,true
DEVICE-007510,Tablet,PERSON-000492,Android,2023-01-22,2023-01-22,true
DEVICE-007511,Smartphone,PERSON-000342,Android,2023-01-22,2023-01-22,true
DEVICE-007512,Feature Phone,PERSON-001059,Android,2023-01-22,2023-01-22,true
DEVICE-007513,Feature Phone,PERSON-001059,iOS,2023-01-22,2023-01-22,true
DEVICE-007514,Feature Phone,PERSON-000144,iOS,2023-01-22,2023-01-22,true
DEVICE-007515,Tablet,PERSON-002122,iOS,2023-01-22,2023-01-22,true
DEVICE-007516,Feature Phone,PERSON-000305,Android,2023-01-22,2023-01-22,true
DEVICE-007517,Tablet,PERSON-001830,iOS,2023-01-22,2023-01-22,true
DEVICE-007518,Smartphone,PERSON-000146,Android,2023-02-19,2023-02-19,true
DEVICE-007519,Feature Phone,PERSON-000906,iOS,2023-02-19,2023-02-19,true
DEVICE-007520,Tablet,PERSON-000047,iOS,2023-02-19,2023-02-19,true
DEVICE-007521,Tablet,PERSON-002938,Android,2023-02-19,2023-02-19,true
DEVICE-007522,Feature Phone,PERSON-002938,Android,2023-02-19,2023-02-19,true
DEVICE-007523,Tablet,PERSON-000217,Android,2023-02-19,2023-02-19,true
DEVICE-007524,Smartphone,PERSON-001768,Android,2023-02-19,2023-02-19,true
DEVICE-007525,Feature Phone,PERSON-002205,Android,2023-02-19,2023-02-19,true
DEVICE-007526,Smartphone,PERSON-000613,iOS,2023-02-19,2023-02-19,true
DEVICE-007527,Tablet,PERSON-000613,iOS,2023-02-19,2023-02-19,true
DEVICE-007528,Tablet,PERSON-001542,Android,2023-03-21,2023-03-21,true
DEVICE-007529,Tablet,PERSON-002331,iOS,2023-03-21,2023-03-21,true
DEVICE-007530,Tablet,PERSON-000979,Android,2023-03-21,2023-03-21,true
DEVICE-007531,Feature Phone,PERSON-000979,iOS,2023-03-21,2023-03-21,true
DEVICE-007532,Tablet,PERSON-002087,Android,2023-03-21,2023-03-21,true
DEVICE-007533,Feature Phone,PERSON-002499,Android,2023-03-21,2023-03-21,true
DEVICE-007534,Smartphone,PERSON-002499,Android,2023-03-21,2023-03-21,true
DEVICE-007535,Tablet,PERSON-002689,Android,2023-03-21,2023-03-21,true
DEVICE-007536,Smartphone,PERSON-002517,iOS,2023-05-01,2023-05-01,true
DEVICE-007537,Smartphone,PERSON-002517,iOS,2023-05-01,2023-05-01,true
DEVICE-007538,Feature Phone,PERSON-000538,Android,2023-05-01,2023-05-01,true
DEVICE-007539,Smartphone,PERSON-002873,Android,2023-05-01,2023-05-01,true
DEVICE-007540,Tablet,PERSON-001898,iOS,2023-05-01,2023-05-01,true
DEVICE-007541,Feature Phone,PERSON-002745,Android,2023-05-01,2023-05-01,true
DEVICE-007542,Tablet,PERSON-000765,Android,2023-05-01,2023-05-01,true
DEVICE-007543,Tablet,PERSON-000357,Android,2023-05-01,2023-05-01,true
DEVICE-007544,Feature Phone,PERSON-000506,iOS,2023-04-09,2023-04-09,true
DEVICE-007545,Feature Phone,PERSON-002039,iOS,2023-04-09,2023-04-09,true
DEVICE-007546,Feature Phone,PERSON-000906,Android,2023-04-09,2023-04-09,true
DEVICE-007547,Tablet,PERSON-000769,Android,2023-04-09,2023-04-09,true
DEVICE-007548,Smartphone,PERSON-000860,Android,2023-04-09,2023-04-09,true
DEVICE-007549,Smartphone,PERSON-000860,Android,2023-04-09,2023-04-09,true
DEVICE-007550,Tablet,PERSON-000817,Android,2023-04-09,2023-04-09,true
DEVICE-007551,Tablet,PERSON-000062,Android,2023-04-09,2023-04-09,true
DEVICE-007552,Feature Phone,PERSON-002879,iOS,2023-04-09,2023-04-09,true
DEVICE-007553,Tablet,PERSON-000405,Android,2023-04-09,2023-04-09,true
DEVICE-007554,Tablet,PERSON-002872,iOS,2023-04-09,2023-04-09,true
DEVICE-007555,Feature Phone,PERSON-000979,iOS,2023-04-09,2023-04-09,true
DEVICE-007556,Tablet,PERSON-001873,iOS,2023-04-09,2023-04-09,true
DEVICE-007557,Feature Phone,PERSON-001873,Android,2023-04-09,2023-04-09,true
DEVICE-007558,Tablet,PERSON-001581,Android,2023-04-09,2023-04-09,true
DEVICE-007559,Feature Phone,PERSON-000544,iOS,2023-04-09,2023-04-09,true
DEVICE-007560,Tablet,PERSON-000544,Android,2023-04-09,2023-04-09,true
DEVICE-007561,Smartphone,PERSON-001774,Android,2023-11-21,2023-11-21,true
DEVICE-007562,Feature Phone,PERSON-000419,Android,2023-11-21,2023-11-21,true
DEVICE-007563,Feature Phone,PERSON-000419,iOS,2023-11-21,2023-11-21,true
DEVICE-007564,Feature Phone,PERSON-002737,Android,2023-11-21,2023-11-21,true
DEVICE-007565,Smartphone,PERSON-000366,iOS,2023-11-21,2023-11-21,true
DEVICE-007566,Tablet,PERSON-000407,Android,2023-11-21,2023-11-21,true
DEVICE-007567,Feature Phone,PERSON-002094,Android,2023-11-21,2023-11-21,true
DEVICE-007568,Tablet,PERSON-002105,Android,2023-11-21,2023-11-21,true
DEVICE-007569,Feature Phone,PERSON-000096,Android,2023-11-21,2023-11-21,true
DEVICE-007570,Feature Phone,PERSON-000096,iOS,2023-11-21,2023-11-21,true
DEVICE-007571,Tablet,PERSON-000784,Android,2023-11-09,2023-11-09,true
DEVICE-007572,Smartphone,PERSON-000784,iOS,2023-11-09,2023-11-09,true
DEVICE-007573,Tablet,PERSON-000717,iOS,2023-11-09,2023-11-09,true
DEVICE-007574,Feature Phone,PERSON-000717,Android,2023-11-09,2023-11-09,true
DEVICE-007575,Tablet,PERSON-000580,Android,2023-11-09,2023-11-09,true
DEVICE-007576,Smartphone,PERSON-000405,iOS,2023-11-09,2023-11-09,true
DEVICE-007577,Smartphone,PERSON-000405,iOS,2023-11-09,2023-11-09,true
DEVICE-007578,Tablet,PERSON-000622,Android,2023-11-09,2023-11-09,true
DEVICE-007579,Smartphone,PERSON-002164,Android,2023-11-09,2023-11-09,true
DEVICE-007580,Feature Phone,PERSON-002499,Android,2023-11-09,2023-11-09,true
DEVICE-007581,Tablet,PERSON-000154,Android,2023-11-09,2023-11-09,true
DEVICE-007582,Smartphone,PERSON-002675,Android,2023-02-24,2023-02-24,true
DEVICE-007583,Feature Phone,PERSON-001807,Android,2023-02-24,2023-02-24,true
DEVICE-007584,Smartphone,PERSON-001807,iOS,2023-02-24,2023-02-24,true
DEVICE-007585,Tablet,PERSON-002835,Android,2023-02-24,2023-02-24,true
DEVICE-007586,Tablet,PERSON-000948,Android,2023-02-24,2023-02-24,true
DEVICE-007587,Feature Phone,PERSON-001315,iOS,2023-02-24,2023-02-24,true
DEVICE-007588,Tablet,PERSON-001315,iOS,2023-02-24,2023-02-24,true
DEVICE-007589,Smartphone,PERSON-002757,Android,2023-02-24,2023-02-24,true
DEVICE-007590,Tablet,PERSON-000904,Android,2023-02-24,2023-02-24,true
DEVICE-007591,Smartphone,PERSON-000904,iOS,2023-02-24,2023-02-24,true
DEVICE-007592,Tablet,PERSON-000106,Android,2023-02-24,2023-02-24,true
DEVICE-007593,Smartphone,PERSON-000697,iOS,2023-02-24,2023-02-24,true
DEVICE-007594,Smartphone,PERSON-000584,Android,2023-02-24,2023-02-24,true
DEVICE-007595,Feature Phone,PERSON-000584,iOS,2023-02-24,2023-02-24,true
DEVICE-007596,Tablet,PERSON-001774,Android,2023-02-10,2023-02-10,true
DEVICE-007597,Smartphone,PERSON-000407,Android,2023-02-10,2023-02-10,true
DEVICE-007598,Tablet,PERSON-001381,iOS,2023-02-10,2023-02-10,true
DEVICE-007599,Feature Phone,PERSON-000207,iOS,2023-02-10,2023-02-10,true
DEVICE-007600,Tablet,PERSON-002068,Android,2023-02-10,2023-02-10,true
DEVICE-007601,Feature Phone,PERSON-002068,iOS,2023-02-10,2023-02-10,true
DEVICE-007602,Smartphone,PERSON-000111,Android,2023-02-10,2023-02-10,true
DEVICE-007603,Tablet,PERSON-001558,Android,2023-08-19,2023-08-19,true
DEVICE-007604,Tablet,PERSON-001262,Android,2023-08-19,2023-08-19,true
DEVICE-007605,Feature Phone,PERSON-000180,Android,2023-08-19,2023-08-19,true
DEVICE-007606,Smartphone,PERSON-000267,Android,2023-08-19,2023-08-19,true
DEVICE-007607,Smartphone,PERSON-000792,iOS,2023-08-19,2023-08-19,true
DEVICE-007608,Smartphone,PERSON-000207,Android,2023-08-19,2023-08-19,true
DEVICE-007609,Smartphone,PERSON-002900,Android,2023-08-19,2023-08-19,true
DEVICE-007610,Smartphone,PERSON-000440,Android,2023-08-19,2023-08-19,true
DEVICE-007611,Tablet,PERSON-001558,iOS,2023-05-17,2023-05-17,true
DEVICE-007612,Tablet,PERSON-000540,iOS,2023-05-17,2023-05-17,true
DEVICE-007613,Feature Phone,PERSON-002835,iOS,2023-05-17,2023-05-17,true
DEVICE-007614,Feature Phone,PERSON-002900,Android,2023-05-17,2023-05-17,true
DEVICE-007615,Tablet,PERSON-000180,iOS,2023-05-17,2023-05-17,true
DEVICE-007616,Tablet,PERSON-001610,iOS,2023-05-17,2023-05-17,true
DEVICE-007617,Smartphone,PERSON-000792,Android,2023-05-17,2023-05-17,true
DEVICE-007618,Feature Phone,PERSON-000792,iOS,2023-05-17,2023-05-17,true
DEVICE-007619,Tablet,PERSON-002060,Android,2023-05-17,2023-05-17,true
DEVICE-007620,Feature Phone,PERSON-000611,Android,2023-03-10,2023-03-10,true
DEVICE-007621,Smartphone,PERSON-001596,Android,2023-03-10,2023-03-10,true
DEVICE-007622,Feature Phone,PERSON-002770,iOS,2023-03-10,2023-03-10,true
DEVICE-007623,Smartphone,PERSON-000886,iOS,2023-03-10,2023-03-10,true
DEVICE-007624,Smartphone,PERSON-000886,Android,2023-03-10,2023-03-10,true
DEVICE-007625,Feature Phone,PERSON-002713,iOS,2023-03-10,2023-03-10,true
DEVICE-007626,Smartphone,PERSON-000497,iOS,2023-03-10,2023-03-10,true
DEVICE-007627,Tablet,PERSON-002847,iOS,2023-03-10,2023-03-10,true
DEVICE-007628,Feature Phone,PERSON-002847,Android,2023-03-10,2023-03-10,true
DEVICE-007629,Feature Phone,PERSON-001847,iOS,2023-03-10,2023-03-10,true
DEVICE-007630,Feature Phone,PERSON-001480,iOS,2023-03-10,2023-03-10,true
DEVICE-007631,Smartphone,PERSON-000943,iOS,2023-12-01,2023-12-01,true
DEVICE-007632,Feature Phone,PERSON-001780,iOS,2023-12-01,2023-12-01,true
DEVICE-007633,Smartphone,PERSON-002846,iOS,2023-12-01,2023-12-01,true
DEVICE-007634,Smartphone,PERSON-000374,Android,2023-12-01,2023-12-01,true
DEVICE-007635,Feature Phone,PERSON-000374,Android,2023-12-01,2023-12-01,true
DEVICE-007636,Tablet,PERSON-002304,iOS,2023-12-01,2023-12-01,true
DEVICE-007637,Tablet,PERSON-002393,iOS,2023-12-01,2023-12-01,true
DEVICE-007638,Feature Phone,PERSON-001847,iOS,2023-12-01,2023-12-01,true
DEVICE-007639,Smartphone,PERSON-001847,Android,2023-12-01,2023-12-01,true
DEVICE-007640,Feature Phone,PERSON-001542,Android,2023-11-04,2023-11-04,true
DEVICE-007641,Feature Phone,PERSON-002675,iOS,2023-11-04,2023-11-04,true
DEVICE-007642,Tablet,PERSON-002675,Android,2023-11-04,2023-11-04,true
DEVICE-007643,Feature Phone,PERSON-002438,Android,2023-11-04,2023-11-04,true
DEVICE-007644,Smartphone,PERSON-000832,Android,2023-11-04,2023-11-04,true
DEVICE-007645,Feature Phone,PERSON-000886,Android,2023-11-04,2023-11-04,true
DEVICE-007646,Smartphone,PERSON-000497,iOS,2023-11-04,2023-11-04,true
DEVICE-007647,Feature Phone,PERSON-002713,Android,2023-11-04,2023-11-04,true
DEVICE-007648,Tablet,PERSON-002847,iOS,2023-11-04,2023-11-04,true
DEVICE-007649,Smartphone,PERSON-002847,Android,2023-11-04,2023-11-04,true
DEVICE-007650,Feature Phone,PERSON-000635,iOS,2023-11-04,2023-11-04,true
DEVICE-007651,Smartphone,PERSON-002922,iOS,2023-11-04,2023-11-04,true
DEVICE-007652,Feature Phone,PERSON-000769,Android,2023-12-17,2023-12-17,true
DEVICE-007653,Feature Phone,PERSON-000769,iOS,2023-12-17,2023-12-17,true
DEVICE-007654,Tablet,PERSON-002879,iOS,2023-12-17,2023-12-17,true
DEVICE-007655,Smartphone,PERSON-002879,iOS,2023-12-17,2023-12-17,true
DEVICE-007656,Smartphone,PERSON-000920,iOS,2023-12-17,2023-12-17,true
DEVICE-007657,Tablet,PERSON-000390,iOS,2023-12-17,2023-12-17,true
DEVICE-007658,Feature Phone,PERSON-000927,Android,2023-12-17,2023-12-17,true
DEVICE-007659,Tablet,PERSON-000216,Android,2023-12-17,2023-12-17,true
DEVICE-007660,Tablet,PERSON-001326,Android,2023-12-17,2023-12-17,true
DEVICE-007661,Smartphone,PERSON-001326,iOS,2023-12-17,2023-12-17,true
DEVICE-007662,Smartphone,PERSON-002335,iOS,2023-12-17,2023-12-17,true
DEVICE-007663,Feature Phone,PERSON-000544,Android,2023-12-17,2023-12-17,true
DEVICE-007664,Tablet,PERSON-000611,iOS,2023-01-10,2023-01-10,true
DEVICE-007665,Smartphone,PERSON-001542,iOS,2023-01-10,2023-01-10,true
DEVICE-007666,Smartphone,PERSON-002675,Android,2023-01-10,2023-01-10,true
DEVICE-007667,Feature Phone,PERSON-000366,iOS,2023-01-10,2023-01-10,true
DEVICE-007668,Feature Phone,PERSON-001363,iOS,2023-01-10,2023-01-10,true
DEVICE-007669,Tablet,PERSON-000497,Android,2023-01-10,2023-01-10,true
DEVICE-007670,Smartphone,PERSON-000497,iOS,2023-01-10,2023-01-10,true
DEVICE-007671,Tablet,PERSON-002847,iOS,2023-01-10,2023-01-10,true
DEVICE-007672,Tablet,PERSON-002847,Android,2023-01-10,2023-01-10,true
DEVICE-007673,Feature Phone,PERSON-001480,Android,2023-01-10,2023-01-10,true
DEVICE-007674,Tablet,PERSON-001480,iOS,2023-01-10,2023-01-10,true
DEVICE-007675,Smartphone,PERSON-002922,Android,2023-01-10,2023-01-10,true
DEVICE-007676,Feature Phone,PERSON-002136,iOS,2023-01-30,2023-01-30,true
DEVICE-007677,Tablet,PERSON-002136,Android,2023-01-30,2023-01-30,true
DEVICE-007678,Smartphone,PERSON-002558,iOS,2023-01-30,2023-01-30,true
DEVICE-007679,Tablet,PERSON-002558,iOS,2023-01-30,2023-01-30,true
DEVICE-007680,Smartphone,PERSON-000784,iOS,2023-01-30,2023-01-30,true
DEVICE-007681,Tablet,PERSON-002704,iOS,2023-01-30,2023-01-30,true
DEVICE-007682,Feature Phone,PERSON-001890,iOS,2023-01-30,2023-01-30,true
DEVICE-007683,Tablet,PERSON-000405,Android,2023-01-30,2023-01-30,true
DEVICE-007684,Smartphone,PERSON-002164,iOS,2023-01-30,2023-01-30,true
DEVICE-007685,Tablet,PERSON-002499,iOS,2023-01-30,2023-01-30,true
DEVICE-007686,Feature Phone,PERSON-002499,Android,2023-01-30,2023-01-30,true
DEVICE-007687,Tablet,PERSON-000154,Android,2023-01-30,2023-01-30,true
DEVICE-007688,Smartphone,PERSON-002609,iOS,2023-10-29,2023-10-29,true
DEVICE-007689,Tablet,PERSON-000473,iOS,2023-10-29,2023-10-29,true
DEVICE-007690,Tablet,PERSON-000047,iOS,2023-10-29,2023-10-29,true
DEVICE-007691,Tablet,PERSON-002938,Android,2023-10-29,2023-10-29,true
DEVICE-007692,Tablet,PERSON-000279,Android,2023-10-29,2023-10-29,true
DEVICE-007693,Smartphone,PERSON-000217,Android,2023-10-29,2023-10-29,true
DEVICE-007694,Tablet,PERSON-000217,iOS,2023-10-29,2023-10-29,true
DEVICE-007695,Feature Phone,PERSON-002223,Android,2023-10-29,2023-10-29,true
DEVICE-007696,Tablet,PERSON-001768,iOS,2023-10-29,2023-10-29,true
DEVICE-007697,Smartphone,PERSON-000556,Android,2023-10-29,2023-10-29,true
DEVICE-007698,Tablet,PERSON-002205,Android,2023-10-29,2023-10-29,true
DEVICE-007699,Feature Phone,PERSON-002205,iOS,2023-10-29,2023-10-29,true
DEVICE-007700,Feature Phone,PERSON-002737,iOS,2023-04-26,2023-04-26,true
DEVICE-007701,Tablet,PERSON-000473,iOS,2023-04-26,2023-04-26,true
DEVICE-007702,Smartphone,PERSON-000042,Android,2023-04-26,2023-04-26,true
DEVICE-007703,Tablet,PERSON-000042,Android,2023-04-26,2023-04-26,true
DEVICE-007704,Feature Phone,PERSON-000275,Android,2023-04-26,2023-04-26,true
DEVICE-007705,Feature Phone,PERSON-000032,iOS,2023-04-26,2023-04-26,true
DEVICE-007706,Feature Phone,PERSON-001141,Android,2023-04-26,2023-04-26,true
DEVICE-007707,Feature Phone,PERSON-000540,Android,2023-08-02,2023-08-02,true
DEVICE-007708,Feature Phone,PERSON-001262,Android,2023-08-02,2023-08-02,true
DEVICE-007709,Feature Phone,PERSON-000792,iOS,2023-08-02,2023-08-02,true
DEVICE-007710,Tablet,PERSON-002618,Android,2023-08-02,2023-08-02,true
DEVICE-007711,Feature Phone,PERSON-001757,iOS,2023-08-02,2023-08-02,true
DEVICE-007712,Smartphone,PERSON-001425,Android,2023-05-10,2023-05-10,true
DEVICE-007713,Feature Phone,PERSON-002558,Android,2023-05-10,2023-05-10,true
DEVICE-007714,Tablet,PERSON-000397,Android,2023-05-10,2023-05-10,true
DEVICE-007715,Smartphone,PERSON-000717,iOS,2023-05-10,2023-05-10,true
DEVICE-007716,Tablet,PERSON-000667,Android,2023-05-10,2023-05-10,true
DEVICE-007717,Tablet,PERSON-001234,iOS,2023-05-10,2023-05-10,true
DEVICE-007718,Smartphone,PERSON-000622,Android,2023-05-10,2023-05-10,true
DEVICE-007719,Feature Phone,PERSON-002004,iOS,2023-05-10,2023-05-10,true
DEVICE-007720,Smartphone,PERSON-002215,iOS,2023-05-10,2023-05-10,true
DEVICE-007721,Smartphone,PERSON-001558,Android,2023-08-03,2023-08-03,true
DEVICE-007722,Feature Phone,PERSON-000540,iOS,2023-08-03,2023-08-03,true
DEVICE-007723,Smartphone,PERSON-001474,iOS,2023-08-03,2023-08-03,true
DEVICE-007724,Tablet,PERSON-001474,Android,2023-08-03,2023-08-03,true
DEVICE-007725,Tablet,PERSON-001115,Android,2023-08-03,2023-08-03,true
DEVICE-007726,Feature Phone,PERSON-001262,Android,2023-08-03,2023-08-03,true
DEVICE-007727,Feature Phone,PERSON-000267,iOS,2023-08-03,2023-08-03,true
DEVICE-007728,Smartphone,PERSON-000267,Android,2023-08-03,2023-08-03,true
DEVICE-007729,Tablet,PERSON-002900,iOS,2023-08-03,2023-08-03,true
DEVICE-007730,Smartphone,PERSON-001757,Android,2023-08-03,2023-08-03,true
DEVICE-007731,Tablet,PERSON-001664,iOS,2023-08-21,2023-08-21,true
DEVICE-007732,Smartphone,PERSON-001664,iOS,2023-08-21,2023-08-21,true
DEVICE-007733,Feature Phone,PERSON-002675,Android,2023-08-21,2023-08-21,true
DEVICE-007734,Feature Phone,PERSON-002835,Android,2023-08-21,2023-08-21,true
DEVICE-007735,Feature Phone,PERSON-002835,iOS,2023-08-21,2023-08-21,true
DEVICE-007736,Smartphone,PERSON-001805,iOS,2023-08-21,2023-08-21,true
DEVICE-007737,Tablet,PERSON-001805,Android,2023-08-21,2023-08-21,true
DEVICE-007738,Smartphone,PERSON-000948,iOS,2023-08-21,2023-08-21,true
DEVICE-007739,Tablet,PERSON-002757,Android,2023-08-21,2023-08-21,true
DEVICE-007740,Feature Phone,PERSON-000106,Android,2023-08-21,2023-08-21,true
DEVICE-007741,Smartphone,PERSON-000230,iOS,2023-08-21,2023-08-21,true
DEVICE-007742,Tablet,PERSON-002715,iOS,2023-08-21,2023-08-21,true
DEVICE-007743,Smartphone,PERSON-002715,iOS,2023-08-21,2023-08-21,true
DEVICE-007744,Tablet,PERSON-000862,Android,2023-04-02,2023-04-02,true
DEVICE-007745,Tablet,PERSON-000407,Android,2023-04-02,2023-04-02,true
DEVICE-007746,Tablet,PERSON-002417,iOS,2023-04-02,2023-04-02,true
DEVICE-007747,Feature Phone,PERSON-001687,iOS,2023-04-02,2023-04-02,true
DEVICE-007748,Tablet,PERSON-001758,Android,2023-04-02,2023-04-02,true
DEVICE-007749,Smartphone,PERSON-002105,iOS,2023-04-02,2023-04-02,true
DEVICE-007750,Smartphone,PERSON-000207,Android,2023-04-02,2023-04-02,true
DEVICE-007751,Smartphone,PERSON-000111,Android,2023-04-02,2023-04-02,true
DEVICE-007752,Smartphone,PERSON-000103,iOS,2023-04-02,2023-04-02,true
DEVICE-007753,Tablet,PERSON-000103,Android,2023-04-02,2023-04-02,true
DEVICE-007754,Tablet,PERSON-001869,Android,2023-04-02,2023-04-02,true
DEVICE-007755,Tablet,PERSON-001349,iOS,2023-03-17,2023-03-17,true
DEVICE-007756,Smartphone,PERSON-001457,iOS,2023-03-17,2023-03-17,true
DEVICE-007757,Smartphone,PERSON-002748,Android,2023-03-17,2023-03-17,true
DEVICE-007758,Feature Phone,PERSON-001955,Android,2023-03-17,2023-03-17,true
DEVICE-007759,Smartphone,PERSON-000819,iOS,2023-03-17,2023-03-17,true
DEVICE-007760,Tablet,PERSON-000819,Android,2023-03-17,2023-03-17,true
DEVICE-007761,Smartphone,PERSON-001589,Android,2023-03-17,2023-03-17,true
DEVICE-007762,Feature Phone,PERSON-000898,Android,2023-03-17,2023-03-17,true
DEVICE-007763,Tablet,PERSON-002466,iOS,2023-03-17,2023-03-17,true
DEVICE-007764,Feature Phone,PERSON-001326,Android,2023-03-17,2023-03-17,true
DEVICE-007765,Tablet,PERSON-000943,iOS,2023-11-08,2023-11-08,true
DEVICE-007766,Tablet,PERSON-002397,iOS,2023-11-08,2023-11-08,true
DEVICE-007767,Smartphone,PERSON-001747,Android,2023-11-08,2023-11-08,true
DEVICE-007768,Tablet,PERSON-001747,Android,2023-11-08,2023-11-08,true
DEVICE-007769,Feature Phone,PERSON-002846,Android,2023-11-08,2023-11-08,true
DEVICE-007770,Feature Phone,PERSON-002004,iOS,2023-11-08,2023-11-08,true
DEVICE-007771,Smartphone,PERSON-002304,iOS,2023-11-08,2023-11-08,true
DEVICE-007772,Smartphone,PERSON-001691,iOS,2023-11-08,2023-11-08,true
DEVICE-007773,Feature Phone,PERSON-001847,iOS,2023-11-08,2023-11-08,true
DEVICE-007774,Feature Phone,PERSON-001029,iOS,2023-11-08,2023-11-08,true
DEVICE-007775,Feature Phone,PERSON-001029,Android,2023-11-08,2023-11-08,true
DEVICE-007776,Smartphone,PERSON-001542,iOS,2023-11-29,2023-11-29,true
DEVICE-007777,Smartphone,PERSON-002438,iOS,2023-11-29,2023-11-29,true
DEVICE-007778,Tablet,PERSON-001363,iOS,2023-11-29,2023-11-29,true
DEVICE-007779,Tablet,PERSON-000060,Android,2023-11-29,2023-11-29,true
DEVICE-007780,Tablet,PERSON-000060,iOS,2023-11-29,2023-11-29,true
DEVICE-007781,Feature Phone,PERSON-000832,Android,2023-11-29,2023-11-29,true
DEVICE-007782,Smartphone,PERSON-000635,Android,2023-11-29,2023-11-29,true
DEVICE-007783,Feature Phone,PERSON-000886,iOS,2023-11-29,2023-11-29,true
DEVICE-007784,Tablet,PERSON-002896,Android,2023-11-29,2023-11-29,true
DEVICE-007785,Smartphone,PERSON-000497,Android,2023-11-29,2023-11-29,true
DEVICE-007786,Feature Phone,PERSON-002847,iOS,2023-11-29,2023-11-29,true
DEVICE-007787,Smartphone,PERSON-001847,iOS,2023-11-29,2023-11-29,true
DEVICE-007788,Tablet,PERSON-001847,Android,2023-11-29,2023-11-29,true
DEVICE-007789,Smartphone,PERSON-000081,iOS,2023-08-07,2023-08-07,true
DEVICE-007790,Smartphone,PERSON-000081,Android,2023-08-07,2023-08-07,true
DEVICE-007791,Feature Phone,PERSON-001259,Android,2023-08-07,2023-08-07,true
DEVICE-007792,Feature Phone,PERSON-001861,Android,2023-08-07,2023-08-07,true
DEVICE-007793,Feature Phone,PERSON-002132,iOS,2023-08-07,2023-08-07,true
DEVICE-007794,Feature Phone,PERSON-002574,iOS,2023-08-07,2023-08-07,true
DEVICE-007795,Feature Phone,PERSON-002574,Android,2023-08-07,2023-08-07,true
DEVICE-007796,Feature Phone,PERSON-000063,Android,2023-08-07,2023-08-07,true
DEVICE-007797,Smartphone,PERSON-002757,Android,2023-08-07,2023-08-07,true
DEVICE-007798,Feature Phone,PERSON-001589,iOS,2023-08-07,2023-08-07,true
DEVICE-007799,Smartphone,PERSON-000506,Android,2023-06-29,2023-06-29,true
DEVICE-007800,Feature Phone,PERSON-000092,Android,2023-06-29,2023-06-29,true
DEVICE-007801,Smartphone,PERSON-002576,iOS,2023-06-29,2023-06-29,true
DEVICE-007802,Tablet,PERSON-000979,iOS,2023-06-29,2023-06-29,true
DEVICE-007803,Smartphone,PERSON-000647,iOS,2023-06-29,2023-06-29,true
DEVICE-007804,Smartphone,PERSON-000647,iOS,2023-06-29,2023-06-29,true
DEVICE-007805,Feature Phone,PERSON-001873,iOS,2023-06-29,2023-06-29,true
DEVICE-007806,Feature Phone,PERSON-001337,Android,2023-06-29,2023-06-29,true
DEVICE-007807,Smartphone,PERSON-001367,iOS,2023-06-29,2023-06-29,true
DEVICE-007808,Tablet,PERSON-001367,Android,2023-06-29,2023-06-29,true
DEVICE-007809,Smartphone,PERSON-000106,iOS,2023-06-29,2023-06-29,true
DEVICE-007810,Tablet,PERSON-001894,iOS,2023-06-29,2023-06-29,true
DEVICE-007811,Smartphone,PERSON-001425,Android,2023-01-29,2023-01-29,true
DEVICE-007812,Feature Phone,PERSON-000822,iOS,2023-01-29,2023-01-29,true
DEVICE-007813,Feature Phone,PERSON-002986,Android,2023-01-29,2023-01-29,true
DEVICE-007814,Tablet,PERSON-002759,Android,2023-01-29,2023-01-29,true
DEVICE-007815,Smartphone,PERSON-001507,iOS,2023-01-29,2023-01-29,true
DEVICE-007816,Tablet,PERSON-001071,Android,2023-01-29,2023-01-29,true
DEVICE-007817,Feature Phone,PERSON-002068,iOS,2023-01-29,2023-01-29,true
DEVICE-007818,Feature Phone,PERSON-001578,iOS,2023-01-29,2023-01-29,true
DEVICE-007819,Feature Phone,PERSON-000260,Android,2023-10-16,2023-10-16,true
DEVICE-007820,Tablet,PERSON-001667,iOS,2023-10-16,2023-10-16,true
DEVICE-007821,Feature Phone,PERSON-001667,iOS,2023-10-16,2023-10-16,true
DEVICE-007822,Smartphone,PERSON-000943,iOS,2023-10-16,2023-10-16,true
DEVICE-007823,Tablet,PERSON-000374,iOS,2023-10-16,2023-10-16,true
DEVICE-007824,Smartphone,PERSON-002393,iOS,2023-10-16,2023-10-16,true
DEVICE-007825,Smartphone,PERSON-001847,iOS,2023-10-16,2023-10-16,true
DEVICE-007826,Tablet,PERSON-001334,Android,2023-07-06,2023-07-06,true
DEVICE-007827,Feature Phone,PERSON-001334,iOS,2023-07-06,2023-07-06,true
DEVICE-007828,Smartphone,PERSON-000825,iOS,2023-07-06,2023-07-06,true
DEVICE-007829,Smartphone,PERSON-001780,Android,2023-07-06,2023-07-06,true
DEVICE-007830,Feature Phone,PERSON-002574,Android,2023-07-06,2023-07-06,true
DEVICE-007831,Smartphone,PERSON-002397,Android,2023-07-06,2023-07-06,true
DEVICE-007832,Tablet,PERSON-000374,iOS,2023-07-06,2023-07-06,true
DEVICE-007833,Feature Phone,PERSON-001691,Android,2023-07-06,2023-07-06,true
DEVICE-007834,Tablet,PERSON-001847,Android,2023-07-06,2023-07-06,true
DEVICE-007835,Smartphone,PERSON-001029,iOS,2023-07-06,2023-07-06,true
DEVICE-007836,Feature Phone,PERSON-002517,iOS,2023-04-29,2023-04-29,true
DEVICE-007837,Feature Phone,PERSON-000120,Android,2023-04-29,2023-04-29,true
DEVICE-007838,Tablet,PERSON-000120,iOS,2023-04-29,2023-04-29,true
DEVICE-007839,Tablet,PERSON-000921,Android,2023-04-29,2023-04-29,true
DEVICE-007840,Smartphone,PERSON-001992,Android,2023-04-29,2023-04-29,true
DEVICE-007841,Feature Phone,PERSON-000863,Android,2023-04-29,2023-04-29,true
DEVICE-007842,Feature Phone,PERSON-000488,iOS,2023-04-29,2023-04-29,true
DEVICE-007843,Smartphone,PERSON-000357,Android,2023-04-29,2023-04-29,true
DEVICE-007844,Tablet,PERSON-001944,iOS,2023-07-29,2023-07-29,true
DEVICE-007845,Tablet,PERSON-001478,iOS,2023-07-29,2023-07-29,true
DEVICE-007846,Feature Phone,PERSON-002256,Android,2023-07-29,2023-07-29,true
DEVICE-007847,Tablet,PERSON-000712,iOS,2023-07-29,2023-07-29,true
DEVICE-007848,Smartphone,PERSON-002684,Android,2023-07-29,2023-07-29,true
DEVICE-007849,Tablet,PERSON-000789,iOS,2023-07-29,2023-07-29,true
DEVICE-007850,Tablet,PERSON-001664,Android,2023-12-14,2023-12-14,true
DEVICE-007851,Feature Phone,PERSON-001259,Android,2023-12-14,2023-12-14,true
DEVICE-007852,Feature Phone,PERSON-000850,Android,2023-12-14,2023-12-14,true
DEVICE-007853,Feature Phone,PERSON-002574,Android,2023-12-14,2023-12-14,true
DEVICE-007854,Smartphone,PERSON-000863,Android,2023-12-14,2023-12-14,true
DEVICE-007855,Feature Phone,PERSON-000063,iOS,2023-12-14,2023-12-14,true
DEVICE-007856,Tablet,PERSON-001664,Android,2023-06-05,2023-06-05,true
DEVICE-007857,Feature Phone,PERSON-002675,iOS,2023-06-05,2023-06-05,true
DEVICE-007858,Feature Phone,PERSON-002998,iOS,2023-06-05,2023-06-05,true
DEVICE-007859,Tablet,PERSON-000576,iOS,2023-06-05,2023-06-05,true
DEVICE-007860,Tablet,PERSON-000576,iOS,2023-06-05,2023-06-05,true
DEVICE-007861,Feature Phone,PERSON-001315,iOS,2023-06-05,2023-06-05,true
DEVICE-007862,Smartphone,PERSON-001315,iOS,2023-06-05,2023-06-05,true
DEVICE-007863,Tablet,PERSON-001043,Android,2023-06-05,2023-06-05,true
DEVICE-007864,Smartphone,PERSON-000230,Android,2023-06-05,2023-06-05,true
DEVICE-007865,Tablet,PERSON-000081,iOS,2023-04-08,2023-04-08,true
DEVICE-007866,Smartphone,PERSON-001259,iOS,2023-04-08,2023-04-08,true
DEVICE-007867,Smartphone,PERSON-001259,iOS,2023-04-08,2023-04-08,true
DEVICE-007868,Tablet,PERSON-001861,Android,2023-04-08,2023-04-08,true
DEVICE-007869,Smartphone,PERSON-002574,iOS,2023-04-08,2023-04-08,true
DEVICE-007870,Tablet,PERSON-000863,iOS,2023-04-08,2023-04-08,true
DEVICE-007871,Feature Phone,PERSON-000863,iOS,2023-04-08,2023-04-08,true
DEVICE-007872,Tablet,PERSON-000063,Android,2023-04-08,2023-04-08,true
DEVICE-007873,Smartphone,PERSON-000302,Android,2023-04-08,2023-04-08,true
DEVICE-007874,Tablet,PERSON-000682,iOS,2023-08-23,2023-08-23,true
DEVICE-007875,Smartphone,PERSON-000473,iOS,2023-08-23,2023-08-23,true
DEVICE-007876,Feature Phone,PERSON-000473,Android,2023-08-23,2023-08-23,true
DEVICE-007877,Smartphone,PERSON-000165,Android,2023-08-23,2023-08-23,true
DEVICE-007878,Feature Phone,PERSON-001481,Android,2023-08-23,2023-08-23,true
DEVICE-007879,Tablet,PERSON-000275,iOS,2023-08-23,2023-08-23,true
DEVICE-007880,Tablet,PERSON-000275,Android,2023-08-23,2023-08-23,true
DEVICE-007881,Feature Phone,PERSON-002068,Android,2023-08-23,2023-08-23,true
DEVICE-007882,Smartphone,PERSON-001558,iOS,2023-08-10,2023-08-10,true
DEVICE-007883,Smartphone,PERSON-000540,Android,2023-08-10,2023-08-10,true
DEVICE-007884,Feature Phone,PERSON-000540,iOS,2023-08-10,2023-08-10,true
DEVICE-007885,Smartphone,PERSON-000180,Android,2023-08-10,2023-08-10,true
DEVICE-007886,Tablet,PERSON-000180,iOS,2023-08-10,2023-08-10,true
DEVICE-007887,Smartphone,PERSON-001262,Android,2023-08-10,2023-08-10,true
DEVICE-007888,Feature Phone,PERSON-002060,iOS,2023-08-10,2023-08-10,true
DEVICE-007889,Feature Phone,PERSON-002060,Android,2023-08-10,2023-08-10,true
DEVICE-007890,Smartphone,PERSON-000267,Android,2023-08-10,2023-08-10,true
DEVICE-007891,Feature Phone,PERSON-000267,Android,2023-08-10,2023-08-10,true
DEVICE-007892,Smartphone,PERSON-000792,iOS,2023-08-10,2023-08-10,true
DEVICE-007893,Smartphone,PERSON-002017,iOS,2023-08-10,2023-08-10,true
DEVICE-007894,Smartphone,PERSON-002900,iOS,2023-08-10,2023-08-10,true
DEVICE-007895,Smartphone,PERSON-001757,Android,2023-08-10,2023-08-10,true
DEVICE-007896,Feature Phone,PERSON-000081,Android,2023-10-14,2023-10-14,true
DEVICE-007897,Tablet,PERSON-001259,iOS,2023-10-14,2023-10-14,true
DEVICE-007898,Feature Phone,PERSON-001259,Android,2023-10-14,2023-10-14,true
DEVICE-007899,Tablet,PERSON-000850,iOS,2023-10-14,2023-10-14,true
DEVICE-007900,Feature Phone,PERSON-001861,Android,2023-10-14,2023-10-14,true
DEVICE-007901,Smartphone,PERSON-000863,iOS,2023-10-14,2023-10-14,true
DEVICE-007902,Smartphone,PERSON-000063,Android,2023-10-14,2023-10-14,true
DEVICE-007903,Tablet,PERSON-001558,iOS,2023-01-24,2023-01-24,true
DEVICE-007904,Tablet,PERSON-002900,Android,2023-01-24,2023-01-24,true
DEVICE-007905,Tablet,PERSON-001115,iOS,2023-01-24,2023-01-24,true
DEVICE-007906,Tablet,PERSON-001262,Android,2023-01-24,2023-01-24,true
DEVICE-007907,Smartphone,PERSON-001262,Android,2023-01-24,2023-01-24,true
DEVICE-007908,Smartphone,PERSON-000180,Android,2023-01-24,2023-01-24,true
DEVICE-007909,Tablet,PERSON-002060,Android,2023-01-24,2023-01-24,true
DEVICE-007910,Feature Phone,PERSON-002060,iOS,2023-01-24,2023-01-24,true
DEVICE-007911,Smartphone,PERSON-002618,iOS,2023-01-24,2023-01-24,true
DEVICE-007912,Smartphone,PERSON-000440,iOS,2023-01-24,2023-01-24,true
DEVICE-007913,Smartphone,PERSON-002136,iOS,2023-01-13,2023-01-13,true
DEVICE-007914,Tablet,PERSON-002558,iOS,2023-01-13,2023-01-13,true
DEVICE-007915,Tablet,PERSON-002558,Android,2023-01-13,2023-01-13,true
DEVICE-007916,Feature Phone,PERSON-001234,iOS,2023-01-13,2023-01-13,true
DEVICE-007917,Smartphone,PERSON-000580,iOS,2023-01-13,2023-01-13,true
DEVICE-007918,Smartphone,PERSON-000580,Android,2023-01-13,2023-01-13,true
DEVICE-007919,Feature Phone,PERSON-001890,Android,2023-01-13,2023-01-13,true
DEVICE-007920,Feature Phone,PERSON-000405,Android,2023-01-13,2023-01-13,true
DEVICE-007921,Feature Phone,PERSON-002004,Android,2023-01-13,2023-01-13,true
DEVICE-007922,Smartphone,PERSON-002004,Android,2023-01-13,2023-01-13,true
DEVICE-007923,Feature Phone,PERSON-000154,iOS,2023-01-13,2023-01-13,true
DEVICE-007924,Smartphone,PERSON-001664,iOS,2023-06-30,2023-06-30,true
DEVICE-007925,Smartphone,PERSON-001343,iOS,2023-06-30,2023-06-30,true
DEVICE-007926,Tablet,PERSON-002998,iOS,2023-06-30,2023-06-30,true
DEVICE-007927,Feature Phone,PERSON-002998,iOS,2023-06-30,2023-06-30,true
DEVICE-007928,Smartphone,PERSON-002835,iOS,2023-06-30,2023-06-30,true
DEVICE-007929,Smartphone,PERSON-000948,Android,2023-06-30,2023-06-30,true
DEVICE-007930,Tablet,PERSON-000948,iOS,2023-06-30,2023-06-30,true
DEVICE-007931,Feature Phone,PERSON-002150,iOS,2023-06-30,2023-06-30,true
DEVICE-007932,Smartphone,PERSON-000904,iOS,2023-06-30,2023-06-30,true
DEVICE-007933,Feature Phone,PERSON-000230,iOS,2023-06-30,2023-06-30,true
DEVICE-007934,Tablet,PERSON-000230,Android,2023-06-30,2023-06-30,true
DEVICE-007935,Smartphone,PERSON-002715,iOS,2023-06-30,2023-06-30,true
DEVICE-007936,Feature Phone,PERSON-002737,Android,2023-01-17,2023-01-17,true
DEVICE-007937,Tablet,PERSON-000473,Android,2023-01-17,2023-01-17,true
DEVICE-007938,Smartphone,PERSON-000165,iOS,2023-01-17,2023-01-17,true
DEVICE-007939,Feature Phone,PERSON-000275,Android,2023-01-17,2023-01-17,true
DEVICE-007940,Tablet,PERSON-000275,iOS,2023-01-17,2023-01-17,true
DEVICE-007941,Tablet,PERSON-002068,Android,2023-01-17,2023-01-17,true
DEVICE-007942,Feature Phone,PERSON-002068,iOS,2023-01-17,2023-01-17,true
DEVICE-007943,Feature Phone,PERSON-001194,iOS,2023-10-23,2023-10-23,true
DEVICE-007944,Feature Phone,PERSON-001194,Android,2023-10-23,2023-10-23,true
DEVICE-007945,Feature Phone,PERSON-001191,iOS,2023-10-23,2023-10-23,true
DEVICE-007946,Smartphone,PERSON-001803,iOS,2023-10-23,2023-10-23,true
DEVICE-007947,Tablet,PERSON-001899,Android,2023-10-23,2023-10-23,true
DEVICE-007948,Feature Phone,PERSON-001899,Android,2023-10-23,2023-10-23,true
DEVICE-007949,Tablet,PERSON-000721,iOS,2023-10-23,2023-10-23,true
DEVICE-007950,Feature Phone,PERSON-000721,Android,2023-10-23,2023-10-23,true
DEVICE-007951,Smartphone,PERSON-002454,Android,2023-10-23,2023-10-23,true
DEVICE-007952,Tablet,PERSON-002454,iOS,2023-10-23,2023-10-23,true
DEVICE-007953,Smartphone,PERSON-001648,Android,2023-10-23,2023-10-23,true
DEVICE-007954,Smartphone,PERSON-000106,Android,2023-10-23,2023-10-23,true
DEVICE-007955,Feature Phone,PERSON-002900,Android,2023-10-23,2023-10-23,true
DEVICE-007956,Feature Phone,PERSON-002900,Android,2023-10-23,2023-10-23,true
DEVICE-007957,Feature Phone,PERSON-002371,iOS,2023-10-23,2023-10-23,true
DEVICE-007958,Smartphone,PERSON-000081,Android,2023-08-31,2023-08-31,true
DEVICE-007959,Feature Phone,PERSON-001259,Android,2023-08-31,2023-08-31,true
DEVICE-007960,Feature Phone,PERSON-002574,iOS,2023-08-31,2023-08-31,true
DEVICE-007961,Feature Phone,PERSON-000863,Android,2023-08-31,2023-08-31,true
DEVICE-007962,Tablet,PERSON-000063,iOS,2023-08-31,2023-08-31,true
DEVICE-007963,Tablet,PERSON-002757,Android,2023-08-31,2023-08-31,true
DEVICE-007964,Feature Phone,PERSON-001589,Android,2023-08-31,2023-08-31,true
DEVICE-007965,Smartphone,PERSON-001885,Android,2023-08-31,2023-08-31,true
DEVICE-007966,Feature Phone,PERSON-000047,Android,2023-09-13,2023-09-13,true
DEVICE-007967,Feature Phone,PERSON-002938,iOS,2023-09-13,2023-09-13,true
DEVICE-007968,Smartphone,PERSON-001768,Android,2023-09-13,2023-09-13,true
DEVICE-007969,Tablet,PERSON-002964,Android,2023-09-13,2023-09-13,true
DEVICE-007970,Smartphone,PERSON-002970,Android,2023-09-13,2023-09-13,true
DEVICE-007971,Feature Phone,PERSON-002136,Android,2023-05-25,2023-05-25,true
DEVICE-007972,Tablet,PERSON-000717,iOS,2023-05-25,2023-05-25,true
DEVICE-007973,Smartphone,PERSON-001107,Android,2023-05-25,2023-05-25,true
DEVICE-007974,Smartphone,PERSON-001107,Android,2023-05-25,2023-05-25,true
DEVICE-007975,Feature Phone,PERSON-000405,iOS,2023-05-25,2023-05-25,true
DEVICE-007976,Feature Phone,PERSON-000622,iOS,2023-05-25,2023-05-25,true
DEVICE-007977,Tablet,PERSON-000721,Android,2023-05-25,2023-05-25,true
DEVICE-007978,Smartphone,PERSON-002004,Android,2023-05-25,2023-05-25,true
DEVICE-007979,Smartphone,PERSON-002004,iOS,2023-05-25,2023-05-25,true
DEVICE-007980,Feature Phone,PERSON-000154,Android,2023-05-25,2023-05-25,true
DEVICE-007981,Tablet,PERSON-000419,Android,2023-01-27,2023-01-27,true
DEVICE-007982,Smartphone,PERSON-002737,iOS,2023-01-27,2023-01-27,true
DEVICE-007983,Feature Phone,PERSON-002417,Android,2023-01-27,2023-01-27,true
DEVICE-007984,Tablet,PERSON-002094,Android,2023-01-27,2023-01-27,true
DEVICE-007985,Tablet,PERSON-002077,iOS,2023-01-27,2023-01-27,true
DEVICE-007986,Smartphone,PERSON-001381,Android,2023-01-27,2023-01-27,true
DEVICE-007987,Smartphone,PERSON-002105,iOS,2023-01-27,2023-01-27,true
DEVICE-007988,Tablet,PERSON-002105,iOS,2023-01-27,2023-01-27,true
DEVICE-007989,Tablet,PERSON-001869,iOS,2023-01-27,2023-01-27,true
DEVICE-007990,Tablet,PERSON-000081,Android,2023-05-31,2023-05-31,true
DEVICE-007991,Smartphone,PERSON-001259,iOS,2023-05-31,2023-05-31,true
DEVICE-007992,Smartphone,PERSON-000850,Android,2023-05-31,2023-05-31,true
DEVICE-007993,Smartphone,PERSON-001861,Android,2023-05-31,2023-05-31,true
DEVICE-007994,Feature Phone,PERSON-002574,iOS,2023-05-31,2023-05-31,true
DEVICE-007995,Feature Phone,PERSON-002574,Android,2023-05-31,2023-05-31,true
DEVICE-007996,Feature Phone,PERSON-000863,Android,2023-05-31,2023-05-31,true
DEVICE-007997,Tablet,PERSON-000063,Android,2023-05-31,2023-05-31,true
DEVICE-007998,Tablet,PERSON-001589,Android,2023-05-31,2023-05-31,true
DEVICE-007999,Smartphone,PERSON-001387,Android,2023-05-31,2023-05-31,true
DEVICE-008000,Smartphone,PERSON-000260,Android,2023-09-14,2023-09-14,true
DEVICE-008001,Feature Phone,PERSON-000260,Android,2023-09-14,2023-09-14,true
DEVICE-008002,Smartphone,PERSON-000245,Android,2023-09-14,2023-09-14,true
DEVICE-008003,Tablet,PERSON-000245,Android,2023-09-14,2023-09-14,true
DEVICE-008004,Smartphone,PERSON-000825,iOS,2023-09-14,2023-09-14,true
DEVICE-008005,Feature Phone,PERSON-000825,iOS,2023-09-14,2023-09-14,true
DEVICE-008006,Feature Phone,PERSON-001780,iOS,2023-09-14,2023-09-14,true
DEVICE-008007,Tablet,PERSON-001664,iOS,2023-07-02,2023-07-02,true
DEVICE-008008,Tablet,PERSON-002675,Android,2023-07-02,2023-07-02,true
DEVICE-008009,Smartphone,PERSON-001343,iOS,2023-07-02,2023-07-02,true
DEVICE-008010,Feature Phone,PERSON-002998,iOS,2023-07-02,2023-07-02,true
DEVICE-008011,Tablet,PERSON-002998,Android,2023-07-02,2023-07-02,true
DEVICE-008012,Tablet,PERSON-002835,Android,2023-07-02,2023-07-02,true
DEVICE-008013,Feature Phone,PERSON-000584,Android,2023-07-02,2023-07-02,true
DEVICE-008014,Feature Phone,PERSON-000697,iOS,2023-07-02,2023-07-02,true
DEVICE-008015,Tablet,PERSON-000230,Android,2023-07-02,2023-07-02,true
DEVICE-008016,Feature Phone,PERSON-000611,Android,2023-01-08,2023-01-08,true
DEVICE-008017,Smartphone,PERSON-001542,iOS,2023-01-08,2023-01-08,true
DEVICE-008018,Feature Phone,PERSON-001542,iOS,2023-01-08,2023-01-08,true
DEVICE-008019,Smartphone,PERSON-002438,Android,2023-01-08,2023-01-08,true
DEVICE-008020,Feature Phone,PERSON-001172,Android,2023-01-08,2023-01-08,true
DEVICE-008021,Tablet,PERSON-000886,Android,2023-01-08,2023-01-08,true
DEVICE-008022,Feature Phone,PERSON-000497,iOS,2023-01-08,2023-01-08,true
DEVICE-008023,Smartphone,PERSON-000497,iOS,2023-01-08,2023-01-08,true
DEVICE-008024,Feature Phone,PERSON-002896,iOS,2023-01-08,2023-01-08,true
DEVICE-008025,Tablet,PERSON-002896,iOS,2023-01-08,2023-01-08,true
DEVICE-008026,Tablet,PERSON-001847,iOS,2023-01-08,2023-01-08,true
DEVICE-008027,Feature Phone,PERSON-001774,Android,2023-07-18,2023-07-18,true
DEVICE-008028,Tablet,PERSON-000419,Android,2023-07-18,2023-07-18,true
DEVICE-008029,Tablet,PERSON-000419,iOS,2023-07-18,2023-07-18,true
DEVICE-008030,Smartphone,PERSON-002417,Android,2023-07-18,2023-07-18,true
DEVICE-008031,Tablet,PERSON-001687,iOS,2023-07-18,2023-07-18,true
DEVICE-008032,Feature Phone,PERSON-001758,Android,2023-07-18,2023-07-18,true
DEVICE-008033,Tablet,PERSON-002105,iOS,2023-07-18,2023-07-18,true
DEVICE-008034,Smartphone,PERSON-000207,iOS,2023-07-18,2023-07-18,true
DEVICE-008035,Tablet,PERSON-002438,Android,2023-12-14,2023-12-14,true
DEVICE-008036,Feature Phone,PERSON-000060,iOS,2023-12-14,2023-12-14,true
DEVICE-008037,Feature Phone,PERSON-000832,iOS,2023-12-14,2023-12-14,true
DEVICE-008038,Feature Phone,PERSON-002713,Android,2023-12-14,2023-12-14,true
DEVICE-008039,Tablet,PERSON-002896,iOS,2023-12-14,2023-12-14,true
DEVICE-008040,Tablet,PERSON-002094,iOS,2023-12-14,2023-12-14,true
DEVICE-008041,Tablet,PERSON-002094,Android,2023-12-14,2023-12-14,true
DEVICE-008042,Tablet,PERSON-001480,Android,2023-12-14,2023-12-14,true
DEVICE-008043,Tablet,PERSON-000233,iOS,2023-11-28,2023-11-28,true
DEVICE-008044,Smartphone,PERSON-000886,iOS,2023-11-28,2023-11-28,true
DEVICE-008045,Tablet,PERSON-002481,iOS,2023-11-28,2023-11-28,true
DEVICE-008046,Feature Phone,PERSON-001059,iOS,2023-11-28,2023-11-28,true
DEVICE-008047,Feature Phone,PERSON-000302,Android,2023-11-28,2023-11-28,true
DEVICE-008048,Tablet,PERSON-002122,iOS,2023-11-28,2023-11-28,true
DEVICE-008049,Smartphone,PERSON-000305,iOS,2023-11-28,2023-11-28,true
DEVICE-008050,Smartphone,PERSON-000305,iOS,2023-11-28,2023-11-28,true
DEVICE-008051,Tablet,PERSON-002954,Android,2023-09-17,2023-09-17,true
DEVICE-008052,Feature Phone,PERSON-000842,iOS,2023-09-17,2023-09-17,true
DEVICE-008053,Tablet,PERSON-001419,Android,2023-09-17,2023-09-17,true
DEVICE-008054,Smartphone,PERSON-002845,Android,2023-09-17,2023-09-17,true
DEVICE-008055,Smartphone,PERSON-001478,iOS,2023-09-17,2023-09-17,true
DEVICE-008056,Feature Phone,PERSON-002788,iOS,2023-09-17,2023-09-17,true
DEVICE-008057,Feature Phone,PERSON-001262,Android,2023-09-17,2023-09-17,true
DEVICE-008058,Smartphone,PERSON-000763,Android,2023-09-17,2023-09-17,true
DEVICE-008059,Smartphone,PERSON-000455,iOS,2023-09-17,2023-09-17,true
DEVICE-008060,Tablet,PERSON-000455,Android,2023-09-17,2023-09-17,true
DEVICE-008061,Tablet,PERSON-001385,Android,2023-09-17,2023-09-17,true
DEVICE-008062,Smartphone,PERSON-002517,Android,2023-03-21,2023-03-21,true
DEVICE-008063,Feature Phone,PERSON-000538,iOS,2023-03-21,2023-03-21,true
DEVICE-008064,Feature Phone,PERSON-001544,Android,2023-03-21,2023-03-21,true
DEVICE-008065,Feature Phone,PERSON-000120,iOS,2023-03-21,2023-03-21,true
DEVICE-008066,Tablet,PERSON-002873,Android,2023-03-21,2023-03-21,true
DEVICE-008067,Feature Phone,PERSON-002757,iOS,2023-03-21,2023-03-21,true
DEVICE-008068,Feature Phone,PERSON-002757,Android,2023-03-21,2023-03-21,true
DEVICE-008069,Smartphone,PERSON-001543,Android,2023-03-21,2023-03-21,true
DEVICE-008070,Feature Phone,PERSON-000621,Android,2023-03-21,2023-03-21,true
DEVICE-008071,Tablet,PERSON-002675,iOS,2023-06-22,2023-06-22,true
DEVICE-008072,Tablet,PERSON-001596,iOS,2023-06-22,2023-06-22,true
DEVICE-008073,Smartphone,PERSON-001542,iOS,2023-06-22,2023-06-22,true
DEVICE-008074,Tablet,PERSON-001363,Android,2023-06-22,2023-06-22,true
DEVICE-008075,Feature Phone,PERSON-001363,iOS,2023-06-22,2023-06-22,true
DEVICE-008076,Smartphone,PERSON-000832,Android,2023-06-22,2023-06-22,true
DEVICE-008077,Tablet,PERSON-000635,Android,2023-06-22,2023-06-22,true
DEVICE-008078,Feature Phone,PERSON-002713,Android,2023-06-22,2023-06-22,true
DEVICE-008079,Tablet,PERSON-002896,iOS,2023-06-22,2023-06-22,true
DEVICE-008080,Tablet,PERSON-002896,Android,2023-06-22,2023-06-22,true
DEVICE-008081,Smartphone,PERSON-001873,Android,2023-06-22,2023-06-22,true
DEVICE-008082,Feature Phone,PERSON-002847,Android,2023-06-22,2023-06-22,true
DEVICE-008083,Tablet,PERSON-002847,Android,2023-06-22,2023-06-22,true
DEVICE-008084,Feature Phone,PERSON-001847,iOS,2023-06-22,2023-06-22,true
DEVICE-008085,Smartphone,PERSON-002922,Android,2023-06-22,2023-06-22,true
DEVICE-008086,Tablet,PERSON-001425,iOS,2023-08-01,2023-08-01,true
DEVICE-008087,Feature Phone,PERSON-002986,Android,2023-08-01,2023-08-01,true
DEVICE-008088,Feature Phone,PERSON-001071,Android,2023-08-01,2023-08-01,true
DEVICE-008089,Feature Phone,PERSON-001071,Android,2023-08-01,2023-08-01,true
DEVICE-008090,Smartphone,PERSON-002068,iOS,2023-08-01,2023-08-01,true
DEVICE-008091,Smartphone,PERSON-001578,Android,2023-08-01,2023-08-01,true
DEVICE-008092,Smartphone,PERSON-000438,iOS,2023-05-07,2023-05-07,true
DEVICE-008093,Tablet,PERSON-000135,iOS,2023-05-07,2023-05-07,true
DEVICE-008094,Feature Phone,PERSON-002481,Android,2023-05-07,2023-05-07,true
DEVICE-008095,Tablet,PERSON-002481,Android,2023-05-07,2023-05-07,true
DEVICE-008096,Tablet,PERSON-002948,iOS,2023-05-07,2023-05-07,true
DEVICE-008097,Feature Phone,PERSON-000647,Android,2023-05-07,2023-05-07,true
DEVICE-008098,Tablet,PERSON-000647,iOS,2023-05-07,2023-05-07,true
DEVICE-008099,Feature Phone,PERSON-001792,iOS,2023-05-07,2023-05-07,true
DEVICE-008100,Feature Phone,PERSON-001885,Android,2023-05-07,2023-05-07,true
DEVICE-008101,Tablet,PERSON-002826,iOS,2023-05-07,2023-05-07,true
DEVICE-008102,Tablet,PERSON-002826,Android,2023-05-07,2023-05-07,true
DEVICE-008103,Feature Phone,PERSON-001419,Android,2023-11-11,2023-11-11,true
DEVICE-008104,Smartphone,PERSON-000121,iOS,2023-11-11,2023-11-11,true
DEVICE-008105,Tablet,PERSON-001369,iOS,2023-11-11,2023-11-11,true
DEVICE-008106,Feature Phone,PERSON-001369,iOS,2023-11-11,2023-11-11,true
DEVICE-008107,Tablet,PERSON-001886,iOS,2023-11-11,2023-11-11,true
DEVICE-008108,Tablet,PERSON-001886,iOS,2023-11-11,2023-11-11,true
DEVICE-008109,Feature Phone,PERSON-000943,Android,2023-11-11,2023-11-11,true
DEVICE-008110,Tablet,PERSON-000140,Android,2023-11-11,2023-11-11,true
DEVICE-008111,Feature Phone,PERSON-000140,iOS,2023-11-11,2023-11-11,true
DEVICE-008112,Tablet,PERSON-001479,Android,2023-11-11,2023-11-11,true
DEVICE-008113,Smartphone,PERSON-002944,iOS,2023-11-11,2023-11-11,true
DEVICE-008114,Smartphone,PERSON-000845,Android,2023-11-11,2023-11-11,true
DEVICE-008115,Tablet,PERSON-001301,iOS,2023-11-11,2023-11-11,true
DEVICE-008116,Feature Phone,PERSON-001301,Android,2023-11-11,2023-11-11,true
DEVICE-008117,Tablet,PERSON-002136,Android,2023-03-18,2023-03-18,true
DEVICE-008118,Feature Phone,PERSON-000154,Android,2023-03-18,2023-03-18,true
DEVICE-008119,Feature Phone,PERSON-000397,Android,2023-03-18,2023-03-18,true
DEVICE-008120,Tablet,PERSON-000397,Android,2023-03-18,2023-03-18,true
DEVICE-008121,Feature Phone,PERSON-000784,iOS,2023-03-18,2023-03-18,true
DEVICE-008122,Feature Phone,PERSON-000622,Android,2023-03-18,2023-03-18,true
DEVICE-008123,Tablet,PERSON-002164,Android,2023-03-18,2023-03-18,true
DEVICE-008124,Feature Phone,PERSON-002770,iOS,2023-03-18,2023-03-18,true
DEVICE-008125,Smartphone,PERSON-001107,iOS,2023-03-18,2023-03-18,true
DEVICE-008126,Smartphone,PERSON-000479,iOS,2023-10-01,2023-10-01,true
DEVICE-008127,Tablet,PERSON-000919,Android,2023-10-01,2023-10-01,true
DEVICE-008128,Feature Phone,PERSON-000919,iOS,2023-10-01,2023-10-01,true
DEVICE-008129,Tablet,PERSON-000393,iOS,2023-10-01,2023-10-01,true
DEVICE-008130,Smartphone,PERSON-000393,iOS,2023-10-01,2023-10-01,true
DEVICE-008131,Feature Phone,PERSON-000683,Android,2023-10-01,2023-10-01,true
DEVICE-008132,Smartphone,PERSON-001968,Android,2023-10-01,2023-10-01,true
DEVICE-008133,Tablet,PERSON-001860,iOS,2023-10-01,2023-10-01,true
DEVICE-008134,Smartphone,PERSON-001664,Android,2023-06-01,2023-06-01,true
DEVICE-008135,Feature Phone,PERSON-002998,Android,2023-06-01,2023-06-01,true
DEVICE-008136,Feature Phone,PERSON-000948,iOS,2023-06-01,2023-06-01,true
DEVICE-008137,Feature Phone,PERSON-000576,Android,2023-06-01,2023-06-01,true
DEVICE-008138,Tablet,PERSON-000904,iOS,2023-06-01,2023-06-01,true
DEVICE-008139,Feature Phone,PERSON-001508,iOS,2023-06-01,2023-06-01,true
DEVICE-008140,Smartphone,PERSON-002408,Android,2023-05-31,2023-05-31,true
DEVICE-008141,Tablet,PERSON-001691,iOS,2023-05-31,2023-05-31,true
DEVICE-008142,Feature Phone,PERSON-001578,iOS,2023-05-31,2023-05-31,true
DEVICE-008143,Feature Phone,PERSON-002304,Android,2023-05-31,2023-05-31,true
DEVICE-008144,Feature Phone,PERSON-002393,iOS,2023-05-31,2023-05-31,true
DEVICE-008145,Tablet,PERSON-002393,iOS,2023-05-31,2023-05-31,true
DEVICE-008146,Tablet,PERSON-001847,iOS,2023-05-31,2023-05-31,true
DEVICE-008147,Feature Phone,PERSON-001847,iOS,2023-05-31,2023-05-31,true
DEVICE-008148,Smartphone,PERSON-001210,iOS,2023-01-25,2023-01-25,true
DEVICE-008149,Feature Phone,PERSON-001667,Android,2023-01-25,2023-01-25,true
DEVICE-008150,Feature Phone,PERSON-001667,Android,2023-01-25,2023-01-25,true
DEVICE-008151,Smartphone,PERSON-000146,iOS,2023-01-25,2023-01-25,true
DEVICE-008152,Smartphone,PERSON-002750,iOS,2023-01-25,2023-01-25,true
DEVICE-008153,Tablet,PERSON-001041,Android,2023-01-25,2023-01-25,true
DEVICE-008154,Smartphone,PERSON-001589,Android,2023-01-25,2023-01-25,true
DEVICE-008155,Smartphone,PERSON-001670,Android,2023-01-25,2023-01-25,true
DEVICE-008156,Smartphone,PERSON-001558,iOS,2023-12-02,2023-12-02,true
DEVICE-008157,Smartphone,PERSON-001558,iOS,2023-12-02,2023-12-02,true
DEVICE-008158,Smartphone,PERSON-000540,Android,2023-12-02,2023-12-02,true
DEVICE-008159,Smartphone,PERSON-001474,Android,2023-12-02,2023-12-02,true
DEVICE-008160,Tablet,PERSON-001115,Android,2023-12-02,2023-12-02,true
DEVICE-008161,Tablet,PERSON-001262,Android,2023-12-02,2023-12-02,true
DEVICE-008162,Smartphone,PERSON-002060,iOS,2023-12-02,2023-12-02,true
DEVICE-008163,Smartphone,PERSON-000267,iOS,2023-12-02,2023-12-02,true
DEVICE-008164,Tablet,PERSON-002900,iOS,2023-12-02,2023-12-02,true
DEVICE-008165,Feature Phone,PERSON-002900,iOS,2023-12-02,2023-12-02,true
DEVICE-008166,Tablet,PERSON-002618,iOS,2023-12-02,2023-12-02,true
DEVICE-008167,Feature Phone,PERSON-000440,iOS,2023-12-02,2023-12-02,true
DEVICE-008168,Smartphone,PERSON-001757,Android,2023-12-02,2023-12-02,true
DEVICE-008169,Feature Phone,PERSON-001172,Android,2023-08-02,2023-08-02,true
DEVICE-008170,Tablet,PERSON-001172,Android,2023-08-02,2023-08-02,true
DEVICE-008171,Tablet,PERSON-002740,iOS,2023-08-02,2023-08-02,true
DEVICE-008172,Feature Phone,PERSON-000181,Android,2023-08-02,2023-08-02,true
DEVICE-008173,Feature Phone,PERSON-002197,Android,2023-08-02,2023-08-02,true
DEVICE-008174,Smartphone,PERSON-000096,iOS,2023-08-02,2023-08-02,true
DEVICE-008175,Tablet,PERSON-000049,Android,2023-08-02,2023-08-02,true
DEVICE-008176,Tablet,PERSON-000049,iOS,2023-08-02,2023-08-02,true
DEVICE-008177,Tablet,PERSON-002517,Android,2023-02-20,2023-02-20,true
DEVICE-008178,Feature Phone,PERSON-002517,iOS,2023-02-20,2023-02-20,true
DEVICE-008179,Smartphone,PERSON-002020,Android,2023-02-20,2023-02-20,true
DEVICE-008180,Smartphone,PERSON-000538,Android,2023-02-20,2023-02-20,true
DEVICE-008181,Smartphone,PERSON-001898,Android,2023-02-20,2023-02-20,true
DEVICE-008182,Smartphone,PERSON-000921,iOS,2023-02-20,2023-02-20,true
DEVICE-008183,Smartphone,PERSON-000621,iOS,2023-02-20,2023-02-20,true
DEVICE-008184,Tablet,PERSON-000488,iOS,2023-02-20,2023-02-20,true
DEVICE-008185,Tablet,PERSON-000488,Android,2023-02-20,2023-02-20,true
DEVICE-008186,Smartphone,PERSON-000765,iOS,2023-02-20,2023-02-20,true
DEVICE-008187,Tablet,PERSON-000765,iOS,2023-02-20,2023-02-20,true
DEVICE-008188,Smartphone,PERSON-000611,iOS,2023-05-21,2023-05-21,true
DEVICE-008189,Smartphone,PERSON-001542,Android,2023-05-21,2023-05-21,true
DEVICE-008190,Feature Phone,PERSON-000906,iOS,2023-05-21,2023-05-21,true
DEVICE-008191,Tablet,PERSON-001363,Android,2023-05-21,2023-05-21,true
DEVICE-008192,Tablet,PERSON-001363,Android,2023-05-21,2023-05-21,true
DEVICE-008193,Smartphone,PERSON-000832,iOS,2023-05-21,2023-05-21,true
DEVICE-008194,Tablet,PERSON-000832,Android,2023-05-21,2023-05-21,true
DEVICE-008195,Feature Phone,PERSON-000886,iOS,2023-05-21,2023-05-21,true
DEVICE-008196,Tablet,PERSON-002713,Android,2023-05-21,2023-05-21,true
DEVICE-008197,Tablet,PERSON-002896,iOS,2023-05-21,2023-05-21,true
DEVICE-008198,Feature Phone,PERSON-000497,Android,2023-05-21,2023-05-21,true
DEVICE-008199,Smartphone,PERSON-000635,iOS,2023-05-21,2023-05-21,true
DEVICE-008200,Smartphone,PERSON-000635,iOS,2023-05-21,2023-05-21,true
DEVICE-008201,Feature Phone,PERSON-002922,Android,2023-05-21,2023-05-21,true
DEVICE-008202,Tablet,PERSON-002020,Android,2023-06-26,2023-06-26,true
DEVICE-008203,Smartphone,PERSON-002020,Android,2023-06-26,2023-06-26,true
DEVICE-008204,Smartphone,PERSON-001540,Android,2023-06-26,2023-06-26,true
DEVICE-008205,Feature Phone,PERSON-000863,Android,2023-06-26,2023-06-26,true
DEVICE-008206,Smartphone,PERSON-000863,iOS,2023-06-26,2023-06-26,true
DEVICE-008207,Feature Phone,PERSON-001578,iOS,2023-06-26,2023-06-26,true
DEVICE-008208,Feature Phone,PERSON-000488,Android,2023-06-26,2023-06-26,true
DEVICE-008209,Feature Phone,PERSON-000488,iOS,2023-06-26,2023-06-26,true
DEVICE-008210,Smartphone,PERSON-001596,iOS,2023-12-11,2023-12-11,true
DEVICE-008211,Tablet,PERSON-000060,iOS,2023-12-11,2023-12-11,true
DEVICE-008212,Feature Phone,PERSON-000497,iOS,2023-12-11,2023-12-11,true
DEVICE-008213,Feature Phone,PERSON-000576,Android,2023-12-11,2023-12-11,true
DEVICE-008214,Tablet,PERSON-000576,iOS,2023-12-11,2023-12-11,true
DEVICE-008215,Tablet,PERSON-001480,Android,2023-12-11,2023-12-11,true
DEVICE-008216,Tablet,PERSON-000260,Android,2023-12-10,2023-12-10,true
DEVICE-008217,Tablet,PERSON-000245,iOS,2023-12-10,2023-12-10,true
DEVICE-008218,Tablet,PERSON-000943,Android,2023-12-10,2023-12-10,true
DEVICE-008219,Smartphone,PERSON-000825,iOS,2023-12-10,2023-12-10,true
DEVICE-008220,Smartphone,PERSON-002930,iOS,2023-12-10,2023-12-10,true
DEVICE-008221,Feature Phone,PERSON-002930,Android,2023-12-10,2023-12-10,true
DEVICE-008222,Tablet,PERSON-002397,iOS,2023-12-10,2023-12-10,true
DEVICE-008223,Tablet,PERSON-001747,iOS,2023-12-10,2023-12-10,true
DEVICE-008224,Tablet,PERSON-002408,Android,2023-12-10,2023-12-10,true
DEVICE-008225,Feature Phone,PERSON-002408,iOS,2023-12-10,2023-12-10,true
DEVICE-008226,Feature Phone,PERSON-000374,iOS,2023-12-10,2023-12-10,true
DEVICE-008227,Feature Phone,PERSON-002304,iOS,2023-12-10,2023-12-10,true
DEVICE-008228,Tablet,PERSON-002304,iOS,2023-12-10,2023-12-10,true
DEVICE-008229,Feature Phone,PERSON-001029,iOS,2023-12-10,2023-12-10,true
DEVICE-008230,Feature Phone,PERSON-000957,Android,2023-05-24,2023-05-24,true
DEVICE-008231,Tablet,PERSON-001369,iOS,2023-05-24,2023-05-24,true
DEVICE-008232,Tablet,PERSON-000181,iOS,2023-05-24,2023-05-24,true
DEVICE-008233,Smartphone,PERSON-001805,Android,2023-05-24,2023-05-24,true
DEVICE-008234,Tablet,PERSON-002150,Android,2023-05-24,2023-05-24,true
DEVICE-008235,Smartphone,PERSON-002077,Android,2023-05-24,2023-05-24,true
DEVICE-008236,Tablet,PERSON-002077,Android,2023-05-24,2023-05-24,true
DEVICE-008237,Feature Phone,PERSON-002771,Android,2023-05-24,2023-05-24,true
DEVICE-008238,Feature Phone,PERSON-002771,iOS,2023-05-24,2023-05-24,true
DEVICE-008239,Feature Phone,PERSON-000390,Android,2023-05-24,2023-05-24,true
DEVICE-008240,Smartphone,PERSON-000991,iOS,2023-05-24,2023-05-24,true
DEVICE-008241,Tablet,PERSON-000140,iOS,2023-05-24,2023-05-24,true
DEVICE-008242,Tablet,PERSON-001863,Android,2023-05-24,2023-05-24,true
DEVICE-008243,Smartphone,PERSON-001863,Android,2023-05-24,2023-05-24,true
DEVICE-008244,Smartphone,PERSON-000438,iOS,2023-04-19,2023-04-19,true
DEVICE-008245,Feature Phone,PERSON-000285,iOS,2023-04-19,2023-04-19,true
DEVICE-008246,Smartphone,PERSON-002829,Android,2023-04-19,2023-04-19,true
DEVICE-008247,Feature Phone,PERSON-002704,Android,2023-04-19,2023-04-19,true
DEVICE-008248,Smartphone,PERSON-000135,iOS,2023-04-19,2023-04-19,true
DEVICE-008249,Smartphone,PERSON-002442,iOS,2023-04-19,2023-04-19,true
DEVICE-008250,Tablet,PERSON-002948,iOS,2023-04-19,2023-04-19,true
DEVICE-008251,Feature Phone,PERSON-002948,Android,2023-04-19,2023-04-19,true
DEVICE-008252,Feature Phone,PERSON-000792,iOS,2023-04-19,2023-04-19,true
DEVICE-008253,Tablet,PERSON-001885,iOS,2023-04-19,2023-04-19,true
DEVICE-008254,Feature Phone,PERSON-001885,Android,2023-04-19,2023-04-19,true
DEVICE-008255,Feature Phone,PERSON-000599,Android,2023-04-19,2023-04-19,true
DEVICE-008256,Tablet,PERSON-002737,iOS,2023-12-19,2023-12-19,true
DEVICE-008257,Feature Phone,PERSON-002737,iOS,2023-12-19,2023-12-19,true
DEVICE-008258,Smartphone,PERSON-000042,iOS,2023-12-19,2023-12-19,true
DEVICE-008259,Feature Phone,PERSON-000165,Android,2023-12-19,2023-12-19,true
DEVICE-008260,Smartphone,PERSON-002896,Android,2023-12-19,2023-12-19,true
DEVICE-008261,Smartphone,PERSON-002068,Android,2023-12-19,2023-12-19,true
DEVICE-008262,Smartphone,PERSON-000032,Android,2023-12-19,2023-12-19,true
DEVICE-008263,Tablet,PERSON-000175,Android,2023-08-06,2023-08-06,true
DEVICE-008264,Tablet,PERSON-001012,Android,2023-08-06,2023-08-06,true
DEVICE-008265,Feature Phone,PERSON-001012,iOS,2023-08-06,2023-08-06,true
DEVICE-008266,Feature Phone,PERSON-001206,iOS,2023-08-06,2023-08-06,true
DEVICE-008267,Feature Phone,PERSON-002788,Android,2023-08-06,2023-08-06,true
DEVICE-008268,Tablet,PERSON-000734,iOS,2023-08-06,2023-08-06,true
DEVICE-008269,Smartphone,PERSON-000001,iOS,2023-08-06,2023-08-06,true
DEVICE-008270,Smartphone,PERSON-000710,Android,2023-08-06,2023-08-06,true
DEVICE-008271,Feature Phone,PERSON-000710,iOS,2023-08-06,2023-08-06,true
DEVICE-008272,Feature Phone,PERSON-000712,iOS,2023-08-06,2023-08-06,true
DEVICE-008273,Tablet,PERSON-000712,iOS,2023-08-06,2023-08-06,true
DEVICE-008274,Smartphone,PERSON-002684,iOS,2023-08-06,2023-08-06,true
DEVICE-008275,Tablet,PERSON-001385,iOS,2023-08-06,2023-08-06,true
DEVICE-008276,Tablet,PERSON-002020,iOS,2023-10-07,2023-10-07,true
DEVICE-008277,Tablet,PERSON-002279,Android,2023-10-07,2023-10-07,true
DEVICE-008278,Tablet,PERSON-001810,Android,2023-10-07,2023-10-07,true
DEVICE-008279,Tablet,PERSON-001810,Android,2023-10-07,2023-10-07,true
DEVICE-008280,Feature Phone,PERSON-001898,Android,2023-10-07,2023-10-07,true
DEVICE-008281,Tablet,PERSON-001965,iOS,2023-10-07,2023-10-07,true
DEVICE-008282,Tablet,PERSON-001992,iOS,2023-10-07,2023-10-07,true
DEVICE-008283,Smartphone,PERSON-001992,iOS,2023-10-07,2023-10-07,true
DEVICE-008284,Feature Phone,PERSON-000357,Android,2023-10-07,2023-10-07,true
DEVICE-008285,Feature Phone,PERSON-001542,iOS,2023-10-13,2023-10-13,true
DEVICE-008286,Tablet,PERSON-000060,Android,2023-10-13,2023-10-13,true
DEVICE-008287,Feature Phone,PERSON-000832,Android,2023-10-13,2023-10-13,true
DEVICE-008288,Tablet,PERSON-000886,iOS,2023-10-13,2023-10-13,true
DEVICE-008289,Smartphone,PERSON-000886,iOS,2023-10-13,2023-10-13,true
DEVICE-008290,Tablet,PERSON-001846,iOS,2023-10-13,2023-10-13,true
DEVICE-008291,Feature Phone,PERSON-001480,iOS,2023-10-13,2023-10-13,true
DEVICE-008292,Tablet,PERSON-002737,Android,2023-06-15,2023-06-15,true
DEVICE-008293,Tablet,PERSON-000473,iOS,2023-06-15,2023-06-15,true
DEVICE-008294,Smartphone,PERSON-000042,Android,2023-06-15,2023-06-15,true
DEVICE-008295,Feature Phone,PERSON-002068,Android,2023-06-15,2023-06-15,true
DEVICE-008296,Smartphone,PERSON-002068,Android,2023-06-15,2023-06-15,true
DEVICE-008297,Tablet,PERSON-000165,Android,2023-06-15,2023-06-15,true
DEVICE-008298,Feature Phone,PERSON-000165,iOS,2023-06-15,2023-06-15,true
DEVICE-008299,Tablet,PERSON-000274,Android,2023-06-15,2023-06-15,true
DEVICE-008300,Smartphone,PERSON-000275,iOS,2023-06-15,2023-06-15,true
DEVICE-008301,Tablet,PERSON-000032,iOS,2023-06-15,2023-06-15,true
DEVICE-008302,Smartphone,PERSON-000146,iOS,2023-05-20,2023-05-20,true
DEVICE-008303,Smartphone,PERSON-002609,Android,2023-05-20,2023-05-20,true
DEVICE-008304,Smartphone,PERSON-000906,Android,2023-05-20,2023-05-20,true
DEVICE-008305,Feature Phone,PERSON-000047,Android,2023-05-20,2023-05-20,true
DEVICE-008306,Feature Phone,PERSON-002938,iOS,2023-05-20,2023-05-20,true
DEVICE-008307,Feature Phone,PERSON-000279,Android,2023-05-20,2023-05-20,true
DEVICE-008308,Smartphone,PERSON-000217,iOS,2023-05-20,2023-05-20,true
DEVICE-008309,Feature Phone,PERSON-002223,iOS,2023-05-20,2023-05-20,true
DEVICE-008310,Smartphone,PERSON-001768,iOS,2023-05-20,2023-05-20,true
DEVICE-008311,Feature Phone,PERSON-000556,iOS,2023-05-20,2023-05-20,true
DEVICE-008312,Feature Phone,PERSON-002964,iOS,2023-05-20,2023-05-20,true
DEVICE-008313,Feature Phone,PERSON-000146,iOS,2023-09-15,2023-09-15,true
DEVICE-008314,Feature Phone,PERSON-000473,iOS,2023-09-15,2023-09-15,true
DEVICE-008315,Tablet,PERSON-001706,iOS,2023-09-15,2023-09-15,true
DEVICE-008316,Feature Phone,PERSON-000279,iOS,2023-09-15,2023-09-15,true
DEVICE-008317,Smartphone,PERSON-001768,iOS,2023-09-15,2023-09-15,true
DEVICE-008318,Smartphone,PERSON-002223,iOS,2023-09-15,2023-09-15,true
DEVICE-008319,Feature Phone,PERSON-000556,Android,2023-09-15,2023-09-15,true
DEVICE-008320,Tablet,PERSON-002205,iOS,2023-09-15,2023-09-15,true
DEVICE-008321,Feature Phone,PERSON-002964,iOS,2023-09-15,2023-09-15,true
DEVICE-008322,Tablet,PERSON-002039,iOS,2023-10-31,2023-10-31,true
DEVICE-008323,Feature Phone,PERSON-001135,Android,2023-10-31,2023-10-31,true
DEVICE-008324,Feature Phone,PERSON-001135,iOS,2023-10-31,2023-10-31,true
DEVICE-008325,Tablet,PERSON-000274,Android,2023-10-31,2023-10-31,true
DEVICE-008326,Smartphone,PERSON-002335,iOS,2023-10-31,2023-10-31,true
DEVICE-008327,Smartphone,PERSON-002335,iOS,2023-10-31,2023-10-31,true
DEVICE-008328,Smartphone,PERSON-000544,iOS,2023-10-31,2023-10-31,true
DEVICE-008329,Feature Phone,PERSON-000544,Android,2023-10-31,2023-10-31,true
DEVICE-008330,Tablet,PERSON-001894,iOS,2023-10-31,2023-10-31,true
DEVICE-008331,Tablet,PERSON-000717,Android,2023-11-09,2023-11-09,true
DEVICE-008332,Tablet,PERSON-000717,Android,2023-11-09,2023-11-09,true
DEVICE-008333,Tablet,PERSON-000667,Android,2023-11-09,2023-11-09,true
DEVICE-008334,Feature Phone,PERSON-001131,iOS,2023-11-09,2023-11-09,true
DEVICE-008335,Smartphone,PERSON-001131,Android,2023-11-09,2023-11-09,true
DEVICE-008336,Feature Phone,PERSON-001234,Android,2023-11-09,2023-11-09,true
DEVICE-008337,Feature Phone,PERSON-001890,iOS,2023-11-09,2023-11-09,true
DEVICE-008338,Feature Phone,PERSON-000405,Android,2023-11-09,2023-11-09,true
DEVICE-008339,Feature Phone,PERSON-000405,Android,2023-11-09,2023-11-09,true
DEVICE-008340,Tablet,PERSON-001182,iOS,2023-11-09,2023-11-09,true
DEVICE-008341,Tablet,PERSON-001479,Android,2023-11-09,2023-11-09,true
DEVICE-008342,Tablet,PERSON-000074,iOS,2023-11-09,2023-11-09,true
DEVICE-008343,Feature Phone,PERSON-000154,Android,2023-11-09,2023-11-09,true
DEVICE-008344,Smartphone,PERSON-000132,iOS,2023-02-26,2023-02-26,true
DEVICE-008345,Feature Phone,PERSON-001941,iOS,2023-02-26,2023-02-26,true
DEVICE-008346,Feature Phone,PERSON-000497,Android,2023-02-26,2023-02-26,true
DEVICE-008347,Smartphone,PERSON-000497,iOS,2023-02-26,2023-02-26,true
DEVICE-008348,Feature Phone,PERSON-000676,iOS,2023-02-26,2023-02-26,true
DEVICE-008349,Tablet,PERSON-002901,iOS,2023-02-26,2023-02-26,true
DEVICE-008350,Smartphone,PERSON-002901,iOS,2023-02-26,2023-02-26,true
DEVICE-008351,Tablet,PERSON-000575,Android,2023-02-26,2023-02-26,true
DEVICE-008352,Smartphone,PERSON-000507,iOS,2023-02-26,2023-02-26,true
DEVICE-008353,Tablet,PERSON-000072,iOS,2023-02-26,2023-02-26,true
DEVICE-008354,Smartphone,PERSON-000682,iOS,2023-03-06,2023-03-06,true
DEVICE-008355,Smartphone,PERSON-002737,iOS,2023-03-06,2023-03-06,true
DEVICE-008356,Smartphone,PERSON-002737,iOS,2023-03-06,2023-03-06,true
DEVICE-008357,Smartphone,PERSON-000042,Android,2023-03-06,2023-03-06,true
DEVICE-008358,Smartphone,PERSON-000473,Android,2023-03-06,2023-03-06,true
DEVICE-008359,Smartphone,PERSON-000473,iOS,2023-03-06,2023-03-06,true
DEVICE-008360,Feature Phone,PERSON-000165,Android,2023-03-06,2023-03-06,true
DEVICE-008361,Tablet,PERSON-001481,Android,2023-03-06,2023-03-06,true
DEVICE-008362,Smartphone,PERSON-000275,Android,2023-03-06,2023-03-06,true
DEVICE-008363,Feature Phone,PERSON-000272,Android,2023-03-06,2023-03-06,true
DEVICE-008364,Tablet,PERSON-002068,Android,2023-03-06,2023-03-06,true
DEVICE-008365,Feature Phone,PERSON-000032,iOS,2023-03-06,2023-03-06,true
DEVICE-008366,Tablet,PERSON-000081,Android,2023-10-03,2023-10-03,true
DEVICE-008367,Feature Phone,PERSON-001259,iOS,2023-10-03,2023-10-03,true
DEVICE-008368,Smartphone,PERSON-000850,Android,2023-10-03,2023-10-03,true
DEVICE-008369,Tablet,PERSON-001861,Android,2023-10-03,2023-10-03,true
DEVICE-008370,Feature Phone,PERSON-002574,Android,2023-10-03,2023-10-03,true
DEVICE-008371,Feature Phone,PERSON-000063,Android,2023-10-03,2023-10-03,true
DEVICE-008372,Smartphone,PERSON-002757,Android,2023-10-03,2023-10-03,true
DEVICE-008373,Feature Phone,PERSON-001589,iOS,2023-10-03,2023-10-03,true
DEVICE-008374,Feature Phone,PERSON-000092,Android,2023-01-17,2023-01-17,true
DEVICE-008375,Smartphone,PERSON-000817,Android,2023-01-17,2023-01-17,true
DEVICE-008376,Smartphone,PERSON-001507,iOS,2023-01-17,2023-01-17,true
DEVICE-008377,Tablet,PERSON-001507,Android,2023-01-17,2023-01-17,true
DEVICE-008378,Smartphone,PERSON-002872,iOS,2023-01-17,2023-01-17,true
DEVICE-008379,Smartphone,PERSON-002879,iOS,2023-01-17,2023-01-17,true
DEVICE-008380,Feature Phone,PERSON-002879,Android,2023-01-17,2023-01-17,true
DEVICE-008381,Smartphone,PERSON-000979,iOS,2023-01-17,2023-01-17,true
DEVICE-008382,Tablet,PERSON-000405,iOS,2023-01-17,2023-01-17,true
DEVICE-008383,Smartphone,PERSON-000405,iOS,2023-01-17,2023-01-17,true
DEVICE-008384,Tablet,PERSON-000647,iOS,2023-01-17,2023-01-17,true
DEVICE-008385,Tablet,PERSON-001367,iOS,2023-01-17,2023-01-17,true
DEVICE-008386,Tablet,PERSON-001817,Android,2023-11-15,2023-11-15,true
DEVICE-008387,Feature Phone,PERSON-002020,Android,2023-11-15,2023-11-15,true
DEVICE-008388,Tablet,PERSON-002915,Android,2023-11-15,2023-11-15,true
DEVICE-008389,Smartphone,PERSON-002920,Android,2023-11-15,2023-11-15,true
DEVICE-008390,Feature Phone,PERSON-000139,Android,2023-11-15,2023-11-15,true
DEVICE-008391,Tablet,PERSON-001116,iOS,2023-11-15,2023-11-15,true
DEVICE-008392,Tablet,PERSON-001116,Android,2023-11-15,2023-11-15,true
DEVICE-008393,Feature Phone,PERSON-002410,Android,2023-11-15,2023-11-15,true
DEVICE-008394,Feature Phone,PERSON-002006,Android,2023-11-15,2023-11-15,true
DEVICE-008395,Smartphone,PERSON-000195,Android,2023-11-15,2023-11-15,true
DEVICE-008396,Smartphone,PERSON-002020,iOS,2023-08-18,2023-08-18,true
DEVICE-008397,Feature Phone,PERSON-001540,iOS,2023-08-18,2023-08-18,true
DEVICE-008398,Feature Phone,PERSON-000921,Android,2023-08-18,2023-08-18,true
DEVICE-008399,Smartphone,PERSON-000921,Android,2023-08-18,2023-08-18,true
DEVICE-008400,Tablet,PERSON-001007,Android,2023-08-18,2023-08-18,true
DEVICE-008401,Smartphone,PERSON-001992,iOS,2023-08-18,2023-08-18,true
DEVICE-008402,Tablet,PERSON-000621,iOS,2023-08-18,2023-08-18,true
DEVICE-008403,Feature Phone,PERSON-000488,Android,2023-08-18,2023-08-18,true
DEVICE-008404,Feature Phone,PERSON-000765,iOS,2023-08-18,2023-08-18,true
DEVICE-008405,Feature Phone,PERSON-000357,iOS,2023-08-18,2023-08-18,true
DEVICE-008406,Feature Phone,PERSON-000499,iOS,2023-01-07,2023-01-07,true
DEVICE-008407,Tablet,PERSON-000245,iOS,2023-01-07,2023-01-07,true
DEVICE-008408,Feature Phone,PERSON-001908,iOS,2023-01-07,2023-01-07,true
DEVICE-008409,Feature Phone,PERSON-000825,Android,2023-01-07,2023-01-07,true
DEVICE-008410,Tablet,PERSON-001780,Android,2023-01-07,2023-01-07,true
DEVICE-008411,Smartphone,PERSON-001780,Android,2023-01-07,2023-01-07,true
DEVICE-008412,Feature Phone,PERSON-002397,iOS,2023-01-07,2023-01-07,true
DEVICE-008413,Tablet,PERSON-002846,iOS,2023-01-07,2023-01-07,true
DEVICE-008414,Smartphone,PERSON-001578,iOS,2023-01-07,2023-01-07,true
DEVICE-008415,Smartphone,PERSON-001578,iOS,2023-01-07,2023-01-07,true
DEVICE-008416,Feature Phone,PERSON-001029,iOS,2023-01-07,2023-01-07,true
DEVICE-008417,Smartphone,PERSON-001029,iOS,2023-01-07,2023-01-07,true
DEVICE-008418,Smartphone,PERSON-002821,iOS,2023-09-19,2023-09-19,true
DEVICE-008419,Smartphone,PERSON-001474,iOS,2023-09-19,2023-09-19,true
DEVICE-008420,Smartphone,PERSON-002900,Android,2023-09-19,2023-09-19,true
DEVICE-008421,Tablet,PERSON-000267,Android,2023-09-19,2023-09-19,true
DEVICE-008422,Smartphone,PERSON-000267,iOS,2023-09-19,2023-09-19,true
DEVICE-008423,Smartphone,PERSON-002060,iOS,2023-09-19,2023-09-19,true
DEVICE-008424,Tablet,PERSON-002060,Android,2023-09-19,2023-09-19,true
DEVICE-008425,Feature Phone,PERSON-001757,Android,2023-09-19,2023-09-19,true
DEVICE-008426,Tablet,PERSON-002821,Android,2023-05-19,2023-05-19,true
DEVICE-008427,Tablet,PERSON-002739,Android,2023-05-19,2023-05-19,true
DEVICE-008428,Smartphone,PERSON-001474,iOS,2023-05-19,2023-05-19,true
DEVICE-008429,Feature Phone,PERSON-001115,iOS,2023-05-19,2023-05-19,true
DEVICE-008430,Smartphone,PERSON-001115,Android,2023-05-19,2023-05-19,true
DEVICE-008431,Feature Phone,PERSON-000267,iOS,2023-05-19,2023-05-19,true
DEVICE-008432,Feature Phone,PERSON-000440,Android,2023-05-19,2023-05-19,true
DEVICE-008433,Tablet,PERSON-002020,iOS,2023-07-10,2023-07-10,true
DEVICE-008434,Feature Phone,PERSON-002517,iOS,2023-07-10,2023-07-10,true
DEVICE-008435,Smartphone,PERSON-000538,iOS,2023-07-10,2023-07-10,true
DEVICE-008436,Smartphone,PERSON-000449,iOS,2023-07-10,2023-07-10,true
DEVICE-008437,Tablet,PERSON-002873,iOS,2023-07-10,2023-07-10,true
DEVICE-008438,Smartphone,PERSON-001540,iOS,2023-07-10,2023-07-10,true
DEVICE-008439,Tablet,PERSON-001540,iOS,2023-07-10,2023-07-10,true
DEVICE-008440,Feature Phone,PERSON-001992,iOS,2023-07-10,2023-07-10,true
DEVICE-008441,Tablet,PERSON-001205,iOS,2023-07-10,2023-07-10,true
DEVICE-008442,Smartphone,PERSON-001205,Android,2023-07-10,2023-07-10,true
DEVICE-008443,Feature Phone,PERSON-001431,Android,2023-01-01,2023-01-01,true
DEVICE-008444,Tablet,PERSON-001431,Android,2023-01-01,2023-01-01,true
DEVICE-008445,Feature Phone,PERSON-001066,iOS,2023-01-01,2023-01-01,true
DEVICE-008446,Smartphone,PERSON-001066,Android,2023-01-01,2023-01-01,true
DEVICE-008447,Tablet,PERSON-000846,iOS,2023-01-01,2023-01-01,true
DEVICE-008448,Feature Phone,PERSON-000846,iOS,2023-01-01,2023-01-01,true
DEVICE-008449,Tablet,PERSON-002106,iOS,2023-01-01,2023-01-01,true
DEVICE-008450,Feature Phone,PERSON-000217,Android,2023-01-01,2023-01-01,true
DEVICE-008451,Smartphone,PERSON-000217,iOS,2023-01-01,2023-01-01,true
DEVICE-008452,Smartphone,PERSON-001803,iOS,2023-01-01,2023-01-01,true
DEVICE-008453,Smartphone,PERSON-001492,Android,2023-01-01,2023-01-01,true
DEVICE-008454,Feature Phone,PERSON-001492,Android,2023-01-01,2023-01-01,true
DEVICE-008455,Feature Phone,PERSON-000146,Android,2023-06-16,2023-06-16,true
DEVICE-008456,Feature Phone,PERSON-002609,iOS,2023-06-16,2023-06-16,true
DEVICE-008457,Feature Phone,PERSON-002609,Android,2023-06-16,2023-06-16,true
DEVICE-008458,Tablet,PERSON-000906,iOS,2023-06-16,2023-06-16,true
DEVICE-008459,Smartphone,PERSON-000279,Android,2023-06-16,2023-06-16,true
DEVICE-008460,Feature Phone,PERSON-002223,Android,2023-06-16,2023-06-16,true
DEVICE-008461,Feature Phone,PERSON-002223,iOS,2023-06-16,2023-06-16,true
DEVICE-008462,Smartphone,PERSON-002205,iOS,2023-06-16,2023-06-16,true
DEVICE-008463,Tablet,PERSON-002205,iOS,2023-06-16,2023-06-16,true
DEVICE-008464,Smartphone,PERSON-000556,iOS,2023-06-16,2023-06-16,true
DEVICE-008465,Smartphone,PERSON-002944,iOS,2023-06-16,2023-06-16,true
DEVICE-008466,Smartphone,PERSON-000479,Android,2023-02-10,2023-02-10,true
DEVICE-008467,Tablet,PERSON-000295,Android,2023-02-10,2023-02-10,true
DEVICE-008468,Feature Phone,PERSON-002739,Android,2023-02-10,2023-02-10,true
DEVICE-008469,Feature Phone,PERSON-002449,iOS,2023-02-10,2023-02-10,true
DEVICE-008470,Feature Phone,PERSON-002449,iOS,2023-02-10,2023-02-10,true
DEVICE-008471,Tablet,PERSON-000846,iOS,2023-02-10,2023-02-10,true
DEVICE-008472,Smartphone,PERSON-002106,iOS,2023-02-10,2023-02-10,true
DEVICE-008473,Tablet,PERSON-002646,Android,2023-02-10,2023-02-10,true
DEVICE-008474,Smartphone,PERSON-002646,iOS,2023-02-10,2023-02-10,true
DEVICE-008475,Feature Phone,PERSON-000653,iOS,2023-02-10,2023-02-10,true
DEVICE-008476,Feature Phone,PERSON-000823,iOS,2023-02-10,2023-02-10,true
DEVICE-008477,Tablet,PERSON-001492,Android,2023-02-10,2023-02-10,true
DEVICE-008478,Feature Phone,PERSON-000838,iOS,2023-02-10,2023-02-10,true
DEVICE-008479,Tablet,PERSON-000121,iOS,2023-10-30,2023-10-30,true
DEVICE-008480,Tablet,PERSON-000121,Android,2023-10-30,2023-10-30,true
DEVICE-008481,Tablet,PERSON-000921,iOS,2023-10-30,2023-10-30,true
DEVICE-008482,Feature Phone,PERSON-001965,Android,2023-10-30,2023-10-30,true
DEVICE-008483,Feature Phone,PERSON-001992,Android,2023-10-30,2023-10-30,true
DEVICE-008484,Feature Phone,PERSON-001992,Android,2023-10-30,2023-10-30,true
DEVICE-008485,Feature Phone,PERSON-002999,iOS,2023-10-30,2023-10-30,true
DEVICE-008486,Smartphone,PERSON-001542,iOS,2023-06-01,2023-06-01,true
DEVICE-008487,Feature Phone,PERSON-001363,iOS,2023-06-01,2023-06-01,true
DEVICE-008488,Tablet,PERSON-000635,iOS,2023-06-01,2023-06-01,true
DEVICE-008489,Smartphone,PERSON-000886,Android,2023-06-01,2023-06-01,true
DEVICE-008490,Feature Phone,PERSON-002896,Android,2023-06-01,2023-06-01,true
DEVICE-008491,Smartphone,PERSON-002847,Android,2023-06-01,2023-06-01,true
DEVICE-008492,Tablet,PERSON-001847,iOS,2023-06-01,2023-06-01,true
DEVICE-008493,Feature Phone,PERSON-000789,iOS,2023-06-01,2023-06-01,true
DEVICE-008494,Feature Phone,PERSON-001480,Android,2023-06-01,2023-06-01,true
DEVICE-008495,Smartphone,PERSON-001480,Android,2023-06-01,2023-06-01,true
DEVICE-008496,Smartphone,PERSON-001664,Android,2023-02-07,2023-02-07,true
DEVICE-008497,Feature Phone,PERSON-000919,Android,2023-02-07,2023-02-07,true
DEVICE-008498,Smartphone,PERSON-000919,Android,2023-02-07,2023-02-07,true
DEVICE-008499,Tablet,PERSON-002675,Android,2023-02-07,2023-02-07,true
DEVICE-008500,Feature Phone,PERSON-001343,Android,2023-02-07,2023-02-07,true
DEVICE-008501,Smartphone,PERSON-002998,iOS,2023-02-07,2023-02-07,true
DEVICE-008502,Smartphone,PERSON-002998,iOS,2023-02-07,2023-02-07,true
DEVICE-008503,Feature Phone,PERSON-000106,Android,2023-02-07,2023-02-07,true
DEVICE-008504,Smartphone,PERSON-002835,Android,2023-02-07,2023-02-07,true
DEVICE-008505,Tablet,PERSON-001315,Android,2023-02-07,2023-02-07,true
DEVICE-008506,Tablet,PERSON-000584,Android,2023-02-07,2023-02-07,true
DEVICE-008507,Feature Phone,PERSON-000697,Android,2023-02-07,2023-02-07,true
DEVICE-008508,Smartphone,PERSON-002020,iOS,2023-08-24,2023-08-24,true
DEVICE-008509,Tablet,PERSON-002873,iOS,2023-08-24,2023-08-24,true
DEVICE-008510,Feature Phone,PERSON-001965,Android,2023-08-24,2023-08-24,true
DEVICE-008511,Feature Phone,PERSON-000083,Android,2023-08-24,2023-08-24,true
DEVICE-008512,Tablet,PERSON-001543,Android,2023-08-24,2023-08-24,true
DEVICE-008513,Smartphone,PERSON-001205,Android,2023-08-24,2023-08-24,true
DEVICE-008514,Tablet,PERSON-001880,Android,2023-08-24,2023-08-24,true
DEVICE-008515,Feature Phone,PERSON-000621,Android,2023-08-24,2023-08-24,true
DEVICE-008516,Smartphone,PERSON-000357,iOS,2023-08-24,2023-08-24,true
DEVICE-008517,Tablet,PERSON-001955,iOS,2023-11-27,2023-11-27,true
DEVICE-008518,Tablet,PERSON-002986,Android,2023-11-27,2023-11-27,true
DEVICE-008519,Feature Phone,PERSON-002759,Android,2023-11-27,2023-11-27,true
DEVICE-008520,Feature Phone,PERSON-001071,Android,2023-11-27,2023-11-27,true
DEVICE-008521,Tablet,PERSON-002068,Android,2023-11-27,2023-11-27,true
DEVICE-008522,Tablet,PERSON-001664,Android,2023-08-01,2023-08-01,true
DEVICE-008523,Smartphone,PERSON-001343,iOS,2023-08-01,2023-08-01,true
DEVICE-008524,Feature Phone,PERSON-001343,Android,2023-08-01,2023-08-01,true
DEVICE-008525,Smartphone,PERSON-002998,iOS,2023-08-01,2023-08-01,true
DEVICE-008526,Tablet,PERSON-002750,Android,2023-08-01,2023-08-01,true
DEVICE-008527,Feature Phone,PERSON-000948,iOS,2023-08-01,2023-08-01,true
DEVICE-008528,Feature Phone,PERSON-000948,iOS,2023-08-01,2023-08-01,true
DEVICE-008529,Smartphone,PERSON-001315,Android,2023-08-01,2023-08-01,true
DEVICE-008530,Feature Phone,PERSON-000576,iOS,2023-08-01,2023-08-01,true
DEVICE-008531,Tablet,PERSON-002757,iOS,2023-08-01,2023-08-01,true
DEVICE-008532,Tablet,PERSON-000904,Android,2023-08-01,2023-08-01,true
DEVICE-008533,Smartphone,PERSON-000106,Android,2023-08-01,2023-08-01,true
DEVICE-008534,Smartphone,PERSON-002715,Android,2023-08-01,2023-08-01,true
DEVICE-008535,Feature Phone,PERSON-002020,Android,2023-01-26,2023-01-26,true
DEVICE-008536,Smartphone,PERSON-002517,iOS,2023-01-26,2023-01-26,true
DEVICE-008537,Tablet,PERSON-002517,iOS,2023-01-26,2023-01-26,true
DEVICE-008538,Smartphone,PERSON-000538,Android,2023-01-26,2023-01-26,true
DEVICE-008539,Tablet,PERSON-000538,Android,2023-01-26,2023-01-26,true
DEVICE-008540,Tablet,PERSON-002829,iOS,2023-01-26,2023-01-26,true
DEVICE-008541,Tablet,PERSON-000120,Android,2023-01-26,2023-01-26,true
DEVICE-008542,Feature Phone,PERSON-002873,iOS,2023-01-26,2023-01-26,true
DEVICE-008543,Tablet,PERSON-000921,iOS,2023-01-26,2023-01-26,true
DEVICE-008544,Feature Phone,PERSON-001543,Android,2023-01-26,2023-01-26,true
DEVICE-008545,Smartphone,PERSON-001543,iOS,2023-01-26,2023-01-26,true
DEVICE-008546,Tablet,PERSON-000621,Android,2023-01-26,2023-01-26,true
DEVICE-008547,Tablet,PERSON-000765,iOS,2023-01-26,2023-01-26,true
DEVICE-008548,Tablet,PERSON-002675,iOS,2023-01-13,2023-01-13,true
DEVICE-008549,Tablet,PERSON-002675,iOS,2023-01-13,2023-01-13,true
DEVICE-008550,Feature Phone,PERSON-001596,Android,2023-01-13,2023-01-13,true
DEVICE-008551,Tablet,PERSON-001363,Android,2023-01-13,2023-01-13,true
DEVICE-008552,Feature Phone,PERSON-000060,iOS,2023-01-13,2023-01-13,true
DEVICE-008553,Tablet,PERSON-000832,iOS,2023-01-13,2023-01-13,true
DEVICE-008554,Feature Phone,PERSON-001480,Android,2023-01-13,2023-01-13,true
DEVICE-008555,Smartphone,PERSON-002713,iOS,2023-01-13,2023-01-13,true
DEVICE-008556,Feature Phone,PERSON-000497,Android,2023-01-13,2023-01-13,true
DEVICE-008557,Smartphone,PERSON-000497,iOS,2023-01-13,2023-01-13,true
DEVICE-008558,Feature Phone,PERSON-001847,Android,2023-01-13,2023-01-13,true
DEVICE-008559,Smartphone,PERSON-001847,iOS,2023-01-13,2023-01-13,true
DEVICE-008560,Feature Phone,PERSON-000635,iOS,2023-01-13,2023-01-13,true
DEVICE-008561,Tablet,PERSON-000635,Android,2023-01-13,2023-01-13,true
DEVICE-008562,Tablet,PERSON-000146,iOS,2023-05-15,2023-05-15,true
DEVICE-008563,Smartphone,PERSON-001664,iOS,2023-05-15,2023-05-15,true
DEVICE-008564,Feature Phone,PERSON-000351,Android,2023-05-15,2023-05-15,true
DEVICE-008565,Feature Phone,PERSON-002750,iOS,2023-05-15,2023-05-15,true
DEVICE-008566,Tablet,PERSON-001041,iOS,2023-05-15,2023-05-15,true
DEVICE-008567,Smartphone,PERSON-001041,Android,2023-05-15,2023-05-15,true
DEVICE-008568,Smartphone,PERSON-001670,Android,2023-05-15,2023-05-15,true
DEVICE-008569,Feature Phone,PERSON-002737,Android,2023-02-05,2023-02-05,true
DEVICE-008570,Smartphone,PERSON-000366,Android,2023-02-05,2023-02-05,true
DEVICE-008571,Tablet,PERSON-002417,iOS,2023-02-05,2023-02-05,true
DEVICE-008572,Smartphone,PERSON-001687,Android,2023-02-05,2023-02-05,true
DEVICE-008573,Smartphone,PERSON-000710,iOS,2023-02-05,2023-02-05,true
DEVICE-008574,Smartphone,PERSON-000207,iOS,2023-02-05,2023-02-05,true
DEVICE-008575,Smartphone,PERSON-000207,iOS,2023-02-05,2023-02-05,true
DEVICE-008576,Smartphone,PERSON-000111,Android,2023-02-05,2023-02-05,true
DEVICE-008577,Tablet,PERSON-000111,Android,2023-02-05,2023-02-05,true
DEVICE-008578,Tablet,PERSON-000245,iOS,2023-08-09,2023-08-09,true
DEVICE-008579,Tablet,PERSON-000943,Android,2023-08-09,2023-08-09,true
DEVICE-008580,Tablet,PERSON-000943,Android,2023-08-09,2023-08-09,true
DEVICE-008581,Feature Phone,PERSON-002150,Android,2023-08-09,2023-08-09,true
DEVICE-008582,Feature Phone,PERSON-002304,iOS,2023-08-09,2023-08-09,true
DEVICE-008583,Smartphone,PERSON-001691,iOS,2023-08-09,2023-08-09,true
DEVICE-008584,Tablet,PERSON-001691,iOS,2023-08-09,2023-08-09,true
DEVICE-008585,Tablet,PERSON-001847,iOS,2023-08-09,2023-08-09,true
DEVICE-008586,Tablet,PERSON-001343,Android,2023-09-24,2023-09-24,true
DEVICE-008587,Feature Phone,PERSON-002998,iOS,2023-09-24,2023-09-24,true
DEVICE-008588,Smartphone,PERSON-002835,Android,2023-09-24,2023-09-24,true
DEVICE-008589,Smartphone,PERSON-000948,Android,2023-09-24,2023-09-24,true
DEVICE-008590,Feature Phone,PERSON-001315,iOS,2023-09-24,2023-09-24,true
DEVICE-008591,Feature Phone,PERSON-001315,iOS,2023-09-24,2023-09-24,true
DEVICE-008592,Tablet,PERSON-000576,iOS,2023-09-24,2023-09-24,true
DEVICE-008593,Tablet,PERSON-000904,iOS,2023-09-24,2023-09-24,true
DEVICE-008594,Smartphone,PERSON-000584,Android,2023-09-24,2023-09-24,true
DEVICE-008595,Tablet,PERSON-000697,Android,2023-09-24,2023-09-24,true
DEVICE-008596,Tablet,PERSON-000230,Android,2023-09-24,2023-09-24,true
DEVICE-008597,Feature Phone,PERSON-002715,iOS,2023-09-24,2023-09-24,true
DEVICE-008598,Feature Phone,PERSON-001334,Android,2023-08-15,2023-08-15,true
DEVICE-008599,Smartphone,PERSON-000260,Android,2023-08-15,2023-08-15,true
DEVICE-008600,Smartphone,PERSON-000825,iOS,2023-08-15,2023-08-15,true
DEVICE-008601,Feature Phone,PERSON-000943,iOS,2023-08-15,2023-08-15,true
DEVICE-008602,Smartphone,PERSON-002397,iOS,2023-08-15,2023-08-15,true
DEVICE-008603,Smartphone,PERSON-001747,iOS,2023-08-15,2023-08-15,true
DEVICE-008604,Feature Phone,PERSON-002408,iOS,2023-08-15,2023-08-15,true
DEVICE-008605,Tablet,PERSON-001578,Android,2023-08-15,2023-08-15,true
DEVICE-008606,Feature Phone,PERSON-001691,iOS,2023-08-15,2023-08-15,true
DEVICE-008607,Feature Phone,PERSON-000260,iOS,2023-10-07,2023-10-07,true
DEVICE-008608,Tablet,PERSON-000260,iOS,2023-10-07,2023-10-07,true
DEVICE-008609,Feature Phone,PERSON-000825,iOS,2023-10-07,2023-10-07,true
DEVICE-008610,Feature Phone,PERSON-000825,Android,2023-10-07,2023-10-07,true
DEVICE-008611,Tablet,PERSON-001780,Android,2023-10-07,2023-10-07,true
DEVICE-008612,Tablet,PERSON-002846,iOS,2023-10-07,2023-10-07,true
DEVICE-008613,Feature Phone,PERSON-002846,iOS,2023-10-07,2023-10-07,true
DEVICE-008614,Smartphone,PERSON-000207,Android,2023-10-07,2023-10-07,true
DEVICE-008615,Feature Phone,PERSON-000207,iOS,2023-10-07,2023-10-07,true
DEVICE-008616,Tablet,PERSON-002304,Android,2023-10-07,2023-10-07,true
DEVICE-008617,Tablet,PERSON-002304,iOS,2023-10-07,2023-10-07,true
DEVICE-008618,Smartphone,PERSON-001847,iOS,2023-10-07,2023-10-07,true
DEVICE-008619,Tablet,PERSON-002675,iOS,2023-01-23,2023-01-23,true
DEVICE-008620,Tablet,PERSON-001596,Android,2023-01-23,2023-01-23,true
DEVICE-008621,Tablet,PERSON-001363,iOS,2023-01-23,2023-01-23,true
DEVICE-008622,Feature Phone,PERSON-000060,Android,2023-01-23,2023-01-23,true
DEVICE-008623,Tablet,PERSON-001141,iOS,2023-01-23,2023-01-23,true
DEVICE-008624,Feature Phone,PERSON-001141,Android,2023-01-23,2023-01-23,true
DEVICE-008625,Feature Phone,PERSON-001847,iOS,2023-01-23,2023-01-23,true
DEVICE-008626,Smartphone,PERSON-002922,Android,2023-01-23,2023-01-23,true
DEVICE-008627,Tablet,PERSON-001334,Android,2023-03-04,2023-03-04,true
DEVICE-008628,Smartphone,PERSON-001334,Android,2023-03-04,2023-03-04,true
DEVICE-008629,Feature Phone,PERSON-002675,iOS,2023-03-04,2023-03-04,true
DEVICE-008630,Feature Phone,PERSON-001596,Android,2023-03-04,2023-03-04,true
DEVICE-008631,Smartphone,PERSON-001363,iOS,2023-03-04,2023-03-04,true
DEVICE-008632,Feature Phone,PERSON-002896,Android,2023-03-04,2023-03-04,true
DEVICE-008633,Smartphone,PERSON-002896,Android,2023-03-04,2023-03-04,true
DEVICE-008634,Tablet,PERSON-002922,iOS,2023-03-04,2023-03-04,true
DEVICE-008635,Smartphone,PERSON-000611,iOS,2023-10-02,2023-10-02,true
DEVICE-008636,Smartphone,PERSON-000832,iOS,2023-10-02,2023-10-02,true
DEVICE-008637,Smartphone,PERSON-000635,iOS,2023-10-02,2023-10-02,true
DEVICE-008638,Smartphone,PERSON-000470,Android,2023-10-02,2023-10-02,true
DEVICE-008639,Feature Phone,PERSON-002847,iOS,2023-10-02,2023-10-02,true
DEVICE-008640,Tablet,PERSON-001480,iOS,2023-10-02,2023-10-02,true
DEVICE-008641,Feature Phone,PERSON-001480,Android,2023-10-02,2023-10-02,true
DEVICE-008642,Tablet,PERSON-002922,Android,2023-10-02,2023-10-02,true
DEVICE-008643,Smartphone,PERSON-001259,Android,2023-10-30,2023-10-30,true
DEVICE-008644,Tablet,PERSON-000850,Android,2023-10-30,2023-10-30,true
DEVICE-008645,Tablet,PERSON-001861,Android,2023-10-30,2023-10-30,true
DEVICE-008646,Feature Phone,PERSON-001861,iOS,2023-10-30,2023-10-30,true
DEVICE-008647,Tablet,PERSON-002574,iOS,2023-10-30,2023-10-30,true
DEVICE-008648,Tablet,PERSON-000580,iOS,2023-10-30,2023-10-30,true
DEVICE-008649,Tablet,PERSON-000063,iOS,2023-10-30,2023-10-30,true
DEVICE-008650,Tablet,PERSON-000063,iOS,2023-10-30,2023-10-30,true
DEVICE-008651,Smartphone,PERSON-000863,iOS,2023-10-30,2023-10-30,true
DEVICE-008652,Smartphone,PERSON-002757,iOS,2023-10-30,2023-10-30,true
DEVICE-008653,Smartphone,PERSON-001589,iOS,2023-10-30,2023-10-30,true
DEVICE-008654,Tablet,PERSON-000825,Android,2023-08-14,2023-08-14,true
DEVICE-008655,Feature Phone,PERSON-001747,iOS,2023-08-14,2023-08-14,true
DEVICE-008656,Tablet,PERSON-002846,iOS,2023-08-14,2023-08-14,true
DEVICE-008657,Feature Phone,PERSON-002304,Android,2023-08-14,2023-08-14,true
DEVICE-008658,Feature Phone,PERSON-000305,Android,2023-08-14,2023-08-14,true
DEVICE-008659,Feature Phone,PERSON-001029,iOS,2023-08-14,2023-08-14,true
DEVICE-008660,Feature Phone,PERSON-000081,Android,2023-01-23,2023-01-23,true
DEVICE-008661,Tablet,PERSON-001259,iOS,2023-01-23,2023-01-23,true
DEVICE-008662,Smartphone,PERSON-001259,iOS,2023-01-23,2023-01-23,true
DEVICE-008663,Smartphone,PERSON-000850,iOS,2023-01-23,2023-01-23,true
DEVICE-008664,Feature Phone,PERSON-001861,Android,2023-01-23,2023-01-23,true
DEVICE-008665,Smartphone,PERSON-001861,iOS,2023-01-23,2023-01-23,true
DEVICE-008666,Feature Phone,PERSON-000063,Android,2023-01-23,2023-01-23,true
DEVICE-008667,Tablet,PERSON-000063,iOS,2023-01-23,2023-01-23,true
DEVICE-008668,Feature Phone,PERSON-000863,Android,2023-01-23,2023-01-23,true
DEVICE-008669,Tablet,PERSON-001589,iOS,2023-01-23,2023-01-23,true
DEVICE-008670,Smartphone,PERSON-002393,Android,2023-06-04,2023-06-04,true
DEVICE-008671,Tablet,PERSON-002821,Android,2023-06-04,2023-06-04,true
DEVICE-008672,Smartphone,PERSON-002821,Android,2023-06-04,2023-06-04,true
DEVICE-008673,Feature Phone,PERSON-001558,iOS,2023-06-04,2023-06-04,true
DEVICE-008674,Tablet,PERSON-001558,Android,2023-06-04,2023-06-04,true
DEVICE-008675,Tablet,PERSON-000540,iOS,2023-06-04,2023-06-04,true
DEVICE-008676,Smartphone,PERSON-001474,iOS,2023-06-04,2023-06-04,true
DEVICE-008677,Feature Phone,PERSON-000180,Android,2023-06-04,2023-06-04,true
DEVICE-008678,Tablet,PERSON-000180,iOS,2023-06-04,2023-06-04,true
DEVICE-008679,Feature Phone,PERSON-000267,iOS,2023-06-04,2023-06-04,true
DEVICE-008680,Feature Phone,PERSON-000792,Android,2023-06-04,2023-06-04,true
DEVICE-008681,Tablet,PERSON-002900,Android,2023-06-04,2023-06-04,true
DEVICE-008682,Smartphone,PERSON-002618,iOS,2023-06-04,2023-06-04,true
DEVICE-008683,Tablet,PERSON-001757,iOS,2023-06-04,2023-06-04,true
DEVICE-008684,Feature Phone,PERSON-001757,iOS,2023-06-04,2023-06-04,true
DEVICE-008685,Feature Phone,PERSON-000146,Android,2023-09-13,2023-09-13,true
DEVICE-008686,Smartphone,PERSON-000473,iOS,2023-09-13,2023-09-13,true
DEVICE-008687,Tablet,PERSON-000047,iOS,2023-09-13,2023-09-13,true
DEVICE-008688,Smartphone,PERSON-000217,Android,2023-09-13,2023-09-13,true
DEVICE-008689,Tablet,PERSON-001768,iOS,2023-09-13,2023-09-13,true
DEVICE-008690,Feature Phone,PERSON-001768,iOS,2023-09-13,2023-09-13,true
DEVICE-008691,Tablet,PERSON-002223,Android,2023-09-13,2023-09-13,true
DEVICE-008692,Smartphone,PERSON-000556,Android,2023-09-13,2023-09-13,true
DEVICE-008693,Tablet,PERSON-000850,iOS,2023-06-20,2023-06-20,true
DEVICE-008694,Feature Phone,PERSON-001861,Android,2023-06-20,2023-06-20,true
DEVICE-008695,Tablet,PERSON-002574,iOS,2023-06-20,2023-06-20,true
DEVICE-008696,Smartphone,PERSON-000863,iOS,2023-06-20,2023-06-20,true
DEVICE-008697,Smartphone,PERSON-000063,iOS,2023-06-20,2023-06-20,true
DEVICE-008698,Smartphone,PERSON-002757,iOS,2023-06-20,2023-06-20,true
DEVICE-008699,Tablet,PERSON-001589,iOS,2023-06-20,2023-06-20,true
DEVICE-008700,Feature Phone,PERSON-000898,Android,2023-06-20,2023-06-20,true
DEVICE-008701,Feature Phone,PERSON-002517,iOS,2023-12-09,2023-12-09,true
DEVICE-008702,Feature Phone,PERSON-002020,iOS,2023-12-09,2023-12-09,true
DEVICE-008703,Smartphone,PERSON-002873,Android,2023-12-09,2023-12-09,true
DEVICE-008704,Feature Phone,PERSON-001898,Android,2023-12-09,2023-12-09,true
DEVICE-008705,Smartphone,PERSON-001992,Android,2023-12-09,2023-12-09,true
DEVICE-008706,Tablet,PERSON-000863,Android,2023-12-09,2023-12-09,true
DEVICE-008707,Feature Phone,PERSON-002745,iOS,2023-12-09,2023-12-09,true
DEVICE-008708,Smartphone,PERSON-000488,iOS,2023-12-09,2023-12-09,true
DEVICE-008709,Smartphone,PERSON-000765,Android,2023-12-09,2023-12-09,true
DEVICE-008710,Feature Phone,PERSON-000765,iOS,2023-12-09,2023-12-09,true
DEVICE-008711,Feature Phone,PERSON-000357,iOS,2023-12-09,2023-12-09,true
DEVICE-008712,Tablet,PERSON-001205,iOS,2023-12-09,2023-12-09,true
DEVICE-008713,Feature Phone,PERSON-002821,Android,2023-04-09,2023-04-09,true
DEVICE-008714,Smartphone,PERSON-002821,iOS,2023-04-09,2023-04-09,true
DEVICE-008715,Feature Phone,PERSON-000540,Android,2023-04-09,2023-04-09,true
DEVICE-008716,Tablet,PERSON-001474,iOS,2023-04-09,2023-04-09,true
DEVICE-008717,Tablet,PERSON-001262,Android,2023-04-09,2023-04-09,true
DEVICE-008718,Tablet,PERSON-000180,Android,2023-04-09,2023-04-09,true
DEVICE-008719,Feature Phone,PERSON-000180,iOS,2023-04-09,2023-04-09,true
DEVICE-008720,Tablet,PERSON-001610,Android,2023-04-09,2023-04-09,true
DEVICE-008721,Tablet,PERSON-000792,iOS,2023-04-09,2023-04-09,true
DEVICE-008722,Feature Phone,PERSON-002900,iOS,2023-04-09,2023-04-09,true
DEVICE-008723,Tablet,PERSON-002618,iOS,2023-04-09,2023-04-09,true
DEVICE-008724,Feature Phone,PERSON-002618,iOS,2023-04-09,2023-04-09,true
DEVICE-008725,Smartphone,PERSON-000440,Android,2023-04-09,2023-04-09,true
DEVICE-008726,Tablet,PERSON-001757,iOS,2023-04-09,2023-04-09,true
DEVICE-008727,Tablet,PERSON-000081,Android,2023-07-17,2023-07-17,true
DEVICE-008728,Smartphone,PERSON-000850,Android,2023-07-17,2023-07-17,true
DEVICE-008729,Tablet,PERSON-001861,Android,2023-07-17,2023-07-17,true
DEVICE-008730,Tablet,PERSON-000063,Android,2023-07-17,2023-07-17,true
DEVICE-008731,Tablet,PERSON-000863,Android,2023-07-17,2023-07-17,true
DEVICE-008732,Feature Phone,PERSON-000863,iOS,2023-07-17,2023-07-17,true
DEVICE-008733,Feature Phone,PERSON-002757,iOS,2023-07-17,2023-07-17,true
DEVICE-008734,Smartphone,PERSON-001131,iOS,2023-01-07,2023-01-07,true
DEVICE-008735,Smartphone,PERSON-002758,iOS,2023-01-07,2023-01-07,true
DEVICE-008736,Feature Phone,PERSON-000566,Android,2023-01-07,2023-01-07,true
DEVICE-008737,Smartphone,PERSON-001127,iOS,2023-01-07,2023-01-07,true
DEVICE-008738,Tablet,PERSON-002847,iOS,2023-01-07,2023-01-07,true
DEVICE-008739,Feature Phone,PERSON-002847,iOS,2023-01-07,2023-01-07,true
DEVICE-008740,Tablet,PERSON-001552,Android,2023-01-07,2023-01-07,true
DEVICE-008741,Smartphone,PERSON-000245,Android,2023-08-07,2023-08-07,true
DEVICE-008742,Smartphone,PERSON-001182,Android,2023-08-07,2023-08-07,true
DEVICE-008743,Tablet,PERSON-001578,iOS,2023-08-07,2023-08-07,true
DEVICE-008744,Feature Phone,PERSON-002304,Android,2023-08-07,2023-08-07,true
DEVICE-008745,Smartphone,PERSON-002393,Android,2023-08-07,2023-08-07,true
DEVICE-008746,Feature Phone,PERSON-001029,iOS,2023-08-07,2023-08-07,true
DEVICE-008747,Smartphone,PERSON-000648,iOS,2023-06-20,2023-06-20,true
DEVICE-008748,Feature Phone,PERSON-001071,Android,2023-06-20,2023-06-20,true
DEVICE-008749,Feature Phone,PERSON-001788,iOS,2023-06-20,2023-06-20,true
DEVICE-008750,Tablet,PERSON-000898,iOS,2023-06-20,2023-06-20,true
DEVICE-008751,Tablet,PERSON-000106,Android,2023-06-20,2023-06-20,true
DEVICE-008752,Smartphone,PERSON-001667,Android,2023-08-30,2023-08-30,true
DEVICE-008753,Feature Phone,PERSON-000146,Android,2023-08-30,2023-08-30,true
DEVICE-008754,Smartphone,PERSON-000351,Android,2023-08-30,2023-08-30,true
DEVICE-008755,Tablet,PERSON-000351,iOS,2023-08-30,2023-08-30,true
DEVICE-008756,Tablet,PERSON-001558,Android,2023-08-30,2023-08-30,true
DEVICE-008757,Smartphone,PERSON-000092,iOS,2023-08-30,2023-08-30,true
DEVICE-008758,Tablet,PERSON-002750,iOS,2023-08-30,2023-08-30,true
DEVICE-008759,Tablet,PERSON-001041,iOS,2023-08-30,2023-08-30,true
DEVICE-008760,Tablet,PERSON-001589,iOS,2023-08-30,2023-08-30,true
DEVICE-008761,Smartphone,PERSON-001589,iOS,2023-08-30,2023-08-30,true
DEVICE-008762,Tablet,PERSON-001670,iOS,2023-08-30,2023-08-30,true
DEVICE-008763,Smartphone,PERSON-000473,Android,2023-09-06,2023-09-06,true
DEVICE-008764,Feature Phone,PERSON-000414,iOS,2023-09-06,2023-09-06,true
DEVICE-008765,Feature Phone,PERSON-002417,iOS,2023-09-06,2023-09-06,true
DEVICE-008766,Tablet,PERSON-001687,iOS,2023-09-06,2023-09-06,true
DEVICE-008767,Feature Phone,PERSON-001381,iOS,2023-09-06,2023-09-06,true
DEVICE-008768,Tablet,PERSON-001381,Android,2023-09-06,2023-09-06,true
DEVICE-008769,Tablet,PERSON-002105,iOS,2023-09-06,2023-09-06,true
DEVICE-008770,Smartphone,PERSON-001869,iOS,2023-09-06,2023-09-06,true
DEVICE-008771,Feature Phone,PERSON-000784,Android,2023-06-02,2023-06-02,true
DEVICE-008772,Tablet,PERSON-000717,iOS,2023-06-02,2023-06-02,true
DEVICE-008773,Smartphone,PERSON-000717,Android,2023-06-02,2023-06-02,true
DEVICE-008774,Smartphone,PERSON-001234,iOS,2023-06-02,2023-06-02,true
DEVICE-008775,Feature Phone,PERSON-001182,iOS,2023-06-02,2023-06-02,true
DEVICE-008776,Tablet,PERSON-000622,iOS,2023-06-02,2023-06-02,true
DEVICE-008777,Smartphone,PERSON-002164,Android,2023-06-02,2023-06-02,true
DEVICE-008778,Tablet,PERSON-001519,iOS,2023-06-02,2023-06-02,true
DEVICE-008779,Feature Phone,PERSON-001519,iOS,2023-06-02,2023-06-02,true
DEVICE-008780,Tablet,PERSON-002020,Android,2023-10-20,2023-10-20,true
DEVICE-008781,Feature Phone,PERSON-002517,iOS,2023-10-20,2023-10-20,true
DEVICE-008782,Feature Phone,PERSON-002279,iOS,2023-10-20,2023-10-20,true
DEVICE-008783,Feature Phone,PERSON-001544,iOS,2023-10-20,2023-10-20,true
DEVICE-008784,Smartphone,PERSON-001898,Android,2023-10-20,2023-10-20,true
DEVICE-008785,Tablet,PERSON-001965,Android,2023-10-20,2023-10-20,true
DEVICE-008786,Smartphone,PERSON-000621,Android,2023-10-20,2023-10-20,true
DEVICE-008787,Tablet,PERSON-000063,Android,2023-10-20,2023-10-20,true
DEVICE-008788,Smartphone,PERSON-000083,Android,2023-10-20,2023-10-20,true
DEVICE-008789,Tablet,PERSON-002999,iOS,2023-10-20,2023-10-20,true
DEVICE-008790,Smartphone,PERSON-000357,Android,2023-10-20,2023-10-20,true
DEVICE-008791,Tablet,PERSON-002821,Android,2023-03-18,2023-03-18,true
DEVICE-008792,Smartphone,PERSON-000540,iOS,2023-03-18,2023-03-18,true
DEVICE-008793,Smartphone,PERSON-001262,Android,2023-03-18,2023-03-18,true
DEVICE-008794,Tablet,PERSON-000267,Android,2023-03-18,2023-03-18,true
DEVICE-008795,Tablet,PERSON-002689,iOS,2023-03-18,2023-03-18,true
DEVICE-008796,Tablet,PERSON-001757,iOS,2023-03-18,2023-03-18,true
DEVICE-008797,Smartphone,PERSON-001664,Android,2023-01-19,2023-01-19,true
DEVICE-008798,Smartphone,PERSON-002675,Android,2023-01-19,2023-01-19,true
DEVICE-008799,Smartphone,PERSON-002835,Android,2023-01-19,2023-01-19,true
DEVICE-008800,Tablet,PERSON-002835,iOS,2023-01-19,2023-01-19,true
DEVICE-008801,Feature Phone,PERSON-000576,iOS,2023-01-19,2023-01-19,true
DEVICE-008802,Smartphone,PERSON-001315,Android,2023-01-19,2023-01-19,true
DEVICE-008803,Feature Phone,PERSON-002728,Android,2023-01-19,2023-01-19,true
DEVICE-008804,Tablet,PERSON-000230,iOS,2023-01-19,2023-01-19,true
DEVICE-008805,Tablet,PERSON-002715,Android,2023-01-19,2023-01-19,true
DEVICE-008806,Tablet,PERSON-002715,Android,2023-01-19,2023-01-19,true
DEVICE-008807,Feature Phone,PERSON-001135,Android,2023-08-01,2023-08-01,true
DEVICE-008808,Smartphone,PERSON-000046,iOS,2023-08-01,2023-08-01,true
DEVICE-008809,Feature Phone,PERSON-001315,iOS,2023-08-01,2023-08-01,true
DEVICE-008810,Feature Phone,PERSON-000920,Android,2023-08-01,2023-08-01,true
DEVICE-008811,Smartphone,PERSON-000390,iOS,2023-08-01,2023-08-01,true
DEVICE-008812,Smartphone,PERSON-002757,iOS,2023-10-03,2023-10-03,true
DEVICE-008813,Tablet,PERSON-002788,iOS,2023-10-03,2023-10-03,true
DEVICE-008814,Smartphone,PERSON-000712,Android,2023-10-03,2023-10-03,true
DEVICE-008815,Smartphone,PERSON-002444,iOS,2023-10-03,2023-10-03,true
DEVICE-008816,Smartphone,PERSON-002444,Android,2023-10-03,2023-10-03,true
DEVICE-008817,Smartphone,PERSON-001343,iOS,2023-05-25,2023-05-25,true
DEVICE-008818,Smartphone,PERSON-002998,iOS,2023-05-25,2023-05-25,true
DEVICE-008819,Feature Phone,PERSON-002998,iOS,2023-05-25,2023-05-25,true
DEVICE-008820,Tablet,PERSON-002835,iOS,2023-05-25,2023-05-25,true
DEVICE-008821,Tablet,PERSON-000948,iOS,2023-05-25,2023-05-25,true
DEVICE-008822,Feature Phone,PERSON-002757,Android,2023-05-25,2023-05-25,true
DEVICE-008823,Smartphone,PERSON-002757,Android,2023-05-25,2023-05-25,true
DEVICE-008824,Feature Phone,PERSON-000904,iOS,2023-05-25,2023-05-25,true
DEVICE-008825,Feature Phone,PERSON-000106,iOS,2023-05-25,2023-05-25,true
DEVICE-008826,Feature Phone,PERSON-000230,Android,2023-05-25,2023-05-25,true
DEVICE-008827,Feature Phone,PERSON-001214,iOS,2023-05-25,2023-05-25,true
DEVICE-008828,Feature Phone,PERSON-001334,Android,2023-05-24,2023-05-24,true
DEVICE-008829,Feature Phone,PERSON-000499,iOS,2023-05-24,2023-05-24,true
DEVICE-008830,Feature Phone,PERSON-000245,Android,2023-05-24,2023-05-24,true
DEVICE-008831,Feature Phone,PERSON-000825,Android,2023-05-24,2023-05-24,true
DEVICE-008832,Smartphone,PERSON-001780,Android,2023-05-24,2023-05-24,true
DEVICE-008833,Feature Phone,PERSON-001780,iOS,2023-05-24,2023-05-24,true
DEVICE-008834,Tablet,PERSON-000943,Android,2023-05-24,2023-05-24,true
DEVICE-008835,Feature Phone,PERSON-000943,Android,2023-05-24,2023-05-24,true
DEVICE-008836,Smartphone,PERSON-001578,iOS,2023-05-24,2023-05-24,true
DEVICE-008837,Tablet,PERSON-001214,Android,2023-05-24,2023-05-24,true
DEVICE-008838,Feature Phone,PERSON-001214,Android,2023-05-24,2023-05-24,true
DEVICE-008839,Smartphone,PERSON-001691,Android,2023-05-24,2023-05-24,true
DEVICE-008840,Smartphone,PERSON-001847,Android,2023-05-24,2023-05-24,true
DEVICE-008841,Tablet,PERSON-001425,Android,2023-07-24,2023-07-24,true
DEVICE-008842,Tablet,PERSON-000822,Android,2023-07-24,2023-07-24,true
DEVICE-008843,Tablet,PERSON-002986,Android,2023-07-24,2023-07-24,true
DEVICE-008844,Smartphone,PERSON-001093,iOS,2023-07-24,2023-07-24,true
DEVICE-008845,Feature Phone,PERSON-001093,iOS,2023-07-24,2023-07-24,true
DEVICE-008846,Feature Phone,PERSON-001071,iOS,2023-07-24,2023-07-24,true
DEVICE-008847,Smartphone,PERSON-001071,Android,2023-07-24,2023-07-24,true
DEVICE-008848,Smartphone,PERSON-000613,Android,2023-07-24,2023-07-24,true
DEVICE-008849,Feature Phone,PERSON-002068,iOS,2023-07-24,2023-07-24,true
DEVICE-008850,Feature Phone,PERSON-000233,Android,2023-12-05,2023-12-05,true
DEVICE-008851,Feature Phone,PERSON-001615,iOS,2023-12-05,2023-12-05,true
DEVICE-008852,Tablet,PERSON-001059,Android,2023-12-05,2023-12-05,true
DEVICE-008853,Smartphone,PERSON-001059,iOS,2023-12-05,2023-12-05,true
DEVICE-008854,Feature Phone,PERSON-001880,Android,2023-12-05,2023-12-05,true
DEVICE-008855,Smartphone,PERSON-000792,iOS,2023-12-05,2023-12-05,true
DEVICE-008856,Smartphone,PERSON-002122,Android,2023-12-05,2023-12-05,true
DEVICE-008857,Tablet,PERSON-001664,iOS,2023-10-30,2023-10-30,true
DEVICE-008858,Smartphone,PERSON-002675,iOS,2023-10-30,2023-10-30,true
DEVICE-008859,Feature Phone,PERSON-000948,iOS,2023-10-30,2023-10-30,true
DEVICE-008860,Smartphone,PERSON-002757,iOS,2023-10-30,2023-10-30,true
DEVICE-008861,Feature Phone,PERSON-001668,Android,2023-10-30,2023-10-30,true
DEVICE-008862,Feature Phone,PERSON-000230,Android,2023-10-30,2023-10-30,true
DEVICE-008863,Smartphone,PERSON-001542,iOS,2023-11-15,2023-11-15,true
DEVICE-008864,Smartphone,PERSON-002438,iOS,2023-11-15,2023-11-15,true
DEVICE-008865,Tablet,PERSON-001363,Android,2023-11-15,2023-11-15,true
DEVICE-008866,Smartphone,PERSON-000886,Android,2023-11-15,2023-11-15,true
DEVICE-008867,Tablet,PERSON-002713,iOS,2023-11-15,2023-11-15,true
DEVICE-008868,Feature Phone,PERSON-002713,Android,2023-11-15,2023-11-15,true
DEVICE-008869,Smartphone,PERSON-002105,Android,2023-11-15,2023-11-15,true
DEVICE-008870,Smartphone,PERSON-002922,Android,2023-11-15,2023-11-15,true
DEVICE-008871,Feature Phone,PERSON-000260,Android,2023-07-27,2023-07-27,true
DEVICE-008872,Smartphone,PERSON-001584,iOS,2023-07-27,2023-07-27,true
DEVICE-008873,Feature Phone,PERSON-001584,Android,2023-07-27,2023-07-27,true
DEVICE-008874,Tablet,PERSON-000245,Android,2023-07-27,2023-07-27,true
DEVICE-008875,Feature Phone,PERSON-001691,iOS,2023-07-27,2023-07-27,true
DEVICE-008876,Smartphone,PERSON-002397,iOS,2023-07-27,2023-07-27,true
DEVICE-008877,Feature Phone,PERSON-001747,Android,2023-07-27,2023-07-27,true
DEVICE-008878,Smartphone,PERSON-002846,Android,2023-07-27,2023-07-27,true
DEVICE-008879,Feature Phone,PERSON-002408,Android,2023-07-27,2023-07-27,true
DEVICE-008880,Feature Phone,PERSON-001578,iOS,2023-07-27,2023-07-27,true
DEVICE-008881,Feature Phone,PERSON-002304,Android,2023-07-27,2023-07-27,true
DEVICE-008882,Feature Phone,PERSON-002393,Android,2023-07-27,2023-07-27,true
DEVICE-008883,Smartphone,PERSON-001847,iOS,2023-07-27,2023-07-27,true
DEVICE-008884,Feature Phone,PERSON-001135,Android,2023-11-08,2023-11-08,true
DEVICE-008885,Smartphone,PERSON-001135,Android,2023-11-08,2023-11-08,true
DEVICE-008886,Smartphone,PERSON-000597,iOS,2023-11-08,2023-11-08,true
DEVICE-008887,Smartphone,PERSON-000597,Android,2023-11-08,2023-11-08,true
DEVICE-008888,Feature Phone,PERSON-000860,Android,2023-11-08,2023-11-08,true
DEVICE-008889,Smartphone,PERSON-000860,iOS,2023-11-08,2023-11-08,true
DEVICE-008890,Smartphone,PERSON-000390,iOS,2023-11-08,2023-11-08,true
DEVICE-008891,Feature Phone,PERSON-002660,Android,2023-11-08,2023-11-08,true
DEVICE-008892,Tablet,PERSON-002335,Android,2023-11-08,2023-11-08,true
DEVICE-008893,Smartphone,PERSON-002335,Android,2023-11-08,2023-11-08,true
DEVICE-008894,Smartphone,PERSON-001337,iOS,2023-11-08,2023-11-08,true
DEVICE-008895,Smartphone,PERSON-002558,Android,2023-07-31,2023-07-31,true
DEVICE-008896,Smartphone,PERSON-000717,iOS,2023-07-31,2023-07-31,true
DEVICE-008897,Tablet,PERSON-000667,iOS,2023-07-31,2023-07-31,true
DEVICE-008898,Tablet,PERSON-001658,iOS,2023-07-31,2023-07-31,true
DEVICE-008899,Tablet,PERSON-001890,iOS,2023-07-31,2023-07-31,true
DEVICE-008900,Smartphone,PERSON-002164,iOS,2023-07-31,2023-07-31,true
DEVICE-008901,Feature Phone,PERSON-002499,Android,2023-07-31,2023-07-31,true
DEVICE-008902,Tablet,PERSON-002215,Android,2023-07-31,2023-07-31,true
DEVICE-008903,Tablet,PERSON-000927,Android,2023-01-15,2023-01-15,true
DEVICE-008904,Feature Phone,PERSON-001589,iOS,2023-01-15,2023-01-15,true
DEVICE-008905,Feature Phone,PERSON-001873,Android,2023-01-15,2023-01-15,true
DEVICE-008906,Feature Phone,PERSON-001337,Android,2023-01-15,2023-01-15,true
DEVICE-008907,Smartphone,PERSON-002020,iOS,2023-12-15,2023-12-15,true
DEVICE-008908,Smartphone,PERSON-000120,iOS,2023-12-15,2023-12-15,true
DEVICE-008909,Tablet,PERSON-000765,iOS,2023-12-15,2023-12-15,true
DEVICE-008910,Smartphone,PERSON-001898,Android,2023-12-15,2023-12-15,true
DEVICE-008911,Smartphone,PERSON-002745,iOS,2023-12-15,2023-12-15,true
DEVICE-008912,Tablet,PERSON-002999,iOS,2023-12-15,2023-12-15,true
DEVICE-008913,Tablet,PERSON-000260,Android,2023-04-21,2023-04-21,true
DEVICE-008914,Tablet,PERSON-000245,Android,2023-04-21,2023-04-21,true
DEVICE-008915,Feature Phone,PERSON-000245,Android,2023-04-21,2023-04-21,true
DEVICE-008916,Smartphone,PERSON-000825,Android,2023-04-21,2023-04-21,true
DEVICE-008917,Smartphone,PERSON-001747,iOS,2023-04-21,2023-04-21,true
DEVICE-008918,Smartphone,PERSON-001747,Android,2023-04-21,2023-04-21,true
DEVICE-008919,Feature Phone,PERSON-000374,iOS,2023-04-21,2023-04-21,true
DEVICE-008920,Tablet,PERSON-000374,iOS,2023-04-21,2023-04-21,true
DEVICE-008921,Feature Phone,PERSON-002304,Android,2023-04-21,2023-04-21,true
DEVICE-008922,Smartphone,PERSON-002393,iOS,2023-04-21,2023-04-21,true
DEVICE-008923,Smartphone,PERSON-002821,iOS,2023-03-27,2023-03-27,true
DEVICE-008924,Smartphone,PERSON-001474,iOS,2023-03-27,2023-03-27,true
DEVICE-008925,Smartphone,PERSON-000180,iOS,2023-03-27,2023-03-27,true
DEVICE-008926,Smartphone,PERSON-000180,iOS,2023-03-27,2023-03-27,true
DEVICE-008927,Tablet,PERSON-001262,iOS,2023-03-27,2023-03-27,true
DEVICE-008928,Smartphone,PERSON-000955,Android,2023-03-27,2023-03-27,true
DEVICE-008929,Smartphone,PERSON-000955,iOS,2023-03-27,2023-03-27,true
DEVICE-008930,Smartphone,PERSON-000792,Android,2023-03-27,2023-03-27,true
DEVICE-008931,Tablet,PERSON-000792,iOS,2023-03-27,2023-03-27,true
DEVICE-008932,Tablet,PERSON-000440,Android,2023-03-27,2023-03-27,true
DEVICE-008933,Feature Phone,PERSON-001757,Android,2023-03-27,2023-03-27,true
DEVICE-008934,Tablet,PERSON-001210,iOS,2023-12-01,2023-12-01,true
DEVICE-008935,Smartphone,PERSON-000611,Android,2023-12-01,2023-12-01,true
DEVICE-008936,Tablet,PERSON-002438,Android,2023-12-01,2023-12-01,true
DEVICE-008937,Tablet,PERSON-001596,Android,2023-12-01,2023-12-01,true
DEVICE-008938,Feature Phone,PERSON-000060,Android,2023-12-01,2023-12-01,true
DEVICE-008939,Tablet,PERSON-002713,iOS,2023-12-01,2023-12-01,true
DEVICE-008940,Feature Phone,PERSON-002713,Android,2023-12-01,2023-12-01,true
DEVICE-008941,Tablet,PERSON-002896,iOS,2023-12-01,2023-12-01,true
DEVICE-008942,Smartphone,PERSON-002896,iOS,2023-12-01,2023-12-01,true
DEVICE-008943,Tablet,PERSON-002847,Android,2023-12-01,2023-12-01,true
DEVICE-008944,Smartphone,PERSON-001847,iOS,2023-12-01,2023-12-01,true
DEVICE-008945,Tablet,PERSON-001480,Android,2023-12-01,2023-12-01,true
DEVICE-008946,Smartphone,PERSON-002922,Android,2023-12-01,2023-12-01,true
DEVICE-008947,Feature Phone,PERSON-002922,Android,2023-12-01,2023-12-01,true
DEVICE-008948,Smartphone,PERSON-002821,Android,2023-11-07,2023-11-07,true
DEVICE-008949,Feature Phone,PERSON-001474,iOS,2023-11-07,2023-11-07,true
DEVICE-008950,Feature Phone,PERSON-001115,Android,2023-11-07,2023-11-07,true
DEVICE-008951,Feature Phone,PERSON-002574,iOS,2023-11-07,2023-11-07,true
DEVICE-008952,Feature Phone,PERSON-002574,iOS,2023-11-07,2023-11-07,true
DEVICE-008953,Tablet,PERSON-001610,Android,2023-11-07,2023-11-07,true
DEVICE-008954,Tablet,PERSON-000267,Android,2023-11-07,2023-11-07,true
DEVICE-008955,Smartphone,PERSON-002060,Android,2023-11-07,2023-11-07,true
DEVICE-008956,Feature Phone,PERSON-001757,Android,2023-11-07,2023-11-07,true
DEVICE-008957,Feature Phone,PERSON-000081,Android,2023-05-23,2023-05-23,true
DEVICE-008958,Feature Phone,PERSON-001944,iOS,2023-05-23,2023-05-23,true
DEVICE-008959,Tablet,PERSON-001944,Android,2023-05-23,2023-05-23,true
DEVICE-008960,Tablet,PERSON-001259,Android,2023-05-23,2023-05-23,true
DEVICE-008961,Smartphone,PERSON-000850,iOS,2023-05-23,2023-05-23,true
DEVICE-008962,Smartphone,PERSON-001861,iOS,2023-05-23,2023-05-23,true
DEVICE-008963,Tablet,PERSON-002574,Android,2023-05-23,2023-05-23,true
DEVICE-008964,Smartphone,PERSON-000863,Android,2023-05-23,2023-05-23,true
DEVICE-008965,Tablet,PERSON-000063,iOS,2023-05-23,2023-05-23,true
DEVICE-008966,Smartphone,PERSON-002757,iOS,2023-05-23,2023-05-23,true
DEVICE-008967,Tablet,PERSON-001542,Android,2023-04-17,2023-04-17,true
DEVICE-008968,Tablet,PERSON-000611,Android,2023-04-17,2023-04-17,true
DEVICE-008969,Feature Phone,PERSON-000060,iOS,2023-04-17,2023-04-17,true
DEVICE-008970,Tablet,PERSON-000060,iOS,2023-04-17,2023-04-17,true
DEVICE-008971,Smartphone,PERSON-000832,iOS,2023-04-17,2023-04-17,true
DEVICE-008972,Smartphone,PERSON-000886,iOS,2023-04-17,2023-04-17,true
DEVICE-008973,Smartphone,PERSON-002713,iOS,2023-04-17,2023-04-17,true
DEVICE-008974,Tablet,PERSON-000497,iOS,2023-04-17,2023-04-17,true
DEVICE-008975,Feature Phone,PERSON-000497,Android,2023-04-17,2023-04-17,true
DEVICE-008976,Smartphone,PERSON-001327,iOS,2023-04-17,2023-04-17,true
DEVICE-008977,Smartphone,PERSON-000635,Android,2023-04-17,2023-04-17,true
DEVICE-008978,Feature Phone,PERSON-002922,iOS,2023-04-17,2023-04-17,true
DEVICE-008979,Feature Phone,PERSON-000233,Android,2023-03-09,2023-03-09,true
DEVICE-008980,Smartphone,PERSON-001363,Android,2023-03-09,2023-03-09,true
DEVICE-008981,Tablet,PERSON-001363,Android,2023-03-09,2023-03-09,true
DEVICE-008982,Smartphone,PERSON-000342,iOS,2023-03-09,2023-03-09,true
DEVICE-008983,Smartphone,PERSON-000342,Android,2023-03-09,2023-03-09,true
DEVICE-008984,Tablet,PERSON-000886,iOS,2023-03-09,2023-03-09,true
DEVICE-008985,Feature Phone,PERSON-001059,Android,2023-03-09,2023-03-09,true
DEVICE-008986,Tablet,PERSON-001059,Android,2023-03-09,2023-03-09,true
DEVICE-008987,Feature Phone,PERSON-000144,Android,2023-03-09,2023-03-09,true
DEVICE-008988,Feature Phone,PERSON-000144,iOS,2023-03-09,2023-03-09,true
DEVICE-008989,Smartphone,PERSON-001880,Android,2023-03-09,2023-03-09,true
DEVICE-008990,Tablet,PERSON-002122,iOS,2023-03-09,2023-03-09,true
DEVICE-008991,Feature Phone,PERSON-002082,iOS,2023-03-09,2023-03-09,true
DEVICE-008992,Tablet,PERSON-002082,iOS,2023-03-09,2023-03-09,true
DEVICE-008993,Smartphone,PERSON-000305,iOS,2023-03-09,2023-03-09,true
DEVICE-008994,Tablet,PERSON-000305,iOS,2023-03-09,2023-03-09,true
DEVICE-008995,Tablet,PERSON-001558,Android,2023-09-17,2023-09-17,true
DEVICE-008996,Smartphone,PERSON-001558,Android,2023-09-17,2023-09-17,true
DEVICE-008997,Smartphone,PERSON-000906,Android,2023-09-17,2023-09-17,true
DEVICE-008998,Feature Phone,PERSON-001474,iOS,2023-09-17,2023-09-17,true
DEVICE-008999,Smartphone,PERSON-001474,Android,2023-09-17,2023-09-17,true
DEVICE-009000,Feature Phone,PERSON-001115,iOS,2023-09-17,2023-09-17,true
DEVICE-009001,Feature Phone,PERSON-001115,iOS,2023-09-17,2023-09-17,true
DEVICE-009002,Feature Phone,PERSON-001610,Android,2023-09-17,2023-09-17,true
DEVICE-009003,Tablet,PERSON-001610,iOS,2023-09-17,2023-09-17,true
DEVICE-009004,Smartphone,PERSON-000440,Android,2023-09-17,2023-09-17,true
DEVICE-009005,Tablet,PERSON-000440,Android,2023-09-17,2023-09-17,true
DEVICE-009006,Tablet,PERSON-000792,iOS,2023-09-17,2023-09-17,true
DEVICE-009007,Smartphone,PERSON-002060,iOS,2023-09-17,2023-09-17,true
DEVICE-009008,Smartphone,PERSON-002618,Android,2023-09-17,2023-09-17,true
DEVICE-009009,Smartphone,PERSON-001757,iOS,2023-09-17,2023-09-17,true
DEVICE-009010,Smartphone,PERSON-001757,Android,2023-09-17,2023-09-17,true
DEVICE-009011,Feature Phone,PERSON-002839,Android,2023-05-26,2023-05-26,true
DEVICE-009012,Feature Phone,PERSON-000274,iOS,2023-05-26,2023-05-26,true
DEVICE-009013,Tablet,PERSON-001876,iOS,2023-05-26,2023-05-26,true
DEVICE-009014,Feature Phone,PERSON-000406,Android,2023-05-26,2023-05-26,true
DEVICE-009015,Tablet,PERSON-001691,Android,2023-05-26,2023-05-26,true
DEVICE-009016,Smartphone,PERSON-001277,iOS,2023-05-26,2023-05-26,true
DEVICE-009017,Tablet,PERSON-000232,iOS,2023-05-26,2023-05-26,true
DEVICE-009018,Feature Phone,PERSON-000109,Android,2023-05-26,2023-05-26,true
DEVICE-009019,Tablet,PERSON-000109,Android,2023-05-26,2023-05-26,true
DEVICE-009020,Feature Phone,PERSON-000789,Android,2023-05-26,2023-05-26,true
DEVICE-009021,Tablet,PERSON-002937,iOS,2023-01-26,2023-01-26,true
DEVICE-009022,Tablet,PERSON-000063,iOS,2023-01-26,2023-01-26,true
DEVICE-009023,Tablet,PERSON-000081,Android,2023-01-26,2023-01-26,true
DEVICE-009024,Smartphone,PERSON-000081,Android,2023-01-26,2023-01-26,true
DEVICE-009025,Feature Phone,PERSON-001259,iOS,2023-01-26,2023-01-26,true
DEVICE-009026,Feature Phone,PERSON-000540,Android,2023-06-18,2023-06-18,true
DEVICE-009027,Tablet,PERSON-000180,Android,2023-06-18,2023-06-18,true
DEVICE-009028,Tablet,PERSON-000792,iOS,2023-06-18,2023-06-18,true
DEVICE-009029,Feature Phone,PERSON-002900,iOS,2023-06-18,2023-06-18,true
DEVICE-009030,Tablet,PERSON-002618,Android,2023-06-18,2023-06-18,true
DEVICE-009031,Tablet,PERSON-000440,Android,2023-06-18,2023-06-18,true
DEVICE-009032,Smartphone,PERSON-002371,iOS,2023-06-18,2023-06-18,true
DEVICE-009033,Feature Phone,PERSON-001431,iOS,2023-04-29,2023-04-29,true
DEVICE-009034,Smartphone,PERSON-000081,Android,2023-04-29,2023-04-29,true
DEVICE-009035,Smartphone,PERSON-001259,iOS,2023-04-29,2023-04-29,true
DEVICE-009036,Tablet,PERSON-001861,Android,2023-04-29,2023-04-29,true
DEVICE-009037,Feature Phone,PERSON-000863,iOS,2023-04-29,2023-04-29,true
DEVICE-009038,Feature Phone,PERSON-000063,Android,2023-04-29,2023-04-29,true
DEVICE-009039,Smartphone,PERSON-002757,Android,2023-04-29,2023-04-29,true
DEVICE-009040,Tablet,PERSON-002517,iOS,2023-06-13,2023-06-13,true
DEVICE-009041,Feature Phone,PERSON-002873,Android,2023-06-13,2023-06-13,true
DEVICE-009042,Feature Phone,PERSON-001992,Android,2023-06-13,2023-06-13,true
DEVICE-009043,Feature Phone,PERSON-000083,Android,2023-06-13,2023-06-13,true
DEVICE-009044,Feature Phone,PERSON-002999,iOS,2023-06-13,2023-06-13,true
DEVICE-009045,Smartphone,PERSON-000765,Android,2023-06-13,2023-06-13,true
DEVICE-009046,Feature Phone,PERSON-000357,Android,2023-06-13,2023-06-13,true
DEVICE-009047,Feature Phone,PERSON-002159,Android,2023-03-03,2023-03-03,true
DEVICE-009048,Tablet,PERSON-001110,iOS,2023-03-03,2023-03-03,true
DEVICE-009049,Smartphone,PERSON-000906,Android,2023-03-03,2023-03-03,true
DEVICE-009050,Feature Phone,PERSON-000906,Android,2023-03-03,2023-03-03,true
DEVICE-009051,Feature Phone,PERSON-001172,iOS,2023-03-03,2023-03-03,true
DEVICE-009052,Feature Phone,PERSON-001131,Android,2023-03-03,2023-03-03,true
DEVICE-009053,Smartphone,PERSON-000566,Android,2023-03-03,2023-03-03,true
DEVICE-009054,Tablet,PERSON-000566,Android,2023-03-03,2023-03-03,true
DEVICE-009055,Smartphone,PERSON-001127,iOS,2023-03-03,2023-03-03,true
DEVICE-009056,Tablet,PERSON-000955,Android,2023-03-03,2023-03-03,true
DEVICE-009057,Feature Phone,PERSON-000223,Android,2023-03-03,2023-03-03,true
DEVICE-009058,Smartphone,PERSON-002847,Android,2023-03-03,2023-03-03,true
DEVICE-009059,Tablet,PERSON-000682,Android,2023-01-27,2023-01-27,true
DEVICE-009060,Feature Phone,PERSON-000682,Android,2023-01-27,2023-01-27,true
DEVICE-009061,Feature Phone,PERSON-002737,Android,2023-01-27,2023-01-27,true
DEVICE-009062,Smartphone,PERSON-000473,Android,2023-01-27,2023-01-27,true
DEVICE-009063,Smartphone,PERSON-000042,Android,2023-01-27,2023-01-27,true
DEVICE-009064,Tablet,PERSON-000275,Android,2023-01-27,2023-01-27,true
DEVICE-009065,Smartphone,PERSON-000032,iOS,2023-01-27,2023-01-27,true
DEVICE-009066,Tablet,PERSON-000032,Android,2023-01-27,2023-01-27,true
DEVICE-009067,Smartphone,PERSON-002114,iOS,2023-01-27,2023-01-27,true
DEVICE-009068,Smartphone,PERSON-002279,Android,2023-06-20,2023-06-20,true
DEVICE-009069,Tablet,PERSON-001898,iOS,2023-06-20,2023-06-20,true
DEVICE-009070,Tablet,PERSON-001540,Android,2023-06-20,2023-06-20,true
DEVICE-009071,Smartphone,PERSON-001992,iOS,2023-06-20,2023-06-20,true
DEVICE-009072,Smartphone,PERSON-001543,Android,2023-06-20,2023-06-20,true
DEVICE-009073,Smartphone,PERSON-000765,Android,2023-06-20,2023-06-20,true
DEVICE-009074,Tablet,PERSON-000357,Android,2023-06-20,2023-06-20,true
DEVICE-009075,Feature Phone,PERSON-000822,Android,2023-06-16,2023-06-16,true
DEVICE-009076,Smartphone,PERSON-000846,iOS,2023-06-16,2023-06-16,true
DEVICE-009077,Feature Phone,PERSON-002759,Android,2023-06-16,2023-06-16,true
DEVICE-009078,Feature Phone,PERSON-001071,Android,2023-06-16,2023-06-16,true
DEVICE-009079,Smartphone,PERSON-002068,Android,2023-06-16,2023-06-16,true
DEVICE-009080,Feature Phone,PERSON-002068,Android,2023-06-16,2023-06-16,true
DEVICE-009081,Tablet,PERSON-001667,Android,2023-10-30,2023-10-30,true
DEVICE-009082,Smartphone,PERSON-001210,iOS,2023-10-30,2023-10-30,true
DEVICE-009083,Feature Phone,PERSON-000146,iOS,2023-10-30,2023-10-30,true
DEVICE-009084,Feature Phone,PERSON-000351,iOS,2023-10-30,2023-10-30,true
DEVICE-009085,Feature Phone,PERSON-000351,iOS,2023-10-30,2023-10-30,true
DEVICE-009086,Tablet,PERSON-002887,iOS,2023-10-30,2023-10-30,true
DEVICE-009087,Feature Phone,PERSON-002887,iOS,2023-10-30,2023-10-30,true
DEVICE-009088,Smartphone,PERSON-001589,iOS,2023-10-30,2023-10-30,true
DEVICE-009089,Tablet,PERSON-001670,Android,2023-10-30,2023-10-30,true
DEVICE-009090,Tablet,PERSON-000597,Android,2023-06-30,2023-06-30,true
DEVICE-009091,Feature Phone,PERSON-000062,iOS,2023-06-30,2023-06-30,true
DEVICE-009092,Tablet,PERSON-000405,iOS,2023-06-30,2023-06-30,true
DEVICE-009093,Feature Phone,PERSON-000405,iOS,2023-06-30,2023-06-30,true
DEVICE-009094,Tablet,PERSON-002879,Android,2023-06-30,2023-06-30,true
DEVICE-009095,Tablet,PERSON-000920,iOS,2023-06-30,2023-06-30,true
DEVICE-009096,Tablet,PERSON-000927,iOS,2023-06-30,2023-06-30,true
DEVICE-009097,Tablet,PERSON-001873,Android,2023-06-30,2023-06-30,true
DEVICE-009098,Feature Phone,PERSON-000611,iOS,2023-12-10,2023-12-10,true
DEVICE-009099,Smartphone,PERSON-000648,Android,2023-12-10,2023-12-10,true
DEVICE-009100,Tablet,PERSON-000647,iOS,2023-12-10,2023-12-10,true
DEVICE-009101,Feature Phone,PERSON-000895,iOS,2023-12-10,2023-12-10,true
DEVICE-009102,Tablet,PERSON-000259,Android,2023-12-10,2023-12-10,true
DEVICE-009103,Smartphone,PERSON-000259,Android,2023-12-10,2023-12-10,true
DEVICE-009104,Tablet,PERSON-000898,iOS,2023-12-10,2023-12-10,true
DEVICE-009105,Tablet,PERSON-000898,Android,2023-12-10,2023-12-10,true
DEVICE-009106,Tablet,PERSON-000568,Android,2023-12-10,2023-12-10,true
DEVICE-009107,Tablet,PERSON-000568,iOS,2023-12-10,2023-12-10,true
DEVICE-009108,Tablet,PERSON-001788,iOS,2023-12-10,2023-12-10,true
DEVICE-009109,Smartphone,PERSON-001318,iOS,2023-12-10,2023-12-10,true
DEVICE-009110,Smartphone,PERSON-000245,Android,2023-05-19,2023-05-19,true
DEVICE-009111,Smartphone,PERSON-001747,iOS,2023-05-19,2023-05-19,true
DEVICE-009112,Smartphone,PERSON-001885,iOS,2023-05-19,2023-05-19,true
DEVICE-009113,Feature Phone,PERSON-000374,iOS,2023-05-19,2023-05-19,true
DEVICE-009114,Smartphone,PERSON-001578,Android,2023-05-19,2023-05-19,true
DEVICE-009115,Smartphone,PERSON-002393,Android,2023-05-19,2023-05-19,true
DEVICE-009116,Feature Phone,PERSON-001029,Android,2023-05-19,2023-05-19,true
DEVICE-009117,Feature Phone,PERSON-000295,iOS,2023-02-23,2023-02-23,true
DEVICE-009118,Feature Phone,PERSON-000295,iOS,2023-02-23,2023-02-23,true
DEVICE-009119,Feature Phone,PERSON-001066,iOS,2023-02-23,2023-02-23,true
DEVICE-009120,Tablet,PERSON-001701,iOS,2023-02-23,2023-02-23,true
DEVICE-009121,Smartphone,PERSON-001701,iOS,2023-02-23,2023-02-23,true
DEVICE-009122,Tablet,PERSON-002739,iOS,2023-02-23,2023-02-23,true
DEVICE-009123,Feature Phone,PERSON-000901,Android,2023-02-23,2023-02-23,true
DEVICE-009124,Smartphone,PERSON-000569,iOS,2023-02-23,2023-02-23,true
DEVICE-009125,Feature Phone,PERSON-000569,Android,2023-02-23,2023-02-23,true
DEVICE-009126,Feature Phone,PERSON-001387,Android,2023-02-23,2023-02-23,true
DEVICE-009127,Smartphone,PERSON-001152,Android,2023-02-23,2023-02-23,true
DEVICE-009128,Feature Phone,PERSON-002159,Android,2023-08-02,2023-08-02,true
DEVICE-009129,Tablet,PERSON-001110,Android,2023-08-02,2023-08-02,true
DEVICE-009130,Feature Phone,PERSON-000245,Android,2023-08-02,2023-08-02,true
DEVICE-009131,Smartphone,PERSON-001131,Android,2023-08-02,2023-08-02,true
DEVICE-009132,Feature Phone,PERSON-000955,iOS,2023-08-02,2023-08-02,true
DEVICE-009133,Feature Phone,PERSON-000955,Android,2023-08-02,2023-08-02,true
DEVICE-009134,Feature Phone,PERSON-000223,iOS,2023-08-02,2023-08-02,true
DEVICE-009135,Feature Phone,PERSON-002821,iOS,2023-09-09,2023-09-09,true
DEVICE-009136,Tablet,PERSON-002639,Android,2023-09-09,2023-09-09,true
DEVICE-009137,Smartphone,PERSON-001474,iOS,2023-09-09,2023-09-09,true
DEVICE-009138,Smartphone,PERSON-001474,Android,2023-09-09,2023-09-09,true
DEVICE-009139,Smartphone,PERSON-001115,Android,2023-09-09,2023-09-09,true
DEVICE-009140,Smartphone,PERSON-000180,Android,2023-09-09,2023-09-09,true
DEVICE-009141,Feature Phone,PERSON-001262,Android,2023-09-09,2023-09-09,true
DEVICE-009142,Tablet,PERSON-000792,iOS,2023-09-09,2023-09-09,true
DEVICE-009143,Tablet,PERSON-002060,iOS,2023-09-09,2023-09-09,true
DEVICE-009144,Feature Phone,PERSON-002618,iOS,2023-09-09,2023-09-09,true
DEVICE-009145,Smartphone,PERSON-000440,Android,2023-09-09,2023-09-09,true
DEVICE-009146,Smartphone,PERSON-001757,iOS,2023-09-09,2023-09-09,true
DEVICE-009147,Feature Phone,PERSON-001757,Android,2023-09-09,2023-09-09,true
DEVICE-009148,Smartphone,PERSON-002980,Android,2023-04-13,2023-04-13,true
DEVICE-009149,Smartphone,PERSON-000092,Android,2023-04-13,2023-04-13,true
DEVICE-009150,Tablet,PERSON-000092,Android,2023-04-13,2023-04-13,true
DEVICE-009151,Tablet,PERSON-001615,Android,2023-04-13,2023-04-13,true
DEVICE-009152,Tablet,PERSON-000808,iOS,2023-04-13,2023-04-13,true
DEVICE-009153,Feature Phone,PERSON-001384,Android,2023-04-13,2023-04-13,true
DEVICE-009154,Feature Phone,PERSON-000075,iOS,2023-04-13,2023-04-13,true
DEVICE-009155,Tablet,PERSON-000075,iOS,2023-04-13,2023-04-13,true
DEVICE-009156,Tablet,PERSON-002770,iOS,2023-04-13,2023-04-13,true
DEVICE-009157,Smartphone,PERSON-002770,iOS,2023-04-13,2023-04-13,true
DEVICE-009158,Feature Phone,PERSON-001259,Android,2023-01-19,2023-01-19,true
DEVICE-009159,Feature Phone,PERSON-000850,Android,2023-01-19,2023-01-19,true
DEVICE-009160,Feature Phone,PERSON-002574,Android,2023-01-19,2023-01-19,true
DEVICE-009161,Feature Phone,PERSON-002574,iOS,2023-01-19,2023-01-19,true
DEVICE-009162,Feature Phone,PERSON-000063,iOS,2023-01-19,2023-01-19,true
DEVICE-009163,Smartphone,PERSON-002417,iOS,2023-01-19,2023-01-19,true
DEVICE-009164,Tablet,PERSON-002757,iOS,2023-01-19,2023-01-19,true
DEVICE-009165,Feature Phone,PERSON-002757,iOS,2023-01-19,2023-01-19,true
DEVICE-009166,Tablet,PERSON-001589,iOS,2023-01-19,2023-01-19,true
DEVICE-009167,Tablet,PERSON-001589,iOS,2023-01-19,2023-01-19,true
DEVICE-009168,Tablet,PERSON-002900,Android,2023-10-06,2023-10-06,true
DEVICE-009169,Smartphone,PERSON-001115,iOS,2023-10-06,2023-10-06,true
DEVICE-009170,Feature Phone,PERSON-001262,iOS,2023-10-06,2023-10-06,true
DEVICE-009171,Feature Phone,PERSON-001056,Android,2023-10-06,2023-10-06,true
DEVICE-009172,Feature Phone,PERSON-000792,iOS,2023-10-06,2023-10-06,true
DEVICE-009173,Feature Phone,PERSON-000792,Android,2023-10-06,2023-10-06,true
DEVICE-009174,Tablet,PERSON-002060,iOS,2023-10-06,2023-10-06,true
DEVICE-009175,Smartphone,PERSON-002060,iOS,2023-10-06,2023-10-06,true
DEVICE-009176,Feature Phone,PERSON-002618,Android,2023-10-06,2023-10-06,true
DEVICE-009177,Tablet,PERSON-000440,Android,2023-10-06,2023-10-06,true
DEVICE-009178,Tablet,PERSON-001757,iOS,2023-10-06,2023-10-06,true
DEVICE-009179,Feature Phone,PERSON-001757,Android,2023-10-06,2023-10-06,true
DEVICE-009180,Tablet,PERSON-000538,iOS,2023-12-03,2023-12-03,true
DEVICE-009181,Feature Phone,PERSON-001544,iOS,2023-12-03,2023-12-03,true
DEVICE-009182,Smartphone,PERSON-002873,Android,2023-12-03,2023-12-03,true
DEVICE-009183,Feature Phone,PERSON-001898,iOS,2023-12-03,2023-12-03,true
DEVICE-009184,Smartphone,PERSON-001898,iOS,2023-12-03,2023-12-03,true
DEVICE-009185,Feature Phone,PERSON-001540,Android,2023-12-03,2023-12-03,true
DEVICE-009186,Smartphone,PERSON-001540,Android,2023-12-03,2023-12-03,true
DEVICE-009187,Tablet,PERSON-000405,iOS,2023-12-03,2023-12-03,true
DEVICE-009188,Feature Phone,PERSON-000083,iOS,2023-12-03,2023-12-03,true
DEVICE-009189,Feature Phone,PERSON-001205,iOS,2023-12-03,2023-12-03,true
DEVICE-009190,Feature Phone,PERSON-002020,Android,2023-11-04,2023-11-04,true
DEVICE-009191,Feature Phone,PERSON-002517,iOS,2023-11-04,2023-11-04,true
DEVICE-009192,Smartphone,PERSON-001898,Android,2023-11-04,2023-11-04,true
DEVICE-009193,Feature Phone,PERSON-000621,iOS,2023-11-04,2023-11-04,true
DEVICE-009194,Tablet,PERSON-000083,iOS,2023-11-04,2023-11-04,true
DEVICE-009195,Smartphone,PERSON-001205,iOS,2023-11-04,2023-11-04,true
DEVICE-009196,Smartphone,PERSON-002999,Android,2023-11-04,2023-11-04,true
DEVICE-009197,Smartphone,PERSON-000765,iOS,2023-11-04,2023-11-04,true
DEVICE-009198,Feature Phone,PERSON-000765,Android,2023-11-04,2023-11-04,true
DEVICE-009199,Smartphone,PERSON-000357,iOS,2023-11-04,2023-11-04,true
DEVICE-009200,Feature Phone,PERSON-001431,iOS,2023-03-28,2023-03-28,true
DEVICE-009201,Tablet,PERSON-000295,iOS,2023-03-28,2023-03-28,true
DEVICE-009202,Tablet,PERSON-000295,iOS,2023-03-28,2023-03-28,true
DEVICE-009203,Feature Phone,PERSON-000060,iOS,2023-03-28,2023-03-28,true
DEVICE-009204,Tablet,PERSON-000060,Android,2023-03-28,2023-03-28,true
DEVICE-009205,Tablet,PERSON-001516,iOS,2023-03-28,2023-03-28,true
DEVICE-009206,Smartphone,PERSON-002646,iOS,2023-03-28,2023-03-28,true
DEVICE-009207,Smartphone,PERSON-002197,Android,2023-03-28,2023-03-28,true
DEVICE-009208,Tablet,PERSON-000823,Android,2023-03-28,2023-03-28,true
DEVICE-009209,Smartphone,PERSON-000838,Android,2023-03-28,2023-03-28,true
DEVICE-009210,Tablet,PERSON-000146,Android,2023-04-13,2023-04-13,true
DEVICE-009211,Smartphone,PERSON-000146,Android,2023-04-13,2023-04-13,true
DEVICE-009212,Smartphone,PERSON-002609,Android,2023-04-13,2023-04-13,true
DEVICE-009213,Smartphone,PERSON-000906,Android,2023-04-13,2023-04-13,true
DEVICE-009214,Tablet,PERSON-002938,iOS,2023-04-13,2023-04-13,true
DEVICE-009215,Tablet,PERSON-000279,Android,2023-04-13,2023-04-13,true
DEVICE-009216,Feature Phone,PERSON-000217,Android,2023-04-13,2023-04-13,true
DEVICE-009217,Smartphone,PERSON-001768,Android,2023-04-13,2023-04-13,true
DEVICE-009218,Feature Phone,PERSON-002205,Android,2023-04-13,2023-04-13,true
DEVICE-009219,Feature Phone,PERSON-000556,iOS,2023-04-13,2023-04-13,true
DEVICE-009220,Tablet,PERSON-000703,iOS,2023-04-13,2023-04-13,true
DEVICE-009221,Smartphone,PERSON-000175,iOS,2023-04-22,2023-04-22,true
DEVICE-009222,Tablet,PERSON-001944,Android,2023-04-22,2023-04-22,true
DEVICE-009223,Smartphone,PERSON-001944,iOS,2023-04-22,2023-04-22,true
DEVICE-009224,Tablet,PERSON-002845,iOS,2023-04-22,2023-04-22,true
DEVICE-009225,Tablet,PERSON-002453,iOS,2023-04-22,2023-04-22,true
DEVICE-009226,Tablet,PERSON-001478,Android,2023-04-22,2023-04-22,true
DEVICE-009227,Feature Phone,PERSON-002788,Android,2023-04-22,2023-04-22,true
DEVICE-009228,Feature Phone,PERSON-001262,Android,2023-04-22,2023-04-22,true
DEVICE-009229,Feature Phone,PERSON-000001,iOS,2023-04-22,2023-04-22,true
DEVICE-009230,Feature Phone,PERSON-000072,Android,2023-04-22,2023-04-22,true
DEVICE-009231,Tablet,PERSON-001385,Android,2023-04-22,2023-04-22,true
DEVICE-009232,Smartphone,PERSON-000175,Android,2023-11-21,2023-11-21,true
DEVICE-009233,Feature Phone,PERSON-002954,Android,2023-11-21,2023-11-21,true
DEVICE-009234,Tablet,PERSON-002954,Android,2023-11-21,2023-11-21,true
DEVICE-009235,Smartphone,PERSON-000222,iOS,2023-11-21,2023-11-21,true
DEVICE-009236,Tablet,PERSON-001769,iOS,2023-11-21,2023-11-21,true
DEVICE-009237,Tablet,PERSON-001478,iOS,2023-11-21,2023-11-21,true
DEVICE-009238,Tablet,PERSON-000734,iOS,2023-11-21,2023-11-21,true
DEVICE-009239,Tablet,PERSON-000734,Android,2023-11-21,2023-11-21,true
DEVICE-009240,Smartphone,PERSON-000710,iOS,2023-11-21,2023-11-21,true
DEVICE-009241,Feature Phone,PERSON-000712,Android,2023-11-21,2023-11-21,true
DEVICE-009242,Feature Phone,PERSON-000072,Android,2023-11-21,2023-11-21,true
DEVICE-009243,Tablet,PERSON-002684,Android,2023-11-21,2023-11-21,true
DEVICE-009244,Tablet,PERSON-002444,Android,2023-11-21,2023-11-21,true
DEVICE-009245,Tablet,PERSON-001584,iOS,2023-06-20,2023-06-20,true
DEVICE-009246,Tablet,PERSON-001558,iOS,2023-06-20,2023-06-20,true
DEVICE-009247,Tablet,PERSON-002821,iOS,2023-06-20,2023-06-20,true
DEVICE-009248,Tablet,PERSON-000540,iOS,2023-06-20,2023-06-20,true
DEVICE-009249,Feature Phone,PERSON-001474,iOS,2023-06-20,2023-06-20,true
DEVICE-009250,Tablet,PERSON-000267,Android,2023-06-20,2023-06-20,true
DEVICE-009251,Tablet,PERSON-000267,iOS,2023-06-20,2023-06-20,true
DEVICE-009252,Tablet,PERSON-002618,Android,2023-06-20,2023-06-20,true
DEVICE-009253,Smartphone,PERSON-000440,Android,2023-06-20,2023-06-20,true
DEVICE-009254,Feature Phone,PERSON-001757,Android,2023-06-20,2023-06-20,true
DEVICE-009255,Tablet,PERSON-001757,Android,2023-06-20,2023-06-20,true
DEVICE-009256,Smartphone,PERSON-001667,Android,2023-02-16,2023-02-16,true
DEVICE-009257,Tablet,PERSON-001210,iOS,2023-02-16,2023-02-16,true
DEVICE-009258,Feature Phone,PERSON-000146,Android,2023-02-16,2023-02-16,true
DEVICE-009259,Smartphone,PERSON-001674,iOS,2023-02-16,2023-02-16,true
DEVICE-009260,Tablet,PERSON-001558,Android,2023-02-16,2023-02-16,true
DEVICE-009261,Tablet,PERSON-000351,Android,2023-02-16,2023-02-16,true
DEVICE-009262,Tablet,PERSON-001041,Android,2023-02-16,2023-02-16,true
DEVICE-009263,Tablet,PERSON-001670,iOS,2023-02-16,2023-02-16,true
DEVICE-009264,Tablet,PERSON-001670,iOS,2023-02-16,2023-02-16,true
DEVICE-009265,Tablet,PERSON-002517,iOS,2023-12-30,2023-12-30,true
DEVICE-009266,Smartphone,PERSON-002517,iOS,2023-12-30,2023-12-30,true
DEVICE-009267,Feature Phone,PERSON-002279,iOS,2023-12-30,2023-12-30,true
DEVICE-009268,Smartphone,PERSON-000538,iOS,2023-12-30,2023-12-30,true
DEVICE-009269,Feature Phone,PERSON-001544,iOS,2023-12-30,2023-12-30,true
DEVICE-009270,Feature Phone,PERSON-001544,Android,2023-12-30,2023-12-30,true
DEVICE-009271,Smartphone,PERSON-002873,iOS,2023-12-30,2023-12-30,true
DEVICE-009272,Smartphone,PERSON-002873,iOS,2023-12-30,2023-12-30,true
DEVICE-009273,Feature Phone,PERSON-000120,Android,2023-12-30,2023-12-30,true
DEVICE-009274,Feature Phone,PERSON-000083,Android,2023-12-30,2023-12-30,true
DEVICE-009275,Feature Phone,PERSON-000083,Android,2023-12-30,2023-12-30,true
DEVICE-009276,Feature Phone,PERSON-001543,iOS,2023-12-30,2023-12-30,true
DEVICE-009277,Feature Phone,PERSON-002999,iOS,2023-12-30,2023-12-30,true
DEVICE-009278,Smartphone,PERSON-000765,Android,2023-12-30,2023-12-30,true
DEVICE-009279,Feature Phone,PERSON-001861,Android,2023-05-23,2023-05-23,true
DEVICE-009280,Tablet,PERSON-001043,iOS,2023-05-23,2023-05-23,true
DEVICE-009281,Feature Phone,PERSON-001686,iOS,2023-05-23,2023-05-23,true
DEVICE-009282,Smartphone,PERSON-000584,iOS,2023-05-23,2023-05-23,true
DEVICE-009283,Feature Phone,PERSON-001968,iOS,2023-05-23,2023-05-23,true
DEVICE-009284,Tablet,PERSON-001558,iOS,2023-06-22,2023-06-22,true
DEVICE-009285,Feature Phone,PERSON-002990,iOS,2023-06-22,2023-06-22,true
DEVICE-009286,Feature Phone,PERSON-000540,iOS,2023-06-22,2023-06-22,true
DEVICE-009287,Tablet,PERSON-000540,iOS,2023-06-22,2023-06-22,true
DEVICE-009288,Feature Phone,PERSON-001115,Android,2023-06-22,2023-06-22,true
DEVICE-009289,Tablet,PERSON-000180,Android,2023-06-22,2023-06-22,true
DEVICE-009290,Smartphone,PERSON-000180,Android,2023-06-22,2023-06-22,true
DEVICE-009291,Feature Phone,PERSON-001610,Android,2023-06-22,2023-06-22,true
DEVICE-009292,Smartphone,PERSON-001262,Android,2023-06-22,2023-06-22,true
DEVICE-009293,Tablet,PERSON-000792,Android,2023-06-22,2023-06-22,true
DEVICE-009294,Smartphone,PERSON-002060,iOS,2023-06-22,2023-06-22,true
DEVICE-009295,Feature Phone,PERSON-000440,iOS,2023-06-22,2023-06-22,true
DEVICE-009296,Feature Phone,PERSON-002277,iOS,2023-01-19,2023-01-19,true
DEVICE-009297,Feature Phone,PERSON-001617,Android,2023-01-19,2023-01-19,true
DEVICE-009298,Tablet,PERSON-001617,Android,2023-01-19,2023-01-19,true
DEVICE-009299,Feature Phone,PERSON-001066,Android,2023-01-19,2023-01-19,true
DEVICE-009300,Smartphone,PERSON-000341,iOS,2023-01-19,2023-01-19,true
DEVICE-009301,Smartphone,PERSON-002930,iOS,2023-01-19,2023-01-19,true
DEVICE-009302,Tablet,PERSON-002930,iOS,2023-01-19,2023-01-19,true
DEVICE-009303,Feature Phone,PERSON-001899,iOS,2023-01-19,2023-01-19,true
DEVICE-009304,Tablet,PERSON-002900,Android,2023-01-19,2023-01-19,true
DEVICE-009305,Tablet,PERSON-002275,Android,2023-09-28,2023-09-28,true
DEVICE-009306,Tablet,PERSON-000979,iOS,2023-09-28,2023-09-28,true
DEVICE-009307,Tablet,PERSON-001668,iOS,2023-09-28,2023-09-28,true
DEVICE-009308,Feature Phone,PERSON-001668,Android,2023-09-28,2023-09-28,true
DEVICE-009309,Feature Phone,PERSON-002499,Android,2023-09-28,2023-09-28,true
DEVICE-009310,Feature Phone,PERSON-001397,Android,2023-09-28,2023-09-28,true
DEVICE-009311,Feature Phone,PERSON-002900,Android,2023-09-28,2023-09-28,true
DEVICE-009312,Feature Phone,PERSON-002020,iOS,2023-11-23,2023-11-23,true
DEVICE-009313,Feature Phone,PERSON-002020,iOS,2023-11-23,2023-11-23,true
DEVICE-009314,Feature Phone,PERSON-002517,iOS,2023-11-23,2023-11-23,true
DEVICE-009315,Feature Phone,PERSON-001544,iOS,2023-11-23,2023-11-23,true
DEVICE-009316,Smartphone,PERSON-002873,Android,2023-11-23,2023-11-23,true
DEVICE-009317,Smartphone,PERSON-002873,iOS,2023-11-23,2023-11-23,true
DEVICE-009318,Tablet,PERSON-000120,iOS,2023-11-23,2023-11-23,true
DEVICE-009319,Smartphone,PERSON-000120,Android,2023-11-23,2023-11-23,true
DEVICE-009320,Feature Phone,PERSON-000863,Android,2023-11-23,2023-11-23,true
DEVICE-009321,Smartphone,PERSON-000083,Android,2023-11-23,2023-11-23,true
DEVICE-009322,Feature Phone,PERSON-002999,iOS,2023-11-23,2023-11-23,true
DEVICE-009323,Smartphone,PERSON-000165,iOS,2023-02-22,2023-02-22,true
DEVICE-009324,Feature Phone,PERSON-001788,iOS,2023-02-22,2023-02-22,true
DEVICE-009325,Feature Phone,PERSON-000259,iOS,2023-02-22,2023-02-22,true
DEVICE-009326,Smartphone,PERSON-000568,Android,2023-02-22,2023-02-22,true
DEVICE-009327,Smartphone,PERSON-000898,Android,2023-02-22,2023-02-22,true
DEVICE-009328,Feature Phone,PERSON-002675,iOS,2023-05-21,2023-05-21,true
DEVICE-009329,Tablet,PERSON-001343,Android,2023-05-21,2023-05-21,true
DEVICE-009330,Tablet,PERSON-002835,Android,2023-05-21,2023-05-21,true
DEVICE-009331,Feature Phone,PERSON-002835,Android,2023-05-21,2023-05-21,true
DEVICE-009332,Smartphone,PERSON-000676,iOS,2023-05-21,2023-05-21,true
DEVICE-009333,Smartphone,PERSON-000230,Android,2023-05-21,2023-05-21,true
DEVICE-009334,Tablet,PERSON-001558,iOS,2023-11-26,2023-11-26,true
DEVICE-009335,Smartphone,PERSON-001041,Android,2023-11-26,2023-11-26,true
DEVICE-009336,Feature Phone,PERSON-000351,Android,2023-11-26,2023-11-26,true
DEVICE-009337,Tablet,PERSON-001589,Android,2023-11-26,2023-11-26,true
DEVICE-009338,Smartphone,PERSON-001589,iOS,2023-11-26,2023-11-26,true
DEVICE-009339,Tablet,PERSON-000717,Android,2023-12-07,2023-12-07,true
DEVICE-009340,Tablet,PERSON-001701,Android,2023-12-07,2023-12-07,true
DEVICE-009341,Tablet,PERSON-000846,Android,2023-12-07,2023-12-07,true
DEVICE-009342,Feature Phone,PERSON-000846,iOS,2023-12-07,2023-12-07,true
DEVICE-009343,Smartphone,PERSON-002106,iOS,2023-12-07,2023-12-07,true
DEVICE-009344,Tablet,PERSON-001803,iOS,2023-12-07,2023-12-07,true
DEVICE-009345,Tablet,PERSON-002965,Android,2023-12-07,2023-12-07,true
DEVICE-009346,Smartphone,PERSON-001387,Android,2023-12-07,2023-12-07,true
DEVICE-009347,Smartphone,PERSON-001387,iOS,2023-12-07,2023-12-07,true
DEVICE-009348,Feature Phone,PERSON-000703,iOS,2023-12-07,2023-12-07,true
DEVICE-009349,Feature Phone,PERSON-001492,Android,2023-12-07,2023-12-07,true
DEVICE-009350,Smartphone,PERSON-001492,Android,2023-12-07,2023-12-07,true
DEVICE-009351,Smartphone,PERSON-001152,Android,2023-12-07,2023-12-07,true
DEVICE-009352,Smartphone,PERSON-000682,iOS,2023-06-14,2023-06-14,true
DEVICE-009353,Tablet,PERSON-002737,Android,2023-06-14,2023-06-14,true
DEVICE-009354,Tablet,PERSON-000499,Android,2023-06-14,2023-06-14,true
DEVICE-009355,Tablet,PERSON-000473,Android,2023-06-14,2023-06-14,true
DEVICE-009356,Feature Phone,PERSON-000473,iOS,2023-06-14,2023-06-14,true
DEVICE-009357,Tablet,PERSON-000042,iOS,2023-06-14,2023-06-14,true
DEVICE-009358,Tablet,PERSON-002068,iOS,2023-06-14,2023-06-14,true
DEVICE-009359,Smartphone,PERSON-000275,Android,2023-06-14,2023-06-14,true
DEVICE-009360,Tablet,PERSON-000032,iOS,2023-06-14,2023-06-14,true
DEVICE-009361,Feature Phone,PERSON-000042,iOS,2023-06-22,2023-06-22,true
DEVICE-009362,Smartphone,PERSON-002574,iOS,2023-06-22,2023-06-22,true
DEVICE-009363,Tablet,PERSON-000063,Android,2023-06-22,2023-06-22,true
DEVICE-009364,Tablet,PERSON-002757,Android,2023-06-22,2023-06-22,true
DEVICE-009365,Tablet,PERSON-001589,Android,2023-06-22,2023-06-22,true
DEVICE-009366,Tablet,PERSON-001589,Android,2023-06-22,2023-06-22,true
DEVICE-009367,Feature Phone,PERSON-000611,iOS,2023-12-21,2023-12-21,true
DEVICE-009368,Smartphone,PERSON-001363,Android,2023-12-21,2023-12-21,true
DEVICE-009369,Tablet,PERSON-001363,iOS,2023-12-21,2023-12-21,true
DEVICE-009370,Smartphone,PERSON-000832,Android,2023-12-21,2023-12-21,true
DEVICE-009371,Smartphone,PERSON-000832,iOS,2023-12-21,2023-12-21,true
DEVICE-009372,Feature Phone,PERSON-000635,Android,2023-12-21,2023-12-21,true
DEVICE-009373,Smartphone,PERSON-000886,iOS,2023-12-21,2023-12-21,true
DEVICE-009374,Tablet,PERSON-000628,Android,2023-12-21,2023-12-21,true
DEVICE-009375,Feature Phone,PERSON-002713,Android,2023-12-21,2023-12-21,true
DEVICE-009376,Smartphone,PERSON-002896,iOS,2023-12-21,2023-12-21,true
DEVICE-009377,Tablet,PERSON-001847,Android,2023-12-21,2023-12-21,true
DEVICE-009378,Tablet,PERSON-002922,iOS,2023-12-21,2023-12-21,true
DEVICE-009379,Tablet,PERSON-000611,Android,2023-10-09,2023-10-09,true
DEVICE-009380,Tablet,PERSON-002438,Android,2023-10-09,2023-10-09,true
DEVICE-009381,Feature Phone,PERSON-002675,iOS,2023-10-09,2023-10-09,true
DEVICE-009382,Feature Phone,PERSON-002713,Android,2023-10-09,2023-10-09,true
DEVICE-009383,Smartphone,PERSON-002713,iOS,2023-10-09,2023-10-09,true
DEVICE-009384,Feature Phone,PERSON-000792,iOS,2023-10-09,2023-10-09,true
DEVICE-009385,Feature Phone,PERSON-001480,Android,2023-10-09,2023-10-09,true
DEVICE-009386,Smartphone,PERSON-002922,Android,2023-10-09,2023-10-09,true
DEVICE-009387,Tablet,PERSON-002922,Android,2023-10-09,2023-10-09,true
DEVICE-009388,Feature Phone,PERSON-001544,Android,2023-02-19,2023-02-19,true
DEVICE-009389,Tablet,PERSON-001544,iOS,2023-02-19,2023-02-19,true
DEVICE-009390,Feature Phone,PERSON-001965,Android,2023-02-19,2023-02-19,true
DEVICE-009391,Feature Phone,PERSON-000621,Android,2023-02-19,2023-02-19,true
DEVICE-009392,Tablet,PERSON-001141,iOS,2023-02-19,2023-02-19,true
DEVICE-009393,Smartphone,PERSON-001141,iOS,2023-02-19,2023-02-19,true
DEVICE-009394,Feature Phone,PERSON-002999,iOS,2023-02-19,2023-02-19,true
DEVICE-009395,Feature Phone,PERSON-002999,iOS,2023-02-19,2023-02-19,true
DEVICE-009396,Feature Phone,PERSON-000488,iOS,2023-02-19,2023-02-19,true
DEVICE-009397,Tablet,PERSON-002745,iOS,2023-02-19,2023-02-19,true
DEVICE-009398,Feature Phone,PERSON-001205,iOS,2023-02-19,2023-02-19,true
DEVICE-009399,Tablet,PERSON-001670,Android,2023-09-07,2023-09-07,true
DEVICE-009400,Tablet,PERSON-002750,iOS,2023-09-07,2023-09-07,true
DEVICE-009401,Feature Phone,PERSON-001558,Android,2023-09-07,2023-09-07,true
DEVICE-009402,Smartphone,PERSON-001589,iOS,2023-09-07,2023-09-07,true
DEVICE-009403,Feature Phone,PERSON-001589,iOS,2023-09-07,2023-09-07,true
DEVICE-009404,Feature Phone,PERSON-001610,iOS,2023-08-17,2023-08-17,true
DEVICE-009405,Feature Phone,PERSON-001659,Android,2023-08-17,2023-08-17,true
DEVICE-009406,Tablet,PERSON-001659,Android,2023-08-17,2023-08-17,true
DEVICE-009407,Smartphone,PERSON-001474,Android,2023-08-17,2023-08-17,true
DEVICE-009408,Smartphone,PERSON-002618,iOS,2023-08-17,2023-08-17,true
DEVICE-009409,Feature Phone,PERSON-002821,iOS,2023-09-14,2023-09-14,true
DEVICE-009410,Smartphone,PERSON-001558,iOS,2023-09-14,2023-09-14,true
DEVICE-009411,Tablet,PERSON-002900,iOS,2023-09-14,2023-09-14,true
DEVICE-009412,Tablet,PERSON-002900,Android,2023-09-14,2023-09-14,true
DEVICE-009413,Smartphone,PERSON-001610,Android,2023-09-14,2023-09-14,true
DEVICE-009414,Feature Phone,PERSON-001017,Android,2023-09-14,2023-09-14,true
DEVICE-009415,Smartphone,PERSON-000267,Android,2023-09-14,2023-09-14,true
DEVICE-009416,Tablet,PERSON-000792,Android,2023-09-14,2023-09-14,true
DEVICE-009417,Feature Phone,PERSON-002060,iOS,2023-09-14,2023-09-14,true
DEVICE-009418,Feature Phone,PERSON-002060,Android,2023-09-14,2023-09-14,true
DEVICE-009419,Feature Phone,PERSON-001757,iOS,2023-09-14,2023-09-14,true
DEVICE-009420,Feature Phone,PERSON-001210,Android,2023-12-23,2023-12-23,true
DEVICE-009421,Feature Phone,PERSON-000146,iOS,2023-12-23,2023-12-23,true
DEVICE-009422,Smartphone,PERSON-001558,Android,2023-12-23,2023-12-23,true
DEVICE-009423,Tablet,PERSON-000351,Android,2023-12-23,2023-12-23,true
DEVICE-009424,Smartphone,PERSON-002750,iOS,2023-12-23,2023-12-23,true
DEVICE-009425,Smartphone,PERSON-001041,iOS,2023-12-23,2023-12-23,true
DEVICE-009426,Smartphone,PERSON-001589,Android,2023-12-23,2023-12-23,true
DEVICE-009427,Tablet,PERSON-001670,Android,2023-12-23,2023-12-23,true
DEVICE-009428,Tablet,PERSON-001670,iOS,2023-12-23,2023-12-23,true
DEVICE-009429,Tablet,PERSON-000455,iOS,2023-12-23,2023-12-23,true
DEVICE-009430,Smartphone,PERSON-002835,Android,2023-10-27,2023-10-27,true
DEVICE-009431,Smartphone,PERSON-002675,iOS,2023-10-27,2023-10-27,true
DEVICE-009432,Feature Phone,PERSON-002450,Android,2023-10-27,2023-10-27,true
DEVICE-009433,Feature Phone,PERSON-002450,Android,2023-10-27,2023-10-27,true
DEVICE-009434,Feature Phone,PERSON-002998,iOS,2023-10-27,2023-10-27,true
DEVICE-009435,Smartphone,PERSON-001664,Android,2023-11-14,2023-11-14,true
DEVICE-009436,Feature Phone,PERSON-002675,iOS,2023-11-14,2023-11-14,true
DEVICE-009437,Feature Phone,PERSON-001343,Android,2023-11-14,2023-11-14,true
DEVICE-009438,Feature Phone,PERSON-001343,Android,2023-11-14,2023-11-14,true
DEVICE-009439,Tablet,PERSON-000948,iOS,2023-11-14,2023-11-14,true
DEVICE-009440,Tablet,PERSON-000576,iOS,2023-11-14,2023-11-14,true
DEVICE-009441,Smartphone,PERSON-002757,Android,2023-11-14,2023-11-14,true
DEVICE-009442,Feature Phone,PERSON-000904,iOS,2023-11-14,2023-11-14,true
DEVICE-009443,Smartphone,PERSON-000106,Android,2023-11-14,2023-11-14,true
DEVICE-009444,Smartphone,PERSON-000697,iOS,2023-11-14,2023-11-14,true
DEVICE-009445,Smartphone,PERSON-000230,Android,2023-11-14,2023-11-14,true
DEVICE-009446,Smartphone,PERSON-001334,iOS,2023-01-09,2023-01-09,true
DEVICE-009447,Smartphone,PERSON-001334,Android,2023-01-09,2023-01-09,true
DEVICE-009448,Tablet,PERSON-000825,Android,2023-01-09,2023-01-09,true
DEVICE-009449,Feature Phone,PERSON-001780,Android,2023-01-09,2023-01-09,true
DEVICE-009450,Feature Phone,PERSON-000943,iOS,2023-01-09,2023-01-09,true
DEVICE-009451,Feature Phone,PERSON-000943,iOS,2023-01-09,2023-01-09,true
DEVICE-009452,Tablet,PERSON-001747,iOS,2023-01-09,2023-01-09,true
DEVICE-009453,Tablet,PERSON-002846,iOS,2023-01-09,2023-01-09,true
DEVICE-009454,Feature Phone,PERSON-002408,iOS,2023-01-09,2023-01-09,true
DEVICE-009455,Tablet,PERSON-002408,Android,2023-01-09,2023-01-09,true
DEVICE-009456,Feature Phone,PERSON-001578,Android,2023-01-09,2023-01-09,true
DEVICE-009457,Tablet,PERSON-002737,Android,2023-02-04,2023-02-04,true
DEVICE-009458,Feature Phone,PERSON-000042,Android,2023-02-04,2023-02-04,true
DEVICE-009459,Tablet,PERSON-000473,Android,2023-02-04,2023-02-04,true
DEVICE-009460,Tablet,PERSON-002068,Android,2023-02-04,2023-02-04,true
DEVICE-009461,Tablet,PERSON-000165,iOS,2023-02-04,2023-02-04,true
DEVICE-009462,Smartphone,PERSON-000275,iOS,2023-02-04,2023-02-04,true
DEVICE-009463,Feature Phone,PERSON-000032,iOS,2023-02-04,2023-02-04,true
DEVICE-009464,Smartphone,PERSON-002986,Android,2023-12-21,2023-12-21,true
DEVICE-009465,Smartphone,PERSON-002759,Android,2023-12-21,2023-12-21,true
DEVICE-009466,Smartphone,PERSON-001071,Android,2023-12-21,2023-12-21,true
DEVICE-009467,Feature Phone,PERSON-000613,iOS,2023-12-21,2023-12-21,true
DEVICE-009468,Feature Phone,PERSON-002068,iOS,2023-12-21,2023-12-21,true
DEVICE-009469,Feature Phone,PERSON-002068,Android,2023-12-21,2023-12-21,true
DEVICE-009470,Smartphone,PERSON-001578,iOS,2023-12-21,2023-12-21,true
DEVICE-009471,Tablet,PERSON-001757,Android,2023-12-21,2023-12-21,true
DEVICE-009472,Feature Phone,PERSON-001757,iOS,2023-12-21,2023-12-21,true
DEVICE-009473,Feature Phone,PERSON-000906,Android,2023-10-06,2023-10-06,true
DEVICE-009474,Feature Phone,PERSON-000047,Android,2023-10-06,2023-10-06,true
DEVICE-009475,Smartphone,PERSON-002938,iOS,2023-10-06,2023-10-06,true
DEVICE-009476,Feature Phone,PERSON-000279,iOS,2023-10-06,2023-10-06,true
DEVICE-009477,Smartphone,PERSON-000217,Android,2023-10-06,2023-10-06,true
DEVICE-009478,Smartphone,PERSON-002223,iOS,2023-10-06,2023-10-06,true
DEVICE-009479,Tablet,PERSON-001642,Android,2023-10-06,2023-10-06,true
DEVICE-009480,Tablet,PERSON-001642,Android,2023-10-06,2023-10-06,true
DEVICE-009481,Feature Phone,PERSON-002020,iOS,2023-03-05,2023-03-05,true
DEVICE-009482,Feature Phone,PERSON-002279,iOS,2023-03-05,2023-03-05,true
DEVICE-009483,Smartphone,PERSON-000120,Android,2023-03-05,2023-03-05,true
DEVICE-009484,Feature Phone,PERSON-000120,iOS,2023-03-05,2023-03-05,true
DEVICE-009485,Tablet,PERSON-001540,iOS,2023-03-05,2023-03-05,true
DEVICE-009486,Smartphone,PERSON-001540,iOS,2023-03-05,2023-03-05,true
DEVICE-009487,Smartphone,PERSON-000863,Android,2023-03-05,2023-03-05,true
DEVICE-009488,Tablet,PERSON-001664,Android,2023-02-23,2023-02-23,true
DEVICE-009489,Feature Phone,PERSON-000919,Android,2023-02-23,2023-02-23,true
DEVICE-009490,Tablet,PERSON-000919,iOS,2023-02-23,2023-02-23,true
DEVICE-009491,Tablet,PERSON-002675,iOS,2023-02-23,2023-02-23,true
DEVICE-009492,Tablet,PERSON-001343,Android,2023-02-23,2023-02-23,true
DEVICE-009493,Tablet,PERSON-001343,Android,2023-02-23,2023-02-23,true
DEVICE-009494,Feature Phone,PERSON-002835,Android,2023-02-23,2023-02-23,true
DEVICE-009495,Smartphone,PERSON-002835,Android,2023-02-23,2023-02-23,true
DEVICE-009496,Tablet,PERSON-002020,iOS,2023-07-08,2023-07-08,true
DEVICE-009497,Tablet,PERSON-002020,Android,2023-07-08,2023-07-08,true
DEVICE-009498,Smartphone,PERSON-001544,Android,2023-07-08,2023-07-08,true
DEVICE-009499,Feature Phone,PERSON-001544,iOS,2023-07-08,2023-07-08,true
DEVICE-009500,Smartphone,PERSON-001898,iOS,2023-07-08,2023-07-08,true
DEVICE-009501,Smartphone,PERSON-001540,Android,2023-07-08,2023-07-08,true
DEVICE-009502,Smartphone,PERSON-001540,Android,2023-07-08,2023-07-08,true
DEVICE-009503,Tablet,PERSON-001492,iOS,2023-07-08,2023-07-08,true
DEVICE-009504,Feature Phone,PERSON-002745,Android,2023-07-08,2023-07-08,true
DEVICE-009505,Smartphone,PERSON-000488,Android,2023-07-08,2023-07-08,true
DEVICE-009506,Tablet,PERSON-001205,iOS,2023-07-08,2023-07-08,true
DEVICE-009507,Feature Phone,PERSON-001259,iOS,2023-06-30,2023-06-30,true
DEVICE-009508,Feature Phone,PERSON-000850,iOS,2023-06-30,2023-06-30,true
DEVICE-009509,Feature Phone,PERSON-001861,Android,2023-06-30,2023-06-30,true
DEVICE-009510,Smartphone,PERSON-000863,Android,2023-06-30,2023-06-30,true
DEVICE-009511,Tablet,PERSON-000063,iOS,2023-06-30,2023-06-30,true
DEVICE-009512,Smartphone,PERSON-000979,iOS,2023-06-30,2023-06-30,true
DEVICE-009513,Feature Phone,PERSON-001589,iOS,2023-06-30,2023-06-30,true
DEVICE-009514,Tablet,PERSON-000002,iOS,2023-01-08,2023-01-08,true
DEVICE-009515,Feature Phone,PERSON-000003,iOS,2023-05-30,2023-05-30,true
DEVICE-009516,Smartphone,PERSON-000004,Android,2023-03-03,2023-03-03,true
DEVICE-009517,Feature Phone,PERSON-000005,iOS,2023-03-14,2023-03-14,true
DEVICE-009518,Tablet,PERSON-000006,Android,2023-07-19,2023-07-19,true
DEVICE-009519,Tablet,PERSON-000007,iOS,2023-09-24,2023-09-24,true
DEVICE-009520,Feature Phone,PERSON-000008,Android,2023-06-26,2023-06-26,true
DEVICE-009521,Smartphone,PERSON-000010,iOS,2023-09-03,2023-09-03,true
DEVICE-009522,Tablet,PERSON-000011,Android,2023-09-27,2023-09-27,true
DEVICE-009523,Tablet,PERSON-000012,iOS,2023-04-27,2023-04-27,true
DEVICE-009524,Tablet,PERSON-000013,iOS,2023-09-10,2023-09-10,true
DEVICE-009525,Feature Phone,PERSON-000014,iOS,2023-03-04,2023-03-04,true
DEVICE-009526,Smartphone,PERSON-000015,Android,2023-07-18,2023-07-18,true
DEVICE-009527,Feature Phone,PERSON-000016,Android,2023-03-02,2023-03-02,true
DEVICE-009528,Smartphone,PERSON-000017,Android,2023-07-30,2023-07-30,true
DEVICE-009529,Smartphone,PERSON-000018,iOS,2023-01-21,2023-01-21,true
DEVICE-009530,Tablet,PERSON-000019,Android,2023-02-03,2023-02-03,true
DEVICE-009531,Smartphone,PERSON-000020,Android,2023-04-02,2023-04-02,true
DEVICE-009532,Smartphone,PERSON-000021,Android,2023-03-18,2023-03-18,true
DEVICE-009533,Feature Phone,PERSON-000023,iOS,2023-08-16,2023-08-16,true
DEVICE-009534,Tablet,PERSON-000024,Android,2023-01-26,2023-01-26,true
DEVICE-009535,Smartphone,PERSON-000025,iOS,2023-05-21,2023-05-21,true
DEVICE-009536,Tablet,PERSON-000026,Android,2023-06-11,2023-06-11,true
DEVICE-009537,Smartphone,PERSON-000027,Android,2023-11-11,2023-11-11,true
DEVICE-009538,Smartphone,PERSON-000028,Android,2023-11-12,2023-11-12,true
DEVICE-009539,Smartphone,PERSON-000029,Android,2023-08-15,2023-08-15,true
DEVICE-009540,Tablet,PERSON-000030,iOS,2023-06-11,2023-06-11,true
DEVICE-009541,Smartphone,PERSON-000031,iOS,2023-04-16,2023-04-16,true
DEVICE-009542,Feature Phone,PERSON-000033,iOS,2023-07-20,2023-07-20,true
DEVICE-009543,Feature Phone,PERSON-000034,iOS,2023-12-19,2023-12-19,true
DEVICE-009544,Tablet,PERSON-000035,iOS,2023-07-27,2023-07-27,true
DEVICE-009545,Smartphone,PERSON-000036,Android,2023-06-15,2023-06-15,true
DEVICE-009546,Smartphone,PERSON-000037,iOS,2023-12-08,2023-12-08,true
DEVICE-009547,Smartphone,PERSON-000038,iOS,2023-02-24,2023-02-24,true
DEVICE-009548,Feature Phone,PERSON-000039,iOS,2023-10-20,2023-10-20,true
DEVICE-009549,Tablet,PERSON-000041,Android,2023-12-30,2023-12-30,true
DEVICE-009550,Smartphone,PERSON-000043,Android,2023-05-17,2023-05-17,true
DEVICE-009551,Smartphone,PERSON-000044,iOS,2023-06-01,2023-06-01,true
DEVICE-009552,Feature Phone,PERSON-000045,Android,2023-01-05,2023-01-05,true
DEVICE-009553,Smartphone,PERSON-000048,iOS,2023-12-06,2023-12-06,true
DEVICE-009554,Feature Phone,PERSON-000050,Android,2023-10-15,2023-10-15,true
DEVICE-009555,Feature Phone,PERSON-000052,Android,2023-02-16,2023-02-16,true
DEVICE-009556,Feature Phone,PERSON-000053,iOS,2023-03-20,2023-03-20,true
DEVICE-009557,Feature Phone,PERSON-000054,iOS,2023-02-08,2023-02-08,true
DEVICE-009558,Tablet,PERSON-000055,Android,2023-05-31,2023-05-31,true
DEVICE-009559,Feature Phone,PERSON-000056,iOS,2023-07-29,2023-07-29,true
DEVICE-009560,Smartphone,PERSON-000058,iOS,2023-11-22,2023-11-22,true
DEVICE-009561,Feature Phone,PERSON-000059,iOS,2023-09-15,2023-09-15,true
DEVICE-009562,Smartphone,PERSON-000061,iOS,2023-08-01,2023-08-01,true
DEVICE-009563,Smartphone,PERSON-000064,Android,2023-10-19,2023-10-19,true
DEVICE-009564,Tablet,PERSON-000065,iOS,2023-04-03,2023-04-03,true
DEVICE-009565,Smartphone,PERSON-000066,iOS,2023-02-07,2023-02-07,true
DEVICE-009566,Feature Phone,PERSON-000067,iOS,2023-08-24,2023-08-24,true
DEVICE-009567,Feature Phone,PERSON-000068,iOS,2023-06-10,2023-06-10,true
DEVICE-009568,Tablet,PERSON-000069,Android,2023-05-26,2023-05-26,true
DEVICE-009569,Feature Phone,PERSON-000070,Android,2023-11-12,2023-11-12,true
DEVICE-009570,Tablet,PERSON-000071,Android,2023-06-16,2023-06-16,true
DEVICE-009571,Smartphone,PERSON-000073,iOS,2023-07-27,2023-07-27,true
DEVICE-009572,Smartphone,PERSON-000076,Android,2023-01-28,2023-01-28,true
DEVICE-009573,Tablet,PERSON-000077,iOS,2023-08-22,2023-08-22,true
DEVICE-009574,Tablet,PERSON-000078,Android,2023-07-17,2023-07-17,true
DEVICE-009575,Tablet,PERSON-000079,iOS,2023-04-12,2023-04-12,true
DEVICE-009576,Tablet,PERSON-000080,Android,2023-10-04,2023-10-04,true
DEVICE-009577,Smartphone,PERSON-000082,Android,2023-11-29,2023-11-29,true
DEVICE-009578,Smartphone,PERSON-000084,Android,2023-11-04,2023-11-04,true
DEVICE-009579,Smartphone,PERSON-000085,Android,2023-02-12,2023-02-12,true
DEVICE-009580,Tablet,PERSON-000086,iOS,2023-01-11,2023-01-11,true
DEVICE-009581,Smartphone,PERSON-000087,Android,2023-08-25,2023-08-25,true
DEVICE-009582,Tablet,PERSON-000088,iOS,2023-11-20,2023-11-20,true
DEVICE-009583,Feature Phone,PERSON-000089,Android,2023-03-19,2023-03-19,true
DEVICE-009584,Tablet,PERSON-000090,Android,2023-12-22,2023-12-22,true
DEVICE-009585,Smartphone,PERSON-000091,Android,2023-10-20,2023-10-20,true
DEVICE-009586,Feature Phone,PERSON-000093,Android,2023-04-08,2023-04-08,true
DEVICE-009587,Tablet,PERSON-000094,Android,2023-02-21,2023-02-21,true
DEVICE-009588,Smartphone,PERSON-000095,iOS,2023-10-20,2023-10-20,true
DEVICE-009589,Smartphone,PERSON-000097,iOS,2023-01-03,2023-01-03,true
DEVICE-009590,Tablet,PERSON-000098,Android,2023-09-23,2023-09-23,true
DEVICE-009591,Tablet,PERSON-000099,Android,2023-06-05,2023-06-05,true
DEVICE-009592,Feature Phone,PERSON-000100,iOS,2023-02-23,2023-02-23,true
DEVICE-009593,Smartphone,PERSON-000101,iOS,2023-05-07,2023-05-07,true
DEVICE-009594,Tablet,PERSON-000102,iOS,2023-05-19,2023-05-19,true
DEVICE-009595,Smartphone,PERSON-000104,Android,2023-09-09,2023-09-09,true
DEVICE-009596,Smartphone,PERSON-000105,iOS,2023-10-11,2023-10-11,true
DEVICE-009597,Tablet,PERSON-000107,Android,2023-11-07,2023-11-07,true
DEVICE-009598,Tablet,PERSON-000108,Android,2023-04-11,2023-04-11,true
DEVICE-009599,Tablet,PERSON-000110,Android,2023-11-25,2023-11-25,true
DEVICE-009600,Feature Phone,PERSON-000112,iOS,2023-04-15,2023-04-15,true
DEVICE-009601,Smartphone,PERSON-000113,Android,2023-01-21,2023-01-21,true
DEVICE-009602,Tablet,PERSON-000114,iOS,2023-04-19,2023-04-19,true
DEVICE-009603,Feature Phone,PERSON-000115,Android,2023-04-13,2023-04-13,true
DEVICE-009604,Tablet,PERSON-000116,iOS,2023-07-06,2023-07-06,true
DEVICE-009605,Tablet,PERSON-000117,iOS,2023-05-07,2023-05-07,true
DEVICE-009606,Feature Phone,PERSON-000118,iOS,2023-03-30,2023-03-30,true
DEVICE-009607,Tablet,PERSON-000119,Android,2023-09-06,2023-09-06,true
DEVICE-009608,Smartphone,PERSON-000122,Android,2023-09-23,2023-09-23,true
DEVICE-009609,Smartphone,PERSON-000123,iOS,2023-04-08,2023-04-08,true
DEVICE-009610,Tablet,PERSON-000124,Android,2023-03-19,2023-03-19,true
DEVICE-009611,Tablet,PERSON-000125,Android,2023-10-07,2023-10-07,true
DEVICE-009612,Tablet,PERSON-000126,iOS,2023-04-05,2023-04-05,true
DEVICE-009613,Tablet,PERSON-000127,Android,2023-09-01,2023-09-01,true
DEVICE-009614,Tablet,PERSON-000128,iOS,2023-06-28,2023-06-28,true
DEVICE-009615,Tablet,PERSON-000129,iOS,2023-10-02,2023-10-02,true
DEVICE-009616,Smartphone,PERSON-000131,iOS,2023-03-13,2023-03-13,true
DEVICE-009617,Smartphone,PERSON-000133,iOS,2023-01-25,2023-01-25,true
DEVICE-009618,Feature Phone,PERSON-000134,Android,2023-02-11,2023-02-11,true
DEVICE-009619,Smartphone,PERSON-000137,Android,2023-03-25,2023-03-25,true
DEVICE-009620,Feature Phone,PERSON-000138,iOS,2023-01-29,2023-01-29,true
DEVICE-009621,Tablet,PERSON-000141,iOS,2023-07-26,2023-07-26,true
DEVICE-009622,Smartphone,PERSON-000142,iOS,2023-04-02,2023-04-02,true
DEVICE-009623,Smartphone,PERSON-000143,Android,2023-07-03,2023-07-03,true
DEVICE-009624,Smartphone,PERSON-000145,iOS,2023-12-17,2023-12-17,true
DEVICE-009625,Tablet,PERSON-000147,iOS,2023-05-14,2023-05-14,true
DEVICE-009626,Smartphone,PERSON-000148,iOS,2023-05-23,2023-05-23,true
DEVICE-009627,Tablet,PERSON-000149,iOS,2023-08-19,2023-08-19,true
DEVICE-009628,Feature Phone,PERSON-000150,iOS,2023-09-29,2023-09-29,true
DEVICE-009629,Smartphone,PERSON-000151,Android,2023-01-03,2023-01-03,true
DEVICE-009630,Tablet,PERSON-000152,iOS,2023-09-29,2023-09-29,true
DEVICE-009631,Smartphone,PERSON-000153,iOS,2023-03-11,2023-03-11,true
DEVICE-009632,Tablet,PERSON-000155,Android,2023-01-28,2023-01-28,true
DEVICE-009633,Tablet,PERSON-000156,Android,2023-06-11,2023-06-11,true
DEVICE-009634,Smartphone,PERSON-000157,iOS,2023-05-24,2023-05-24,true
DEVICE-009635,Feature Phone,PERSON-000158,Android,2023-02-22,2023-02-22,true
DEVICE-009636,Smartphone,PERSON-000159,Android,2023-09-05,2023-09-05,true
DEVICE-009637,Feature Phone,PERSON-000160,iOS,2023-06-17,2023-06-17,true
DEVICE-009638,Feature Phone,PERSON-000161,Android,2023-10-22,2023-10-22,true
DEVICE-009639,Tablet,PERSON-000162,iOS,2023-11-24,2023-11-24,true
DEVICE-009640,Tablet,PERSON-000163,Android,2023-10-05,2023-10-05,true
DEVICE-009641,Tablet,PERSON-000164,iOS,2023-10-03,2023-10-03,true
DEVICE-009642,Tablet,PERSON-000166,iOS,2023-05-13,2023-05-13,true
DEVICE-009643,Tablet,PERSON-000167,iOS,2023-03-16,2023-03-16,true
DEVICE-009644,Feature Phone,PERSON-000168,Android,2023-05-18,2023-05-18,true
DEVICE-009645,Smartphone,PERSON-000169,Android,2023-05-29,2023-05-29,true
DEVICE-009646,Feature Phone,PERSON-000170,Android,2023-07-16,2023-07-16,true
DEVICE-009647,Tablet,PERSON-000171,Android,2023-11-18,2023-11-18,true
DEVICE-009648,Feature Phone,PERSON-000172,iOS,2023-07-13,2023-07-13,true
DEVICE-009649,Tablet,PERSON-000173,iOS,2023-12-09,2023-12-09,true
DEVICE-009650,Tablet,PERSON-000174,Android,2023-11-26,2023-11-26,true
DEVICE-009651,Tablet,PERSON-000176,iOS,2023-03-17,2023-03-17,true
DEVICE-009652,Smartphone,PERSON-000177,Android,2023-01-14,2023-01-14,true
DEVICE-009653,Smartphone,PERSON-000178,iOS,2023-06-22,2023-06-22,true
DEVICE-009654,Tablet,PERSON-000179,Android,2023-10-06,2023-10-06,true
DEVICE-009655,Tablet,PERSON-000182,iOS,2023-05-25,2023-05-25,true
DEVICE-009656,Feature Phone,PERSON-000183,iOS,2023-05-28,2023-05-28,true
DEVICE-009657,Feature Phone,PERSON-000184,iOS,2023-11-28,2023-11-28,true
DEVICE-009658,Smartphone,PERSON-000185,Android,2023-01-19,2023-01-19,true
DEVICE-009659,Smartphone,PERSON-000186,iOS,2023-10-14,2023-10-14,true
DEVICE-009660,Feature Phone,PERSON-000187,iOS,2023-01-07,2023-01-07,true
DEVICE-009661,Smartphone,PERSON-000188,iOS,2023-07-31,2023-07-31,true
DEVICE-009662,Feature Phone,PERSON-000189,Android,2023-07-10,2023-07-10,true
DEVICE-009663,Feature Phone,PERSON-000190,Android,2023-08-09,2023-08-09,true
DEVICE-009664,Feature Phone,PERSON-000191,Android,2023-05-20,2023-05-20,true
DEVICE-009665,Tablet,PERSON-000192,iOS,2023-10-21,2023-10-21,true
DEVICE-009666,Feature Phone,PERSON-000194,Android,2023-12-10,2023-12-10,true
DEVICE-009667,Tablet,PERSON-000196,Android,2023-02-17,2023-02-17,true
DEVICE-009668,Feature Phone,PERSON-000197,Android,2023-09-24,2023-09-24,true
DEVICE-009669,Smartphone,PERSON-000198,iOS,2023-12-07,2023-12-07,true
DEVICE-009670,Tablet,PERSON-000199,iOS,2023-05-14,2023-05-14,true
DEVICE-009671,Feature Phone,PERSON-000200,iOS,2023-09-09,2023-09-09,true
DEVICE-009672,Tablet,PERSON-000201,iOS,2023-05-16,2023-05-16,true
DEVICE-009673,Tablet,PERSON-000202,iOS,2023-01-28,2023-01-28,true
DEVICE-009674,Smartphone,PERSON-000203,Android,2023-09-22,2023-09-22,true
DEVICE-009675,Smartphone,PERSON-000204,iOS,2023-06-17,2023-06-17,true
DEVICE-009676,Smartphone,PERSON-000205,iOS,2023-02-18,2023-02-18,true
DEVICE-009677,Tablet,PERSON-000206,iOS,2023-07-04,2023-07-04,true
DEVICE-009678,Tablet,PERSON-000208,iOS,2023-09-13,2023-09-13,true
DEVICE-009679,Tablet,PERSON-000209,Android,2023-07-03,2023-07-03,true
DEVICE-009680,Smartphone,PERSON-000210,iOS,2023-03-24,2023-03-24,true
DEVICE-009681,Smartphone,PERSON-000211,Android,2023-05-02,2023-05-02,true
DEVICE-009682,Feature Phone,PERSON-000212,Android,2023-05-11,2023-05-11,true
DEVICE-009683,Smartphone,PERSON-000213,iOS,2023-02-17,2023-02-17,true
DEVICE-009684,Tablet,PERSON-000214,iOS,2023-07-19,2023-07-19,true
DEVICE-009685,Tablet,PERSON-000215,iOS,2023-08-17,2023-08-17,true
DEVICE-009686,Smartphone,PERSON-000218,Android,2023-08-31,2023-08-31,true
DEVICE-009687,Feature Phone,PERSON-000219,Android,2023-02-11,2023-02-11,true
DEVICE-009688,Smartphone,PERSON-000220,iOS,2023-08-06,2023-08-06,true
DEVICE-009689,Tablet,PERSON-000221,iOS,2023-08-06,2023-08-06,true
DEVICE-009690,Smartphone,PERSON-000224,Android,2023-01-29,2023-01-29,true
DEVICE-009691,Smartphone,PERSON-000225,iOS,2023-08-06,2023-08-06,true
DEVICE-009692,Feature Phone,PERSON-000226,iOS,2023-10-11,2023-10-11,true
DEVICE-009693,Tablet,PERSON-000227,Android,2023-03-12,2023-03-12,true
DEVICE-009694,Tablet,PERSON-000228,Android,2023-08-29,2023-08-29,true
DEVICE-009695,Smartphone,PERSON-000229,iOS,2023-10-13,2023-10-13,true
DEVICE-009696,Smartphone,PERSON-000231,iOS,2023-09-21,2023-09-21,true
DEVICE-009697,Smartphone,PERSON-000234,iOS,2023-10-17,2023-10-17,true
DEVICE-009698,Feature Phone,PERSON-000235,Android,2023-12-18,2023-12-18,true
DEVICE-009699,Smartphone,PERSON-000236,iOS,2023-10-10,2023-10-10,true
DEVICE-009700,Tablet,PERSON-000237,iOS,2023-10-29,2023-10-29,true
DEVICE-009701,Smartphone,PERSON-000239,iOS,2023-12-22,2023-12-22,true
DEVICE-009702,Feature Phone,PERSON-000240,Android,2023-01-10,2023-01-10,true
DEVICE-009703,Feature Phone,PERSON-000241,iOS,2023-07-12,2023-07-12,true
DEVICE-009704,Tablet,PERSON-000242,Android,2023-01-09,2023-01-09,true
DEVICE-009705,Smartphone,PERSON-000243,iOS,2023-03-06,2023-03-06,true
DEVICE-009706,Tablet,PERSON-000244,Android,2023-01-25,2023-01-25,true
DEVICE-009707,Tablet,PERSON-000246,Android,2023-11-18,2023-11-18,true
DEVICE-009708,Feature Phone,PERSON-000247,Android,2023-08-25,2023-08-25,true
DEVICE-009709,Feature Phone,PERSON-000248,Android,2023-04-24,2023-04-24,true
DEVICE-009710,Feature Phone,PERSON-000249,iOS,2023-06-28,2023-06-28,true
DEVICE-009711,Tablet,PERSON-000250,Android,2023-01-11,2023-01-11,true
DEVICE-009712,Tablet,PERSON-000251,iOS,2023-01-30,2023-01-30,true
DEVICE-009713,Feature Phone,PERSON-000252,Android,2023-12-19,2023-12-19,true
DEVICE-009714,Tablet,PERSON-000253,iOS,2023-01-17,2023-01-17,true
DEVICE-009715,Smartphone,PERSON-000254,Android,2023-12-01,2023-12-01,true
DEVICE-009716,Smartphone,PERSON-000255,iOS,2023-06-15,2023-06-15,true
DEVICE-009717,Tablet,PERSON-000256,iOS,2023-02-26,2023-02-26,true
DEVICE-009718,Feature Phone,PERSON-000257,iOS,2023-04-14,2023-04-14,true
DEVICE-009719,Tablet,PERSON-000258,Android,2023-07-28,2023-07-28,true
DEVICE-009720,Smartphone,PERSON-000261,Android,2023-01-29,2023-01-29,true
DEVICE-009721,Tablet,PERSON-000262,Android,2023-04-01,2023-04-01,true
DEVICE-009722,Feature Phone,PERSON-000263,Android,2023-05-04,2023-05-04,true
DEVICE-009723,Smartphone,PERSON-000264,Android,2023-03-16,2023-03-16,true
DEVICE-009724,Smartphone,PERSON-000265,Android,2023-02-05,2023-02-05,true
DEVICE-009725,Tablet,PERSON-000266,iOS,2023-02-12,2023-02-12,true
DEVICE-009726,Tablet,PERSON-000268,iOS,2023-04-15,2023-04-15,true
DEVICE-009727,Smartphone,PERSON-000269,iOS,2023-07-10,2023-07-10,true
DEVICE-009728,Tablet,PERSON-000270,Android,2023-12-17,2023-12-17,true
DEVICE-009729,Feature Phone,PERSON-000271,Android,2023-06-27,2023-06-27,true
DEVICE-009730,Feature Phone,PERSON-000273,Android,2023-01-15,2023-01-15,true
DEVICE-009731,Smartphone,PERSON-000276,iOS,2023-03-30,2023-03-30,true
DEVICE-009732,Tablet,PERSON-000277,Android,2023-07-17,2023-07-17,true
DEVICE-009733,Feature Phone,PERSON-000278,iOS,2023-03-16,2023-03-16,true
DEVICE-009734,Smartphone,PERSON-000280,Android,2023-04-07,2023-04-07,true
DEVICE-009735,Feature Phone,PERSON-000281,Android,2023-09-22,2023-09-22,true
DEVICE-009736,Smartphone,PERSON-000282,Android,2023-03-03,2023-03-03,true
DEVICE-009737,Smartphone,PERSON-000283,Android,2023-11-12,2023-11-12,true
DEVICE-009738,Feature Phone,PERSON-000284,iOS,2023-01-06,2023-01-06,true
DEVICE-009739,Tablet,PERSON-000286,Android,2023-04-30,2023-04-30,true
DEVICE-009740,Tablet,PERSON-000287,iOS,2023-08-20,2023-08-20,true
DEVICE-009741,Feature Phone,PERSON-000289,Android,2023-05-23,2023-05-23,true
DEVICE-009742,Tablet,PERSON-000290,iOS,2023-03-08,2023-03-08,true
DEVICE-009743,Smartphone,PERSON-000291,Android,2023-10-23,2023-10-23,true
DEVICE-009744,Tablet,PERSON-000292,iOS,2023-07-01,2023-07-01,true
DEVICE-009745,Feature Phone,PERSON-000293,Android,2023-12-23,2023-12-23,true
DEVICE-009746,Tablet,PERSON-000294,iOS,2023-10-07,2023-10-07,true
DEVICE-009747,Smartphone,PERSON-000296,iOS,2023-01-28,2023-01-28,true
DEVICE-009748,Feature Phone,PERSON-000297,Android,2023-02-23,2023-02-23,true
DEVICE-009749,Tablet,PERSON-000298,iOS,2023-03-21,2023-03-21,true
DEVICE-009750,Tablet,PERSON-000299,Android,2023-02-25,2023-02-25,true
DEVICE-009751,Tablet,PERSON-000300,Android,2023-08-09,2023-08-09,true
DEVICE-009752,Tablet,PERSON-000301,iOS,2023-09-02,2023-09-02,true
DEVICE-009753,Feature Phone,PERSON-000303,Android,2023-11-07,2023-11-07,true
DEVICE-009754,Feature Phone,PERSON-000304,iOS,2023-09-23,2023-09-23,true
DEVICE-009755,Smartphone,PERSON-000306,iOS,2023-10-27,2023-10-27,true
DEVICE-009756,Tablet,PERSON-000307,Android,2023-01-05,2023-01-05,true
DEVICE-009757,Feature Phone,PERSON-000308,Android,2023-09-12,2023-09-12,true
DEVICE-009758,Smartphone,PERSON-000309,Android,2023-10-31,2023-10-31,true
DEVICE-009759,Smartphone,PERSON-000310,iOS,2023-09-03,2023-09-03,true
DEVICE-009760,Tablet,PERSON-000311,Android,2023-03-10,2023-03-10,true
DEVICE-009761,Tablet,PERSON-000312,Android,2023-03-09,2023-03-09,true
DEVICE-009762,Smartphone,PERSON-000313,Android,2023-07-18,2023-07-18,true
DEVICE-009763,Feature Phone,PERSON-000314,iOS,2023-01-31,2023-01-31,true
DEVICE-009764,Feature Phone,PERSON-000315,Android,2023-06-15,2023-06-15,true
DEVICE-009765,Feature Phone,PERSON-000316,Android,2023-10-13,2023-10-13,true
DEVICE-009766,Tablet,PERSON-000317,Android,2023-05-02,2023-05-02,true
DEVICE-009767,Feature Phone,PERSON-000318,iOS,2023-08-29,2023-08-29,true
DEVICE-009768,Smartphone,PERSON-000319,Android,2023-04-29,2023-04-29,true
DEVICE-009769,Tablet,PERSON-000320,Android,2023-08-10,2023-08-10,true
DEVICE-009770,Smartphone,PERSON-000321,iOS,2023-09-25,2023-09-25,true
DEVICE-009771,Smartphone,PERSON-000322,Android,2023-03-19,2023-03-19,true
DEVICE-009772,Smartphone,PERSON-000323,iOS,2023-05-20,2023-05-20,true
DEVICE-009773,Tablet,PERSON-000324,Android,2023-01-17,2023-01-17,true
DEVICE-009774,Tablet,PERSON-000325,iOS,2023-09-16,2023-09-16,true
DEVICE-009775,Smartphone,PERSON-000326,Android,2023-04-26,2023-04-26,true
DEVICE-009776,Smartphone,PERSON-000327,iOS,2023-09-01,2023-09-01,true
DEVICE-009777,Feature Phone,PERSON-000328,Android,2023-08-18,2023-08-18,true
DEVICE-009778,Smartphone,PERSON-000329,Android,2023-01-21,2023-01-21,true
DEVICE-009779,Smartphone,PERSON-000330,Android,2023-10-13,2023-10-13,true
DEVICE-009780,Smartphone,PERSON-000331,Android,2023-02-24,2023-02-24,true
DEVICE-009781,Smartphone,PERSON-000332,Android,2023-05-25,2023-05-25,true
DEVICE-009782,Feature Phone,PERSON-000333,Android,2023-02-15,2023-02-15,true
DEVICE-009783,Smartphone,PERSON-000334,iOS,2023-10-24,2023-10-24,true
DEVICE-009784,Tablet,PERSON-000335,Android,2023-09-09,2023-09-09,true
DEVICE-009785,Tablet,PERSON-000336,Android,2023-03-20,2023-03-20,true
DEVICE-009786,Smartphone,PERSON-000337,Android,2023-11-06,2023-11-06,true
DEVICE-009787,Smartphone,PERSON-000338,iOS,2023-03-17,2023-03-17,true
DEVICE-009788,Smartphone,PERSON-000339,Android,2023-03-25,2023-03-25,true
DEVICE-009789,Tablet,PERSON-000340,Android,2023-01-16,2023-01-16,true
DEVICE-009790,Tablet,PERSON-000343,iOS,2023-09-29,2023-09-29,true
DEVICE-009791,Smartphone,PERSON-000344,Android,2023-09-12,2023-09-12,true
DEVICE-009792,Tablet,PERSON-000345,Android,2023-10-18,2023-10-18,true
DEVICE-009793,Tablet,PERSON-000346,Android,2023-05-13,2023-05-13,true
DEVICE-009794,Feature Phone,PERSON-000347,Android,2023-08-18,2023-08-18,true
DEVICE-009795,Tablet,PERSON-000348,Android,2023-08-14,2023-08-14,true
DEVICE-009796,Tablet,PERSON-000349,iOS,2023-05-28,2023-05-28,true
DEVICE-009797,Smartphone,PERSON-000350,iOS,2023-02-25,2023-02-25,true
DEVICE-009798,Smartphone,PERSON-000352,Android,2023-09-17,2023-09-17,true
DEVICE-009799,Smartphone,PERSON-000353,Android,2023-11-05,2023-11-05,true
DEVICE-009800,Smartphone,PERSON-000354,iOS,2023-12-02,2023-12-02,true
DEVICE-009801,Feature Phone,PERSON-000355,Android,2023-03-09,2023-03-09,true
DEVICE-009802,Tablet,PERSON-000356,Android,2023-01-19,2023-01-19,true
DEVICE-009803,Tablet,PERSON-000358,Android,2023-10-22,2023-10-22,true
DEVICE-009804,Smartphone,PERSON-000359,Android,2023-09-03,2023-09-03,true
DEVICE-009805,Smartphone,PERSON-000360,iOS,2023-03-25,2023-03-25,true
DEVICE-009806,Feature Phone,PERSON-000361,Android,2023-03-11,2023-03-11,true
DEVICE-009807,Smartphone,PERSON-000362,iOS,2023-03-02,2023-03-02,true
DEVICE-009808,Smartphone,PERSON-000363,iOS,2023-09-16,2023-09-16,true
DEVICE-009809,Smartphone,PERSON-000364,Android,2023-02-23,2023-02-23,true
DEVICE-009810,Feature Phone,PERSON-000365,iOS,2023-02-01,2023-02-01,true
DEVICE-009811,Tablet,PERSON-000367,Android,2023-03-31,2023-03-31,true
DEVICE-009812,Tablet,PERSON-000368,Android,2023-05-27,2023-05-27,true
DEVICE-009813,Feature Phone,PERSON-000369,iOS,2023-06-26,2023-06-26,true
DEVICE-009814,Feature Phone,PERSON-000370,iOS,2023-07-19,2023-07-19,true
DEVICE-009815,Smartphone,PERSON-000371,iOS,2023-09-14,2023-09-14,true
DEVICE-009816,Feature Phone,PERSON-000372,Android,2023-12-31,2023-12-31,true
DEVICE-009817,Smartphone,PERSON-000373,iOS,2023-09-13,2023-09-13,true
DEVICE-009818,Tablet,PERSON-000375,iOS,2023-07-08,2023-07-08,true
DEVICE-009819,Smartphone,PERSON-000376,iOS,2023-02-07,2023-02-07,true
DEVICE-009820,Smartphone,PERSON-000377,Android,2023-08-09,2023-08-09,true
DEVICE-009821,Tablet,PERSON-000378,iOS,2023-04-29,2023-04-29,true
DEVICE-009822,Feature Phone,PERSON-000379,iOS,2023-06-27,2023-06-27,true
DEVICE-009823,Smartphone,PERSON-000380,Android,2023-11-28,2023-11-28,true
DEVICE-009824,Smartphone,PERSON-000381,Android,2023-01-23,2023-01-23,true
DEVICE-009825,Tablet,PERSON-000382,Android,2023-01-24,2023-01-24,true
DEVICE-009826,Tablet,PERSON-000383,Android,2023-07-17,2023-07-17,true
DEVICE-009827,Tablet,PERSON-000384,Android,2023-01-01,2023-01-01,true
DEVICE-009828,Feature Phone,PERSON-000385,iOS,2023-01-28,2023-01-28,true
DEVICE-009829,Smartphone,PERSON-000386,iOS,2023-04-06,2023-04-06,true
DEVICE-009830,Smartphone,PERSON-000387,iOS,2023-05-04,2023-05-04,true
DEVICE-009831,Feature Phone,PERSON-000388,Android,2023-02-12,2023-02-12,true
DEVICE-009832,Smartphone,PERSON-000389,iOS,2023-06-16,2023-06-16,true
DEVICE-009833,Feature Phone,PERSON-000391,iOS,2023-09-11,2023-09-11,true
DEVICE-009834,Smartphone,PERSON-000392,Android,2023-05-16,2023-05-16,true
DEVICE-009835,Feature Phone,PERSON-000394,iOS,2023-10-18,2023-10-18,true
DEVICE-009836,Smartphone,PERSON-000395,Android,2023-09-25,2023-09-25,true
DEVICE-009837,Tablet,PERSON-000396,iOS,2023-07-12,2023-07-12,true
DEVICE-009838,Feature Phone,PERSON-000398,iOS,2023-03-30,2023-03-30,true
DEVICE-009839,Feature Phone,PERSON-000399,iOS,2023-09-26,2023-09-26,true
DEVICE-009840,Tablet,PERSON-000400,iOS,2023-07-04,2023-07-04,true
DEVICE-009841,Feature Phone,PERSON-000401,iOS,2023-02-24,2023-02-24,true
DEVICE-009842,Feature Phone,PERSON-000402,Android,2023-07-16,2023-07-16,true
DEVICE-009843,Smartphone,PERSON-000403,Android,2023-11-17,2023-11-17,true
DEVICE-009844,Feature Phone,PERSON-000404,iOS,2023-05-27,2023-05-27,true
DEVICE-009845,Smartphone,PERSON-000408,iOS,2023-05-13,2023-05-13,true
DEVICE-009846,Smartphone,PERSON-000409,iOS,2023-06-05,2023-06-05,true
DEVICE-009847,Smartphone,PERSON-000410,Android,2023-01-11,2023-01-11,true
DEVICE-009848,Tablet,PERSON-000411,iOS,2023-11-30,2023-11-30,true
DEVICE-009849,Feature Phone,PERSON-000412,iOS,2023-12-26,2023-12-26,true
DEVICE-009850,Tablet,PERSON-000413,iOS,2023-06-09,2023-06-09,true
DEVICE-009851,Smartphone,PERSON-000415,Android,2023-03-18,2023-03-18,true
DEVICE-009852,Smartphone,PERSON-000416,Android,2023-02-20,2023-02-20,true
DEVICE-009853,Feature Phone,PERSON-000417,Android,2023-05-17,2023-05-17,true
DEVICE-009854,Smartphone,PERSON-000418,Android,2023-01-26,2023-01-26,true
DEVICE-009855,Feature Phone,PERSON-000420,Android,2023-09-06,2023-09-06,true
DEVICE-009856,Smartphone,PERSON-000421,iOS,2023-02-07,2023-02-07,true
DEVICE-009857,Tablet,PERSON-000422,Android,2023-06-23,2023-06-23,true
DEVICE-009858,Smartphone,PERSON-000424,iOS,2023-08-23,2023-08-23,true
DEVICE-009859,Feature Phone,PERSON-000425,Android,2023-12-21,2023-12-21,true
DEVICE-009860,Feature Phone,PERSON-000426,iOS,2023-04-19,2023-04-19,true
DEVICE-009861,Smartphone,PERSON-000427,Android,2023-11-27,2023-11-27,true
DEVICE-009862,Smartphone,PERSON-000428,iOS,2023-09-26,2023-09-26,true
DEVICE-009863,Smartphone,PERSON-000429,Android,2023-01-27,2023-01-27,true
DEVICE-009864,Feature Phone,PERSON-000431,iOS,2023-10-11,2023-10-11,true
DEVICE-009865,Smartphone,PERSON-000432,Android,2023-02-06,2023-02-06,true
DEVICE-009866,Feature Phone,PERSON-000433,Android,2023-04-07,2023-04-07,true
DEVICE-009867,Tablet,PERSON-000434,Android,2023-01-19,2023-01-19,true
DEVICE-009868,Smartphone,PERSON-000435,iOS,2023-09-13,2023-09-13,true
DEVICE-009869,Tablet,PERSON-000436,iOS,2023-01-15,2023-01-15,true
DEVICE-009870,Tablet,PERSON-000437,Android,2023-09-27,2023-09-27,true
DEVICE-009871,Smartphone,PERSON-000439,iOS,2023-04-29,2023-04-29,true
DEVICE-009872,Smartphone,PERSON-000441,iOS,2023-12-30,2023-12-30,true
DEVICE-009873,Smartphone,PERSON-000442,iOS,2023-08-03,2023-08-03,true
DEVICE-009874,Tablet,PERSON-000443,iOS,2023-12-31,2023-12-31,true
DEVICE-009875,Smartphone,PERSON-000444,Android,2023-07-31,2023-07-31,true
DEVICE-009876,Feature Phone,PERSON-000445,Android,2023-10-12,2023-10-12,true
DEVICE-009877,Feature Phone,PERSON-000446,iOS,2023-07-31,2023-07-31,true
DEVICE-009878,Feature Phone,PERSON-000447,iOS,2023-02-03,2023-02-03,true
DEVICE-009879,Smartphone,PERSON-000448,iOS,2023-02-09,2023-02-09,true
DEVICE-009880,Tablet,PERSON-000450,Android,2023-05-17,2023-05-17,true
DEVICE-009881,Smartphone,PERSON-000451,Android,2023-05-12,2023-05-12,true
DEVICE-009882,Smartphone,PERSON-000452,Android,2023-07-18,2023-07-18,true
DEVICE-009883,Tablet,PERSON-000453,Android,2023-07-22,2023-07-22,true
DEVICE-009884,Smartphone,PERSON-000454,Android,2023-06-05,2023-06-05,true
DEVICE-009885,Smartphone,PERSON-000456,iOS,2023-09-18,2023-09-18,true
DEVICE-009886,Feature Phone,PERSON-000457,Android,2023-04-28,2023-04-28,true
DEVICE-009887,Smartphone,PERSON-000458,Android,2023-02-27,2023-02-27,true
DEVICE-009888,Tablet,PERSON-000459,Android,2023-02-13,2023-02-13,true
DEVICE-009889,Smartphone,PERSON-000460,iOS,2023-05-18,2023-05-18,true
DEVICE-009890,Smartphone,PERSON-000461,iOS,2023-06-02,2023-06-02,true
DEVICE-009891,Smartphone,PERSON-000462,Android,2023-03-21,2023-03-21,true
DEVICE-009892,Smartphone,PERSON-000463,Android,2023-04-14,2023-04-14,true
DEVICE-009893,Tablet,PERSON-000464,Android,2023-06-26,2023-06-26,true
DEVICE-009894,Tablet,PERSON-000465,Android,2023-09-02,2023-09-02,true
DEVICE-009895,Tablet,PERSON-000466,Android,2023-11-24,2023-11-24,true
DEVICE-009896,Feature Phone,PERSON-000467,iOS,2023-09-27,2023-09-27,true
DEVICE-009897,Tablet,PERSON-000468,iOS,2023-08-29,2023-08-29,true
DEVICE-009898,Tablet,PERSON-000469,iOS,2023-09-07,2023-09-07,true
DEVICE-009899,Feature Phone,PERSON-000471,Android,2023-07-18,2023-07-18,true
DEVICE-009900,Tablet,PERSON-000472,iOS,2023-08-12,2023-08-12,true
DEVICE-009901,Feature Phone,PERSON-000474,Android,2023-03-15,2023-03-15,true
DEVICE-009902,Tablet,PERSON-000475,iOS,2023-10-07,2023-10-07,true
DEVICE-009903,Feature Phone,PERSON-000476,iOS,2023-01-03,2023-01-03,true
DEVICE-009904,Feature Phone,PERSON-000477,iOS,2023-12-08,2023-12-08,true
DEVICE-009905,Feature Phone,PERSON-000478,Android,2023-04-04,2023-04-04,true
DEVICE-009906,Feature Phone,PERSON-000480,iOS,2023-05-29,2023-05-29,true
DEVICE-009907,Smartphone,PERSON-000481,Android,2023-01-25,2023-01-25,true
DEVICE-009908,Feature Phone,PERSON-000482,Android,2023-12-19,2023-12-19,true
DEVICE-009909,Smartphone,PERSON-000483,Android,2023-11-26,2023-11-26,true
DEVICE-009910,Smartphone,PERSON-000485,Android,2023-11-09,2023-11-09,true
DEVICE-009911,Smartphone,PERSON-000486,iOS,2023-03-05,2023-03-05,true
DEVICE-009912,Feature Phone,PERSON-000487,Android,2023-12-26,2023-12-26,true
DEVICE-009913,Feature Phone,PERSON-000490,iOS,2023-06-22,2023-06-22,true
DEVICE-009914,Feature Phone,PERSON-000491,iOS,2023-04-20,2023-04-20,true
DEVICE-009915,Tablet,PERSON-000493,Android,2023-05-21,2023-05-21,true
DEVICE-009916,Smartphone,PERSON-000494,Android,2023-05-09,2023-05-09,true
DEVICE-009917,Tablet,PERSON-000495,iOS,2023-05-05,2023-05-05,true
DEVICE-009918,Tablet,PERSON-000496,Android,2023-06-28,2023-06-28,true
DEVICE-009919,Smartphone,PERSON-000498,iOS,2023-10-20,2023-10-20,true
DEVICE-009920,Feature Phone,PERSON-000500,iOS,2023-11-19,2023-11-19,true
DEVICE-009921,Feature Phone,PERSON-000501,iOS,2023-10-13,2023-10-13,true
DEVICE-009922,Tablet,PERSON-000502,Android,2023-08-05,2023-08-05,true
DEVICE-009923,Smartphone,PERSON-000503,iOS,2023-10-03,2023-10-03,true
DEVICE-009924,Feature Phone,PERSON-000504,iOS,2023-12-14,2023-12-14,true
DEVICE-009925,Tablet,PERSON-000505,Android,2023-03-04,2023-03-04,true
DEVICE-009926,Feature Phone,PERSON-000508,iOS,2023-12-08,2023-12-08,true
DEVICE-009927,Tablet,PERSON-000509,Android,2023-03-06,2023-03-06,true
DEVICE-009928,Tablet,PERSON-000510,Android,2023-07-14,2023-07-14,true
DEVICE-009929,Smartphone,PERSON-000511,iOS,2023-10-25,2023-10-25,true
DEVICE-009930,Feature Phone,PERSON-000512,Android,2023-11-27,2023-11-27,true
DEVICE-009931,Smartphone,PERSON-000513,iOS,2023-12-06,2023-12-06,true
DEVICE-009932,Tablet,PERSON-000514,Android,2023-01-17,2023-01-17,true
DEVICE-009933,Smartphone,PERSON-000515,iOS,2023-08-25,2023-08-25,true
DEVICE-009934,Feature Phone,PERSON-000516,Android,2023-10-30,2023-10-30,true
DEVICE-009935,Feature Phone,PERSON-000517,iOS,2023-07-05,2023-07-05,true
DEVICE-009936,Feature Phone,PERSON-000518,Android,2023-02-11,2023-02-11,true
DEVICE-009937,Smartphone,PERSON-000519,iOS,2023-02-08,2023-02-08,true
DEVICE-009938,Feature Phone,PERSON-000520,Android,2023-09-07,2023-09-07,true
DEVICE-009939,Feature Phone,PERSON-000521,iOS,2023-06-06,2023-06-06,true
DEVICE-009940,Smartphone,PERSON-000522,iOS,2023-09-12,2023-09-12,true
DEVICE-009941,Smartphone,PERSON-000523,iOS,2023-07-30,2023-07-30,true
DEVICE-009942,Smartphone,PERSON-000525,Android,2023-12-20,2023-12-20,true
DEVICE-009943,Tablet,PERSON-000527,iOS,2023-03-26,2023-03-26,true
DEVICE-009944,Tablet,PERSON-000529,Android,2023-06-08,2023-06-08,true
DEVICE-009945,Smartphone,PERSON-000530,Android,2023-08-28,2023-08-28,true
DEVICE-009946,Feature Phone,PERSON-000531,Android,2023-10-02,2023-10-02,true
DEVICE-009947,Feature Phone,PERSON-000532,Android,2023-08-20,2023-08-20,true
DEVICE-009948,Feature Phone,PERSON-000533,Android,2023-08-19,2023-08-19,true
DEVICE-009949,Tablet,PERSON-000534,Android,2023-05-21,2023-05-21,true
DEVICE-009950,Tablet,PERSON-000535,iOS,2023-05-31,2023-05-31,true
DEVICE-009951,Feature Phone,PERSON-000536,iOS,2023-09-10,2023-09-10,true
DEVICE-009952,Smartphone,PERSON-000537,Android,2023-11-28,2023-11-28,true
DEVICE-009953,Smartphone,PERSON-000539,Android,2023-02-03,2023-02-03,true
DEVICE-009954,Smartphone,PERSON-000541,Android,2023-02-13,2023-02-13,true
DEVICE-009955,Tablet,PERSON-000542,Android,2023-12-24,2023-12-24,true
DEVICE-009956,Tablet,PERSON-000543,iOS,2023-05-08,2023-05-08,true
DEVICE-009957,Feature Phone,PERSON-000545,Android,2023-08-01,2023-08-01,true
DEVICE-009958,Smartphone,PERSON-000546,Android,2023-04-01,2023-04-01,true
DEVICE-009959,Feature Phone,PERSON-000547,Android,2023-11-02,2023-11-02,true
DEVICE-009960,Smartphone,PERSON-000548,iOS,2023-04-20,2023-04-20,true
DEVICE-009961,Smartphone,PERSON-000549,iOS,2023-04-08,2023-04-08,true
DEVICE-009962,Feature Phone,PERSON-000550,Android,2023-03-22,2023-03-22,true
DEVICE-009963,Tablet,PERSON-000551,iOS,2023-12-17,2023-12-17,true
DEVICE-009964,Feature Phone,PERSON-000552,Android,2023-08-06,2023-08-06,true
DEVICE-009965,Feature Phone,PERSON-000553,iOS,2023-05-27,2023-05-27,true
DEVICE-009966,Feature Phone,PERSON-000554,Android,2023-02-03,2023-02-03,true
DEVICE-009967,Tablet,PERSON-000555,Android,2023-12-16,2023-12-16,true
DEVICE-009968,Smartphone,PERSON-000557,iOS,2023-02-13,2023-02-13,true
DEVICE-009969,Tablet,PERSON-000558,iOS,2023-08-17,2023-08-17,true
DEVICE-009970,Feature Phone,PERSON-000559,iOS,2023-07-05,2023-07-05,true
DEVICE-009971,Smartphone,PERSON-000560,Android,2023-11-16,2023-11-16,true
DEVICE-009972,Smartphone,PERSON-000561,iOS,2023-08-30,2023-08-30,true
DEVICE-009973,Tablet,PERSON-000562,Android,2023-04-05,2023-04-05,true
DEVICE-009974,Feature Phone,PERSON-000563,iOS,2023-11-30,2023-11-30,true
DEVICE-009975,Tablet,PERSON-000564,Android,2023-07-26,2023-07-26,true
DEVICE-009976,Tablet,PERSON-000565,Android,2023-09-09,2023-09-09,true
DEVICE-009977,Tablet,PERSON-000567,Android,2023-06-05,2023-06-05,true
DEVICE-009978,Tablet,PERSON-000570,iOS,2023-02-28,2023-02-28,true
DEVICE-009979,Tablet,PERSON-000571,Android,2023-09-24,2023-09-24,true
DEVICE-009980,Feature Phone,PERSON-000572,Android,2023-12-29,2023-12-29,true
DEVICE-009981,Feature Phone,PERSON-000573,iOS,2023-05-30,2023-05-30,true
DEVICE-009982,Smartphone,PERSON-000574,iOS,2023-06-04,2023-06-04,true
DEVICE-009983,Smartphone,PERSON-000577,Android,2023-12-31,2023-12-31,true
DEVICE-009984,Smartphone,PERSON-000578,Android,2023-11-29,2023-11-29,true
DEVICE-009985,Feature Phone,PERSON-000579,Android,2023-04-28,2023-04-28,true
DEVICE-009986,Feature Phone,PERSON-000581,iOS,2023-09-03,2023-09-03,true
DEVICE-009987,Smartphone,PERSON-000582,Android,2023-01-19,2023-01-19,true
DEVICE-009988,Feature Phone,PERSON-000583,Android,2023-07-20,2023-07-20,true
DEVICE-009989,Feature Phone,PERSON-000585,iOS,2023-10-24,2023-10-24,true
DEVICE-009990,Tablet,PERSON-000586,Android,2023-07-22,2023-07-22,true
DEVICE-009991,Smartphone,PERSON-000587,Android,2023-10-09,2023-10-09,true
DEVICE-009992,Feature Phone,PERSON-000588,iOS,2023-08-28,2023-08-28,true
DEVICE-009993,Feature Phone,PERSON-000589,iOS,2023-09-19,2023-09-19,true
DEVICE-009994,Smartphone,PERSON-000590,Android,2023-08-18,2023-08-18,true
DEVICE-009995,Tablet,PERSON-000591,iOS,2023-04-12,2023-04-12,true
DEVICE-009996,Tablet,PERSON-000592,Android,2023-02-11,2023-02-11,true
DEVICE-009997,Tablet,PERSON-000593,iOS,2023-07-17,2023-07-17,true
DEVICE-009998,Feature Phone,PERSON-000594,iOS,2023-06-13,2023-06-13,true
DEVICE-009999,Smartphone,PERSON-000595,Android,2023-11-25,2023-11-25,true
DEVICE-010000,Tablet,PERSON-000596,Android,2023-09-17,2023-09-17,true
DEVICE-010001,Tablet,PERSON-000598,Android,2023-01-26,2023-01-26,true
DEVICE-010002,Tablet,PERSON-000600,Android,2023-07-27,2023-07-27,true
DEVICE-010003,Smartphone,PERSON-000601,iOS,2023-05-18,2023-05-18,true
DEVICE-010004,Feature Phone,PERSON-000602,Android,2023-07-21,2023-07-21,true
DEVICE-010005,Smartphone,PERSON-000603,iOS,2023-04-10,2023-04-10,true
DEVICE-010006,Smartphone,PERSON-000605,iOS,2023-01-29,2023-01-29,true
DEVICE-010007,Feature Phone,PERSON-000606,Android,2023-03-22,2023-03-22,true
DEVICE-010008,Feature Phone,PERSON-000608,Android,2023-01-11,2023-01-11,true
DEVICE-010009,Smartphone,PERSON-000609,iOS,2023-10-23,2023-10-23,true
DEVICE-010010,Feature Phone,PERSON-000610,Android,2023-07-22,2023-07-22,true
DEVICE-010011,Feature Phone,PERSON-000612,iOS,2023-05-03,2023-05-03,true
DEVICE-010012,Smartphone,PERSON-000614,Android,2023-04-16,2023-04-16,true
DEVICE-010013,Feature Phone,PERSON-000615,Android,2023-03-29,2023-03-29,true
DEVICE-010014,Tablet,PERSON-000616,iOS,2023-06-29,2023-06-29,true
DEVICE-010015,Feature Phone,PERSON-000617,iOS,2023-01-17,2023-01-17,true
DEVICE-010016,Tablet,PERSON-000618,iOS,2023-01-19,2023-01-19,true
DEVICE-010017,Feature Phone,PERSON-000619,iOS,2023-07-21,2023-07-21,true
DEVICE-010018,Smartphone,PERSON-000620,Android,2023-10-02,2023-10-02,true
DEVICE-010019,Smartphone,PERSON-000623,Android,2023-07-22,2023-07-22,true
DEVICE-010020,Tablet,PERSON-000624,iOS,2023-01-05,2023-01-05,true
DEVICE-010021,Smartphone,PERSON-000625,iOS,2023-04-09,2023-04-09,true
DEVICE-010022,Smartphone,PERSON-000626,iOS,2023-10-23,2023-10-23,true
DEVICE-010023,Feature Phone,PERSON-000627,Android,2023-10-19,2023-10-19,true
DEVICE-010024,Smartphone,PERSON-000629,Android,2023-11-12,2023-11-12,true
DEVICE-010025,Smartphone,PERSON-000630,Android,2023-11-18,2023-11-18,true
DEVICE-010026,Feature Phone,PERSON-000631,iOS,2023-07-16,2023-07-16,true
DEVICE-010027,Smartphone,PERSON-000632,Android,2023-01-01,2023-01-01,true
DEVICE-010028,Tablet,PERSON-000633,iOS,2023-01-16,2023-01-16,true
DEVICE-010029,Feature Phone,PERSON-000636,iOS,2023-05-27,2023-05-27,true
DEVICE-010030,Feature Phone,PERSON-000637,Android,2023-04-06,2023-04-06,true
DEVICE-010031,Smartphone,PERSON-000638,Android,2023-12-11,2023-12-11,true
DEVICE-010032,Feature Phone,PERSON-000639,Android,2023-01-23,2023-01-23,true
DEVICE-010033,Tablet,PERSON-000640,Android,2023-08-07,2023-08-07,true
DEVICE-010034,Feature Phone,PERSON-000641,Android,2023-12-18,2023-12-18,true
DEVICE-010035,Feature Phone,PERSON-000642,iOS,2023-05-15,2023-05-15,true
DEVICE-010036,Smartphone,PERSON-000643,iOS,2023-07-22,2023-07-22,true
DEVICE-010037,Smartphone,PERSON-000644,Android,2023-05-29,2023-05-29,true
DEVICE-010038,Tablet,PERSON-000645,iOS,2023-11-06,2023-11-06,true
DEVICE-010039,Tablet,PERSON-000646,Android,2023-08-30,2023-08-30,true
DEVICE-010040,Feature Phone,PERSON-000649,iOS,2023-05-07,2023-05-07,true
DEVICE-010041,Tablet,PERSON-000650,iOS,2023-11-08,2023-11-08,true
DEVICE-010042,Smartphone,PERSON-000651,iOS,2023-03-27,2023-03-27,true
DEVICE-010043,Tablet,PERSON-000652,Android,2023-10-30,2023-10-30,true
DEVICE-010044,Smartphone,PERSON-000654,Android,2023-08-26,2023-08-26,true
DEVICE-010045,Tablet,PERSON-000655,Android,2023-02-26,2023-02-26,true
DEVICE-010046,Tablet,PERSON-000656,Android,2023-08-19,2023-08-19,true
DEVICE-010047,Smartphone,PERSON-000657,Android,2023-01-03,2023-01-03,true
DEVICE-010048,Smartphone,PERSON-000658,iOS,2023-06-02,2023-06-02,true
DEVICE-010049,Feature Phone,PERSON-000659,iOS,2023-05-11,2023-05-11,true
DEVICE-010050,Tablet,PERSON-000660,Android,2023-05-15,2023-05-15,true
DEVICE-010051,Smartphone,PERSON-000661,iOS,2023-06-23,2023-06-23,true
DEVICE-010052,Tablet,PERSON-000662,iOS,2023-08-06,2023-08-06,true
DEVICE-010053,Smartphone,PERSON-000663,Android,2023-11-17,2023-11-17,true
DEVICE-010054,Feature Phone,PERSON-000664,Android,2023-07-09,2023-07-09,true
DEVICE-010055,Tablet,PERSON-000665,Android,2023-09-27,2023-09-27,true
DEVICE-010056,Tablet,PERSON-000666,iOS,2023-10-07,2023-10-07,true
DEVICE-010057,Tablet,PERSON-000668,iOS,2023-03-07,2023-03-07,true
DEVICE-010058,Feature Phone,PERSON-000669,iOS,2023-01-13,2023-01-13,true
DEVICE-010059,Tablet,PERSON-000670,iOS,2023-03-09,2023-03-09,true
DEVICE-010060,Feature Phone,PERSON-000671,Android,2023-07-14,2023-07-14,true
DEVICE-010061,Feature Phone,PERSON-000672,Android,2023-04-18,2023-04-18,true
DEVICE-010062,Feature Phone,PERSON-000673,iOS,2023-01-16,2023-01-16,true
DEVICE-010063,Feature Phone,PERSON-000674,iOS,2023-06-30,2023-06-30,true
DEVICE-010064,Tablet,PERSON-000675,Android,2023-06-26,2023-06-26,true
DEVICE-010065,Smartphone,PERSON-000677,Android,2023-09-19,2023-09-19,true
DEVICE-010066,Tablet,PERSON-000678,Android,2023-12-12,2023-12-12,true
DEVICE-010067,Feature Phone,PERSON-000679,Android,2023-08-24,2023-08-24,true
DEVICE-010068,Tablet,PERSON-000680,iOS,2023-09-29,2023-09-29,true
DEVICE-010069,Tablet,PERSON-000681,Android,2023-08-30,2023-08-30,true
DEVICE-010070,Feature Phone,PERSON-000684,iOS,2023-02-09,2023-02-09,true
DEVICE-010071,Smartphone,PERSON-000685,iOS,2023-11-23,2023-11-23,true
DEVICE-010072,Smartphone,PERSON-000686,iOS,2023-02-01,2023-02-01,true
DEVICE-010073,Smartphone,PERSON-000687,iOS,2023-05-08,2023-05-08,true
DEVICE-010074,Smartphone,PERSON-000688,iOS,2023-07-06,2023-07-06,true
DEVICE-010075,Feature Phone,PERSON-000689,Android,2023-10-20,2023-10-20,true
DEVICE-010076,Smartphone,PERSON-000690,iOS,2023-02-01,2023-02-01,true
DEVICE-010077,Tablet,PERSON-000691,Android,2023-10-03,2023-10-03,true
DEVICE-010078,Feature Phone,PERSON-000692,Android,2023-03-01,2023-03-01,true
DEVICE-010079,Tablet,PERSON-000693,iOS,2023-12-30,2023-12-30,true
DEVICE-010080,Tablet,PERSON-000694,iOS,2023-03-19,2023-03-19,true
DEVICE-010081,Smartphone,PERSON-000695,Android,2023-02-18,2023-02-18,true
DEVICE-010082,Feature Phone,PERSON-000696,iOS,2023-03-17,2023-03-17,true
DEVICE-010083,Tablet,PERSON-000698,Android,2023-07-02,2023-07-02,true
DEVICE-010084,Feature Phone,PERSON-000699,Android,2023-02-25,2023-02-25,true
DEVICE-010085,Tablet,PERSON-000700,Android,2023-08-12,2023-08-12,true
DEVICE-010086,Feature Phone,PERSON-000701,Android,2023-10-23,2023-10-23,true
DEVICE-010087,Tablet,PERSON-000702,Android,2023-03-13,2023-03-13,true
DEVICE-010088,Tablet,PERSON-000704,iOS,2023-03-01,2023-03-01,true
DEVICE-010089,Tablet,PERSON-000705,iOS,2023-06-10,2023-06-10,true
DEVICE-010090,Smartphone,PERSON-000706,iOS,2023-08-11,2023-08-11,true
DEVICE-010091,Smartphone,PERSON-000707,Android,2023-12-27,2023-12-27,true
DEVICE-010092,Feature Phone,PERSON-000708,Android,2023-10-22,2023-10-22,true
DEVICE-010093,Smartphone,PERSON-000709,iOS,2023-11-13,2023-11-13,true
DEVICE-010094,Tablet,PERSON-000711,Android,2023-10-24,2023-10-24,true
DEVICE-010095,Feature Phone,PERSON-000713,iOS,2023-11-13,2023-11-13,true
DEVICE-010096,Tablet,PERSON-000714,Android,2023-02-08,2023-02-08,true
DEVICE-010097,Feature Phone,PERSON-000715,Android,2023-08-04,2023-08-04,true
DEVICE-010098,Smartphone,PERSON-000716,Android,2023-10-09,2023-10-09,true
DEVICE-010099,Smartphone,PERSON-000718,Android,2023-09-17,2023-09-17,true
DEVICE-010100,Feature Phone,PERSON-000719,iOS,2023-05-12,2023-05-12,true
DEVICE-010101,Feature Phone,PERSON-000720,iOS,2023-03-14,2023-03-14,true
DEVICE-010102,Feature Phone,PERSON-000722,iOS,2023-10-30,2023-10-30,true
DEVICE-010103,Feature Phone,PERSON-000723,Android,2023-01-09,2023-01-09,true
DEVICE-010104,Tablet,PERSON-000724,Android,2023-12-21,2023-12-21,true
DEVICE-010105,Feature Phone,PERSON-000725,Android,2023-03-22,2023-03-22,true
DEVICE-010106,Smartphone,PERSON-000726,Android,2023-05-08,2023-05-08,true
DEVICE-010107,Tablet,PERSON-000727,iOS,2023-03-05,2023-03-05,true
DEVICE-010108,Feature Phone,PERSON-000728,iOS,2023-02-14,2023-02-14,true
DEVICE-010109,Feature Phone,PERSON-000729,Android,2023-07-28,2023-07-28,true
DEVICE-010110,Feature Phone,PERSON-000730,iOS,2023-01-12,2023-01-12,true
DEVICE-010111,Smartphone,PERSON-000731,iOS,2023-01-08,2023-01-08,true
DEVICE-010112,Tablet,PERSON-000732,iOS,2023-10-03,2023-10-03,true
DEVICE-010113,Tablet,PERSON-000733,iOS,2023-08-29,2023-08-29,true
DEVICE-010114,Feature Phone,PERSON-000735,Android,2023-05-12,2023-05-12,true
DEVICE-010115,Smartphone,PERSON-000736,iOS,2023-09-25,2023-09-25,true
DEVICE-010116,Tablet,PERSON-000737,iOS,2023-05-25,2023-05-25,true
DEVICE-010117,Tablet,PERSON-000738,iOS,2023-09-03,2023-09-03,true
DEVICE-010118,Feature Phone,PERSON-000739,iOS,2023-06-27,2023-06-27,true
DEVICE-010119,Smartphone,PERSON-000740,iOS,2023-02-24,2023-02-24,true
DEVICE-010120,Feature Phone,PERSON-000741,iOS,2023-02-18,2023-02-18,true
DEVICE-010121,Feature Phone,PERSON-000742,iOS,2023-11-27,2023-11-27,true
DEVICE-010122,Feature Phone,PERSON-000743,iOS,2023-04-15,2023-04-15,true
DEVICE-010123,Feature Phone,PERSON-000744,iOS,2023-10-27,2023-10-27,true
DEVICE-010124,Smartphone,PERSON-000745,Android,2023-10-17,2023-10-17,true
DEVICE-010125,Tablet,PERSON-000746,iOS,2023-08-30,2023-08-30,true
DEVICE-010126,Feature Phone,PERSON-000747,iOS,2023-07-06,2023-07-06,true
DEVICE-010127,Smartphone,PERSON-000748,iOS,2023-09-10,2023-09-10,true
DEVICE-010128,Smartphone,PERSON-000749,iOS,2023-05-27,2023-05-27,true
DEVICE-010129,Smartphone,PERSON-000750,iOS,2023-09-02,2023-09-02,true
DEVICE-010130,Smartphone,PERSON-000751,iOS,2023-12-21,2023-12-21,true
DEVICE-010131,Smartphone,PERSON-000752,Android,2023-12-14,2023-12-14,true
DEVICE-010132,Tablet,PERSON-000753,Android,2023-06-06,2023-06-06,true
DEVICE-010133,Tablet,PERSON-000754,iOS,2023-12-14,2023-12-14,true
DEVICE-010134,Feature Phone,PERSON-000755,iOS,2023-05-16,2023-05-16,true
DEVICE-010135,Feature Phone,PERSON-000756,iOS,2023-02-12,2023-02-12,true
DEVICE-010136,Feature Phone,PERSON-000757,iOS,2023-12-05,2023-12-05,true
DEVICE-010137,Feature Phone,PERSON-000758,iOS,2023-09-29,2023-09-29,true
DEVICE-010138,Tablet,PERSON-000759,Android,2023-02-14,2023-02-14,true
DEVICE-010139,Feature Phone,PERSON-000760,iOS,2023-02-24,2023-02-24,true
DEVICE-010140,Smartphone,PERSON-000761,iOS,2023-04-28,2023-04-28,true
DEVICE-010141,Tablet,PERSON-000762,Android,2023-12-26,2023-12-26,true
DEVICE-010142,Tablet,PERSON-000764,iOS,2023-06-04,2023-06-04,true
DEVICE-010143,Feature Phone,PERSON-000766,Android,2023-10-22,2023-10-22,true
DEVICE-010144,Feature Phone,PERSON-000767,iOS,2023-03-04,2023-03-04,true
DEVICE-010145,Smartphone,PERSON-000768,Android,2023-08-26,2023-08-26,true
DEVICE-010146,Tablet,PERSON-000770,iOS,2023-05-19,2023-05-19,true
DEVICE-010147,Feature Phone,PERSON-000771,Android,2023-04-17,2023-04-17,true
DEVICE-010148,Tablet,PERSON-000772,iOS,2023-12-10,2023-12-10,true
DEVICE-010149,Tablet,PERSON-000773,iOS,2023-03-24,2023-03-24,true
DEVICE-010150,Tablet,PERSON-000775,Android,2023-10-17,2023-10-17,true
DEVICE-010151,Tablet,PERSON-000776,iOS,2023-11-07,2023-11-07,true
DEVICE-010152,Smartphone,PERSON-000777,iOS,2023-08-31,2023-08-31,true
DEVICE-010153,Feature Phone,PERSON-000778,iOS,2023-04-24,2023-04-24,true
DEVICE-010154,Feature Phone,PERSON-000779,iOS,2023-11-04,2023-11-04,true
DEVICE-010155,Smartphone,PERSON-000780,Android,2023-10-18,2023-10-18,true
DEVICE-010156,Feature Phone,PERSON-000781,Android,2023-06-24,2023-06-24,true
DEVICE-010157,Smartphone,PERSON-000782,Android,2023-12-29,2023-12-29,true
DEVICE-010158,Tablet,PERSON-000785,Android,2023-08-26,2023-08-26,true
DEVICE-010159,Tablet,PERSON-000786,Android,2023-08-11,2023-08-11,true
DEVICE-010160,Smartphone,PERSON-000787,Android,2023-05-24,2023-05-24,true
DEVICE-010161,Tablet,PERSON-000788,Android,2023-07-12,2023-07-12,true
DEVICE-010162,Smartphone,PERSON-000790,iOS,2023-02-17,2023-02-17,true
DEVICE-010163,Tablet,PERSON-000791,Android,2023-10-16,2023-10-16,true
DEVICE-010164,Tablet,PERSON-000793,Android,2023-11-16,2023-11-16,true
DEVICE-010165,Tablet,PERSON-000794,Android,2023-03-07,2023-03-07,true
DEVICE-010166,Smartphone,PERSON-000795,Android,2023-12-09,2023-12-09,true
DEVICE-010167,Tablet,PERSON-000796,iOS,2023-02-25,2023-02-25,true
DEVICE-010168,Smartphone,PERSON-000797,Android,2023-09-27,2023-09-27,true
DEVICE-010169,Smartphone,PERSON-000798,iOS,2023-05-13,2023-05-13,true
DEVICE-010170,Feature Phone,PERSON-000799,Android,2023-09-17,2023-09-17,true
DEVICE-010171,Feature Phone,PERSON-000800,iOS,2023-06-25,2023-06-25,true
DEVICE-010172,Feature Phone,PERSON-000801,iOS,2023-03-05,2023-03-05,true
DEVICE-010173,Smartphone,PERSON-000802,iOS,2023-10-01,2023-10-01,true
DEVICE-010174,Feature Phone,PERSON-000803,iOS,2023-11-12,2023-11-12,true
DEVICE-010175,Feature Phone,PERSON-000805,iOS,2023-02-06,2023-02-06,true
DEVICE-010176,Feature Phone,PERSON-000806,Android,2023-08-28,2023-08-28,true
DEVICE-010177,Feature Phone,PERSON-000807,Android,2023-04-09,2023-04-09,true
DEVICE-010178,Feature Phone,PERSON-000809,Android,2023-10-01,2023-10-01,true
DEVICE-010179,Smartphone,PERSON-000810,iOS,2023-11-15,2023-11-15,true
DEVICE-010180,Smartphone,PERSON-000811,iOS,2023-11-02,2023-11-02,true
DEVICE-010181,Feature Phone,PERSON-000813,iOS,2023-03-20,2023-03-20,true
DEVICE-010182,Smartphone,PERSON-000814,iOS,2023-09-27,2023-09-27,true
DEVICE-010183,Tablet,PERSON-000815,Android,2023-02-09,2023-02-09,true
DEVICE-010184,Tablet,PERSON-000816,iOS,2023-07-18,2023-07-18,true
DEVICE-010185,Smartphone,PERSON-000818,iOS,2023-09-11,2023-09-11,true
DEVICE-010186,Smartphone,PERSON-000820,Android,2023-01-02,2023-01-02,true
DEVICE-010187,Feature Phone,PERSON-000821,iOS,2023-12-04,2023-12-04,true
DEVICE-010188,Feature Phone,PERSON-000824,Android,2023-09-30,2023-09-30,true
DEVICE-010189,Smartphone,PERSON-000826,Android,2023-01-11,2023-01-11,true
DEVICE-010190,Smartphone,PERSON-000827,iOS,2023-05-19,2023-05-19,true
DEVICE-010191,Smartphone,PERSON-000828,Android,2023-08-11,2023-08-11,true
DEVICE-010192,Tablet,PERSON-000829,Android,2023-02-28,2023-02-28,true
DEVICE-010193,Tablet,PERSON-000830,Android,2023-06-20,2023-06-20,true
DEVICE-010194,Tablet,PERSON-000831,iOS,2023-01-27,2023-01-27,true
DEVICE-010195,Tablet,PERSON-000833,Android,2023-09-12,2023-09-12,true
DEVICE-010196,Smartphone,PERSON-000834,iOS,2023-07-10,2023-07-10,true
DEVICE-010197,Feature Phone,PERSON-000835,iOS,2023-12-15,2023-12-15,true
DEVICE-010198,Smartphone,PERSON-000836,iOS,2023-04-11,2023-04-11,true
DEVICE-010199,Tablet,PERSON-000837,Android,2023-11-02,2023-11-02,true
DEVICE-010200,Tablet,PERSON-000839,iOS,2023-12-12,2023-12-12,true
DEVICE-010201,Smartphone,PERSON-000840,Android,2023-04-05,2023-04-05,true
DEVICE-010202,Smartphone,PERSON-000841,Android,2023-01-19,2023-01-19,true
DEVICE-010203,Tablet,PERSON-000843,iOS,2023-12-04,2023-12-04,true
DEVICE-010204,Tablet,PERSON-000844,iOS,2023-04-15,2023-04-15,true
DEVICE-010205,Smartphone,PERSON-000847,iOS,2023-06-17,2023-06-17,true
DEVICE-010206,Smartphone,PERSON-000848,Android,2023-07-12,2023-07-12,true
DEVICE-010207,Tablet,PERSON-000849,Android,2023-08-19,2023-08-19,true
DEVICE-010208,Tablet,PERSON-000851,Android,2023-06-09,2023-06-09,true
DEVICE-010209,Tablet,PERSON-000852,Android,2023-06-13,2023-06-13,true
DEVICE-010210,Feature Phone,PERSON-000853,iOS,2023-05-09,2023-05-09,true
DEVICE-010211,Feature Phone,PERSON-000854,Android,2023-09-03,2023-09-03,true
DEVICE-010212,Feature Phone,PERSON-000855,Android,2023-04-18,2023-04-18,true
DEVICE-010213,Tablet,PERSON-000856,iOS,2023-03-18,2023-03-18,true
DEVICE-010214,Tablet,PERSON-000857,iOS,2023-04-08,2023-04-08,true
DEVICE-010215,Smartphone,PERSON-000858,Android,2023-12-21,2023-12-21,true
DEVICE-010216,Feature Phone,PERSON-000859,iOS,2023-05-02,2023-05-02,true
DEVICE-010217,Feature Phone,PERSON-000861,iOS,2023-08-14,2023-08-14,true
DEVICE-010218,Tablet,PERSON-000864,Android,2023-03-07,2023-03-07,true
DEVICE-010219,Tablet,PERSON-000865,Android,2023-06-11,2023-06-11,true
DEVICE-010220,Smartphone,PERSON-000866,iOS,2023-01-04,2023-01-04,true
DEVICE-010221,Tablet,PERSON-000867,iOS,2023-12-13,2023-12-13,true
DEVICE-010222,Smartphone,PERSON-000868,iOS,2023-12-27,2023-12-27,true
DEVICE-010223,Smartphone,PERSON-000869,iOS,2023-06-26,2023-06-26,true
DEVICE-010224,Feature Phone,PERSON-000870,iOS,2023-11-06,2023-11-06,true
DEVICE-010225,Feature Phone,PERSON-000871,Android,2023-03-23,2023-03-23,true
DEVICE-010226,Smartphone,PERSON-000872,iOS,2023-07-17,2023-07-17,true
DEVICE-010227,Feature Phone,PERSON-000873,iOS,2023-01-15,2023-01-15,true
DEVICE-010228,Feature Phone,PERSON-000874,Android,2023-02-07,2023-02-07,true
DEVICE-010229,Smartphone,PERSON-000875,iOS,2023-02-19,2023-02-19,true
DEVICE-010230,Smartphone,PERSON-000876,iOS,2023-09-15,2023-09-15,true
DEVICE-010231,Feature Phone,PERSON-000877,Android,2023-02-10,2023-02-10,true
DEVICE-010232,Tablet,PERSON-000878,Android,2023-04-15,2023-04-15,true
DEVICE-010233,Smartphone,PERSON-000879,Android,2023-07-08,2023-07-08,true
DEVICE-010234,Smartphone,PERSON-000880,iOS,2023-02-11,2023-02-11,true
DEVICE-010235,Tablet,PERSON-000881,iOS,2023-04-08,2023-04-08,true
DEVICE-010236,Smartphone,PERSON-000882,Android,2023-02-13,2023-02-13,true
DEVICE-010237,Feature Phone,PERSON-000883,Android,2023-09-21,2023-09-21,true
DEVICE-010238,Tablet,PERSON-000884,Android,2023-10-30,2023-10-30,true
DEVICE-010239,Tablet,PERSON-000885,iOS,2023-03-05,2023-03-05,true
DEVICE-010240,Feature Phone,PERSON-000887,Android,2023-11-23,2023-11-23,true
DEVICE-010241,Feature Phone,PERSON-000888,iOS,2023-12-14,2023-12-14,true
DEVICE-010242,Smartphone,PERSON-000889,Android,2023-07-08,2023-07-08,true
DEVICE-010243,Feature Phone,PERSON-000890,iOS,2023-09-09,2023-09-09,true
DEVICE-010244,Feature Phone,PERSON-000891,iOS,2023-05-05,2023-05-05,true
DEVICE-010245,Smartphone,PERSON-000892,iOS,2023-04-11,2023-04-11,true
DEVICE-010246,Smartphone,PERSON-000893,Android,2023-12-18,2023-12-18,true
DEVICE-010247,Tablet,PERSON-000894,Android,2023-09-18,2023-09-18,true
DEVICE-010248,Feature Phone,PERSON-000896,iOS,2023-06-18,2023-06-18,true
DEVICE-010249,Feature Phone,PERSON-000897,iOS,2023-06-04,2023-06-04,true
DEVICE-010250,Tablet,PERSON-000899,iOS,2023-12-10,2023-12-10,true
DEVICE-010251,Feature Phone,PERSON-000900,iOS,2023-02-27,2023-02-27,true
DEVICE-010252,Feature Phone,PERSON-000902,Android,2023-07-11,2023-07-11,true
DEVICE-010253,Tablet,PERSON-000903,Android,2023-04-28,2023-04-28,true
DEVICE-010254,Feature Phone,PERSON-000905,iOS,2023-12-16,2023-12-16,true
DEVICE-010255,Feature Phone,PERSON-000907,iOS,2023-07-15,2023-07-15,true
DEVICE-010256,Feature Phone,PERSON-000908,Android,2023-06-09,2023-06-09,true
DEVICE-010257,Tablet,PERSON-000910,iOS,2023-01-20,2023-01-20,true
DEVICE-010258,Tablet,PERSON-000912,iOS,2023-09-16,2023-09-16,true
DEVICE-010259,Tablet,PERSON-000913,iOS,2023-01-31,2023-01-31,true
DEVICE-010260,Smartphone,PERSON-000914,Android,2023-02-25,2023-02-25,true
DEVICE-010261,Smartphone,PERSON-000915,Android,2023-11-27,2023-11-27,true
DEVICE-010262,Smartphone,PERSON-000917,Android,2023-04-30,2023-04-30,true
DEVICE-010263,Smartphone,PERSON-000918,Android,2023-04-20,2023-04-20,true
DEVICE-010264,Smartphone,PERSON-000923,Android,2023-01-03,2023-01-03,true
DEVICE-010265,Smartphone,PERSON-000924,Android,2023-12-09,2023-12-09,true
DEVICE-010266,Smartphone,PERSON-000925,iOS,2023-09-12,2023-09-12,true
DEVICE-010267,Feature Phone,PERSON-000926,Android,2023-11-16,2023-11-16,true
DEVICE-010268,Smartphone,PERSON-000928,iOS,2023-12-26,2023-12-26,true
DEVICE-010269,Smartphone,PERSON-000929,Android,2023-02-10,2023-02-10,true
DEVICE-010270,Smartphone,PERSON-000930,Android,2023-02-21,2023-02-21,true
DEVICE-010271,Tablet,PERSON-000931,Android,2023-11-21,2023-11-21,true
DEVICE-010272,Smartphone,PERSON-000932,Android,2023-03-20,2023-03-20,true
DEVICE-010273,Tablet,PERSON-000933,iOS,2023-05-26,2023-05-26,true
DEVICE-010274,Feature Phone,PERSON-000934,Android,2023-11-25,2023-11-25,true
DEVICE-010275,Smartphone,PERSON-000935,Android,2023-12-14,2023-12-14,true
DEVICE-010276,Smartphone,PERSON-000936,iOS,2023-06-30,2023-06-30,true
DEVICE-010277,Tablet,PERSON-000937,iOS,2023-05-12,2023-05-12,true
DEVICE-010278,Tablet,PERSON-000938,Android,2023-03-27,2023-03-27,true
DEVICE-010279,Smartphone,PERSON-000939,Android,2023-04-15,2023-04-15,true
DEVICE-010280,Feature Phone,PERSON-000940,iOS,2023-10-31,2023-10-31,true
DEVICE-010281,Tablet,PERSON-000941,iOS,2023-06-30,2023-06-30,true
DEVICE-010282,Tablet,PERSON-000942,iOS,2023-10-17,2023-10-17,true
DEVICE-010283,Tablet,PERSON-000944,Android,2023-01-28,2023-01-28,true
DEVICE-010284,Feature Phone,PERSON-000945,iOS,2023-03-07,2023-03-07,true
DEVICE-010285,Smartphone,PERSON-000946,iOS,2023-05-18,2023-05-18,true
DEVICE-010286,Tablet,PERSON-000947,iOS,2023-04-29,2023-04-29,true
DEVICE-010287,Feature Phone,PERSON-000949,iOS,2023-04-19,2023-04-19,true
DEVICE-010288,Smartphone,PERSON-000951,Android,2023-07-11,2023-07-11,true
DEVICE-010289,Smartphone,PERSON-000952,Android,2023-08-11,2023-08-11,true
DEVICE-010290,Tablet,PERSON-000953,Android,2023-01-23,2023-01-23,true
DEVICE-010291,Smartphone,PERSON-000954,Android,2023-11-08,2023-11-08,true
DEVICE-010292,Tablet,PERSON-000956,iOS,2023-07-25,2023-07-25,true
DEVICE-010293,Tablet,PERSON-000958,iOS,2023-01-05,2023-01-05,true
DEVICE-010294,Tablet,PERSON-000959,iOS,2023-09-13,2023-09-13,true
DEVICE-010295,Smartphone,PERSON-000960,Android,2023-09-30,2023-09-30,true
DEVICE-010296,Smartphone,PERSON-000961,iOS,2023-10-09,2023-10-09,true
DEVICE-010297,Tablet,PERSON-000962,Android,2023-12-16,2023-12-16,true
DEVICE-010298,Smartphone,PERSON-000963,Android,2023-01-31,2023-01-31,true
DEVICE-010299,Tablet,PERSON-000964,Android,2023-03-02,2023-03-02,true
DEVICE-010300,Smartphone,PERSON-000965,Android,2023-01-11,2023-01-11,true
DEVICE-010301,Smartphone,PERSON-000966,Android,2023-03-14,2023-03-14,true
DEVICE-010302,Smartphone,PERSON-000967,iOS,2023-01-08,2023-01-08,true
DEVICE-010303,Feature Phone,PERSON-000968,Android,2023-08-30,2023-08-30,true
DEVICE-010304,Tablet,PERSON-000969,Android,2023-02-18,2023-02-18,true
DEVICE-010305,Smartphone,PERSON-000970,iOS,2023-04-27,2023-04-27,true
DEVICE-010306,Feature Phone,PERSON-000971,iOS,2023-08-21,2023-08-21,true
DEVICE-010307,Tablet,PERSON-000972,iOS,2023-07-05,2023-07-05,true
DEVICE-010308,Tablet,PERSON-000973,iOS,2023-03-11,2023-03-11,true
DEVICE-010309,Tablet,PERSON-000974,iOS,2023-05-05,2023-05-05,true
DEVICE-010310,Smartphone,PERSON-000975,iOS,2023-11-28,2023-11-28,true
DEVICE-010311,Tablet,PERSON-000976,Android,2023-05-20,2023-05-20,true
DEVICE-010312,Feature Phone,PERSON-000977,Android,2023-11-30,2023-11-30,true
DEVICE-010313,Smartphone,PERSON-000978,Android,2023-11-11,2023-11-11,true
DEVICE-010314,Feature Phone,PERSON-000980,Android,2023-01-02,2023-01-02,true
DEVICE-010315,Tablet,PERSON-000981,Android,2023-02-16,2023-02-16,true
DEVICE-010316,Feature Phone,PERSON-000982,Android,2023-10-15,2023-10-15,true
DEVICE-010317,Feature Phone,PERSON-000983,Android,2023-01-25,2023-01-25,true
DEVICE-010318,Smartphone,PERSON-000984,iOS,2023-08-07,2023-08-07,true
DEVICE-010319,Smartphone,PERSON-000985,Android,2023-08-24,2023-08-24,true
DEVICE-010320,Feature Phone,PERSON-000986,Android,2023-10-26,2023-10-26,true
DEVICE-010321,Smartphone,PERSON-000987,iOS,2023-03-30,2023-03-30,true
DEVICE-010322,Feature Phone,PERSON-000988,Android,2023-11-19,2023-11-19,true
DEVICE-010323,Smartphone,PERSON-000989,iOS,2023-03-16,2023-03-16,true
DEVICE-010324,Smartphone,PERSON-000990,Android,2023-12-24,2023-12-24,true
DEVICE-010325,Smartphone,PERSON-000992,iOS,2023-06-05,2023-06-05,true
DEVICE-010326,Tablet,PERSON-000993,Android,2023-09-11,2023-09-11,true
DEVICE-010327,Feature Phone,PERSON-000994,iOS,2023-03-30,2023-03-30,true
DEVICE-010328,Tablet,PERSON-000995,Android,2023-02-24,2023-02-24,true
DEVICE-010329,Tablet,PERSON-000996,Android,2023-03-13,2023-03-13,true
DEVICE-010330,Tablet,PERSON-000998,Android,2023-04-22,2023-04-22,true
DEVICE-010331,Tablet,PERSON-000999,iOS,2023-03-18,2023-03-18,true
DEVICE-010332,Smartphone,PERSON-001000,Android,2023-06-15,2023-06-15,true
DEVICE-010333,Smartphone,PERSON-001001,Android,2023-04-27,2023-04-27,true
DEVICE-010334,Tablet,PERSON-001002,Android,2023-03-26,2023-03-26,true
DEVICE-010335,Feature Phone,PERSON-001003,Android,2023-07-26,2023-07-26,true
DEVICE-010336,Smartphone,PERSON-001004,iOS,2023-03-09,2023-03-09,true
DEVICE-010337,Feature Phone,PERSON-001005,iOS,2023-02-08,2023-02-08,true
DEVICE-010338,Tablet,PERSON-001006,Android,2023-11-14,2023-11-14,true
DEVICE-010339,Smartphone,PERSON-001008,iOS,2023-07-18,2023-07-18,true
DEVICE-010340,Tablet,PERSON-001009,iOS,2023-10-27,2023-10-27,true
DEVICE-010341,Tablet,PERSON-001010,Android,2023-10-17,2023-10-17,true
DEVICE-010342,Tablet,PERSON-001011,iOS,2023-07-27,2023-07-27,true
DEVICE-010343,Tablet,PERSON-001014,iOS,2023-05-04,2023-05-04,true
DEVICE-010344,Tablet,PERSON-001015,iOS,2023-10-25,2023-10-25,true
DEVICE-010345,Smartphone,PERSON-001016,iOS,2023-05-02,2023-05-02,true
DEVICE-010346,Tablet,PERSON-001018,iOS,2023-03-06,2023-03-06,true
DEVICE-010347,Tablet,PERSON-001019,Android,2023-03-23,2023-03-23,true
DEVICE-010348,Feature Phone,PERSON-001020,Android,2023-10-31,2023-10-31,true
DEVICE-010349,Tablet,PERSON-001021,iOS,2023-04-19,2023-04-19,true
DEVICE-010350,Tablet,PERSON-001022,iOS,2023-03-15,2023-03-15,true
DEVICE-010351,Feature Phone,PERSON-001023,iOS,2023-04-16,2023-04-16,true
DEVICE-010352,Feature Phone,PERSON-001024,Android,2023-11-15,2023-11-15,true
DEVICE-010353,Feature Phone,PERSON-001025,Android,2023-08-21,2023-08-21,true
DEVICE-010354,Smartphone,PERSON-001026,iOS,2023-09-04,2023-09-04,true
DEVICE-010355,Smartphone,PERSON-001027,iOS,2023-07-07,2023-07-07,true
DEVICE-010356,Tablet,PERSON-001028,Android,2023-04-30,2023-04-30,true
DEVICE-010357,Tablet,PERSON-001030,iOS,2023-12-24,2023-12-24,true
DEVICE-010358,Smartphone,PERSON-001031,Android,2023-01-27,2023-01-27,true
DEVICE-010359,Tablet,PERSON-001032,iOS,2023-09-24,2023-09-24,true
DEVICE-010360,Tablet,PERSON-001033,iOS,2023-01-08,2023-01-08,true
DEVICE-010361,Tablet,PERSON-001034,iOS,2023-09-08,2023-09-08,true
DEVICE-010362,Feature Phone,PERSON-001035,iOS,2023-11-25,2023-11-25,true
DEVICE-010363,Smartphone,PERSON-001036,iOS,2023-09-16,2023-09-16,true
DEVICE-010364,Tablet,PERSON-001037,Android,2023-03-31,2023-03-31,true
DEVICE-010365,Tablet,PERSON-001038,Android,2023-05-30,2023-05-30,true
DEVICE-010366,Feature Phone,PERSON-001039,iOS,2023-11-20,2023-11-20,true
DEVICE-010367,Smartphone,PERSON-001040,iOS,2023-05-22,2023-05-22,true
DEVICE-010368,Smartphone,PERSON-001042,iOS,2023-11-25,2023-11-25,true
DEVICE-010369,Tablet,PERSON-001044,iOS,2023-08-08,2023-08-08,true
DEVICE-010370,Smartphone,PERSON-001045,Android,2023-05-29,2023-05-29,true
DEVICE-010371,Feature Phone,PERSON-001046,Android,2023-08-31,2023-08-31,true
DEVICE-010372,Tablet,PERSON-001047,iOS,2023-10-05,2023-10-05,true
DEVICE-010373,Smartphone,PERSON-001048,Android,2023-08-14,2023-08-14,true
DEVICE-010374,Feature Phone,PERSON-001049,iOS,2023-10-04,2023-10-04,true
DEVICE-010375,Tablet,PERSON-001050,Android,2023-12-15,2023-12-15,true
DEVICE-010376,Tablet,PERSON-001051,iOS,2023-01-07,2023-01-07,true
DEVICE-010377,Feature Phone,PERSON-001052,Android,2023-04-24,2023-04-24,true
DEVICE-010378,Smartphone,PERSON-001053,Android,2023-07-15,2023-07-15,true
DEVICE-010379,Tablet,PERSON-001055,iOS,2023-09-19,2023-09-19,true
DEVICE-010380,Tablet,PERSON-001057,iOS,2023-11-19,2023-11-19,true
DEVICE-010381,Smartphone,PERSON-001058,Android,2023-09-06,2023-09-06,true
DEVICE-010382,Tablet,PERSON-001060,Android,2023-12-03,2023-12-03,true
DEVICE-010383,Smartphone,PERSON-001061,Android,2023-10-01,2023-10-01,true
DEVICE-010384,Smartphone,PERSON-001062,Android,2023-03-16,2023-03-16,true
DEVICE-010385,Smartphone,PERSON-001063,Android,2023-08-21,2023-08-21,true
DEVICE-010386,Feature Phone,PERSON-001064,iOS,2023-04-29,2023-04-29,true
DEVICE-010387,Feature Phone,PERSON-001065,iOS,2023-08-08,2023-08-08,true
DEVICE-010388,Smartphone,PERSON-001067,Android,2023-05-21,2023-05-21,true
DEVICE-010389,Feature Phone,PERSON-001068,Android,2023-11-30,2023-11-30,true
DEVICE-010390,Smartphone,PERSON-001069,Android,2023-09-06,2023-09-06,true
DEVICE-010391,Tablet,PERSON-001070,Android,2023-02-03,2023-02-03,true
DEVICE-010392,Feature Phone,PERSON-001072,Android,2023-07-06,2023-07-06,true
DEVICE-010393,Smartphone,PERSON-001073,iOS,2023-04-05,2023-04-05,true
DEVICE-010394,Smartphone,PERSON-001074,iOS,2023-08-02,2023-08-02,true
DEVICE-010395,Tablet,PERSON-001075,iOS,2023-12-06,2023-12-06,true
DEVICE-010396,Feature Phone,PERSON-001076,Android,2023-08-23,2023-08-23,true
DEVICE-010397,Feature Phone,PERSON-001077,iOS,2023-10-28,2023-10-28,true
DEVICE-010398,Smartphone,PERSON-001078,Android,2023-02-14,2023-02-14,true
DEVICE-010399,Tablet,PERSON-001079,iOS,2023-09-18,2023-09-18,true
DEVICE-010400,Smartphone,PERSON-001080,iOS,2023-12-02,2023-12-02,true
DEVICE-010401,Smartphone,PERSON-001081,iOS,2023-07-20,2023-07-20,true
DEVICE-010402,Feature Phone,PERSON-001082,iOS,2023-09-17,2023-09-17,true
DEVICE-010403,Smartphone,PERSON-001083,Android,2023-02-12,2023-02-12,true
DEVICE-010404,Tablet,PERSON-001084,iOS,2023-11-01,2023-11-01,true
DEVICE-010405,Smartphone,PERSON-001085,Android,2023-12-13,2023-12-13,true
DEVICE-010406,Tablet,PERSON-001086,iOS,2023-07-24,2023-07-24,true
DEVICE-010407,Feature Phone,PERSON-001087,Android,2023-11-26,2023-11-26,true
DEVICE-010408,Feature Phone,PERSON-001088,iOS,2023-05-03,2023-05-03,true
DEVICE-010409,Smartphone,PERSON-001089,iOS,2023-07-27,2023-07-27,true
DEVICE-010410,Smartphone,PERSON-001090,Android,2023-11-07,2023-11-07,true
DEVICE-010411,Tablet,PERSON-001091,iOS,2023-09-02,2023-09-02,true
DEVICE-010412,Smartphone,PERSON-001092,Android,2023-08-25,2023-08-25,true
DEVICE-010413,Tablet,PERSON-001094,Android,2023-05-04,2023-05-04,true
DEVICE-010414,Tablet,PERSON-001095,Android,2023-07-31,2023-07-31,true
DEVICE-010415,Tablet,PERSON-001096,Android,2023-04-22,2023-04-22,true
DEVICE-010416,Feature Phone,PERSON-001097,iOS,2023-02-24,2023-02-24,true
DEVICE-010417,Feature Phone,PERSON-001098,Android,2023-11-27,2023-11-27,true
DEVICE-010418,Feature Phone,PERSON-001099,Android,2023-02-17,2023-02-17,true
DEVICE-010419,Smartphone,PERSON-001100,Android,2023-03-28,2023-03-28,true
DEVICE-010420,Feature Phone,PERSON-001101,iOS,2023-01-20,2023-01-20,true
DEVICE-010421,Smartphone,PERSON-001102,Android,2023-10-23,2023-10-23,true
DEVICE-010422,Smartphone,PERSON-001103,iOS,2023-09-27,2023-09-27,true
DEVICE-010423,Smartphone,PERSON-001104,Android,2023-01-01,2023-01-01,true
DEVICE-010424,Smartphone,PERSON-001105,Android,2023-06-17,2023-06-17,true
DEVICE-010425,Tablet,PERSON-001106,iOS,2023-09-11,2023-09-11,true
DEVICE-010426,Smartphone,PERSON-001108,iOS,2023-09-04,2023-09-04,true
DEVICE-010427,Feature Phone,PERSON-001109,Android,2023-09-09,2023-09-09,true
DEVICE-010428,Tablet,PERSON-001111,iOS,2023-06-17,2023-06-17,true
DEVICE-010429,Feature Phone,PERSON-001113,iOS,2023-06-22,2023-06-22,true
DEVICE-010430,Smartphone,PERSON-001114,iOS,2023-02-28,2023-02-28,true
DEVICE-010431,Tablet,PERSON-001117,iOS,2023-02-20,2023-02-20,true
DEVICE-010432,Smartphone,PERSON-001118,iOS,2023-11-11,2023-11-11,true
DEVICE-010433,Tablet,PERSON-001119,Android,2023-04-26,2023-04-26,true
DEVICE-010434,Tablet,PERSON-001120,Android,2023-11-27,2023-11-27,true
DEVICE-010435,Smartphone,PERSON-001121,iOS,2023-06-27,2023-06-27,true
DEVICE-010436,Smartphone,PERSON-001122,iOS,2023-05-08,2023-05-08,true
DEVICE-010437,Smartphone,PERSON-001123,iOS,2023-02-06,2023-02-06,true
DEVICE-010438,Smartphone,PERSON-001125,iOS,2023-01-28,2023-01-28,true
DEVICE-010439,Feature Phone,PERSON-001126,Android,2023-07-28,2023-07-28,true
DEVICE-010440,Tablet,PERSON-001128,iOS,2023-12-14,2023-12-14,true
DEVICE-010441,Smartphone,PERSON-001129,Android,2023-04-25,2023-04-25,true
DEVICE-010442,Smartphone,PERSON-001130,iOS,2023-05-08,2023-05-08,true
DEVICE-010443,Tablet,PERSON-001132,iOS,2023-12-01,2023-12-01,true
DEVICE-010444,Smartphone,PERSON-001133,Android,2023-01-05,2023-01-05,true
DEVICE-010445,Tablet,PERSON-001134,iOS,2023-02-08,2023-02-08,true
DEVICE-010446,Smartphone,PERSON-001136,Android,2023-06-26,2023-06-26,true
DEVICE-010447,Tablet,PERSON-001137,Android,2023-08-19,2023-08-19,true
DEVICE-010448,Tablet,PERSON-001138,Android,2023-01-18,2023-01-18,true
DEVICE-010449,Feature Phone,PERSON-001139,iOS,2023-01-14,2023-01-14,true
DEVICE-010450,Tablet,PERSON-001140,iOS,2023-02-15,2023-02-15,true
DEVICE-010451,Feature Phone,PERSON-001142,iOS,2023-05-03,2023-05-03,true
DEVICE-010452,Tablet,PERSON-001143,iOS,2023-04-28,2023-04-28,true
DEVICE-010453,Smartphone,PERSON-001144,iOS,2023-01-30,2023-01-30,true
DEVICE-010454,Tablet,PERSON-001145,Android,2023-10-24,2023-10-24,true
DEVICE-010455,Feature Phone,PERSON-001146,iOS,2023-05-16,2023-05-16,true
DEVICE-010456,Smartphone,PERSON-001147,Android,2023-09-19,2023-09-19,true
DEVICE-010457,Tablet,PERSON-001148,iOS,2023-07-22,2023-07-22,true
DEVICE-010458,Smartphone,PERSON-001149,iOS,2023-12-11,2023-12-11,true
DEVICE-010459,Tablet,PERSON-001150,iOS,2023-03-16,2023-03-16,true
DEVICE-010460,Feature Phone,PERSON-001151,Android,2023-07-11,2023-07-11,true
DEVICE-010461,Smartphone,PERSON-001153,Android,2023-05-12,2023-05-12,true
DEVICE-010462,Tablet,PERSON-001154,Android,2023-03-14,2023-03-14,true
DEVICE-010463,Feature Phone,PERSON-001155,iOS,2023-06-19,2023-06-19,true
DEVICE-010464,Smartphone,PERSON-001156,iOS,2023-06-14,2023-06-14,true
DEVICE-010465,Tablet,PERSON-001157,Android,2023-06-14,2023-06-14,true
DEVICE-010466,Tablet,PERSON-001158,iOS,2023-02-12,2023-02-12,true
DEVICE-010467,Tablet,PERSON-001159,Android,2023-12-27,2023-12-27,true
DEVICE-010468,Smartphone,PERSON-001160,iOS,2023-09-04,2023-09-04,true
DEVICE-010469,Smartphone,PERSON-001161,Android,2023-06-14,2023-06-14,true
DEVICE-010470,Smartphone,PERSON-001162,iOS,2023-01-21,2023-01-21,true
DEVICE-010471,Tablet,PERSON-001163,iOS,2023-03-10,2023-03-10,true
DEVICE-010472,Feature Phone,PERSON-001164,Android,2023-06-14,2023-06-14,true
DEVICE-010473,Smartphone,PERSON-001165,Android,2023-09-27,2023-09-27,true
DEVICE-010474,Smartphone,PERSON-001166,iOS,2023-05-13,2023-05-13,true
DEVICE-010475,Smartphone,PERSON-001167,Android,2023-09-18,2023-09-18,true
DEVICE-010476,Feature Phone,PERSON-001168,iOS,2023-04-14,2023-04-14,true
DEVICE-010477,Feature Phone,PERSON-001169,Android,2023-09-28,2023-09-28,true
DEVICE-010478,Smartphone,PERSON-001170,Android,2023-08-21,2023-08-21,true
DEVICE-010479,Feature Phone,PERSON-001171,iOS,2023-08-28,2023-08-28,true
DEVICE-010480,Smartphone,PERSON-001173,iOS,2023-07-22,2023-07-22,true
DEVICE-010481,Feature Phone,PERSON-001174,iOS,2023-08-13,2023-08-13,true
DEVICE-010482,Tablet,PERSON-001175,iOS,2023-03-07,2023-03-07,true
DEVICE-010483,Tablet,PERSON-001176,Android,2023-08-13,2023-08-13,true
DEVICE-010484,Feature Phone,PERSON-001177,Android,2023-12-22,2023-12-22,true
DEVICE-010485,Tablet,PERSON-001178,iOS,2023-12-08,2023-12-08,true
DEVICE-010486,Smartphone,PERSON-001179,iOS,2023-02-02,2023-02-02,true
DEVICE-010487,Feature Phone,PERSON-001181,iOS,2023-04-20,2023-04-20,true
DEVICE-010488,Feature Phone,PERSON-001183,iOS,2023-09-10,2023-09-10,true
DEVICE-010489,Smartphone,PERSON-001184,Android,2023-06-01,2023-06-01,true
DEVICE-010490,Smartphone,PERSON-001185,iOS,2023-11-13,2023-11-13,true
DEVICE-010491,Feature Phone,PERSON-001186,iOS,2023-07-06,2023-07-06,true
DEVICE-010492,Tablet,PERSON-001187,Android,2023-09-05,2023-09-05,true
DEVICE-010493,Smartphone,PERSON-001188,iOS,2023-11-03,2023-11-03,true
DEVICE-010494,Tablet,PERSON-001189,Android,2023-11-15,2023-11-15,true
DEVICE-010495,Feature Phone,PERSON-001190,Android,2023-01-21,2023-01-21,true
DEVICE-010496,Smartphone,PERSON-001192,iOS,2023-06-22,2023-06-22,true
DEVICE-010497,Feature Phone,PERSON-001193,Android,2023-10-10,2023-10-10,true
DEVICE-010498,Feature Phone,PERSON-001195,Android,2023-11-19,2023-11-19,true
DEVICE-010499,Feature Phone,PERSON-001196,iOS,2023-10-31,2023-10-31,true
DEVICE-010500,Tablet,PERSON-001197,iOS,2023-09-13,2023-09-13,true
DEVICE-010501,Smartphone,PERSON-001198,Android,2023-11-13,2023-11-13,true
DEVICE-010502,Feature Phone,PERSON-001199,iOS,2023-07-28,2023-07-28,true
DEVICE-010503,Smartphone,PERSON-001200,iOS,2023-01-22,2023-01-22,true
DEVICE-010504,Smartphone,PERSON-001201,iOS,2023-05-22,2023-05-22,true
DEVICE-010505,Feature Phone,PERSON-001202,Android,2023-05-11,2023-05-11,true
DEVICE-010506,Feature Phone,PERSON-001203,iOS,2023-07-22,2023-07-22,true
DEVICE-010507,Smartphone,PERSON-001204,Android,2023-03-15,2023-03-15,true
DEVICE-010508,Tablet,PERSON-001207,Android,2023-08-11,2023-08-11,true
DEVICE-010509,Smartphone,PERSON-001208,iOS,2023-10-09,2023-10-09,true
DEVICE-010510,Smartphone,PERSON-001209,iOS,2023-04-26,2023-04-26,true
DEVICE-010511,Feature Phone,PERSON-001211,iOS,2023-12-14,2023-12-14,true
DEVICE-010512,Feature Phone,PERSON-001213,iOS,2023-04-13,2023-04-13,true
DEVICE-010513,Smartphone,PERSON-001215,iOS,2023-08-29,2023-08-29,true
DEVICE-010514,Feature Phone,PERSON-001216,iOS,2023-04-17,2023-04-17,true
DEVICE-010515,Feature Phone,PERSON-001217,Android,2023-06-06,2023-06-06,true
DEVICE-010516,Smartphone,PERSON-001218,iOS,2023-12-22,2023-12-22,true
DEVICE-010517,Tablet,PERSON-001219,Android,2023-01-27,2023-01-27,true
DEVICE-010518,Tablet,PERSON-001220,Android,2023-10-31,2023-10-31,true
DEVICE-010519,Tablet,PERSON-001221,iOS,2023-02-17,2023-02-17,true
DEVICE-010520,Tablet,PERSON-001222,Android,2023-07-14,2023-07-14,true
DEVICE-010521,Smartphone,PERSON-001223,iOS,2023-10-31,2023-10-31,true
DEVICE-010522,Feature Phone,PERSON-001224,iOS,2023-06-24,2023-06-24,true
DEVICE-010523,Feature Phone,PERSON-001225,iOS,2023-10-09,2023-10-09,true
DEVICE-010524,Feature Phone,PERSON-001226,iOS,2023-04-19,2023-04-19,true
DEVICE-010525,Tablet,PERSON-001227,Android,2023-01-02,2023-01-02,true
DEVICE-010526,Feature Phone,PERSON-001228,Android,2023-10-22,2023-10-22,true
DEVICE-010527,Tablet,PERSON-001229,iOS,2023-08-27,2023-08-27,true
DEVICE-010528,Smartphone,PERSON-001230,iOS,2023-08-05,2023-08-05,true
DEVICE-010529,Feature Phone,PERSON-001231,iOS,2023-01-01,2023-01-01,true
DEVICE-010530,Feature Phone,PERSON-001232,Android,2023-03-03,2023-03-03,true
DEVICE-010531,Smartphone,PERSON-001233,Android,2023-04-21,2023-04-21,true
DEVICE-010532,Feature Phone,PERSON-001235,Android,2023-07-17,2023-07-17,true
DEVICE-010533,Smartphone,PERSON-001236,Android,2023-02-25,2023-02-25,true
DEVICE-010534,Tablet,PERSON-001237,iOS,2023-02-16,2023-02-16,true
DEVICE-010535,Tablet,PERSON-001238,Android,2023-03-25,2023-03-25,true
DEVICE-010536,Feature Phone,PERSON-001239,Android,2023-08-16,2023-08-16,true
DEVICE-010537,Smartphone,PERSON-001240,iOS,2023-04-26,2023-04-26,true
DEVICE-010538,Tablet,PERSON-001241,Android,2023-04-18,2023-04-18,true
DEVICE-010539,Tablet,PERSON-001242,iOS,2023-05-11,2023-05-11,true
DEVICE-010540,Tablet,PERSON-001243,Android,2023-03-07,2023-03-07,true
DEVICE-010541,Feature Phone,PERSON-001244,iOS,2023-01-27,2023-01-27,true
DEVICE-010542,Tablet,PERSON-001245,iOS,2023-05-17,2023-05-17,true
DEVICE-010543,Feature Phone,PERSON-001246,iOS,2023-07-05,2023-07-05,true
DEVICE-010544,Feature Phone,PERSON-001247,Android,2023-10-04,2023-10-04,true
DEVICE-010545,Feature Phone,PERSON-001248,Android,2023-01-25,2023-01-25,true
DEVICE-010546,Tablet,PERSON-001249,Android,2023-04-15,2023-04-15,true
DEVICE-010547,Feature Phone,PERSON-001250,iOS,2023-04-18,2023-04-18,true
DEVICE-010548,Tablet,PERSON-001251,iOS,2023-02-19,2023-02-19,true
DEVICE-010549,Feature Phone,PERSON-001252,Android,2023-01-01,2023-01-01,true
DEVICE-010550,Feature Phone,PERSON-001253,Android,2023-10-12,2023-10-12,true
DEVICE-010551,Feature Phone,PERSON-001254,Android,2023-04-23,2023-04-23,true
DEVICE-010552,Tablet,PERSON-001256,iOS,2023-12-03,2023-12-03,true
DEVICE-010553,Feature Phone,PERSON-001257,Android,2023-08-28,2023-08-28,true
DEVICE-010554,Smartphone,PERSON-001260,Android,2023-02-22,2023-02-22,true
DEVICE-010555,Tablet,PERSON-001261,iOS,2023-02-06,2023-02-06,true
DEVICE-010556,Smartphone,PERSON-001263,iOS,2023-11-25,2023-11-25,true
DEVICE-010557,Feature Phone,PERSON-001264,iOS,2023-03-21,2023-03-21,true
DEVICE-010558,Smartphone,PERSON-001265,iOS,2023-05-07,2023-05-07,true
DEVICE-010559,Tablet,PERSON-001266,iOS,2023-03-14,2023-03-14,true
DEVICE-010560,Feature Phone,PERSON-001267,Android,2023-11-12,2023-11-12,true
DEVICE-010561,Feature Phone,PERSON-001268,Android,2023-04-18,2023-04-18,true
DEVICE-010562,Tablet,PERSON-001269,iOS,2023-12-31,2023-12-31,true
DEVICE-010563,Tablet,PERSON-001270,Android,2023-10-20,2023-10-20,true
DEVICE-010564,Smartphone,PERSON-001271,Android,2023-06-01,2023-06-01,true
DEVICE-010565,Smartphone,PERSON-001272,iOS,2023-06-16,2023-06-16,true
DEVICE-010566,Tablet,PERSON-001273,iOS,2023-12-27,2023-12-27,true
DEVICE-010567,Smartphone,PERSON-001274,iOS,2023-06-28,2023-06-28,true
DEVICE-010568,Feature Phone,PERSON-001275,iOS,2023-05-05,2023-05-05,true
DEVICE-010569,Feature Phone,PERSON-001276,iOS,2023-05-09,2023-05-09,true
DEVICE-010570,Tablet,PERSON-001278,iOS,2023-01-23,2023-01-23,true
DEVICE-010571,Feature Phone,PERSON-001279,iOS,2023-08-02,2023-08-02,true
DEVICE-010572,Smartphone,PERSON-001280,iOS,2023-02-17,2023-02-17,true
DEVICE-010573,Tablet,PERSON-001281,Android,2023-02-26,2023-02-26,true
DEVICE-010574,Smartphone,PERSON-001282,Android,2023-01-13,2023-01-13,true
DEVICE-010575,Smartphone,PERSON-001283,Android,2023-06-14,2023-06-14,true
DEVICE-010576,Smartphone,PERSON-001284,iOS,2023-05-01,2023-05-01,true
DEVICE-010577,Tablet,PERSON-001285,Android,2023-12-04,2023-12-04,true
DEVICE-010578,Smartphone,PERSON-001286,Android,2023-07-11,2023-07-11,true
DEVICE-010579,Smartphone,PERSON-001287,iOS,2023-10-31,2023-10-31,true
DEVICE-010580,Smartphone,PERSON-001288,iOS,2023-08-14,2023-08-14,true
DEVICE-010581,Feature Phone,PERSON-001289,Android,2023-03-15,2023-03-15,true
DEVICE-010582,Feature Phone,PERSON-001290,iOS,2023-09-01,2023-09-01,true
DEVICE-010583,Smartphone,PERSON-001291,Android,2023-12-01,2023-12-01,true
DEVICE-010584,Smartphone,PERSON-001292,iOS,2023-01-19,2023-01-19,true
DEVICE-010585,Smartphone,PERSON-001293,iOS,2023-12-24,2023-12-24,true
DEVICE-010586,Smartphone,PERSON-001294,Android,2023-11-05,2023-11-05,true
DEVICE-010587,Feature Phone,PERSON-001295,iOS,2023-12-08,2023-12-08,true
DEVICE-010588,Tablet,PERSON-001296,Android,2023-11-22,2023-11-22,true
DEVICE-010589,Smartphone,PERSON-001297,Android,2023-02-25,2023-02-25,true
DEVICE-010590,Smartphone,PERSON-001298,iOS,2023-12-01,2023-12-01,true
DEVICE-010591,Tablet,PERSON-001299,Android,2023-05-03,2023-05-03,true
DEVICE-010592,Smartphone,PERSON-001300,iOS,2023-09-18,2023-09-18,true
DEVICE-010593,Smartphone,PERSON-001302,iOS,2023-06-19,2023-06-19,true
DEVICE-010594,Feature Phone,PERSON-001303,iOS,2023-08-06,2023-08-06,true
DEVICE-010595,Smartphone,PERSON-001304,iOS,2023-10-23,2023-10-23,true
DEVICE-010596,Tablet,PERSON-001305,Android,2023-04-16,2023-04-16,true
DEVICE-010597,Smartphone,PERSON-001306,Android,2023-07-06,2023-07-06,true
DEVICE-010598,Tablet,PERSON-001307,iOS,2023-05-19,2023-05-19,true
DEVICE-010599,Feature Phone,PERSON-001308,iOS,2023-07-23,2023-07-23,true
DEVICE-010600,Feature Phone,PERSON-001310,Android,2023-08-11,2023-08-11,true
DEVICE-010601,Smartphone,PERSON-001312,Android,2023-12-16,2023-12-16,true
DEVICE-010602,Tablet,PERSON-001313,Android,2023-05-30,2023-05-30,true
DEVICE-010603,Feature Phone,PERSON-001314,Android,2023-01-30,2023-01-30,true
DEVICE-010604,Tablet,PERSON-001316,iOS,2023-09-20,2023-09-20,true
DEVICE-010605,Tablet,PERSON-001317,iOS,2023-09-10,2023-09-10,true
DEVICE-010606,Tablet,PERSON-001319,Android,2023-02-21,2023-02-21,true
DEVICE-010607,Feature Phone,PERSON-001320,iOS,2023-06-22,2023-06-22,true
DEVICE-010608,Smartphone,PERSON-001321,Android,2023-10-12,2023-10-12,true
DEVICE-010609,Smartphone,PERSON-001322,Android,2023-09-18,2023-09-18,true
DEVICE-010610,Tablet,PERSON-001323,Android,2023-04-11,2023-04-11,true
DEVICE-010611,Feature Phone,PERSON-001324,Android,2023-02-23,2023-02-23,true
DEVICE-010612,Feature Phone,PERSON-001325,Android,2023-09-10,2023-09-10,true
DEVICE-010613,Feature Phone,PERSON-001328,Android,2023-07-07,2023-07-07,true
DEVICE-010614,Smartphone,PERSON-001329,Android,2023-11-22,2023-11-22,true
DEVICE-010615,Feature Phone,PERSON-001330,Android,2023-05-12,2023-05-12,true
DEVICE-010616,Tablet,PERSON-001332,Android,2023-03-14,2023-03-14,true
DEVICE-010617,Feature Phone,PERSON-001333,Android,2023-02-07,2023-02-07,true
DEVICE-010618,Feature Phone,PERSON-001335,Android,2023-09-14,2023-09-14,true
DEVICE-010619,Feature Phone,PERSON-001336,iOS,2023-05-02,2023-05-02,true
DEVICE-010620,Feature Phone,PERSON-001338,iOS,2023-02-23,2023-02-23,true
DEVICE-010621,Tablet,PERSON-001339,iOS,2023-08-24,2023-08-24,true
DEVICE-010622,Smartphone,PERSON-001340,iOS,2023-12-05,2023-12-05,true
DEVICE-010623,Tablet,PERSON-001341,Android,2023-07-03,2023-07-03,true
DEVICE-010624,Feature Phone,PERSON-001342,Android,2023-12-31,2023-12-31,true
DEVICE-010625,Smartphone,PERSON-001344,Android,2023-09-02,2023-09-02,true
DEVICE-010626,Tablet,PERSON-001345,Android,2023-11-10,2023-11-10,true
DEVICE-010627,Feature Phone,PERSON-001346,iOS,2023-03-29,2023-03-29,true
DEVICE-010628,Smartphone,PERSON-001347,Android,2023-07-01,2023-07-01,true
DEVICE-010629,Feature Phone,PERSON-001348,iOS,2023-07-04,2023-07-04,true
DEVICE-010630,Feature Phone,PERSON-001350,Android,2023-10-30,2023-10-30,true
DEVICE-010631,Tablet,PERSON-001351,iOS,2023-03-09,2023-03-09,true
DEVICE-010632,Tablet,PERSON-001352,Android,2023-10-02,2023-10-02,true
DEVICE-010633,Tablet,PERSON-001353,Android,2023-12-21,2023-12-21,true
DEVICE-010634,Tablet,PERSON-001354,iOS,2023-06-26,2023-06-26,true
DEVICE-010635,Tablet,PERSON-001355,iOS,2023-01-03,2023-01-03,true
DEVICE-010636,Feature Phone,PERSON-001356,Android,2023-06-06,2023-06-06,true
DEVICE-010637,Feature Phone,PERSON-001357,Android,2023-06-16,2023-06-16,true
DEVICE-010638,Tablet,PERSON-001358,iOS,2023-05-29,2023-05-29,true
DEVICE-010639,Feature Phone,PERSON-001359,Android,2023-06-06,2023-06-06,true
DEVICE-010640,Tablet,PERSON-001361,iOS,2023-04-24,2023-04-24,true
DEVICE-010641,Feature Phone,PERSON-001362,iOS,2023-01-11,2023-01-11,true
DEVICE-010642,Tablet,PERSON-001364,iOS,2023-11-22,2023-11-22,true
DEVICE-010643,Tablet,PERSON-001365,Android,2023-06-29,2023-06-29,true
DEVICE-010644,Smartphone,PERSON-001366,Android,2023-04-19,2023-04-19,true
DEVICE-010645,Smartphone,PERSON-001368,Android,2023-06-20,2023-06-20,true
DEVICE-010646,Smartphone,PERSON-001370,iOS,2023-11-17,2023-11-17,true
DEVICE-010647,Smartphone,PERSON-001371,iOS,2023-11-06,2023-11-06,true
DEVICE-010648,Feature Phone,PERSON-001372,Android,2023-11-15,2023-11-15,true
DEVICE-010649,Tablet,PERSON-001373,Android,2023-11-11,2023-11-11,true
DEVICE-010650,Tablet,PERSON-001374,Android,2023-11-14,2023-11-14,true
DEVICE-010651,Smartphone,PERSON-001375,Android,2023-06-10,2023-06-10,true
DEVICE-010652,Feature Phone,PERSON-001376,Android,2023-01-25,2023-01-25,true
DEVICE-010653,Smartphone,PERSON-001377,Android,2023-09-28,2023-09-28,true
DEVICE-010654,Tablet,PERSON-001378,iOS,2023-08-17,2023-08-17,true
DEVICE-010655,Tablet,PERSON-001379,iOS,2023-12-06,2023-12-06,true
DEVICE-010656,Smartphone,PERSON-001380,Android,2023-10-28,2023-10-28,true
DEVICE-010657,Smartphone,PERSON-001382,Android,2023-06-05,2023-06-05,true
DEVICE-010658,Feature Phone,PERSON-001383,iOS,2023-05-07,2023-05-07,true
DEVICE-010659,Feature Phone,PERSON-001386,Android,2023-05-23,2023-05-23,true
DEVICE-010660,Feature Phone,PERSON-001388,Android,2023-04-25,2023-04-25,true
DEVICE-010661,Smartphone,PERSON-001389,Android,2023-08-17,2023-08-17,true
DEVICE-010662,Tablet,PERSON-001390,Android,2023-10-16,2023-10-16,true
DEVICE-010663,Smartphone,PERSON-001391,iOS,2023-02-23,2023-02-23,true
DEVICE-010664,Tablet,PERSON-001392,iOS,2023-04-16,2023-04-16,true
DEVICE-010665,Tablet,PERSON-001393,iOS,2023-12-29,2023-12-29,true
DEVICE-010666,Smartphone,PERSON-001394,Android,2023-09-14,2023-09-14,true
DEVICE-010667,Smartphone,PERSON-001395,Android,2023-08-10,2023-08-10,true
DEVICE-010668,Smartphone,PERSON-001396,iOS,2023-09-30,2023-09-30,true
DEVICE-010669,Feature Phone,PERSON-001398,Android,2023-05-01,2023-05-01,true
DEVICE-010670,Tablet,PERSON-001399,Android,2023-10-11,2023-10-11,true
DEVICE-010671,Tablet,PERSON-001400,iOS,2023-11-27,2023-11-27,true
DEVICE-010672,Smartphone,PERSON-001401,iOS,2023-06-25,2023-06-25,true
DEVICE-010673,Tablet,PERSON-001402,Android,2023-10-16,2023-10-16,true
DEVICE-010674,Tablet,PERSON-001403,Android,2023-01-15,2023-01-15,true
DEVICE-010675,Feature Phone,PERSON-001404,iOS,2023-05-11,2023-05-11,true
DEVICE-010676,Feature Phone,PERSON-001405,iOS,2023-10-06,2023-10-06,true
DEVICE-010677,Tablet,PERSON-001406,iOS,2023-04-14,2023-04-14,true
DEVICE-010678,Feature Phone,PERSON-001407,iOS,2023-12-04,2023-12-04,true
DEVICE-010679,Tablet,PERSON-001408,iOS,2023-10-25,2023-10-25,true
DEVICE-010680,Smartphone,PERSON-001409,Android,2023-09-30,2023-09-30,true
DEVICE-010681,Smartphone,PERSON-001410,iOS,2023-12-10,2023-12-10,true
DEVICE-010682,Smartphone,PERSON-001411,Android,2023-09-04,2023-09-04,true
DEVICE-010683,Feature Phone,PERSON-001412,Android,2023-03-20,2023-03-20,true
DEVICE-010684,Feature Phone,PERSON-001413,Android,2023-09-16,2023-09-16,true
DEVICE-010685,Smartphone,PERSON-001414,Android,2023-06-03,2023-06-03,true
DEVICE-010686,Feature Phone,PERSON-001415,Android,2023-08-02,2023-08-02,true
DEVICE-010687,Smartphone,PERSON-001416,Android,2023-09-13,2023-09-13,true
DEVICE-010688,Feature Phone,PERSON-001417,iOS,2023-02-24,2023-02-24,true
DEVICE-010689,Tablet,PERSON-001418,Android,2023-08-09,2023-08-09,true
DEVICE-010690,Tablet,PERSON-001420,iOS,2023-05-01,2023-05-01,true
DEVICE-010691,Feature Phone,PERSON-001421,iOS,2023-04-10,2023-04-10,true
DEVICE-010692,Tablet,PERSON-001422,Android,2023-03-11,2023-03-11,true
DEVICE-010693,Tablet,PERSON-001424,Android,2023-08-30,2023-08-30,true
DEVICE-010694,Smartphone,PERSON-001426,Android,2023-11-25,2023-11-25,true
DEVICE-010695,Tablet,PERSON-001427,iOS,2023-10-17,2023-10-17,true
DEVICE-010696,Tablet,PERSON-001428,Android,2023-02-26,2023-02-26,true
DEVICE-010697,Smartphone,PERSON-001429,Android,2023-04-30,2023-04-30,true
DEVICE-010698,Tablet,PERSON-001430,Android,2023-07-09,2023-07-09,true
DEVICE-010699,Feature Phone,PERSON-001432,iOS,2023-02-06,2023-02-06,true
DEVICE-010700,Smartphone,PERSON-001433,iOS,2023-11-02,2023-11-02,true
DEVICE-010701,Tablet,PERSON-001434,iOS,2023-11-14,2023-11-14,true
DEVICE-010702,Feature Phone,PERSON-001435,Android,2023-05-19,2023-05-19,true
DEVICE-010703,Feature Phone,PERSON-001436,iOS,2023-12-02,2023-12-02,true
DEVICE-010704,Tablet,PERSON-001437,Android,2023-03-30,2023-03-30,true
DEVICE-010705,Smartphone,PERSON-001438,Android,2023-06-15,2023-06-15,true
DEVICE-010706,Feature Phone,PERSON-001439,iOS,2023-10-07,2023-10-07,true
DEVICE-010707,Feature Phone,PERSON-001440,Android,2023-08-11,2023-08-11,true
DEVICE-010708,Feature Phone,PERSON-001441,Android,2023-04-17,2023-04-17,true
DEVICE-010709,Smartphone,PERSON-001442,iOS,2023-05-14,2023-05-14,true
DEVICE-010710,Feature Phone,PERSON-001443,iOS,2023-01-31,2023-01-31,true
DEVICE-010711,Smartphone,PERSON-001444,iOS,2023-01-31,2023-01-31,true
DEVICE-010712,Feature Phone,PERSON-001445,iOS,2023-07-17,2023-07-17,true
DEVICE-010713,Smartphone,PERSON-001446,Android,2023-04-28,2023-04-28,true
DEVICE-010714,Tablet,PERSON-001447,Android,2023-05-05,2023-05-05,true
DEVICE-010715,Tablet,PERSON-001448,iOS,2023-03-30,2023-03-30,true
DEVICE-010716,Smartphone,PERSON-001449,Android,2023-11-15,2023-11-15,true
DEVICE-010717,Smartphone,PERSON-001450,iOS,2023-10-16,2023-10-16,true
DEVICE-010718,Feature Phone,PERSON-001451,Android,2023-04-22,2023-04-22,true
DEVICE-010719,Smartphone,PERSON-001452,iOS,2023-10-28,2023-10-28,true
DEVICE-010720,Tablet,PERSON-001453,iOS,2023-06-01,2023-06-01,true
DEVICE-010721,Feature Phone,PERSON-001454,iOS,2023-11-03,2023-11-03,true
DEVICE-010722,Tablet,PERSON-001456,Android,2023-01-02,2023-01-02,true
DEVICE-010723,Feature Phone,PERSON-001458,iOS,2023-05-22,2023-05-22,true
DEVICE-010724,Smartphone,PERSON-001459,Android,2023-12-15,2023-12-15,true
DEVICE-010725,Smartphone,PERSON-001460,iOS,2023-07-17,2023-07-17,true
DEVICE-010726,Tablet,PERSON-001461,iOS,2023-04-18,2023-04-18,true
DEVICE-010727,Tablet,PERSON-001462,Android,2023-10-26,2023-10-26,true
DEVICE-010728,Smartphone,PERSON-001463,Android,2023-01-27,2023-01-27,true
DEVICE-010729,Feature Phone,PERSON-001464,Android,2023-09-21,2023-09-21,true
DEVICE-010730,Feature Phone,PERSON-001465,iOS,2023-01-18,2023-01-18,true
DEVICE-010731,Feature Phone,PERSON-001466,iOS,2023-07-06,2023-07-06,true
DEVICE-010732,Feature Phone,PERSON-001467,Android,2023-05-12,2023-05-12,true
DEVICE-010733,Feature Phone,PERSON-001468,Android,2023-02-26,2023-02-26,true
DEVICE-010734,Smartphone,PERSON-001469,Android,2023-11-22,2023-11-22,true
DEVICE-010735,Tablet,PERSON-001470,iOS,2023-08-23,2023-08-23,true
DEVICE-010736,Tablet,PERSON-001471,Android,2023-02-17,2023-02-17,true
DEVICE-010737,Smartphone,PERSON-001472,iOS,2023-01-18,2023-01-18,true
DEVICE-010738,Feature Phone,PERSON-001473,Android,2023-12-03,2023-12-03,true
DEVICE-010739,Feature Phone,PERSON-001475,iOS,2023-01-20,2023-01-20,true
DEVICE-010740,Tablet,PERSON-001476,iOS,2023-11-03,2023-11-03,true
DEVICE-010741,Tablet,PERSON-001477,iOS,2023-03-02,2023-03-02,true
DEVICE-010742,Feature Phone,PERSON-001482,iOS,2023-05-18,2023-05-18,true
DEVICE-010743,Smartphone,PERSON-001483,iOS,2023-06-26,2023-06-26,true
DEVICE-010744,Tablet,PERSON-001484,Android,2023-04-06,2023-04-06,true
DEVICE-010745,Feature Phone,PERSON-001485,Android,2023-02-20,2023-02-20,true
DEVICE-010746,Tablet,PERSON-001486,Android,2023-01-09,2023-01-09,true
DEVICE-010747,Tablet,PERSON-001487,iOS,2023-01-12,2023-01-12,true
DEVICE-010748,Feature Phone,PERSON-001488,Android,2023-06-28,2023-06-28,true
DEVICE-010749,Feature Phone,PERSON-001489,Android,2023-10-13,2023-10-13,true
DEVICE-010750,Smartphone,PERSON-001490,iOS,2023-11-22,2023-11-22,true
DEVICE-010751,Tablet,PERSON-001491,iOS,2023-02-10,2023-02-10,true
DEVICE-010752,Tablet,PERSON-001493,iOS,2023-01-03,2023-01-03,true
DEVICE-010753,Tablet,PERSON-001494,iOS,2023-10-08,2023-10-08,true
DEVICE-010754,Feature Phone,PERSON-001495,iOS,2023-05-14,2023-05-14,true
DEVICE-010755,Feature Phone,PERSON-001496,Android,2023-04-13,2023-04-13,true
DEVICE-010756,Feature Phone,PERSON-001497,Android,2023-06-13,2023-06-13,true
DEVICE-010757,Feature Phone,PERSON-001498,iOS,2023-11-02,2023-11-02,true
DEVICE-010758,Feature Phone,PERSON-001499,iOS,2023-05-14,2023-05-14,true
DEVICE-010759,Feature Phone,PERSON-001500,iOS,2023-09-12,2023-09-12,true
DEVICE-010760,Smartphone,PERSON-001501,Android,2023-01-06,2023-01-06,true
DEVICE-010761,Tablet,PERSON-001502,Android,2023-12-05,2023-12-05,true
DEVICE-010762,Tablet,PERSON-001503,iOS,2023-09-11,2023-09-11,true
DEVICE-010763,Tablet,PERSON-001504,iOS,2023-03-01,2023-03-01,true
DEVICE-010764,Feature Phone,PERSON-001505,Android,2023-08-18,2023-08-18,true
DEVICE-010765,Feature Phone,PERSON-001506,Android,2023-12-27,2023-12-27,true
DEVICE-010766,Smartphone,PERSON-001509,Android,2023-06-12,2023-06-12,true
DEVICE-010767,Smartphone,PERSON-001510,Android,2023-04-03,2023-04-03,true
DEVICE-010768,Smartphone,PERSON-001512,Android,2023-08-27,2023-08-27,true
DEVICE-010769,Smartphone,PERSON-001513,Android,2023-09-29,2023-09-29,true
DEVICE-010770,Feature Phone,PERSON-001514,Android,2023-05-08,2023-05-08,true
DEVICE-010771,Feature Phone,PERSON-001515,iOS,2023-10-29,2023-10-29,true
DEVICE-010772,Feature Phone,PERSON-001517,Android,2023-06-30,2023-06-30,true
DEVICE-010773,Feature Phone,PERSON-001518,iOS,2023-10-11,2023-10-11,true
DEVICE-010774,Tablet,PERSON-001520,iOS,2023-06-21,2023-06-21,true
DEVICE-010775,Smartphone,PERSON-001522,iOS,2023-07-07,2023-07-07,true
DEVICE-010776,Smartphone,PERSON-001523,iOS,2023-06-25,2023-06-25,true
DEVICE-010777,Smartphone,PERSON-001524,iOS,2023-07-25,2023-07-25,true
DEVICE-010778,Feature Phone,PERSON-001525,Android,2023-12-06,2023-12-06,true
DEVICE-010779,Feature Phone,PERSON-001526,iOS,2023-10-28,2023-10-28,true
DEVICE-010780,Feature Phone,PERSON-001527,iOS,2023-05-17,2023-05-17,true
DEVICE-010781,Tablet,PERSON-001528,iOS,2023-08-05,2023-08-05,true
DEVICE-010782,Tablet,PERSON-001529,iOS,2023-07-07,2023-07-07,true
DEVICE-010783,Smartphone,PERSON-001530,Android,2023-01-15,2023-01-15,true
DEVICE-010784,Feature Phone,PERSON-001531,iOS,2023-04-04,2023-04-04,true
DEVICE-010785,Smartphone,PERSON-001532,iOS,2023-02-12,2023-02-12,true
DEVICE-010786,Feature Phone,PERSON-001533,Android,2023-03-24,2023-03-24,true
DEVICE-010787,Tablet,PERSON-001534,iOS,2023-04-18,2023-04-18,true
DEVICE-010788,Feature Phone,PERSON-001535,iOS,2023-07-24,2023-07-24,true
DEVICE-010789,Smartphone,PERSON-001537,iOS,2023-08-11,2023-08-11,true
DEVICE-010790,Feature Phone,PERSON-001538,iOS,2023-04-08,2023-04-08,true
DEVICE-010791,Feature Phone,PERSON-001539,iOS,2023-11-30,2023-11-30,true
DEVICE-010792,Feature Phone,PERSON-001541,iOS,2023-08-27,2023-08-27,true
DEVICE-010793,Feature Phone,PERSON-001545,iOS,2023-07-22,2023-07-22,true
DEVICE-010794,Smartphone,PERSON-001546,iOS,2023-04-11,2023-04-11,true
DEVICE-010795,Tablet,PERSON-001548,iOS,2023-08-19,2023-08-19,true
DEVICE-010796,Feature Phone,PERSON-001549,Android,2023-03-06,2023-03-06,true
DEVICE-010797,Smartphone,PERSON-001550,iOS,2023-04-05,2023-04-05,true
DEVICE-010798,Smartphone,PERSON-001551,Android,2023-07-03,2023-07-03,true
DEVICE-010799,Tablet,PERSON-001553,Android,2023-10-28,2023-10-28,true
DEVICE-010800,Feature Phone,PERSON-001554,Android,2023-05-19,2023-05-19,true
DEVICE-010801,Tablet,PERSON-001555,Android,2023-07-15,2023-07-15,true
DEVICE-010802,Smartphone,PERSON-001556,iOS,2023-06-21,2023-06-21,true
DEVICE-010803,Feature Phone,PERSON-001557,Android,2023-05-07,2023-05-07,true
DEVICE-010804,Feature Phone,PERSON-001559,iOS,2023-10-26,2023-10-26,true
DEVICE-010805,Tablet,PERSON-001560,iOS,2023-12-12,2023-12-12,true
DEVICE-010806,Tablet,PERSON-001561,Android,2023-12-31,2023-12-31,true
DEVICE-010807,Feature Phone,PERSON-001562,Android,2023-11-10,2023-11-10,true
DEVICE-010808,Tablet,PERSON-001563,Android,2023-03-28,2023-03-28,true
DEVICE-010809,Tablet,PERSON-001564,iOS,2023-04-16,2023-04-16,true
DEVICE-010810,Tablet,PERSON-001565,Android,2023-01-30,2023-01-30,true
DEVICE-010811,Feature Phone,PERSON-001566,Android,2023-02-18,2023-02-18,true
DEVICE-010812,Smartphone,PERSON-001567,iOS,2023-09-14,2023-09-14,true
DEVICE-010813,Smartphone,PERSON-001568,iOS,2023-02-21,2023-02-21,true
DEVICE-010814,Feature Phone,PERSON-001569,iOS,2023-06-24,2023-06-24,true
DEVICE-010815,Feature Phone,PERSON-001570,Android,2023-11-21,2023-11-21,true
DEVICE-010816,Tablet,PERSON-001571,Android,2023-02-02,2023-02-02,true
DEVICE-010817,Feature Phone,PERSON-001572,Android,2023-05-31,2023-05-31,true
DEVICE-010818,Tablet,PERSON-001574,iOS,2023-09-13,2023-09-13,true
DEVICE-010819,Feature Phone,PERSON-001575,Android,2023-08-25,2023-08-25,true
DEVICE-010820,Feature Phone,PERSON-001576,iOS,2023-07-03,2023-07-03,true
DEVICE-010821,Feature Phone,PERSON-001577,Android,2023-09-13,2023-09-13,true
DEVICE-010822,Tablet,PERSON-001579,iOS,2023-08-12,2023-08-12,true
DEVICE-010823,Tablet,PERSON-001580,iOS,2023-04-14,2023-04-14,true
DEVICE-010824,Feature Phone,PERSON-001582,iOS,2023-09-11,2023-09-11,true
DEVICE-010825,Smartphone,PERSON-001583,Android,2023-12-05,2023-12-05,true
DEVICE-010826,Smartphone,PERSON-001585,iOS,2023-01-21,2023-01-21,true
DEVICE-010827,Tablet,PERSON-001586,iOS,2023-07-27,2023-07-27,true
DEVICE-010828,Smartphone,PERSON-001587,Android,2023-04-29,2023-04-29,true
DEVICE-010829,Smartphone,PERSON-001588,Android,2023-02-10,2023-02-10,true
DEVICE-010830,Feature Phone,PERSON-001590,Android,2023-09-13,2023-09-13,true
DEVICE-010831,Smartphone,PERSON-001591,iOS,2023-11-17,2023-11-17,true
DEVICE-010832,Tablet,PERSON-001592,Android,2023-07-08,2023-07-08,true
DEVICE-010833,Smartphone,PERSON-001593,Android,2023-02-27,2023-02-27,true
DEVICE-010834,Tablet,PERSON-001594,Android,2023-02-26,2023-02-26,true
DEVICE-010835,Tablet,PERSON-001595,iOS,2023-05-05,2023-05-05,true
DEVICE-010836,Smartphone,PERSON-001597,Android,2023-06-04,2023-06-04,true
DEVICE-010837,Tablet,PERSON-001598,Android,2023-09-15,2023-09-15,true
DEVICE-010838,Feature Phone,PERSON-001599,iOS,2023-09-21,2023-09-21,true
DEVICE-010839,Smartphone,PERSON-001600,Android,2023-09-02,2023-09-02,true
DEVICE-010840,Tablet,PERSON-001601,iOS,2023-10-03,2023-10-03,true
DEVICE-010841,Feature Phone,PERSON-001602,iOS,2023-05-02,2023-05-02,true
DEVICE-010842,Smartphone,PERSON-001603,Android,2023-10-10,2023-10-10,true
DEVICE-010843,Tablet,PERSON-001604,iOS,2023-01-19,2023-01-19,true
DEVICE-010844,Smartphone,PERSON-001605,iOS,2023-06-29,2023-06-29,true
DEVICE-010845,Feature Phone,PERSON-001606,Android,2023-04-11,2023-04-11,true
DEVICE-010846,Smartphone,PERSON-001607,Android,2023-04-15,2023-04-15,true
DEVICE-010847,Feature Phone,PERSON-001608,Android,2023-05-22,2023-05-22,true
DEVICE-010848,Smartphone,PERSON-001609,iOS,2023-07-13,2023-07-13,true
DEVICE-010849,Smartphone,PERSON-001611,Android,2023-09-24,2023-09-24,true
DEVICE-010850,Tablet,PERSON-001612,iOS,2023-08-09,2023-08-09,true
DEVICE-010851,Tablet,PERSON-001613,iOS,2023-01-26,2023-01-26,true
DEVICE-010852,Tablet,PERSON-001614,Android,2023-05-29,2023-05-29,true
DEVICE-010853,Feature Phone,PERSON-001616,iOS,2023-03-11,2023-03-11,true
DEVICE-010854,Feature Phone,PERSON-001618,iOS,2023-08-04,2023-08-04,true
DEVICE-010855,Feature Phone,PERSON-001620,Android,2023-04-16,2023-04-16,true
DEVICE-010856,Tablet,PERSON-001621,iOS,2023-07-30,2023-07-30,true
DEVICE-010857,Feature Phone,PERSON-001622,Android,2023-05-21,2023-05-21,true
DEVICE-010858,Tablet,PERSON-001623,iOS,2023-04-20,2023-04-20,true
DEVICE-010859,Feature Phone,PERSON-001624,iOS,2023-01-04,2023-01-04,true
DEVICE-010860,Tablet,PERSON-001625,Android,2023-06-21,2023-06-21,true
DEVICE-010861,Tablet,PERSON-001626,iOS,2023-09-03,2023-09-03,true
DEVICE-010862,Tablet,PERSON-001627,iOS,2023-07-11,2023-07-11,true
DEVICE-010863,Tablet,PERSON-001628,iOS,2023-07-30,2023-07-30,true
DEVICE-010864,Smartphone,PERSON-001629,iOS,2023-09-13,2023-09-13,true
DEVICE-010865,Smartphone,PERSON-001630,iOS,2023-02-24,2023-02-24,true
DEVICE-010866,Smartphone,PERSON-001631,Android,2023-11-18,2023-11-18,true
DEVICE-010867,Tablet,PERSON-001632,Android,2023-05-14,2023-05-14,true
DEVICE-010868,Tablet,PERSON-001633,iOS,2023-07-05,2023-07-05,true
DEVICE-010869,Feature Phone,PERSON-001634,Android,2023-09-09,2023-09-09,true
DEVICE-010870,Smartphone,PERSON-001635,iOS,2023-04-15,2023-04-15,true
DEVICE-010871,Tablet,PERSON-001636,Android,2023-03-02,2023-03-02,true
DEVICE-010872,Feature Phone,PERSON-001637,iOS,2023-06-26,2023-06-26,true
DEVICE-010873,Feature Phone,PERSON-001638,iOS,2023-04-12,2023-04-12,true
DEVICE-010874,Smartphone,PERSON-001639,iOS,2023-09-18,2023-09-18,true
DEVICE-010875,Feature Phone,PERSON-001640,Android,2023-09-18,2023-09-18,true
DEVICE-010876,Tablet,PERSON-001641,iOS,2023-11-17,2023-11-17,true
DEVICE-010877,Feature Phone,PERSON-001643,Android,2023-05-19,2023-05-19,true
DEVICE-010878,Smartphone,PERSON-001644,Android,2023-10-06,2023-10-06,true
DEVICE-010879,Smartphone,PERSON-001645,Android,2023-01-15,2023-01-15,true
DEVICE-010880,Tablet,PERSON-001646,iOS,2023-08-29,2023-08-29,true
DEVICE-010881,Feature Phone,PERSON-001647,Android,2023-09-27,2023-09-27,true
DEVICE-010882,Tablet,PERSON-001649,iOS,2023-05-15,2023-05-15,true
DEVICE-010883,Smartphone,PERSON-001650,iOS,2023-07-31,2023-07-31,true
DEVICE-010884,Tablet,PERSON-001651,Android,2023-06-23,2023-06-23,true
DEVICE-010885,Tablet,PERSON-001652,Android,2023-06-01,2023-06-01,true
DEVICE-010886,Feature Phone,PERSON-001653,Android,2023-12-10,2023-12-10,true
DEVICE-010887,Tablet,PERSON-001655,Android,2023-02-13,2023-02-13,true
DEVICE-010888,Feature Phone,PERSON-001656,Android,2023-04-02,2023-04-02,true
DEVICE-010889,Smartphone,PERSON-001657,Android,2023-10-29,2023-10-29,true
DEVICE-010890,Feature Phone,PERSON-001660,iOS,2023-01-14,2023-01-14,true
DEVICE-010891,Tablet,PERSON-001661,Android,2023-04-09,2023-04-09,true
DEVICE-010892,Feature Phone,PERSON-001662,Android,2023-05-08,2023-05-08,true
DEVICE-010893,Feature Phone,PERSON-001663,Android,2023-07-22,2023-07-22,true
DEVICE-010894,Tablet,PERSON-001665,iOS,2023-04-13,2023-04-13,true
DEVICE-010895,Smartphone,PERSON-001666,iOS,2023-03-17,2023-03-17,true
DEVICE-010896,Tablet,PERSON-001669,iOS,2023-09-15,2023-09-15,true
DEVICE-010897,Feature Phone,PERSON-001671,Android,2023-03-06,2023-03-06,true
DEVICE-010898,Smartphone,PERSON-001672,iOS,2023-11-24,2023-11-24,true
DEVICE-010899,Tablet,PERSON-001675,Android,2023-06-18,2023-06-18,true
DEVICE-010900,Smartphone,PERSON-001676,iOS,2023-07-20,2023-07-20,true
DEVICE-010901,Tablet,PERSON-001677,iOS,2023-10-05,2023-10-05,true
DEVICE-010902,Tablet,PERSON-001678,iOS,2023-12-08,2023-12-08,true
DEVICE-010903,Tablet,PERSON-001680,Android,2023-06-06,2023-06-06,true
DEVICE-010904,Feature Phone,PERSON-001681,iOS,2023-08-09,2023-08-09,true
DEVICE-010905,Feature Phone,PERSON-001682,iOS,2023-06-06,2023-06-06,true
DEVICE-010906,Tablet,PERSON-001683,Android,2023-05-18,2023-05-18,true
DEVICE-010907,Smartphone,PERSON-001684,Android,2023-06-24,2023-06-24,true
DEVICE-010908,Tablet,PERSON-001685,Android,2023-03-16,2023-03-16,true
DEVICE-010909,Feature Phone,PERSON-001688,iOS,2023-09-21,2023-09-21,true
DEVICE-010910,Tablet,PERSON-001689,iOS,2023-04-15,2023-04-15,true
DEVICE-010911,Tablet,PERSON-001690,iOS,2023-06-03,2023-06-03,true
DEVICE-010912,Feature Phone,PERSON-001692,Android,2023-08-11,2023-08-11,true
DEVICE-010913,Smartphone,PERSON-001693,Android,2023-10-29,2023-10-29,true
DEVICE-010914,Smartphone,PERSON-001694,iOS,2023-03-02,2023-03-02,true
DEVICE-010915,Feature Phone,PERSON-001695,iOS,2023-03-06,2023-03-06,true
DEVICE-010916,Feature Phone,PERSON-001696,Android,2023-07-22,2023-07-22,true
DEVICE-010917,Smartphone,PERSON-001697,iOS,2023-12-20,2023-12-20,true
DEVICE-010918,Tablet,PERSON-001698,iOS,2023-12-19,2023-12-19,true
DEVICE-010919,Smartphone,PERSON-001699,iOS,2023-03-31,2023-03-31,true
DEVICE-010920,Tablet,PERSON-001700,Android,2023-11-30,2023-11-30,true
DEVICE-010921,Feature Phone,PERSON-001702,Android,2023-06-12,2023-06-12,true
DEVICE-010922,Feature Phone,PERSON-001703,Android,2023-07-26,2023-07-26,true
DEVICE-010923,Smartphone,PERSON-001704,iOS,2023-10-07,2023-10-07,true
DEVICE-010924,Smartphone,PERSON-001707,iOS,2023-05-02,2023-05-02,true
DEVICE-010925,Smartphone,PERSON-001708,Android,2023-08-03,2023-08-03,true
DEVICE-010926,Feature Phone,PERSON-001709,iOS,2023-07-24,2023-07-24,true
DEVICE-010927,Feature Phone,PERSON-001710,iOS,2023-01-21,2023-01-21,true
DEVICE-010928,Tablet,PERSON-001711,iOS,2023-09-17,2023-09-17,true
DEVICE-010929,Feature Phone,PERSON-001712,iOS,2023-07-13,2023-07-13,true
DEVICE-010930,Feature Phone,PERSON-001713,iOS,2023-12-03,2023-12-03,true
DEVICE-010931,Tablet,PERSON-001714,Android,2023-12-31,2023-12-31,true
DEVICE-010932,Feature Phone,PERSON-001715,iOS,2023-07-15,2023-07-15,true
DEVICE-010933,Feature Phone,PERSON-001716,Android,2023-10-31,2023-10-31,true
DEVICE-010934,Tablet,PERSON-001717,Android,2023-08-08,2023-08-08,true
DEVICE-010935,Smartphone,PERSON-001718,Android,2023-09-11,2023-09-11,true
DEVICE-010936,Tablet,PERSON-001719,iOS,2023-09-23,2023-09-23,true
DEVICE-010937,Smartphone,PERSON-001720,iOS,2023-05-25,2023-05-25,true
DEVICE-010938,Feature Phone,PERSON-001721,iOS,2023-12-05,2023-12-05,true
DEVICE-010939,Tablet,PERSON-001722,Android,2023-06-26,2023-06-26,true
DEVICE-010940,Tablet,PERSON-001723,Android,2023-02-07,2023-02-07,true
DEVICE-010941,Smartphone,PERSON-001724,iOS,2023-11-15,2023-11-15,true
DEVICE-010942,Tablet,PERSON-001725,Android,2023-09-29,2023-09-29,true
DEVICE-010943,Smartphone,PERSON-001726,Android,2023-08-22,2023-08-22,true
DEVICE-010944,Smartphone,PERSON-001727,Android,2023-08-19,2023-08-19,true
DEVICE-010945,Feature Phone,PERSON-001728,iOS,2023-03-07,2023-03-07,true
DEVICE-010946,Feature Phone,PERSON-001729,Android,2023-09-19,2023-09-19,true
DEVICE-010947,Tablet,PERSON-001730,Android,2023-01-08,2023-01-08,true
DEVICE-010948,Feature Phone,PERSON-001731,iOS,2023-08-12,2023-08-12,true
DEVICE-010949,Tablet,PERSON-001732,iOS,2023-01-22,2023-01-22,true
DEVICE-010950,Smartphone,PERSON-001733,Android,2023-11-07,2023-11-07,true
DEVICE-010951,Tablet,PERSON-001734,Android,2023-02-09,2023-02-09,true
DEVICE-010952,Smartphone,PERSON-001735,iOS,2023-05-11,2023-05-11,true
DEVICE-010953,Feature Phone,PERSON-001736,iOS,2023-06-23,2023-06-23,true
DEVICE-010954,Smartphone,PERSON-001737,Android,2023-03-09,2023-03-09,true
DEVICE-010955,Feature Phone,PERSON-001738,Android,2023-09-03,2023-09-03,true
DEVICE-010956,Smartphone,PERSON-001739,iOS,2023-06-09,2023-06-09,true
DEVICE-010957,Feature Phone,PERSON-001740,Android,2023-10-03,2023-10-03,true
DEVICE-010958,Tablet,PERSON-001741,Android,2023-01-11,2023-01-11,true
DEVICE-010959,Tablet,PERSON-001742,Android,2023-03-31,2023-03-31,true
DEVICE-010960,Smartphone,PERSON-001743,iOS,2023-10-09,2023-10-09,true
DEVICE-010961,Smartphone,PERSON-001744,iOS,2023-10-09,2023-10-09,true
DEVICE-010962,Tablet,PERSON-001745,iOS,2023-11-27,2023-11-27,true
DEVICE-010963,Tablet,PERSON-001746,Android,2023-04-21,2023-04-21,true
DEVICE-010964,Smartphone,PERSON-001748,iOS,2023-01-31,2023-01-31,true
DEVICE-010965,Smartphone,PERSON-001749,iOS,2023-06-18,2023-06-18,true
DEVICE-010966,Tablet,PERSON-001750,Android,2023-04-05,2023-04-05,true
DEVICE-010967,Feature Phone,PERSON-001751,Android,2023-02-04,2023-02-04,true
DEVICE-010968,Feature Phone,PERSON-001752,Android,2023-12-14,2023-12-14,true
DEVICE-010969,Smartphone,PERSON-001753,iOS,2023-02-26,2023-02-26,true
DEVICE-010970,Feature Phone,PERSON-001754,iOS,2023-05-10,2023-05-10,true
DEVICE-010971,Tablet,PERSON-001755,Android,2023-07-13,2023-07-13,true
DEVICE-010972,Smartphone,PERSON-001756,iOS,2023-01-05,2023-01-05,true
DEVICE-010973,Feature Phone,PERSON-001759,Android,2023-11-30,2023-11-30,true
DEVICE-010974,Feature Phone,PERSON-001760,iOS,2023-12-28,2023-12-28,true
DEVICE-010975,Smartphone,PERSON-001761,iOS,2023-08-05,2023-08-05,true
DEVICE-010976,Tablet,PERSON-001762,iOS,2023-01-05,2023-01-05,true
DEVICE-010977,Smartphone,PERSON-001763,iOS,2023-12-12,2023-12-12,true
DEVICE-010978,Smartphone,PERSON-001764,Android,2023-02-07,2023-02-07,true
DEVICE-010979,Feature Phone,PERSON-001765,iOS,2023-09-03,2023-09-03,true
DEVICE-010980,Smartphone,PERSON-001766,Android,2023-10-28,2023-10-28,true
DEVICE-010981,Tablet,PERSON-001767,iOS,2023-04-29,2023-04-29,true
DEVICE-010982,Tablet,PERSON-001770,iOS,2023-02-09,2023-02-09,true
DEVICE-010983,Tablet,PERSON-001771,iOS,2023-03-16,2023-03-16,true
DEVICE-010984,Feature Phone,PERSON-001772,iOS,2023-07-18,2023-07-18,true
DEVICE-010985,Smartphone,PERSON-001773,Android,2023-05-24,2023-05-24,true
DEVICE-010986,Feature Phone,PERSON-001775,iOS,2023-02-02,2023-02-02,true
DEVICE-010987,Feature Phone,PERSON-001776,Android,2023-04-19,2023-04-19,true
DEVICE-010988,Smartphone,PERSON-001777,iOS,2023-12-19,2023-12-19,true
DEVICE-010989,Tablet,PERSON-001778,Android,2023-10-04,2023-10-04,true
DEVICE-010990,Feature Phone,PERSON-001779,iOS,2023-01-05,2023-01-05,true
DEVICE-010991,Feature Phone,PERSON-001781,iOS,2023-07-02,2023-07-02,true
DEVICE-010992,Tablet,PERSON-001783,Android,2023-05-09,2023-05-09,true
DEVICE-010993,Tablet,PERSON-001784,Android,2023-07-28,2023-07-28,true
DEVICE-010994,Feature Phone,PERSON-001785,Android,2023-04-20,2023-04-20,true
DEVICE-010995,Tablet,PERSON-001786,Android,2023-10-18,2023-10-18,true
DEVICE-010996,Feature Phone,PERSON-001787,Android,2023-05-27,2023-05-27,true
DEVICE-010997,Feature Phone,PERSON-001789,Android,2023-07-21,2023-07-21,true
DEVICE-010998,Tablet,PERSON-001790,Android,2023-12-04,2023-12-04,true
DEVICE-010999,Tablet,PERSON-001791,Android,2023-11-15,2023-11-15,true
DEVICE-011000,Smartphone,PERSON-001793,Android,2023-01-26,2023-01-26,true
DEVICE-011001,Smartphone,PERSON-001794,Android,2023-04-09,2023-04-09,true
DEVICE-011002,Tablet,PERSON-001795,Android,2023-03-18,2023-03-18,true
DEVICE-011003,Feature Phone,PERSON-001797,Android,2023-01-08,2023-01-08,true
DEVICE-011004,Feature Phone,PERSON-001798,Android,2023-09-12,2023-09-12,true
DEVICE-011005,Smartphone,PERSON-001799,Android,2023-09-08,2023-09-08,true
DEVICE-011006,Tablet,PERSON-001800,iOS,2023-01-07,2023-01-07,true
DEVICE-011007,Feature Phone,PERSON-001801,iOS,2023-05-08,2023-05-08,true
DEVICE-011008,Smartphone,PERSON-001802,Android,2023-08-11,2023-08-11,true
DEVICE-011009,Feature Phone,PERSON-001804,Android,2023-02-08,2023-02-08,true
DEVICE-011010,Smartphone,PERSON-001806,iOS,2023-06-04,2023-06-04,true
DEVICE-011011,Tablet,PERSON-001808,Android,2023-11-02,2023-11-02,true
DEVICE-011012,Tablet,PERSON-001809,Android,2023-11-21,2023-11-21,true
DEVICE-011013,Tablet,PERSON-001811,Android,2023-12-10,2023-12-10,true
DEVICE-011014,Feature Phone,PERSON-001812,Android,2023-08-19,2023-08-19,true
DEVICE-011015,Tablet,PERSON-001813,Android,2023-10-29,2023-10-29,true
DEVICE-011016,Feature Phone,PERSON-001814,Android,2023-12-28,2023-12-28,true
DEVICE-011017,Tablet,PERSON-001815,Android,2023-08-31,2023-08-31,true
DEVICE-011018,Feature Phone,PERSON-001816,Android,2023-02-24,2023-02-24,true
DEVICE-011019,Tablet,PERSON-001818,iOS,2023-10-02,2023-10-02,true
DEVICE-011020,Feature Phone,PERSON-001819,iOS,2023-04-23,2023-04-23,true
DEVICE-011021,Tablet,PERSON-001820,iOS,2023-06-28,2023-06-28,true
DEVICE-011022,Tablet,PERSON-001821,iOS,2023-10-27,2023-10-27,true
DEVICE-011023,Smartphone,PERSON-001822,iOS,2023-07-26,2023-07-26,true
DEVICE-011024,Feature Phone,PERSON-001823,iOS,2023-01-03,2023-01-03,true
DEVICE-011025,Tablet,PERSON-001825,iOS,2023-08-26,2023-08-26,true
DEVICE-011026,Smartphone,PERSON-001826,Android,2023-08-18,2023-08-18,true
DEVICE-011027,Feature Phone,PERSON-001827,Android,2023-03-30,2023-03-30,true
DEVICE-011028,Tablet,PERSON-001828,iOS,2023-10-23,2023-10-23,true
DEVICE-011029,Tablet,PERSON-001829,iOS,2023-09-05,2023-09-05,true
DEVICE-011030,Smartphone,PERSON-001831,Android,2023-04-30,2023-04-30,true
DEVICE-011031,Feature Phone,PERSON-001832,iOS,2023-11-11,2023-11-11,true
DEVICE-011032,Smartphone,PERSON-001833,Android,2023-09-20,2023-09-20,true
DEVICE-011033,Smartphone,PERSON-001834,iOS,2023-05-13,2023-05-13,true
DEVICE-011034,Smartphone,PERSON-001835,Android,2023-11-12,2023-11-12,true
DEVICE-011035,Smartphone,PERSON-001836,Android,2023-01-18,2023-01-18,true
DEVICE-011036,Feature Phone,PERSON-001837,iOS,2023-10-22,2023-10-22,true
DEVICE-011037,Smartphone,PERSON-001838,iOS,2023-03-06,2023-03-06,true
DEVICE-011038,Smartphone,PERSON-001839,Android,2023-08-05,2023-08-05,true
DEVICE-011039,Feature Phone,PERSON-001840,Android,2023-10-09,2023-10-09,true
DEVICE-011040,Smartphone,PERSON-001841,iOS,2023-01-24,2023-01-24,true
DEVICE-011041,Feature Phone,PERSON-001842,iOS,2023-03-04,2023-03-04,true
DEVICE-011042,Tablet,PERSON-001843,Android,2023-12-07,2023-12-07,true
DEVICE-011043,Smartphone,PERSON-001844,iOS,2023-04-14,2023-04-14,true
DEVICE-011044,Smartphone,PERSON-001845,Android,2023-12-19,2023-12-19,true
DEVICE-011045,Feature Phone,PERSON-001848,Android,2023-04-17,2023-04-17,true
DEVICE-011046,Tablet,PERSON-001849,Android,2023-12-31,2023-12-31,true
DEVICE-011047,Feature Phone,PERSON-001850,Android,2023-12-11,2023-12-11,true
DEVICE-011048,Tablet,PERSON-001851,Android,2023-02-28,2023-02-28,true
DEVICE-011049,Smartphone,PERSON-001852,Android,2023-07-07,2023-07-07,true
DEVICE-011050,Tablet,PERSON-001853,iOS,2023-12-31,2023-12-31,true
DEVICE-011051,Feature Phone,PERSON-001854,iOS,2023-11-17,2023-11-17,true
DEVICE-011052,Smartphone,PERSON-001855,iOS,2023-08-05,2023-08-05,true
DEVICE-011053,Smartphone,PERSON-001856,iOS,2023-03-16,2023-03-16,true
DEVICE-011054,Feature Phone,PERSON-001857,Android,2023-07-11,2023-07-11,true
DEVICE-011055,Smartphone,PERSON-001858,Android,2023-12-25,2023-12-25,true
DEVICE-011056,Feature Phone,PERSON-001859,iOS,2023-11-16,2023-11-16,true
DEVICE-011057,Tablet,PERSON-001862,Android,2023-12-25,2023-12-25,true
DEVICE-011058,Feature Phone,PERSON-001864,iOS,2023-04-27,2023-04-27,true
DEVICE-011059,Smartphone,PERSON-001865,iOS,2023-06-20,2023-06-20,true
DEVICE-011060,Smartphone,PERSON-001867,Android,2023-05-19,2023-05-19,true
DEVICE-011061,Tablet,PERSON-001868,iOS,2023-08-23,2023-08-23,true
DEVICE-011062,Feature Phone,PERSON-001870,iOS,2023-02-24,2023-02-24,true
DEVICE-011063,Smartphone,PERSON-001871,Android,2023-02-26,2023-02-26,true
DEVICE-011064,Smartphone,PERSON-001872,Android,2023-07-29,2023-07-29,true
DEVICE-011065,Feature Phone,PERSON-001874,iOS,2023-09-14,2023-09-14,true
DEVICE-011066,Smartphone,PERSON-001875,Android,2023-04-01,2023-04-01,true
DEVICE-011067,Feature Phone,PERSON-001877,iOS,2023-04-24,2023-04-24,true
DEVICE-011068,Tablet,PERSON-001878,iOS,2023-05-28,2023-05-28,true
DEVICE-011069,Tablet,PERSON-001879,iOS,2023-09-08,2023-09-08,true
DEVICE-011070,Feature Phone,PERSON-001881,iOS,2023-12-22,2023-12-22,true
DEVICE-011071,Tablet,PERSON-001882,Android,2023-10-27,2023-10-27,true
DEVICE-011072,Feature Phone,PERSON-001883,iOS,2023-04-05,2023-04-05,true
DEVICE-011073,Feature Phone,PERSON-001884,iOS,2023-12-16,2023-12-16,true
DEVICE-011074,Feature Phone,PERSON-001887,iOS,2023-07-20,2023-07-20,true
DEVICE-011075,Feature Phone,PERSON-001888,Android,2023-11-13,2023-11-13,true
DEVICE-011076,Smartphone,PERSON-001889,iOS,2023-09-12,2023-09-12,true
DEVICE-011077,Smartphone,PERSON-001891,Android,2023-12-04,2023-12-04,true
DEVICE-011078,Smartphone,PERSON-001892,Android,2023-12-25,2023-12-25,true
DEVICE-011079,Feature Phone,PERSON-001893,Android,2023-04-01,2023-04-01,true
DEVICE-011080,Smartphone,PERSON-001895,Android,2023-01-14,2023-01-14,true
DEVICE-011081,Feature Phone,PERSON-001896,Android,2023-04-05,2023-04-05,true
DEVICE-011082,Tablet,PERSON-001897,iOS,2023-06-10,2023-06-10,true
DEVICE-011083,Tablet,PERSON-001900,iOS,2023-10-09,2023-10-09,true
DEVICE-011084,Feature Phone,PERSON-001901,Android,2023-06-12,2023-06-12,true
DEVICE-011085,Tablet,PERSON-001902,iOS,2023-10-16,2023-10-16,true
DEVICE-011086,Tablet,PERSON-001903,Android,2023-08-19,2023-08-19,true
DEVICE-011087,Feature Phone,PERSON-001904,iOS,2023-12-20,2023-12-20,true
DEVICE-011088,Feature Phone,PERSON-001905,Android,2023-01-13,2023-01-13,true
DEVICE-011089,Smartphone,PERSON-001906,Android,2023-11-10,2023-11-10,true
DEVICE-011090,Feature Phone,PERSON-001907,iOS,2023-05-06,2023-05-06,true
DEVICE-011091,Feature Phone,PERSON-001909,Android,2023-01-05,2023-01-05,true
DEVICE-011092,Tablet,PERSON-001910,iOS,2023-05-02,2023-05-02,true
DEVICE-011093,Feature Phone,PERSON-001911,Android,2023-01-30,2023-01-30,true
DEVICE-011094,Tablet,PERSON-001912,iOS,2023-05-05,2023-05-05,true
DEVICE-011095,Feature Phone,PERSON-001913,iOS,2023-05-24,2023-05-24,true
DEVICE-011096,Tablet,PERSON-001914,iOS,2023-04-19,2023-04-19,true
DEVICE-011097,Smartphone,PERSON-001915,Android,2023-02-25,2023-02-25,true
DEVICE-011098,Smartphone,PERSON-001916,iOS,2023-05-13,2023-05-13,true
DEVICE-011099,Smartphone,PERSON-001917,iOS,2023-12-11,2023-12-11,true
DEVICE-011100,Tablet,PERSON-001918,Android,2023-08-08,2023-08-08,true
DEVICE-011101,Tablet,PERSON-001919,Android,2023-11-11,2023-11-11,true
DEVICE-011102,Feature Phone,PERSON-001920,Android,2023-08-09,2023-08-09,true
DEVICE-011103,Tablet,PERSON-001921,Android,2023-08-26,2023-08-26,true
DEVICE-011104,Smartphone,PERSON-001922,iOS,2023-10-24,2023-10-24,true
DEVICE-011105,Smartphone,PERSON-001923,Android,2023-05-03,2023-05-03,true
DEVICE-011106,Feature Phone,PERSON-001924,iOS,2023-11-08,2023-11-08,true
DEVICE-011107,Tablet,PERSON-001925,iOS,2023-02-09,2023-02-09,true
DEVICE-011108,Feature Phone,PERSON-001926,Android,2023-08-25,2023-08-25,true
DEVICE-011109,Feature Phone,PERSON-001927,Android,2023-12-25,2023-12-25,true
DEVICE-011110,Feature Phone,PERSON-001928,Android,2023-06-12,2023-06-12,true
DEVICE-011111,Smartphone,PERSON-001929,iOS,2023-06-14,2023-06-14,true
DEVICE-011112,Smartphone,PERSON-001930,iOS,2023-09-06,2023-09-06,true
DEVICE-011113,Tablet,PERSON-001931,Android,2023-05-01,2023-05-01,true
DEVICE-011114,Feature Phone,PERSON-001932,Android,2023-10-05,2023-10-05,true
DEVICE-011115,Feature Phone,PERSON-001933,iOS,2023-08-26,2023-08-26,true
DEVICE-011116,Smartphone,PERSON-001934,Android,2023-09-13,2023-09-13,true
DEVICE-011117,Tablet,PERSON-001935,Android,2023-05-18,2023-05-18,true
DEVICE-011118,Smartphone,PERSON-001936,Android,2023-11-08,2023-11-08,true
DEVICE-011119,Tablet,PERSON-001937,iOS,2023-12-25,2023-12-25,true
DEVICE-011120,Smartphone,PERSON-001938,iOS,2023-09-08,2023-09-08,true
DEVICE-011121,Tablet,PERSON-001939,Android,2023-02-12,2023-02-12,true
DEVICE-011122,Feature Phone,PERSON-001940,Android,2023-06-17,2023-06-17,true
DEVICE-011123,Tablet,PERSON-001942,Android,2023-11-22,2023-11-22,true
DEVICE-011124,Feature Phone,PERSON-001943,iOS,2023-05-25,2023-05-25,true
DEVICE-011125,Tablet,PERSON-001945,Android,2023-01-19,2023-01-19,true
DEVICE-011126,Feature Phone,PERSON-001946,iOS,2023-02-06,2023-02-06,true
DEVICE-011127,Smartphone,PERSON-001947,iOS,2023-12-12,2023-12-12,true
DEVICE-011128,Tablet,PERSON-001948,iOS,2023-07-10,2023-07-10,true
DEVICE-011129,Tablet,PERSON-001949,iOS,2023-01-20,2023-01-20,true
DEVICE-011130,Smartphone,PERSON-001950,Android,2023-02-10,2023-02-10,true
DEVICE-011131,Feature Phone,PERSON-001951,iOS,2023-04-03,2023-04-03,true
DEVICE-011132,Feature Phone,PERSON-001952,iOS,2023-07-04,2023-07-04,true
DEVICE-011133,Smartphone,PERSON-001953,iOS,2023-10-05,2023-10-05,true
DEVICE-011134,Tablet,PERSON-001954,iOS,2023-05-06,2023-05-06,true
DEVICE-011135,Smartphone,PERSON-001956,iOS,2023-11-09,2023-11-09,true
DEVICE-011136,Smartphone,PERSON-001957,iOS,2023-12-18,2023-12-18,true
DEVICE-011137,Smartphone,PERSON-001958,iOS,2023-10-17,2023-10-17,true
DEVICE-011138,Feature Phone,PERSON-001959,Android,2023-06-15,2023-06-15,true
DEVICE-011139,Feature Phone,PERSON-001960,iOS,2023-06-20,2023-06-20,true
DEVICE-011140,Smartphone,PERSON-001961,iOS,2023-03-01,2023-03-01,true
DEVICE-011141,Smartphone,PERSON-001962,iOS,2023-10-26,2023-10-26,true
DEVICE-011142,Smartphone,PERSON-001963,iOS,2023-04-29,2023-04-29,true
DEVICE-011143,Smartphone,PERSON-001964,iOS,2023-06-30,2023-06-30,true
DEVICE-011144,Smartphone,PERSON-001966,iOS,2023-07-17,2023-07-17,true
DEVICE-011145,Tablet,PERSON-001967,Android,2023-10-15,2023-10-15,true
DEVICE-011146,Smartphone,PERSON-001969,iOS,2023-05-23,2023-05-23,true
DEVICE-011147,Smartphone,PERSON-001970,Android,2023-09-04,2023-09-04,true
DEVICE-011148,Feature Phone,PERSON-001971,iOS,2023-06-28,2023-06-28,true
DEVICE-011149,Smartphone,PERSON-001972,Android,2023-06-11,2023-06-11,true
DEVICE-011150,Tablet,PERSON-001973,iOS,2023-01-12,2023-01-12,true
DEVICE-011151,Smartphone,PERSON-001974,Android,2023-03-22,2023-03-22,true
DEVICE-011152,Tablet,PERSON-001975,Android,2023-11-15,2023-11-15,true
DEVICE-011153,Smartphone,PERSON-001976,iOS,2023-11-07,2023-11-07,true
DEVICE-011154,Tablet,PERSON-001977,Android,2023-11-02,2023-11-02,true
DEVICE-011155,Smartphone,PERSON-001978,iOS,2023-12-12,2023-12-12,true
DEVICE-011156,Feature Phone,PERSON-001979,iOS,2023-09-06,2023-09-06,true
DEVICE-011157,Smartphone,PERSON-001980,Android,2023-02-02,2023-02-02,true
DEVICE-011158,Tablet,PERSON-001981,Android,2023-07-12,2023-07-12,true
DEVICE-011159,Tablet,PERSON-001982,Android,2023-04-29,2023-04-29,true
DEVICE-011160,Tablet,PERSON-001983,iOS,2023-08-14,2023-08-14,true
DEVICE-011161,Feature Phone,PERSON-001984,Android,2023-09-23,2023-09-23,true
DEVICE-011162,Smartphone,PERSON-001985,Android,2023-01-17,2023-01-17,true
DEVICE-011163,Tablet,PERSON-001986,iOS,2023-12-22,2023-12-22,true
DEVICE-011164,Feature Phone,PERSON-001987,iOS,2023-04-09,2023-04-09,true
DEVICE-011165,Tablet,PERSON-001988,iOS,2023-06-19,2023-06-19,true
DEVICE-011166,Smartphone,PERSON-001989,iOS,2023-01-18,2023-01-18,true
DEVICE-011167,Feature Phone,PERSON-001990,iOS,2023-07-19,2023-07-19,true
DEVICE-011168,Feature Phone,PERSON-001991,Android,2023-03-05,2023-03-05,true
DEVICE-011169,Smartphone,PERSON-001993,iOS,2023-03-24,2023-03-24,true
DEVICE-011170,Smartphone,PERSON-001995,iOS,2023-03-09,2023-03-09,true
DEVICE-011171,Smartphone,PERSON-001996,iOS,2023-01-31,2023-01-31,true
DEVICE-011172,Smartphone,PERSON-001998,Android,2023-09-17,2023-09-17,true
DEVICE-011173,Smartphone,PERSON-001999,iOS,2023-01-13,2023-01-13,true
DEVICE-011174,Feature Phone,PERSON-002000,iOS,2023-12-10,2023-12-10,true
DEVICE-011175,Smartphone,PERSON-002001,Android,2023-09-06,2023-09-06,true
DEVICE-011176,Feature Phone,PERSON-002002,iOS,2023-09-03,2023-09-03,true
DEVICE-011177,Feature Phone,PERSON-002003,Android,2023-04-01,2023-04-01,true
DEVICE-011178,Tablet,PERSON-002005,Android,2023-11-08,2023-11-08,true
DEVICE-011179,Tablet,PERSON-002007,iOS,2023-10-21,2023-10-21,true
DEVICE-011180,Tablet,PERSON-002008,Android,2023-06-07,2023-06-07,true
DEVICE-011181,Smartphone,PERSON-002010,iOS,2023-06-28,2023-06-28,true
DEVICE-011182,Tablet,PERSON-002011,Android,2023-01-19,2023-01-19,true
DEVICE-011183,Smartphone,PERSON-002012,Android,2023-12-14,2023-12-14,true
DEVICE-011184,Smartphone,PERSON-002013,iOS,2023-02-13,2023-02-13,true
DEVICE-011185,Tablet,PERSON-002014,iOS,2023-10-19,2023-10-19,true
DEVICE-011186,Feature Phone,PERSON-002015,Android,2023-05-25,2023-05-25,true
DEVICE-011187,Tablet,PERSON-002016,iOS,2023-01-11,2023-01-11,true
DEVICE-011188,Tablet,PERSON-002018,Android,2023-08-11,2023-08-11,true
DEVICE-011189,Smartphone,PERSON-002019,iOS,2023-05-17,2023-05-17,true
DEVICE-011190,Tablet,PERSON-002021,iOS,2023-09-20,2023-09-20,true
DEVICE-011191,Tablet,PERSON-002022,iOS,2023-07-17,2023-07-17,true
DEVICE-011192,Feature Phone,PERSON-002023,iOS,2023-11-20,2023-11-20,true
DEVICE-011193,Feature Phone,PERSON-002024,Android,2023-01-08,2023-01-08,true
DEVICE-011194,Smartphone,PERSON-002025,Android,2023-10-24,2023-10-24,true
DEVICE-011195,Feature Phone,PERSON-002026,Android,2023-12-02,2023-12-02,true
DEVICE-011196,Feature Phone,PERSON-002027,Android,2023-08-08,2023-08-08,true
DEVICE-011197,Feature Phone,PERSON-002028,iOS,2023-09-20,2023-09-20,true
DEVICE-011198,Smartphone,PERSON-002029,iOS,2023-10-07,2023-10-07,true
DEVICE-011199,Tablet,PERSON-002030,iOS,2023-12-05,2023-12-05,true
DEVICE-011200,Smartphone,PERSON-002031,iOS,2023-07-12,2023-07-12,true
DEVICE-011201,Tablet,PERSON-002032,iOS,2023-03-21,2023-03-21,true
DEVICE-011202,Feature Phone,PERSON-002033,iOS,2023-12-15,2023-12-15,true
DEVICE-011203,Tablet,PERSON-002035,Android,2023-04-25,2023-04-25,true
DEVICE-011204,Tablet,PERSON-002036,iOS,2023-08-15,2023-08-15,true
DEVICE-011205,Smartphone,PERSON-002037,iOS,2023-04-22,2023-04-22,true
DEVICE-011206,Tablet,PERSON-002038,Android,2023-08-12,2023-08-12,true
DEVICE-011207,Tablet,PERSON-002040,Android,2023-07-24,2023-07-24,true
DEVICE-011208,Smartphone,PERSON-002041,Android,2023-04-13,2023-04-13,true
DEVICE-011209,Feature Phone,PERSON-002042,iOS,2023-06-17,2023-06-17,true
DEVICE-011210,Smartphone,PERSON-002043,iOS,2023-05-14,2023-05-14,true
DEVICE-011211,Smartphone,PERSON-002044,Android,2023-01-03,2023-01-03,true
DEVICE-011212,Tablet,PERSON-002045,Android,2023-02-19,2023-02-19,true
DEVICE-011213,Feature Phone,PERSON-002046,Android,2023-08-09,2023-08-09,true
DEVICE-011214,Feature Phone,PERSON-002047,Android,2023-03-02,2023-03-02,true
DEVICE-011215,Tablet,PERSON-002048,Android,2023-06-19,2023-06-19,true
DEVICE-011216,Smartphone,PERSON-002049,Android,2023-05-18,2023-05-18,true
DEVICE-011217,Tablet,PERSON-002050,Android,2023-08-11,2023-08-11,true
DEVICE-011218,Feature Phone,PERSON-002051,iOS,2023-07-07,2023-07-07,true
DEVICE-011219,Smartphone,PERSON-002052,Android,2023-11-13,2023-11-13,true
DEVICE-011220,Feature Phone,PERSON-002053,Android,2023-03-09,2023-03-09,true
DEVICE-011221,Tablet,PERSON-002054,iOS,2023-05-18,2023-05-18,true
DEVICE-011222,Tablet,PERSON-002055,iOS,2023-05-10,2023-05-10,true
DEVICE-011223,Tablet,PERSON-002056,Android,2023-03-09,2023-03-09,true
DEVICE-011224,Feature Phone,PERSON-002057,iOS,2023-02-28,2023-02-28,true
DEVICE-011225,Feature Phone,PERSON-002058,iOS,2023-06-04,2023-06-04,true
DEVICE-011226,Tablet,PERSON-002059,iOS,2023-04-07,2023-04-07,true
DEVICE-011227,Smartphone,PERSON-002061,iOS,2023-04-06,2023-04-06,true
DEVICE-011228,Smartphone,PERSON-002062,iOS,2023-08-22,2023-08-22,true
DEVICE-011229,Smartphone,PERSON-002063,Android,2023-06-18,2023-06-18,true
DEVICE-011230,Smartphone,PERSON-002064,iOS,2023-07-26,2023-07-26,true
DEVICE-011231,Smartphone,PERSON-002065,Android,2023-05-06,2023-05-06,true
DEVICE-011232,Tablet,PERSON-002067,Android,2023-07-02,2023-07-02,true
DEVICE-011233,Tablet,PERSON-002069,Android,2023-01-09,2023-01-09,true
DEVICE-011234,Feature Phone,PERSON-002070,iOS,2023-09-30,2023-09-30,true
DEVICE-011235,Feature Phone,PERSON-002071,iOS,2023-06-17,2023-06-17,true
DEVICE-011236,Feature Phone,PERSON-002072,iOS,2023-04-09,2023-04-09,true
DEVICE-011237,Smartphone,PERSON-002073,iOS,2023-11-10,2023-11-10,true
DEVICE-011238,Smartphone,PERSON-002074,iOS,2023-08-19,2023-08-19,true
DEVICE-011239,Tablet,PERSON-002075,iOS,2023-04-24,2023-04-24,true
DEVICE-011240,Tablet,PERSON-002076,iOS,2023-09-28,2023-09-28,true
DEVICE-011241,Smartphone,PERSON-002078,Android,2023-05-03,2023-05-03,true
DEVICE-011242,Feature Phone,PERSON-002079,Android,2023-05-28,2023-05-28,true
DEVICE-011243,Smartphone,PERSON-002080,iOS,2023-10-25,2023-10-25,true
DEVICE-011244,Feature Phone,PERSON-002081,Android,2023-09-03,2023-09-03,true
DEVICE-011245,Feature Phone,PERSON-002083,Android,2023-05-01,2023-05-01,true
DEVICE-011246,Tablet,PERSON-002084,Android,2023-11-21,2023-11-21,true
DEVICE-011247,Tablet,PERSON-002085,Android,2023-05-16,2023-05-16,true
DEVICE-011248,Smartphone,PERSON-002086,Android,2023-07-12,2023-07-12,true
DEVICE-011249,Tablet,PERSON-002088,Android,2023-06-25,2023-06-25,true
DEVICE-011250,Feature Phone,PERSON-002089,iOS,2023-09-13,2023-09-13,true
DEVICE-011251,Smartphone,PERSON-002090,Android,2023-03-21,2023-03-21,true
DEVICE-011252,Feature Phone,PERSON-002091,Android,2023-09-19,2023-09-19,true
DEVICE-011253,Tablet,PERSON-002092,iOS,2023-02-17,2023-02-17,true
DEVICE-011254,Tablet,PERSON-002093,iOS,2023-06-09,2023-06-09,true
DEVICE-011255,Tablet,PERSON-002095,Android,2023-05-11,2023-05-11,true
DEVICE-011256,Feature Phone,PERSON-002096,Android,2023-08-22,2023-08-22,true
DEVICE-011257,Smartphone,PERSON-002097,Android,2023-02-20,2023-02-20,true
DEVICE-011258,Tablet,PERSON-002098,iOS,2023-10-04,2023-10-04,true
DEVICE-011259,Feature Phone,PERSON-002099,Android,2023-08-13,2023-08-13,true
DEVICE-011260,Smartphone,PERSON-002100,Android,2023-04-08,2023-04-08,true
DEVICE-011261,Tablet,PERSON-002101,Android,2023-08-25,2023-08-25,true
DEVICE-011262,Feature Phone,PERSON-002102,iOS,2023-06-03,2023-06-03,true
DEVICE-011263,Feature Phone,PERSON-002103,Android,2023-01-17,2023-01-17,true
DEVICE-011264,Feature Phone,PERSON-002104,iOS,2023-07-01,2023-07-01,true
DEVICE-011265,Smartphone,PERSON-002107,Android,2023-08-22,2023-08-22,true
DEVICE-011266,Tablet,PERSON-002108,iOS,2023-03-19,2023-03-19,true
DEVICE-011267,Smartphone,PERSON-002109,iOS,2023-10-02,2023-10-02,true
DEVICE-011268,Smartphone,PERSON-002110,iOS,2023-02-13,2023-02-13,true
DEVICE-011269,Smartphone,PERSON-002111,Android,2023-09-07,2023-09-07,true
DEVICE-011270,Smartphone,PERSON-002112,Android,2023-06-01,2023-06-01,true
DEVICE-011271,Smartphone,PERSON-002113,iOS,2023-07-01,2023-07-01,true
DEVICE-011272,Smartphone,PERSON-002115,Android,2023-01-30,2023-01-30,true
DEVICE-011273,Feature Phone,PERSON-002116,Android,2023-10-31,2023-10-31,true
DEVICE-011274,Smartphone,PERSON-002117,Android,2023-09-23,2023-09-23,true
DEVICE-011275,Smartphone,PERSON-002118,iOS,2023-07-01,2023-07-01,true
DEVICE-011276,Feature Phone,PERSON-002119,iOS,2023-09-28,2023-09-28,true
DEVICE-011277,Tablet,PERSON-002120,iOS,2023-10-23,2023-10-23,true
DEVICE-011278,Feature Phone,PERSON-002121,Android,2023-08-26,2023-08-26,true
DEVICE-011279,Feature Phone,PERSON-002123,iOS,2023-02-11,2023-02-11,true
DEVICE-011280,Tablet,PERSON-002125,iOS,2023-10-14,2023-10-14,true
DEVICE-011281,Smartphone,PERSON-002126,Android,2023-07-04,2023-07-04,true
DEVICE-011282,Tablet,PERSON-002127,Android,2023-01-13,2023-01-13,true
DEVICE-011283,Tablet,PERSON-002128,Android,2023-07-14,2023-07-14,true
DEVICE-011284,Smartphone,PERSON-002129,Android,2023-05-18,2023-05-18,true
DEVICE-011285,Feature Phone,PERSON-002130,iOS,2023-12-11,2023-12-11,true
DEVICE-011286,Smartphone,PERSON-002131,iOS,2023-08-12,2023-08-12,true
DEVICE-011287,Tablet,PERSON-002133,iOS,2023-11-09,2023-11-09,true
DEVICE-011288,Feature Phone,PERSON-002134,Android,2023-08-31,2023-08-31,true
DEVICE-011289,Feature Phone,PERSON-002135,Android,2023-02-28,2023-02-28,true
DEVICE-011290,Smartphone,PERSON-002137,iOS,2023-04-03,2023-04-03,true
DEVICE-011291,Tablet,PERSON-002138,Android,2023-11-24,2023-11-24,true
DEVICE-011292,Smartphone,PERSON-002139,Android,2023-11-24,2023-11-24,true
DEVICE-011293,Smartphone,PERSON-002140,iOS,2023-05-21,2023-05-21,true
DEVICE-011294,Feature Phone,PERSON-002141,iOS,2023-05-24,2023-05-24,true
DEVICE-011295,Feature Phone,PERSON-002142,Android,2023-01-31,2023-01-31,true
DEVICE-011296,Feature Phone,PERSON-002143,Android,2023-12-08,2023-12-08,true
DEVICE-011297,Tablet,PERSON-002144,iOS,2023-02-13,2023-02-13,true
DEVICE-011298,Feature Phone,PERSON-002145,iOS,2023-03-03,2023-03-03,true
DEVICE-011299,Smartphone,PERSON-002146,iOS,2023-09-19,2023-09-19,true
DEVICE-011300,Tablet,PERSON-002147,iOS,2023-11-20,2023-11-20,true
DEVICE-011301,Tablet,PERSON-002148,Android,2023-03-20,2023-03-20,true
DEVICE-011302,Feature Phone,PERSON-002149,iOS,2023-05-25,2023-05-25,true
DEVICE-011303,Feature Phone,PERSON-002151,Android,2023-10-08,2023-10-08,true
DEVICE-011304,Tablet,PERSON-002152,iOS,2023-11-09,2023-11-09,true
DEVICE-011305,Tablet,PERSON-002153,Android,2023-01-20,2023-01-20,true
DEVICE-011306,Smartphone,PERSON-002154,Android,2023-10-09,2023-10-09,true
DEVICE-011307,Tablet,PERSON-002155,Android,2023-06-05,2023-06-05,true
DEVICE-011308,Feature Phone,PERSON-002156,iOS,2023-07-24,2023-07-24,true
DEVICE-011309,Smartphone,PERSON-002157,Android,2023-12-31,2023-12-31,true
DEVICE-011310,Tablet,PERSON-002158,Android,2023-11-15,2023-11-15,true
DEVICE-011311,Tablet,PERSON-002161,Android,2023-01-20,2023-01-20,true
DEVICE-011312,Smartphone,PERSON-002162,Android,2023-12-29,2023-12-29,true
DEVICE-011313,Smartphone,PERSON-002163,iOS,2023-01-25,2023-01-25,true
DEVICE-011314,Smartphone,PERSON-002165,iOS,2023-05-07,2023-05-07,true
DEVICE-011315,Feature Phone,PERSON-002166,Android,2023-09-08,2023-09-08,true
DEVICE-011316,Feature Phone,PERSON-002167,iOS,2023-08-21,2023-08-21,true
DEVICE-011317,Feature Phone,PERSON-002168,Android,2023-05-08,2023-05-08,true
DEVICE-011318,Tablet,PERSON-002169,Android,2023-09-24,2023-09-24,true
DEVICE-011319,Tablet,PERSON-002170,iOS,2023-08-17,2023-08-17,true
DEVICE-011320,Tablet,PERSON-002171,Android,2023-12-17,2023-12-17,true
DEVICE-011321,Feature Phone,PERSON-002172,iOS,2023-10-05,2023-10-05,true
DEVICE-011322,Smartphone,PERSON-002173,Android,2023-07-31,2023-07-31,true
DEVICE-011323,Tablet,PERSON-002174,iOS,2023-08-17,2023-08-17,true
DEVICE-011324,Tablet,PERSON-002175,iOS,2023-01-21,2023-01-21,true
DEVICE-011325,Feature Phone,PERSON-002176,iOS,2023-02-19,2023-02-19,true
DEVICE-011326,Tablet,PERSON-002177,iOS,2023-02-12,2023-02-12,true
DEVICE-011327,Feature Phone,PERSON-002178,iOS,2023-04-21,2023-04-21,true
DEVICE-011328,Tablet,PERSON-002179,iOS,2023-11-07,2023-11-07,true
DEVICE-011329,Feature Phone,PERSON-002180,iOS,2023-12-05,2023-12-05,true
DEVICE-011330,Tablet,PERSON-002181,iOS,2023-05-16,2023-05-16,true
DEVICE-011331,Feature Phone,PERSON-002182,iOS,2023-09-19,2023-09-19,true
DEVICE-011332,Feature Phone,PERSON-002183,iOS,2023-04-01,2023-04-01,true
DEVICE-011333,Smartphone,PERSON-002184,iOS,2023-09-20,2023-09-20,true
DEVICE-011334,Smartphone,PERSON-002185,iOS,2023-09-06,2023-09-06,true
DEVICE-011335,Feature Phone,PERSON-002186,iOS,2023-11-01,2023-11-01,true
DEVICE-011336,Tablet,PERSON-002187,iOS,2023-07-09,2023-07-09,true
DEVICE-011337,Feature Phone,PERSON-002188,iOS,2023-03-24,2023-03-24,true
DEVICE-011338,Tablet,PERSON-002189,Android,2023-03-31,2023-03-31,true
DEVICE-011339,Feature Phone,PERSON-002190,Android,2023-02-15,2023-02-15,true
DEVICE-011340,Feature Phone,PERSON-002191,iOS,2023-12-01,2023-12-01,true
DEVICE-011341,Feature Phone,PERSON-002192,iOS,2023-09-24,2023-09-24,true
DEVICE-011342,Feature Phone,PERSON-002193,iOS,2023-02-07,2023-02-07,true
DEVICE-011343,Tablet,PERSON-002194,iOS,2023-07-20,2023-07-20,true
DEVICE-011344,Feature Phone,PERSON-002195,iOS,2023-08-05,2023-08-05,true
DEVICE-011345,Feature Phone,PERSON-002196,Android,2023-12-28,2023-12-28,true
DEVICE-011346,Tablet,PERSON-002198,iOS,2023-04-02,2023-04-02,true
DEVICE-011347,Smartphone,PERSON-002199,iOS,2023-01-12,2023-01-12,true
DEVICE-011348,Smartphone,PERSON-002200,iOS,2023-01-16,2023-01-16,true
DEVICE-011349,Tablet,PERSON-002201,iOS,2023-08-31,2023-08-31,true
DEVICE-011350,Smartphone,PERSON-002202,iOS,2023-06-28,2023-06-28,true
DEVICE-011351,Smartphone,PERSON-002203,iOS,2023-12-12,2023-12-12,true
DEVICE-011352,Feature Phone,PERSON-002204,Android,2023-01-10,2023-01-10,true
DEVICE-011353,Smartphone,PERSON-002206,Android,2023-05-16,2023-05-16,true
DEVICE-011354,Smartphone,PERSON-002207,iOS,2023-07-14,2023-07-14,true
DEVICE-011355,Smartphone,PERSON-002208,Android,2023-04-23,2023-04-23,true
DEVICE-011356,Tablet,PERSON-002209,Android,2023-07-27,2023-07-27,true
DEVICE-011357,Tablet,PERSON-002210,Android,2023-11-30,2023-11-30,true
DEVICE-011358,Smartphone,PERSON-002211,iOS,2023-06-25,2023-06-25,true
DEVICE-011359,Tablet,PERSON-002212,iOS,2023-08-13,2023-08-13,true
DEVICE-011360,Smartphone,PERSON-002213,iOS,2023-08-23,2023-08-23,true
DEVICE-011361,Smartphone,PERSON-002214,iOS,2023-07-06,2023-07-06,true
DEVICE-011362,Feature Phone,PERSON-002216,Android,2023-10-16,2023-10-16,true
DEVICE-011363,Feature Phone,PERSON-002217,Android,2023-11-26,2023-11-26,true
DEVICE-011364,Smartphone,PERSON-002218,Android,2023-06-09,2023-06-09,true
DEVICE-011365,Smartphone,PERSON-002219,iOS,2023-08-02,2023-08-02,true
DEVICE-011366,Tablet,PERSON-002220,Android,2023-02-24,2023-02-24,true
DEVICE-011367,Feature Phone,PERSON-002221,iOS,2023-07-19,2023-07-19,true
DEVICE-011368,Feature Phone,PERSON-002222,Android,2023-08-13,2023-08-13,true
DEVICE-011369,Tablet,PERSON-002224,iOS,2023-11-14,2023-11-14,true
DEVICE-011370,Tablet,PERSON-002225,Android,2023-09-22,2023-09-22,true
DEVICE-011371,Tablet,PERSON-002226,Android,2023-08-26,2023-08-26,true
DEVICE-011372,Smartphone,PERSON-002227,Android,2023-09-17,2023-09-17,true
DEVICE-011373,Feature Phone,PERSON-002228,Android,2023-09-28,2023-09-28,true
DEVICE-011374,Tablet,PERSON-002229,iOS,2023-09-27,2023-09-27,true
DEVICE-011375,Tablet,PERSON-002230,Android,2023-12-21,2023-12-21,true
DEVICE-011376,Feature Phone,PERSON-002231,iOS,2023-06-07,2023-06-07,true
DEVICE-011377,Smartphone,PERSON-002232,Android,2023-12-23,2023-12-23,true
DEVICE-011378,Tablet,PERSON-002233,iOS,2023-02-28,2023-02-28,true
DEVICE-011379,Smartphone,PERSON-002234,Android,2023-03-12,2023-03-12,true
DEVICE-011380,Feature Phone,PERSON-002235,iOS,2023-04-11,2023-04-11,true
DEVICE-011381,Tablet,PERSON-002236,iOS,2023-06-02,2023-06-02,true
DEVICE-011382,Feature Phone,PERSON-002237,Android,2023-07-01,2023-07-01,true
DEVICE-011383,Smartphone,PERSON-002238,Android,2023-04-29,2023-04-29,true
DEVICE-011384,Smartphone,PERSON-002239,Android,2023-04-13,2023-04-13,true
DEVICE-011385,Tablet,PERSON-002241,Android,2023-10-10,2023-10-10,true
DEVICE-011386,Tablet,PERSON-002242,Android,2023-07-22,2023-07-22,true
DEVICE-011387,Smartphone,PERSON-002243,Android,2023-03-02,2023-03-02,true
DEVICE-011388,Tablet,PERSON-002244,Android,2023-08-10,2023-08-10,true
DEVICE-011389,Feature Phone,PERSON-002245,iOS,2023-05-03,2023-05-03,true
DEVICE-011390,Tablet,PERSON-002248,iOS,2023-07-04,2023-07-04,true
DEVICE-011391,Feature Phone,PERSON-002249,Android,2023-04-11,2023-04-11,true
DEVICE-011392,Smartphone,PERSON-002250,Android,2023-10-12,2023-10-12,true
DEVICE-011393,Tablet,PERSON-002251,iOS,2023-05-16,2023-05-16,true
DEVICE-011394,Tablet,PERSON-002252,Android,2023-09-08,2023-09-08,true
DEVICE-011395,Smartphone,PERSON-002253,Android,2023-11-22,2023-11-22,true
DEVICE-011396,Tablet,PERSON-002254,iOS,2023-06-26,2023-06-26,true
DEVICE-011397,Tablet,PERSON-002255,Android,2023-07-11,2023-07-11,true
DEVICE-011398,Tablet,PERSON-002257,Android,2023-02-04,2023-02-04,true
DEVICE-011399,Feature Phone,PERSON-002258,Android,2023-05-28,2023-05-28,true
DEVICE-011400,Feature Phone,PERSON-002259,Android,2023-07-04,2023-07-04,true
DEVICE-011401,Tablet,PERSON-002260,Android,2023-05-19,2023-05-19,true
DEVICE-011402,Feature Phone,PERSON-002261,Android,2023-04-19,2023-04-19,true
DEVICE-011403,Tablet,PERSON-002262,iOS,2023-09-20,2023-09-20,true
DEVICE-011404,Tablet,PERSON-002263,iOS,2023-11-27,2023-11-27,true
DEVICE-011405,Tablet,PERSON-002264,Android,2023-10-10,2023-10-10,true
DEVICE-011406,Tablet,PERSON-002265,Android,2023-10-17,2023-10-17,true
DEVICE-011407,Feature Phone,PERSON-002266,iOS,2023-02-27,2023-02-27,true
DEVICE-011408,Feature Phone,PERSON-002267,Android,2023-09-18,2023-09-18,true
DEVICE-011409,Tablet,PERSON-002268,Android,2023-11-18,2023-11-18,true
DEVICE-011410,Feature Phone,PERSON-002269,iOS,2023-12-06,2023-12-06,true
DEVICE-011411,Tablet,PERSON-002270,iOS,2023-12-14,2023-12-14,true
DEVICE-011412,Feature Phone,PERSON-002271,iOS,2023-10-30,2023-10-30,true
DEVICE-011413,Tablet,PERSON-002272,iOS,2023-11-25,2023-11-25,true
DEVICE-011414,Tablet,PERSON-002273,Android,2023-04-21,2023-04-21,true
DEVICE-011415,Smartphone,PERSON-002274,Android,2023-12-21,2023-12-21,true
DEVICE-011416,Feature Phone,PERSON-002276,iOS,2023-02-20,2023-02-20,true
DEVICE-011417,Feature Phone,PERSON-002278,Android,2023-06-05,2023-06-05,true
DEVICE-011418,Tablet,PERSON-002280,Android,2023-05-06,2023-05-06,true
DEVICE-011419,Smartphone,PERSON-002281,Android,2023-02-10,2023-02-10,true
DEVICE-011420,Tablet,PERSON-002282,iOS,2023-02-19,2023-02-19,true
DEVICE-011421,Smartphone,PERSON-002283,Android,2023-06-10,2023-06-10,true
DEVICE-011422,Feature Phone,PERSON-002284,Android,2023-12-17,2023-12-17,true
DEVICE-011423,Feature Phone,PERSON-002285,Android,2023-10-18,2023-10-18,true
DEVICE-011424,Smartphone,PERSON-002286,iOS,2023-06-19,2023-06-19,true
DEVICE-011425,Tablet,PERSON-002287,iOS,2023-01-01,2023-01-01,true
DEVICE-011426,Smartphone,PERSON-002288,Android,2023-03-04,2023-03-04,true
DEVICE-011427,Feature Phone,PERSON-002289,iOS,2023-05-29,2023-05-29,true
DEVICE-011428,Feature Phone,PERSON-002290,iOS,2023-06-26,2023-06-26,true
DEVICE-011429,Feature Phone,PERSON-002291,Android,2023-06-01,2023-06-01,true
DEVICE-011430,Feature Phone,PERSON-002292,Android,2023-12-05,2023-12-05,true
DEVICE-011431,Feature Phone,PERSON-002293,Android,2023-10-01,2023-10-01,true
DEVICE-011432,Smartphone,PERSON-002294,Android,2023-11-16,2023-11-16,true
DEVICE-011433,Smartphone,PERSON-002295,Android,2023-11-10,2023-11-10,true
DEVICE-011434,Feature Phone,PERSON-002296,Android,2023-01-21,2023-01-21,true
DEVICE-011435,Tablet,PERSON-002297,iOS,2023-07-24,2023-07-24,true
DEVICE-011436,Smartphone,PERSON-002298,Android,2023-03-22,2023-03-22,true
DEVICE-011437,Smartphone,PERSON-002299,iOS,2023-01-24,2023-01-24,true
DEVICE-011438,Feature Phone,PERSON-002300,Android,2023-12-18,2023-12-18,true
DEVICE-011439,Smartphone,PERSON-002301,Android,2023-03-08,2023-03-08,true
DEVICE-011440,Smartphone,PERSON-002302,Android,2023-04-18,2023-04-18,true
DEVICE-011441,Tablet,PERSON-002303,iOS,2023-03-31,2023-03-31,true
DEVICE-011442,Tablet,PERSON-002305,Android,2023-11-22,2023-11-22,true
DEVICE-011443,Tablet,PERSON-002306,Android,2023-01-05,2023-01-05,true
DEVICE-011444,Feature Phone,PERSON-002307,Android,2023-03-29,2023-03-29,true
DEVICE-011445,Smartphone,PERSON-002308,Android,2023-03-01,2023-03-01,true
DEVICE-011446,Tablet,PERSON-002310,iOS,2023-10-30,2023-10-30,true
DEVICE-011447,Feature Phone,PERSON-002311,iOS,2023-01-01,2023-01-01,true
DEVICE-011448,Feature Phone,PERSON-002312,iOS,2023-02-17,2023-02-17,true
DEVICE-011449,Tablet,PERSON-002313,iOS,2023-10-31,2023-10-31,true
DEVICE-011450,Tablet,PERSON-002314,Android,2023-06-04,2023-06-04,true
DEVICE-011451,Feature Phone,PERSON-002315,Android,2023-05-26,2023-05-26,true
DEVICE-011452,Feature Phone,PERSON-002316,Android,2023-11-11,2023-11-11,true
DEVICE-011453,Feature Phone,PERSON-002317,Android,2023-11-20,2023-11-20,true
DEVICE-011454,Tablet,PERSON-002318,iOS,2023-07-19,2023-07-19,true
DEVICE-011455,Feature Phone,PERSON-002319,Android,2023-09-24,2023-09-24,true
DEVICE-011456,Feature Phone,PERSON-002320,iOS,2023-04-01,2023-04-01,true
DEVICE-011457,Feature Phone,PERSON-002321,Android,2023-05-02,2023-05-02,true
DEVICE-011458,Tablet,PERSON-002322,iOS,2023-08-13,2023-08-13,true
DEVICE-011459,Feature Phone,PERSON-002323,iOS,2023-03-14,2023-03-14,true
DEVICE-011460,Tablet,PERSON-002324,iOS,2023-07-24,2023-07-24,true
DEVICE-011461,Tablet,PERSON-002325,Android,2023-12-21,2023-12-21,true
DEVICE-011462,Tablet,PERSON-002326,iOS,2023-03-07,2023-03-07,true
DEVICE-011463,Tablet,PERSON-002327,Android,2023-09-29,2023-09-29,true
DEVICE-011464,Feature Phone,PERSON-002328,iOS,2023-06-21,2023-06-21,true
DEVICE-011465,Smartphone,PERSON-002329,Android,2023-11-06,2023-11-06,true
DEVICE-011466,Tablet,PERSON-002330,iOS,2023-08-25,2023-08-25,true
DEVICE-011467,Smartphone,PERSON-002332,iOS,2023-09-05,2023-09-05,true
DEVICE-011468,Smartphone,PERSON-002333,iOS,2023-03-01,2023-03-01,true
DEVICE-011469,Tablet,PERSON-002334,Android,2023-11-23,2023-11-23,true
DEVICE-011470,Tablet,PERSON-002336,Android,2023-07-08,2023-07-08,true
DEVICE-011471,Feature Phone,PERSON-002337,iOS,2023-07-19,2023-07-19,true
DEVICE-011472,Tablet,PERSON-002338,Android,2023-10-19,2023-10-19,true
DEVICE-011473,Smartphone,PERSON-002339,iOS,2023-02-04,2023-02-04,true
DEVICE-011474,Tablet,PERSON-002340,Android,2023-10-08,2023-10-08,true
DEVICE-011475,Smartphone,PERSON-002341,Android,2023-05-05,2023-05-05,true
DEVICE-011476,Smartphone,PERSON-002342,iOS,2023-07-04,2023-07-04,true
DEVICE-011477,Smartphone,PERSON-002344,iOS,2023-09-13,2023-09-13,true
DEVICE-011478,Feature Phone,PERSON-002345,Android,2023-04-29,2023-04-29,true
DEVICE-011479,Tablet,PERSON-002346,iOS,2023-02-01,2023-02-01,true
DEVICE-011480,Feature Phone,PERSON-002347,iOS,2023-04-04,2023-04-04,true
DEVICE-011481,Feature Phone,PERSON-002348,iOS,2023-05-13,2023-05-13,true
DEVICE-011482,Tablet,PERSON-002349,iOS,2023-08-19,2023-08-19,true
DEVICE-011483,Feature Phone,PERSON-002350,iOS,2023-12-22,2023-12-22,true
DEVICE-011484,Smartphone,PERSON-002351,Android,2023-10-23,2023-10-23,true
DEVICE-011485,Feature Phone,PERSON-002352,iOS,2023-06-11,2023-06-11,true
DEVICE-011486,Feature Phone,PERSON-002353,iOS,2023-11-10,2023-11-10,true
DEVICE-011487,Smartphone,PERSON-002354,iOS,2023-12-10,2023-12-10,true
DEVICE-011488,Feature Phone,PERSON-002355,iOS,2023-07-16,2023-07-16,true
DEVICE-011489,Smartphone,PERSON-002356,iOS,2023-03-26,2023-03-26,true
DEVICE-011490,Smartphone,PERSON-002357,Android,2023-06-11,2023-06-11,true
DEVICE-011491,Smartphone,PERSON-002358,iOS,2023-09-11,2023-09-11,true
DEVICE-011492,Feature Phone,PERSON-002359,Android,2023-03-24,2023-03-24,true
DEVICE-011493,Tablet,PERSON-002360,iOS,2023-04-01,2023-04-01,true
DEVICE-011494,Tablet,PERSON-002361,Android,2023-07-17,2023-07-17,true
DEVICE-011495,Tablet,PERSON-002362,Android,2023-12-29,2023-12-29,true
DEVICE-011496,Tablet,PERSON-002363,Android,2023-05-24,2023-05-24,true
DEVICE-011497,Tablet,PERSON-002364,iOS,2023-09-20,2023-09-20,true
DEVICE-011498,Tablet,PERSON-002365,Android,2023-09-07,2023-09-07,true
DEVICE-011499,Feature Phone,PERSON-002366,iOS,2023-05-29,2023-05-29,true
DEVICE-011500,Smartphone,PERSON-002367,iOS,2023-03-07,2023-03-07,true
DEVICE-011501,Feature Phone,PERSON-002369,iOS,2023-08-29,2023-08-29,true
DEVICE-011502,Feature Phone,PERSON-002370,iOS,2023-03-27,2023-03-27,true
DEVICE-011503,Smartphone,PERSON-002372,Android,2023-05-24,2023-05-24,true
DEVICE-011504,Feature Phone,PERSON-002373,iOS,2023-01-20,2023-01-20,true
DEVICE-011505,Smartphone,PERSON-002374,Android,2023-12-11,2023-12-11,true
DEVICE-011506,Feature Phone,PERSON-002375,Android,2023-02-19,2023-02-19,true
DEVICE-011507,Tablet,PERSON-002376,iOS,2023-02-10,2023-02-10,true
DEVICE-011508,Smartphone,PERSON-002378,Android,2023-06-17,2023-06-17,true
DEVICE-011509,Smartphone,PERSON-002379,Android,2023-02-28,2023-02-28,true
DEVICE-011510,Feature Phone,PERSON-002380,iOS,2023-08-07,2023-08-07,true
DEVICE-011511,Tablet,PERSON-002381,Android,2023-07-14,2023-07-14,true
DEVICE-011512,Feature Phone,PERSON-002382,Android,2023-01-25,2023-01-25,true
DEVICE-011513,Feature Phone,PERSON-002383,iOS,2023-07-21,2023-07-21,true
DEVICE-011514,Feature Phone,PERSON-002384,iOS,2023-01-14,2023-01-14,true
DEVICE-011515,Feature Phone,PERSON-002385,iOS,2023-12-09,2023-12-09,true
DEVICE-011516,Smartphone,PERSON-002386,Android,2023-08-27,2023-08-27,true
DEVICE-011517,Tablet,PERSON-002387,Android,2023-10-29,2023-10-29,true
DEVICE-011518,Smartphone,PERSON-002389,iOS,2023-02-05,2023-02-05,true
DEVICE-011519,Smartphone,PERSON-002390,Android,2023-05-30,2023-05-30,true
DEVICE-011520,Tablet,PERSON-002391,iOS,2023-02-24,2023-02-24,true
DEVICE-011521,Tablet,PERSON-002392,iOS,2023-05-12,2023-05-12,true
DEVICE-011522,Tablet,PERSON-002394,iOS,2023-11-15,2023-11-15,true
DEVICE-011523,Tablet,PERSON-002395,Android,2023-06-03,2023-06-03,true
DEVICE-011524,Smartphone,PERSON-002396,iOS,2023-07-27,2023-07-27,true
DEVICE-011525,Tablet,PERSON-002398,iOS,2023-06-25,2023-06-25,true
DEVICE-011526,Tablet,PERSON-002399,Android,2023-05-11,2023-05-11,true
DEVICE-011527,Tablet,PERSON-002400,Android,2023-03-28,2023-03-28,true
DEVICE-011528,Feature Phone,PERSON-002401,iOS,2023-04-04,2023-04-04,true
DEVICE-011529,Feature Phone,PERSON-002402,iOS,2023-04-21,2023-04-21,true
DEVICE-011530,Tablet,PERSON-002403,Android,2023-11-11,2023-11-11,true
DEVICE-011531,Tablet,PERSON-002404,iOS,2023-08-08,2023-08-08,true
DEVICE-011532,Feature Phone,PERSON-002405,iOS,2023-03-11,2023-03-11,true
DEVICE-011533,Tablet,PERSON-002406,Android,2023-01-04,2023-01-04,true
DEVICE-011534,Tablet,PERSON-002407,iOS,2023-03-14,2023-03-14,true
DEVICE-011535,Tablet,PERSON-002409,iOS,2023-08-11,2023-08-11,true
DEVICE-011536,Smartphone,PERSON-002411,iOS,2023-04-14,2023-04-14,true
DEVICE-011537,Tablet,PERSON-002412,iOS,2023-01-08,2023-01-08,true
DEVICE-011538,Feature Phone,PERSON-002413,Android,2023-03-24,2023-03-24,true
DEVICE-011539,Tablet,PERSON-002414,iOS,2023-11-25,2023-11-25,true
DEVICE-011540,Smartphone,PERSON-002415,Android,2023-03-09,2023-03-09,true
DEVICE-011541,Smartphone,PERSON-002416,iOS,2023-05-26,2023-05-26,true
DEVICE-011542,Tablet,PERSON-002419,Android,2023-04-30,2023-04-30,true
DEVICE-011543,Feature Phone,PERSON-002420,iOS,2023-12-23,2023-12-23,true
DEVICE-011544,Tablet,PERSON-002421,Android,2023-09-01,2023-09-01,true
DEVICE-011545,Feature Phone,PERSON-002422,Android,2023-09-26,2023-09-26,true
DEVICE-011546,Tablet,PERSON-002423,Android,2023-07-28,2023-07-28,true
DEVICE-011547,Tablet,PERSON-002424,Android,2023-10-11,2023-10-11,true
DEVICE-011548,Smartphone,PERSON-002425,iOS,2023-02-18,2023-02-18,true
DEVICE-011549,Tablet,PERSON-002426,Android,2023-01-23,2023-01-23,true
DEVICE-011550,Smartphone,PERSON-002427,iOS,2023-02-21,2023-02-21,true
DEVICE-011551,Tablet,PERSON-002429,iOS,2023-05-31,2023-05-31,true
DEVICE-011552,Smartphone,PERSON-002430,iOS,2023-10-11,2023-10-11,true
DEVICE-011553,Smartphone,PERSON-002431,iOS,2023-08-13,2023-08-13,true
DEVICE-011554,Feature Phone,PERSON-002432,iOS,2023-02-28,2023-02-28,true
DEVICE-011555,Feature Phone,PERSON-002433,iOS,2023-10-29,2023-10-29,true
DEVICE-011556,Smartphone,PERSON-002434,Android,2023-10-08,2023-10-08,true
DEVICE-011557,Smartphone,PERSON-002435,Android,2023-04-11,2023-04-11,true
DEVICE-011558,Smartphone,PERSON-002436,Android,2023-05-01,2023-05-01,true
DEVICE-011559,Tablet,PERSON-002437,Android,2023-09-07,2023-09-07,true
DEVICE-011560,Smartphone,PERSON-002439,Android,2023-07-13,2023-07-13,true
DEVICE-011561,Smartphone,PERSON-002440,Android,2023-06-25,2023-06-25,true
DEVICE-011562,Feature Phone,PERSON-002441,Android,2023-12-23,2023-12-23,true
DEVICE-011563,Tablet,PERSON-002443,Android,2023-03-12,2023-03-12,true
DEVICE-011564,Feature Phone,PERSON-002445,Android,2023-06-07,2023-06-07,true
DEVICE-011565,Feature Phone,PERSON-002446,Android,2023-04-25,2023-04-25,true
DEVICE-011566,Tablet,PERSON-002447,Android,2023-05-28,2023-05-28,true
DEVICE-011567,Tablet,PERSON-002448,Android,2023-03-08,2023-03-08,true
DEVICE-011568,Smartphone,PERSON-002451,Android,2023-02-10,2023-02-10,true
DEVICE-011569,Smartphone,PERSON-002452,Android,2023-08-18,2023-08-18,true
DEVICE-011570,Feature Phone,PERSON-002455,Android,2023-05-03,2023-05-03,true
DEVICE-011571,Feature Phone,PERSON-002456,Android,2023-03-27,2023-03-27,true
DEVICE-011572,Tablet,PERSON-002458,iOS,2023-02-14,2023-02-14,true
DEVICE-011573,Smartphone,PERSON-002459,iOS,2023-10-29,2023-10-29,true
DEVICE-011574,Smartphone,PERSON-002460,Android,2023-09-18,2023-09-18,true
DEVICE-011575,Smartphone,PERSON-002461,Android,2023-12-19,2023-12-19,true
DEVICE-011576,Smartphone,PERSON-002462,Android,2023-01-31,2023-01-31,true
DEVICE-011577,Smartphone,PERSON-002463,iOS,2023-02-27,2023-02-27,true
DEVICE-011578,Feature Phone,PERSON-002464,Android,2023-09-20,2023-09-20,true
DEVICE-011579,Feature Phone,PERSON-002465,iOS,2023-10-13,2023-10-13,true
DEVICE-011580,Feature Phone,PERSON-002467,Android,2023-06-03,2023-06-03,true
DEVICE-011581,Tablet,PERSON-002468,Android,2023-05-21,2023-05-21,true
DEVICE-011582,Smartphone,PERSON-002469,Android,2023-01-02,2023-01-02,true
DEVICE-011583,Smartphone,PERSON-002470,Android,2023-11-26,2023-11-26,true
DEVICE-011584,Feature Phone,PERSON-002471,Android,2023-01-02,2023-01-02,true
DEVICE-011585,Feature Phone,PERSON-002472,iOS,2023-06-09,2023-06-09,true
DEVICE-011586,Tablet,PERSON-002473,Android,2023-10-17,2023-10-17,true
DEVICE-011587,Tablet,PERSON-002474,iOS,2023-08-01,2023-08-01,true
DEVICE-011588,Smartphone,PERSON-002475,iOS,2023-07-07,2023-07-07,true
DEVICE-011589,Feature Phone,PERSON-002476,Android,2023-04-17,2023-04-17,true
DEVICE-011590,Tablet,PERSON-002477,Android,2023-04-30,2023-04-30,true
DEVICE-011591,Smartphone,PERSON-002478,Android,2023-01-24,2023-01-24,true
DEVICE-011592,Smartphone,PERSON-002479,Android,2023-08-14,2023-08-14,true
DEVICE-011593,Tablet,PERSON-002480,Android,2023-09-16,2023-09-16,true
DEVICE-011594,Smartphone,PERSON-002482,iOS,2023-02-06,2023-02-06,true
DEVICE-011595,Tablet,PERSON-002483,Android,2023-12-03,2023-12-03,true
DEVICE-011596,Smartphone,PERSON-002484,Android,2023-11-15,2023-11-15,true
DEVICE-011597,Tablet,PERSON-002485,Android,2023-06-16,2023-06-16,true
DEVICE-011598,Tablet,PERSON-002486,Android,2023-10-05,2023-10-05,true
DEVICE-011599,Feature Phone,PERSON-002487,Android,2023-12-18,2023-12-18,true
DEVICE-011600,Tablet,PERSON-002488,iOS,2023-05-12,2023-05-12,true
DEVICE-011601,Tablet,PERSON-002489,iOS,2023-09-27,2023-09-27,true
DEVICE-011602,Feature Phone,PERSON-002490,iOS,2023-03-04,2023-03-04,true
DEVICE-011603,Feature Phone,PERSON-002491,Android,2023-08-27,2023-08-27,true
DEVICE-011604,Smartphone,PERSON-002492,Android,2023-05-13,2023-05-13,true
DEVICE-011605,Feature Phone,PERSON-002493,Android,2023-08-04,2023-08-04,true
DEVICE-011606,Smartphone,PERSON-002494,iOS,2023-09-15,2023-09-15,true
DEVICE-011607,Tablet,PERSON-002495,iOS,2023-04-09,2023-04-09,true
DEVICE-011608,Tablet,PERSON-002496,Android,2023-02-11,2023-02-11,true
DEVICE-011609,Tablet,PERSON-002497,iOS,2023-09-06,2023-09-06,true
DEVICE-011610,Smartphone,PERSON-002498,iOS,2023-01-11,2023-01-11,true
DEVICE-011611,Feature Phone,PERSON-002500,iOS,2023-04-17,2023-04-17,true
DEVICE-011612,Feature Phone,PERSON-002501,iOS,2023-08-27,2023-08-27,true
DEVICE-011613,Tablet,PERSON-002502,Android,2023-03-14,2023-03-14,true
DEVICE-011614,Smartphone,PERSON-002503,Android,2023-08-28,2023-08-28,true
DEVICE-011615,Smartphone,PERSON-002504,iOS,2023-12-20,2023-12-20,true
DEVICE-011616,Feature Phone,PERSON-002505,Android,2023-04-12,2023-04-12,true
DEVICE-011617,Tablet,PERSON-002506,iOS,2023-01-11,2023-01-11,true
DEVICE-011618,Tablet,PERSON-002508,iOS,2023-05-29,2023-05-29,true
DEVICE-011619,Tablet,PERSON-002509,iOS,2023-03-09,2023-03-09,true
DEVICE-011620,Smartphone,PERSON-002510,Android,2023-03-06,2023-03-06,true
DEVICE-011621,Smartphone,PERSON-002511,Android,2023-11-16,2023-11-16,true
DEVICE-011622,Feature Phone,PERSON-002512,Android,2023-09-29,2023-09-29,true
DEVICE-011623,Tablet,PERSON-002513,iOS,2023-04-29,2023-04-29,true
DEVICE-011624,Feature Phone,PERSON-002514,iOS,2023-02-03,2023-02-03,true
DEVICE-011625,Smartphone,PERSON-002515,iOS,2023-01-14,2023-01-14,true
DEVICE-011626,Smartphone,PERSON-002516,iOS,2023-04-26,2023-04-26,true
DEVICE-011627,Smartphone,PERSON-002518,iOS,2023-11-03,2023-11-03,true
DEVICE-011628,Tablet,PERSON-002519,Android,2023-05-25,2023-05-25,true
DEVICE-011629,Smartphone,PERSON-002520,iOS,2023-10-28,2023-10-28,true
DEVICE-011630,Tablet,PERSON-002521,iOS,2023-03-26,2023-03-26,true
DEVICE-011631,Tablet,PERSON-002522,Android,2023-01-06,2023-01-06,true
DEVICE-011632,Feature Phone,PERSON-002523,Android,2023-11-24,2023-11-24,true
DEVICE-011633,Tablet,PERSON-002524,iOS,2023-03-06,2023-03-06,true
DEVICE-011634,Feature Phone,PERSON-002525,Android,2023-03-02,2023-03-02,true
DEVICE-011635,Feature Phone,PERSON-002526,Android,2023-01-09,2023-01-09,true
DEVICE-011636,Feature Phone,PERSON-002527,iOS,2023-03-07,2023-03-07,true
DEVICE-011637,Tablet,PERSON-002528,iOS,2023-04-05,2023-04-05,true
DEVICE-011638,Tablet,PERSON-002529,Android,2023-02-12,2023-02-12,true
DEVICE-011639,Smartphone,PERSON-002530,iOS,2023-02-26,2023-02-26,true
DEVICE-011640,Tablet,PERSON-002531,iOS,2023-12-31,2023-12-31,true
DEVICE-011641,Smartphone,PERSON-002532,Android,2023-04-11,2023-04-11,true
DEVICE-011642,Feature Phone,PERSON-002533,Android,2023-02-05,2023-02-05,true
DEVICE-011643,Tablet,PERSON-002534,iOS,2023-04-18,2023-04-18,true
DEVICE-011644,Smartphone,PERSON-002535,Android,2023-02-13,2023-02-13,true
DEVICE-011645,Smartphone,PERSON-002536,Android,2023-08-08,2023-08-08,true
DEVICE-011646,Smartphone,PERSON-002537,iOS,2023-06-08,2023-06-08,true
DEVICE-011647,Smartphone,PERSON-002538,Android,2023-11-26,2023-11-26,true
DEVICE-011648,Tablet,PERSON-002539,Android,2023-11-20,2023-11-20,true
DEVICE-011649,Feature Phone,PERSON-002540,Android,2023-12-08,2023-12-08,true
DEVICE-011650,Tablet,PERSON-002541,Android,2023-10-13,2023-10-13,true
DEVICE-011651,Feature Phone,PERSON-002542,iOS,2023-07-11,2023-07-11,true
DEVICE-011652,Smartphone,PERSON-002543,Android,2023-11-07,2023-11-07,true
DEVICE-011653,Tablet,PERSON-002544,iOS,2023-03-02,2023-03-02,true
DEVICE-011654,Smartphone,PERSON-002545,Android,2023-02-13,2023-02-13,true
DEVICE-011655,Smartphone,PERSON-002546,iOS,2023-01-12,2023-01-12,true
DEVICE-011656,Smartphone,PERSON-002548,Android,2023-09-06,2023-09-06,true
DEVICE-011657,Feature Phone,PERSON-002549,Android,2023-04-04,2023-04-04,true
DEVICE-011658,Tablet,PERSON-002550,iOS,2023-06-29,2023-06-29,true
DEVICE-011659,Tablet,PERSON-002551,iOS,2023-12-29,2023-12-29,true
DEVICE-011660,Smartphone,PERSON-002552,iOS,2023-11-20,2023-11-20,true
DEVICE-011661,Feature Phone,PERSON-002553,iOS,2023-08-17,2023-08-17,true
DEVICE-011662,Smartphone,PERSON-002554,Android,2023-06-07,2023-06-07,true
DEVICE-011663,Tablet,PERSON-002555,iOS,2023-10-16,2023-10-16,true
DEVICE-011664,Feature Phone,PERSON-002556,iOS,2023-08-08,2023-08-08,true
DEVICE-011665,Tablet,PERSON-002557,iOS,2023-07-31,2023-07-31,true
DEVICE-011666,Tablet,PERSON-002559,Android,2023-02-11,2023-02-11,true
DEVICE-011667,Feature Phone,PERSON-002560,iOS,2023-10-22,2023-10-22,true
DEVICE-011668,Tablet,PERSON-002561,Android,2023-02-22,2023-02-22,true
DEVICE-011669,Feature Phone,PERSON-002562,Android,2023-02-04,2023-02-04,true
DEVICE-011670,Tablet,PERSON-002563,Android,2023-01-08,2023-01-08,true
DEVICE-011671,Smartphone,PERSON-002564,Android,2023-04-19,2023-04-19,true
DEVICE-011672,Feature Phone,PERSON-002565,Android,2023-12-15,2023-12-15,true
DEVICE-011673,Smartphone,PERSON-002566,iOS,2023-12-25,2023-12-25,true
DEVICE-011674,Feature Phone,PERSON-002567,iOS,2023-03-29,2023-03-29,true
DEVICE-011675,Tablet,PERSON-002568,iOS,2023-09-29,2023-09-29,true
DEVICE-011676,Tablet,PERSON-002569,Android,2023-05-07,2023-05-07,true
DEVICE-011677,Feature Phone,PERSON-002570,Android,2023-07-17,2023-07-17,true
DEVICE-011678,Tablet,PERSON-002571,iOS,2023-08-20,2023-08-20,true
DEVICE-011679,Tablet,PERSON-002572,iOS,2023-07-08,2023-07-08,true
DEVICE-011680,Tablet,PERSON-002573,Android,2023-11-24,2023-11-24,true
DEVICE-011681,Feature Phone,PERSON-002575,Android,2023-09-23,2023-09-23,true
DEVICE-011682,Feature Phone,PERSON-002577,Android,2023-08-11,2023-08-11,true
DEVICE-011683,Feature Phone,PERSON-002578,Android,2023-12-11,2023-12-11,true
DEVICE-011684,Smartphone,PERSON-002579,Android,2023-03-20,2023-03-20,true
DEVICE-011685,Smartphone,PERSON-002580,Android,2023-09-23,2023-09-23,true
DEVICE-011686,Tablet,PERSON-002581,iOS,2023-12-31,2023-12-31,true
DEVICE-011687,Smartphone,PERSON-002582,Android,2023-09-30,2023-09-30,true
DEVICE-011688,Smartphone,PERSON-002583,Android,2023-05-09,2023-05-09,true
DEVICE-011689,Smartphone,PERSON-002584,iOS,2023-07-07,2023-07-07,true
DEVICE-011690,Smartphone,PERSON-002585,Android,2023-08-21,2023-08-21,true
DEVICE-011691,Tablet,PERSON-002586,Android,2023-07-10,2023-07-10,true
DEVICE-011692,Tablet,PERSON-002587,iOS,2023-01-05,2023-01-05,true
DEVICE-011693,Feature Phone,PERSON-002588,Android,2023-09-28,2023-09-28,true
DEVICE-011694,Feature Phone,PERSON-002589,iOS,2023-12-25,2023-12-25,true
DEVICE-011695,Tablet,PERSON-002590,Android,2023-10-28,2023-10-28,true
DEVICE-011696,Tablet,PERSON-002591,iOS,2023-07-14,2023-07-14,true
DEVICE-011697,Feature Phone,PERSON-002592,iOS,2023-07-24,2023-07-24,true
DEVICE-011698,Feature Phone,PERSON-002593,Android,2023-01-26,2023-01-26,true
DEVICE-011699,Tablet,PERSON-002594,iOS,2023-03-01,2023-03-01,true
DEVICE-011700,Feature Phone,PERSON-002595,Android,2023-01-24,2023-01-24,true
DEVICE-011701,Tablet,PERSON-002596,Android,2023-11-13,2023-11-13,true
DEVICE-011702,Smartphone,PERSON-002597,iOS,2023-12-28,2023-12-28,true
DEVICE-011703,Smartphone,PERSON-002598,Android,2023-07-11,2023-07-11,true
DEVICE-011704,Smartphone,PERSON-002599,iOS,2023-12-12,2023-12-12,true
DEVICE-011705,Tablet,PERSON-002600,Android,2023-08-23,2023-08-23,true
DEVICE-011706,Feature Phone,PERSON-002601,Android,2023-01-20,2023-01-20,true
DEVICE-011707,Smartphone,PERSON-002602,iOS,2023-03-12,2023-03-12,true
DEVICE-011708,Smartphone,PERSON-002603,Android,2023-10-31,2023-10-31,true
DEVICE-011709,Smartphone,PERSON-002604,Android,2023-01-30,2023-01-30,true
DEVICE-011710,Tablet,PERSON-002605,Android,2023-12-05,2023-12-05,true
DEVICE-011711,Tablet,PERSON-002606,Android,2023-03-05,2023-03-05,true
DEVICE-011712,Smartphone,PERSON-002607,iOS,2023-10-07,2023-10-07,true
DEVICE-011713,Smartphone,PERSON-002608,Android,2023-10-21,2023-10-21,true
DEVICE-011714,Tablet,PERSON-002610,iOS,2023-08-08,2023-08-08,true
DEVICE-011715,Feature Phone,PERSON-002611,Android,2023-06-25,2023-06-25,true
DEVICE-011716,Tablet,PERSON-002612,Android,2023-08-16,2023-08-16,true
DEVICE-011717,Smartphone,PERSON-002613,iOS,2023-05-02,2023-05-02,true
DEVICE-011718,Feature Phone,PERSON-002614,Android,2023-12-25,2023-12-25,true
DEVICE-011719,Tablet,PERSON-002615,iOS,2023-06-18,2023-06-18,true
DEVICE-011720,Feature Phone,PERSON-002616,iOS,2023-06-09,2023-06-09,true
DEVICE-011721,Smartphone,PERSON-002617,iOS,2023-09-01,2023-09-01,true
DEVICE-011722,Tablet,PERSON-002619,Android,2023-12-27,2023-12-27,true
DEVICE-011723,Smartphone,PERSON-002620,iOS,2023-05-20,2023-05-20,true
DEVICE-011724,Tablet,PERSON-002621,Android,2023-02-01,2023-02-01,true
DEVICE-011725,Feature Phone,PERSON-002622,Android,2023-11-16,2023-11-16,true
DEVICE-011726,Feature Phone,PERSON-002623,Android,2023-04-11,2023-04-11,true
DEVICE-011727,Smartphone,PERSON-002624,Android,2023-11-15,2023-11-15,true
DEVICE-011728,Feature Phone,PERSON-002625,iOS,2023-07-21,2023-07-21,true
DEVICE-011729,Feature Phone,PERSON-002626,Android,2023-11-20,2023-11-20,true
DEVICE-011730,Feature Phone,PERSON-002627,Android,2023-06-27,2023-06-27,true
DEVICE-011731,Smartphone,PERSON-002628,Android,2023-05-25,2023-05-25,true
DEVICE-011732,Tablet,PERSON-002629,iOS,2023-11-19,2023-11-19,true
DEVICE-011733,Tablet,PERSON-002630,iOS,2023-03-28,2023-03-28,true
DEVICE-011734,Tablet,PERSON-002631,Android,2023-09-15,2023-09-15,true
DEVICE-011735,Smartphone,PERSON-002632,iOS,2023-04-23,2023-04-23,true
DEVICE-011736,Feature Phone,PERSON-002634,Android,2023-04-28,2023-04-28,true
DEVICE-011737,Smartphone,PERSON-002635,iOS,2023-12-23,2023-12-23,true
DEVICE-011738,Tablet,PERSON-002636,Android,2023-05-12,2023-05-12,true
DEVICE-011739,Tablet,PERSON-002637,Android,2023-11-19,2023-11-19,true
DEVICE-011740,Feature Phone,PERSON-002638,iOS,2023-11-03,2023-11-03,true
DEVICE-011741,Tablet,PERSON-002640,Android,2023-06-02,2023-06-02,true
DEVICE-011742,Feature Phone,PERSON-002641,Android,2023-06-24,2023-06-24,true
DEVICE-011743,Tablet,PERSON-002642,Android,2023-09-28,2023-09-28,true
DEVICE-011744,Feature Phone,PERSON-002643,Android,2023-11-30,2023-11-30,true
DEVICE-011745,Feature Phone,PERSON-002644,Android,2023-02-09,2023-02-09,true
DEVICE-011746,Feature Phone,PERSON-002645,iOS,2023-04-03,2023-04-03,true
DEVICE-011747,Tablet,PERSON-002647,iOS,2023-06-01,2023-06-01,true
DEVICE-011748,Feature Phone,PERSON-002648,iOS,2023-06-15,2023-06-15,true
DEVICE-011749,Feature Phone,PERSON-002649,iOS,2023-07-26,2023-07-26,true
DEVICE-011750,Smartphone,PERSON-002650,iOS,2023-08-06,2023-08-06,true
DEVICE-011751,Tablet,PERSON-002651,iOS,2023-06-09,2023-06-09,true
DEVICE-011752,Tablet,PERSON-002652,iOS,2023-06-07,2023-06-07,true
DEVICE-011753,Feature Phone,PERSON-002655,iOS,2023-01-01,2023-01-01,true
DEVICE-011754,Smartphone,PERSON-002656,iOS,2023-01-06,2023-01-06,true
DEVICE-011755,Smartphone,PERSON-002657,iOS,2023-08-03,2023-08-03,true
DEVICE-011756,Tablet,PERSON-002658,Android,2023-02-13,2023-02-13,true
DEVICE-011757,Feature Phone,PERSON-002659,Android,2023-12-29,2023-12-29,true
DEVICE-011758,Tablet,PERSON-002661,Android,2023-11-21,2023-11-21,true
DEVICE-011759,Smartphone,PERSON-002662,Android,2023-04-16,2023-04-16,true
DEVICE-011760,Smartphone,PERSON-002663,Android,2023-04-25,2023-04-25,true
DEVICE-011761,Tablet,PERSON-002664,iOS,2023-03-21,2023-03-21,true
DEVICE-011762,Tablet,PERSON-002665,iOS,2023-02-01,2023-02-01,true
DEVICE-011763,Smartphone,PERSON-002666,Android,2023-06-21,2023-06-21,true
DEVICE-011764,Tablet,PERSON-002667,Android,2023-03-10,2023-03-10,true
DEVICE-011765,Tablet,PERSON-002668,iOS,2023-03-31,2023-03-31,true
DEVICE-011766,Smartphone,PERSON-002669,iOS,2023-04-30,2023-04-30,true
DEVICE-011767,Smartphone,PERSON-002670,iOS,2023-04-13,2023-04-13,true
DEVICE-011768,Smartphone,PERSON-002671,Android,2023-07-19,2023-07-19,true
DEVICE-011769,Tablet,PERSON-002672,iOS,2023-12-28,2023-12-28,true
DEVICE-011770,Tablet,PERSON-002673,Android,2023-10-05,2023-10-05,true
DEVICE-011771,Tablet,PERSON-002674,iOS,2023-01-27,2023-01-27,true
DEVICE-011772,Smartphone,PERSON-002676,iOS,2023-03-10,2023-03-10,true
DEVICE-011773,Tablet,PERSON-002677,iOS,2023-08-17,2023-08-17,true
DEVICE-011774,Smartphone,PERSON-002678,iOS,2023-11-28,2023-11-28,true
DEVICE-011775,Tablet,PERSON-002679,iOS,2023-12-04,2023-12-04,true
DEVICE-011776,Smartphone,PERSON-002680,iOS,2023-03-18,2023-03-18,true
DEVICE-011777,Smartphone,PERSON-002681,Android,2023-07-11,2023-07-11,true
DEVICE-011778,Smartphone,PERSON-002682,iOS,2023-03-21,2023-03-21,true
DEVICE-011779,Tablet,PERSON-002683,iOS,2023-07-03,2023-07-03,true
DEVICE-011780,Smartphone,PERSON-002685,Android,2023-02-18,2023-02-18,true
DEVICE-011781,Tablet,PERSON-002686,Android,2023-12-13,2023-12-13,true
DEVICE-011782,Smartphone,PERSON-002687,iOS,2023-12-28,2023-12-28,true
DEVICE-011783,Feature Phone,PERSON-002688,Android,2023-11-29,2023-11-29,true
DEVICE-011784,Tablet,PERSON-002690,iOS,2023-05-17,2023-05-17,true
DEVICE-011785,Tablet,PERSON-002691,Android,2023-07-01,2023-07-01,true
DEVICE-011786,Smartphone,PERSON-002692,iOS,2023-02-27,2023-02-27,true
DEVICE-011787,Smartphone,PERSON-002693,Android,2023-05-31,2023-05-31,true
DEVICE-011788,Smartphone,PERSON-002694,Android,2023-07-02,2023-07-02,true
DEVICE-011789,Smartphone,PERSON-002695,Android,2023-06-27,2023-06-27,true
DEVICE-011790,Smartphone,PERSON-002696,Android,2023-08-20,2023-08-20,true
DEVICE-011791,Feature Phone,PERSON-002697,iOS,2023-09-05,2023-09-05,true
DEVICE-011792,Smartphone,PERSON-002698,iOS,2023-10-08,2023-10-08,true
DEVICE-011793,Feature Phone,PERSON-002699,Android,2023-01-14,2023-01-14,true
DEVICE-011794,Feature Phone,PERSON-002700,Android,2023-01-23,2023-01-23,true
DEVICE-011795,Feature Phone,PERSON-002701,Android,2023-07-10,2023-07-10,true
DEVICE-011796,Feature Phone,PERSON-002702,Android,2023-09-24,2023-09-24,true
DEVICE-011797,Feature Phone,PERSON-002705,iOS,2023-04-05,2023-04-05,true
DEVICE-011798,Feature Phone,PERSON-002706,iOS,2023-09-24,2023-09-24,true
DEVICE-011799,Tablet,PERSON-002707,iOS,2023-05-24,2023-05-24,true
DEVICE-011800,Feature Phone,PERSON-002708,iOS,2023-06-19,2023-06-19,true
DEVICE-011801,Feature Phone,PERSON-002709,Android,2023-03-29,2023-03-29,true
DEVICE-011802,Smartphone,PERSON-002710,iOS,2023-11-08,2023-11-08,true
DEVICE-011803,Smartphone,PERSON-002711,Android,2023-02-12,2023-02-12,true
DEVICE-011804,Feature Phone,PERSON-002712,Android,2023-12-20,2023-12-20,true
DEVICE-011805,Tablet,PERSON-002714,iOS,2023-12-03,2023-12-03,true
DEVICE-011806,Tablet,PERSON-002716,Android,2023-06-04,2023-06-04,true
DEVICE-011807,Smartphone,PERSON-002717,iOS,2023-03-01,2023-03-01,true
DEVICE-011808,Feature Phone,PERSON-002718,Android,2023-04-26,2023-04-26,true
DEVICE-011809,Smartphone,PERSON-002719,Android,2023-05-27,2023-05-27,true
DEVICE-011810,Tablet,PERSON-002720,Android,2023-03-10,2023-03-10,true
DEVICE-011811,Smartphone,PERSON-002721,Android,2023-04-29,2023-04-29,true
DEVICE-011812,Tablet,PERSON-002722,iOS,2023-03-29,2023-03-29,true
DEVICE-011813,Feature Phone,PERSON-002723,iOS,2023-09-18,2023-09-18,true
DEVICE-011814,Feature Phone,PERSON-002724,Android,2023-07-05,2023-07-05,true
DEVICE-011815,Tablet,PERSON-002726,iOS,2023-09-11,2023-09-11,true
DEVICE-011816,Smartphone,PERSON-002727,iOS,2023-07-19,2023-07-19,true
DEVICE-011817,Feature Phone,PERSON-002729,Android,2023-01-22,2023-01-22,true
DEVICE-011818,Tablet,PERSON-002730,iOS,2023-11-25,2023-11-25,true
DEVICE-011819,Tablet,PERSON-002731,Android,2023-03-07,2023-03-07,true
DEVICE-011820,Feature Phone,PERSON-002732,iOS,2023-01-10,2023-01-10,true
DEVICE-011821,Smartphone,PERSON-002733,iOS,2023-12-25,2023-12-25,true
DEVICE-011822,Tablet,PERSON-002734,iOS,2023-03-07,2023-03-07,true
DEVICE-011823,Smartphone,PERSON-002736,Android,2023-10-20,2023-10-20,true
DEVICE-011824,Feature Phone,PERSON-002738,Android,2023-01-18,2023-01-18,true
DEVICE-011825,Smartphone,PERSON-002741,iOS,2023-04-18,2023-04-18,true
DEVICE-011826,Smartphone,PERSON-002742,Android,2023-08-03,2023-08-03,true
DEVICE-011827,Smartphone,PERSON-002743,iOS,2023-02-08,2023-02-08,true
DEVICE-011828,Smartphone,PERSON-002744,Android,2023-06-01,2023-06-01,true
DEVICE-011829,Smartphone,PERSON-002746,Android,2023-11-30,2023-11-30,true
DEVICE-011830,Smartphone,PERSON-002747,iOS,2023-06-06,2023-06-06,true
DEVICE-011831,Feature Phone,PERSON-002749,Android,2023-11-17,2023-11-17,true
DEVICE-011832,Tablet,PERSON-002751,iOS,2023-11-20,2023-11-20,true
DEVICE-011833,Tablet,PERSON-002752,iOS,2023-12-26,2023-12-26,true
DEVICE-011834,Tablet,PERSON-002753,iOS,2023-02-15,2023-02-15,true
DEVICE-011835,Smartphone,PERSON-002754,Android,2023-03-10,2023-03-10,true
DEVICE-011836,Tablet,PERSON-002755,iOS,2023-04-14,2023-04-14,true
DEVICE-011837,Tablet,PERSON-002756,Android,2023-12-15,2023-12-15,true
DEVICE-011838,Smartphone,PERSON-002760,iOS,2023-12-05,2023-12-05,true
DEVICE-011839,Tablet,PERSON-002761,Android,2023-11-05,2023-11-05,true
DEVICE-011840,Smartphone,PERSON-002762,iOS,2023-07-05,2023-07-05,true
DEVICE-011841,Feature Phone,PERSON-002763,Android,2023-02-11,2023-02-11,true
DEVICE-011842,Feature Phone,PERSON-002765,iOS,2023-11-07,2023-11-07,true
DEVICE-011843,Tablet,PERSON-002766,Android,2023-10-21,2023-10-21,true
DEVICE-011844,Feature Phone,PERSON-002767,iOS,2023-10-26,2023-10-26,true
DEVICE-011845,Tablet,PERSON-002768,Android,2023-10-01,2023-10-01,true
DEVICE-011846,Feature Phone,PERSON-002769,Android,2023-03-02,2023-03-02,true
DEVICE-011847,Feature Phone,PERSON-002772,Android,2023-06-12,2023-06-12,true
DEVICE-011848,Smartphone,PERSON-002773,iOS,2023-03-12,2023-03-12,true
DEVICE-011849,Smartphone,PERSON-002774,iOS,2023-11-25,2023-11-25,true
DEVICE-011850,Smartphone,PERSON-002775,Android,2023-02-22,2023-02-22,true
DEVICE-011851,Smartphone,PERSON-002776,Android,2023-06-03,2023-06-03,true
DEVICE-011852,Tablet,PERSON-002777,iOS,2023-07-24,2023-07-24,true
DEVICE-011853,Smartphone,PERSON-002778,iOS,2023-07-25,2023-07-25,true
DEVICE-011854,Feature Phone,PERSON-002779,Android,2023-10-08,2023-10-08,true
DEVICE-011855,Tablet,PERSON-002780,Android,2023-01-28,2023-01-28,true
DEVICE-011856,Smartphone,PERSON-002781,iOS,2023-09-09,2023-09-09,true
DEVICE-011857,Smartphone,PERSON-002782,Android,2023-01-16,2023-01-16,true
DEVICE-011858,Smartphone,PERSON-002783,iOS,2023-11-21,2023-11-21,true
DEVICE-011859,Smartphone,PERSON-002784,iOS,2023-03-10,2023-03-10,true
DEVICE-011860,Tablet,PERSON-002785,Android,2023-10-22,2023-10-22,true
DEVICE-011861,Tablet,PERSON-002786,iOS,2023-07-24,2023-07-24,true
DEVICE-011862,Tablet,PERSON-002787,iOS,2023-05-06,2023-05-06,true
DEVICE-011863,Tablet,PERSON-002789,Android,2023-04-12,2023-04-12,true
DEVICE-011864,Smartphone,PERSON-002790,iOS,2023-03-26,2023-03-26,true
DEVICE-011865,Feature Phone,PERSON-002791,Android,2023-03-31,2023-03-31,true
DEVICE-011866,Smartphone,PERSON-002792,Android,2023-09-06,2023-09-06,true
DEVICE-011867,Feature Phone,PERSON-002793,iOS,2023-06-13,2023-06-13,true
DEVICE-011868,Tablet,PERSON-002794,Android,2023-12-24,2023-12-24,true
DEVICE-011869,Feature Phone,PERSON-002795,Android,2023-01-11,2023-01-11,true
DEVICE-011870,Smartphone,PERSON-002796,Android,2023-05-14,2023-05-14,true
DEVICE-011871,Tablet,PERSON-002797,iOS,2023-04-10,2023-04-10,true
DEVICE-011872,Tablet,PERSON-002798,Android,2023-05-11,2023-05-11,true
DEVICE-011873,Feature Phone,PERSON-002799,iOS,2023-07-04,2023-07-04,true
DEVICE-011874,Feature Phone,PERSON-002800,Android,2023-07-02,2023-07-02,true
DEVICE-011875,Feature Phone,PERSON-002801,Android,2023-08-28,2023-08-28,true
DEVICE-011876,Smartphone,PERSON-002802,iOS,2023-11-17,2023-11-17,true
DEVICE-011877,Smartphone,PERSON-002804,Android,2023-05-04,2023-05-04,true
DEVICE-011878,Smartphone,PERSON-002805,Android,2023-03-23,2023-03-23,true
DEVICE-011879,Smartphone,PERSON-002806,iOS,2023-06-29,2023-06-29,true
DEVICE-011880,Tablet,PERSON-002807,Android,2023-06-14,2023-06-14,true
DEVICE-011881,Feature Phone,PERSON-002808,Android,2023-02-04,2023-02-04,true
DEVICE-011882,Feature Phone,PERSON-002809,iOS,2023-11-19,2023-11-19,true
DEVICE-011883,Smartphone,PERSON-002810,iOS,2023-07-13,2023-07-13,true
DEVICE-011884,Tablet,PERSON-002811,Android,2023-07-10,2023-07-10,true
DEVICE-011885,Smartphone,PERSON-002812,Android,2023-01-26,2023-01-26,true
DEVICE-011886,Feature Phone,PERSON-002813,iOS,2023-12-06,2023-12-06,true
DEVICE-011887,Feature Phone,PERSON-002814,iOS,2023-04-01,2023-04-01,true
DEVICE-011888,Smartphone,PERSON-002815,Android,2023-11-25,2023-11-25,true
DEVICE-011889,Tablet,PERSON-002816,iOS,2023-01-10,2023-01-10,true
DEVICE-011890,Feature Phone,PERSON-002817,Android,2023-07-30,2023-07-30,true
DEVICE-011891,Tablet,PERSON-002818,iOS,2023-10-02,2023-10-02,true
DEVICE-011892,Tablet,PERSON-002819,Android,2023-11-04,2023-11-04,true
DEVICE-011893,Tablet,PERSON-002820,Android,2023-02-05,2023-02-05,true
DEVICE-011894,Smartphone,PERSON-002822,Android,2023-09-10,2023-09-10,true
DEVICE-011895,Feature Phone,PERSON-002823,iOS,2023-07-18,2023-07-18,true
DEVICE-011896,Smartphone,PERSON-002824,Android,2023-03-07,2023-03-07,true
DEVICE-011897,Tablet,PERSON-002825,Android,2023-05-27,2023-05-27,true
DEVICE-011898,Feature Phone,PERSON-002827,Android,2023-04-21,2023-04-21,true
DEVICE-011899,Feature Phone,PERSON-002828,iOS,2023-04-08,2023-04-08,true
DEVICE-011900,Smartphone,PERSON-002830,iOS,2023-11-12,2023-11-12,true
DEVICE-011901,Smartphone,PERSON-002831,iOS,2023-06-06,2023-06-06,true
DEVICE-011902,Tablet,PERSON-002832,iOS,2023-06-16,2023-06-16,true
DEVICE-011903,Smartphone,PERSON-002833,Android,2023-02-10,2023-02-10,true
DEVICE-011904,Feature Phone,PERSON-002834,iOS,2023-01-23,2023-01-23,true
DEVICE-011905,Feature Phone,PERSON-002836,Android,2023-04-09,2023-04-09,true
DEVICE-011906,Smartphone,PERSON-002837,Android,2023-01-13,2023-01-13,true
DEVICE-011907,Tablet,PERSON-002838,iOS,2023-07-26,2023-07-26,true
DEVICE-011908,Tablet,PERSON-002840,Android,2023-12-23,2023-12-23,true
DEVICE-011909,Feature Phone,PERSON-002841,iOS,2023-04-17,2023-04-17,true
DEVICE-011910,Smartphone,PERSON-002842,iOS,2023-02-28,2023-02-28,true
DEVICE-011911,Feature Phone,PERSON-002843,iOS,2023-06-07,2023-06-07,true
DEVICE-011912,Smartphone,PERSON-002844,Android,2023-10-21,2023-10-21,true
DEVICE-011913,Smartphone,PERSON-002848,Android,2023-09-30,2023-09-30,true
DEVICE-011914,Smartphone,PERSON-002849,Android,2023-08-02,2023-08-02,true
DEVICE-011915,Smartphone,PERSON-002850,Android,2023-01-16,2023-01-16,true
DEVICE-011916,Tablet,PERSON-002851,iOS,2023-08-26,2023-08-26,true
DEVICE-011917,Smartphone,PERSON-002852,iOS,2023-09-20,2023-09-20,true
DEVICE-011918,Smartphone,PERSON-002853,iOS,2023-06-29,2023-06-29,true
DEVICE-011919,Smartphone,PERSON-002854,Android,2023-08-13,2023-08-13,true
DEVICE-011920,Tablet,PERSON-002855,iOS,2023-05-15,2023-05-15,true
DEVICE-011921,Tablet,PERSON-002856,iOS,2023-04-08,2023-04-08,true
DEVICE-011922,Smartphone,PERSON-002857,Android,2023-03-11,2023-03-11,true
DEVICE-011923,Smartphone,PERSON-002858,iOS,2023-01-20,2023-01-20,true
DEVICE-011924,Smartphone,PERSON-002859,iOS,2023-04-20,2023-04-20,true
DEVICE-011925,Tablet,PERSON-002860,iOS,2023-03-06,2023-03-06,true
DEVICE-011926,Smartphone,PERSON-002861,iOS,2023-05-19,2023-05-19,true
DEVICE-011927,Tablet,PERSON-002862,iOS,2023-12-21,2023-12-21,true
DEVICE-011928,Feature Phone,PERSON-002863,iOS,2023-01-24,2023-01-24,true
DEVICE-011929,Feature Phone,PERSON-002864,Android,2023-06-24,2023-06-24,true
DEVICE-011930,Tablet,PERSON-002865,iOS,2023-12-24,2023-12-24,true
DEVICE-011931,Tablet,PERSON-002866,Android,2023-05-25,2023-05-25,true
DEVICE-011932,Feature Phone,PERSON-002867,iOS,2023-09-20,2023-09-20,true
DEVICE-011933,Feature Phone,PERSON-002868,Android,2023-12-04,2023-12-04,true
DEVICE-011934,Smartphone,PERSON-002869,iOS,2023-07-04,2023-07-04,true
DEVICE-011935,Feature Phone,PERSON-002870,Android,2023-10-01,2023-10-01,true
DEVICE-011936,Smartphone,PERSON-002871,iOS,2023-05-11,2023-05-11,true
DEVICE-011937,Smartphone,PERSON-002874,iOS,2023-12-22,2023-12-22,true
DEVICE-011938,Tablet,PERSON-002875,Android,2023-09-12,2023-09-12,true
DEVICE-011939,Tablet,PERSON-002876,Android,2023-03-06,2023-03-06,true
DEVICE-011940,Tablet,PERSON-002877,Android,2023-07-04,2023-07-04,true
DEVICE-011941,Smartphone,PERSON-002878,iOS,2023-09-14,2023-09-14,true
DEVICE-011942,Tablet,PERSON-002880,Android,2023-10-12,2023-10-12,true
DEVICE-011943,Tablet,PERSON-002881,iOS,2023-02-14,2023-02-14,true
DEVICE-011944,Smartphone,PERSON-002882,Android,2023-10-16,2023-10-16,true
DEVICE-011945,Smartphone,PERSON-002883,Android,2023-05-26,2023-05-26,true
DEVICE-011946,Tablet,PERSON-002884,Android,2023-03-31,2023-03-31,true
DEVICE-011947,Tablet,PERSON-002885,Android,2023-04-19,2023-04-19,true
DEVICE-011948,Tablet,PERSON-002886,Android,2023-12-07,2023-12-07,true
DEVICE-011949,Tablet,PERSON-002888,Android,2023-03-25,2023-03-25,true
DEVICE-011950,Feature Phone,PERSON-002889,iOS,2023-11-07,2023-11-07,true
DEVICE-011951,Feature Phone,PERSON-002890,iOS,2023-10-04,2023-10-04,true
DEVICE-011952,Smartphone,PERSON-002891,Android,2023-06-02,2023-06-02,true
DEVICE-011953,Feature Phone,PERSON-002892,Android,2023-08-31,2023-08-31,true
DEVICE-011954,Feature Phone,PERSON-002893,Android,2023-11-08,2023-11-08,true
DEVICE-011955,Smartphone,PERSON-002894,Android,2023-12-07,2023-12-07,true
DEVICE-011956,Tablet,PERSON-002895,Android,2023-07-31,2023-07-31,true
DEVICE-011957,Feature Phone,PERSON-002897,Android,2023-04-23,2023-04-23,true
DEVICE-011958,Smartphone,PERSON-002898,iOS,2023-09-04,2023-09-04,true
DEVICE-011959,Tablet,PERSON-002899,iOS,2023-11-02,2023-11-02,true
DEVICE-011960,Feature Phone,PERSON-002902,iOS,2023-05-01,2023-05-01,true
DEVICE-011961,Tablet,PERSON-002903,Android,2023-03-05,2023-03-05,true
DEVICE-011962,Tablet,PERSON-002904,iOS,2023-05-29,2023-05-29,true
DEVICE-011963,Smartphone,PERSON-002905,Android,2023-06-19,2023-06-19,true
DEVICE-011964,Feature Phone,PERSON-002906,iOS,2023-12-18,2023-12-18,true
DEVICE-011965,Feature Phone,PERSON-002907,iOS,2023-10-17,2023-10-17,true
DEVICE-011966,Tablet,PERSON-002908,Android,2023-03-15,2023-03-15,true
DEVICE-011967,Tablet,PERSON-002909,Android,2023-10-28,2023-10-28,true
DEVICE-011968,Smartphone,PERSON-002910,iOS,2023-10-19,2023-10-19,true
DEVICE-011969,Tablet,PERSON-002911,Android,2023-04-14,2023-04-14,true
DEVICE-011970,Smartphone,PERSON-002912,iOS,2023-04-12,2023-04-12,true
DEVICE-011971,Feature Phone,PERSON-002913,iOS,2023-02-09,2023-02-09,true
DEVICE-011972,Feature Phone,PERSON-002914,Android,2023-03-29,2023-03-29,true
DEVICE-011973,Feature Phone,PERSON-002916,iOS,2023-12-10,2023-12-10,true
DEVICE-011974,Tablet,PERSON-002917,iOS,2023-07-11,2023-07-11,true
DEVICE-011975,Feature Phone,PERSON-002918,Android,2023-04-25,2023-04-25,true
DEVICE-011976,Tablet,PERSON-002919,iOS,2023-10-08,2023-10-08,true
DEVICE-011977,Smartphone,PERSON-002921,iOS,2023-01-08,2023-01-08,true
DEVICE-011978,Smartphone,PERSON-002923,iOS,2023-03-15,2023-03-15,true
DEVICE-011979,Feature Phone,PERSON-002924,iOS,2023-07-09,2023-07-09,true
DEVICE-011980,Feature Phone,PERSON-002925,Android,2023-01-17,2023-01-17,true
DEVICE-011981,Feature Phone,PERSON-002926,Android,2023-10-19,2023-10-19,true
DEVICE-011982,Feature Phone,PERSON-002927,Android,2023-03-10,2023-03-10,true
DEVICE-011983,Smartphone,PERSON-002928,Android,2023-07-09,2023-07-09,true
DEVICE-011984,Smartphone,PERSON-002929,iOS,2023-05-28,2023-05-28,true
DEVICE-011985,Tablet,PERSON-002931,iOS,2023-01-19,2023-01-19,true
DEVICE-011986,Smartphone,PERSON-002932,Android,2023-10-28,2023-10-28,true
DEVICE-011987,Smartphone,PERSON-002933,iOS,2023-04-23,2023-04-23,true
DEVICE-011988,Feature Phone,PERSON-002934,iOS,2023-10-30,2023-10-30,true
DEVICE-011989,Smartphone,PERSON-002935,Android,2023-08-20,2023-08-20,true
DEVICE-011990,Feature Phone,PERSON-002936,Android,2023-10-28,2023-10-28,true
DEVICE-011991,Smartphone,PERSON-002939,Android,2023-07-08,2023-07-08,true
DEVICE-011992,Feature Phone,PERSON-002940,iOS,2023-12-16,2023-12-16,true
DEVICE-011993,Feature Phone,PERSON-002941,iOS,2023-09-15,2023-09-15,true
DEVICE-011994,Feature Phone,PERSON-002942,Android,2023-10-06,2023-10-06,true
DEVICE-011995,Tablet,PERSON-002943,iOS,2023-10-04,2023-10-04,true
DEVICE-011996,Smartphone,PERSON-002945,Android,2023-04-25,2023-04-25,true
DEVICE-011997,Smartphone,PERSON-002946,iOS,2023-07-15,2023-07-15,true
DEVICE-011998,Feature Phone,PERSON-002949,Android,2023-08-04,2023-08-04,true
DEVICE-011999,Smartphone,PERSON-002950,Android,2023-06-25,2023-06-25,true
DEVICE-012000,Tablet,PERSON-002951,iOS,2023-10-06,2023-10-06,true
DEVICE-012001,Feature Phone,PERSON-002952,Android,2023-12-14,2023-12-14,true
DEVICE-012002,Tablet,PERSON-002953,iOS,2023-07-21,2023-07-21,true
DEVICE-012003,Tablet,PERSON-002955,iOS,2023-12-10,2023-12-10,true
DEVICE-012004,Tablet,PERSON-002956,iOS,2023-10-24,2023-10-24,true
DEVICE-012005,Smartphone,PERSON-002957,Android,2023-02-12,2023-02-12,true
DEVICE-012006,Smartphone,PERSON-002958,Android,2023-06-03,2023-06-03,true
DEVICE-012007,Smartphone,PERSON-002959,Android,2023-10-11,2023-10-11,true
DEVICE-012008,Smartphone,PERSON-002960,iOS,2023-04-02,2023-04-02,true
DEVICE-012009,Smartphone,PERSON-002961,Android,2023-02-19,2023-02-19,true
DEVICE-012010,Smartphone,PERSON-002962,iOS,2023-06-23,2023-06-23,true
DEVICE-012011,Feature Phone,PERSON-002963,iOS,2023-06-01,2023-06-01,true
DEVICE-012012,Tablet,PERSON-002966,Android,2023-10-21,2023-10-21,true
DEVICE-012013,Feature Phone,PERSON-002967,iOS,2023-12-23,2023-12-23,true
DEVICE-012014,Smartphone,PERSON-002968,iOS,2023-08-19,2023-08-19,true
DEVICE-012015,Tablet,PERSON-002969,Android,2023-08-27,2023-08-27,true
DEVICE-012016,Smartphone,PERSON-002971,iOS,2023-08-13,2023-08-13,true
DEVICE-012017,Feature Phone,PERSON-002972,iOS,2023-07-29,2023-07-29,true
DEVICE-012018,Smartphone,PERSON-002973,iOS,2023-04-24,2023-04-24,true
DEVICE-012019,Feature Phone,PERSON-002974,Android,2023-08-15,2023-08-15,true
DEVICE-012020,Tablet,PERSON-002976,iOS,2023-12-28,2023-12-28,true
DEVICE-012021,Smartphone,PERSON-002977,iOS,2023-06-18,2023-06-18,true
DEVICE-012022,Tablet,PERSON-002978,Android,2023-04-29,2023-04-29,true
DEVICE-012023,Smartphone,PERSON-002979,Android,2023-12-16,2023-12-16,true
DEVICE-012024,Smartphone,PERSON-002981,Android,2023-07-29,2023-07-29,true
DEVICE-012025,Smartphone,PERSON-002983,Android,2023-03-22,2023-03-22,true
DEVICE-012026,Feature Phone,PERSON-002984,Android,2023-02-09,2023-02-09,true
DEVICE-012027,Tablet,PERSON-002985,iOS,2023-08-16,2023-08-16,true
DEVICE-012028,Feature Phone,PERSON-002987,iOS,2023-12-10,2023-12-10,true
DEVICE-012029,Feature Phone,PERSON-002988,Android,2023-03-17,2023-03-17,true
DEVICE-012030,Feature Phone,PERSON-002989,Android,2023-05-13,2023-05-13,true
DEVICE-012031,Smartphone,PERSON-002991,Android,2023-07-24,2023-07-24,true
DEVICE-012032,Tablet,PERSON-002992,iOS,2023-03-25,2023-03-25,true
DEVICE-012033,Smartphone,PERSON-002993,iOS,2023-09-11,2023-09-11,true
DEVICE-012034,Feature Phone,PERSON-002994,iOS,2023-05-02,2023-05-02,true
DEVICE-012035,Feature Phone,PERSON-002995,iOS,2023-08-21,2023-08-21,true
DEVICE-012036,Smartphone,PERSON-002996,Android,2023-03-13,2023-03-13,true
DEVICE-012037,Feature Phone,PERSON-002997,iOS,2023-09-11,2023-09-11,true
DEVICE-012038,Smartphone,PERSON-003000,Android,2023-06-06,2023-06-06,true
