vehicle_id,vehicle_type,registration_alias,owner_person_id,color,make,model,status,synthetic_flag
VEH-000001,Car,SYN-TE-00001,PERSON-001667,Silver,Mahindra,XUV,Active,true
VEH-000002,Motorcycle,SYN-KE-00002,PERSON-001670,Black,Hyundai,Venue,Active,true
VEH-000003,Auto,SYN-MA-00003,PERSON-001589,Red,Mahindra,XUV,Transferred,true
VEH-000004,Car,SYN-TE-00004,PERSON-000245,Grey,Hyundai,i20,Transferred,true
VEH-000005,SUV,SYN-KE-00005,PERSON-001941,Black,Tata,Altroz,Active,true
VEH-000006,Van,SYN-TA-00006,PERSON-002397,Red,Toyota,Innova,Active,true
VEH-000007,Truck,SYN-UT-00007,PERSON-001578,White,Maruti,Baleno,Transferred,true
VEH-000008,SUV,SYN-TE-00008,PERSON-002304,White,Mahindra,Scorpio,Transferred,true
VEH-000009,Van,SYN-GU-00009,PERSON-000862,White,Hyundai,Creta,Active,true
VEH-000010,Car,SYN-RA-00010,PERSON-001431,Black,Hyundai,Venue,Transferred,true
VEH-000011,Van,SYN-UT-00011,PERSON-002106,Grey,Hyundai,i20,Transferred,true
VEH-000012,Van,SYN-RA-00012,PERSON-001803,Black,Mahindra,Scorpio,Active,true
VEH-000013,Truck,SYN-KA-00013,PERSON-000484,Blue,Mahindra,XUV,Active,true
VEH-000014,Auto,SYN-KE-00014,PERSON-000599,Blue,Mahindra,XUV,Active,true
VEH-000015,Van,SYN-UT-00015,PERSON-000838,Red,Tata,Altroz,Transferred,true
VEH-000016,Motorcycle,SYN-TE-00016,PERSON-000341,Black,Maruti,Swift,Active,true
VEH-000017,SUV,SYN-GU-00017,PERSON-000342,Black,Mahindra,Bolero,Active,true
VEH-000018,Auto,SYN-DE-00018,PERSON-001262,Grey,Maruti,Baleno,Active,true
VEH-000019,Auto,SYN-TE-00019,PERSON-001648,Black,Hyundai,i20,Transferred,true
VEH-000020,Motorcycle,SYN-UT-00020,PERSON-002900,Black,Hyundai,i20,Active,true
VEH-000021,Truck,SYN-KE-00021,PERSON-002246,Silver,Hyundai,i20,Active,true
VEH-000022,SUV,SYN-KE-00022,PERSON-002609,Silver,Tata,Punch,Transferred,true
VEH-000023,Truck,SYN-TA-00023,PERSON-000906,Black,Hyundai,i20,Transferred,true
VEH-000024,Truck,SYN-RA-00024,PERSON-001768,White,Tata,Punch,Transferred,true
VEH-000025,Van,SYN-WE-00025,PERSON-002964,Blue,Maruti,Baleno,Transferred,true
VEH-000026,Van,SYN-KE-00026,PERSON-000492,Black,Toyota,Innova,Active,true
VEH-000027,Van,SYN-GU-00027,PERSON-001059,Silver,Hyundai,i20,Active,true
VEH-000028,Van,SYN-MA-00028,PERSON-000920,Grey,Maruti,Ertiga,Active,true
VEH-000029,Truck,SYN-TE-00029,PERSON-000144,Silver,Toyota,Urban Cruiser,Active,true
VEH-000030,SUV,SYN-RA-00030,PERSON-002999,White,Mahindra,Bolero,Active,true
VEH-000031,Van,SYN-UT-00031,PERSON-002082,Black,Maruti,Ertiga,Active,true
VEH-000032,SUV,SYN-TE-00032,PERSON-001830,Grey,Mahindra,Bolero,Active,true
VEH-000033,Car,SYN-GU-00033,PERSON-000342,Blue,Mahindra,Bolero,Transferred,true
VEH-000034,SUV,SYN-TE-00034,PERSON-000144,Silver,Tata,Altroz,Active,true
VEH-000035,Van,SYN-KE-00035,PERSON-000302,Red,Hyundai,i20,Active,true
VEH-000036,Car,SYN-WE-00036,PERSON-000001,Black,Tata,Punch,Active,true
VEH-000037,Car,SYN-TE-00037,PERSON-002122,White,Hyundai,Creta,Active,true
VEH-000038,Car,SYN-TA-00038,PERSON-000648,Blue,Mahindra,Bolero,Transferred,true
VEH-000039,Auto,SYN-UT-00039,PERSON-000647,Grey,Mahindra,Bolero,Active,true
VEH-000040,Motorcycle,SYN-UT-00040,PERSON-000259,Black,Mahindra,Scorpio,Active,true
VEH-000041,SUV,SYN-KA-00041,PERSON-000568,Silver,Tata,Altroz,Active,true
VEH-000042,Truck,SYN-MA-00042,PERSON-000106,Red,Tata,Altroz,Active,true
VEH-000043,Motorcycle,SYN-TA-00043,PERSON-001880,Blue,Toyota,Urban Cruiser,Transferred,true
VEH-000044,Motorcycle,SYN-DE-00044,PERSON-000682,Red,Hyundai,Venue,Active,true
VEH-000045,Car,SYN-MA-00045,PERSON-000042,Silver,Tata,Nexon,Active,true
VEH-000046,Auto,SYN-RA-00046,PERSON-001807,Grey,Toyota,Urban Cruiser,Transferred,true
VEH-000047,Truck,SYN-RA-00047,PERSON-000275,White,Toyota,Urban Cruiser,Active,true
VEH-000048,Auto,SYN-TE-00048,PERSON-001481,Blue,Tata,Altroz,Active,true
VEH-000049,SUV,SYN-KA-00049,PERSON-002068,Silver,Hyundai,Venue,Active,true
VEH-000050,Auto,SYN-RA-00050,PERSON-000032,Silver,Mahindra,Scorpio,Active,true
VEH-000051,Motorcycle,SYN-WE-00051,PERSON-002821,Red,Mahindra,Bolero,Transferred,true
VEH-000052,SUV,SYN-RA-00052,PERSON-001474,Black,Hyundai,Venue,Transferred,true
VEH-000053,Auto,SYN-GU-00053,PERSON-001115,Silver,Tata,Nexon,Active,true
VEH-000054,Truck,SYN-TE-00054,PERSON-000792,Blue,Toyota,Innova,Active,true
VEH-000055,Motorcycle,SYN-UT-00055,PERSON-002900,White,Toyota,Innova,Transferred,true
VEH-000056,Car,SYN-TE-00056,PERSON-002618,White,Tata,Altroz,Active,true
VEH-000057,SUV,SYN-TE-00057,PERSON-002639,Grey,Tata,Altroz,Active,true
VEH-000058,Van,SYN-DE-00058,PERSON-002839,Blue,Tata,Punch,Active,true
VEH-000059,Motorcycle,SYN-GU-00059,PERSON-000274,Silver,Tata,Nexon,Transferred,true
VEH-000060,Motorcycle,SYN-WE-00060,PERSON-001610,White,Toyota,Urban Cruiser,Active,true
VEH-000061,Truck,SYN-TA-00061,PERSON-002368,Blue,Mahindra,XUV,Active,true
VEH-000062,Auto,SYN-GU-00062,PERSON-000911,White,Maruti,Ertiga,Active,true
VEH-000063,SUV,SYN-TE-00063,PERSON-000232,Red,Mahindra,Bolero,Active,true
VEH-000064,Truck,SYN-TE-00064,PERSON-001691,Red,Maruti,Swift,Active,true
VEH-000065,Car,SYN-UT-00065,PERSON-001012,Silver,Toyota,Urban Cruiser,Active,true
VEH-000066,Auto,SYN-KE-00066,PERSON-001782,Red,Tata,Altroz,Active,true
VEH-000067,Motorcycle,SYN-TE-00067,PERSON-002256,Blue,Hyundai,Creta,Active,true
VEH-000068,SUV,SYN-GU-00068,PERSON-001206,Silver,Tata,Altroz,Active,true
VEH-000069,SUV,SYN-GU-00069,PERSON-002788,Silver,Tata,Nexon,Active,true
VEH-000070,Van,SYN-MA-00070,PERSON-000710,Grey,Toyota,Urban Cruiser,Active,true
VEH-000071,Car,SYN-TA-00071,PERSON-000072,Black,Maruti,Baleno,Active,true
VEH-000072,Truck,SYN-KE-00072,PERSON-001769,Black,Hyundai,Venue,Active,true
VEH-000073,Car,SYN-UT-00073,PERSON-002106,White,Maruti,Baleno,Active,true
VEH-000074,Motorcycle,SYN-RA-00074,PERSON-001803,Red,Mahindra,Bolero,Active,true
VEH-000075,SUV,SYN-DE-00075,PERSON-002965,Silver,Toyota,Urban Cruiser,Active,true
VEH-000076,Van,SYN-KA-00076,PERSON-001544,White,Maruti,Ertiga,Transferred,true
VEH-000077,Truck,SYN-TE-00077,PERSON-000621,Silver,Mahindra,Scorpio,Transferred,true
VEH-000078,Car,SYN-TE-00078,PERSON-000083,Grey,Mahindra,XUV,Transferred,true
VEH-000079,Motorcycle,SYN-TA-00079,PERSON-001543,Silver,Hyundai,Venue,Transferred,true
VEH-000080,Motorcycle,SYN-UT-00080,PERSON-001873,Blue,Mahindra,Scorpio,Active,true
VEH-000081,Auto,SYN-WE-00081,PERSON-001205,Silver,Hyundai,Venue,Active,true
VEH-000082,Motorcycle,SYN-KE-00082,PERSON-000260,Grey,Mahindra,Bolero,Active,true
VEH-000083,Motorcycle,SYN-KA-00083,PERSON-000499,Grey,Hyundai,i20,Transferred,true
VEH-000084,Truck,SYN-TE-00084,PERSON-001780,White,Maruti,Baleno,Transferred,true
VEH-000085,Motorcycle,SYN-TA-00085,PERSON-002397,White,Toyota,Urban Cruiser,Transferred,true
VEH-000086,Auto,SYN-KA-00086,PERSON-002646,Grey,Mahindra,Scorpio,Active,true
VEH-000087,Van,SYN-KE-00087,PERSON-002846,Grey,Tata,Nexon,Transferred,true
VEH-000088,Truck,SYN-TE-00088,PERSON-002304,Black,Hyundai,Creta,Active,true
VEH-000089,Truck,SYN-TE-00089,PERSON-001691,Grey,Toyota,Innova,Transferred,true
VEH-000090,Motorcycle,SYN-KE-00090,PERSON-000260,Grey,Mahindra,Scorpio,Transferred,true
VEH-000091,Truck,SYN-GU-00091,PERSON-000943,Black,Toyota,Urban Cruiser,Active,true
VEH-000092,Motorcycle,SYN-WE-00092,PERSON-001747,Grey,Tata,Punch,Active,true
VEH-000093,Van,SYN-TA-00093,PERSON-001479,Red,Hyundai,Venue,Active,true
VEH-000094,Truck,SYN-TE-00094,PERSON-000374,White,Mahindra,XUV,Active,true
VEH-000095,Van,SYN-KA-00095,PERSON-000842,Black,Toyota,Urban Cruiser,Transferred,true
VEH-000096,SUV,SYN-GU-00096,PERSON-002954,Blue,Toyota,Urban Cruiser,Active,true
VEH-000097,SUV,SYN-MA-00097,PERSON-000710,Blue,Toyota,Urban Cruiser,Active,true
VEH-000098,Van,SYN-KE-00098,PERSON-001769,Silver,Tata,Altroz,Active,true
VEH-000099,Auto,SYN-MA-00099,PERSON-000238,Blue,Maruti,Baleno,Active,true
VEH-000100,Van,SYN-RA-00100,PERSON-002343,Blue,Tata,Altroz,Active,true
VEH-000101,Auto,SYN-MA-00101,PERSON-001007,Grey,Maruti,Baleno,Transferred,true
VEH-000102,Motorcycle,SYN-TE-00102,PERSON-001331,Black,Toyota,Innova,Active,true
VEH-000103,Van,SYN-TA-00103,PERSON-001642,Grey,Toyota,Innova,Active,true
VEH-000104,Motorcycle,SYN-KA-00104,PERSON-000524,Blue,Maruti,Baleno,Transferred,true
VEH-000105,Truck,SYN-MA-00105,PERSON-001547,White,Maruti,Ertiga,Active,true
VEH-000106,Van,SYN-KA-00106,PERSON-001259,Silver,Mahindra,XUV,Active,true
VEH-000107,Truck,SYN-GU-00107,PERSON-000850,Black,Toyota,Innova,Active,true
VEH-000108,Truck,SYN-RA-00108,PERSON-002574,Grey,Hyundai,Venue,Active,true
VEH-000109,Auto,SYN-GU-00109,PERSON-000863,Black,Tata,Punch,Active,true
VEH-000110,Truck,SYN-GU-00110,PERSON-000063,Blue,Hyundai,Creta,Transferred,true
VEH-000111,Truck,SYN-MA-00111,PERSON-001589,Blue,Mahindra,Bolero,Transferred,true
VEH-000112,Truck,SYN-GU-00112,PERSON-000863,Blue,Toyota,Innova,Active,true
VEH-000113,Van,SYN-GU-00113,PERSON-000081,Black,Toyota,Innova,Active,true
VEH-000114,Truck,SYN-WE-00114,PERSON-000845,Silver,Tata,Nexon,Active,true
VEH-000115,Car,SYN-KE-00115,PERSON-002020,White,Tata,Nexon,Active,true
VEH-000116,Van,SYN-RA-00116,PERSON-002517,Grey,Toyota,Innova,Transferred,true
VEH-000117,SUV,SYN-GU-00117,PERSON-000062,Grey,Tata,Nexon,Transferred,true
VEH-000118,Motorcycle,SYN-MA-00118,PERSON-000921,Blue,Hyundai,i20,Active,true
VEH-000119,Truck,SYN-DE-00119,PERSON-000682,White,Mahindra,XUV,Active,true
VEH-000120,Truck,SYN-TE-00120,PERSON-002737,White,Mahindra,Bolero,Active,true
VEH-000121,Motorcycle,SYN-KE-00121,PERSON-000165,Blue,Toyota,Urban Cruiser,Active,true
VEH-000122,SUV,SYN-RA-00122,PERSON-000275,Silver,Toyota,Innova,Transferred,true
VEH-000123,Truck,SYN-WE-00123,PERSON-000703,White,Toyota,Urban Cruiser,Active,true
VEH-000124,Motorcycle,SYN-TE-00124,PERSON-001558,Black,Maruti,Swift,Active,true
VEH-000125,Motorcycle,SYN-GU-00125,PERSON-001115,Silver,Mahindra,Bolero,Active,true
VEH-000126,Car,SYN-WE-00126,PERSON-001610,White,Tata,Nexon,Active,true
VEH-000127,SUV,SYN-TE-00127,PERSON-002618,Black,Maruti,Baleno,Active,true
VEH-000128,Car,SYN-KA-00128,PERSON-001757,Grey,Toyota,Innova,Transferred,true
VEH-000129,Truck,SYN-UT-00129,PERSON-002277,Red,Tata,Punch,Transferred,true
VEH-000130,Car,SYN-TA-00130,PERSON-001617,Red,Toyota,Urban Cruiser,Transferred,true
VEH-000131,Truck,SYN-UT-00131,PERSON-001194,Silver,Tata,Altroz,Transferred,true
VEH-000132,Van,SYN-TE-00132,PERSON-000341,White,Toyota,Innova,Active,true
VEH-000133,Truck,SYN-UT-00133,PERSON-001899,Red,Toyota,Innova,Active,true
VEH-000134,Car,SYN-MA-00134,PERSON-000106,Grey,Hyundai,i20,Active,true
VEH-000135,Car,SYN-MA-00135,PERSON-002633,Silver,Hyundai,i20,Active,true
VEH-000136,Auto,SYN-KE-00136,PERSON-002246,Black,Tata,Punch,Transferred,true
VEH-000137,Truck,SYN-WE-00137,PERSON-000120,White,Maruti,Baleno,Active,true
VEH-000138,Auto,SYN-GU-00138,PERSON-000863,Red,Tata,Altroz,Active,true
VEH-000139,Auto,SYN-RA-00139,PERSON-002999,Grey,Mahindra,Bolero,Transferred,true
VEH-000140,Truck,SYN-GU-00140,PERSON-002750,Black,Tata,Nexon,Transferred,true
VEH-000141,Car,SYN-TA-00141,PERSON-001041,Grey,Toyota,Innova,Active,true
VEH-000142,Truck,SYN-MA-00142,PERSON-001589,Silver,Toyota,Innova,Transferred,true
VEH-000143,Car,SYN-KE-00143,PERSON-001670,Black,Toyota,Innova,Active,true
VEH-000144,Truck,SYN-RA-00144,PERSON-002132,Blue,Hyundai,Creta,Active,true
VEH-000145,Truck,SYN-TE-00145,PERSON-000621,White,Toyota,Innova,Active,true
VEH-000146,Truck,SYN-GU-00146,PERSON-001115,Grey,Toyota,Urban Cruiser,Transferred,true
VEH-000147,Auto,SYN-DE-00147,PERSON-000180,White,Hyundai,i20,Active,true
VEH-000148,SUV,SYN-TE-00148,PERSON-000792,Black,Tata,Altroz,Active,true
VEH-000149,Motorcycle,SYN-KA-00149,PERSON-002453,Grey,Maruti,Swift,Transferred,true
VEH-000150,Motorcycle,SYN-KE-00150,PERSON-002197,Blue,Hyundai,Creta,Transferred,true
VEH-000151,SUV,SYN-WE-00151,PERSON-001705,Black,Tata,Altroz,Active,true
VEH-000152,Van,SYN-TA-00152,PERSON-000789,Grey,Hyundai,i20,Active,true
VEH-000153,SUV,SYN-RA-00153,PERSON-000351,Red,Mahindra,Scorpio,Active,true
VEH-000154,SUV,SYN-KA-00154,PERSON-000717,Grey,Mahindra,Bolero,Active,true
VEH-000155,SUV,SYN-KA-00155,PERSON-002998,Red,Toyota,Urban Cruiser,Active,true
VEH-000156,Car,SYN-KE-00156,PERSON-002757,Grey,Toyota,Innova,Active,true
VEH-000157,Motorcycle,SYN-WE-00157,PERSON-000584,Blue,Hyundai,Venue,Active,true
VEH-000158,Motorcycle,SYN-DE-00158,PERSON-000697,Blue,Hyundai,i20,Active,true
VEH-000159,SUV,SYN-MA-00159,PERSON-002715,Blue,Hyundai,i20,Transferred,true
VEH-000160,Motorcycle,SYN-TE-00160,PERSON-001667,Grey,Hyundai,Venue,Active,true
VEH-000161,Motorcycle,SYN-DE-00161,PERSON-000146,Red,Hyundai,Creta,Transferred,true
VEH-000162,Car,SYN-TE-00162,PERSON-001558,Grey,Maruti,Ertiga,Active,true
VEH-000163,Car,SYN-TA-00163,PERSON-001041,Black,Hyundai,i20,Active,true
VEH-000164,Van,SYN-MA-00164,PERSON-001210,Red,Hyundai,i20,Active,true
VEH-000165,Van,SYN-DE-00165,PERSON-000146,Red,Toyota,Urban Cruiser,Transferred,true
VEH-000166,Auto,SYN-RA-00166,PERSON-000351,White,Mahindra,XUV,Transferred,true
VEH-000167,SUV,SYN-GU-00167,PERSON-002750,White,Tata,Nexon,Active,true
VEH-000168,Motorcycle,SYN-TA-00168,PERSON-001041,Blue,Maruti,Baleno,Active,true
VEH-000169,Car,SYN-TE-00169,PERSON-001667,White,Maruti,Swift,Active,true
VEH-000170,SUV,SYN-MA-00170,PERSON-001210,Grey,Toyota,Urban Cruiser,Active,true
VEH-000171,Van,SYN-RA-00171,PERSON-000351,Blue,Toyota,Urban Cruiser,Active,true
VEH-000172,Truck,SYN-GU-00172,PERSON-002750,Silver,Hyundai,i20,Transferred,true
VEH-000173,Motorcycle,SYN-TA-00173,PERSON-001041,White,Tata,Punch,Active,true
VEH-000174,Truck,SYN-TA-00174,PERSON-000506,White,Maruti,Swift,Transferred,true
VEH-000175,Truck,SYN-DE-00175,PERSON-000597,Silver,Toyota,Urban Cruiser,Transferred,true
VEH-000176,Truck,SYN-GU-00176,PERSON-000062,Grey,Toyota,Urban Cruiser,Transferred,true
VEH-000177,SUV,SYN-DE-00177,PERSON-000046,Grey,Toyota,Urban Cruiser,Active,true
VEH-000178,Car,SYN-UT-00178,PERSON-000647,Blue,Hyundai,i20,Active,true
VEH-000179,Motorcycle,SYN-TE-00179,PERSON-000927,Red,Hyundai,Venue,Active,true
VEH-000180,Truck,SYN-TE-00180,PERSON-001326,Silver,Mahindra,XUV,Active,true
VEH-000181,Auto,SYN-TA-00181,PERSON-002873,Grey,Hyundai,i20,Active,true
VEH-000182,Truck,SYN-TE-00182,PERSON-001898,Black,Mahindra,XUV,Active,true
VEH-000183,Car,SYN-TE-00183,PERSON-000083,Silver,Hyundai,i20,Active,true
VEH-000184,Motorcycle,SYN-WE-00184,PERSON-002964,White,Tata,Altroz,Transferred,true
VEH-000185,SUV,SYN-KE-00185,PERSON-000611,White,Tata,Altroz,Active,true
VEH-000186,Auto,SYN-RA-00186,PERSON-002438,White,Hyundai,Venue,Transferred,true
VEH-000187,Auto,SYN-WE-00187,PERSON-000060,Silver,Tata,Nexon,Active,true
VEH-000188,Auto,SYN-TE-00188,PERSON-001480,White,Tata,Altroz,Active,true
VEH-000189,Van,SYN-RA-00189,PERSON-001768,Grey,Hyundai,Creta,Active,true
VEH-000190,SUV,SYN-UT-00190,PERSON-002847,Blue,Tata,Nexon,Active,true
VEH-000191,Car,SYN-KA-00191,PERSON-002998,Grey,Hyundai,i20,Active,true
VEH-000192,SUV,SYN-TA-00192,PERSON-000948,Red,Hyundai,Creta,Active,true
VEH-000193,Auto,SYN-RA-00193,PERSON-001315,Black,Toyota,Urban Cruiser,Transferred,true
VEH-000194,Truck,SYN-DE-00194,PERSON-000904,Silver,Mahindra,Scorpio,Active,true
VEH-000195,SUV,SYN-DE-00195,PERSON-000697,Silver,Tata,Altroz,Active,true
VEH-000196,Van,SYN-DE-00196,PERSON-000919,Grey,Tata,Altroz,Active,true
VEH-000197,Car,SYN-GU-00197,PERSON-000132,Red,Mahindra,Scorpio,Transferred,true
VEH-000198,Auto,SYN-MA-00198,PERSON-002653,Grey,Mahindra,Bolero,Transferred,true
VEH-000199,Truck,SYN-TA-00199,PERSON-002764,Red,Hyundai,i20,Active,true
VEH-000200,SUV,SYN-KA-00200,PERSON-001478,Grey,Hyundai,i20,Active,true
VEH-000201,Motorcycle,SYN-TE-00201,PERSON-002507,Grey,Mahindra,Scorpio,Active,true
VEH-000202,Auto,SYN-RA-00202,PERSON-000676,Silver,Toyota,Innova,Transferred,true
VEH-000203,Van,SYN-WE-00203,PERSON-000393,Blue,Hyundai,i20,Transferred,true
VEH-000204,Auto,SYN-MA-00204,PERSON-002124,Blue,Mahindra,Bolero,Active,true
VEH-000205,Motorcycle,SYN-UT-00205,PERSON-000507,Red,Toyota,Innova,Transferred,true
VEH-000206,Truck,SYN-KA-00206,PERSON-001664,White,Tata,Altroz,Transferred,true
VEH-000207,Car,SYN-MA-00207,PERSON-000181,Red,Tata,Nexon,Active,true
VEH-000208,Truck,SYN-TA-00208,PERSON-000948,Red,Toyota,Urban Cruiser,Transferred,true
VEH-000209,Motorcycle,SYN-KE-00209,PERSON-002757,White,Hyundai,Venue,Active,true
VEH-000210,Van,SYN-DE-00210,PERSON-000904,Silver,Maruti,Swift,Transferred,true
VEH-000211,Van,SYN-DE-00211,PERSON-000697,Blue,Mahindra,Bolero,Transferred,true
VEH-000212,Truck,SYN-MA-00212,PERSON-002715,Red,Maruti,Baleno,Transferred,true
VEH-000213,SUV,SYN-TA-00213,PERSON-002675,Black,Hyundai,i20,Active,true
VEH-000214,Auto,SYN-KA-00214,PERSON-001343,Silver,Mahindra,Bolero,Active,true
VEH-000215,Van,SYN-KA-00215,PERSON-002998,Silver,Mahindra,XUV,Transferred,true
VEH-000216,Truck,SYN-WE-00216,PERSON-002835,Blue,Tata,Punch,Active,true
VEH-000217,Van,SYN-WE-00217,PERSON-000584,Silver,Mahindra,Scorpio,Transferred,true
VEH-000218,Car,SYN-DE-00218,PERSON-000697,Grey,Mahindra,XUV,Active,true
VEH-000219,Truck,SYN-MA-00219,PERSON-002715,Black,Mahindra,XUV,Active,true
VEH-000220,Van,SYN-TE-00220,PERSON-001667,Red,Hyundai,Creta,Transferred,true
VEH-000221,Truck,SYN-GU-00221,PERSON-002279,Grey,Maruti,Ertiga,Active,true
VEH-000222,Car,SYN-GU-00222,PERSON-002750,Silver,Maruti,Ertiga,Active,true
VEH-000223,Van,SYN-TA-00223,PERSON-001041,Black,Toyota,Innova,Active,true
VEH-000224,Car,SYN-TE-00224,PERSON-000916,White,Toyota,Innova,Transferred,true
VEH-000225,Car,SYN-MA-00225,PERSON-000238,White,Mahindra,XUV,Transferred,true
VEH-000226,Truck,SYN-TE-00226,PERSON-000950,Silver,Tata,Altroz,Active,true
VEH-000227,Truck,SYN-RA-00227,PERSON-002017,Red,Tata,Punch,Active,true
VEH-000228,SUV,SYN-KA-00228,PERSON-000092,Black,Maruti,Baleno,Active,true
VEH-000229,SUV,SYN-RA-00229,PERSON-002920,Silver,Maruti,Baleno,Transferred,true
VEH-000230,Van,SYN-TE-00230,PERSON-001455,Grey,Hyundai,i20,Active,true
VEH-000231,SUV,SYN-RA-00231,PERSON-001474,Red,Toyota,Urban Cruiser,Transferred,true
VEH-000232,SUV,SYN-GU-00232,PERSON-001115,White,Tata,Altroz,Transferred,true
VEH-000233,SUV,SYN-WE-00233,PERSON-001610,Red,Toyota,Innova,Active,true
VEH-000234,Auto,SYN-DE-00234,PERSON-000267,Blue,Hyundai,i20,Transferred,true
VEH-000235,Auto,SYN-UT-00235,PERSON-002900,Grey,Tata,Punch,Transferred,true
VEH-000236,Auto,SYN-WE-00236,PERSON-001668,Blue,Tata,Nexon,Active,true
VEH-000237,Van,SYN-DE-00237,PERSON-001397,Black,Toyota,Innova,Active,true
VEH-000238,Van,SYN-KA-00238,PERSON-002689,Silver,Mahindra,Scorpio,Transferred,true
VEH-000239,SUV,SYN-TE-00239,PERSON-001423,Blue,Mahindra,XUV,Active,true
VEH-000240,SUV,SYN-TA-00240,PERSON-000479,Silver,Mahindra,Bolero,Active,true
VEH-000241,Motorcycle,SYN-GU-00241,PERSON-000081,Grey,Hyundai,Venue,Active,true
VEH-000242,Car,SYN-GU-00242,PERSON-000850,Blue,Maruti,Baleno,Transferred,true
VEH-000243,Auto,SYN-RA-00243,PERSON-002574,White,Tata,Altroz,Transferred,true
VEH-000244,Car,SYN-GU-00244,PERSON-000063,Red,Maruti,Baleno,Active,true
VEH-000245,Truck,SYN-GU-00245,PERSON-000863,White,Toyota,Innova,Transferred,true
VEH-000246,Van,SYN-KE-00246,PERSON-002757,Red,Toyota,Urban Cruiser,Active,true
VEH-000247,Car,SYN-TA-00247,PERSON-002675,Blue,Toyota,Urban Cruiser,Transferred,true
VEH-000248,SUV,SYN-KA-00248,PERSON-002998,Red,Mahindra,XUV,Transferred,true
VEH-000249,Auto,SYN-KA-00249,PERSON-000576,Grey,Tata,Nexon,Active,true
VEH-000250,SUV,SYN-DE-00250,PERSON-000904,Grey,Toyota,Innova,Active,true
VEH-000251,Truck,SYN-MA-00251,PERSON-000106,Red,Maruti,Swift,Transferred,true
VEH-000252,SUV,SYN-WE-00252,PERSON-000584,Blue,Toyota,Innova,Transferred,true
VEH-000253,SUV,SYN-GU-00253,PERSON-002954,Red,Toyota,Urban Cruiser,Active,true
VEH-000254,Car,SYN-KA-00254,PERSON-000842,Blue,Tata,Punch,Active,true
VEH-000255,Auto,SYN-TE-00255,PERSON-000245,White,Tata,Nexon,Active,true
VEH-000256,Truck,SYN-DE-00256,PERSON-000222,Blue,Toyota,Innova,Active,true
VEH-000257,Truck,SYN-KE-00257,PERSON-001769,Red,Toyota,Innova,Active,true
VEH-000258,SUV,SYN-RA-00258,PERSON-001385,Grey,Toyota,Innova,Transferred,true
VEH-000259,Motorcycle,SYN-KA-00259,PERSON-001664,White,Tata,Punch,Transferred,true
VEH-000260,Auto,SYN-TA-00260,PERSON-002675,Grey,Hyundai,Venue,Active,true
VEH-000261,Car,SYN-KA-00261,PERSON-001343,White,Hyundai,Creta,Transferred,true
VEH-000262,Van,SYN-DE-00262,PERSON-000146,Silver,Hyundai,i20,Active,true
VEH-000263,Motorcycle,SYN-WE-00263,PERSON-000047,Blue,Hyundai,Creta,Active,true
VEH-000264,SUV,SYN-WE-00264,PERSON-000279,Silver,Tata,Altroz,Active,true
VEH-000265,Car,SYN-MA-00265,PERSON-000217,Silver,Mahindra,Scorpio,Active,true
VEH-000266,Car,SYN-KE-00266,PERSON-000556,Blue,Maruti,Swift,Active,true
VEH-000267,Truck,SYN-WE-00267,PERSON-002964,Silver,Mahindra,Scorpio,Active,true
VEH-000268,SUV,SYN-TA-00268,PERSON-000948,Red,Hyundai,Creta,Active,true
VEH-000269,Auto,SYN-DE-00269,PERSON-001182,Blue,Toyota,Innova,Active,true
VEH-000270,Van,SYN-RA-00270,PERSON-001315,Grey,Toyota,Innova,Active,true
VEH-000271,Car,SYN-WE-00271,PERSON-000584,Blue,Hyundai,Venue,Active,true
VEH-000272,Motorcycle,SYN-RA-00272,PERSON-002574,White,Mahindra,Bolero,Active,true
VEH-000273,Motorcycle,SYN-GU-00273,PERSON-000863,Silver,Toyota,Urban Cruiser,Active,true
VEH-000274,Car,SYN-GU-00274,PERSON-000063,Black,Hyundai,i20,Active,true
VEH-000275,Motorcycle,SYN-MA-00275,PERSON-001589,Blue,Toyota,Innova,Transferred,true
VEH-000276,Car,SYN-UT-00276,PERSON-001578,Blue,Tata,Punch,Transferred,true
VEH-000277,Van,SYN-KA-00277,PERSON-001664,White,Mahindra,Bolero,Active,true
VEH-000278,Motorcycle,SYN-KA-00278,PERSON-001343,Silver,Hyundai,i20,Active,true
VEH-000279,Car,SYN-DE-00279,PERSON-000697,Grey,Tata,Punch,Transferred,true
VEH-000280,Motorcycle,SYN-KE-00280,PERSON-000230,White,Tata,Nexon,Active,true
VEH-000281,Car,SYN-TE-00281,PERSON-000635,Grey,Tata,Altroz,Active,true
VEH-000282,Auto,SYN-KE-00282,PERSON-002020,Grey,Hyundai,Venue,Active,true
VEH-000283,Auto,SYN-TA-00283,PERSON-002873,Blue,Toyota,Urban Cruiser,Active,true
VEH-000284,Motorcycle,SYN-MA-00284,PERSON-000921,Blue,Tata,Altroz,Active,true
VEH-000285,Auto,SYN-WE-00285,PERSON-001965,Black,Hyundai,i20,Active,true
VEH-000286,Van,SYN-TA-00286,PERSON-001992,White,Mahindra,Bolero,Active,true
VEH-000287,Car,SYN-TE-00287,PERSON-000083,Silver,Maruti,Ertiga,Transferred,true
VEH-000288,Truck,SYN-UT-00288,PERSON-000765,White,Mahindra,XUV,Transferred,true
VEH-000289,Truck,SYN-MA-00289,PERSON-000357,White,Tata,Nexon,Active,true
VEH-000290,Car,SYN-KA-00290,PERSON-000499,White,Toyota,Urban Cruiser,Active,true
VEH-000291,Motorcycle,SYN-TE-00291,PERSON-000792,Black,Toyota,Urban Cruiser,Transferred,true
VEH-000292,SUV,SYN-TE-00292,PERSON-000374,Blue,Tata,Altroz,Transferred,true
VEH-000293,SUV,SYN-TE-00293,PERSON-002304,White,Hyundai,Venue,Transferred,true
VEH-000294,Car,SYN-TA-00294,PERSON-000948,Black,Tata,Nexon,Active,true
VEH-000295,Auto,SYN-KA-00295,PERSON-000576,White,Maruti,Baleno,Transferred,true
VEH-000296,Truck,SYN-DE-00296,PERSON-000904,Blue,Maruti,Ertiga,Active,true
VEH-000297,SUV,SYN-WE-00297,PERSON-001866,Grey,Maruti,Ertiga,Transferred,true
VEH-000298,Motorcycle,SYN-MA-00298,PERSON-002715,Silver,Hyundai,Creta,Transferred,true
VEH-000299,Auto,SYN-TA-00299,PERSON-000817,Blue,Maruti,Baleno,Transferred,true
VEH-000300,SUV,SYN-RA-00300,PERSON-001894,Black,Maruti,Baleno,Active,true
VEH-000301,Van,SYN-GU-00301,PERSON-002872,White,Maruti,Swift,Transferred,true
VEH-000302,Car,SYN-MA-00302,PERSON-000920,White,Hyundai,Venue,Active,true
VEH-000303,Car,SYN-TE-00303,PERSON-001326,Black,Toyota,Innova,Active,true
VEH-000304,SUV,SYN-MA-00304,PERSON-001367,Red,Tata,Punch,Active,true
VEH-000305,Motorcycle,SYN-TA-00305,PERSON-002150,Silver,Tata,Punch,Active,true
VEH-000306,Car,SYN-UT-00306,PERSON-002077,Black,Toyota,Innova,Active,true
VEH-000307,Van,SYN-KE-00307,PERSON-001301,Silver,Mahindra,Scorpio,Transferred,true
VEH-000308,SUV,SYN-WE-00308,PERSON-000407,Blue,Toyota,Innova,Active,true
VEH-000309,Van,SYN-MA-00309,PERSON-002417,Grey,Hyundai,Venue,Active,true
VEH-000310,Truck,SYN-TE-00310,PERSON-002094,Grey,Mahindra,Bolero,Active,true
VEH-000311,Auto,SYN-TE-00311,PERSON-001758,Black,Toyota,Innova,Transferred,true
VEH-000312,SUV,SYN-KE-00312,PERSON-000207,Black,Hyundai,i20,Transferred,true
VEH-000313,Van,SYN-MA-00313,PERSON-001210,Black,Mahindra,Bolero,Active,true
VEH-000314,Truck,SYN-TE-00314,PERSON-001558,Silver,Maruti,Ertiga,Active,true
VEH-000315,Van,SYN-RA-00315,PERSON-000351,Black,Tata,Nexon,Active,true
VEH-000316,Car,SYN-GU-00316,PERSON-002750,Blue,Mahindra,Bolero,Active,true
VEH-000317,Truck,SYN-KE-00317,PERSON-001670,Silver,Maruti,Baleno,Active,true
VEH-000318,Motorcycle,SYN-KE-00318,PERSON-002020,Blue,Tata,Punch,Active,true
VEH-000319,Motorcycle,SYN-GU-00319,PERSON-002279,Black,Tata,Nexon,Transferred,true
VEH-000320,Auto,SYN-KA-00320,PERSON-001544,Red,Tata,Punch,Active,true
VEH-000321,Car,SYN-WE-00321,PERSON-001965,White,Mahindra,Bolero,Active,true
VEH-000322,Truck,SYN-GU-00322,PERSON-000863,Silver,Mahindra,XUV,Active,true
VEH-000323,Auto,SYN-MA-00323,PERSON-000357,Red,Hyundai,Creta,Active,true
VEH-000324,Van,SYN-DE-00324,PERSON-001425,Red,Tata,Altroz,Active,true
VEH-000325,Car,SYN-UT-00325,PERSON-000822,Blue,Mahindra,XUV,Active,true
VEH-000326,Auto,SYN-RA-00326,PERSON-002986,Silver,Hyundai,i20,Transferred,true
VEH-000327,Truck,SYN-MA-00327,PERSON-002759,Black,Tata,Nexon,Active,true
VEH-000328,Motorcycle,SYN-MA-00328,PERSON-001071,Red,Mahindra,Bolero,Active,true
VEH-000329,Motorcycle,SYN-MA-00329,PERSON-000613,Blue,Hyundai,i20,Transferred,true
VEH-000330,Car,SYN-KA-00330,PERSON-002068,Black,Mahindra,Bolero,Active,true
VEH-000331,Car,SYN-UT-00331,PERSON-001578,Blue,Toyota,Innova,Transferred,true
VEH-000332,Motorcycle,SYN-GU-00332,PERSON-001131,Blue,Toyota,Urban Cruiser,Active,true
VEH-000333,Truck,SYN-KE-00333,PERSON-002020,Silver,Hyundai,i20,Active,true
VEH-000334,Car,SYN-GU-00334,PERSON-002279,White,Hyundai,Venue,Transferred,true
VEH-000335,Van,SYN-MA-00335,PERSON-000921,Black,Toyota,Urban Cruiser,Transferred,true
VEH-000336,Auto,SYN-DE-00336,PERSON-001540,Silver,Toyota,Urban Cruiser,Active,true
VEH-000337,SUV,SYN-RA-00337,PERSON-002999,Black,Mahindra,Bolero,Active,true
VEH-000338,SUV,SYN-WE-00338,PERSON-001205,Grey,Mahindra,Scorpio,Transferred,true
VEH-000339,Car,SYN-KA-00339,PERSON-001343,Blue,Tata,Nexon,Active,true
VEH-000340,Auto,SYN-TA-00340,PERSON-000948,Grey,Tata,Punch,Transferred,true
VEH-000341,Auto,SYN-WE-00341,PERSON-000584,Black,Tata,Altroz,Active,true
VEH-000342,Motorcycle,SYN-MA-00342,PERSON-001542,White,Maruti,Swift,Active,true
VEH-000343,Motorcycle,SYN-TA-00343,PERSON-002675,White,Maruti,Baleno,Active,true
VEH-000344,Truck,SYN-WE-00344,PERSON-002713,Blue,Hyundai,i20,Active,true
VEH-000345,SUV,SYN-UT-00345,PERSON-001847,Grey,Toyota,Innova,Transferred,true
VEH-000346,Auto,SYN-UT-00346,PERSON-002922,Blue,Tata,Punch,Active,true
VEH-000347,Van,SYN-MA-00347,PERSON-001110,Silver,Tata,Nexon,Transferred,true
VEH-000348,Car,SYN-WE-00348,PERSON-002982,White,Maruti,Baleno,Active,true
VEH-000349,Truck,SYN-WE-00349,PERSON-000955,Red,Maruti,Baleno,Transferred,true
VEH-000350,Car,SYN-GU-00350,PERSON-000057,Silver,Maruti,Swift,Active,true
VEH-000351,Van,SYN-GU-00351,PERSON-001214,Grey,Hyundai,i20,Active,true
VEH-000352,SUV,SYN-GU-00352,PERSON-000081,Black,Toyota,Urban Cruiser,Active,true
VEH-000353,Van,SYN-KA-00353,PERSON-001259,White,Tata,Altroz,Transferred,true
VEH-000354,Motorcycle,SYN-GU-00354,PERSON-001861,Red,Hyundai,Venue,Active,true
VEH-000355,Motorcycle,SYN-RA-00355,PERSON-002574,Black,Maruti,Baleno,Active,true
VEH-000356,SUV,SYN-GU-00356,PERSON-000863,Red,Mahindra,XUV,Transferred,true
VEH-000357,Auto,SYN-GU-00357,PERSON-000063,Silver,Maruti,Swift,Active,true
VEH-000358,SUV,SYN-TE-00358,PERSON-000245,Black,Tata,Punch,Active,true
VEH-000359,Truck,SYN-GU-00359,PERSON-000943,Blue,Maruti,Ertiga,Active,true
VEH-000360,Van,SYN-TA-00360,PERSON-002408,White,Tata,Punch,Transferred,true
VEH-000361,SUV,SYN-WE-00361,PERSON-002393,Red,Tata,Altroz,Active,true
VEH-000362,SUV,SYN-UT-00362,PERSON-001847,Grey,Maruti,Swift,Active,true
VEH-000363,Truck,SYN-GU-00363,PERSON-000473,Silver,Maruti,Ertiga,Transferred,true
VEH-000364,Car,SYN-RA-00364,PERSON-001768,Blue,Tata,Nexon,Active,true
VEH-000365,Auto,SYN-KE-00365,PERSON-000556,White,Hyundai,Creta,Transferred,true
VEH-000366,Car,SYN-TA-00366,PERSON-002675,Silver,Mahindra,XUV,Active,true
VEH-000367,Motorcycle,SYN-WE-00367,PERSON-002835,Black,Toyota,Urban Cruiser,Active,true
VEH-000368,Truck,SYN-TA-00368,PERSON-000948,Blue,Maruti,Swift,Active,true
VEH-000369,Car,SYN-KA-00369,PERSON-000576,White,Mahindra,XUV,Active,true
VEH-000370,Truck,SYN-DE-00370,PERSON-000697,Blue,Mahindra,Bolero,Active,true
VEH-000371,Auto,SYN-MA-00371,PERSON-002715,Red,Tata,Altroz,Transferred,true
VEH-000372,Car,SYN-GU-00372,PERSON-000081,Silver,Hyundai,Creta,Active,true
VEH-000373,Auto,SYN-KA-00373,PERSON-001259,White,Maruti,Swift,Active,true
VEH-000374,Motorcycle,SYN-GU-00374,PERSON-001861,Grey,Maruti,Swift,Active,true
VEH-000375,Car,SYN-GU-00375,PERSON-000063,Grey,Maruti,Ertiga,Active,true
VEH-000376,SUV,SYN-MA-00376,PERSON-001589,Blue,Toyota,Innova,Transferred,true
VEH-000377,Auto,SYN-WE-00377,PERSON-001334,Blue,Maruti,Swift,Active,true
VEH-000378,Van,SYN-KE-00378,PERSON-000260,Red,Mahindra,XUV,Transferred,true
VEH-000379,Truck,SYN-TA-00379,PERSON-002397,Black,Hyundai,Venue,Active,true
VEH-000380,Auto,SYN-TA-00380,PERSON-002408,Blue,Tata,Punch,Transferred,true
VEH-000381,Van,SYN-WE-00381,PERSON-001029,Blue,Toyota,Urban Cruiser,Transferred,true
VEH-000382,Motorcycle,SYN-DE-00382,PERSON-000538,White,Tata,Altroz,Active,true
VEH-000383,SUV,SYN-WE-00383,PERSON-001965,Blue,Tata,Altroz,Active,true
VEH-000384,Truck,SYN-GU-00384,PERSON-000863,White,Toyota,Innova,Transferred,true
VEH-000385,Motorcycle,SYN-TE-00385,PERSON-000083,Silver,Hyundai,Creta,Active,true
VEH-000386,Auto,SYN-WE-00386,PERSON-000488,White,Toyota,Innova,Active,true
VEH-000387,Auto,SYN-UT-00387,PERSON-000765,Red,Maruti,Ertiga,Active,true
VEH-000388,SUV,SYN-MA-00388,PERSON-000357,White,Mahindra,Scorpio,Active,true
VEH-000389,Car,SYN-TA-00389,PERSON-000648,Red,Maruti,Ertiga,Active,true
VEH-000390,Truck,SYN-WE-00390,PERSON-001706,Red,Toyota,Innova,Active,true
VEH-000391,SUV,SYN-UT-00391,PERSON-000259,Black,Toyota,Innova,Active,true
VEH-000392,Motorcycle,SYN-KE-00392,PERSON-001318,Black,Mahindra,Bolero,Active,true
VEH-000393,SUV,SYN-WE-00393,PERSON-000366,Red,Toyota,Urban Cruiser,Active,true
VEH-000394,Motorcycle,SYN-WE-00394,PERSON-000407,Black,Tata,Nexon,Active,true
VEH-000395,Motorcycle,SYN-GU-00395,PERSON-001381,Grey,Maruti,Baleno,Active,true
VEH-000396,Car,SYN-DE-00396,PERSON-000103,Silver,Hyundai,i20,Active,true
VEH-000397,SUV,SYN-KA-00397,PERSON-002136,Silver,Mahindra,XUV,Active,true
VEH-000398,SUV,SYN-RA-00398,PERSON-000784,White,Tata,Nexon,Transferred,true
VEH-000399,Motorcycle,SYN-KE-00399,PERSON-000397,Silver,Mahindra,Bolero,Active,true
VEH-000400,Motorcycle,SYN-WE-00400,PERSON-000667,Black,Toyota,Innova,Active,true
VEH-000401,SUV,SYN-GU-00401,PERSON-001131,Black,Tata,Nexon,Active,true
VEH-000402,Truck,SYN-DE-00402,PERSON-000622,White,Hyundai,Venue,Active,true
VEH-000403,Auto,SYN-KE-00403,PERSON-002164,Silver,Mahindra,Bolero,Transferred,true
VEH-000404,Truck,SYN-TE-00404,PERSON-002004,Black,Tata,Nexon,Active,true
VEH-000405,Truck,SYN-KE-00405,PERSON-000302,Black,Tata,Nexon,Active,true
VEH-000406,Auto,SYN-TA-00406,PERSON-000489,Grey,Maruti,Baleno,Active,true
VEH-000407,SUV,SYN-KA-00407,PERSON-001259,Silver,Maruti,Baleno,Transferred,true
VEH-000408,Truck,SYN-RA-00408,PERSON-001894,Red,Toyota,Urban Cruiser,Active,true
VEH-000409,SUV,SYN-KE-00409,PERSON-002576,Black,Mahindra,Bolero,Active,true
VEH-000410,SUV,SYN-TE-00410,PERSON-000390,Red,Mahindra,Bolero,Transferred,true
VEH-000411,SUV,SYN-MA-00411,PERSON-002660,Grey,Maruti,Ertiga,Active,true
VEH-000412,Motorcycle,SYN-DE-00412,PERSON-002457,Silver,Hyundai,Creta,Transferred,true
VEH-000413,Auto,SYN-DE-00413,PERSON-002335,Red,Hyundai,i20,Transferred,true
VEH-000414,Auto,SYN-UT-00414,PERSON-001337,Silver,Maruti,Swift,Transferred,true
VEH-000415,Truck,SYN-WE-00415,PERSON-002901,White,Hyundai,Venue,Transferred,true
VEH-000416,SUV,SYN-TA-00416,PERSON-002675,Black,Tata,Punch,Active,true
VEH-000417,Motorcycle,SYN-KE-00417,PERSON-001596,Blue,Maruti,Swift,Transferred,true
VEH-000418,Motorcycle,SYN-RA-00418,PERSON-001363,Blue,Mahindra,Scorpio,Active,true
VEH-000419,Car,SYN-KE-00419,PERSON-000611,Black,Hyundai,i20,Active,true
VEH-000420,Motorcycle,SYN-UT-00420,PERSON-002847,Black,Toyota,Urban Cruiser,Active,true
VEH-000421,Motorcycle,SYN-TE-00421,PERSON-001480,White,Tata,Nexon,Active,true
VEH-000422,Auto,SYN-WE-00422,PERSON-000120,Silver,Toyota,Innova,Active,true
VEH-000423,Van,SYN-TE-00423,PERSON-001898,White,Mahindra,XUV,Active,true
VEH-000424,Motorcycle,SYN-MA-00424,PERSON-000921,Black,Mahindra,Bolero,Active,true
VEH-000425,Van,SYN-DE-00425,PERSON-001540,White,Mahindra,Scorpio,Active,true
VEH-000426,Motorcycle,SYN-TE-00426,PERSON-000083,Silver,Mahindra,Scorpio,Transferred,true
VEH-000427,Van,SYN-TA-00427,PERSON-001543,Red,Tata,Altroz,Active,true
VEH-000428,Auto,SYN-RA-00428,PERSON-002999,Red,Toyota,Innova,Transferred,true
VEH-000429,SUV,SYN-KA-00429,PERSON-000842,White,Toyota,Urban Cruiser,Active,true
VEH-000430,Car,SYN-TA-00430,PERSON-002444,Red,Hyundai,Venue,Transferred,true
VEH-000431,Car,SYN-TA-00431,PERSON-000506,Silver,Hyundai,Venue,Active,true
VEH-000432,SUV,SYN-GU-00432,PERSON-002039,Black,Hyundai,Venue,Transferred,true
VEH-000433,Truck,SYN-UT-00433,PERSON-000405,Silver,Maruti,Swift,Active,true
VEH-000434,Auto,SYN-UT-00434,PERSON-001337,Blue,Hyundai,Venue,Transferred,true
VEH-000435,Auto,SYN-TA-00435,PERSON-000479,Silver,Mahindra,Bolero,Transferred,true
VEH-000436,Car,SYN-GU-00436,PERSON-000132,Grey,Hyundai,i20,Active,true
VEH-000437,SUV,SYN-GU-00437,PERSON-000575,Silver,Toyota,Urban Cruiser,Active,true
VEH-000438,Truck,SYN-KA-00438,PERSON-000193,Red,Tata,Altroz,Transferred,true
VEH-000439,SUV,SYN-DE-00439,PERSON-002839,White,Hyundai,Venue,Active,true
VEH-000440,SUV,SYN-WE-00440,PERSON-000216,Silver,Hyundai,Venue,Active,true
VEH-000441,Truck,SYN-MA-00441,PERSON-002124,Red,Tata,Altroz,Active,true
VEH-000442,Motorcycle,SYN-TA-00442,PERSON-000683,Red,Mahindra,Scorpio,Transferred,true
VEH-000443,Motorcycle,SYN-MA-00443,PERSON-001210,Black,Hyundai,i20,Active,true
VEH-000444,Motorcycle,SYN-TE-00444,PERSON-001667,Grey,Tata,Altroz,Active,true
VEH-000445,Motorcycle,SYN-TE-00445,PERSON-001558,Grey,Mahindra,Scorpio,Active,true
VEH-000446,Truck,SYN-TE-00446,PERSON-002256,Grey,Toyota,Innova,Active,true
VEH-000447,Truck,SYN-TA-00447,PERSON-001041,Grey,Toyota,Urban Cruiser,Active,true
VEH-000448,Van,SYN-MA-00448,PERSON-001589,Grey,Maruti,Ertiga,Active,true
VEH-000449,SUV,SYN-KA-00449,PERSON-001259,Grey,Maruti,Ertiga,Transferred,true
VEH-000450,Truck,SYN-GU-00450,PERSON-000850,Black,Toyota,Innova,Active,true
VEH-000451,Car,SYN-GU-00451,PERSON-000063,Black,Tata,Nexon,Transferred,true
VEH-000452,Auto,SYN-KE-00452,PERSON-002757,Silver,Hyundai,Venue,Active,true
VEH-000453,SUV,SYN-GU-00453,PERSON-000081,White,Tata,Nexon,Transferred,true
VEH-000454,Van,SYN-GU-00454,PERSON-001861,Red,Maruti,Swift,Active,true
VEH-000455,Car,SYN-WE-00455,PERSON-000216,Red,Mahindra,Bolero,Active,true
VEH-000456,Motorcycle,SYN-RA-00456,PERSON-002517,Blue,Hyundai,i20,Active,true
VEH-000457,SUV,SYN-DE-00457,PERSON-000538,Silver,Tata,Nexon,Active,true
VEH-000458,Truck,SYN-DE-00458,PERSON-000222,Black,Hyundai,i20,Active,true
VEH-000459,Motorcycle,SYN-TE-00459,PERSON-000621,Red,Maruti,Baleno,Active,true
VEH-000460,Motorcycle,SYN-TE-00460,PERSON-000083,Red,Maruti,Baleno,Transferred,true
VEH-000461,Motorcycle,SYN-DE-00461,PERSON-002745,Red,Mahindra,XUV,Active,true
VEH-000462,Car,SYN-GU-00462,PERSON-000943,Grey,Toyota,Innova,Transferred,true
VEH-000463,Motorcycle,SYN-TE-00463,PERSON-001780,Red,Toyota,Innova,Active,true
VEH-000464,Motorcycle,SYN-TA-00464,PERSON-002397,Red,Maruti,Baleno,Active,true
VEH-000465,SUV,SYN-WE-00465,PERSON-000955,Silver,Hyundai,i20,Transferred,true
VEH-000466,Auto,SYN-TA-00466,PERSON-002408,Blue,Toyota,Urban Cruiser,Transferred,true
VEH-000467,Car,SYN-TE-00467,PERSON-000374,Blue,Mahindra,Bolero,Active,true
VEH-000468,Car,SYN-GU-00468,PERSON-000081,Black,Toyota,Urban Cruiser,Transferred,true
VEH-000469,Car,SYN-KA-00469,PERSON-001259,White,Toyota,Urban Cruiser,Active,true
VEH-000470,Auto,SYN-GU-00470,PERSON-000850,White,Hyundai,i20,Transferred,true
VEH-000471,Auto,SYN-KE-00471,PERSON-002757,Black,Toyota,Urban Cruiser,Active,true
VEH-000472,Car,SYN-RA-00472,PERSON-002517,Silver,Maruti,Swift,Active,true
VEH-000473,Truck,SYN-GU-00473,PERSON-000132,Red,Maruti,Baleno,Active,true
VEH-000474,SUV,SYN-WE-00474,PERSON-000497,Red,Maruti,Baleno,Active,true
VEH-000475,Auto,SYN-WE-00475,PERSON-002901,White,Maruti,Baleno,Transferred,true
VEH-000476,Motorcycle,SYN-MA-00476,PERSON-002124,Silver,Tata,Nexon,Transferred,true
VEH-000477,Van,SYN-GU-00477,PERSON-001860,Silver,Toyota,Urban Cruiser,Active,true
VEH-000478,Truck,SYN-MA-00478,PERSON-002771,White,Mahindra,Bolero,Transferred,true
VEH-000479,SUV,SYN-RA-00479,PERSON-001803,Blue,Toyota,Urban Cruiser,Active,true
VEH-000480,Car,SYN-MA-00480,PERSON-000991,Blue,Hyundai,Venue,Active,true
VEH-000481,Auto,SYN-UT-00481,PERSON-002418,Silver,Mahindra,XUV,Transferred,true
VEH-000482,Van,SYN-KA-00482,PERSON-000499,Blue,Hyundai,i20,Transferred,true
VEH-000483,Auto,SYN-GU-00483,PERSON-000825,Black,Toyota,Innova,Transferred,true
VEH-000484,Motorcycle,SYN-WE-00484,PERSON-001747,Grey,Mahindra,XUV,Active,true
VEH-000485,Truck,SYN-KE-00485,PERSON-002846,Silver,Hyundai,Venue,Active,true
VEH-000486,Motorcycle,SYN-TE-00486,PERSON-001691,Grey,Toyota,Urban Cruiser,Active,true
VEH-000487,SUV,SYN-GU-00487,PERSON-002750,Silver,Tata,Altroz,Active,true
VEH-000488,Motorcycle,SYN-KA-00488,PERSON-002735,Black,Mahindra,Bolero,Active,true
VEH-000489,Truck,SYN-MA-00489,PERSON-000604,Black,Tata,Punch,Active,true
VEH-000490,Auto,SYN-TA-00490,PERSON-002481,Red,Mahindra,Bolero,Active,true
VEH-000491,SUV,SYN-TA-00491,PERSON-001880,Silver,Maruti,Ertiga,Transferred,true
VEH-000492,Truck,SYN-WE-00492,PERSON-002450,White,Mahindra,XUV,Active,true
VEH-000493,Van,SYN-MA-00493,PERSON-001135,White,Maruti,Ertiga,Transferred,true
VEH-000494,Car,SYN-DE-00494,PERSON-000597,Blue,Tata,Nexon,Transferred,true
VEH-000495,SUV,SYN-UT-00495,PERSON-000405,Grey,Maruti,Swift,Active,true
VEH-000496,Motorcycle,SYN-KE-00496,PERSON-002020,Black,Maruti,Swift,Active,true
VEH-000497,Truck,SYN-TE-00497,PERSON-000083,Blue,Hyundai,Venue,Active,true
VEH-000498,Auto,SYN-UT-00498,PERSON-001847,Grey,Tata,Altroz,Active,true
VEH-000499,Motorcycle,SYN-WE-00499,PERSON-001334,Blue,Tata,Punch,Active,true
VEH-000500,Truck,SYN-WE-00500,PERSON-002393,Black,Hyundai,Creta,Transferred,true
VEH-000501,SUV,SYN-UT-00501,PERSON-001847,Red,Maruti,Swift,Active,true
VEH-000502,Car,SYN-TA-00502,PERSON-000479,White,Hyundai,Venue,Active,true
VEH-000503,Motorcycle,SYN-DE-00503,PERSON-000919,Blue,Mahindra,Scorpio,Active,true
VEH-000504,Motorcycle,SYN-KA-00504,PERSON-001478,White,Mahindra,XUV,Transferred,true
VEH-000505,Car,SYN-GU-00505,PERSON-001043,White,Tata,Altroz,Active,true
VEH-000506,Van,SYN-DE-00506,PERSON-001687,Red,Hyundai,Venue,Active,true
VEH-000507,Auto,SYN-GU-00507,PERSON-000575,Blue,Tata,Nexon,Active,true
VEH-000508,Car,SYN-KE-00508,PERSON-001968,Grey,Tata,Altroz,Transferred,true
VEH-000509,Truck,SYN-DE-00509,PERSON-000146,Red,Tata,Punch,Active,true
VEH-000510,Truck,SYN-MA-00510,PERSON-001210,Silver,Hyundai,Venue,Active,true
VEH-000511,Auto,SYN-TE-00511,PERSON-001667,Blue,Tata,Punch,Transferred,true
VEH-000512,Car,SYN-KE-00512,PERSON-001596,Red,Hyundai,Creta,Active,true
VEH-000513,SUV,SYN-MA-00513,PERSON-001589,Black,Tata,Altroz,Active,true
VEH-000514,Truck,SYN-KE-00514,PERSON-001670,Grey,Mahindra,Scorpio,Transferred,true
VEH-000515,SUV,SYN-UT-00515,PERSON-001944,Grey,Mahindra,XUV,Active,true
VEH-000516,Truck,SYN-KA-00516,PERSON-000295,Silver,Maruti,Swift,Transferred,true
VEH-000517,Motorcycle,SYN-KA-00517,PERSON-001066,Black,Toyota,Urban Cruiser,Transferred,true
VEH-000518,Car,SYN-RA-00518,PERSON-000846,Grey,Mahindra,Bolero,Active,true
VEH-000519,Car,SYN-RA-00519,PERSON-001803,Silver,Mahindra,Bolero,Transferred,true
VEH-000520,Car,SYN-DE-00520,PERSON-002965,Blue,Toyota,Urban Cruiser,Active,true
VEH-000521,Motorcycle,SYN-UT-00521,PERSON-000838,Red,Tata,Nexon,Transferred,true
VEH-000522,Motorcycle,SYN-KA-00522,PERSON-002998,Grey,Hyundai,Creta,Transferred,true
VEH-000523,Motorcycle,SYN-GU-00523,PERSON-000863,Blue,Maruti,Ertiga,Active,true
VEH-000524,Auto,SYN-GU-00524,PERSON-000063,Black,Toyota,Innova,Active,true
VEH-000525,SUV,SYN-KE-00525,PERSON-002757,Red,Toyota,Urban Cruiser,Active,true
VEH-000526,Van,SYN-TE-00526,PERSON-001898,Silver,Hyundai,i20,Active,true
VEH-000527,Truck,SYN-TA-00527,PERSON-001543,White,Hyundai,Venue,Active,true
VEH-000528,Car,SYN-MA-00528,PERSON-000357,White,Tata,Nexon,Active,true
VEH-000529,SUV,SYN-MA-00529,PERSON-001542,White,Tata,Nexon,Active,true
VEH-000530,Van,SYN-KA-00530,PERSON-001343,Grey,Maruti,Swift,Active,true
VEH-000531,Truck,SYN-RA-00531,PERSON-001363,Blue,Maruti,Ertiga,Active,true
VEH-000532,SUV,SYN-WE-00532,PERSON-000060,Silver,Tata,Punch,Active,true
VEH-000533,SUV,SYN-UT-00533,PERSON-002922,Grey,Maruti,Ertiga,Active,true
VEH-000534,Auto,SYN-RA-00534,PERSON-002829,Black,Maruti,Ertiga,Active,true
VEH-000535,Truck,SYN-RA-00535,PERSON-001807,White,Toyota,Innova,Active,true
VEH-000536,Motorcycle,SYN-DE-00536,PERSON-000622,Silver,Maruti,Baleno,Active,true
VEH-000537,SUV,SYN-TE-00537,PERSON-001455,Blue,Hyundai,i20,Active,true
VEH-000538,Van,SYN-UT-00538,PERSON-001824,Blue,Maruti,Swift,Active,true
VEH-000539,Auto,SYN-KA-00539,PERSON-000430,Grey,Toyota,Urban Cruiser,Active,true
VEH-000540,SUV,SYN-TE-00540,PERSON-001615,Grey,Toyota,Urban Cruiser,Active,true
VEH-000541,Car,SYN-GU-00541,PERSON-001059,Silver,Tata,Nexon,Active,true
VEH-000542,Truck,SYN-KE-00542,PERSON-000302,Red,Mahindra,Scorpio,Active,true
VEH-000543,Van,SYN-TE-00543,PERSON-002122,White,Maruti,Swift,Active,true
VEH-000544,Car,SYN-TA-00544,PERSON-000489,Silver,Toyota,Urban Cruiser,Active,true
VEH-000545,Truck,SYN-TA-00545,PERSON-000305,Silver,Toyota,Urban Cruiser,Active,true
VEH-000546,Car,SYN-GU-00546,PERSON-001115,White,Tata,Nexon,Transferred,true
VEH-000547,Car,SYN-TE-00547,PERSON-000792,White,Hyundai,Creta,Transferred,true
VEH-000548,Auto,SYN-TE-00548,PERSON-001558,White,Toyota,Innova,Transferred,true
VEH-000549,Van,SYN-RA-00549,PERSON-001474,Silver,Hyundai,Creta,Active,true
VEH-000550,Car,SYN-WE-00550,PERSON-001610,Black,Mahindra,XUV,Transferred,true
VEH-000551,Van,SYN-KE-00551,PERSON-002576,Silver,Maruti,Swift,Active,true
VEH-000552,Motorcycle,SYN-DE-00552,PERSON-000267,Black,Hyundai,i20,Active,true
VEH-000553,Motorcycle,SYN-TE-00553,PERSON-000792,Blue,Maruti,Ertiga,Active,true
VEH-000554,Auto,SYN-DE-00554,PERSON-000597,Black,Maruti,Baleno,Transferred,true
VEH-000555,Car,SYN-UT-00555,PERSON-000405,Blue,Mahindra,Bolero,Active,true
VEH-000556,Auto,SYN-GU-00556,PERSON-002872,Black,Toyota,Innova,Active,true
VEH-000557,Motorcycle,SYN-TA-00557,PERSON-001041,Blue,Mahindra,XUV,Active,true
VEH-000558,Car,SYN-DE-00558,PERSON-002335,Black,Tata,Nexon,Active,true
VEH-000559,Van,SYN-UT-00559,PERSON-000544,Blue,Tata,Nexon,Transferred,true
VEH-000560,Motorcycle,SYN-WE-00560,PERSON-002450,Blue,Mahindra,XUV,Active,true
VEH-000561,Motorcycle,SYN-TA-00561,PERSON-000506,Blue,Tata,Punch,Active,true
VEH-000562,SUV,SYN-DE-00562,PERSON-000769,Blue,Mahindra,XUV,Active,true
VEH-000563,Auto,SYN-GU-00563,PERSON-002879,Blue,Toyota,Innova,Transferred,true
VEH-000564,Motorcycle,SYN-TE-00564,PERSON-000979,Grey,Maruti,Baleno,Active,true
VEH-000565,Truck,SYN-UT-00565,PERSON-000822,Grey,Tata,Altroz,Active,true
VEH-000566,SUV,SYN-MA-00566,PERSON-002759,Black,Hyundai,Venue,Transferred,true
VEH-000567,Auto,SYN-MA-00567,PERSON-000613,Red,Tata,Nexon,Active,true
VEH-000568,SUV,SYN-TE-00568,PERSON-001648,White,Mahindra,XUV,Transferred,true
VEH-000569,Car,SYN-DE-00569,PERSON-000538,Red,Maruti,Ertiga,Active,true
VEH-000570,Truck,SYN-KA-00570,PERSON-001544,Grey,Toyota,Urban Cruiser,Active,true
VEH-000571,Motorcycle,SYN-TA-00571,PERSON-001543,Red,Tata,Punch,Active,true
VEH-000572,Motorcycle,SYN-MA-00572,PERSON-000357,Red,Toyota,Innova,Transferred,true
VEH-000573,Motorcycle,SYN-DE-00573,PERSON-001536,Blue,Toyota,Innova,Active,true
VEH-000574,Truck,SYN-TA-00574,PERSON-001788,Blue,Toyota,Innova,Active,true
VEH-000575,SUV,SYN-RA-00575,PERSON-000898,Black,Hyundai,i20,Transferred,true
VEH-000576,Car,SYN-GU-00576,PERSON-000895,Silver,Toyota,Urban Cruiser,Transferred,true
VEH-000577,Car,SYN-DE-00577,PERSON-000146,White,Mahindra,Scorpio,Active,true
VEH-000578,SUV,SYN-TA-00578,PERSON-000906,Grey,Tata,Nexon,Active,true
VEH-000579,Motorcycle,SYN-WE-00579,PERSON-000279,Red,Maruti,Baleno,Transferred,true
VEH-000580,Truck,SYN-WE-00580,PERSON-002964,Red,Tata,Punch,Transferred,true
VEH-000581,Car,SYN-KE-00581,PERSON-000492,Red,Hyundai,i20,Active,true
VEH-000582,Motorcycle,SYN-KA-00582,PERSON-000526,Grey,Toyota,Urban Cruiser,Active,true
VEH-000583,Car,SYN-UT-00583,PERSON-000022,Blue,Mahindra,Scorpio,Active,true
VEH-000584,Truck,SYN-MA-00584,PERSON-002758,Red,Hyundai,Venue,Active,true
VEH-000585,Truck,SYN-KA-00585,PERSON-000566,Black,Maruti,Baleno,Active,true
VEH-000586,SUV,SYN-MA-00586,PERSON-001360,White,Maruti,Ertiga,Active,true
VEH-000587,Car,SYN-TE-00587,PERSON-000374,Black,Maruti,Ertiga,Transferred,true
VEH-000588,Truck,SYN-WE-00588,PERSON-002393,White,Maruti,Swift,Active,true
VEH-000589,Truck,SYN-KE-00589,PERSON-000611,Silver,Maruti,Baleno,Active,true
VEH-000590,Car,SYN-KE-00590,PERSON-001596,Grey,Tata,Nexon,Active,true
VEH-000591,Truck,SYN-WE-00591,PERSON-002713,Blue,Mahindra,Bolero,Transferred,true
VEH-000592,Car,SYN-WE-00592,PERSON-000497,White,Maruti,Ertiga,Active,true
VEH-000593,Auto,SYN-UT-00593,PERSON-001847,Red,Tata,Nexon,Active,true
VEH-000594,Truck,SYN-TA-00594,PERSON-002150,Red,Tata,Nexon,Transferred,true
VEH-000595,Auto,SYN-UT-00595,PERSON-000647,White,Hyundai,i20,Transferred,true
VEH-000596,Truck,SYN-TA-00596,PERSON-001479,Blue,Toyota,Innova,Transferred,true
VEH-000597,Van,SYN-MA-00597,PERSON-000096,Silver,Toyota,Innova,Transferred,true
VEH-000598,Auto,SYN-UT-00598,PERSON-002418,Black,Hyundai,Creta,Active,true
VEH-000599,Van,SYN-RA-00599,PERSON-002517,Red,Maruti,Baleno,Transferred,true
VEH-000600,Motorcycle,SYN-DE-00600,PERSON-001540,Grey,Toyota,Urban Cruiser,Active,true
VEH-000601,Truck,SYN-MA-00601,PERSON-000921,Blue,Toyota,Innova,Transferred,true
VEH-000602,SUV,SYN-DE-00602,PERSON-002745,Black,Tata,Nexon,Active,true
VEH-000603,SUV,SYN-WE-00603,PERSON-001205,Blue,Toyota,Urban Cruiser,Active,true
VEH-000604,Car,SYN-KE-00604,PERSON-002020,Blue,Hyundai,Venue,Transferred,true
VEH-000605,Motorcycle,SYN-GU-00605,PERSON-002279,Grey,Hyundai,Creta,Transferred,true
VEH-000606,Auto,SYN-DE-00606,PERSON-000538,Grey,Tata,Punch,Transferred,true
VEH-000607,Truck,SYN-RA-00607,PERSON-002999,Blue,Tata,Altroz,Active,true
VEH-000608,Van,SYN-WE-00608,PERSON-001863,Red,Tata,Nexon,Active,true
VEH-000609,Auto,SYN-DE-00609,PERSON-000180,Blue,Tata,Punch,Active,true
VEH-000610,Motorcycle,SYN-WE-00610,PERSON-001610,White,Maruti,Swift,Transferred,true
VEH-000611,Motorcycle,SYN-GU-00611,PERSON-000911,Grey,Mahindra,Scorpio,Active,true
VEH-000612,Auto,SYN-MA-00612,PERSON-002060,Grey,Tata,Altroz,Active,true
VEH-000613,Truck,SYN-KA-00613,PERSON-001664,Black,Tata,Punch,Active,true
VEH-000614,SUV,SYN-KE-00614,PERSON-002757,Silver,Hyundai,i20,Active,true
VEH-000615,Van,SYN-DE-00615,PERSON-000904,Red,Hyundai,i20,Transferred,true
VEH-000616,Motorcycle,SYN-MA-00616,PERSON-002715,Silver,Maruti,Ertiga,Active,true
VEH-000617,SUV,SYN-KE-00617,PERSON-001212,Silver,Tata,Punch,Active,true
VEH-000618,SUV,SYN-GU-00618,PERSON-002279,Black,Hyundai,Venue,Active,true
VEH-000619,Van,SYN-WE-00619,PERSON-000120,Red,Toyota,Innova,Transferred,true
VEH-000620,Van,SYN-TA-00620,PERSON-001543,Red,Toyota,Urban Cruiser,Active,true
VEH-000621,Motorcycle,SYN-DE-00621,PERSON-002745,Blue,Toyota,Urban Cruiser,Active,true
VEH-000622,Car,SYN-UT-00622,PERSON-000765,Silver,Hyundai,Creta,Active,true
VEH-000623,Truck,SYN-DE-00623,PERSON-000682,Silver,Hyundai,Creta,Active,true
VEH-000624,Car,SYN-TE-00624,PERSON-002737,White,Toyota,Urban Cruiser,Active,true
VEH-000625,Van,SYN-MA-00625,PERSON-000042,White,Hyundai,Creta,Transferred,true
VEH-000626,Truck,SYN-RA-00626,PERSON-000275,Red,Maruti,Ertiga,Transferred,true
VEH-000627,Motorcycle,SYN-TE-00627,PERSON-001481,Silver,Toyota,Innova,Active,true
VEH-000628,Truck,SYN-KA-00628,PERSON-002068,Silver,Tata,Nexon,Active,true
VEH-000629,Car,SYN-RA-00629,PERSON-000032,Black,Maruti,Swift,Active,true
VEH-000630,SUV,SYN-TA-00630,PERSON-001617,Grey,Maruti,Swift,Transferred,true
VEH-000631,Auto,SYN-TE-00631,PERSON-000341,Silver,Maruti,Ertiga,Active,true
VEH-000632,Truck,SYN-UT-00632,PERSON-001899,Red,Mahindra,Scorpio,Active,true
VEH-000633,Motorcycle,SYN-MA-00633,PERSON-002633,Red,Mahindra,XUV,Active,true
VEH-000634,SUV,SYN-KA-00634,PERSON-002998,Grey,Mahindra,Bolero,Active,true
VEH-000635,Truck,SYN-WE-00635,PERSON-002835,White,Maruti,Ertiga,Active,true
VEH-000636,Van,SYN-KA-00636,PERSON-000576,Blue,Mahindra,XUV,Active,true
VEH-000637,Motorcycle,SYN-TE-00637,PERSON-000979,Grey,Mahindra,Bolero,Active,true
VEH-000638,Auto,SYN-MA-00638,PERSON-000106,Grey,Hyundai,Creta,Active,true
VEH-000639,Truck,SYN-GU-00639,PERSON-000081,Red,Mahindra,Bolero,Active,true
VEH-000640,Auto,SYN-GU-00640,PERSON-000850,Red,Toyota,Innova,Active,true
VEH-000641,Car,SYN-GU-00641,PERSON-001861,Blue,Hyundai,i20,Active,true
VEH-000642,SUV,SYN-UT-00642,PERSON-001194,White,Toyota,Innova,Active,true
VEH-000643,Car,SYN-RA-00643,PERSON-002574,White,Maruti,Swift,Active,true
VEH-000644,Van,SYN-KE-00644,PERSON-002757,Red,Mahindra,XUV,Active,true
VEH-000645,Car,SYN-RA-00645,PERSON-002829,Black,Toyota,Innova,Active,true
VEH-000646,Motorcycle,SYN-MA-00646,PERSON-002759,Silver,Mahindra,Scorpio,Active,true
VEH-000647,SUV,SYN-UT-00647,PERSON-001578,Red,Maruti,Baleno,Active,true
VEH-000648,Car,SYN-GU-00648,PERSON-000825,Silver,Tata,Altroz,Active,true
VEH-000649,Auto,SYN-TA-00649,PERSON-002408,Grey,Maruti,Baleno,Active,true
VEH-000650,SUV,SYN-TE-00650,PERSON-001691,Grey,Maruti,Ertiga,Active,true
VEH-000651,Motorcycle,SYN-UT-00651,PERSON-001578,Blue,Maruti,Swift,Transferred,true
VEH-000652,Van,SYN-WE-00652,PERSON-002393,Black,Hyundai,Creta,Active,true
VEH-000653,Van,SYN-KA-00653,PERSON-000540,White,Hyundai,i20,Transferred,true
VEH-000654,Motorcycle,SYN-DE-00654,PERSON-000180,Red,Hyundai,i20,Active,true
VEH-000655,Car,SYN-DE-00655,PERSON-001262,Black,Tata,Punch,Transferred,true
VEH-000656,Car,SYN-TE-00656,PERSON-000792,Red,Maruti,Baleno,Active,true
VEH-000657,Motorcycle,SYN-MA-00657,PERSON-000440,Red,Hyundai,Venue,Active,true
VEH-000658,Van,SYN-WE-00658,PERSON-000120,Black,Hyundai,i20,Transferred,true
VEH-000659,Truck,SYN-DE-00659,PERSON-000046,Grey,Hyundai,i20,Active,true
VEH-000660,Motorcycle,SYN-TA-00660,PERSON-001992,Black,Maruti,Baleno,Active,true
VEH-000661,Truck,SYN-TA-00661,PERSON-001543,Blue,Toyota,Innova,Active,true
VEH-000662,Van,SYN-RA-00662,PERSON-002999,Silver,Hyundai,Venue,Transferred,true
VEH-000663,Car,SYN-DE-00663,PERSON-002745,White,Mahindra,Bolero,Transferred,true
VEH-000664,Truck,SYN-KA-00664,PERSON-002896,Black,Hyundai,Venue,Active,true
VEH-000665,SUV,SYN-WE-00665,PERSON-000497,Grey,Maruti,Baleno,Active,true
VEH-000666,Car,SYN-TE-00666,PERSON-000635,Blue,Mahindra,Scorpio,Transferred,true
VEH-000667,Truck,SYN-UT-00667,PERSON-002922,Black,Tata,Nexon,Transferred,true
VEH-000668,SUV,SYN-KA-00668,PERSON-001664,Red,Mahindra,Bolero,Active,true
VEH-000669,Motorcycle,SYN-TA-00669,PERSON-002675,Blue,Hyundai,Venue,Active,true
VEH-000670,Auto,SYN-TA-00670,PERSON-000948,Red,Toyota,Urban Cruiser,Transferred,true
VEH-000671,Car,SYN-KE-00671,PERSON-002757,White,Maruti,Ertiga,Transferred,true
VEH-000672,Truck,SYN-MA-00672,PERSON-000106,Black,Toyota,Urban Cruiser,Transferred,true
VEH-000673,Truck,SYN-DE-00673,PERSON-000697,Silver,Hyundai,Venue,Active,true
VEH-000674,Auto,SYN-WE-00674,PERSON-000584,White,Tata,Punch,Transferred,true
VEH-000675,Van,SYN-KA-00675,PERSON-001664,Black,Hyundai,Venue,Transferred,true
VEH-000676,Car,SYN-RA-00676,PERSON-002438,Silver,Tata,Nexon,Active,true
VEH-000677,Truck,SYN-KE-00677,PERSON-000886,Red,Hyundai,Venue,Transferred,true
VEH-000678,Car,SYN-UT-00678,PERSON-001349,Silver,Mahindra,XUV,Transferred,true
VEH-000679,Auto,SYN-RA-00679,PERSON-001658,Red,Mahindra,Scorpio,Active,true
VEH-000680,Motorcycle,SYN-MA-00680,PERSON-002975,Grey,Mahindra,Scorpio,Active,true
VEH-000681,Car,SYN-KE-00681,PERSON-001327,Black,Toyota,Urban Cruiser,Active,true
VEH-000682,SUV,SYN-GU-00682,PERSON-000634,Red,Hyundai,i20,Active,true
VEH-000683,Auto,SYN-GU-00683,PERSON-000081,Silver,Tata,Punch,Transferred,true
VEH-000684,Car,SYN-RA-00684,PERSON-002574,Red,Toyota,Urban Cruiser,Transferred,true
VEH-000685,Auto,SYN-MA-00685,PERSON-001589,Red,Tata,Altroz,Active,true
VEH-000686,Motorcycle,SYN-TE-00686,PERSON-001667,White,Toyota,Innova,Active,true
VEH-000687,Auto,SYN-GU-00687,PERSON-002750,Grey,Tata,Nexon,Transferred,true
VEH-000688,Truck,SYN-GU-00688,PERSON-000057,Red,Hyundai,i20,Active,true
VEH-000689,Van,SYN-TA-00689,PERSON-002873,Black,Toyota,Innova,Transferred,true
VEH-000690,SUV,SYN-RA-00690,PERSON-000846,Black,Mahindra,XUV,Active,true
VEH-000691,Auto,SYN-TE-00691,PERSON-001898,Grey,Toyota,Innova,Active,true
VEH-000692,Motorcycle,SYN-TE-00692,PERSON-000621,Grey,Hyundai,i20,Active,true
VEH-000693,Truck,SYN-TA-00693,PERSON-000414,White,Tata,Altroz,Active,true
VEH-000694,Auto,SYN-KE-00694,PERSON-000207,Black,Hyundai,i20,Transferred,true
VEH-000695,Truck,SYN-TE-00695,PERSON-001326,White,Tata,Punch,Active,true
VEH-000696,Car,SYN-KA-00696,PERSON-000111,Red,Toyota,Urban Cruiser,Transferred,true
VEH-000697,Motorcycle,SYN-MA-00697,PERSON-001542,Silver,Mahindra,Scorpio,Active,true
VEH-000698,Car,SYN-GU-00698,PERSON-002039,Silver,Mahindra,Scorpio,Active,true
VEH-000699,Car,SYN-WE-00699,PERSON-000060,Red,Mahindra,XUV,Transferred,true
VEH-000700,Car,SYN-WE-00700,PERSON-000497,Blue,Tata,Altroz,Active,true
VEH-000701,Truck,SYN-UT-00701,PERSON-000822,Black,Mahindra,Scorpio,Active,true
VEH-000702,Truck,SYN-MA-00702,PERSON-002759,Black,Mahindra,Bolero,Transferred,true
VEH-000703,Auto,SYN-MA-00703,PERSON-001071,Blue,Tata,Nexon,Active,true
VEH-000704,SUV,SYN-TA-00704,PERSON-000489,Silver,Maruti,Ertiga,Transferred,true
VEH-000705,Motorcycle,SYN-MA-00705,PERSON-001542,Black,Toyota,Innova,Active,true
VEH-000706,Auto,SYN-KA-00706,PERSON-001343,Blue,Mahindra,Scorpio,Active,true
VEH-000707,SUV,SYN-KA-00707,PERSON-002896,Grey,Toyota,Urban Cruiser,Transferred,true
VEH-000708,Truck,SYN-UT-00708,PERSON-002922,White,Toyota,Innova,Transferred,true
VEH-000709,SUV,SYN-MA-00709,PERSON-001210,Black,Hyundai,i20,Active,true
VEH-000710,Car,SYN-GU-00710,PERSON-002750,Grey,Mahindra,XUV,Active,true
VEH-000711,Motorcycle,SYN-GU-00711,PERSON-001619,Red,Hyundai,Creta,Active,true
VEH-000712,Van,SYN-TA-00712,PERSON-001041,Blue,Mahindra,XUV,Transferred,true
VEH-000713,Truck,SYN-KE-00713,PERSON-001670,Silver,Hyundai,i20,Active,true
VEH-000714,Motorcycle,SYN-TE-00714,PERSON-001780,Silver,Hyundai,Creta,Active,true
VEH-000715,Motorcycle,SYN-TA-00715,PERSON-002408,White,Mahindra,Bolero,Active,true
VEH-000716,Van,SYN-UT-00716,PERSON-001578,Blue,Hyundai,Creta,Transferred,true
VEH-000717,Van,SYN-RA-00717,PERSON-000784,Black,Tata,Altroz,Active,true
VEH-000718,Van,SYN-KE-00718,PERSON-000397,Grey,Hyundai,Venue,Active,true
VEH-000719,Car,SYN-KA-00719,PERSON-000717,Black,Mahindra,Bolero,Active,true
VEH-000720,Van,SYN-WE-00720,PERSON-000667,Red,Toyota,Innova,Active,true
VEH-000721,Truck,SYN-GU-00721,PERSON-001131,Grey,Maruti,Baleno,Transferred,true
VEH-000722,Truck,SYN-TE-00722,PERSON-002004,Blue,Toyota,Urban Cruiser,Active,true
VEH-000723,SUV,SYN-GU-00723,PERSON-001861,Grey,Hyundai,i20,Active,true
VEH-000724,Motorcycle,SYN-RA-00724,PERSON-002574,Black,Toyota,Innova,Active,true
VEH-000725,Motorcycle,SYN-GU-00725,PERSON-000863,Silver,Tata,Punch,Active,true
VEH-000726,Van,SYN-UT-00726,PERSON-000647,Red,Maruti,Swift,Active,true
VEH-000727,Truck,SYN-KE-00727,PERSON-002757,Black,Toyota,Innova,Transferred,true
VEH-000728,Truck,SYN-MA-00728,PERSON-001589,Silver,Maruti,Swift,Transferred,true
VEH-000729,Truck,SYN-KE-00729,PERSON-002020,Black,Hyundai,i20,Active,true
VEH-000730,Motorcycle,SYN-MA-00730,PERSON-000921,Silver,Tata,Nexon,Active,true
VEH-000731,Auto,SYN-TA-00731,PERSON-001992,Blue,Maruti,Swift,Active,true
VEH-000732,Motorcycle,SYN-GU-00732,PERSON-000863,Black,Toyota,Innova,Active,true
VEH-000733,Auto,SYN-DE-00733,PERSON-002745,Red,Tata,Nexon,Active,true
VEH-000734,Auto,SYN-GU-00734,PERSON-000473,Black,Mahindra,XUV,Transferred,true
VEH-000735,Auto,SYN-RA-00735,PERSON-000275,Silver,Hyundai,i20,Transferred,true
VEH-000736,Motorcycle,SYN-TE-00736,PERSON-001481,Grey,Hyundai,Venue,Active,true
VEH-000737,Motorcycle,SYN-RA-00737,PERSON-000032,Silver,Tata,Altroz,Active,true
VEH-000738,Motorcycle,SYN-WE-00738,PERSON-001205,Red,Hyundai,Creta,Active,true
VEH-000739,SUV,SYN-TA-00739,PERSON-001041,Red,Mahindra,XUV,Active,true
VEH-000740,Truck,SYN-MA-00740,PERSON-001589,Blue,Toyota,Innova,Active,true
VEH-000741,Truck,SYN-KE-00741,PERSON-001670,Grey,Hyundai,i20,Active,true
VEH-000742,Auto,SYN-KA-00742,PERSON-001664,Black,Toyota,Innova,Active,true
VEH-000743,Motorcycle,SYN-KA-00743,PERSON-002998,Red,Hyundai,i20,Active,true
VEH-000744,Auto,SYN-TA-00744,PERSON-000948,Red,Maruti,Baleno,Active,true
VEH-000745,Car,SYN-RA-00745,PERSON-001315,Blue,Tata,Punch,Active,true
VEH-000746,SUV,SYN-KE-00746,PERSON-002757,White,Toyota,Innova,Active,true
VEH-000747,Motorcycle,SYN-DE-00747,PERSON-000904,Silver,Hyundai,Venue,Active,true
VEH-000748,Van,SYN-DE-00748,PERSON-000697,Grey,Maruti,Ertiga,Active,true
VEH-000749,Motorcycle,SYN-MA-00749,PERSON-002715,White,Toyota,Innova,Active,true
VEH-000750,Auto,SYN-DE-00750,PERSON-002839,White,Hyundai,Venue,Active,true
VEH-000751,Auto,SYN-TA-00751,PERSON-002368,Red,Mahindra,Scorpio,Transferred,true
VEH-000752,Motorcycle,SYN-MA-00752,PERSON-002454,Black,Hyundai,i20,Active,true
VEH-000753,Van,SYN-TE-00753,PERSON-000232,Red,Hyundai,Creta,Active,true
VEH-000754,Car,SYN-DE-00754,PERSON-000146,Red,Tata,Punch,Transferred,true
VEH-000755,Motorcycle,SYN-RA-00755,PERSON-000351,Grey,Maruti,Swift,Transferred,true
VEH-000756,Motorcycle,SYN-GU-00756,PERSON-002750,Grey,Maruti,Swift,Active,true
VEH-000757,Van,SYN-MA-00757,PERSON-001589,Red,Maruti,Baleno,Active,true
VEH-000758,Motorcycle,SYN-KE-00758,PERSON-001670,White,Tata,Nexon,Active,true
VEH-000759,SUV,SYN-DE-00759,PERSON-000146,Grey,Maruti,Baleno,Active,true
VEH-000760,Motorcycle,SYN-WE-00760,PERSON-000047,Grey,Toyota,Innova,Active,true
VEH-000761,Car,SYN-WE-00761,PERSON-000279,Black,Tata,Altroz,Transferred,true
VEH-000762,Auto,SYN-MA-00762,PERSON-002223,Blue,Maruti,Baleno,Active,true
VEH-000763,Van,SYN-MA-00763,PERSON-001542,Black,Mahindra,Scorpio,Transferred,true
VEH-000764,Van,SYN-MA-00764,PERSON-001135,Red,Hyundai,i20,Active,true
VEH-000765,Van,SYN-DE-00765,PERSON-000769,Red,Hyundai,i20,Transferred,true
VEH-000766,Auto,SYN-WE-00766,PERSON-001507,Blue,Hyundai,Creta,Transferred,true
VEH-000767,Motorcycle,SYN-UT-00767,PERSON-000405,Silver,Tata,Nexon,Active,true
VEH-000768,Truck,SYN-MA-00768,PERSON-002660,Grey,Mahindra,Scorpio,Active,true
VEH-000769,Van,SYN-UT-00769,PERSON-001337,Black,Tata,Punch,Active,true
VEH-000770,Van,SYN-KE-00770,PERSON-002757,Grey,Mahindra,Scorpio,Active,true
VEH-000771,Truck,SYN-MA-00771,PERSON-001589,Red,Maruti,Ertiga,Active,true
VEH-000772,SUV,SYN-MA-00772,PERSON-002060,White,Hyundai,i20,Active,true
VEH-000773,Motorcycle,SYN-WE-00773,PERSON-001965,Red,Toyota,Urban Cruiser,Active,true
VEH-000774,Truck,SYN-TA-00774,PERSON-001992,Black,Mahindra,XUV,Active,true
VEH-000775,Van,SYN-TE-00775,PERSON-000621,Black,Toyota,Urban Cruiser,Active,true
VEH-000776,Car,SYN-DE-00776,PERSON-002745,Silver,Maruti,Ertiga,Active,true
VEH-000777,Truck,SYN-DE-00777,PERSON-000146,Black,Tata,Nexon,Active,true
VEH-000778,Truck,SYN-MA-00778,PERSON-001210,Red,Tata,Punch,Active,true
VEH-000779,Car,SYN-RA-00779,PERSON-000351,Black,Hyundai,Creta,Transferred,true
VEH-000780,Car,SYN-MA-00780,PERSON-001589,Grey,Hyundai,Creta,Transferred,true
VEH-000781,Car,SYN-KE-00781,PERSON-001670,Red,Maruti,Swift,Active,true
VEH-000782,SUV,SYN-RA-00782,PERSON-002517,Silver,Mahindra,Bolero,Active,true
VEH-000783,Truck,SYN-WE-00783,PERSON-000120,White,Toyota,Innova,Active,true
VEH-000784,Car,SYN-GU-00784,PERSON-000863,Silver,Mahindra,Scorpio,Transferred,true
VEH-000785,Auto,SYN-TA-00785,PERSON-001543,Blue,Tata,Nexon,Transferred,true
VEH-000786,Auto,SYN-TE-00786,PERSON-002737,Black,Mahindra,XUV,Active,true
VEH-000787,Car,SYN-KA-00787,PERSON-000909,Silver,Hyundai,Venue,Transferred,true
VEH-000788,Van,SYN-MA-00788,PERSON-000042,Silver,Hyundai,Creta,Active,true
VEH-000789,Auto,SYN-KE-00789,PERSON-000165,White,Toyota,Urban Cruiser,Active,true
VEH-000790,SUV,SYN-KE-00790,PERSON-000260,Red,Maruti,Swift,Active,true
VEH-000791,Truck,SYN-TE-00791,PERSON-000245,Red,Maruti,Baleno,Active,true
VEH-000792,SUV,SYN-TE-00792,PERSON-002066,Red,Toyota,Urban Cruiser,Active,true
VEH-000793,Van,SYN-GU-00793,PERSON-000825,Red,Maruti,Swift,Active,true
VEH-000794,Van,SYN-WE-00794,PERSON-001747,Blue,Mahindra,XUV,Active,true
VEH-000795,SUV,SYN-UT-00795,PERSON-001578,White,Tata,Altroz,Active,true
VEH-000796,Truck,SYN-GU-00796,PERSON-000081,Red,Toyota,Urban Cruiser,Active,true
VEH-000797,Auto,SYN-GU-00797,PERSON-000850,Blue,Maruti,Ertiga,Transferred,true
VEH-000798,Auto,SYN-GU-00798,PERSON-001861,White,Toyota,Urban Cruiser,Active,true
VEH-000799,Auto,SYN-GU-00799,PERSON-000063,Blue,Toyota,Innova,Active,true
VEH-000800,Car,SYN-KE-00800,PERSON-002757,Black,Mahindra,Bolero,Transferred,true
VEH-000801,Van,SYN-KE-00801,PERSON-002164,White,Toyota,Innova,Transferred,true
VEH-000802,Motorcycle,SYN-RA-00802,PERSON-001363,White,Toyota,Innova,Active,true
VEH-000803,SUV,SYN-TE-00803,PERSON-000635,Grey,Tata,Punch,Active,true
VEH-000804,Truck,SYN-UT-00804,PERSON-002847,White,Toyota,Urban Cruiser,Active,true
VEH-000805,SUV,SYN-WE-00805,PERSON-002159,Silver,Tata,Nexon,Active,true
VEH-000806,Truck,SYN-UT-00806,PERSON-000022,Black,Toyota,Urban Cruiser,Active,true
VEH-000807,Car,SYN-TA-00807,PERSON-000906,Black,Hyundai,Creta,Active,true
VEH-000808,Van,SYN-WE-00808,PERSON-000955,Silver,Hyundai,Creta,Active,true
VEH-000809,Van,SYN-GU-00809,PERSON-001127,Grey,Maruti,Baleno,Transferred,true
VEH-000810,Truck,SYN-GU-00810,PERSON-001214,Red,Hyundai,i20,Active,true
VEH-000811,Motorcycle,SYN-KA-00811,PERSON-000499,Grey,Mahindra,XUV,Transferred,true
VEH-000812,Truck,SYN-TA-00812,PERSON-002397,Silver,Mahindra,XUV,Active,true
VEH-000813,Van,SYN-WE-00813,PERSON-001747,Red,Mahindra,Bolero,Active,true
VEH-000814,Car,SYN-TE-00814,PERSON-001691,Black,Maruti,Baleno,Transferred,true
VEH-000815,SUV,SYN-UT-00815,PERSON-001847,Black,Hyundai,Creta,Active,true
VEH-000816,Van,SYN-WE-00816,PERSON-001029,White,Maruti,Baleno,Transferred,true
VEH-000817,Auto,SYN-GU-00817,PERSON-000081,Red,Tata,Nexon,Active,true
VEH-000818,Car,SYN-TE-00818,PERSON-000449,Red,Tata,Punch,Transferred,true
VEH-000819,Motorcycle,SYN-KA-00819,PERSON-001259,Black,Toyota,Urban Cruiser,Active,true
VEH-000820,Motorcycle,SYN-GU-00820,PERSON-001861,White,Maruti,Swift,Active,true
VEH-000821,Motorcycle,SYN-GU-00821,PERSON-000063,White,Tata,Altroz,Active,true
VEH-000822,Truck,SYN-GU-00822,PERSON-000863,White,Hyundai,Venue,Transferred,true
VEH-000823,Car,SYN-KA-00823,PERSON-000526,Black,Mahindra,Bolero,Active,true
VEH-000824,SUV,SYN-MA-00824,PERSON-001110,Black,Toyota,Innova,Active,true
VEH-000825,Truck,SYN-DE-00825,PERSON-000957,Grey,Maruti,Baleno,Active,true
VEH-000826,Truck,SYN-MA-00826,PERSON-002309,Black,Mahindra,Scorpio,Active,true
VEH-000827,Motorcycle,SYN-WE-00827,PERSON-000955,Red,Maruti,Swift,Transferred,true
VEH-000828,Auto,SYN-MA-00828,PERSON-001360,Black,Hyundai,Creta,Active,true
VEH-000829,Truck,SYN-TA-00829,PERSON-000223,Grey,Maruti,Baleno,Active,true
VEH-000830,Motorcycle,SYN-RA-00830,PERSON-001552,Red,Mahindra,Bolero,Active,true
VEH-000831,Truck,SYN-GU-00831,PERSON-001214,Black,Tata,Punch,Active,true
VEH-000832,SUV,SYN-GU-00832,PERSON-001131,Black,Mahindra,Scorpio,Active,true
VEH-000833,Auto,SYN-WE-00833,PERSON-002982,Grey,Maruti,Ertiga,Active,true
VEH-000834,Car,SYN-GU-00834,PERSON-001127,Blue,Hyundai,Venue,Active,true
VEH-000835,Car,SYN-TA-00835,PERSON-002675,Grey,Hyundai,Venue,Active,true
VEH-000836,Motorcycle,SYN-RA-00836,PERSON-002438,Grey,Maruti,Baleno,Active,true
VEH-000837,Truck,SYN-KE-00837,PERSON-000886,White,Toyota,Urban Cruiser,Transferred,true
VEH-000838,Car,SYN-GU-00838,PERSON-000062,White,Hyundai,Creta,Active,true
VEH-000839,Motorcycle,SYN-UT-00839,PERSON-002847,Black,Toyota,Innova,Active,true
VEH-000840,Van,SYN-UT-00840,PERSON-002922,White,Mahindra,XUV,Active,true
VEH-000841,Van,SYN-TE-00841,PERSON-001898,White,Toyota,Innova,Active,true
VEH-000842,Car,SYN-MA-00842,PERSON-000921,Blue,Maruti,Ertiga,Active,true
VEH-000843,Car,SYN-TA-00843,PERSON-001992,Grey,Hyundai,Venue,Transferred,true
VEH-000844,Van,SYN-DE-00844,PERSON-002745,Grey,Maruti,Swift,Active,true
VEH-000845,Motorcycle,SYN-WE-00845,PERSON-000488,Grey,Mahindra,Scorpio,Transferred,true
VEH-000846,Motorcycle,SYN-UT-00846,PERSON-000822,Black,Maruti,Ertiga,Active,true
VEH-000847,Auto,SYN-MA-00847,PERSON-002759,Blue,Maruti,Ertiga,Active,true
VEH-000848,Auto,SYN-UT-00848,PERSON-001578,Blue,Tata,Altroz,Active,true
VEH-000849,SUV,SYN-RA-00849,PERSON-001363,Silver,Maruti,Baleno,Active,true
VEH-000850,Van,SYN-GU-00850,PERSON-001115,Red,Mahindra,Scorpio,Transferred,true
VEH-000851,Truck,SYN-WE-00851,PERSON-001610,Grey,Maruti,Baleno,Active,true
VEH-000852,Van,SYN-MA-00852,PERSON-000440,White,Hyundai,Venue,Transferred,true
VEH-000853,Motorcycle,SYN-TE-00853,PERSON-002618,Red,Maruti,Ertiga,Transferred,true
VEH-000854,Truck,SYN-KA-00854,PERSON-001757,White,Tata,Altroz,Active,true
VEH-000855,Motorcycle,SYN-WE-00855,PERSON-000366,Black,Toyota,Urban Cruiser,Transferred,true
VEH-000856,Van,SYN-DE-00856,PERSON-000597,Red,Hyundai,Venue,Active,true
VEH-000857,Auto,SYN-WE-00857,PERSON-000407,Grey,Toyota,Urban Cruiser,Active,true
VEH-000858,Truck,SYN-DE-00858,PERSON-000175,Grey,Hyundai,Creta,Active,true
VEH-000859,Auto,SYN-WE-00859,PERSON-000001,Blue,Mahindra,XUV,Active,true
VEH-000860,Truck,SYN-KE-00860,PERSON-001318,Red,Hyundai,i20,Active,true
VEH-000861,Car,SYN-DE-00861,PERSON-001540,Silver,Mahindra,Bolero,Active,true
VEH-000862,Truck,SYN-GU-00862,PERSON-000721,White,Tata,Nexon,Transferred,true
VEH-000863,Van,SYN-GU-00863,PERSON-002970,White,Hyundai,Venue,Transferred,true
VEH-000864,Auto,SYN-TA-00864,PERSON-000479,Silver,Tata,Punch,Active,true
VEH-000865,Truck,SYN-WE-00865,PERSON-002739,Red,Tata,Altroz,Active,true
VEH-000866,Car,SYN-UT-00866,PERSON-002106,Black,Tata,Nexon,Active,true
VEH-000867,Motorcycle,SYN-GU-00867,PERSON-001387,Blue,Tata,Nexon,Active,true
VEH-000868,Truck,SYN-MA-00868,PERSON-001152,White,Mahindra,Bolero,Active,true
VEH-000869,Car,SYN-KE-00869,PERSON-002009,Blue,Mahindra,XUV,Transferred,true
VEH-000870,Car,SYN-GU-00870,PERSON-000081,White,Hyundai,Venue,Active,true
VEH-000871,Motorcycle,SYN-KA-00871,PERSON-001259,Black,Maruti,Baleno,Active,true
VEH-000872,Auto,SYN-GU-00872,PERSON-000850,Silver,Maruti,Ertiga,Active,true
VEH-000873,SUV,SYN-RA-00873,PERSON-002574,Red,Maruti,Swift,Active,true
VEH-000874,Motorcycle,SYN-GU-00874,PERSON-000863,Red,Mahindra,Scorpio,Active,true
VEH-000875,Truck,SYN-TE-00875,PERSON-000792,Silver,Toyota,Urban Cruiser,Active,true
VEH-000876,Van,SYN-KE-00876,PERSON-000397,Silver,Hyundai,Venue,Active,true
VEH-000877,Truck,SYN-KA-00877,PERSON-002915,Blue,Tata,Punch,Active,true
VEH-000878,Motorcycle,SYN-KE-00878,PERSON-001890,Blue,Tata,Nexon,Transferred,true
VEH-000879,Auto,SYN-GU-00879,PERSON-002215,Blue,Maruti,Baleno,Active,true
VEH-000880,Car,SYN-WE-00880,PERSON-002821,Grey,Toyota,Urban Cruiser,Transferred,true
VEH-000881,Auto,SYN-MA-00881,PERSON-000440,Black,Tata,Punch,Transferred,true
VEH-000882,Truck,SYN-DE-00882,PERSON-000146,Red,Tata,Altroz,Transferred,true
VEH-000883,SUV,SYN-TE-00883,PERSON-001667,White,Tata,Punch,Active,true
VEH-000884,Van,SYN-MA-00884,PERSON-001210,Red,Tata,Punch,Transferred,true
VEH-000885,Auto,SYN-TA-00885,PERSON-001041,Silver,Maruti,Swift,Transferred,true
VEH-000886,Car,SYN-KE-00886,PERSON-001670,Red,Toyota,Urban Cruiser,Transferred,true
VEH-000887,Motorcycle,SYN-GU-00887,PERSON-001387,Blue,Maruti,Swift,Active,true
VEH-000888,Auto,SYN-TA-00888,PERSON-002654,Red,Hyundai,Venue,Transferred,true
VEH-000889,SUV,SYN-TE-00889,PERSON-001667,Silver,Mahindra,Bolero,Active,true
VEH-000890,Auto,SYN-GU-00890,PERSON-002750,Blue,Tata,Altroz,Transferred,true
VEH-000891,Van,SYN-DE-00891,PERSON-000682,Grey,Hyundai,Creta,Transferred,true
VEH-000892,Truck,SYN-TE-00892,PERSON-001558,Red,Hyundai,i20,Transferred,true
VEH-000893,Motorcycle,SYN-MA-00893,PERSON-000042,Grey,Tata,Punch,Active,true
VEH-000894,Motorcycle,SYN-GU-00894,PERSON-000473,Red,Toyota,Innova,Active,true
VEH-000895,Auto,SYN-TE-00895,PERSON-001481,Silver,Tata,Nexon,Transferred,true
VEH-000896,Car,SYN-DE-00896,PERSON-000832,Red,Tata,Altroz,Active,true
VEH-000897,Auto,SYN-UT-00897,PERSON-001847,Grey,Maruti,Baleno,Active,true
VEH-000898,Motorcycle,SYN-TE-00898,PERSON-002737,Blue,Tata,Altroz,Active,true
VEH-000899,Van,SYN-WE-00899,PERSON-000366,Blue,Tata,Punch,Active,true
VEH-000900,Car,SYN-TA-00900,PERSON-000414,Red,Mahindra,Scorpio,Transferred,true
VEH-000901,Van,SYN-KE-00901,PERSON-000207,Black,Mahindra,Bolero,Active,true
VEH-000902,SUV,SYN-KA-00902,PERSON-000111,Blue,Toyota,Innova,Transferred,true
VEH-000903,Auto,SYN-DE-00903,PERSON-000103,Black,Maruti,Baleno,Transferred,true
VEH-000904,Car,SYN-TE-00904,PERSON-001869,Silver,Tata,Nexon,Active,true
VEH-000905,SUV,SYN-GU-00905,PERSON-001908,Grey,Maruti,Ertiga,Active,true
VEH-000906,Auto,SYN-DE-00906,PERSON-001258,Blue,Toyota,Urban Cruiser,Active,true
VEH-000907,Auto,SYN-TA-00907,PERSON-000901,Red,Tata,Nexon,Transferred,true
VEH-000908,Motorcycle,SYN-KE-00908,PERSON-000599,Grey,Mahindra,Bolero,Transferred,true
VEH-000909,Van,SYN-RA-00909,PERSON-001519,Black,Toyota,Innova,Active,true
VEH-000910,Truck,SYN-DE-00910,PERSON-000146,White,Toyota,Innova,Active,true
VEH-000911,SUV,SYN-MA-00911,PERSON-000217,Black,Hyundai,i20,Active,true
VEH-000912,Truck,SYN-WE-00912,PERSON-002964,Blue,Hyundai,Venue,Active,true
VEH-000913,SUV,SYN-RA-00913,PERSON-002517,Blue,Maruti,Swift,Transferred,true
VEH-000914,Car,SYN-DE-00914,PERSON-000597,Black,Toyota,Innova,Active,true
VEH-000915,Auto,SYN-TA-00915,PERSON-000817,Blue,Hyundai,i20,Active,true
VEH-000916,Auto,SYN-TE-00916,PERSON-000860,Grey,Hyundai,Venue,Active,true
VEH-000917,Motorcycle,SYN-GU-00917,PERSON-002879,Black,Maruti,Baleno,Transferred,true
VEH-000918,Motorcycle,SYN-KE-00918,PERSON-002205,Silver,Hyundai,i20,Active,true
VEH-000919,Motorcycle,SYN-MA-00919,PERSON-000217,White,Toyota,Innova,Active,true
VEH-000920,Motorcycle,SYN-GU-00920,PERSON-001043,Grey,Tata,Altroz,Transferred,true
VEH-000921,Motorcycle,SYN-KE-00921,PERSON-000556,Blue,Mahindra,Scorpio,Active,true
VEH-000922,Truck,SYN-MA-00922,PERSON-001210,White,Mahindra,XUV,Active,true
VEH-000923,Car,SYN-TE-00923,PERSON-001558,White,Tata,Punch,Transferred,true
VEH-000924,SUV,SYN-TA-00924,PERSON-001041,White,Hyundai,Venue,Transferred,true
VEH-000925,Motorcycle,SYN-KE-00925,PERSON-002757,Red,Maruti,Baleno,Transferred,true
VEH-000926,Motorcycle,SYN-KE-00926,PERSON-001670,Black,Mahindra,XUV,Active,true
VEH-000927,SUV,SYN-WE-00927,PERSON-000120,Red,Tata,Nexon,Active,true
VEH-000928,Truck,SYN-GU-00928,PERSON-000863,Blue,Tata,Altroz,Transferred,true
VEH-000929,Van,SYN-GU-00929,PERSON-000081,White,Mahindra,XUV,Active,true
VEH-000930,Car,SYN-KA-00930,PERSON-001259,Black,Toyota,Urban Cruiser,Transferred,true
VEH-000931,SUV,SYN-GU-00931,PERSON-000850,White,Toyota,Innova,Active,true
VEH-000932,Truck,SYN-GU-00932,PERSON-000063,Black,Tata,Altroz,Active,true
VEH-000933,Truck,SYN-KE-00933,PERSON-002757,Silver,Mahindra,Scorpio,Active,true
VEH-000934,Motorcycle,SYN-DE-00934,PERSON-000832,Black,Mahindra,XUV,Transferred,true
VEH-000935,SUV,SYN-WE-00935,PERSON-000497,Silver,Hyundai,Creta,Active,true
VEH-000936,Car,SYN-UT-00936,PERSON-002922,Silver,Toyota,Urban Cruiser,Active,true
VEH-000937,Car,SYN-KE-00937,PERSON-000886,Silver,Hyundai,Venue,Active,true
VEH-000938,Van,SYN-MA-00938,PERSON-002771,White,Maruti,Baleno,Transferred,true
VEH-000939,Truck,SYN-TE-00939,PERSON-000144,Silver,Hyundai,Venue,Transferred,true
VEH-000940,Truck,SYN-KE-00940,PERSON-000302,Silver,Hyundai,i20,Active,true
VEH-000941,SUV,SYN-TA-00941,PERSON-001880,Silver,Mahindra,Bolero,Transferred,true
VEH-000942,Van,SYN-TE-00942,PERSON-002122,Grey,Maruti,Swift,Transferred,true
VEH-000943,Truck,SYN-TE-00943,PERSON-001830,White,Tata,Nexon,Active,true
VEH-000944,Car,SYN-UT-00944,PERSON-001584,Blue,Toyota,Innova,Transferred,true
VEH-000945,Van,SYN-UT-00945,PERSON-000419,Red,Hyundai,i20,Active,true
VEH-000946,Truck,SYN-DE-00946,PERSON-000103,White,Tata,Altroz,Active,true
VEH-000947,Auto,SYN-MA-00947,PERSON-001774,Blue,Toyota,Innova,Transferred,true
VEH-000948,Motorcycle,SYN-WE-00948,PERSON-000407,Silver,Mahindra,XUV,Active,true
VEH-000949,Car,SYN-TE-00949,PERSON-002094,Black,Mahindra,XUV,Active,true
VEH-000950,Van,SYN-DE-00950,PERSON-001687,Blue,Hyundai,Creta,Active,true
VEH-000951,Car,SYN-KE-00951,PERSON-000207,Blue,Toyota,Innova,Active,true
VEH-000952,SUV,SYN-GU-00952,PERSON-000862,Red,Toyota,Innova,Transferred,true
VEH-000953,Car,SYN-KA-00953,PERSON-000295,Blue,Maruti,Swift,Active,true
VEH-000954,Van,SYN-RA-00954,PERSON-000846,Red,Mahindra,Scorpio,Transferred,true
VEH-000955,Auto,SYN-KA-00955,PERSON-002646,Silver,Maruti,Baleno,Active,true
VEH-000956,Car,SYN-GU-00956,PERSON-001387,Blue,Tata,Nexon,Active,true
VEH-000957,Auto,SYN-RA-00957,PERSON-000784,Silver,Mahindra,Scorpio,Active,true
VEH-000958,SUV,SYN-KE-00958,PERSON-000397,Blue,Hyundai,Creta,Transferred,true
VEH-000959,Motorcycle,SYN-KE-00959,PERSON-001234,Blue,Toyota,Urban Cruiser,Transferred,true
VEH-000960,Auto,SYN-KA-00960,PERSON-002068,Blue,Mahindra,Scorpio,Active,true
VEH-000961,Van,SYN-TE-00961,PERSON-002004,Blue,Toyota,Urban Cruiser,Transferred,true
VEH-000962,SUV,SYN-UT-00962,PERSON-001107,Silver,Maruti,Ertiga,Active,true
VEH-000963,Motorcycle,SYN-KA-00963,PERSON-001259,Blue,Mahindra,Scorpio,Transferred,true
VEH-000964,Car,SYN-GU-00964,PERSON-001861,Black,Tata,Altroz,Active,true
VEH-000965,SUV,SYN-RA-00965,PERSON-002574,White,Mahindra,Bolero,Transferred,true
VEH-000966,Truck,SYN-KE-00966,PERSON-002757,Black,Mahindra,Bolero,Active,true
VEH-000967,Truck,SYN-WE-00967,PERSON-000569,White,Mahindra,XUV,Transferred,true
VEH-000968,Motorcycle,SYN-MA-00968,PERSON-001589,Blue,Toyota,Urban Cruiser,Transferred,true
VEH-000969,Motorcycle,SYN-TE-00969,PERSON-002066,White,Toyota,Urban Cruiser,Transferred,true
VEH-000970,Motorcycle,SYN-UT-00970,PERSON-002077,White,Tata,Nexon,Active,true
VEH-000971,Car,SYN-MA-00971,PERSON-000991,Grey,Tata,Altroz,Active,true
VEH-000972,Truck,SYN-MA-00972,PERSON-000096,White,Hyundai,Venue,Active,true
VEH-000973,Car,SYN-TA-00973,PERSON-002944,Black,Mahindra,Scorpio,Active,true
VEH-000974,Truck,SYN-DE-00974,PERSON-000538,Red,Hyundai,Venue,Transferred,true
VEH-000975,Auto,SYN-DE-00975,PERSON-001540,Grey,Toyota,Innova,Active,true
VEH-000976,Motorcycle,SYN-RA-00976,PERSON-002999,Red,Toyota,Urban Cruiser,Active,true
VEH-000977,SUV,SYN-WE-00977,PERSON-000488,Grey,Mahindra,XUV,Transferred,true
VEH-000978,Van,SYN-DE-00978,PERSON-002745,Blue,Hyundai,Venue,Active,true
VEH-000979,Car,SYN-MA-00979,PERSON-000357,Black,Hyundai,Creta,Active,true
VEH-000980,Van,SYN-WE-00980,PERSON-002821,Black,Mahindra,Bolero,Transferred,true
VEH-000981,Motorcycle,SYN-RA-00981,PERSON-001474,Blue,Tata,Punch,Active,true
VEH-000982,Van,SYN-DE-00982,PERSON-000180,Grey,Toyota,Innova,Active,true
VEH-000983,Car,SYN-WE-00983,PERSON-001610,Blue,Toyota,Innova,Transferred,true
VEH-000984,Motorcycle,SYN-TE-00984,PERSON-002618,Blue,Hyundai,Creta,Active,true
VEH-000985,Van,SYN-WE-00985,PERSON-002821,Black,Hyundai,Creta,Active,true
VEH-000986,Motorcycle,SYN-TE-00986,PERSON-000792,Black,Maruti,Baleno,Transferred,true
VEH-000987,Car,SYN-TE-00987,PERSON-002618,Black,Tata,Punch,Active,true
VEH-000988,Motorcycle,SYN-DE-00988,PERSON-000682,Blue,Hyundai,Venue,Transferred,true
VEH-000989,Car,SYN-TE-00989,PERSON-002737,Grey,Toyota,Innova,Active,true
VEH-000990,SUV,SYN-GU-00990,PERSON-000473,White,Mahindra,XUV,Transferred,true
VEH-000991,Truck,SYN-KE-00991,PERSON-000580,Red,Mahindra,Scorpio,Transferred,true
VEH-000992,SUV,SYN-RA-00992,PERSON-000032,Black,Hyundai,i20,Transferred,true
VEH-000993,SUV,SYN-RA-00993,PERSON-001363,Black,Toyota,Innova,Active,true
VEH-000994,Car,SYN-TE-00994,PERSON-001480,Silver,Toyota,Urban Cruiser,Transferred,true
VEH-000995,SUV,SYN-TE-00995,PERSON-000635,Black,Mahindra,Scorpio,Transferred,true
VEH-000996,Auto,SYN-KA-00996,PERSON-000295,Black,Tata,Altroz,Active,true
VEH-000997,SUV,SYN-TE-00997,PERSON-001521,Black,Tata,Altroz,Transferred,true
VEH-000998,Truck,SYN-TA-00998,PERSON-001642,White,Toyota,Innova,Transferred,true
VEH-000999,Motorcycle,SYN-GU-00999,PERSON-001043,Silver,Mahindra,Bolero,Active,true
VEH-001000,SUV,SYN-MA-01000,PERSON-001547,Black,Hyundai,Creta,Active,true
VEH-001001,Motorcycle,SYN-KE-01001,PERSON-000260,Grey,Maruti,Baleno,Active,true
VEH-001002,Auto,SYN-KE-01002,PERSON-002846,Silver,Toyota,Urban Cruiser,Active,true
VEH-001003,Car,SYN-DE-01003,PERSON-001397,Blue,Mahindra,Scorpio,Active,true
VEH-001004,Truck,SYN-TE-01004,PERSON-002304,Silver,Hyundai,Creta,Active,true
VEH-001005,Van,SYN-TE-01005,PERSON-001691,Silver,Toyota,Urban Cruiser,Active,true
VEH-001006,Car,SYN-KA-01006,PERSON-000111,Black,Tata,Altroz,Transferred,true
VEH-001007,Van,SYN-KE-01007,PERSON-002757,White,Tata,Altroz,Transferred,true
VEH-001008,Van,SYN-MA-01008,PERSON-001210,White,Hyundai,Venue,Active,true
VEH-001009,Car,SYN-TE-01009,PERSON-001558,White,Maruti,Swift,Active,true
VEH-001010,Car,SYN-GU-01010,PERSON-002750,Grey,Toyota,Innova,Active,true
VEH-001011,Car,SYN-TA-01011,PERSON-001041,Silver,Mahindra,Scorpio,Active,true
VEH-001012,Auto,SYN-MA-01012,PERSON-001589,Red,Hyundai,Venue,Active,true
VEH-001013,Car,SYN-KE-01013,PERSON-001670,White,Toyota,Urban Cruiser,Active,true
VEH-001014,Van,SYN-GU-01014,PERSON-000063,Red,Maruti,Ertiga,Active,true
VEH-001015,Truck,SYN-KE-01015,PERSON-002757,Blue,Mahindra,Bolero,Active,true
VEH-001016,SUV,SYN-KA-01016,PERSON-002449,White,Toyota,Urban Cruiser,Transferred,true
VEH-001017,Motorcycle,SYN-KE-01017,PERSON-002197,Blue,Hyundai,Creta,Active,true
VEH-001018,Truck,SYN-WE-01018,PERSON-000703,Red,Hyundai,Creta,Active,true
VEH-001019,Truck,SYN-WE-01019,PERSON-001205,White,Toyota,Urban Cruiser,Transferred,true
VEH-001020,Motorcycle,SYN-TE-01020,PERSON-002275,Black,Hyundai,Creta,Active,true
VEH-001021,Motorcycle,SYN-GU-01021,PERSON-000863,Black,Maruti,Baleno,Active,true
VEH-001022,SUV,SYN-RA-01022,PERSON-002999,Red,Tata,Nexon,Active,true
VEH-001023,Auto,SYN-RA-01023,PERSON-002343,White,Tata,Altroz,Active,true
VEH-001024,Auto,SYN-TE-01024,PERSON-000950,White,Hyundai,Venue,Transferred,true
VEH-001025,SUV,SYN-KE-01025,PERSON-000272,Grey,Toyota,Innova,Transferred,true
VEH-001026,Van,SYN-RA-01026,PERSON-002017,Red,Mahindra,Scorpio,Active,true
VEH-001027,Auto,SYN-TE-01027,PERSON-000121,Black,Hyundai,Creta,Active,true
VEH-001028,Van,SYN-MA-01028,PERSON-001796,Grey,Maruti,Ertiga,Active,true
VEH-001029,Car,SYN-UT-01029,PERSON-002418,Grey,Tata,Nexon,Active,true
VEH-001030,Motorcycle,SYN-WE-01030,PERSON-000845,Red,Tata,Nexon,Active,true
VEH-001031,SUV,SYN-TE-01031,PERSON-001558,Silver,Toyota,Urban Cruiser,Transferred,true
VEH-001032,Car,SYN-WE-01032,PERSON-001610,White,Tata,Altroz,Transferred,true
VEH-001033,Car,SYN-RA-01033,PERSON-001552,Silver,Toyota,Urban Cruiser,Active,true
VEH-001034,Motorcycle,SYN-KE-01034,PERSON-002020,Blue,Mahindra,Scorpio,Transferred,true
VEH-001035,Van,SYN-DE-01035,PERSON-000538,Silver,Mahindra,Bolero,Transferred,true
VEH-001036,Van,SYN-GU-01036,PERSON-001861,Grey,Maruti,Ertiga,Active,true
VEH-001037,Motorcycle,SYN-MA-01037,PERSON-000921,Red,Toyota,Urban Cruiser,Active,true
VEH-001038,Car,SYN-TA-01038,PERSON-001543,Black,Tata,Altroz,Active,true
VEH-001039,Van,SYN-WE-01039,PERSON-001205,Grey,Maruti,Swift,Active,true
VEH-001040,Truck,SYN-MA-01040,PERSON-001135,Grey,Tata,Nexon,Transferred,true
VEH-001041,Auto,SYN-DE-01041,PERSON-001262,Silver,Toyota,Urban Cruiser,Active,true
VEH-001042,Car,SYN-MA-01042,PERSON-002060,Grey,Mahindra,XUV,Active,true
VEH-001043,Truck,SYN-DE-01043,PERSON-000267,Black,Maruti,Swift,Active,true
VEH-001044,Auto,SYN-MA-01044,PERSON-000440,White,Tata,Punch,Active,true
VEH-001045,Van,SYN-GU-01045,PERSON-000081,Red,Maruti,Swift,Transferred,true
VEH-001046,Truck,SYN-KA-01046,PERSON-001259,White,Maruti,Ertiga,Transferred,true
VEH-001047,Truck,SYN-GU-01047,PERSON-000850,Blue,Maruti,Ertiga,Active,true
VEH-001048,Truck,SYN-WE-01048,PERSON-002821,Red,Hyundai,Creta,Active,true
VEH-001049,Auto,SYN-GU-01049,PERSON-001115,Red,Toyota,Urban Cruiser,Active,true
VEH-001050,Car,SYN-DE-01050,PERSON-000180,Red,Maruti,Ertiga,Active,true
VEH-001051,Motorcycle,SYN-UT-01051,PERSON-002900,White,Maruti,Swift,Active,true
VEH-001052,Car,SYN-KA-01052,PERSON-000233,Red,Tata,Nexon,Active,true
VEH-001053,SUV,SYN-KE-01053,PERSON-000492,Black,Toyota,Urban Cruiser,Active,true
VEH-001054,Van,SYN-UT-01054,PERSON-002082,Red,Hyundai,Creta,Active,true
VEH-001055,Auto,SYN-TE-01055,PERSON-002122,Silver,Tata,Altroz,Active,true
VEH-001056,Motorcycle,SYN-TA-01056,PERSON-000489,Silver,Tata,Punch,Active,true
VEH-001057,Car,SYN-TA-01057,PERSON-000305,White,Hyundai,Venue,Transferred,true
VEH-001058,Truck,SYN-TE-01058,PERSON-002094,White,Mahindra,Scorpio,Transferred,true
VEH-001059,SUV,SYN-DE-01059,PERSON-001397,Silver,Mahindra,XUV,Active,true
VEH-001060,Motorcycle,SYN-TE-01060,PERSON-001869,White,Hyundai,Creta,Active,true
VEH-001061,Truck,SYN-MA-01061,PERSON-001210,Silver,Toyota,Innova,Active,true
VEH-001062,Auto,SYN-UT-01062,PERSON-000022,Silver,Mahindra,Scorpio,Active,true
VEH-001063,Motorcycle,SYN-TE-01063,PERSON-001558,Silver,Toyota,Innova,Transferred,true
VEH-001064,Auto,SYN-RA-01064,PERSON-000351,Blue,Tata,Altroz,Active,true
VEH-001065,Van,SYN-KE-01065,PERSON-001670,Black,Toyota,Innova,Active,true
VEH-001066,SUV,SYN-TE-01066,PERSON-001558,Grey,Hyundai,i20,Active,true
VEH-001067,Auto,SYN-RA-01067,PERSON-001474,Blue,Maruti,Baleno,Active,true
VEH-001068,Motorcycle,SYN-GU-01068,PERSON-001115,Silver,Maruti,Baleno,Active,true
VEH-001069,SUV,SYN-DE-01069,PERSON-001262,Black,Mahindra,XUV,Transferred,true
VEH-001070,Motorcycle,SYN-DE-01070,PERSON-000180,Black,Maruti,Baleno,Active,true
VEH-001071,Motorcycle,SYN-TE-01071,PERSON-000792,White,Hyundai,Creta,Transferred,true
VEH-001072,Car,SYN-MA-01072,PERSON-000440,Grey,Toyota,Urban Cruiser,Active,true
VEH-001073,Auto,SYN-TE-01073,PERSON-001309,Red,Toyota,Urban Cruiser,Transferred,true
VEH-001074,Motorcycle,SYN-GU-01074,PERSON-000274,White,Mahindra,XUV,Active,true
VEH-001075,Motorcycle,SYN-TA-01075,PERSON-002368,Silver,Maruti,Ertiga,Active,true
VEH-001076,Motorcycle,SYN-MA-01076,PERSON-001210,Black,Toyota,Urban Cruiser,Transferred,true
VEH-001077,Auto,SYN-TA-01077,PERSON-001041,Silver,Toyota,Innova,Active,true
VEH-001078,Truck,SYN-TA-01078,PERSON-002675,Black,Tata,Nexon,Transferred,true
VEH-001079,Truck,SYN-MA-01079,PERSON-001542,Black,Mahindra,Scorpio,Transferred,true
VEH-001080,Truck,SYN-WE-01080,PERSON-000497,White,Hyundai,Creta,Active,true
VEH-001081,Motorcycle,SYN-UT-01081,PERSON-002847,Black,Toyota,Urban Cruiser,Active,true
VEH-001082,SUV,SYN-UT-01082,PERSON-001847,Blue,Tata,Punch,Active,true
VEH-001083,Truck,SYN-UT-01083,PERSON-002922,Black,Toyota,Urban Cruiser,Active,true
VEH-001084,SUV,SYN-DE-01084,PERSON-000222,Blue,Hyundai,i20,Transferred,true
VEH-001085,Car,SYN-TA-01085,PERSON-002845,Black,Hyundai,i20,Transferred,true
VEH-001086,SUV,SYN-MA-01086,PERSON-000710,Grey,Maruti,Swift,Active,true
VEH-001087,Van,SYN-WE-01087,PERSON-000712,White,Maruti,Ertiga,Transferred,true
VEH-001088,Motorcycle,SYN-TA-01088,PERSON-000072,Silver,Maruti,Swift,Active,true
VEH-001089,SUV,SYN-TA-01089,PERSON-002444,White,Hyundai,Creta,Transferred,true
VEH-001090,Car,SYN-TA-01090,PERSON-002675,Black,Maruti,Ertiga,Transferred,true
VEH-001091,Van,SYN-RA-01091,PERSON-002438,Silver,Maruti,Ertiga,Transferred,true
VEH-001092,Truck,SYN-RA-01092,PERSON-001363,Silver,Tata,Altroz,Active,true
VEH-001093,Truck,SYN-DE-01093,PERSON-000832,Black,Tata,Punch,Active,true
VEH-001094,Car,SYN-TE-01094,PERSON-000635,Silver,Toyota,Urban Cruiser,Active,true
VEH-001095,Truck,SYN-WE-01095,PERSON-002713,Blue,Toyota,Innova,Transferred,true
VEH-001096,SUV,SYN-KA-01096,PERSON-000540,Silver,Mahindra,XUV,Active,true
VEH-001097,SUV,SYN-GU-01097,PERSON-001115,Silver,Toyota,Urban Cruiser,Active,true
VEH-001098,Car,SYN-DE-01098,PERSON-000267,Red,Hyundai,i20,Active,true
VEH-001099,Car,SYN-MA-01099,PERSON-002060,White,Mahindra,Bolero,Active,true
VEH-001100,Van,SYN-MA-01100,PERSON-000440,White,Toyota,Urban Cruiser,Active,true
VEH-001101,Van,SYN-GU-01101,PERSON-000063,Grey,Hyundai,Venue,Active,true
VEH-001102,Truck,SYN-GU-01102,PERSON-000863,Silver,Mahindra,XUV,Active,true
VEH-001103,SUV,SYN-TA-01103,PERSON-000288,Red,Toyota,Urban Cruiser,Active,true
VEH-001104,Car,SYN-KA-01104,PERSON-000092,Black,Toyota,Urban Cruiser,Transferred,true
VEH-001105,Auto,SYN-TE-01105,PERSON-002937,Grey,Tata,Punch,Active,true
VEH-001106,Car,SYN-UT-01106,PERSON-001093,Black,Maruti,Swift,Active,true
VEH-001107,Van,SYN-TA-01107,PERSON-000653,White,Hyundai,i20,Active,true
VEH-001108,Motorcycle,SYN-GU-01108,PERSON-001384,White,Mahindra,XUV,Transferred,true
VEH-001109,Auto,SYN-TE-01109,PERSON-000792,Grey,Tata,Altroz,Transferred,true
VEH-001110,Auto,SYN-TA-01110,PERSON-000528,White,Maruti,Ertiga,Active,true
VEH-001111,Truck,SYN-MA-01111,PERSON-000357,Grey,Toyota,Urban Cruiser,Transferred,true
VEH-001112,Motorcycle,SYN-KA-01112,PERSON-002136,White,Maruti,Ertiga,Active,true
VEH-001113,Auto,SYN-KA-01113,PERSON-000717,Red,Mahindra,Scorpio,Transferred,true
VEH-001114,Auto,SYN-GU-01114,PERSON-001131,Red,Mahindra,Scorpio,Active,true
VEH-001115,Auto,SYN-UT-01115,PERSON-000405,Black,Tata,Nexon,Active,true
VEH-001116,Motorcycle,SYN-DE-01116,PERSON-000622,Silver,Toyota,Innova,Transferred,true
VEH-001117,Auto,SYN-KA-01117,PERSON-000842,White,Hyundai,i20,Transferred,true
VEH-001118,Motorcycle,SYN-DE-01118,PERSON-000175,Grey,Toyota,Urban Cruiser,Transferred,true
VEH-001119,Van,SYN-TE-01119,PERSON-000449,Grey,Mahindra,Bolero,Active,true
VEH-001120,Van,SYN-GU-01120,PERSON-001206,Blue,Tata,Nexon,Transferred,true
VEH-001121,SUV,SYN-DE-01121,PERSON-001262,Silver,Tata,Nexon,Active,true
VEH-001122,Truck,SYN-WE-01122,PERSON-000734,Blue,Toyota,Urban Cruiser,Active,true
VEH-001123,Van,SYN-WE-01123,PERSON-000712,Black,Mahindra,Scorpio,Active,true
VEH-001124,Truck,SYN-KE-01124,PERSON-002684,Red,Toyota,Innova,Active,true
VEH-001125,Car,SYN-KA-01125,PERSON-001664,Black,Tata,Nexon,Transferred,true
VEH-001126,Van,SYN-KA-01126,PERSON-000576,Red,Toyota,Urban Cruiser,Active,true
VEH-001127,Motorcycle,SYN-MA-01127,PERSON-002124,Red,Hyundai,Venue,Active,true
VEH-001128,Motorcycle,SYN-WE-01128,PERSON-000584,Red,Hyundai,i20,Transferred,true
VEH-001129,SUV,SYN-DE-01129,PERSON-000682,Red,Hyundai,Venue,Active,true
VEH-001130,Car,SYN-GU-01130,PERSON-000473,Black,Toyota,Innova,Active,true
VEH-001131,Car,SYN-KA-01131,PERSON-002068,Red,Toyota,Urban Cruiser,Active,true
VEH-001132,SUV,SYN-KE-01132,PERSON-000165,Silver,Maruti,Ertiga,Active,true
VEH-001133,Truck,SYN-TE-01133,PERSON-001481,Silver,Toyota,Urban Cruiser,Active,true
VEH-001134,Car,SYN-RA-01134,PERSON-000275,White,Maruti,Baleno,Active,true
VEH-001135,Truck,SYN-RA-01135,PERSON-000032,Blue,Mahindra,Scorpio,Active,true
VEH-001136,Van,SYN-TE-01136,PERSON-001691,Blue,Hyundai,Venue,Active,true
VEH-001137,Truck,SYN-TE-01137,PERSON-002304,Silver,Maruti,Ertiga,Transferred,true
VEH-001138,Van,SYN-WE-01138,PERSON-002393,White,Hyundai,i20,Active,true
VEH-001139,Van,SYN-UT-01139,PERSON-001847,White,Mahindra,Scorpio,Transferred,true
VEH-001140,SUV,SYN-WE-01140,PERSON-001029,Red,Toyota,Urban Cruiser,Active,true
VEH-001141,Auto,SYN-DE-01141,PERSON-001425,Black,Tata,Punch,Transferred,true
VEH-001142,SUV,SYN-RA-01142,PERSON-000040,Black,Hyundai,Creta,Active,true
VEH-001143,Van,SYN-KA-01143,PERSON-002068,White,Hyundai,Venue,Active,true
VEH-001144,Car,SYN-MA-01144,PERSON-001774,Blue,Toyota,Innova,Transferred,true
VEH-001145,Auto,SYN-UT-01145,PERSON-000419,Red,Hyundai,Venue,Active,true
VEH-001146,Motorcycle,SYN-WE-01146,PERSON-000407,Red,Maruti,Ertiga,Active,true
VEH-001147,Auto,SYN-MA-01147,PERSON-002417,Silver,Maruti,Baleno,Transferred,true
VEH-001148,SUV,SYN-TE-01148,PERSON-002094,Silver,Tata,Nexon,Active,true
VEH-001149,Truck,SYN-DE-01149,PERSON-000103,Red,Tata,Nexon,Active,true
VEH-001150,SUV,SYN-MA-01150,PERSON-000357,White,Tata,Nexon,Active,true
VEH-001151,SUV,SYN-KE-01151,PERSON-001596,Blue,Hyundai,Creta,Transferred,true
VEH-001152,Car,SYN-DE-01152,PERSON-000832,Grey,Mahindra,Bolero,Transferred,true
VEH-001153,Car,SYN-TE-01153,PERSON-000635,Blue,Maruti,Ertiga,Active,true
VEH-001154,Car,SYN-GU-01154,PERSON-001619,Red,Tata,Punch,Active,true
VEH-001155,SUV,SYN-UT-01155,PERSON-002847,Red,Maruti,Ertiga,Transferred,true
VEH-001156,Motorcycle,SYN-KA-01156,PERSON-000909,Grey,Hyundai,Venue,Transferred,true
VEH-001157,Van,SYN-WE-01157,PERSON-002821,Black,Mahindra,Bolero,Active,true
VEH-001158,Auto,SYN-KA-01158,PERSON-000540,White,Maruti,Swift,Transferred,true
VEH-001159,SUV,SYN-DE-01159,PERSON-000180,Grey,Hyundai,Creta,Transferred,true
VEH-001160,Truck,SYN-WE-01160,PERSON-001610,Grey,Mahindra,XUV,Active,true
VEH-001161,SUV,SYN-DE-01161,PERSON-000267,Grey,Tata,Nexon,Active,true
VEH-001162,Auto,SYN-TE-01162,PERSON-002618,Silver,Hyundai,Venue,Active,true
VEH-001163,Auto,SYN-TE-01163,PERSON-001780,Grey,Maruti,Baleno,Transferred,true
VEH-001164,Auto,SYN-TE-01164,PERSON-001691,Black,Tata,Punch,Active,true
VEH-001165,Truck,SYN-WE-01165,PERSON-002393,Red,Toyota,Innova,Transferred,true
VEH-001166,Van,SYN-MA-01166,PERSON-001071,Blue,Toyota,Urban Cruiser,Transferred,true
VEH-001167,SUV,SYN-MA-01167,PERSON-000613,Black,Maruti,Baleno,Active,true
VEH-001168,Truck,SYN-GU-01168,PERSON-000081,Silver,Maruti,Ertiga,Active,true
VEH-001169,Truck,SYN-KA-01169,PERSON-001259,Red,Hyundai,i20,Transferred,true
VEH-001170,Car,SYN-GU-01170,PERSON-000850,Red,Toyota,Innova,Active,true
VEH-001171,Van,SYN-GU-01171,PERSON-001861,Red,Tata,Altroz,Active,true
VEH-001172,Van,SYN-GU-01172,PERSON-000063,Grey,Maruti,Swift,Active,true
VEH-001173,Van,SYN-KE-01173,PERSON-002757,Red,Maruti,Baleno,Active,true
VEH-001174,Motorcycle,SYN-MA-01174,PERSON-001589,Silver,Maruti,Swift,Active,true
VEH-001175,SUV,SYN-GU-01175,PERSON-000081,Red,Mahindra,Scorpio,Active,true
VEH-001176,SUV,SYN-KA-01176,PERSON-001259,Black,Toyota,Innova,Transferred,true
VEH-001177,Van,SYN-GU-01177,PERSON-001861,Black,Mahindra,Scorpio,Active,true
VEH-001178,Motorcycle,SYN-RA-01178,PERSON-002574,Silver,Maruti,Ertiga,Active,true
VEH-001179,SUV,SYN-GU-01179,PERSON-000063,Red,Maruti,Baleno,Active,true
VEH-001180,SUV,SYN-GU-01180,PERSON-000863,Black,Mahindra,XUV,Active,true
VEH-001181,Truck,SYN-KE-01181,PERSON-002757,Blue,Mahindra,Bolero,Active,true
VEH-001182,Car,SYN-TA-01182,PERSON-000789,Red,Maruti,Ertiga,Transferred,true
VEH-001183,Car,SYN-TA-01183,PERSON-002675,Grey,Hyundai,Venue,Transferred,true
VEH-001184,Truck,SYN-RA-01184,PERSON-002438,Blue,Toyota,Urban Cruiser,Active,true
VEH-001185,Car,SYN-TE-01185,PERSON-001480,Blue,Tata,Altroz,Transferred,true
VEH-001186,Van,SYN-TE-01186,PERSON-000635,Blue,Hyundai,Creta,Transferred,true
VEH-001187,SUV,SYN-TA-01187,PERSON-002558,Blue,Maruti,Baleno,Transferred,true
VEH-001188,Van,SYN-GU-01188,PERSON-001131,Red,Toyota,Urban Cruiser,Active,true
VEH-001189,Van,SYN-KE-01189,PERSON-001234,Black,Mahindra,Scorpio,Transferred,true
VEH-001190,Auto,SYN-DE-01190,PERSON-001182,White,Maruti,Baleno,Transferred,true
VEH-001191,Truck,SYN-RA-01191,PERSON-000351,Blue,Hyundai,i20,Active,true
VEH-001192,SUV,SYN-GU-01192,PERSON-001908,Black,Hyundai,Venue,Transferred,true
VEH-001193,SUV,SYN-TA-01193,PERSON-001041,Black,Hyundai,i20,Active,true
VEH-001194,Car,SYN-KE-01194,PERSON-001670,White,Tata,Altroz,Active,true
VEH-001195,Motorcycle,SYN-GU-01195,PERSON-000081,Grey,Maruti,Baleno,Active,true
VEH-001196,Truck,SYN-DE-01196,PERSON-000682,Grey,Hyundai,Venue,Transferred,true
VEH-001197,Auto,SYN-KA-01197,PERSON-001259,Silver,Mahindra,Bolero,Active,true
VEH-001198,Car,SYN-RA-01198,PERSON-002574,Black,Tata,Punch,Active,true
VEH-001199,Car,SYN-KE-01199,PERSON-002757,Blue,Hyundai,i20,Transferred,true
VEH-001200,SUV,SYN-MA-01200,PERSON-001589,White,Toyota,Innova,Transferred,true
VEH-001201,SUV,SYN-TA-01201,PERSON-001511,Grey,Hyundai,i20,Transferred,true
VEH-001202,Motorcycle,SYN-KE-01202,PERSON-002020,Red,Maruti,Ertiga,Active,true
VEH-001203,Auto,SYN-KA-01203,PERSON-001544,Black,Mahindra,Bolero,Active,true
VEH-001204,Car,SYN-TA-01204,PERSON-002873,Black,Mahindra,XUV,Active,true
VEH-001205,Truck,SYN-TE-01205,PERSON-001898,Red,Tata,Altroz,Transferred,true
VEH-001206,Truck,SYN-MA-01206,PERSON-000921,Black,Tata,Punch,Active,true
VEH-001207,Van,SYN-GU-01207,PERSON-000863,Grey,Toyota,Urban Cruiser,Transferred,true
VEH-001208,Motorcycle,SYN-RA-01208,PERSON-002999,Blue,Hyundai,i20,Transferred,true
VEH-001209,Van,SYN-WE-01209,PERSON-000488,Grey,Maruti,Baleno,Active,true
VEH-001210,Car,SYN-DE-01210,PERSON-000146,Silver,Hyundai,i20,Transferred,true
VEH-001211,SUV,SYN-KE-01211,PERSON-002609,Black,Toyota,Innova,Active,true
VEH-001212,Van,SYN-MA-01212,PERSON-002223,Red,Maruti,Baleno,Active,true
VEH-001213,Car,SYN-WE-01213,PERSON-002964,White,Toyota,Urban Cruiser,Transferred,true
VEH-001214,SUV,SYN-GU-01214,PERSON-000804,Black,Toyota,Urban Cruiser,Active,true
VEH-001215,Truck,SYN-TA-01215,PERSON-001617,Red,Hyundai,i20,Active,true
VEH-001216,Motorcycle,SYN-KE-01216,PERSON-001191,Red,Mahindra,Bolero,Transferred,true
VEH-001217,Truck,SYN-TA-01217,PERSON-002371,White,Maruti,Ertiga,Active,true
VEH-001218,Truck,SYN-UT-01218,PERSON-000009,Grey,Mahindra,XUV,Active,true
VEH-001219,Truck,SYN-TE-01219,PERSON-000792,Grey,Toyota,Urban Cruiser,Active,true
VEH-001220,SUV,SYN-TE-01220,PERSON-001648,Grey,Hyundai,i20,Transferred,true
VEH-001221,Truck,SYN-KE-01221,PERSON-002246,Red,Maruti,Swift,Active,true
VEH-001222,Motorcycle,SYN-GU-01222,PERSON-002279,Blue,Hyundai,Creta,Transferred,true
VEH-001223,Truck,SYN-WE-01223,PERSON-001205,Blue,Maruti,Baleno,Active,true
VEH-001224,Truck,SYN-DE-01224,PERSON-000919,Black,Hyundai,Creta,Transferred,true
VEH-001225,Motorcycle,SYN-GU-01225,PERSON-000132,Blue,Toyota,Innova,Transferred,true
VEH-001226,Motorcycle,SYN-MA-01226,PERSON-002653,Red,Hyundai,Creta,Active,true
VEH-001227,SUV,SYN-KA-01227,PERSON-001478,Blue,Tata,Punch,Transferred,true
VEH-001228,SUV,SYN-WE-01228,PERSON-000569,Silver,Hyundai,Creta,Active,true
VEH-001229,Motorcycle,SYN-GU-01229,PERSON-001860,Blue,Mahindra,Scorpio,Active,true
VEH-001230,Motorcycle,SYN-MA-01230,PERSON-001135,Grey,Maruti,Swift,Transferred,true
VEH-001231,Motorcycle,SYN-DE-01231,PERSON-000769,Red,Tata,Nexon,Transferred,true
VEH-001232,Car,SYN-DE-01232,PERSON-002457,Silver,Toyota,Innova,Transferred,true
VEH-001233,Truck,SYN-TE-01233,PERSON-001667,Blue,Mahindra,Scorpio,Transferred,true
VEH-001234,Van,SYN-RA-01234,PERSON-000351,Blue,Tata,Altroz,Active,true
VEH-001235,Truck,SYN-TA-01235,PERSON-001041,Black,Hyundai,Venue,Active,true
VEH-001236,Van,SYN-MA-01236,PERSON-001589,Red,Maruti,Ertiga,Transferred,true
VEH-001237,Van,SYN-TA-01237,PERSON-002764,Red,Mahindra,Scorpio,Active,true
VEH-001238,Truck,SYN-GU-01238,PERSON-001115,White,Tata,Punch,Active,true
VEH-001239,Auto,SYN-DE-01239,PERSON-000180,Blue,Hyundai,Venue,Transferred,true
VEH-001240,Auto,SYN-KA-01240,PERSON-001757,Grey,Mahindra,XUV,Transferred,true
VEH-001241,Auto,SYN-TA-01241,PERSON-000506,Silver,Mahindra,Bolero,Active,true
VEH-001242,Van,SYN-GU-01242,PERSON-000062,Blue,Hyundai,i20,Active,true
VEH-001243,SUV,SYN-UT-01243,PERSON-000405,Grey,Maruti,Ertiga,Active,true
VEH-001244,Van,SYN-MA-01244,PERSON-002660,Silver,Hyundai,i20,Active,true
VEH-001245,Car,SYN-DE-01245,PERSON-002335,White,Hyundai,Creta,Transferred,true
VEH-001246,Car,SYN-DE-01246,PERSON-001425,Blue,Hyundai,Venue,Active,true
VEH-001247,Car,SYN-UT-01247,PERSON-000822,Black,Maruti,Swift,Transferred,true
VEH-001248,Auto,SYN-RA-01248,PERSON-002986,Black,Toyota,Urban Cruiser,Active,true
VEH-001249,Auto,SYN-MA-01249,PERSON-002759,Red,Maruti,Swift,Active,true
VEH-001250,Truck,SYN-MA-01250,PERSON-001071,Grey,Toyota,Urban Cruiser,Active,true
VEH-001251,SUV,SYN-MA-01251,PERSON-000613,White,Maruti,Swift,Transferred,true
VEH-001252,Motorcycle,SYN-UT-01252,PERSON-001578,Red,Hyundai,Creta,Active,true
VEH-001253,Truck,SYN-TE-01253,PERSON-000245,Blue,Maruti,Ertiga,Active,true
VEH-001254,Motorcycle,SYN-TA-01254,PERSON-002873,Blue,Toyota,Innova,Transferred,true
VEH-001255,Motorcycle,SYN-WE-01255,PERSON-000120,White,Tata,Altroz,Transferred,true
VEH-001256,Car,SYN-DE-01256,PERSON-001540,Grey,Toyota,Innova,Active,true
VEH-001257,Auto,SYN-WE-01257,PERSON-002821,Blue,Hyundai,Venue,Active,true
VEH-001258,Motorcycle,SYN-TE-01258,PERSON-001558,Black,Mahindra,Bolero,Active,true
VEH-001259,SUV,SYN-KA-01259,PERSON-000540,White,Maruti,Ertiga,Active,true
VEH-001260,Motorcycle,SYN-DE-01260,PERSON-000180,Red,Maruti,Ertiga,Active,true
VEH-001261,Car,SYN-TE-01261,PERSON-000792,Blue,Toyota,Innova,Active,true
VEH-001262,Van,SYN-TE-01262,PERSON-002618,Black,Maruti,Swift,Active,true
VEH-001263,Motorcycle,SYN-UT-01263,PERSON-000074,Grey,Mahindra,XUV,Active,true
VEH-001264,Van,SYN-KE-01264,PERSON-001234,Red,Toyota,Urban Cruiser,Transferred,true
VEH-001265,Truck,SYN-DE-01265,PERSON-000622,Black,Tata,Altroz,Active,true
VEH-001266,Motorcycle,SYN-TE-01266,PERSON-002004,Red,Tata,Punch,Transferred,true
VEH-001267,Motorcycle,SYN-UT-01267,PERSON-002499,Silver,Hyundai,Creta,Transferred,true
VEH-001268,SUV,SYN-GU-01268,PERSON-002215,Black,Mahindra,Scorpio,Transferred,true
VEH-001269,Truck,SYN-TE-01269,PERSON-000449,Blue,Hyundai,i20,Active,true
VEH-001270,Car,SYN-GU-01270,PERSON-001115,Blue,Mahindra,Scorpio,Active,true
VEH-001271,Truck,SYN-DE-01271,PERSON-000180,Blue,Toyota,Innova,Active,true
VEH-001272,SUV,SYN-MA-01272,PERSON-002060,Silver,Tata,Altroz,Active,true
VEH-001273,SUV,SYN-GU-01273,PERSON-001861,Silver,Hyundai,Creta,Transferred,true
VEH-001274,Car,SYN-RA-01274,PERSON-002574,Grey,Tata,Punch,Active,true
VEH-001275,SUV,SYN-GU-01275,PERSON-000063,White,Maruti,Swift,Transferred,true
VEH-001276,Car,SYN-GU-01276,PERSON-000863,White,Hyundai,Venue,Active,true
VEH-001277,Van,SYN-UT-01277,PERSON-001674,Grey,Tata,Punch,Transferred,true
VEH-001278,Car,SYN-KA-01278,PERSON-002915,Blue,Hyundai,i20,Transferred,true
VEH-001279,Motorcycle,SYN-KE-01279,PERSON-001212,Blue,Hyundai,Creta,Active,true
VEH-001280,SUV,SYN-RA-01280,PERSON-001431,Black,Toyota,Urban Cruiser,Active,true
VEH-001281,Truck,SYN-KA-01281,PERSON-001066,Silver,Tata,Nexon,Transferred,true
VEH-001282,Motorcycle,SYN-KA-01282,PERSON-002646,Blue,Tata,Nexon,Transferred,true
VEH-001283,Car,SYN-DE-01283,PERSON-002965,White,Tata,Nexon,Transferred,true
VEH-001284,SUV,SYN-KA-01284,PERSON-000484,Red,Maruti,Swift,Transferred,true
VEH-001285,Van,SYN-TA-01285,PERSON-002654,White,Tata,Altroz,Active,true
VEH-001286,Motorcycle,SYN-KA-01286,PERSON-001259,Black,Hyundai,Creta,Active,true
VEH-001287,Car,SYN-KA-01287,PERSON-000540,Blue,Hyundai,Creta,Transferred,true
VEH-001288,SUV,SYN-RA-01288,PERSON-002574,Grey,Tata,Altroz,Active,true
VEH-001289,SUV,SYN-GU-01289,PERSON-000863,Grey,Mahindra,XUV,Transferred,true
VEH-001290,Truck,SYN-WE-01290,PERSON-001334,White,Hyundai,i20,Transferred,true
VEH-001291,Auto,SYN-KE-01291,PERSON-000260,Grey,Maruti,Baleno,Active,true
VEH-001292,Van,SYN-TE-01292,PERSON-001691,Black,Mahindra,Scorpio,Active,true
VEH-001293,Auto,SYN-WE-01293,PERSON-001334,White,Mahindra,Bolero,Transferred,true
VEH-001294,Motorcycle,SYN-TE-01294,PERSON-000245,Red,Tata,Altroz,Active,true
VEH-001295,Auto,SYN-WE-01295,PERSON-001747,Red,Tata,Nexon,Active,true
VEH-001296,Truck,SYN-MA-01296,PERSON-000997,Grey,Maruti,Baleno,Active,true
VEH-001297,Car,SYN-TE-01297,PERSON-000374,White,Maruti,Ertiga,Transferred,true
VEH-001298,Motorcycle,SYN-TE-01298,PERSON-002304,Blue,Hyundai,Creta,Active,true
VEH-001299,Truck,SYN-UT-01299,PERSON-001847,Red,Maruti,Swift,Active,true
VEH-001300,Auto,SYN-WE-01300,PERSON-001029,Blue,Mahindra,XUV,Transferred,true
VEH-001301,Car,SYN-TE-01301,PERSON-002947,Blue,Tata,Altroz,Transferred,true
VEH-001302,Van,SYN-WE-01302,PERSON-000497,White,Hyundai,Venue,Active,true
VEH-001303,SUV,SYN-KA-01303,PERSON-000484,Blue,Tata,Punch,Transferred,true
VEH-001304,Van,SYN-KA-01304,PERSON-001259,Black,Toyota,Innova,Transferred,true
VEH-001305,SUV,SYN-GU-01305,PERSON-001861,Silver,Toyota,Urban Cruiser,Transferred,true
VEH-001306,Van,SYN-GU-01306,PERSON-000863,Black,Tata,Nexon,Active,true
VEH-001307,Car,SYN-GU-01307,PERSON-000063,Black,Hyundai,Creta,Transferred,true
VEH-001308,SUV,SYN-KE-01308,PERSON-002757,Blue,Hyundai,Creta,Active,true
VEH-001309,Truck,SYN-WE-01309,PERSON-002821,Red,Tata,Punch,Transferred,true
VEH-001310,Motorcycle,SYN-KA-01310,PERSON-000540,Grey,Toyota,Urban Cruiser,Active,true
VEH-001311,SUV,SYN-GU-01311,PERSON-001115,Grey,Mahindra,Bolero,Transferred,true
VEH-001312,Truck,SYN-DE-01312,PERSON-000180,Silver,Mahindra,Bolero,Active,true
VEH-001313,Motorcycle,SYN-MA-01313,PERSON-001542,White,Tata,Nexon,Active,true
VEH-001314,Truck,SYN-RA-01314,PERSON-001363,White,Toyota,Innova,Active,true
VEH-001315,Truck,SYN-KE-01315,PERSON-000886,Blue,Maruti,Ertiga,Active,true
VEH-001316,Van,SYN-TA-01316,PERSON-000948,Blue,Maruti,Swift,Transferred,true
VEH-001317,Van,SYN-RA-01317,PERSON-002986,White,Mahindra,Scorpio,Active,true
VEH-001318,Truck,SYN-MA-01318,PERSON-002759,White,Hyundai,Creta,Active,true
VEH-001319,Auto,SYN-UT-01319,PERSON-001578,Grey,Tata,Altroz,Active,true
VEH-001320,Auto,SYN-KA-01320,PERSON-001343,Grey,Maruti,Baleno,Active,true
VEH-001321,Van,SYN-KA-01321,PERSON-002998,Grey,Toyota,Innova,Active,true
VEH-001322,Car,SYN-WE-01322,PERSON-002835,Blue,Mahindra,XUV,Active,true
VEH-001323,Motorcycle,SYN-RA-01323,PERSON-001315,Silver,Toyota,Innova,Transferred,true
VEH-001324,Truck,SYN-UT-01324,PERSON-000074,White,Hyundai,Creta,Transferred,true
VEH-001325,Van,SYN-DE-01325,PERSON-000697,Red,Tata,Altroz,Transferred,true
VEH-001326,Van,SYN-KE-01326,PERSON-000230,Silver,Hyundai,i20,Active,true
VEH-001327,Truck,SYN-MA-01327,PERSON-002715,Black,Mahindra,XUV,Active,true
VEH-001328,Auto,SYN-WE-01328,PERSON-000120,White,Toyota,Innova,Active,true
VEH-001329,Truck,SYN-DE-01329,PERSON-001540,Red,Maruti,Ertiga,Active,true
VEH-001330,Truck,SYN-TA-01330,PERSON-001992,Grey,Maruti,Ertiga,Active,true
VEH-001331,Van,SYN-DE-01331,PERSON-002745,White,Maruti,Swift,Active,true
VEH-001332,Car,SYN-TA-01332,PERSON-002558,Blue,Maruti,Baleno,Active,true
VEH-001333,Van,SYN-RA-01333,PERSON-000784,Grey,Hyundai,Creta,Active,true
VEH-001334,Car,SYN-KA-01334,PERSON-000717,Silver,Toyota,Urban Cruiser,Active,true
VEH-001335,Truck,SYN-KE-01335,PERSON-001890,Grey,Hyundai,Venue,Transferred,true
VEH-001336,Truck,SYN-TE-01336,PERSON-001423,Grey,Tata,Punch,Transferred,true
VEH-001337,Van,SYN-UT-01337,PERSON-001107,White,Mahindra,XUV,Active,true
VEH-001338,SUV,SYN-DE-01338,PERSON-000904,White,Mahindra,XUV,Active,true
VEH-001339,Truck,SYN-WE-01339,PERSON-000584,Silver,Mahindra,Scorpio,Active,true
VEH-001340,Motorcycle,SYN-KE-01340,PERSON-000230,Grey,Maruti,Swift,Active,true
VEH-001341,Truck,SYN-KA-01341,PERSON-001478,Grey,Hyundai,Creta,Active,true
VEH-001342,Car,SYN-TA-01342,PERSON-002397,Silver,Maruti,Baleno,Active,true
VEH-001343,Car,SYN-KE-01343,PERSON-002846,Silver,Tata,Altroz,Active,true
VEH-001344,SUV,SYN-UT-01344,PERSON-001578,Red,Toyota,Innova,Transferred,true
VEH-001345,Truck,SYN-DE-01345,PERSON-001701,Grey,Maruti,Swift,Active,true
VEH-001346,Car,SYN-UT-01346,PERSON-002106,Silver,Hyundai,i20,Active,true
VEH-001347,Truck,SYN-TE-01347,PERSON-002947,Black,Maruti,Ertiga,Active,true
VEH-001348,Car,SYN-GU-01348,PERSON-001387,Silver,Maruti,Swift,Transferred,true
VEH-001349,Van,SYN-WE-01349,PERSON-001492,Silver,Mahindra,Scorpio,Active,true
VEH-001350,Van,SYN-TE-01350,PERSON-001817,Grey,Mahindra,XUV,Transferred,true
VEH-001351,Truck,SYN-KE-01351,PERSON-001782,Silver,Toyota,Urban Cruiser,Transferred,true
VEH-001352,Auto,SYN-TA-01352,PERSON-002675,Blue,Mahindra,XUV,Active,true
VEH-001353,Van,SYN-KA-01353,PERSON-000092,Silver,Tata,Nexon,Transferred,true
VEH-001354,Truck,SYN-RA-01354,PERSON-002920,Blue,Tata,Nexon,Active,true
VEH-001355,Car,SYN-TE-01355,PERSON-001455,White,Hyundai,i20,Active,true
VEH-001356,SUV,SYN-KE-01356,PERSON-001116,Blue,Mahindra,XUV,Active,true
VEH-001357,Truck,SYN-WE-01357,PERSON-000120,Silver,Toyota,Innova,Active,true
VEH-001358,SUV,SYN-WE-01358,PERSON-001965,White,Toyota,Innova,Transferred,true
VEH-001359,SUV,SYN-DE-01359,PERSON-002745,Blue,Toyota,Urban Cruiser,Active,true
VEH-001360,SUV,SYN-WE-01360,PERSON-000488,White,Toyota,Urban Cruiser,Transferred,true
VEH-001361,Truck,SYN-GU-01361,PERSON-000081,Blue,Tata,Punch,Active,true
VEH-001362,Truck,SYN-KA-01362,PERSON-001259,Blue,Hyundai,Venue,Active,true
VEH-001363,SUV,SYN-GU-01363,PERSON-000850,Blue,Hyundai,Creta,Active,true
VEH-001364,SUV,SYN-GU-01364,PERSON-001861,Grey,Tata,Altroz,Active,true
VEH-001365,Car,SYN-WE-01365,PERSON-001610,Blue,Toyota,Urban Cruiser,Active,true
VEH-001366,Truck,SYN-GU-01366,PERSON-000862,Grey,Maruti,Baleno,Active,true
VEH-001367,Auto,SYN-DE-01367,PERSON-000769,White,Mahindra,XUV,Active,true
VEH-001368,Truck,SYN-UT-01368,PERSON-002106,Blue,Toyota,Innova,Active,true
VEH-001369,Car,SYN-KA-01369,PERSON-002646,Red,Hyundai,i20,Transferred,true
VEH-001370,Van,SYN-KE-01370,PERSON-002009,Red,Hyundai,Creta,Active,true
VEH-001371,Car,SYN-TA-01371,PERSON-000506,White,Tata,Nexon,Transferred,true
VEH-001372,Auto,SYN-KA-01372,PERSON-000092,Blue,Mahindra,Bolero,Transferred,true
VEH-001373,Truck,SYN-MA-01373,PERSON-001135,Grey,Maruti,Ertiga,Transferred,true
VEH-001374,Truck,SYN-DE-01374,PERSON-000597,Blue,Toyota,Innova,Active,true
VEH-001375,Truck,SYN-MA-01375,PERSON-002715,Black,Maruti,Ertiga,Active,true
VEH-001376,SUV,SYN-GU-01376,PERSON-000943,White,Hyundai,Creta,Active,true
VEH-001377,Motorcycle,SYN-KE-01377,PERSON-002846,Red,Tata,Punch,Active,true
VEH-001378,Car,SYN-KE-01378,PERSON-000207,Black,Toyota,Innova,Transferred,true
VEH-001379,SUV,SYN-UT-01379,PERSON-001847,Black,Tata,Altroz,Transferred,true
VEH-001380,Car,SYN-TA-01380,PERSON-002558,Silver,Mahindra,XUV,Active,true
VEH-001381,Van,SYN-KE-01381,PERSON-000580,White,Maruti,Baleno,Active,true
VEH-001382,Motorcycle,SYN-KE-01382,PERSON-001890,Red,Mahindra,Scorpio,Transferred,true
VEH-001383,Auto,SYN-KE-01383,PERSON-002164,Blue,Mahindra,Scorpio,Transferred,true
VEH-001384,Auto,SYN-TE-01384,PERSON-002004,Red,Mahindra,XUV,Transferred,true
VEH-001385,Car,SYN-KA-01385,PERSON-001311,Blue,Hyundai,i20,Transferred,true
VEH-001386,Car,SYN-GU-01386,PERSON-001861,Red,Toyota,Urban Cruiser,Active,true
VEH-001387,Car,SYN-RA-01387,PERSON-002574,Red,Mahindra,Bolero,Transferred,true
VEH-001388,Truck,SYN-GU-01388,PERSON-000274,White,Toyota,Urban Cruiser,Active,true
VEH-001389,Van,SYN-GU-01389,PERSON-000063,Red,Hyundai,Venue,Transferred,true
VEH-001390,SUV,SYN-GU-01390,PERSON-000863,Silver,Hyundai,i20,Transferred,true
VEH-001391,Motorcycle,SYN-MA-01391,PERSON-001589,Red,Mahindra,Bolero,Active,true
VEH-001392,Truck,SYN-KA-01392,PERSON-001664,Black,Mahindra,XUV,Active,true
VEH-001393,Car,SYN-KA-01393,PERSON-001343,Blue,Tata,Nexon,Active,true
VEH-001394,Van,SYN-KA-01394,PERSON-000576,Blue,Hyundai,Creta,Transferred,true
VEH-001395,Van,SYN-RA-01395,PERSON-001315,Red,Mahindra,XUV,Transferred,true
VEH-001396,SUV,SYN-KE-01396,PERSON-002757,Black,Mahindra,Scorpio,Transferred,true
VEH-001397,Car,SYN-WE-01397,PERSON-002821,Grey,Toyota,Urban Cruiser,Active,true
VEH-001398,Truck,SYN-DE-01398,PERSON-001262,White,Toyota,Innova,Active,true
VEH-001399,SUV,SYN-MA-01399,PERSON-002060,Red,Toyota,Urban Cruiser,Transferred,true
VEH-001400,SUV,SYN-UT-01400,PERSON-002900,Black,Tata,Punch,Transferred,true
VEH-001401,SUV,SYN-KA-01401,PERSON-001757,Blue,Mahindra,Scorpio,Transferred,true
VEH-001402,Auto,SYN-TA-01402,PERSON-002873,Blue,Tata,Altroz,Transferred,true
VEH-001403,Car,SYN-WE-01403,PERSON-000120,Black,Tata,Punch,Active,true
VEH-001404,Car,SYN-GU-01404,PERSON-000850,Blue,Toyota,Urban Cruiser,Active,true
VEH-001405,Auto,SYN-MA-01405,PERSON-000921,Silver,Tata,Punch,Active,true
VEH-001406,Motorcycle,SYN-WE-01406,PERSON-001205,Black,Maruti,Ertiga,Transferred,true
VEH-001407,Van,SYN-WE-01407,PERSON-002901,Silver,Tata,Altroz,Transferred,true
VEH-001408,Car,SYN-TA-01408,PERSON-000683,Silver,Maruti,Ertiga,Active,true
VEH-001409,Truck,SYN-TE-01409,PERSON-002947,Silver,Mahindra,Scorpio,Active,true
VEH-001410,Van,SYN-GU-01410,PERSON-002788,White,Hyundai,Creta,Active,true
VEH-001411,Truck,SYN-WE-01411,PERSON-000488,Red,Hyundai,Creta,Transferred,true
VEH-001412,Car,SYN-DE-01412,PERSON-001425,Black,Maruti,Swift,Active,true
VEH-001413,Truck,SYN-UT-01413,PERSON-000822,Silver,Hyundai,Creta,Transferred,true
VEH-001414,Van,SYN-RA-01414,PERSON-002986,Blue,Maruti,Baleno,Transferred,true
VEH-001415,Car,SYN-UT-01415,PERSON-001578,Blue,Mahindra,Bolero,Active,true
VEH-001416,Auto,SYN-RA-01416,PERSON-002770,White,Maruti,Swift,Transferred,true
VEH-001417,Auto,SYN-GU-01417,PERSON-000081,Grey,Maruti,Swift,Active,true
VEH-001418,Truck,SYN-KA-01418,PERSON-001259,Grey,Maruti,Swift,Transferred,true
VEH-001419,Van,SYN-GU-01419,PERSON-000863,White,Toyota,Innova,Active,true
VEH-001420,Van,SYN-GU-01420,PERSON-000063,Black,Maruti,Swift,Active,true
VEH-001421,Motorcycle,SYN-MA-01421,PERSON-001589,Blue,Maruti,Ertiga,Active,true
VEH-001422,Auto,SYN-RA-01422,PERSON-001474,Silver,Mahindra,XUV,Active,true
VEH-001423,Car,SYN-TE-01423,PERSON-001558,Red,Maruti,Ertiga,Active,true
VEH-001424,Car,SYN-TE-01424,PERSON-000792,Grey,Mahindra,Scorpio,Active,true
VEH-001425,Van,SYN-KE-01425,PERSON-000492,Black,Toyota,Urban Cruiser,Active,true
VEH-001426,Van,SYN-KE-01426,PERSON-000886,Red,Mahindra,XUV,Active,true
VEH-001427,SUV,SYN-TE-01427,PERSON-002122,Blue,Hyundai,i20,Active,true
VEH-001428,SUV,SYN-TA-01428,PERSON-002845,Red,Tata,Punch,Active,true
VEH-001429,Van,SYN-KE-01429,PERSON-001769,White,Maruti,Baleno,Active,true
VEH-001430,Motorcycle,SYN-GU-01430,PERSON-002788,Silver,Toyota,Innova,Transferred,true
VEH-001431,SUV,SYN-KE-01431,PERSON-002684,Silver,Mahindra,Bolero,Active,true
VEH-001432,SUV,SYN-KE-01432,PERSON-000763,Black,Mahindra,XUV,Active,true
VEH-001433,Car,SYN-TA-01433,PERSON-002444,White,Tata,Nexon,Active,true
VEH-001434,Van,SYN-GU-01434,PERSON-000081,Red,Hyundai,Creta,Active,true
VEH-001435,Truck,SYN-GU-01435,PERSON-000063,Red,Mahindra,XUV,Active,true
VEH-001436,SUV,SYN-GU-01436,PERSON-000863,Blue,Hyundai,Creta,Active,true
VEH-001437,Motorcycle,SYN-KE-01437,PERSON-002757,Grey,Mahindra,XUV,Active,true
VEH-001438,SUV,SYN-TE-01438,PERSON-002737,Silver,Hyundai,Venue,Active,true
VEH-001439,SUV,SYN-MA-01439,PERSON-000042,Silver,Maruti,Swift,Active,true
VEH-001440,Truck,SYN-KA-01440,PERSON-002068,Silver,Maruti,Baleno,Active,true
VEH-001441,Motorcycle,SYN-RA-01441,PERSON-000032,Black,Toyota,Urban Cruiser,Active,true
VEH-001442,Motorcycle,SYN-MA-01442,PERSON-002759,Blue,Tata,Nexon,Transferred,true
VEH-001443,Car,SYN-MA-01443,PERSON-001071,Silver,Maruti,Ertiga,Active,true
VEH-001444,SUV,SYN-MA-01444,PERSON-000613,Blue,Maruti,Swift,Active,true
VEH-001445,Auto,SYN-KA-01445,PERSON-002068,White,Tata,Nexon,Active,true
VEH-001446,Truck,SYN-TA-01446,PERSON-000789,White,Toyota,Urban Cruiser,Active,true
VEH-001447,Car,SYN-KA-01447,PERSON-001478,Red,Toyota,Innova,Active,true
VEH-001448,Motorcycle,SYN-KE-01448,PERSON-000886,Black,Tata,Punch,Active,true
VEH-001449,Car,SYN-GU-01449,PERSON-001059,Silver,Hyundai,Creta,Active,true
VEH-001450,Car,SYN-MA-01450,PERSON-000920,Blue,Maruti,Baleno,Active,true
VEH-001451,Motorcycle,SYN-UT-01451,PERSON-002082,Red,Hyundai,Venue,Active,true
VEH-001452,Truck,SYN-RA-01452,PERSON-002517,Grey,Toyota,Innova,Transferred,true
VEH-001453,Van,SYN-TA-01453,PERSON-002873,Silver,Hyundai,Creta,Transferred,true
VEH-001454,Truck,SYN-TE-01454,PERSON-000083,Blue,Tata,Altroz,Active,true
VEH-001455,SUV,SYN-DE-01455,PERSON-002745,Black,Maruti,Baleno,Active,true
VEH-001456,SUV,SYN-KE-01456,PERSON-000438,Silver,Hyundai,Creta,Transferred,true
VEH-001457,Auto,SYN-MA-01457,PERSON-000604,Red,Tata,Altroz,Active,true
VEH-001458,SUV,SYN-TA-01458,PERSON-002481,Grey,Toyota,Urban Cruiser,Active,true
VEH-001459,Motorcycle,SYN-GU-01459,PERSON-000057,White,Tata,Punch,Active,true
VEH-001460,Van,SYN-GU-01460,PERSON-000634,Black,Tata,Nexon,Active,true
VEH-001461,Car,SYN-TA-01461,PERSON-002675,Black,Tata,Nexon,Active,true
VEH-001462,Auto,SYN-KA-01462,PERSON-002998,Blue,Hyundai,Venue,Transferred,true
VEH-001463,Motorcycle,SYN-KA-01463,PERSON-000576,White,Hyundai,Creta,Transferred,true
VEH-001464,SUV,SYN-KE-01464,PERSON-002757,Red,Tata,Nexon,Transferred,true
VEH-001465,Auto,SYN-DE-01465,PERSON-000904,Red,Toyota,Innova,Transferred,true
VEH-001466,Car,SYN-DE-01466,PERSON-000146,Grey,Maruti,Ertiga,Active,true
VEH-001467,Auto,SYN-MA-01467,PERSON-001210,Black,Toyota,Urban Cruiser,Active,true
VEH-001468,SUV,SYN-TE-01468,PERSON-001667,Black,Maruti,Ertiga,Active,true
VEH-001469,Car,SYN-GU-01469,PERSON-002750,Grey,Toyota,Innova,Active,true
VEH-001470,Motorcycle,SYN-TA-01470,PERSON-001041,White,Hyundai,i20,Transferred,true
VEH-001471,Truck,SYN-MA-01471,PERSON-001589,Blue,Hyundai,Creta,Active,true
VEH-001472,Car,SYN-KE-01472,PERSON-001670,Silver,Mahindra,XUV,Transferred,true
VEH-001473,SUV,SYN-KA-01473,PERSON-002689,Black,Hyundai,Venue,Active,true
VEH-001474,Truck,SYN-UT-01474,PERSON-001674,Blue,Tata,Nexon,Active,true
VEH-001475,SUV,SYN-RA-01475,PERSON-001807,Black,Hyundai,Venue,Active,true
VEH-001476,SUV,SYN-DE-01476,PERSON-000470,Silver,Hyundai,Creta,Active,true
VEH-001477,Motorcycle,SYN-KA-01477,PERSON-000430,Black,Hyundai,Creta,Active,true
VEH-001478,Motorcycle,SYN-KE-01478,PERSON-001212,Grey,Tata,Altroz,Active,true
VEH-001479,SUV,SYN-KA-01479,PERSON-002068,Grey,Maruti,Ertiga,Transferred,true
VEH-001480,Motorcycle,SYN-TE-01480,PERSON-001481,White,Mahindra,Scorpio,Active,true
VEH-001481,SUV,SYN-RA-01481,PERSON-000275,Grey,Toyota,Innova,Transferred,true
VEH-001482,Motorcycle,SYN-RA-01482,PERSON-000032,Red,Maruti,Ertiga,Active,true
VEH-001483,Motorcycle,SYN-RA-01483,PERSON-002160,Red,Tata,Punch,Active,true
VEH-001484,Truck,SYN-KA-01484,PERSON-000295,Grey,Maruti,Baleno,Active,true
VEH-001485,Van,SYN-RA-01485,PERSON-001803,Red,Tata,Altroz,Active,true
VEH-001486,Truck,SYN-WE-01486,PERSON-000569,Grey,Hyundai,Creta,Active,true
VEH-001487,Car,SYN-KE-01487,PERSON-002197,White,Hyundai,i20,Active,true
VEH-001488,Truck,SYN-KA-01488,PERSON-000484,Blue,Hyundai,i20,Active,true
VEH-001489,Car,SYN-KA-01489,PERSON-000540,Red,Toyota,Urban Cruiser,Active,true
VEH-001490,Motorcycle,SYN-GU-01490,PERSON-001115,Silver,Maruti,Ertiga,Transferred,true
VEH-001491,Motorcycle,SYN-TE-01491,PERSON-000792,Grey,Tata,Nexon,Active,true
VEH-001492,Van,SYN-GU-01492,PERSON-000081,Red,Toyota,Innova,Transferred,true
VEH-001493,Auto,SYN-KA-01493,PERSON-001259,Silver,Maruti,Ertiga,Active,true
VEH-001494,Van,SYN-GU-01494,PERSON-000850,Black,Hyundai,Creta,Active,true
VEH-001495,Truck,SYN-GU-01495,PERSON-001861,Silver,Hyundai,Creta,Active,true
VEH-001496,Van,SYN-WE-01496,PERSON-000407,White,Maruti,Swift,Active,true
VEH-001497,SUV,SYN-KE-01497,PERSON-002757,White,Tata,Punch,Transferred,true
VEH-001498,Auto,SYN-MA-01498,PERSON-001589,Grey,Toyota,Innova,Active,true
VEH-001499,Truck,SYN-RA-01499,PERSON-001474,Grey,Hyundai,i20,Active,true
VEH-001500,Truck,SYN-WE-01500,PERSON-001610,Silver,Tata,Altroz,Transferred,true
VEH-001501,SUV,SYN-MA-01501,PERSON-000440,Blue,Hyundai,i20,Active,true
VEH-001502,Car,SYN-TE-01502,PERSON-000792,Black,Toyota,Innova,Active,true
VEH-001503,SUV,SYN-TE-01503,PERSON-002618,Blue,Maruti,Ertiga,Transferred,true
VEH-001504,SUV,SYN-KA-01504,PERSON-001757,White,Toyota,Innova,Active,true
VEH-001505,SUV,SYN-TE-01505,PERSON-000449,Blue,Toyota,Innova,Transferred,true
VEH-001506,Motorcycle,SYN-KA-01506,PERSON-000540,Blue,Hyundai,Venue,Active,true
VEH-001507,Truck,SYN-GU-01507,PERSON-001115,Red,Mahindra,Bolero,Transferred,true
VEH-001508,Truck,SYN-DE-01508,PERSON-000180,White,Mahindra,Bolero,Transferred,true
VEH-001509,Motorcycle,SYN-DE-01509,PERSON-000267,Silver,Mahindra,Scorpio,Active,true
VEH-001510,Car,SYN-UT-01510,PERSON-002900,Blue,Maruti,Baleno,Transferred,true
VEH-001511,Motorcycle,SYN-MA-01511,PERSON-001774,Blue,Tata,Nexon,Transferred,true
VEH-001512,Van,SYN-WE-01512,PERSON-000366,Red,Hyundai,Creta,Active,true
VEH-001513,Truck,SYN-TE-01513,PERSON-002094,Blue,Tata,Punch,Transferred,true
VEH-001514,SUV,SYN-TE-01514,PERSON-001869,White,Mahindra,Scorpio,Active,true
VEH-001515,SUV,SYN-TE-01515,PERSON-001667,Blue,Toyota,Urban Cruiser,Transferred,true
VEH-001516,Auto,SYN-GU-01516,PERSON-002750,Black,Maruti,Ertiga,Active,true
VEH-001517,Truck,SYN-RA-01517,PERSON-001474,White,Mahindra,Scorpio,Active,true
VEH-001518,Van,SYN-TA-01518,PERSON-001041,White,Maruti,Ertiga,Active,true
VEH-001519,Motorcycle,SYN-WE-01519,PERSON-002821,Red,Tata,Punch,Active,true
VEH-001520,Truck,SYN-KA-01520,PERSON-001478,Black,Mahindra,Bolero,Transferred,true
VEH-001521,Auto,SYN-GU-01521,PERSON-001043,White,Maruti,Baleno,Active,true
VEH-001522,Car,SYN-TE-01522,PERSON-002507,Red,Hyundai,Venue,Active,true
VEH-001523,SUV,SYN-KA-01523,PERSON-001311,Blue,Mahindra,Bolero,Transferred,true
VEH-001524,Car,SYN-WE-01524,PERSON-001334,Red,Maruti,Ertiga,Active,true
VEH-001525,Truck,SYN-WE-01525,PERSON-001747,Red,Tata,Nexon,Active,true
VEH-001526,Truck,SYN-TE-01526,PERSON-002304,Red,Mahindra,Scorpio,Active,true
VEH-001527,Van,SYN-TE-01527,PERSON-001667,Silver,Mahindra,Bolero,Active,true
VEH-001528,Motorcycle,SYN-GU-01528,PERSON-002750,Grey,Maruti,Ertiga,Active,true
VEH-001529,SUV,SYN-TA-01529,PERSON-001041,Silver,Hyundai,i20,Active,true
VEH-001530,Auto,SYN-MA-01530,PERSON-001589,White,Tata,Punch,Transferred,true
VEH-001531,Truck,SYN-MA-01531,PERSON-000991,Black,Maruti,Ertiga,Active,true
VEH-001532,Van,SYN-KE-01532,PERSON-001670,Black,Hyundai,i20,Active,true
VEH-001533,Van,SYN-RA-01533,PERSON-000898,Grey,Tata,Nexon,Transferred,true
VEH-001534,Truck,SYN-TE-01534,PERSON-001423,Blue,Toyota,Innova,Transferred,true
VEH-001535,Car,SYN-UT-01535,PERSON-002847,Blue,Mahindra,Scorpio,Active,true
VEH-001536,Truck,SYN-UT-01536,PERSON-000647,Blue,Hyundai,Venue,Active,true
VEH-001537,Motorcycle,SYN-KE-01537,PERSON-000886,Silver,Hyundai,i20,Active,true
VEH-001538,Motorcycle,SYN-RA-01538,PERSON-001474,Grey,Tata,Nexon,Active,true
VEH-001539,Car,SYN-DE-01539,PERSON-000180,White,Toyota,Innova,Transferred,true
VEH-001540,Truck,SYN-TE-01540,PERSON-000792,Silver,Mahindra,XUV,Active,true
VEH-001541,Truck,SYN-TA-01541,PERSON-002397,White,Tata,Altroz,Active,true
VEH-001542,Van,SYN-KE-01542,PERSON-002846,Red,Tata,Punch,Transferred,true
VEH-001543,Auto,SYN-TA-01543,PERSON-002408,Black,Tata,Nexon,Active,true
VEH-001544,Truck,SYN-TE-01544,PERSON-000374,Grey,Mahindra,Bolero,Transferred,true
VEH-001545,Motorcycle,SYN-UT-01545,PERSON-001578,White,Toyota,Urban Cruiser,Active,true
VEH-001546,SUV,SYN-UT-01546,PERSON-001847,Grey,Toyota,Innova,Transferred,true
VEH-001547,Motorcycle,SYN-WE-01547,PERSON-001029,Black,Hyundai,Venue,Transferred,true
VEH-001548,Car,SYN-DE-01548,PERSON-000538,Silver,Toyota,Innova,Transferred,true
VEH-001549,SUV,SYN-TE-01549,PERSON-001898,Silver,Toyota,Innova,Active,true
VEH-001550,SUV,SYN-TA-01550,PERSON-001543,Grey,Toyota,Urban Cruiser,Active,true
VEH-001551,Truck,SYN-UT-01551,PERSON-000765,Black,Toyota,Innova,Transferred,true
VEH-001552,Van,SYN-KE-01552,PERSON-001769,White,Tata,Punch,Transferred,true
VEH-001553,SUV,SYN-TA-01553,PERSON-000414,Grey,Toyota,Urban Cruiser,Active,true
VEH-001554,SUV,SYN-DE-01554,PERSON-001687,Red,Tata,Punch,Transferred,true
VEH-001555,Motorcycle,SYN-GU-01555,PERSON-001381,White,Toyota,Innova,Transferred,true
VEH-001556,SUV,SYN-DE-01556,PERSON-000103,Silver,Mahindra,XUV,Transferred,true
VEH-001557,SUV,SYN-TE-01557,PERSON-001869,Grey,Tata,Punch,Transferred,true
VEH-001558,Auto,SYN-KA-01558,PERSON-001259,Silver,Mahindra,XUV,Active,true
VEH-001559,Car,SYN-GU-01559,PERSON-000863,White,Tata,Nexon,Transferred,true
VEH-001560,Truck,SYN-KE-01560,PERSON-002757,Red,Mahindra,Bolero,Active,true
VEH-001561,SUV,SYN-MA-01561,PERSON-001589,Black,Toyota,Urban Cruiser,Transferred,true
VEH-001562,Car,SYN-DE-01562,PERSON-001581,Grey,Toyota,Urban Cruiser,Transferred,true
VEH-001563,Motorcycle,SYN-WE-01563,PERSON-002901,Blue,Mahindra,Bolero,Active,true
VEH-001564,Car,SYN-GU-01564,PERSON-000863,Red,Maruti,Ertiga,Active,true
VEH-001565,Truck,SYN-GU-01565,PERSON-000063,Black,Tata,Punch,Transferred,true
VEH-001566,Car,SYN-MA-01566,PERSON-001589,Grey,Tata,Altroz,Active,true
VEH-001567,SUV,SYN-RA-01567,PERSON-002438,Grey,Toyota,Urban Cruiser,Transferred,true
VEH-001568,Van,SYN-RA-01568,PERSON-001363,Red,Maruti,Baleno,Active,true
VEH-001569,Van,SYN-DE-01569,PERSON-000832,White,Maruti,Ertiga,Active,true
VEH-001570,Truck,SYN-TE-01570,PERSON-000635,Silver,Toyota,Innova,Active,true
VEH-001571,Car,SYN-WE-01571,PERSON-002821,Black,Tata,Altroz,Active,true
VEH-001572,Car,SYN-KA-01572,PERSON-000540,Silver,Maruti,Ertiga,Active,true
VEH-001573,Auto,SYN-DE-01573,PERSON-000180,Black,Tata,Punch,Active,true
VEH-001574,Truck,SYN-WE-01574,PERSON-001610,Silver,Maruti,Ertiga,Transferred,true
VEH-001575,Motorcycle,SYN-DE-01575,PERSON-000267,Black,Maruti,Baleno,Active,true
VEH-001576,SUV,SYN-TE-01576,PERSON-002618,Black,Mahindra,Bolero,Active,true
VEH-001577,Car,SYN-KA-01577,PERSON-001757,Red,Tata,Punch,Transferred,true
VEH-001578,Motorcycle,SYN-TE-01578,PERSON-001898,Red,Hyundai,i20,Transferred,true
VEH-001579,Motorcycle,SYN-MA-01579,PERSON-000921,Silver,Hyundai,i20,Active,true
VEH-001580,Motorcycle,SYN-TE-01580,PERSON-000621,Grey,Maruti,Baleno,Active,true
VEH-001581,SUV,SYN-UT-01581,PERSON-000765,Red,Maruti,Baleno,Active,true
VEH-001582,Truck,SYN-WE-01582,PERSON-001205,Blue,Toyota,Urban Cruiser,Active,true
VEH-001583,Auto,SYN-KA-01583,PERSON-000540,White,Tata,Altroz,Transferred,true
VEH-001584,Car,SYN-RA-01584,PERSON-001474,Grey,Hyundai,Venue,Transferred,true
VEH-001585,Auto,SYN-GU-01585,PERSON-000721,Grey,Tata,Punch,Active,true
VEH-001586,SUV,SYN-DE-01586,PERSON-000267,Black,Mahindra,Bolero,Active,true
VEH-001587,Van,SYN-MA-01587,PERSON-002060,Grey,Hyundai,i20,Transferred,true
VEH-001588,SUV,SYN-KE-01588,PERSON-000165,Silver,Hyundai,i20,Active,true
VEH-001589,Truck,SYN-KA-01589,PERSON-002068,Silver,Tata,Nexon,Transferred,true
VEH-001590,Auto,SYN-RA-01590,PERSON-000032,White,Tata,Nexon,Active,true
VEH-001591,Auto,SYN-TA-01591,PERSON-000906,Silver,Tata,Punch,Transferred,true
VEH-001592,SUV,SYN-MA-01592,PERSON-000217,Black,Tata,Altroz,Active,true
VEH-001593,Van,SYN-MA-01593,PERSON-002223,Silver,Tata,Punch,Active,true
VEH-001594,Motorcycle,SYN-WE-01594,PERSON-002964,White,Tata,Altroz,Active,true
VEH-001595,Motorcycle,SYN-UT-01595,PERSON-000022,Grey,Maruti,Swift,Transferred,true
VEH-001596,Car,SYN-GU-01596,PERSON-001131,Red,Maruti,Swift,Active,true
VEH-001597,Motorcycle,SYN-TE-01597,PERSON-001331,Blue,Toyota,Innova,Transferred,true
VEH-001598,Car,SYN-GU-01598,PERSON-001127,White,Toyota,Innova,Transferred,true
VEH-001599,Truck,SYN-RA-01599,PERSON-001552,Blue,Mahindra,XUV,Active,true
VEH-001600,Auto,SYN-WE-01600,PERSON-002821,Black,Hyundai,i20,Active,true
VEH-001601,Van,SYN-RA-01601,PERSON-001474,Blue,Mahindra,Scorpio,Active,true
VEH-001602,Van,SYN-TE-01602,PERSON-002618,Grey,Tata,Nexon,Active,true
VEH-001603,Truck,SYN-MA-01603,PERSON-000920,Black,Hyundai,Creta,Active,true
VEH-001604,SUV,SYN-KE-01604,PERSON-000886,White,Toyota,Urban Cruiser,Active,true
VEH-001605,SUV,SYN-WE-01605,PERSON-002821,Blue,Mahindra,Bolero,Active,true
VEH-001606,Van,SYN-WE-01606,PERSON-002821,Silver,Maruti,Ertiga,Transferred,true
VEH-001607,Car,SYN-DE-01607,PERSON-002965,Blue,Tata,Punch,Active,true
VEH-001608,Car,SYN-MA-01608,PERSON-002060,White,Maruti,Baleno,Transferred,true
VEH-001609,SUV,SYN-KA-01609,PERSON-001757,Grey,Hyundai,Venue,Active,true
VEH-001610,Car,SYN-GU-01610,PERSON-000081,Blue,Hyundai,Venue,Active,true
VEH-001611,Van,SYN-GU-01611,PERSON-000850,Black,Hyundai,i20,Transferred,true
VEH-001612,Auto,SYN-GU-01612,PERSON-001861,Black,Toyota,Innova,Active,true
VEH-001613,SUV,SYN-RA-01613,PERSON-002574,White,Toyota,Innova,Transferred,true
VEH-001614,Truck,SYN-GU-01614,PERSON-000063,Black,Mahindra,XUV,Active,true
VEH-001615,Auto,SYN-KE-01615,PERSON-002757,Black,Mahindra,Bolero,Active,true
VEH-001616,Auto,SYN-DE-01616,PERSON-001425,Black,Maruti,Swift,Active,true
VEH-001617,Car,SYN-TA-01617,PERSON-002675,White,Maruti,Swift,Transferred,true
VEH-001618,SUV,SYN-MA-01618,PERSON-002759,Silver,Tata,Nexon,Active,true
VEH-001619,Car,SYN-TE-01619,PERSON-000916,Blue,Tata,Altroz,Transferred,true
VEH-001620,Van,SYN-GU-01620,PERSON-000783,Red,Tata,Nexon,Active,true
VEH-001621,Motorcycle,SYN-GU-01621,PERSON-001131,Silver,Tata,Altroz,Active,true
VEH-001622,Car,SYN-GU-01622,PERSON-000130,Silver,Maruti,Swift,Active,true
VEH-001623,Van,SYN-MA-01623,PERSON-001007,Black,Tata,Nexon,Transferred,true
VEH-001624,Auto,SYN-UT-01624,PERSON-002728,Silver,Mahindra,Scorpio,Active,true
VEH-001625,Van,SYN-RA-01625,PERSON-002017,Grey,Hyundai,Venue,Transferred,true
VEH-001626,Truck,SYN-GU-01626,PERSON-002114,Silver,Tata,Punch,Active,true
VEH-001627,Car,SYN-MA-01627,PERSON-001547,Blue,Tata,Punch,Active,true
VEH-001628,Van,SYN-TE-01628,PERSON-001667,Blue,Toyota,Urban Cruiser,Active,true
VEH-001629,SUV,SYN-TA-01629,PERSON-001041,Grey,Tata,Altroz,Active,true
VEH-001630,Van,SYN-KA-01630,PERSON-002998,Silver,Hyundai,Creta,Active,true
VEH-001631,Car,SYN-KA-01631,PERSON-000576,Black,Tata,Punch,Transferred,true
VEH-001632,Car,SYN-WE-01632,PERSON-000584,Grey,Hyundai,Creta,Active,true
VEH-001633,SUV,SYN-KE-01633,PERSON-000230,Silver,Toyota,Innova,Active,true
VEH-001634,Motorcycle,SYN-UT-01634,PERSON-002900,Grey,Maruti,Ertiga,Active,true
VEH-001635,Truck,SYN-DE-01635,PERSON-000180,Red,Maruti,Baleno,Active,true
VEH-001636,SUV,SYN-MA-01636,PERSON-002060,Grey,Tata,Punch,Transferred,true
VEH-001637,Auto,SYN-WE-01637,PERSON-001334,Red,Toyota,Urban Cruiser,Active,true
VEH-001638,Motorcycle,SYN-KA-01638,PERSON-000499,Red,Maruti,Ertiga,Active,true
VEH-001639,Motorcycle,SYN-GU-01639,PERSON-000943,Silver,Mahindra,XUV,Active,true
VEH-001640,Car,SYN-WE-01640,PERSON-001747,Red,Tata,Punch,Transferred,true
VEH-001641,Motorcycle,SYN-TE-01641,PERSON-000374,Red,Tata,Punch,Active,true
VEH-001642,Car,SYN-UT-01642,PERSON-001578,Blue,Maruti,Ertiga,Active,true
VEH-001643,SUV,SYN-UT-01643,PERSON-001847,Red,Tata,Nexon,Active,true
VEH-001644,SUV,SYN-WE-01644,PERSON-001029,Red,Tata,Nexon,Active,true
VEH-001645,SUV,SYN-GU-01645,PERSON-002279,Red,Toyota,Urban Cruiser,Active,true
VEH-001646,Van,SYN-DE-01646,PERSON-000538,Black,Hyundai,Creta,Active,true
VEH-001647,Auto,SYN-MA-01647,PERSON-000921,Red,Tata,Altroz,Active,true
VEH-001648,Car,SYN-WE-01648,PERSON-001965,Silver,Toyota,Innova,Active,true
VEH-001649,SUV,SYN-TA-01649,PERSON-000817,Red,Toyota,Innova,Transferred,true
VEH-001650,Auto,SYN-GU-01650,PERSON-002872,Silver,Maruti,Swift,Active,true
VEH-001651,Truck,SYN-UT-01651,PERSON-000647,Black,Mahindra,XUV,Active,true
VEH-001652,Auto,SYN-DE-01652,PERSON-002457,White,Hyundai,i20,Active,true
VEH-001653,Auto,SYN-UT-01653,PERSON-001578,Silver,Maruti,Baleno,Active,true
VEH-001654,Truck,SYN-KE-01654,PERSON-002846,Grey,Tata,Punch,Active,true
VEH-001655,Auto,SYN-GU-01655,PERSON-000062,Grey,Hyundai,i20,Active,true
VEH-001656,SUV,SYN-RA-01656,PERSON-001894,Red,Tata,Nexon,Active,true
VEH-001657,Van,SYN-DE-01657,PERSON-000146,Black,Toyota,Urban Cruiser,Active,true
VEH-001658,Motorcycle,SYN-MA-01658,PERSON-001210,Blue,Toyota,Innova,Transferred,true
VEH-001659,Truck,SYN-TE-01659,PERSON-001558,Silver,Mahindra,XUV,Active,true
VEH-001660,SUV,SYN-RA-01660,PERSON-000351,Black,Hyundai,Venue,Transferred,true
VEH-001661,Truck,SYN-TA-01661,PERSON-001041,Black,Tata,Punch,Active,true
VEH-001662,Van,SYN-MA-01662,PERSON-001589,Black,Toyota,Urban Cruiser,Active,true
VEH-001663,SUV,SYN-GU-01663,PERSON-000862,Blue,Mahindra,Bolero,Active,true
VEH-001664,SUV,SYN-RA-01664,PERSON-001431,White,Hyundai,Creta,Transferred,true
VEH-001665,Auto,SYN-DE-01665,PERSON-001701,Red,Mahindra,Bolero,Active,true
VEH-001666,Car,SYN-KA-01666,PERSON-002646,Black,Hyundai,Venue,Active,true
VEH-001667,Car,SYN-DE-01667,PERSON-002965,White,Toyota,Urban Cruiser,Transferred,true
VEH-001668,Motorcycle,SYN-UT-01668,PERSON-000838,White,Maruti,Baleno,Transferred,true
VEH-001669,Truck,SYN-TE-01669,PERSON-002094,Grey,Maruti,Ertiga,Transferred,true
VEH-001670,Car,SYN-TE-01670,PERSON-001758,White,Maruti,Ertiga,Active,true
VEH-001671,Van,SYN-KE-01671,PERSON-002105,White,Toyota,Innova,Active,true
VEH-001672,Van,SYN-DE-01672,PERSON-000103,Red,Maruti,Swift,Transferred,true
VEH-001673,Truck,SYN-DE-01673,PERSON-000538,Red,Mahindra,Bolero,Active,true
VEH-001674,Truck,SYN-TA-01674,PERSON-002873,Black,Tata,Punch,Active,true
VEH-001675,SUV,SYN-DE-01675,PERSON-001540,Grey,Maruti,Ertiga,Transferred,true
VEH-001676,Auto,SYN-GU-01676,PERSON-000863,Blue,Toyota,Innova,Transferred,true
VEH-001677,Car,SYN-TA-01677,PERSON-001543,Blue,Hyundai,i20,Active,true
VEH-001678,Van,SYN-TA-01678,PERSON-000479,White,Mahindra,Scorpio,Active,true
VEH-001679,SUV,SYN-KA-01679,PERSON-002449,Grey,Hyundai,Venue,Active,true
VEH-001680,Car,SYN-KA-01680,PERSON-002646,White,Toyota,Innova,Active,true
VEH-001681,Auto,SYN-GU-01681,PERSON-001387,Blue,Maruti,Ertiga,Active,true
VEH-001682,Motorcycle,SYN-MA-01682,PERSON-001152,Silver,Toyota,Innova,Transferred,true
VEH-001683,SUV,SYN-KE-01683,PERSON-001212,White,Toyota,Innova,Active,true
VEH-001684,SUV,SYN-KE-01684,PERSON-000492,Blue,Toyota,Urban Cruiser,Transferred,true
VEH-001685,SUV,SYN-KE-01685,PERSON-000886,White,Hyundai,i20,Active,true
VEH-001686,Truck,SYN-MA-01686,PERSON-000920,Black,Tata,Punch,Transferred,true
VEH-001687,SUV,SYN-KE-01687,PERSON-000302,White,Mahindra,Scorpio,Transferred,true
VEH-001688,Van,SYN-TE-01688,PERSON-002122,Grey,Tata,Punch,Transferred,true
VEH-001689,Auto,SYN-TA-01689,PERSON-000305,White,Toyota,Urban Cruiser,Active,true
VEH-001690,Truck,SYN-KE-01690,PERSON-002377,Black,Tata,Nexon,Transferred,true
VEH-001691,Auto,SYN-RA-01691,PERSON-002829,Silver,Hyundai,Creta,Active,true
VEH-001692,Truck,SYN-KE-01692,PERSON-000135,Grey,Tata,Altroz,Transferred,true
VEH-001693,Auto,SYN-GU-01693,PERSON-002704,Black,Hyundai,Creta,Transferred,true
VEH-001694,Motorcycle,SYN-TA-01694,PERSON-000901,Grey,Toyota,Innova,Transferred,true
VEH-001695,Truck,SYN-KE-01695,PERSON-000599,Black,Toyota,Innova,Active,true
VEH-001696,Truck,SYN-DE-01696,PERSON-000538,Grey,Tata,Altroz,Active,true
VEH-001697,SUV,SYN-KA-01697,PERSON-001544,Silver,Tata,Altroz,Active,true
VEH-001698,Auto,SYN-TA-01698,PERSON-002873,Silver,Mahindra,Bolero,Active,true
VEH-001699,Motorcycle,SYN-TA-01699,PERSON-001543,White,Mahindra,XUV,Active,true
VEH-001700,Motorcycle,SYN-WE-01700,PERSON-000488,Blue,Tata,Punch,Transferred,true
VEH-001701,Motorcycle,SYN-TE-01701,PERSON-001558,Grey,Hyundai,Creta,Active,true
VEH-001702,Car,SYN-DE-01702,PERSON-000769,White,Hyundai,Creta,Active,true
VEH-001703,SUV,SYN-MA-01703,PERSON-000921,Red,Hyundai,Creta,Active,true
VEH-001704,Van,SYN-WE-01704,PERSON-001965,Red,Maruti,Ertiga,Transferred,true
VEH-001705,Van,SYN-MA-01705,PERSON-000357,Blue,Tata,Nexon,Active,true
VEH-001706,Motorcycle,SYN-KA-01706,PERSON-002453,Blue,Tata,Punch,Active,true
VEH-001707,Motorcycle,SYN-TE-01707,PERSON-002639,Red,Hyundai,Venue,Active,true
VEH-001708,SUV,SYN-TE-01708,PERSON-001309,Blue,Toyota,Innova,Active,true
VEH-001709,Auto,SYN-WE-01709,PERSON-001876,Silver,Toyota,Urban Cruiser,Active,true
VEH-001710,Van,SYN-TA-01710,PERSON-002368,Silver,Hyundai,Venue,Transferred,true
VEH-001711,Motorcycle,SYN-WE-01711,PERSON-002450,Red,Toyota,Innova,Transferred,true
VEH-001712,Auto,SYN-GU-01712,PERSON-000062,White,Hyundai,i20,Transferred,true
VEH-001713,Van,SYN-WE-01713,PERSON-001507,Silver,Tata,Altroz,Active,true
VEH-001714,SUV,SYN-KE-01714,PERSON-002576,Grey,Maruti,Baleno,Transferred,true
VEH-001715,Motorcycle,SYN-GU-01715,PERSON-002872,Silver,Hyundai,Creta,Active,true
VEH-001716,Car,SYN-UT-01716,PERSON-001873,Red,Mahindra,XUV,Transferred,true
VEH-001717,Auto,SYN-DE-01717,PERSON-002457,Blue,Tata,Nexon,Active,true
VEH-001718,Truck,SYN-MA-01718,PERSON-001367,Grey,Toyota,Innova,Transferred,true
VEH-001719,Car,SYN-UT-01719,PERSON-001337,Black,Hyundai,Venue,Transferred,true
VEH-001720,Motorcycle,SYN-MA-01720,PERSON-000604,Blue,Hyundai,Creta,Active,true
VEH-001721,Motorcycle,SYN-DE-01721,PERSON-000470,White,Toyota,Innova,Transferred,true
VEH-001722,SUV,SYN-TA-01722,PERSON-000901,Grey,Maruti,Swift,Transferred,true
VEH-001723,Truck,SYN-DE-01723,PERSON-000622,Black,Maruti,Baleno,Transferred,true
VEH-001724,Auto,SYN-GU-01724,PERSON-000057,Red,Hyundai,Venue,Transferred,true
VEH-001725,SUV,SYN-DE-01725,PERSON-001258,Red,Mahindra,Scorpio,Transferred,true
VEH-001726,Auto,SYN-GU-01726,PERSON-000634,Grey,Tata,Punch,Active,true
VEH-001727,Car,SYN-GU-01727,PERSON-001861,Red,Hyundai,i20,Active,true
VEH-001728,SUV,SYN-GU-01728,PERSON-000081,Blue,Mahindra,Bolero,Active,true
VEH-001729,Motorcycle,SYN-KE-01729,PERSON-001017,Blue,Toyota,Urban Cruiser,Active,true
VEH-001730,Motorcycle,SYN-KE-01730,PERSON-002020,Grey,Maruti,Baleno,Active,true
VEH-001731,Motorcycle,SYN-MA-01731,PERSON-001994,Blue,Hyundai,i20,Transferred,true
VEH-001732,Van,SYN-TE-01732,PERSON-001898,White,Maruti,Ertiga,Transferred,true
VEH-001733,Auto,SYN-TA-01733,PERSON-002397,Black,Maruti,Ertiga,Active,true
VEH-001734,Truck,SYN-TE-01734,PERSON-001659,Red,Mahindra,Scorpio,Transferred,true
VEH-001735,Motorcycle,SYN-WE-01735,PERSON-002393,White,Toyota,Innova,Active,true
VEH-001736,SUV,SYN-KA-01736,PERSON-001544,Grey,Toyota,Urban Cruiser,Transferred,true
VEH-001737,SUV,SYN-TA-01737,PERSON-002873,Grey,Hyundai,i20,Active,true
VEH-001738,Truck,SYN-TE-01738,PERSON-001898,Black,Maruti,Ertiga,Active,true
VEH-001739,Motorcycle,SYN-MA-01739,PERSON-000921,Silver,Maruti,Ertiga,Transferred,true
VEH-001740,Auto,SYN-TE-01740,PERSON-000621,Grey,Hyundai,Creta,Active,true
VEH-001741,Auto,SYN-TE-01741,PERSON-000083,Red,Toyota,Urban Cruiser,Active,true
VEH-001742,Van,SYN-RA-01742,PERSON-002999,White,Mahindra,XUV,Transferred,true
VEH-001743,Motorcycle,SYN-DE-01743,PERSON-001425,Blue,Mahindra,Bolero,Transferred,true
VEH-001744,Auto,SYN-RA-01744,PERSON-002986,White,Toyota,Innova,Active,true
VEH-001745,SUV,SYN-MA-01745,PERSON-001071,White,Maruti,Swift,Active,true
VEH-001746,Auto,SYN-MA-01746,PERSON-000613,Red,Mahindra,Scorpio,Active,true
VEH-001747,Car,SYN-KA-01747,PERSON-002068,Red,Maruti,Swift,Active,true
VEH-001748,SUV,SYN-KE-01748,PERSON-001141,White,Hyundai,Creta,Transferred,true
VEH-001749,SUV,SYN-TA-01749,PERSON-000948,Grey,Hyundai,Venue,Transferred,true
VEH-001750,Van,SYN-RA-01750,PERSON-001315,Silver,Hyundai,i20,Active,true
VEH-001751,Truck,SYN-MA-01751,PERSON-000106,Blue,Tata,Punch,Active,true
VEH-001752,Auto,SYN-KE-01752,PERSON-000230,Red,Hyundai,Venue,Active,true
VEH-001753,Auto,SYN-WE-01753,PERSON-002821,Blue,Mahindra,Bolero,Active,true
VEH-001754,SUV,SYN-GU-01754,PERSON-001115,Grey,Tata,Punch,Active,true
VEH-001755,Motorcycle,SYN-TE-01755,PERSON-002618,White,Mahindra,XUV,Active,true
VEH-001756,Van,SYN-MA-01756,PERSON-000440,Black,Hyundai,i20,Active,true
VEH-001757,Car,SYN-GU-01757,PERSON-000783,Blue,Toyota,Innova,Active,true
VEH-001758,Truck,SYN-RA-01758,PERSON-002343,Blue,Toyota,Innova,Active,true
VEH-001759,Truck,SYN-GU-01759,PERSON-000628,Blue,Hyundai,Creta,Active,true
VEH-001760,Van,SYN-TE-01760,PERSON-001521,White,Toyota,Urban Cruiser,Active,true
VEH-001761,Auto,SYN-UT-01761,PERSON-002728,Blue,Hyundai,Creta,Active,true
VEH-001762,Truck,SYN-RA-01762,PERSON-002703,Grey,Mahindra,Scorpio,Transferred,true
VEH-001763,Motorcycle,SYN-TE-01763,PERSON-001558,Silver,Mahindra,Bolero,Transferred,true
VEH-001764,Van,SYN-RA-01764,PERSON-001474,Grey,Tata,Altroz,Transferred,true
VEH-001765,Van,SYN-DE-01765,PERSON-001262,Black,Maruti,Ertiga,Active,true
VEH-001766,Auto,SYN-TE-01766,PERSON-000792,Silver,Hyundai,Creta,Transferred,true
VEH-001767,Van,SYN-TE-01767,PERSON-002737,Black,Tata,Punch,Active,true
VEH-001768,Auto,SYN-TE-01768,PERSON-001481,White,Tata,Altroz,Transferred,true
VEH-001769,Van,SYN-MA-01769,PERSON-002715,Silver,Mahindra,Scorpio,Active,true
VEH-001770,Auto,SYN-RA-01770,PERSON-000032,Grey,Maruti,Swift,Active,true
VEH-001771,Auto,SYN-GU-01771,PERSON-000081,Blue,Toyota,Urban Cruiser,Transferred,true
VEH-001772,SUV,SYN-KA-01772,PERSON-001259,Black,Tata,Punch,Active,true
VEH-001773,SUV,SYN-GU-01773,PERSON-000063,Black,Hyundai,Venue,Active,true
VEH-001774,Auto,SYN-KE-01774,PERSON-002757,Black,Toyota,Urban Cruiser,Active,true
VEH-001775,Truck,SYN-MA-01775,PERSON-001589,Red,Hyundai,Creta,Active,true
VEH-001776,SUV,SYN-TE-01776,PERSON-002428,Silver,Maruti,Swift,Active,true
VEH-001777,Truck,SYN-KA-01777,PERSON-001544,White,Toyota,Innova,Active,true
VEH-001778,Motorcycle,SYN-TA-01778,PERSON-002873,Black,Hyundai,Creta,Transferred,true
VEH-001779,Car,SYN-WE-01779,PERSON-000120,Blue,Hyundai,Creta,Transferred,true
VEH-001780,Motorcycle,SYN-GU-01780,PERSON-000863,Silver,Hyundai,i20,Active,true
VEH-001781,Auto,SYN-TA-01781,PERSON-001992,White,Toyota,Innova,Transferred,true
VEH-001782,Car,SYN-TA-01782,PERSON-001543,White,Mahindra,XUV,Active,true
VEH-001783,SUV,SYN-WE-01783,PERSON-001205,Black,Hyundai,Venue,Active,true
VEH-001784,Truck,SYN-RA-01784,PERSON-001431,Red,Maruti,Swift,Active,true
VEH-001785,Car,SYN-KA-01785,PERSON-000295,Grey,Mahindra,Scorpio,Transferred,true
VEH-001786,Auto,SYN-RA-01786,PERSON-000846,Grey,Toyota,Urban Cruiser,Transferred,true
VEH-001787,SUV,SYN-KA-01787,PERSON-000484,Grey,Tata,Altroz,Transferred,true
VEH-001788,Auto,SYN-WE-01788,PERSON-000703,Black,Maruti,Baleno,Transferred,true
VEH-001789,Motorcycle,SYN-UT-01789,PERSON-002418,White,Hyundai,Venue,Active,true
VEH-001790,Motorcycle,SYN-TE-01790,PERSON-000916,Silver,Tata,Altroz,Active,true
VEH-001791,SUV,SYN-TE-01791,PERSON-000950,Red,Tata,Altroz,Transferred,true
VEH-001792,Auto,SYN-GU-01792,PERSON-001043,Grey,Tata,Punch,Transferred,true
VEH-001793,Car,SYN-RA-01793,PERSON-002703,Blue,Maruti,Swift,Active,true
VEH-001794,Truck,SYN-MA-01794,PERSON-000357,Blue,Mahindra,Bolero,Transferred,true
VEH-001795,Auto,SYN-WE-01795,PERSON-000667,Black,Maruti,Baleno,Active,true
VEH-001796,Truck,SYN-TE-01796,PERSON-001615,Silver,Toyota,Urban Cruiser,Active,true
VEH-001797,Auto,SYN-MA-01797,PERSON-000920,Blue,Mahindra,XUV,Active,true
VEH-001798,SUV,SYN-KE-01798,PERSON-000302,Black,Mahindra,Scorpio,Active,true
VEH-001799,Truck,SYN-TA-01799,PERSON-000489,Blue,Hyundai,i20,Active,true
VEH-001800,Motorcycle,SYN-MA-01800,PERSON-001774,Grey,Mahindra,Scorpio,Active,true
VEH-001801,Car,SYN-MA-01801,PERSON-002417,Black,Tata,Nexon,Transferred,true
VEH-001802,Motorcycle,SYN-TE-01802,PERSON-001758,Black,Maruti,Ertiga,Active,true
VEH-001803,Motorcycle,SYN-KE-01803,PERSON-000207,Blue,Hyundai,Venue,Active,true
VEH-001804,Van,SYN-KE-01804,PERSON-002105,Grey,Tata,Punch,Active,true
VEH-001805,Auto,SYN-DE-01805,PERSON-000103,Black,Hyundai,Venue,Active,true
VEH-001806,SUV,SYN-TE-01806,PERSON-001869,Grey,Tata,Nexon,Active,true
VEH-001807,Auto,SYN-GU-01807,PERSON-001059,Red,Mahindra,Scorpio,Active,true
VEH-001808,Auto,SYN-TA-01808,PERSON-000305,Red,Maruti,Ertiga,Active,true
VEH-001809,Van,SYN-TA-01809,PERSON-001543,White,Toyota,Urban Cruiser,Active,true
VEH-001810,Truck,SYN-DE-01810,PERSON-002745,Blue,Toyota,Innova,Transferred,true
VEH-001811,Van,SYN-UT-01811,PERSON-000765,Black,Tata,Altroz,Transferred,true
VEH-001812,SUV,SYN-KA-01812,PERSON-000540,White,Tata,Nexon,Active,true
VEH-001813,Truck,SYN-DE-01813,PERSON-001262,White,Toyota,Innova,Transferred,true
VEH-001814,Auto,SYN-KA-01814,PERSON-001757,Blue,Maruti,Baleno,Active,true
VEH-001815,SUV,SYN-WE-01815,PERSON-002821,Grey,Mahindra,Scorpio,Active,true
VEH-001816,Van,SYN-KA-01816,PERSON-000540,Silver,Toyota,Innova,Active,true
VEH-001817,Auto,SYN-MA-01817,PERSON-002060,Grey,Toyota,Urban Cruiser,Active,true
VEH-001818,Auto,SYN-MA-01818,PERSON-000440,Silver,Tata,Nexon,Transferred,true
VEH-001819,SUV,SYN-KA-01819,PERSON-001066,Blue,Mahindra,Bolero,Transferred,true
VEH-001820,SUV,SYN-UT-01820,PERSON-002106,Red,Toyota,Urban Cruiser,Active,true
VEH-001821,SUV,SYN-GU-01821,PERSON-000823,White,Maruti,Baleno,Active,true
VEH-001822,Motorcycle,SYN-WE-01822,PERSON-000703,White,Toyota,Urban Cruiser,Active,true
VEH-001823,SUV,SYN-MA-01823,PERSON-001152,White,Hyundai,Venue,Active,true
VEH-001824,Car,SYN-WE-01824,PERSON-002159,Red,Toyota,Innova,Active,true
VEH-001825,Van,SYN-MA-01825,PERSON-002758,Silver,Mahindra,XUV,Active,true
VEH-001826,Car,SYN-KA-01826,PERSON-000566,Black,Toyota,Innova,Transferred,true
VEH-001827,Motorcycle,SYN-MA-01827,PERSON-000991,White,Mahindra,Scorpio,Transferred,true
VEH-001828,Van,SYN-UT-01828,PERSON-002847,White,Toyota,Innova,Active,true
VEH-001829,Truck,SYN-TE-01829,PERSON-001667,Grey,Tata,Punch,Transferred,true
VEH-001830,Car,SYN-TE-01830,PERSON-001558,Blue,Mahindra,XUV,Active,true
VEH-001831,Van,SYN-KE-01831,PERSON-001670,Silver,Maruti,Baleno,Active,true
VEH-001832,Truck,SYN-UT-01832,PERSON-001824,Grey,Mahindra,XUV,Active,true
VEH-001833,Car,SYN-TE-01833,PERSON-002428,Red,Maruti,Swift,Active,true
VEH-001834,Truck,SYN-TE-01834,PERSON-001180,Red,Tata,Nexon,Active,true
VEH-001835,Van,SYN-TA-01835,PERSON-002845,White,Toyota,Innova,Active,true
VEH-001836,Van,SYN-KA-01836,PERSON-001478,Grey,Hyundai,Venue,Active,true
VEH-001837,Truck,SYN-TE-01837,PERSON-002256,Grey,Toyota,Urban Cruiser,Active,true
VEH-001838,Van,SYN-WE-01838,PERSON-000734,Red,Toyota,Innova,Transferred,true
VEH-001839,SUV,SYN-KE-01839,PERSON-000763,Red,Hyundai,i20,Active,true
VEH-001840,Van,SYN-TE-01840,PERSON-000860,Blue,Tata,Nexon,Active,true
VEH-001841,Truck,SYN-UT-01841,PERSON-000405,White,Tata,Punch,Transferred,true
VEH-001842,Auto,SYN-TE-01842,PERSON-000922,Silver,Tata,Altroz,Transferred,true
VEH-001843,SUV,SYN-KE-01843,PERSON-001670,Blue,Tata,Punch,Transferred,true
VEH-001844,Car,SYN-KA-01844,PERSON-001664,Red,Maruti,Ertiga,Transferred,true
VEH-001845,Truck,SYN-KA-01845,PERSON-002998,Grey,Maruti,Swift,Transferred,true
VEH-001846,Van,SYN-TA-01846,PERSON-000948,Grey,Mahindra,Scorpio,Active,true
VEH-001847,Motorcycle,SYN-WE-01847,PERSON-000584,Silver,Hyundai,Venue,Transferred,true
VEH-001848,Motorcycle,SYN-DE-01848,PERSON-000697,Silver,Maruti,Swift,Active,true
VEH-001849,Truck,SYN-MA-01849,PERSON-002715,Grey,Maruti,Baleno,Active,true
VEH-001850,Auto,SYN-MA-01850,PERSON-001774,Grey,Maruti,Swift,Active,true
VEH-001851,SUV,SYN-WE-01851,PERSON-000407,Grey,Hyundai,Creta,Active,true
VEH-001852,Van,SYN-TE-01852,PERSON-001758,Red,Maruti,Ertiga,Transferred,true
VEH-001853,Motorcycle,SYN-KA-01853,PERSON-000526,Silver,Toyota,Innova,Active,true
VEH-001854,Motorcycle,SYN-WE-01854,PERSON-000120,Blue,Mahindra,Scorpio,Active,true
VEH-001855,Auto,SYN-TE-01855,PERSON-000621,Red,Toyota,Urban Cruiser,Active,true
VEH-001856,Motorcycle,SYN-WE-01856,PERSON-000488,White,Tata,Altroz,Active,true
VEH-001857,Motorcycle,SYN-MA-01857,PERSON-001210,Grey,Toyota,Innova,Active,true
VEH-001858,Auto,SYN-TE-01858,PERSON-001667,Blue,Toyota,Innova,Transferred,true
VEH-001859,Motorcycle,SYN-RA-01859,PERSON-000351,Black,Hyundai,Creta,Active,true
VEH-001860,Auto,SYN-TE-01860,PERSON-001558,Grey,Maruti,Ertiga,Transferred,true
VEH-001861,Truck,SYN-DE-01861,PERSON-000222,Blue,Toyota,Urban Cruiser,Active,true
VEH-001862,Motorcycle,SYN-KE-01862,PERSON-001670,Grey,Maruti,Ertiga,Active,true
VEH-001863,Van,SYN-RA-01863,PERSON-000784,Grey,Tata,Punch,Transferred,true
VEH-001864,Car,SYN-KA-01864,PERSON-000717,Red,Mahindra,XUV,Active,true
VEH-001865,Auto,SYN-UT-01865,PERSON-000647,White,Tata,Nexon,Active,true
VEH-001866,Auto,SYN-GU-01866,PERSON-002215,Red,Maruti,Baleno,Active,true
VEH-001867,Truck,SYN-TE-01867,PERSON-001667,White,Tata,Altroz,Active,true
VEH-001868,SUV,SYN-MA-01868,PERSON-001210,Silver,Tata,Altroz,Active,true
VEH-001869,Van,SYN-TE-01869,PERSON-001558,Black,Toyota,Urban Cruiser,Active,true
VEH-001870,Truck,SYN-GU-01870,PERSON-002750,White,Maruti,Swift,Active,true
VEH-001871,Van,SYN-TA-01871,PERSON-001041,Silver,Mahindra,Scorpio,Active,true
VEH-001872,Motorcycle,SYN-KA-01872,PERSON-002068,Grey,Mahindra,Bolero,Active,true
VEH-001873,SUV,SYN-KE-01873,PERSON-001670,White,Hyundai,Creta,Transferred,true
VEH-001874,Van,SYN-KA-01874,PERSON-002740,Grey,Toyota,Urban Cruiser,Transferred,true
VEH-001875,SUV,SYN-KE-01875,PERSON-002197,Grey,Mahindra,Bolero,Transferred,true
VEH-001876,Motorcycle,SYN-MA-01876,PERSON-000440,Grey,Tata,Nexon,Active,true
VEH-001877,Motorcycle,SYN-TE-01877,PERSON-002304,Red,Hyundai,Venue,Active,true
VEH-001878,Truck,SYN-WE-01878,PERSON-001205,Black,Mahindra,Scorpio,Active,true
VEH-001879,Car,SYN-TA-01879,PERSON-000479,Silver,Toyota,Urban Cruiser,Transferred,true
VEH-001880,Truck,SYN-UT-01880,PERSON-002106,Blue,Hyundai,Creta,Active,true
VEH-001881,Auto,SYN-GU-01881,PERSON-000823,Silver,Hyundai,Creta,Active,true
VEH-001882,Motorcycle,SYN-UT-01882,PERSON-001824,Red,Hyundai,i20,Active,true
VEH-001883,SUV,SYN-WE-01883,PERSON-002159,Grey,Mahindra,XUV,Transferred,true
VEH-001884,Van,SYN-UT-01884,PERSON-000022,Silver,Toyota,Innova,Active,true
VEH-001885,Car,SYN-MA-01885,PERSON-002309,Red,Maruti,Ertiga,Active,true
VEH-001886,Truck,SYN-TE-01886,PERSON-001255,Blue,Toyota,Innova,Active,true
VEH-001887,Car,SYN-TE-01887,PERSON-001667,White,Hyundai,Creta,Active,true
VEH-001888,Motorcycle,SYN-MA-01888,PERSON-001210,White,Toyota,Urban Cruiser,Active,true
VEH-001889,Truck,SYN-RA-01889,PERSON-000351,Silver,Mahindra,Scorpio,Active,true
VEH-001890,Truck,SYN-GU-01890,PERSON-002750,Blue,Mahindra,Scorpio,Transferred,true
VEH-001891,Truck,SYN-WE-01891,PERSON-000047,Grey,Maruti,Baleno,Transferred,true
VEH-001892,Truck,SYN-RA-01892,PERSON-002938,Blue,Tata,Punch,Transferred,true
VEH-001893,SUV,SYN-MA-01893,PERSON-000217,Red,Tata,Punch,Active,true
VEH-001894,Auto,SYN-RA-01894,PERSON-001768,Black,Mahindra,Bolero,Active,true
VEH-001895,SUV,SYN-KE-01895,PERSON-002205,Red,Maruti,Baleno,Transferred,true
VEH-001896,Van,SYN-RA-01896,PERSON-002160,Red,Tata,Altroz,Active,true
VEH-001897,Car,SYN-GU-01897,PERSON-000473,White,Maruti,Baleno,Transferred,true
VEH-001898,SUV,SYN-TA-01898,PERSON-002764,Red,Tata,Punch,Active,true
VEH-001899,SUV,SYN-GU-01899,PERSON-001861,White,Toyota,Urban Cruiser,Active,true
VEH-001900,Motorcycle,SYN-DE-01900,PERSON-000146,Silver,Maruti,Swift,Active,true
VEH-001901,Van,SYN-MA-01901,PERSON-001210,Silver,Maruti,Baleno,Active,true
VEH-001902,Motorcycle,SYN-RA-01902,PERSON-000351,White,Toyota,Innova,Active,true
VEH-001903,SUV,SYN-GU-01903,PERSON-002750,Blue,Hyundai,Venue,Active,true
VEH-001904,Auto,SYN-KE-01904,PERSON-001670,Grey,Maruti,Swift,Active,true
VEH-001905,Car,SYN-GU-01905,PERSON-000081,Black,Mahindra,XUV,Active,true
VEH-001906,Motorcycle,SYN-GU-01906,PERSON-001861,Red,Hyundai,i20,Transferred,true
VEH-001907,Motorcycle,SYN-GU-01907,PERSON-000863,Grey,Toyota,Urban Cruiser,Transferred,true
VEH-001908,Van,SYN-MA-01908,PERSON-001589,Silver,Mahindra,XUV,Active,true
VEH-001909,Van,SYN-DE-01909,PERSON-000682,Blue,Toyota,Urban Cruiser,Active,true
VEH-001910,Van,SYN-TE-01910,PERSON-001481,Grey,Mahindra,Bolero,Active,true
VEH-001911,Motorcycle,SYN-KA-01911,PERSON-002068,White,Toyota,Innova,Transferred,true
VEH-001912,Car,SYN-RA-01912,PERSON-002438,Red,Maruti,Swift,Active,true
VEH-001913,Auto,SYN-KE-01913,PERSON-000886,White,Maruti,Swift,Transferred,true
VEH-001914,Car,SYN-MA-01914,PERSON-001210,White,Mahindra,XUV,Active,true
VEH-001915,Motorcycle,SYN-RA-01915,PERSON-000351,Silver,Mahindra,Scorpio,Active,true
VEH-001916,SUV,SYN-TE-01916,PERSON-001558,Red,Mahindra,XUV,Transferred,true
VEH-001917,Car,SYN-GU-01917,PERSON-002750,White,Mahindra,Bolero,Active,true
VEH-001918,Auto,SYN-TA-01918,PERSON-001041,Red,Hyundai,Venue,Transferred,true
VEH-001919,SUV,SYN-WE-01919,PERSON-001334,Grey,Hyundai,Creta,Active,true
VEH-001920,Truck,SYN-KA-01920,PERSON-000499,Black,Mahindra,Bolero,Active,true
VEH-001921,Truck,SYN-WE-01921,PERSON-001747,Red,Tata,Altroz,Active,true
VEH-001922,Car,SYN-TE-01922,PERSON-001558,White,Tata,Punch,Active,true
VEH-001923,Truck,SYN-DE-01923,PERSON-000267,White,Tata,Nexon,Active,true
VEH-001924,Truck,SYN-UT-01924,PERSON-002900,Blue,Mahindra,XUV,Transferred,true
VEH-001925,Van,SYN-MA-01925,PERSON-000440,Blue,Tata,Nexon,Active,true
VEH-001926,Car,SYN-KE-01926,PERSON-001968,Black,Toyota,Innova,Active,true
VEH-001927,Car,SYN-KA-01927,PERSON-000499,White,Maruti,Ertiga,Transferred,true
VEH-001928,Auto,SYN-TE-01928,PERSON-001780,White,Mahindra,XUV,Transferred,true
VEH-001929,Truck,SYN-TA-01929,PERSON-002397,Red,Toyota,Urban Cruiser,Transferred,true
VEH-001930,Van,SYN-WE-01930,PERSON-001747,Red,Tata,Altroz,Transferred,true
VEH-001931,Motorcycle,SYN-KE-01931,PERSON-002846,Black,Hyundai,i20,Active,true
VEH-001932,Truck,SYN-TA-01932,PERSON-002408,White,Toyota,Innova,Active,true
VEH-001933,Auto,SYN-UT-01933,PERSON-001578,Black,Maruti,Swift,Transferred,true
VEH-001934,Motorcycle,SYN-UT-01934,PERSON-001847,Black,Mahindra,Bolero,Transferred,true
VEH-001935,Motorcycle,SYN-DE-01935,PERSON-001540,Red,Hyundai,i20,Active,true
VEH-001936,Motorcycle,SYN-TA-01936,PERSON-001992,White,Hyundai,Venue,Active,true
VEH-001937,Truck,SYN-WE-01937,PERSON-001205,Silver,Maruti,Swift,Active,true
VEH-001938,Truck,SYN-WE-01938,PERSON-002821,Grey,Maruti,Baleno,Transferred,true
VEH-001939,Auto,SYN-DE-01939,PERSON-001262,Blue,Maruti,Ertiga,Active,true
VEH-001940,Car,SYN-MA-01940,PERSON-002060,Black,Toyota,Urban Cruiser,Active,true
VEH-001941,Motorcycle,SYN-DE-01941,PERSON-000267,White,Maruti,Swift,Active,true
VEH-001942,SUV,SYN-TE-01942,PERSON-000792,Silver,Tata,Nexon,Transferred,true
VEH-001943,Truck,SYN-GU-01943,PERSON-000850,White,Toyota,Urban Cruiser,Active,true
VEH-001944,SUV,SYN-GU-01944,PERSON-001861,Black,Maruti,Baleno,Active,true
VEH-001945,Car,SYN-RA-01945,PERSON-002574,Blue,Toyota,Innova,Transferred,true
VEH-001946,Van,SYN-GU-01946,PERSON-000063,White,Hyundai,Venue,Active,true
VEH-001947,Motorcycle,SYN-TA-01947,PERSON-000223,Blue,Mahindra,XUV,Active,true
VEH-001948,Car,SYN-KE-01948,PERSON-000438,Blue,Mahindra,XUV,Active,true
VEH-001949,SUV,SYN-GU-01949,PERSON-000057,Grey,Maruti,Baleno,Active,true
VEH-001950,SUV,SYN-UT-01950,PERSON-002247,Grey,Tata,Nexon,Active,true
VEH-001951,Motorcycle,SYN-TE-01951,PERSON-002826,Silver,Maruti,Ertiga,Active,true
VEH-001952,Car,SYN-KE-01952,PERSON-000230,Red,Maruti,Baleno,Transferred,true
VEH-001953,Van,SYN-TE-01953,PERSON-001898,White,Maruti,Baleno,Active,true
VEH-001954,Motorcycle,SYN-MA-01954,PERSON-000139,Grey,Tata,Altroz,Active,true
VEH-001955,Motorcycle,SYN-TE-01955,PERSON-000083,Grey,Toyota,Innova,Active,true
VEH-001956,Van,SYN-UT-01956,PERSON-000765,Grey,Tata,Punch,Transferred,true
VEH-001957,Motorcycle,SYN-UT-01957,PERSON-000822,Blue,Mahindra,Scorpio,Active,true
VEH-001958,SUV,SYN-RA-01958,PERSON-002986,Grey,Tata,Altroz,Transferred,true
VEH-001959,Truck,SYN-KE-01959,PERSON-000886,Blue,Tata,Nexon,Active,true
VEH-001960,SUV,SYN-KA-01960,PERSON-001757,Red,Hyundai,i20,Active,true
VEH-001961,Truck,SYN-TE-01961,PERSON-000792,Blue,Hyundai,Venue,Active,true
VEH-001962,Van,SYN-TE-01962,PERSON-002275,Grey,Hyundai,i20,Active,true
VEH-001963,Motorcycle,SYN-TE-01963,PERSON-000979,Silver,Maruti,Swift,Active,true
VEH-001964,SUV,SYN-TE-01964,PERSON-002087,White,Tata,Nexon,Transferred,true
VEH-001965,SUV,SYN-KA-01965,PERSON-002689,Grey,Maruti,Swift,Active,true
VEH-001966,Truck,SYN-KA-01966,PERSON-001664,Black,Maruti,Swift,Active,true
VEH-001967,Motorcycle,SYN-TA-01967,PERSON-002675,Silver,Maruti,Baleno,Active,true
VEH-001968,Motorcycle,SYN-GU-01968,PERSON-000575,Blue,Tata,Nexon,Transferred,true
VEH-001969,Van,SYN-DE-01969,PERSON-000697,Silver,Tata,Punch,Transferred,true
VEH-001970,SUV,SYN-KE-01970,PERSON-000230,Red,Hyundai,Venue,Active,true
VEH-001971,SUV,SYN-MA-01971,PERSON-002715,Black,Hyundai,i20,Active,true
VEH-001972,Auto,SYN-TE-01972,PERSON-000245,Blue,Tata,Nexon,Active,true
VEH-001973,Motorcycle,SYN-TA-01973,PERSON-002408,Grey,Tata,Nexon,Active,true
VEH-001974,Van,SYN-TE-01974,PERSON-000374,Grey,Maruti,Baleno,Active,true
VEH-001975,Truck,SYN-RA-01975,PERSON-002438,Blue,Maruti,Swift,Transferred,true
VEH-001976,Car,SYN-KE-01976,PERSON-001596,White,Maruti,Baleno,Active,true
VEH-001977,SUV,SYN-RA-01977,PERSON-001363,White,Hyundai,Creta,Active,true
VEH-001978,Truck,SYN-UT-01978,PERSON-002922,White,Tata,Nexon,Active,true
VEH-001979,Auto,SYN-KA-01979,PERSON-001664,Blue,Mahindra,XUV,Transferred,true
VEH-001980,Truck,SYN-WE-01980,PERSON-002835,White,Tata,Punch,Transferred,true
VEH-001981,Truck,SYN-DE-01981,PERSON-000904,Grey,Tata,Nexon,Active,true
VEH-001982,Motorcycle,SYN-MA-01982,PERSON-000106,Black,Tata,Punch,Transferred,true
VEH-001983,Car,SYN-DE-01983,PERSON-000697,Red,Tata,Punch,Active,true
VEH-001984,Truck,SYN-WE-01984,PERSON-002821,Blue,Maruti,Swift,Transferred,true
VEH-001985,Truck,SYN-KA-01985,PERSON-000540,Black,Mahindra,Bolero,Transferred,true
VEH-001986,Auto,SYN-GU-01986,PERSON-001115,Black,Maruti,Ertiga,Active,true
VEH-001987,Van,SYN-WE-01987,PERSON-001610,Blue,Toyota,Urban Cruiser,Active,true
VEH-001988,Truck,SYN-DE-01988,PERSON-000267,Grey,Toyota,Innova,Active,true
VEH-001989,SUV,SYN-KA-01989,PERSON-001757,Black,Toyota,Urban Cruiser,Active,true
VEH-001990,Auto,SYN-DE-01990,PERSON-000146,Grey,Toyota,Urban Cruiser,Active,true
VEH-001991,Van,SYN-WE-01991,PERSON-000047,Black,Mahindra,Scorpio,Transferred,true
VEH-001992,SUV,SYN-WE-01992,PERSON-000279,Blue,Maruti,Swift,Active,true
VEH-001993,Van,SYN-MA-01993,PERSON-000217,Grey,Hyundai,Venue,Active,true
VEH-001994,SUV,SYN-RA-01994,PERSON-001768,Silver,Toyota,Innova,Active,true
VEH-001995,Truck,SYN-KE-01995,PERSON-001941,Red,Maruti,Ertiga,Active,true
VEH-001996,Auto,SYN-TE-01996,PERSON-002937,Grey,Tata,Altroz,Active,true
VEH-001997,SUV,SYN-RA-01997,PERSON-002770,Black,Maruti,Swift,Transferred,true
VEH-001998,Van,SYN-TA-01998,PERSON-001511,Silver,Tata,Punch,Active,true
VEH-001999,Van,SYN-DE-01999,PERSON-000180,White,Toyota,Innova,Transferred,true
VEH-002000,SUV,SYN-WE-02000,PERSON-001334,White,Tata,Punch,Active,true
VEH-002001,Motorcycle,SYN-TE-02001,PERSON-000245,Red,Mahindra,XUV,Active,true
VEH-002002,Truck,SYN-GU-02002,PERSON-000825,Grey,Mahindra,XUV,Transferred,true
VEH-002003,Car,SYN-TA-02003,PERSON-002397,Black,Hyundai,Venue,Transferred,true
VEH-002004,Auto,SYN-TA-02004,PERSON-002408,Red,Hyundai,i20,Active,true
VEH-002005,Truck,SYN-TE-02005,PERSON-001691,Red,Toyota,Innova,Active,true
VEH-002006,Van,SYN-MA-02006,PERSON-001542,Silver,Toyota,Urban Cruiser,Transferred,true
VEH-002007,SUV,SYN-KE-02007,PERSON-000611,Red,Tata,Nexon,Active,true
VEH-002008,Motorcycle,SYN-UT-02008,PERSON-002922,Red,Maruti,Ertiga,Transferred,true
VEH-002009,Motorcycle,SYN-MA-02009,PERSON-002980,Red,Tata,Punch,Active,true
VEH-002010,Auto,SYN-WE-02010,PERSON-002887,White,Maruti,Swift,Transferred,true
VEH-002011,Car,SYN-KA-02011,PERSON-000092,White,Mahindra,Bolero,Transferred,true
VEH-002012,Truck,SYN-TA-02012,PERSON-000653,Silver,Tata,Punch,Transferred,true
VEH-002013,Car,SYN-DE-02013,PERSON-000146,Black,Maruti,Ertiga,Active,true
VEH-002014,Car,SYN-MA-02014,PERSON-001589,Silver,Hyundai,Venue,Active,true
VEH-002015,SUV,SYN-KE-02015,PERSON-001670,White,Tata,Altroz,Transferred,true
VEH-002016,Car,SYN-GU-02016,PERSON-000081,Silver,Tata,Punch,Active,true
VEH-002017,Auto,SYN-KA-02017,PERSON-001259,Black,Tata,Altroz,Active,true
VEH-002018,Car,SYN-GU-02018,PERSON-001861,Black,Mahindra,Bolero,Active,true
VEH-002019,SUV,SYN-RA-02019,PERSON-002574,Blue,Mahindra,XUV,Active,true
VEH-002020,Motorcycle,SYN-GU-02020,PERSON-000863,Red,Maruti,Swift,Active,true
VEH-002021,Van,SYN-KE-02021,PERSON-002757,Blue,Tata,Punch,Transferred,true
VEH-002022,Motorcycle,SYN-UT-02022,PERSON-001337,Blue,Maruti,Ertiga,Transferred,true
VEH-002023,Motorcycle,SYN-KA-02023,PERSON-001478,Black,Mahindra,Bolero,Active,true
VEH-002024,Car,SYN-WE-02024,PERSON-001955,Grey,Mahindra,Scorpio,Active,true
VEH-002025,Truck,SYN-TA-02025,PERSON-002444,Silver,Tata,Nexon,Active,true
VEH-002026,Motorcycle,SYN-TE-02026,PERSON-000245,Grey,Maruti,Baleno,Active,true
VEH-002027,SUV,SYN-KA-02027,PERSON-002449,Black,Tata,Altroz,Active,true
VEH-002028,Truck,SYN-TA-02028,PERSON-002397,Red,Mahindra,XUV,Active,true
VEH-002029,Van,SYN-UT-02029,PERSON-001578,Silver,Mahindra,Scorpio,Transferred,true
VEH-002030,Van,SYN-TE-02030,PERSON-001691,Silver,Toyota,Urban Cruiser,Active,true
VEH-002031,Auto,SYN-GU-02031,PERSON-000081,Silver,Maruti,Swift,Transferred,true
VEH-002032,Motorcycle,SYN-KA-02032,PERSON-001259,Blue,Toyota,Innova,Active,true
VEH-002033,Truck,SYN-RA-02033,PERSON-002574,Grey,Maruti,Swift,Active,true
VEH-002034,Auto,SYN-GU-02034,PERSON-000063,Red,Mahindra,XUV,Active,true
VEH-002035,Van,SYN-KE-02035,PERSON-002757,Grey,Tata,Punch,Transferred,true
VEH-002036,Motorcycle,SYN-MA-02036,PERSON-001589,Red,Hyundai,Venue,Active,true
VEH-002037,Auto,SYN-KE-02037,PERSON-001596,Black,Tata,Altroz,Active,true
VEH-002038,Van,SYN-RA-02038,PERSON-001363,Red,Hyundai,Creta,Transferred,true
VEH-002039,Car,SYN-WE-02039,PERSON-000060,Black,Toyota,Urban Cruiser,Active,true
VEH-002040,Truck,SYN-WE-02040,PERSON-000497,Black,Tata,Altroz,Transferred,true
VEH-002041,Car,SYN-UT-02041,PERSON-000647,White,Maruti,Swift,Active,true
VEH-002042,Van,SYN-GU-02042,PERSON-000850,Black,Toyota,Innova,Transferred,true
VEH-002043,Motorcycle,SYN-RA-02043,PERSON-002574,Black,Toyota,Innova,Transferred,true
VEH-002044,Auto,SYN-GU-02044,PERSON-000063,Grey,Hyundai,Venue,Active,true
VEH-002045,Truck,SYN-KE-02045,PERSON-002757,Black,Tata,Punch,Transferred,true
VEH-002046,Motorcycle,SYN-MA-02046,PERSON-001589,Grey,Mahindra,Scorpio,Active,true
VEH-002047,Auto,SYN-KA-02047,PERSON-000717,Grey,Tata,Nexon,Transferred,true
VEH-002048,Truck,SYN-DE-02048,PERSON-001182,Silver,Hyundai,Venue,Active,true
VEH-002049,SUV,SYN-TE-02049,PERSON-002004,Silver,Maruti,Baleno,Active,true
VEH-002050,Car,SYN-UT-02050,PERSON-002499,Blue,Maruti,Swift,Active,true
VEH-002051,Truck,SYN-KE-02051,PERSON-000230,Silver,Mahindra,XUV,Transferred,true
VEH-002052,Motorcycle,SYN-UT-02052,PERSON-001107,Silver,Maruti,Ertiga,Active,true
VEH-002053,Van,SYN-KA-02053,PERSON-000576,Red,Mahindra,Scorpio,Transferred,true
VEH-002054,Motorcycle,SYN-MA-02054,PERSON-000106,Silver,Hyundai,i20,Transferred,true
VEH-002055,Auto,SYN-DE-02055,PERSON-001262,Silver,Maruti,Ertiga,Transferred,true
VEH-002056,SUV,SYN-DE-02056,PERSON-000267,White,Tata,Nexon,Transferred,true
VEH-002057,Car,SYN-KA-02057,PERSON-001757,Blue,Tata,Altroz,Transferred,true
VEH-002058,SUV,SYN-TA-02058,PERSON-002150,Black,Maruti,Swift,Active,true
VEH-002059,Motorcycle,SYN-TA-02059,PERSON-002944,Black,Mahindra,Scorpio,Active,true
VEH-002060,Motorcycle,SYN-TA-02060,PERSON-002558,Black,Maruti,Baleno,Transferred,true
VEH-002061,Motorcycle,SYN-KA-02061,PERSON-001066,White,Tata,Punch,Transferred,true
VEH-002062,Motorcycle,SYN-WE-02062,PERSON-000667,Red,Hyundai,i20,Transferred,true
VEH-002063,Motorcycle,SYN-DE-02063,PERSON-001182,Grey,Hyundai,Creta,Active,true
VEH-002064,Auto,SYN-DE-02064,PERSON-000622,Grey,Hyundai,i20,Transferred,true
VEH-002065,Van,SYN-KE-02065,PERSON-002164,Grey,Tata,Punch,Transferred,true
VEH-002066,SUV,SYN-TA-02066,PERSON-000479,White,Maruti,Swift,Active,true
VEH-002067,Truck,SYN-UT-02067,PERSON-002331,Blue,Hyundai,i20,Active,true
VEH-002068,Van,SYN-TE-02068,PERSON-002087,Grey,Mahindra,Bolero,Active,true
VEH-002069,SUV,SYN-DE-02069,PERSON-001397,White,Tata,Altroz,Active,true
VEH-002070,Van,SYN-KA-02070,PERSON-002689,Black,Toyota,Innova,Active,true
VEH-002071,Car,SYN-TE-02071,PERSON-001423,Grey,Mahindra,XUV,Transferred,true
VEH-002072,Van,SYN-DE-02072,PERSON-001182,Grey,Maruti,Baleno,Active,true
VEH-002073,Car,SYN-KE-02073,PERSON-002164,White,Hyundai,Venue,Transferred,true
VEH-002074,Motorcycle,SYN-TE-02074,PERSON-002004,Grey,Mahindra,XUV,Transferred,true
VEH-002075,Auto,SYN-GU-02075,PERSON-002215,Red,Tata,Punch,Active,true
VEH-002076,Truck,SYN-RA-02076,PERSON-000154,Red,Toyota,Urban Cruiser,Active,true
VEH-002077,Auto,SYN-WE-02077,PERSON-002713,Silver,Maruti,Ertiga,Active,true
VEH-002078,Auto,SYN-WE-02078,PERSON-000497,Blue,Tata,Altroz,Active,true
VEH-002079,Auto,SYN-KA-02079,PERSON-002896,Grey,Maruti,Baleno,Active,true
VEH-002080,SUV,SYN-MA-02080,PERSON-002442,White,Maruti,Baleno,Active,true
VEH-002081,Auto,SYN-TA-02081,PERSON-002845,Black,Hyundai,i20,Active,true
VEH-002082,Motorcycle,SYN-GU-02082,PERSON-001206,Blue,Hyundai,Venue,Transferred,true
VEH-002083,SUV,SYN-DE-02083,PERSON-001262,Blue,Mahindra,Bolero,Active,true
VEH-002084,Van,SYN-RA-02084,PERSON-001385,White,Toyota,Urban Cruiser,Transferred,true
VEH-002085,Truck,SYN-UT-02085,PERSON-001578,White,Mahindra,Bolero,Active,true
VEH-002086,Auto,SYN-GU-02086,PERSON-000081,Silver,Tata,Nexon,Active,true
VEH-002087,Car,SYN-KA-02087,PERSON-001259,Grey,Mahindra,XUV,Transferred,true
VEH-002088,Auto,SYN-GU-02088,PERSON-000863,Blue,Hyundai,Venue,Transferred,true
VEH-002089,Motorcycle,SYN-MA-02089,PERSON-001589,Blue,Hyundai,Venue,Active,true
VEH-002090,Auto,SYN-MA-02090,PERSON-001774,Blue,Toyota,Innova,Active,true
VEH-002091,Truck,SYN-MA-02091,PERSON-002417,Black,Toyota,Urban Cruiser,Active,true
VEH-002092,Auto,SYN-KE-02092,PERSON-002105,Red,Mahindra,XUV,Active,true
VEH-002093,Van,SYN-KA-02093,PERSON-000111,White,Tata,Punch,Active,true
VEH-002094,Truck,SYN-KE-02094,PERSON-000611,Red,Toyota,Urban Cruiser,Active,true
VEH-002095,SUV,SYN-MA-02095,PERSON-001542,Grey,Maruti,Ertiga,Active,true
VEH-002096,Auto,SYN-TA-02096,PERSON-002675,Grey,Mahindra,Bolero,Active,true
VEH-002097,SUV,SYN-KE-02097,PERSON-000135,Silver,Maruti,Swift,Active,true
VEH-002098,Motorcycle,SYN-TE-02098,PERSON-001480,White,Toyota,Urban Cruiser,Transferred,true
VEH-002099,Auto,SYN-TA-02099,PERSON-002675,Red,Mahindra,Scorpio,Transferred,true
VEH-002100,Truck,SYN-KA-02100,PERSON-000576,White,Hyundai,Creta,Transferred,true
VEH-002101,Car,SYN-RA-02101,PERSON-001315,Grey,Hyundai,Venue,Transferred,true
VEH-002102,Van,SYN-MA-02102,PERSON-000106,Silver,Toyota,Urban Cruiser,Transferred,true
VEH-002103,Truck,SYN-DE-02103,PERSON-000697,Silver,Hyundai,i20,Transferred,true
VEH-002104,Van,SYN-KE-02104,PERSON-000230,Blue,Toyota,Innova,Active,true
VEH-002105,Auto,SYN-WE-02105,PERSON-000584,Grey,Hyundai,Venue,Active,true
VEH-002106,Van,SYN-WE-02106,PERSON-000060,Silver,Tata,Punch,Active,true
VEH-002107,SUV,SYN-DE-02107,PERSON-000832,White,Tata,Nexon,Active,true
VEH-002108,Auto,SYN-WE-02108,PERSON-002713,Grey,Toyota,Urban Cruiser,Transferred,true
VEH-002109,Van,SYN-WE-02109,PERSON-000569,Blue,Mahindra,Scorpio,Active,true
VEH-002110,Auto,SYN-DE-02110,PERSON-002965,White,Toyota,Urban Cruiser,Active,true
VEH-002111,Truck,SYN-GU-02111,PERSON-000823,Black,Toyota,Urban Cruiser,Active,true
VEH-002112,Car,SYN-TA-02112,PERSON-002654,Grey,Hyundai,Creta,Transferred,true
VEH-002113,Van,SYN-GU-02113,PERSON-000850,White,Hyundai,Venue,Transferred,true
VEH-002114,Van,SYN-GU-02114,PERSON-000863,Silver,Tata,Altroz,Active,true
VEH-002115,Van,SYN-KE-02115,PERSON-002757,Blue,Hyundai,Venue,Active,true
VEH-002116,Car,SYN-MA-02116,PERSON-001589,Grey,Mahindra,XUV,Active,true
VEH-002117,Motorcycle,SYN-MA-02117,PERSON-001367,Silver,Maruti,Baleno,Active,true
VEH-002118,Van,SYN-GU-02118,PERSON-000863,Grey,Hyundai,Venue,Transferred,true
VEH-002119,Van,SYN-GU-02119,PERSON-000063,Red,Toyota,Urban Cruiser,Active,true
VEH-002120,Motorcycle,SYN-KE-02120,PERSON-002757,Black,Maruti,Baleno,Active,true
VEH-002121,SUV,SYN-KE-02121,PERSON-001968,Silver,Hyundai,Creta,Active,true
VEH-002122,Motorcycle,SYN-MA-02122,PERSON-001774,White,Hyundai,i20,Active,true
VEH-002123,Motorcycle,SYN-TE-02123,PERSON-002737,Red,Mahindra,Bolero,Transferred,true
VEH-002124,Motorcycle,SYN-WE-02124,PERSON-000366,White,Mahindra,XUV,Active,true
VEH-002125,Truck,SYN-TE-02125,PERSON-002094,Grey,Maruti,Swift,Transferred,true
VEH-002126,Auto,SYN-TE-02126,PERSON-001758,Black,Mahindra,XUV,Active,true
VEH-002127,Car,SYN-KE-02127,PERSON-002105,Grey,Hyundai,Creta,Active,true
VEH-002128,Car,SYN-TE-02128,PERSON-001869,Black,Toyota,Urban Cruiser,Transferred,true
VEH-002129,Truck,SYN-WE-02129,PERSON-001863,Black,Toyota,Innova,Active,true
VEH-002130,Car,SYN-GU-02130,PERSON-000342,Black,Maruti,Swift,Active,true
VEH-002131,Van,SYN-TE-02131,PERSON-000144,Silver,Hyundai,i20,Transferred,true
VEH-002132,Truck,SYN-UT-02132,PERSON-002082,Red,Toyota,Innova,Active,true
VEH-002133,Auto,SYN-KA-02133,PERSON-001664,Grey,Mahindra,XUV,Transferred,true
VEH-002134,SUV,SYN-KA-02134,PERSON-002998,Black,Toyota,Urban Cruiser,Active,true
VEH-002135,Truck,SYN-WE-02135,PERSON-002835,Silver,Tata,Altroz,Active,true
VEH-002136,Car,SYN-TA-02136,PERSON-000948,White,Tata,Punch,Active,true
VEH-002137,Van,SYN-KE-02137,PERSON-002757,Red,Hyundai,Creta,Active,true
VEH-002138,Truck,SYN-DE-02138,PERSON-000697,Black,Mahindra,Scorpio,Transferred,true
VEH-002139,SUV,SYN-KE-02139,PERSON-000230,Silver,Tata,Altroz,Active,true
VEH-002140,SUV,SYN-MA-02140,PERSON-002715,White,Maruti,Baleno,Active,true
VEH-002141,Van,SYN-GU-02141,PERSON-002279,Red,Mahindra,Bolero,Active,true
VEH-002142,Truck,SYN-TA-02142,PERSON-002873,White,Tata,Nexon,Active,true
VEH-002143,SUV,SYN-MA-02143,PERSON-000921,White,Tata,Punch,Transferred,true
VEH-002144,Car,SYN-TA-02144,PERSON-001788,Silver,Toyota,Urban Cruiser,Active,true
VEH-002145,Auto,SYN-MA-02145,PERSON-000357,Blue,Tata,Nexon,Transferred,true
VEH-002146,SUV,SYN-KA-02146,PERSON-000540,White,Maruti,Ertiga,Active,true
VEH-002147,Van,SYN-DE-02147,PERSON-000180,Grey,Toyota,Urban Cruiser,Transferred,true
VEH-002148,SUV,SYN-TE-02148,PERSON-001810,Red,Tata,Altroz,Active,true
VEH-002149,Auto,SYN-KE-02149,PERSON-001782,Blue,Maruti,Swift,Active,true
VEH-002150,Car,SYN-RA-02150,PERSON-002829,Black,Maruti,Ertiga,Active,true
VEH-002151,Car,SYN-KA-02151,PERSON-000092,Red,Toyota,Innova,Active,true
VEH-002152,Auto,SYN-TE-02152,PERSON-001455,Blue,Maruti,Ertiga,Active,true
VEH-002153,Truck,SYN-KE-02153,PERSON-002410,White,Hyundai,i20,Active,true
VEH-002154,Motorcycle,SYN-MA-02154,PERSON-001547,Black,Toyota,Innova,Active,true
VEH-002155,Auto,SYN-KE-02155,PERSON-001212,Black,Maruti,Swift,Active,true
VEH-002156,Truck,SYN-RA-02156,PERSON-002517,Red,Toyota,Urban Cruiser,Transferred,true
VEH-002157,Van,SYN-WE-02157,PERSON-000120,Black,Tata,Nexon,Active,true
VEH-002158,Van,SYN-TA-02158,PERSON-001992,Blue,Maruti,Swift,Transferred,true
VEH-002159,Van,SYN-TE-02159,PERSON-000621,Grey,Maruti,Swift,Active,true
VEH-002160,Motorcycle,SYN-MA-02160,PERSON-000357,Black,Hyundai,Creta,Active,true
VEH-002161,Car,SYN-UT-02161,PERSON-001944,Red,Hyundai,Creta,Transferred,true
VEH-002162,Motorcycle,SYN-KE-02162,PERSON-002009,Grey,Toyota,Urban Cruiser,Active,true
VEH-002163,SUV,SYN-GU-02163,PERSON-000109,Silver,Maruti,Swift,Transferred,true
VEH-002164,Car,SYN-MA-02164,PERSON-001547,Red,Toyota,Innova,Active,true
VEH-002165,SUV,SYN-DE-02165,PERSON-000146,Grey,Toyota,Urban Cruiser,Active,true
VEH-002166,SUV,SYN-TE-02166,PERSON-001558,Silver,Maruti,Ertiga,Active,true
VEH-002167,Motorcycle,SYN-RA-02167,PERSON-000351,Black,Toyota,Urban Cruiser,Active,true
VEH-002168,Motorcycle,SYN-GU-02168,PERSON-002750,Black,Hyundai,Creta,Transferred,true
VEH-002169,Auto,SYN-TA-02169,PERSON-001041,Silver,Mahindra,Bolero,Active,true
VEH-002170,SUV,SYN-KE-02170,PERSON-001670,White,Hyundai,Creta,Transferred,true
VEH-002171,SUV,SYN-KA-02171,PERSON-001311,Silver,Mahindra,Bolero,Active,true
VEH-002172,SUV,SYN-TA-02172,PERSON-002558,White,Mahindra,XUV,Active,true
VEH-002173,Truck,SYN-KE-02173,PERSON-001234,Grey,Hyundai,i20,Transferred,true
VEH-002174,Auto,SYN-KE-02174,PERSON-000580,Black,Tata,Nexon,Active,true
VEH-002175,Van,SYN-DE-02175,PERSON-000622,Red,Mahindra,XUV,Transferred,true
VEH-002176,Auto,SYN-KA-02176,PERSON-000568,Blue,Mahindra,XUV,Active,true
VEH-002177,Truck,SYN-RA-02177,PERSON-000154,Silver,Mahindra,XUV,Transferred,true
VEH-002178,Van,SYN-TA-02178,PERSON-002845,Black,Mahindra,Bolero,Active,true
VEH-002179,SUV,SYN-KE-02179,PERSON-001769,Grey,Maruti,Baleno,Active,true
VEH-002180,Van,SYN-GU-02180,PERSON-001206,Blue,Toyota,Innova,Active,true
VEH-002181,Car,SYN-GU-02181,PERSON-002788,Black,Toyota,Urban Cruiser,Transferred,true
VEH-002182,Van,SYN-MA-02182,PERSON-000710,Black,Toyota,Urban Cruiser,Transferred,true
VEH-002183,Auto,SYN-KE-02183,PERSON-002684,Black,Toyota,Urban Cruiser,Active,true
VEH-002184,SUV,SYN-TE-02184,PERSON-001558,White,Maruti,Ertiga,Active,true
VEH-002185,SUV,SYN-RA-02185,PERSON-000351,Red,Maruti,Baleno,Active,true
VEH-002186,Motorcycle,SYN-GU-02186,PERSON-002750,Black,Toyota,Urban Cruiser,Active,true
VEH-002187,Auto,SYN-MA-02187,PERSON-001589,Red,Maruti,Baleno,Transferred,true
VEH-002188,Van,SYN-MA-02188,PERSON-001210,Red,Toyota,Urban Cruiser,Transferred,true
VEH-002189,Car,SYN-DE-02189,PERSON-000146,Grey,Hyundai,Venue,Active,true
VEH-002190,Truck,SYN-KE-02190,PERSON-001670,Silver,Maruti,Ertiga,Active,true
VEH-002191,Motorcycle,SYN-MA-02191,PERSON-000181,Silver,Maruti,Swift,Transferred,true
VEH-002192,Van,SYN-WE-02192,PERSON-000423,Silver,Tata,Altroz,Active,true
VEH-002193,Auto,SYN-MA-02193,PERSON-002771,Blue,Toyota,Innova,Active,true
VEH-002194,Van,SYN-TA-02194,PERSON-001479,Grey,Maruti,Ertiga,Active,true
VEH-002195,Car,SYN-DE-02195,PERSON-000957,Silver,Mahindra,Scorpio,Active,true
VEH-002196,Motorcycle,SYN-GU-02196,PERSON-000862,Silver,Toyota,Innova,Transferred,true
VEH-002197,Van,SYN-MA-02197,PERSON-002759,Grey,Toyota,Innova,Active,true
VEH-002198,Truck,SYN-UT-02198,PERSON-000838,Grey,Toyota,Innova,Active,true
VEH-002199,Van,SYN-WE-02199,PERSON-001334,Grey,Tata,Altroz,Active,true
VEH-002200,Van,SYN-KA-02200,PERSON-000499,Black,Tata,Nexon,Active,true
VEH-002201,Van,SYN-TA-02201,PERSON-002397,Red,Tata,Nexon,Active,true
VEH-002202,SUV,SYN-RA-02202,PERSON-000032,Blue,Maruti,Baleno,Active,true
VEH-002203,Truck,SYN-TE-02203,PERSON-001667,Red,Tata,Punch,Active,true
VEH-002204,Truck,SYN-GU-02204,PERSON-002750,Black,Toyota,Innova,Transferred,true
VEH-002205,Auto,SYN-TA-02205,PERSON-002725,Silver,Tata,Altroz,Transferred,true
VEH-002206,Car,SYN-RA-02206,PERSON-001807,Red,Maruti,Swift,Transferred,true
VEH-002207,Truck,SYN-KA-02207,PERSON-002915,Blue,Mahindra,Bolero,Active,true
VEH-002208,SUV,SYN-KE-02208,PERSON-002410,Red,Maruti,Baleno,Active,true
VEH-002209,Motorcycle,SYN-UT-02209,PERSON-001824,Blue,Hyundai,i20,Active,true
VEH-002210,Motorcycle,SYN-KA-02210,PERSON-000430,Blue,Hyundai,Venue,Transferred,true
VEH-002211,Van,SYN-TE-02211,PERSON-001558,Black,Hyundai,i20,Transferred,true
VEH-002212,Truck,SYN-KE-02212,PERSON-000492,Red,Hyundai,i20,Active,true
VEH-002213,Van,SYN-KE-02213,PERSON-000886,Black,Mahindra,Bolero,Active,true
VEH-002214,Auto,SYN-UT-02214,PERSON-002082,Grey,Tata,Punch,Transferred,true
VEH-002215,Van,SYN-MA-02215,PERSON-001796,Silver,Maruti,Ertiga,Transferred,true
VEH-002216,Truck,SYN-TA-02216,PERSON-001880,White,Mahindra,Scorpio,Active,true
VEH-002217,Motorcycle,SYN-TE-02217,PERSON-001667,Silver,Toyota,Urban Cruiser,Transferred,true
VEH-002218,Motorcycle,SYN-DE-02218,PERSON-000146,Grey,Hyundai,Venue,Transferred,true
VEH-002219,SUV,SYN-KE-02219,PERSON-001782,Grey,Mahindra,Bolero,Active,true
VEH-002220,Motorcycle,SYN-RA-02220,PERSON-000351,Silver,Mahindra,Bolero,Active,true
VEH-002221,Motorcycle,SYN-GU-02221,PERSON-002750,Red,Hyundai,Creta,Active,true
VEH-002222,Truck,SYN-MA-02222,PERSON-001589,Blue,Hyundai,Venue,Active,true
VEH-002223,Van,SYN-WE-02223,PERSON-002821,Silver,Tata,Punch,Active,true
VEH-002224,Auto,SYN-KA-02224,PERSON-000717,Blue,Hyundai,Venue,Active,true
VEH-002225,Motorcycle,SYN-DE-02225,PERSON-000267,Red,Maruti,Ertiga,Transferred,true
VEH-002226,Car,SYN-TE-02226,PERSON-000792,Grey,Tata,Nexon,Active,true
VEH-002227,SUV,SYN-MA-02227,PERSON-002060,White,Toyota,Urban Cruiser,Active,true
VEH-002228,Car,SYN-TE-02228,PERSON-002618,Red,Hyundai,Creta,Transferred,true
VEH-002229,SUV,SYN-KA-02229,PERSON-001757,Grey,Mahindra,Scorpio,Active,true
VEH-002230,Auto,SYN-UT-02230,PERSON-002277,Red,Tata,Nexon,Transferred,true
VEH-002231,Auto,SYN-TE-02231,PERSON-001180,Red,Tata,Altroz,Active,true
VEH-002232,Motorcycle,SYN-WE-02232,PERSON-000366,Blue,Hyundai,Creta,Active,true
VEH-002233,Truck,SYN-TE-02233,PERSON-000607,White,Tata,Nexon,Transferred,true
VEH-002234,SUV,SYN-TE-02234,PERSON-000792,Grey,Hyundai,Creta,Active,true
VEH-002235,SUV,SYN-TE-02235,PERSON-001898,Silver,Hyundai,i20,Active,true
VEH-002236,SUV,SYN-GU-02236,PERSON-000863,Blue,Toyota,Urban Cruiser,Active,true
VEH-002237,Van,SYN-DE-02237,PERSON-002745,Red,Maruti,Ertiga,Active,true
VEH-002238,Auto,SYN-MA-02238,PERSON-001367,Black,Toyota,Urban Cruiser,Active,true
VEH-002239,Truck,SYN-TE-02239,PERSON-001558,Silver,Tata,Punch,Active,true
VEH-002240,Auto,SYN-DE-02240,PERSON-001262,Black,Tata,Altroz,Active,true
VEH-002241,Truck,SYN-DE-02241,PERSON-000267,Red,Toyota,Innova,Active,true
VEH-002242,SUV,SYN-MA-02242,PERSON-002060,Blue,Mahindra,Scorpio,Active,true
VEH-002243,Truck,SYN-MA-02243,PERSON-000440,White,Toyota,Urban Cruiser,Active,true
VEH-002244,Auto,SYN-KA-02244,PERSON-000540,Silver,Hyundai,Creta,Active,true
VEH-002245,Car,SYN-GU-02245,PERSON-000850,Grey,Toyota,Innova,Active,true
VEH-002246,SUV,SYN-RA-02246,PERSON-002574,White,Toyota,Innova,Active,true
VEH-002247,Truck,SYN-GU-02247,PERSON-000863,Blue,Hyundai,Creta,Active,true
VEH-002248,Motorcycle,SYN-WE-02248,PERSON-001013,Red,Maruti,Swift,Active,true
VEH-002249,Motorcycle,SYN-UT-02249,PERSON-002106,Blue,Hyundai,Venue,Transferred,true
VEH-002250,Car,SYN-KA-02250,PERSON-002646,Silver,Toyota,Urban Cruiser,Transferred,true
VEH-002251,Van,SYN-KA-02251,PERSON-000484,Black,Hyundai,Creta,Active,true
VEH-002252,Auto,SYN-TA-02252,PERSON-002654,Black,Mahindra,Scorpio,Transferred,true
VEH-002253,Motorcycle,SYN-KE-02253,PERSON-000260,Grey,Hyundai,Venue,Transferred,true
VEH-002254,Car,SYN-TE-02254,PERSON-001780,Silver,Mahindra,Scorpio,Active,true
VEH-002255,Van,SYN-TA-02255,PERSON-002397,Silver,Toyota,Urban Cruiser,Active,true
VEH-002256,Van,SYN-WE-02256,PERSON-002393,Red,Maruti,Baleno,Transferred,true
VEH-002257,Auto,SYN-GU-02257,PERSON-001805,White,Mahindra,Scorpio,Active,true
VEH-002258,Car,SYN-RA-02258,PERSON-001658,Grey,Maruti,Swift,Transferred,true
VEH-002259,Van,SYN-KE-02259,PERSON-002197,Red,Hyundai,Venue,Active,true
VEH-002260,Auto,SYN-MA-02260,PERSON-002771,Black,Tata,Punch,Active,true
VEH-002261,Van,SYN-TA-02261,PERSON-001479,White,Toyota,Urban Cruiser,Active,true
VEH-002262,Truck,SYN-WE-02262,PERSON-001863,White,Toyota,Innova,Active,true
VEH-002263,Auto,SYN-KA-02263,PERSON-000233,White,Maruti,Baleno,Transferred,true
VEH-002264,Truck,SYN-KA-02264,PERSON-001478,Silver,Tata,Punch,Active,true
VEH-002265,Car,SYN-TE-02265,PERSON-002122,White,Toyota,Innova,Active,true
VEH-002266,Van,SYN-TA-02266,PERSON-000305,Red,Hyundai,Creta,Active,true
VEH-002267,SUV,SYN-MA-02267,PERSON-000921,Blue,Maruti,Ertiga,Active,true
VEH-002268,Car,SYN-GU-02268,PERSON-000863,Blue,Tata,Nexon,Active,true
VEH-002269,Car,SYN-DE-02269,PERSON-002745,White,Mahindra,Scorpio,Active,true
VEH-002270,Truck,SYN-UT-02270,PERSON-000765,Grey,Maruti,Swift,Active,true
VEH-002271,Car,SYN-TE-02271,PERSON-001758,Black,Mahindra,Bolero,Active,true
VEH-002272,SUV,SYN-KE-02272,PERSON-002105,Black,Toyota,Urban Cruiser,Active,true
VEH-002273,Van,SYN-KE-02273,PERSON-000207,White,Toyota,Innova,Transferred,true
VEH-002274,Van,SYN-TE-02274,PERSON-000792,Red,Maruti,Ertiga,Active,true
VEH-002275,Van,SYN-DE-02275,PERSON-000103,Silver,Mahindra,Bolero,Active,true
VEH-002276,Car,SYN-TE-02276,PERSON-002737,Blue,Tata,Punch,Active,true
VEH-002277,Van,SYN-GU-02277,PERSON-000473,Silver,Tata,Altroz,Active,true
VEH-002278,Motorcycle,SYN-MA-02278,PERSON-000042,Red,Toyota,Urban Cruiser,Active,true
VEH-002279,SUV,SYN-TA-02279,PERSON-000479,Blue,Tata,Nexon,Active,true
VEH-002280,Car,SYN-KA-02280,PERSON-002449,White,Toyota,Urban Cruiser,Active,true
VEH-002281,Truck,SYN-MA-02281,PERSON-001796,White,Toyota,Innova,Active,true
VEH-002282,Motorcycle,SYN-WE-02282,PERSON-000703,Black,Hyundai,Creta,Active,true
VEH-002283,Truck,SYN-MA-02283,PERSON-000921,Black,Tata,Nexon,Active,true
VEH-002284,SUV,SYN-GU-02284,PERSON-000863,Red,Maruti,Ertiga,Active,true
VEH-002285,Truck,SYN-TE-02285,PERSON-000083,Blue,Mahindra,XUV,Transferred,true
VEH-002286,Van,SYN-TA-02286,PERSON-001992,Black,Mahindra,XUV,Active,true
VEH-002287,Van,SYN-TA-02287,PERSON-001543,White,Toyota,Innova,Active,true
VEH-002288,Van,SYN-TE-02288,PERSON-001885,Red,Maruti,Ertiga,Active,true
VEH-002289,SUV,SYN-TE-02289,PERSON-001419,Grey,Hyundai,Venue,Transferred,true
VEH-002290,SUV,SYN-TE-02290,PERSON-002066,White,Toyota,Urban Cruiser,Active,true
VEH-002291,Truck,SYN-TE-02291,PERSON-002947,Black,Mahindra,Bolero,Active,true
VEH-002292,Van,SYN-MA-02292,PERSON-001796,Silver,Toyota,Innova,Active,true
VEH-002293,Van,SYN-MA-02293,PERSON-002771,White,Tata,Altroz,Active,true
VEH-002294,Auto,SYN-TA-02294,PERSON-002944,Red,Maruti,Ertiga,Active,true
VEH-002295,Truck,SYN-TE-02295,PERSON-000140,Blue,Tata,Punch,Transferred,true
VEH-002296,SUV,SYN-GU-02296,PERSON-000850,White,Hyundai,i20,Active,true
VEH-002297,Van,SYN-GU-02297,PERSON-001861,Silver,Toyota,Urban Cruiser,Transferred,true
VEH-002298,SUV,SYN-MA-02298,PERSON-001589,Blue,Maruti,Baleno,Active,true
VEH-002299,Motorcycle,SYN-UT-02299,PERSON-002728,White,Hyundai,Venue,Transferred,true
VEH-002300,Truck,SYN-WE-02300,PERSON-002450,Grey,Maruti,Baleno,Transferred,true
VEH-002301,Car,SYN-GU-02301,PERSON-002879,Silver,Maruti,Ertiga,Transferred,true
VEH-002302,Motorcycle,SYN-RA-02302,PERSON-000275,Grey,Tata,Nexon,Active,true
VEH-002303,Motorcycle,SYN-TE-02303,PERSON-001326,Silver,Hyundai,Venue,Active,true
VEH-002304,SUV,SYN-MA-02304,PERSON-001367,Silver,Maruti,Ertiga,Active,true
VEH-002305,Truck,SYN-GU-02305,PERSON-000943,Silver,Maruti,Swift,Active,true
VEH-002306,Truck,SYN-UT-02306,PERSON-001578,Black,Hyundai,i20,Transferred,true
VEH-002307,Truck,SYN-WE-02307,PERSON-001029,Silver,Hyundai,i20,Transferred,true
VEH-002308,Auto,SYN-KA-02308,PERSON-001259,Black,Toyota,Innova,Active,true
VEH-002309,Truck,SYN-GU-02309,PERSON-001861,Black,Hyundai,i20,Active,true
VEH-002310,Truck,SYN-RA-02310,PERSON-002574,White,Hyundai,Creta,Active,true
VEH-002311,Motorcycle,SYN-GU-02311,PERSON-000863,Blue,Tata,Nexon,Transferred,true
VEH-002312,Motorcycle,SYN-KE-02312,PERSON-000886,Blue,Hyundai,Venue,Active,true
VEH-002313,Motorcycle,SYN-TE-02313,PERSON-000144,White,Maruti,Ertiga,Active,true
VEH-002314,Truck,SYN-TA-02314,PERSON-000305,Blue,Toyota,Innova,Active,true
VEH-002315,Auto,SYN-WE-02315,PERSON-002835,Blue,Tata,Nexon,Transferred,true
VEH-002316,Auto,SYN-KA-02316,PERSON-000576,Silver,Hyundai,Venue,Active,true
VEH-002317,Van,SYN-MA-02317,PERSON-000106,Grey,Hyundai,Creta,Transferred,true
VEH-002318,Car,SYN-KE-02318,PERSON-000230,Black,Hyundai,i20,Active,true
VEH-002319,Van,SYN-WE-02319,PERSON-000584,White,Hyundai,Creta,Active,true
VEH-002320,Van,SYN-MA-02320,PERSON-002715,Silver,Hyundai,Venue,Transferred,true
VEH-002321,SUV,SYN-KA-02321,PERSON-000233,Silver,Hyundai,Venue,Active,true
VEH-002322,Van,SYN-KA-02322,PERSON-001478,Silver,Tata,Punch,Active,true
VEH-002323,Auto,SYN-KE-02323,PERSON-000886,Grey,Toyota,Innova,Transferred,true
VEH-002324,Van,SYN-MA-02324,PERSON-000920,Red,Toyota,Urban Cruiser,Active,true
VEH-002325,Truck,SYN-KE-02325,PERSON-000302,Grey,Mahindra,Bolero,Active,true
VEH-002326,Motorcycle,SYN-UT-02326,PERSON-002082,Grey,Hyundai,i20,Active,true
VEH-002327,Van,SYN-TE-02327,PERSON-001830,Blue,Tata,Nexon,Active,true
VEH-002328,Car,SYN-KA-02328,PERSON-001544,Black,Hyundai,Creta,Transferred,true
VEH-002329,Auto,SYN-TA-02329,PERSON-002873,Black,Mahindra,XUV,Transferred,true
VEH-002330,SUV,SYN-KA-02330,PERSON-000717,Silver,Mahindra,Scorpio,Transferred,true
VEH-002331,SUV,SYN-WE-02331,PERSON-001965,Blue,Hyundai,Venue,Transferred,true
VEH-002332,Motorcycle,SYN-RA-02332,PERSON-000846,Silver,Hyundai,i20,Active,true
VEH-002333,Car,SYN-MA-02333,PERSON-001152,Silver,Hyundai,Creta,Active,true
VEH-002334,Auto,SYN-TE-02334,PERSON-002428,White,Maruti,Swift,Active,true
VEH-002335,Truck,SYN-GU-02335,PERSON-002788,Red,Maruti,Baleno,Active,true
VEH-002336,Truck,SYN-TE-02336,PERSON-000812,White,Mahindra,Bolero,Active,true
VEH-002337,Auto,SYN-WE-02337,PERSON-000001,Silver,Hyundai,Creta,Active,true
VEH-002338,Van,SYN-MA-02338,PERSON-000710,Blue,Tata,Punch,Active,true
VEH-002339,Van,SYN-GU-02339,PERSON-000081,Grey,Toyota,Innova,Transferred,true
VEH-002340,Van,SYN-GU-02340,PERSON-001861,Blue,Hyundai,Venue,Transferred,true
VEH-002341,Auto,SYN-GU-02341,PERSON-000063,Blue,Toyota,Innova,Active,true
VEH-002342,Truck,SYN-GU-02342,PERSON-000863,Red,Tata,Nexon,Active,true
VEH-002343,Car,SYN-MA-02343,PERSON-000613,White,Toyota,Urban Cruiser,Active,true
VEH-002344,Auto,SYN-KA-02344,PERSON-002068,Grey,Tata,Punch,Transferred,true
VEH-002345,Motorcycle,SYN-UT-02345,PERSON-001578,Black,Hyundai,Venue,Transferred,true
VEH-002346,Auto,SYN-TE-02346,PERSON-001558,Grey,Hyundai,i20,Active,true
VEH-002347,Auto,SYN-KA-02347,PERSON-000540,Blue,Maruti,Ertiga,Active,true
VEH-002348,Motorcycle,SYN-GU-02348,PERSON-001115,Red,Tata,Nexon,Transferred,true
VEH-002349,Car,SYN-WE-02349,PERSON-001610,White,Mahindra,XUV,Transferred,true
VEH-002350,Auto,SYN-KA-02350,PERSON-001757,Silver,Maruti,Swift,Active,true
VEH-002351,Motorcycle,SYN-WE-02351,PERSON-000955,Blue,Mahindra,Bolero,Transferred,true
VEH-002352,Car,SYN-TA-02352,PERSON-000288,White,Mahindra,Bolero,Transferred,true
VEH-002353,Car,SYN-TE-02353,PERSON-000140,Grey,Toyota,Urban Cruiser,Active,true
VEH-002354,SUV,SYN-DE-02354,PERSON-000957,Silver,Toyota,Innova,Transferred,true
VEH-002355,Van,SYN-DE-02355,PERSON-001262,Grey,Tata,Nexon,Active,true
VEH-002356,SUV,SYN-WE-02356,PERSON-000734,Silver,Tata,Punch,Transferred,true
VEH-002357,Van,SYN-WE-02357,PERSON-000001,Grey,Tata,Nexon,Transferred,true
VEH-002358,Motorcycle,SYN-TE-02358,PERSON-002737,White,Mahindra,Bolero,Transferred,true
VEH-002359,Auto,SYN-MA-02359,PERSON-000042,Red,Tata,Nexon,Active,true
VEH-002360,SUV,SYN-KE-02360,PERSON-000165,Black,Mahindra,Scorpio,Transferred,true
VEH-002361,Truck,SYN-RA-02361,PERSON-000275,Grey,Toyota,Innova,Active,true
VEH-002362,Truck,SYN-KA-02362,PERSON-002068,Black,Maruti,Swift,Active,true
VEH-002363,SUV,SYN-TE-02363,PERSON-000121,White,Toyota,Innova,Active,true
VEH-002364,SUV,SYN-KE-02364,PERSON-000135,Blue,Toyota,Innova,Transferred,true
VEH-002365,Auto,SYN-TE-02365,PERSON-000812,Red,Hyundai,Creta,Active,true
VEH-002366,Car,SYN-DE-02366,PERSON-000622,Blue,Hyundai,Creta,Active,true
VEH-002367,Truck,SYN-UT-02367,PERSON-002247,Blue,Maruti,Swift,Transferred,true
VEH-002368,Motorcycle,SYN-GU-02368,PERSON-000634,Silver,Mahindra,Bolero,Active,true
VEH-002369,Auto,SYN-TA-02369,PERSON-002675,Grey,Toyota,Urban Cruiser,Transferred,true
VEH-002370,Motorcycle,SYN-KE-02370,PERSON-000611,Grey,Maruti,Baleno,Transferred,true
VEH-002371,Auto,SYN-KE-02371,PERSON-001596,Black,Toyota,Urban Cruiser,Transferred,true
VEH-002372,Van,SYN-KE-02372,PERSON-000886,Black,Hyundai,i20,Transferred,true
VEH-002373,Motorcycle,SYN-WE-02373,PERSON-000497,Grey,Mahindra,Bolero,Active,true
VEH-002374,Auto,SYN-KE-02374,PERSON-001596,Black,Maruti,Swift,Transferred,true
VEH-002375,Van,SYN-WE-02375,PERSON-000497,White,Maruti,Ertiga,Active,true
VEH-002376,SUV,SYN-TE-02376,PERSON-001423,Blue,Maruti,Swift,Active,true
VEH-002377,Van,SYN-TE-02377,PERSON-001558,White,Tata,Nexon,Active,true
VEH-002378,Motorcycle,SYN-DE-02378,PERSON-000180,Grey,Mahindra,Bolero,Active,true
VEH-002379,Van,SYN-WE-02379,PERSON-001610,Red,Mahindra,Scorpio,Transferred,true
VEH-002380,SUV,SYN-DE-02380,PERSON-000267,Black,Tata,Nexon,Active,true
VEH-002381,Car,SYN-TE-02381,PERSON-000792,Black,Hyundai,Venue,Active,true
VEH-002382,Motorcycle,SYN-MA-02382,PERSON-002060,Blue,Maruti,Swift,Transferred,true
VEH-002383,SUV,SYN-KA-02383,PERSON-000540,Red,Toyota,Urban Cruiser,Active,true
VEH-002384,Van,SYN-RA-02384,PERSON-001474,Silver,Mahindra,XUV,Transferred,true
VEH-002385,Auto,SYN-GU-02385,PERSON-001115,Black,Hyundai,Venue,Active,true
VEH-002386,Motorcycle,SYN-WE-02386,PERSON-001610,Blue,Maruti,Ertiga,Transferred,true
VEH-002387,Van,SYN-MA-02387,PERSON-002060,Red,Hyundai,Creta,Active,true
VEH-002388,Van,SYN-MA-02388,PERSON-002309,Red,Tata,Nexon,Transferred,true
VEH-002389,Van,SYN-GU-02389,PERSON-000943,Grey,Tata,Punch,Transferred,true
VEH-002390,Motorcycle,SYN-TA-02390,PERSON-002408,Silver,Tata,Nexon,Active,true
VEH-002391,SUV,SYN-WE-02391,PERSON-001747,Black,Maruti,Swift,Active,true
VEH-002392,Truck,SYN-TE-02392,PERSON-001691,Red,Mahindra,Scorpio,Active,true
VEH-002393,SUV,SYN-TE-02393,PERSON-002304,White,Hyundai,Venue,Active,true
VEH-002394,Car,SYN-UT-02394,PERSON-001847,Blue,Maruti,Baleno,Transferred,true
VEH-002395,Motorcycle,SYN-DE-02395,PERSON-001425,Red,Tata,Nexon,Active,true
VEH-002396,Car,SYN-UT-02396,PERSON-000822,Blue,Tata,Altroz,Active,true
VEH-002397,SUV,SYN-RA-02397,PERSON-002986,White,Mahindra,XUV,Transferred,true
VEH-002398,Truck,SYN-MA-02398,PERSON-000613,Black,Mahindra,Scorpio,Active,true
VEH-002399,Truck,SYN-UT-02399,PERSON-002728,Silver,Mahindra,Scorpio,Active,true
VEH-002400,Car,SYN-UT-02400,PERSON-001578,Blue,Maruti,Baleno,Active,true
VEH-002401,Motorcycle,SYN-MA-02401,PERSON-000604,Silver,Toyota,Innova,Active,true
VEH-002402,Truck,SYN-DE-02402,PERSON-000538,Grey,Tata,Punch,Active,true
VEH-002403,SUV,SYN-DE-02403,PERSON-001540,Grey,Hyundai,Venue,Transferred,true
VEH-002404,Van,SYN-TE-02404,PERSON-000621,Black,Mahindra,Scorpio,Transferred,true
VEH-002405,Auto,SYN-GU-02405,PERSON-000863,Silver,Hyundai,Venue,Transferred,true
VEH-002406,Van,SYN-DE-02406,PERSON-002745,Grey,Maruti,Baleno,Active,true
VEH-002407,Motorcycle,SYN-DE-02407,PERSON-000146,Silver,Maruti,Baleno,Transferred,true
VEH-002408,SUV,SYN-TE-02408,PERSON-001667,Silver,Toyota,Innova,Transferred,true
VEH-002409,Truck,SYN-TE-02409,PERSON-001558,Grey,Hyundai,Venue,Active,true
VEH-002410,Truck,SYN-GU-02410,PERSON-002750,Blue,Toyota,Innova,Transferred,true
VEH-002411,Motorcycle,SYN-TA-02411,PERSON-001041,Red,Tata,Punch,Active,true
VEH-002412,Car,SYN-TA-02412,PERSON-002444,Grey,Tata,Punch,Active,true
VEH-002413,Van,SYN-KE-02413,PERSON-002020,White,Mahindra,Bolero,Active,true
VEH-002414,SUV,SYN-RA-02414,PERSON-002517,Red,Hyundai,i20,Active,true
VEH-002415,Car,SYN-WE-02415,PERSON-000120,Black,Mahindra,Scorpio,Active,true
VEH-002416,Van,SYN-TE-02416,PERSON-000621,White,Maruti,Ertiga,Active,true
VEH-002417,Motorcycle,SYN-TE-02417,PERSON-001780,White,Maruti,Ertiga,Transferred,true
VEH-002418,Car,SYN-KE-02418,PERSON-002846,Silver,Maruti,Swift,Transferred,true
VEH-002419,Auto,SYN-UT-02419,PERSON-001847,Black,Maruti,Ertiga,Active,true
VEH-002420,Van,SYN-GU-02420,PERSON-000850,Black,Tata,Nexon,Active,true
VEH-002421,Truck,SYN-GU-02421,PERSON-000863,Black,Toyota,Innova,Active,true
VEH-002422,Car,SYN-GU-02422,PERSON-000063,Red,Hyundai,Venue,Transferred,true
VEH-002423,Car,SYN-WE-02423,PERSON-001863,White,Toyota,Urban Cruiser,Active,true
VEH-002424,Van,SYN-TE-02424,PERSON-002066,Black,Mahindra,Bolero,Transferred,true
VEH-002425,Truck,SYN-MA-02425,PERSON-002771,White,Maruti,Ertiga,Active,true
VEH-002426,SUV,SYN-GU-02426,PERSON-002039,Silver,Mahindra,XUV,Active,true
VEH-002427,Auto,SYN-KA-02427,PERSON-000092,Blue,Toyota,Urban Cruiser,Active,true
VEH-002428,Car,SYN-DE-02428,PERSON-000046,Silver,Hyundai,i20,Active,true
VEH-002429,Car,SYN-UT-02429,PERSON-001337,Grey,Mahindra,XUV,Transferred,true
VEH-002430,Motorcycle,SYN-KA-02430,PERSON-001259,Blue,Toyota,Urban Cruiser,Active,true
VEH-002431,Van,SYN-GU-02431,PERSON-000825,Silver,Tata,Altroz,Active,true
VEH-002432,Motorcycle,SYN-UT-02432,PERSON-001578,Silver,Maruti,Ertiga,Active,true
VEH-002433,Auto,SYN-WE-02433,PERSON-001029,Red,Toyota,Urban Cruiser,Active,true
VEH-002434,Car,SYN-TA-02434,PERSON-002873,Grey,Mahindra,Bolero,Active,true
VEH-002435,SUV,SYN-MA-02435,PERSON-000921,White,Mahindra,Bolero,Active,true
VEH-002436,Truck,SYN-DE-02436,PERSON-001540,Black,Mahindra,Bolero,Active,true
VEH-002437,Truck,SYN-TE-02437,PERSON-000083,Black,Toyota,Innova,Active,true
VEH-002438,Truck,SYN-WE-02438,PERSON-000488,Blue,Maruti,Baleno,Active,true
VEH-002439,Car,SYN-UT-02439,PERSON-000765,Black,Toyota,Innova,Active,true
VEH-002440,SUV,SYN-TE-02440,PERSON-001667,White,Maruti,Ertiga,Transferred,true
VEH-002441,Truck,SYN-TE-02441,PERSON-001558,Black,Tata,Nexon,Transferred,true
VEH-002442,SUV,SYN-TA-02442,PERSON-001041,White,Maruti,Ertiga,Active,true
VEH-002443,Van,SYN-UT-02443,PERSON-000259,Blue,Hyundai,Venue,Active,true
VEH-002444,SUV,SYN-KE-02444,PERSON-001670,Black,Toyota,Innova,Active,true
VEH-002445,SUV,SYN-TE-02445,PERSON-000245,White,Toyota,Innova,Active,true
VEH-002446,Truck,SYN-TE-02446,PERSON-001780,White,Mahindra,Bolero,Active,true
VEH-002447,Motorcycle,SYN-TA-02447,PERSON-002397,Grey,Toyota,Innova,Transferred,true
VEH-002448,Motorcycle,SYN-TA-02448,PERSON-002408,Silver,Hyundai,Venue,Active,true
VEH-002449,Auto,SYN-UT-02449,PERSON-001578,White,Tata,Nexon,Transferred,true
VEH-002450,Motorcycle,SYN-MA-02450,PERSON-001542,Black,Maruti,Swift,Transferred,true
VEH-002451,Truck,SYN-KE-02451,PERSON-000611,White,Tata,Punch,Active,true
VEH-002452,Van,SYN-WE-02452,PERSON-000497,Blue,Toyota,Innova,Active,true
VEH-002453,Van,SYN-UT-02453,PERSON-001847,Silver,Hyundai,Creta,Active,true
VEH-002454,Auto,SYN-TE-02454,PERSON-000635,Black,Mahindra,XUV,Active,true
VEH-002455,Auto,SYN-MA-02455,PERSON-000106,Silver,Toyota,Innova,Transferred,true
VEH-002456,Motorcycle,SYN-TA-02456,PERSON-001788,Grey,Toyota,Innova,Active,true
VEH-002457,Motorcycle,SYN-DE-02457,PERSON-001536,Red,Toyota,Urban Cruiser,Active,true
VEH-002458,Car,SYN-GU-02458,PERSON-000081,Silver,Toyota,Urban Cruiser,Active,true
VEH-002459,SUV,SYN-KA-02459,PERSON-001259,Black,Mahindra,Scorpio,Active,true
VEH-002460,Car,SYN-GU-02460,PERSON-000850,Silver,Tata,Altroz,Active,true
VEH-002461,Motorcycle,SYN-GU-02461,PERSON-001861,Red,Maruti,Baleno,Active,true
VEH-002462,Van,SYN-RA-02462,PERSON-002574,Red,Tata,Nexon,Active,true
VEH-002463,Car,SYN-GU-02463,PERSON-000063,Grey,Mahindra,Bolero,Active,true
VEH-002464,SUV,SYN-KE-02464,PERSON-002757,Blue,Hyundai,Venue,Active,true
VEH-002465,SUV,SYN-TE-02465,PERSON-001558,Grey,Hyundai,Venue,Transferred,true
VEH-002466,Van,SYN-WE-02466,PERSON-001610,White,Hyundai,i20,Transferred,true
VEH-002467,Car,SYN-KA-02467,PERSON-001757,Grey,Hyundai,i20,Active,true
VEH-002468,SUV,SYN-DE-02468,PERSON-000538,White,Toyota,Innova,Active,true
VEH-002469,Van,SYN-TE-02469,PERSON-000083,Black,Maruti,Baleno,Active,true
VEH-002470,Motorcycle,SYN-DE-02470,PERSON-002745,Grey,Hyundai,Creta,Transferred,true
VEH-002471,Auto,SYN-WE-02471,PERSON-000488,Blue,Maruti,Baleno,Transferred,true
VEH-002472,Truck,SYN-UT-02472,PERSON-000765,Red,Hyundai,i20,Active,true
VEH-002473,SUV,SYN-MA-02473,PERSON-000357,Black,Mahindra,Scorpio,Active,true
VEH-002474,Van,SYN-TE-02474,PERSON-000621,Black,Hyundai,Venue,Active,true
VEH-002475,SUV,SYN-GU-02475,PERSON-000863,Grey,Tata,Altroz,Active,true
VEH-002476,Car,SYN-WE-02476,PERSON-001965,Black,Tata,Altroz,Active,true
VEH-002477,Van,SYN-TA-02477,PERSON-002558,Silver,Hyundai,Creta,Active,true
VEH-002478,SUV,SYN-KE-02478,PERSON-000397,Silver,Hyundai,i20,Active,true
VEH-002479,Truck,SYN-RA-02479,PERSON-000154,Blue,Hyundai,Venue,Active,true
VEH-002480,Motorcycle,SYN-KA-02480,PERSON-001664,Black,Tata,Altroz,Active,true
VEH-002481,Car,SYN-TA-02481,PERSON-000948,Red,Tata,Punch,Active,true
VEH-002482,Motorcycle,SYN-WE-02482,PERSON-000584,Red,Hyundai,Creta,Transferred,true
VEH-002483,Car,SYN-MA-02483,PERSON-001110,White,Tata,Altroz,Transferred,true
VEH-002484,Van,SYN-GU-02484,PERSON-001127,Black,Toyota,Urban Cruiser,Transferred,true
VEH-002485,Car,SYN-UT-02485,PERSON-002847,Grey,Tata,Altroz,Transferred,true
VEH-002486,Auto,SYN-RA-02486,PERSON-001552,Black,Toyota,Innova,Transferred,true
VEH-002487,Truck,SYN-KA-02487,PERSON-000499,Silver,Tata,Nexon,Active,true
VEH-002488,Truck,SYN-GU-02488,PERSON-000825,White,Maruti,Baleno,Transferred,true
VEH-002489,Auto,SYN-TA-02489,PERSON-002397,Blue,Toyota,Innova,Active,true
VEH-002490,Motorcycle,SYN-TA-02490,PERSON-002408,Grey,Maruti,Baleno,Active,true
VEH-002491,Car,SYN-TE-02491,PERSON-002304,Black,Tata,Nexon,Active,true
VEH-002492,Van,SYN-TE-02492,PERSON-001558,Blue,Mahindra,XUV,Transferred,true
VEH-002493,Motorcycle,SYN-TA-02493,PERSON-001041,Silver,Hyundai,Creta,Active,true
VEH-002494,Car,SYN-KE-02494,PERSON-000272,Grey,Tata,Altroz,Active,true
VEH-002495,Motorcycle,SYN-KE-02495,PERSON-001670,Silver,Toyota,Innova,Active,true
VEH-002496,Van,SYN-KA-02496,PERSON-000233,White,Mahindra,XUV,Transferred,true
VEH-002497,Truck,SYN-KA-02497,PERSON-001478,Grey,Toyota,Urban Cruiser,Active,true
VEH-002498,Motorcycle,SYN-GU-02498,PERSON-000342,White,Maruti,Ertiga,Active,true
VEH-002499,Car,SYN-KE-02499,PERSON-000886,Blue,Mahindra,Bolero,Transferred,true
VEH-002500,Auto,SYN-KA-02500,PERSON-001066,White,Mahindra,Bolero,Transferred,true
VEH-002501,Van,SYN-WE-02501,PERSON-001013,White,Maruti,Swift,Active,true
VEH-002502,Van,SYN-RA-02502,PERSON-000846,Blue,Tata,Nexon,Transferred,true
VEH-002503,Truck,SYN-GU-02503,PERSON-000823,Red,Maruti,Ertiga,Active,true
VEH-002504,Truck,SYN-UT-02504,PERSON-001573,White,Hyundai,i20,Active,true
VEH-002505,Auto,SYN-UT-02505,PERSON-000647,Black,Toyota,Urban Cruiser,Transferred,true
VEH-002506,SUV,SYN-UT-02506,PERSON-000259,Red,Maruti,Baleno,Active,true
VEH-002507,Van,SYN-KA-02507,PERSON-000568,Blue,Toyota,Innova,Transferred,true
VEH-002508,Auto,SYN-GU-02508,PERSON-002954,Red,Hyundai,i20,Active,true
VEH-002509,Car,SYN-KA-02509,PERSON-000842,White,Mahindra,XUV,Active,true
VEH-002510,Van,SYN-TA-02510,PERSON-002845,Black,Tata,Nexon,Transferred,true
VEH-002511,Auto,SYN-GU-02511,PERSON-002788,Grey,Hyundai,i20,Transferred,true
VEH-002512,Motorcycle,SYN-MA-02512,PERSON-000217,White,Tata,Nexon,Active,true
VEH-002513,Auto,SYN-WE-02513,PERSON-000001,Blue,Mahindra,Bolero,Transferred,true
VEH-002514,Van,SYN-KA-02514,PERSON-002136,Red,Mahindra,Scorpio,Active,true
VEH-002515,Van,SYN-RA-02515,PERSON-000784,Silver,Maruti,Swift,Active,true
VEH-002516,Van,SYN-DE-02516,PERSON-000538,Grey,Toyota,Innova,Active,true
VEH-002517,Motorcycle,SYN-KA-02517,PERSON-000717,White,Maruti,Swift,Active,true
VEH-002518,Van,SYN-UT-02518,PERSON-000074,White,Tata,Punch,Transferred,true
VEH-002519,Motorcycle,SYN-UT-02519,PERSON-002499,Blue,Toyota,Urban Cruiser,Active,true
VEH-002520,Auto,SYN-TA-02520,PERSON-001992,Black,Toyota,Innova,Active,true
VEH-002521,Car,SYN-DE-02521,PERSON-000103,Red,Hyundai,Venue,Active,true
VEH-002522,Motorcycle,SYN-DE-02522,PERSON-002745,Silver,Toyota,Urban Cruiser,Transferred,true
VEH-002523,Truck,SYN-TE-02523,PERSON-001667,Silver,Hyundai,Creta,Active,true
VEH-002524,Car,SYN-TE-02524,PERSON-001558,Blue,Hyundai,i20,Transferred,true
VEH-002525,Motorcycle,SYN-RA-02525,PERSON-000351,Blue,Toyota,Urban Cruiser,Transferred,true
VEH-002526,Truck,SYN-TA-02526,PERSON-001041,Black,Hyundai,i20,Transferred,true
VEH-002527,Truck,SYN-KE-02527,PERSON-001670,Silver,Hyundai,Creta,Active,true
VEH-002528,Truck,SYN-TE-02528,PERSON-001558,White,Maruti,Swift,Transferred,true
VEH-002529,Truck,SYN-RA-02529,PERSON-000351,Grey,Tata,Nexon,Active,true
VEH-002530,Motorcycle,SYN-RA-02530,PERSON-002517,Grey,Maruti,Swift,Active,true
VEH-002531,SUV,SYN-GU-02531,PERSON-002279,Black,Hyundai,Creta,Transferred,true
VEH-002532,Motorcycle,SYN-WE-02532,PERSON-001965,White,Maruti,Ertiga,Transferred,true
VEH-002533,Van,SYN-TA-02533,PERSON-001992,Red,Tata,Altroz,Transferred,true
VEH-002534,Auto,SYN-RA-02534,PERSON-002999,Blue,Mahindra,XUV,Active,true
VEH-002535,Motorcycle,SYN-WE-02535,PERSON-002835,Black,Tata,Nexon,Active,true
VEH-002536,Van,SYN-TA-02536,PERSON-000948,Silver,Tata,Nexon,Transferred,true
VEH-002537,Auto,SYN-RA-02537,PERSON-001315,Grey,Maruti,Baleno,Transferred,true
VEH-002538,Motorcycle,SYN-KE-02538,PERSON-002757,White,Hyundai,Venue,Active,true
VEH-002539,Van,SYN-DE-02539,PERSON-000904,Grey,Hyundai,Venue,Active,true
VEH-002540,Truck,SYN-WE-02540,PERSON-000584,White,Hyundai,Creta,Active,true
VEH-002541,SUV,SYN-MA-02541,PERSON-002715,Blue,Maruti,Baleno,Active,true
VEH-002542,Truck,SYN-TE-02542,PERSON-002737,Silver,Maruti,Baleno,Active,true
VEH-002543,Car,SYN-MA-02543,PERSON-002417,Black,Maruti,Baleno,Active,true
VEH-002544,Motorcycle,SYN-UT-02544,PERSON-000405,Black,Mahindra,Scorpio,Active,true
VEH-002545,Van,SYN-DE-02545,PERSON-000622,Silver,Hyundai,Creta,Active,true
VEH-002546,Motorcycle,SYN-UT-02546,PERSON-002277,Silver,Maruti,Swift,Transferred,true
VEH-002547,Truck,SYN-KA-02547,PERSON-000295,Red,Hyundai,i20,Active,true
VEH-002548,Van,SYN-KE-02548,PERSON-001941,Black,Toyota,Urban Cruiser,Transferred,true
VEH-002549,SUV,SYN-TE-02549,PERSON-001615,Blue,Maruti,Baleno,Active,true
VEH-002550,SUV,SYN-TE-02550,PERSON-000808,Silver,Tata,Punch,Active,true
VEH-002551,Motorcycle,SYN-KE-02551,PERSON-000075,Black,Mahindra,Bolero,Active,true
VEH-002552,SUV,SYN-MA-02552,PERSON-000357,Black,Maruti,Swift,Transferred,true
VEH-002553,Truck,SYN-GU-02553,PERSON-002750,Silver,Maruti,Baleno,Active,true
VEH-002554,Car,SYN-TA-02554,PERSON-001041,Red,Maruti,Swift,Active,true
VEH-002555,Motorcycle,SYN-MA-02555,PERSON-001589,Silver,Hyundai,Venue,Transferred,true
VEH-002556,Motorcycle,SYN-KE-02556,PERSON-001670,Grey,Tata,Punch,Active,true
VEH-002557,Auto,SYN-UT-02557,PERSON-002499,Grey,Toyota,Innova,Active,true
VEH-002558,Van,SYN-GU-02558,PERSON-002954,Red,Mahindra,Scorpio,Transferred,true
VEH-002559,Truck,SYN-KA-02559,PERSON-001478,Grey,Mahindra,Scorpio,Active,true
VEH-002560,Motorcycle,SYN-MA-02560,PERSON-000710,Red,Mahindra,Bolero,Active,true
VEH-002561,Van,SYN-TA-02561,PERSON-000072,Black,Mahindra,Scorpio,Active,true
VEH-002562,Car,SYN-KE-02562,PERSON-000763,Blue,Toyota,Urban Cruiser,Transferred,true
VEH-002563,Motorcycle,SYN-RA-02563,PERSON-001385,Grey,Hyundai,Venue,Active,true
VEH-002564,Auto,SYN-UT-02564,PERSON-001349,Silver,Toyota,Urban Cruiser,Transferred,true
VEH-002565,Truck,SYN-KE-02565,PERSON-002990,White,Toyota,Innova,Transferred,true
VEH-002566,Van,SYN-MA-02566,PERSON-000042,Blue,Mahindra,Scorpio,Active,true
VEH-002567,Auto,SYN-RA-02567,PERSON-001658,White,Maruti,Ertiga,Transferred,true
VEH-002568,Motorcycle,SYN-UT-02568,PERSON-001056,Red,Hyundai,i20,Active,true
VEH-002569,Car,SYN-RA-02569,PERSON-000898,Red,Maruti,Ertiga,Active,true
VEH-002570,Truck,SYN-MA-02570,PERSON-001589,Grey,Maruti,Baleno,Active,true
VEH-002571,Auto,SYN-TA-02571,PERSON-000051,Red,Mahindra,Scorpio,Transferred,true
VEH-002572,Car,SYN-TA-02572,PERSON-001479,Black,Tata,Altroz,Transferred,true
VEH-002573,Van,SYN-MA-02573,PERSON-000991,White,Mahindra,Scorpio,Transferred,true
VEH-002574,Car,SYN-DE-02574,PERSON-000957,Red,Maruti,Baleno,Active,true
VEH-002575,Van,SYN-KE-02575,PERSON-000260,White,Mahindra,XUV,Active,true
VEH-002576,Truck,SYN-KA-02576,PERSON-000499,White,Tata,Altroz,Active,true
VEH-002577,Van,SYN-TA-02577,PERSON-002397,Grey,Toyota,Innova,Active,true
VEH-002578,Truck,SYN-KE-02578,PERSON-002846,Red,Hyundai,i20,Active,true
VEH-002579,SUV,SYN-TA-02579,PERSON-002408,White,Hyundai,i20,Active,true
VEH-002580,Car,SYN-TE-02580,PERSON-002304,White,Toyota,Urban Cruiser,Active,true
VEH-002581,Motorcycle,SYN-TE-02581,PERSON-001691,Grey,Hyundai,Creta,Active,true
VEH-002582,Motorcycle,SYN-UT-02582,PERSON-001847,Silver,Tata,Nexon,Active,true
VEH-002583,Auto,SYN-GU-02583,PERSON-001861,Silver,Toyota,Urban Cruiser,Active,true
VEH-002584,Van,SYN-GU-02584,PERSON-000063,White,Toyota,Innova,Transferred,true
VEH-002585,Car,SYN-GU-02585,PERSON-000863,Silver,Tata,Nexon,Transferred,true
VEH-002586,Van,SYN-TA-02586,PERSON-000683,Red,Mahindra,XUV,Active,true
VEH-002587,Van,SYN-GU-02587,PERSON-000850,Black,Maruti,Swift,Active,true
VEH-002588,Motorcycle,SYN-GU-02588,PERSON-000863,Red,Tata,Altroz,Active,true
VEH-002589,Auto,SYN-GU-02589,PERSON-000063,Silver,Mahindra,Scorpio,Transferred,true
VEH-002590,Car,SYN-GU-02590,PERSON-000049,Red,Hyundai,Venue,Active,true
VEH-002591,Auto,SYN-RA-02591,PERSON-002517,Grey,Mahindra,XUV,Active,true
VEH-002592,Motorcycle,SYN-WE-02592,PERSON-000120,Red,Hyundai,Creta,Active,true
VEH-002593,Van,SYN-TE-02593,PERSON-001898,Grey,Mahindra,XUV,Transferred,true
VEH-002594,Truck,SYN-TE-02594,PERSON-000621,Silver,Mahindra,Bolero,Active,true
VEH-002595,Car,SYN-GU-02595,PERSON-000863,Grey,Tata,Nexon,Active,true
VEH-002596,Truck,SYN-UT-02596,PERSON-000765,Red,Mahindra,Bolero,Active,true
VEH-002597,Car,SYN-GU-02597,PERSON-000783,Silver,Mahindra,Bolero,Active,true
VEH-002598,Car,SYN-RA-02598,PERSON-002343,Red,Toyota,Innova,Transferred,true
VEH-002599,Car,SYN-GU-02599,PERSON-001112,Silver,Toyota,Urban Cruiser,Active,true
VEH-002600,SUV,SYN-TE-02600,PERSON-001521,Red,Tata,Nexon,Active,true
VEH-002601,Motorcycle,SYN-TA-02601,PERSON-001642,Grey,Tata,Punch,Transferred,true
VEH-002602,Motorcycle,SYN-UT-02602,PERSON-002728,Silver,Toyota,Innova,Active,true
VEH-002603,Car,SYN-KA-02603,PERSON-002735,Blue,Maruti,Baleno,Active,true
VEH-002604,Motorcycle,SYN-TA-02604,PERSON-000648,Grey,Toyota,Innova,Active,true
VEH-002605,Auto,SYN-UT-02605,PERSON-000647,Grey,Toyota,Urban Cruiser,Active,true
VEH-002606,Truck,SYN-GU-02606,PERSON-000895,Grey,Tata,Nexon,Active,true
VEH-002607,Truck,SYN-KA-02607,PERSON-000568,Black,Maruti,Baleno,Active,true
VEH-002608,Motorcycle,SYN-RA-02608,PERSON-000898,White,Tata,Punch,Active,true
VEH-002609,Van,SYN-KE-02609,PERSON-001318,White,Mahindra,Scorpio,Active,true
VEH-002610,Truck,SYN-DE-02610,PERSON-000146,Black,Tata,Altroz,Active,true
VEH-002611,Motorcycle,SYN-TE-02611,PERSON-001558,Silver,Maruti,Baleno,Transferred,true
VEH-002612,Motorcycle,SYN-TA-02612,PERSON-001041,Silver,Tata,Punch,Active,true
VEH-002613,Car,SYN-MA-02613,PERSON-001589,Silver,Maruti,Ertiga,Transferred,true
VEH-002614,Van,SYN-KE-02614,PERSON-001670,Silver,Mahindra,Scorpio,Transferred,true
VEH-002615,Car,SYN-TE-02615,PERSON-001558,Red,Tata,Nexon,Active,true
VEH-002616,Motorcycle,SYN-KA-02616,PERSON-000540,Black,Tata,Nexon,Active,true
VEH-002617,Van,SYN-RA-02617,PERSON-001474,Blue,Tata,Nexon,Active,true
VEH-002618,SUV,SYN-DE-02618,PERSON-001262,Black,Toyota,Innova,Transferred,true
VEH-002619,Auto,SYN-DE-02619,PERSON-000180,Silver,Toyota,Innova,Active,true
VEH-002620,Truck,SYN-DE-02620,PERSON-000267,Black,Tata,Punch,Transferred,true
VEH-002621,Auto,SYN-TE-02621,PERSON-000792,Black,Tata,Altroz,Transferred,true
VEH-002622,Truck,SYN-KE-02622,PERSON-002164,Blue,Mahindra,XUV,Transferred,true
VEH-002623,Auto,SYN-MA-02623,PERSON-002060,White,Toyota,Urban Cruiser,Active,true
VEH-002624,Motorcycle,SYN-MA-02624,PERSON-001172,Black,Toyota,Urban Cruiser,Transferred,true
VEH-002625,SUV,SYN-TE-02625,PERSON-002066,Red,Maruti,Baleno,Transferred,true
VEH-002626,Car,SYN-DE-02626,PERSON-000769,White,Tata,Punch,Transferred,true
VEH-002627,Truck,SYN-RA-02627,PERSON-002132,Grey,Mahindra,Bolero,Active,true
VEH-002628,Motorcycle,SYN-UT-02628,PERSON-002418,Blue,Maruti,Swift,Transferred,true
VEH-002629,Motorcycle,SYN-KE-02629,PERSON-002020,White,Toyota,Urban Cruiser,Active,true
VEH-002630,Van,SYN-RA-02630,PERSON-002517,Black,Mahindra,Scorpio,Active,true
VEH-002631,Auto,SYN-GU-02631,PERSON-000863,Grey,Toyota,Urban Cruiser,Transferred,true
VEH-002632,Van,SYN-DE-02632,PERSON-002745,White,Mahindra,Scorpio,Active,true
VEH-002633,Motorcycle,SYN-DE-02633,PERSON-000146,Black,Mahindra,Bolero,Active,true
VEH-002634,Auto,SYN-RA-02634,PERSON-000351,Black,Toyota,Innova,Transferred,true
VEH-002635,Motorcycle,SYN-TA-02635,PERSON-001041,Blue,Mahindra,Bolero,Transferred,true
VEH-002636,Car,SYN-DE-02636,PERSON-000622,Grey,Hyundai,Venue,Active,true
VEH-002637,Car,SYN-KA-02637,PERSON-001664,Silver,Tata,Altroz,Active,true
VEH-002638,Auto,SYN-TA-02638,PERSON-002675,Black,Toyota,Innova,Active,true
VEH-002639,Van,SYN-RA-02639,PERSON-001315,Grey,Maruti,Ertiga,Active,true
VEH-002640,Car,SYN-DE-02640,PERSON-000904,Black,Hyundai,Creta,Active,true
VEH-002641,Motorcycle,SYN-KA-02641,PERSON-000568,Blue,Toyota,Innova,Active,true
VEH-002642,Motorcycle,SYN-MA-02642,PERSON-001071,Silver,Mahindra,Scorpio,Active,true
VEH-002643,SUV,SYN-MA-02643,PERSON-000613,Black,Tata,Altroz,Transferred,true
VEH-002644,SUV,SYN-KA-02644,PERSON-002068,Red,Hyundai,i20,Active,true
VEH-002645,Car,SYN-TE-02645,PERSON-002004,Red,Toyota,Urban Cruiser,Active,true
VEH-002646,SUV,SYN-UT-02646,PERSON-001578,Grey,Toyota,Innova,Active,true
VEH-002647,Van,SYN-WE-02647,PERSON-002821,Blue,Tata,Altroz,Active,true
VEH-002648,Truck,SYN-DE-02648,PERSON-000267,Grey,Tata,Nexon,Active,true
VEH-002649,Truck,SYN-UT-02649,PERSON-002900,White,Maruti,Baleno,Transferred,true
VEH-002650,Motorcycle,SYN-MA-02650,PERSON-000440,Blue,Tata,Nexon,Active,true
VEH-002651,Car,SYN-GU-02651,PERSON-002954,White,Toyota,Urban Cruiser,Active,true
VEH-002652,Van,SYN-TE-02652,PERSON-002428,Blue,Hyundai,Creta,Transferred,true
VEH-002653,SUV,SYN-KE-02653,PERSON-001769,Grey,Maruti,Baleno,Active,true
VEH-002654,Truck,SYN-KA-02654,PERSON-001478,Black,Tata,Altroz,Transferred,true
VEH-002655,Motorcycle,SYN-TE-02655,PERSON-002256,Grey,Hyundai,i20,Transferred,true
VEH-002656,Truck,SYN-GU-02656,PERSON-002788,Red,Toyota,Innova,Active,true
VEH-002657,Van,SYN-WE-02657,PERSON-000734,Red,Tata,Punch,Active,true
VEH-002658,Motorcycle,SYN-WE-02658,PERSON-000001,Blue,Hyundai,Venue,Active,true
VEH-002659,Truck,SYN-WE-02659,PERSON-000712,Grey,Mahindra,XUV,Active,true
VEH-002660,Car,SYN-KE-02660,PERSON-002684,Silver,Toyota,Urban Cruiser,Active,true
VEH-002661,Car,SYN-KE-02661,PERSON-001782,Red,Toyota,Urban Cruiser,Active,true
VEH-002662,Motorcycle,SYN-RA-02662,PERSON-002920,Grey,Hyundai,Venue,Transferred,true
VEH-002663,Van,SYN-TE-02663,PERSON-001455,Black,Maruti,Ertiga,Active,true
VEH-002664,Car,SYN-WE-02664,PERSON-000712,Black,Mahindra,Bolero,Active,true
VEH-002665,Car,SYN-MA-02665,PERSON-001547,Grey,Hyundai,i20,Active,true
VEH-002666,Van,SYN-KE-02666,PERSON-001212,White,Hyundai,Venue,Transferred,true
VEH-002667,Truck,SYN-WE-02667,PERSON-000047,Grey,Tata,Punch,Active,true
VEH-002668,Car,SYN-WE-02668,PERSON-000279,Grey,Hyundai,Venue,Active,true
VEH-002669,Auto,SYN-MA-02669,PERSON-002223,White,Toyota,Urban Cruiser,Active,true
VEH-002670,Van,SYN-WE-02670,PERSON-002964,Black,Tata,Altroz,Active,true
VEH-002671,Auto,SYN-DE-02671,PERSON-000470,Red,Hyundai,i20,Active,true
VEH-002672,Auto,SYN-TE-02672,PERSON-001830,Blue,Maruti,Ertiga,Transferred,true
VEH-002673,Auto,SYN-GU-02673,PERSON-001043,Black,Maruti,Ertiga,Transferred,true
VEH-002674,Van,SYN-UT-02674,PERSON-001056,Grey,Mahindra,XUV,Transferred,true
VEH-002675,SUV,SYN-MA-02675,PERSON-001589,Silver,Hyundai,Creta,Transferred,true
VEH-002676,Car,SYN-GU-02676,PERSON-002039,Blue,Mahindra,XUV,Transferred,true
VEH-002677,Car,SYN-DE-02677,PERSON-000769,Blue,Toyota,Innova,Active,true
VEH-002678,SUV,SYN-TE-02678,PERSON-000979,Black,Tata,Nexon,Transferred,true
VEH-002679,Van,SYN-UT-02679,PERSON-000647,Silver,Tata,Altroz,Active,true
VEH-002680,Car,SYN-TE-02680,PERSON-000390,Silver,Maruti,Swift,Active,true
VEH-002681,Truck,SYN-DE-02681,PERSON-002457,Red,Toyota,Innova,Active,true
VEH-002682,SUV,SYN-MA-02682,PERSON-000920,Red,Hyundai,i20,Transferred,true
VEH-002683,Truck,SYN-TE-02683,PERSON-000390,Grey,Hyundai,i20,Transferred,true
VEH-002684,SUV,SYN-TE-02684,PERSON-001326,Red,Toyota,Innova,Active,true
VEH-002685,Motorcycle,SYN-UT-02685,PERSON-001337,Silver,Mahindra,Bolero,Transferred,true
VEH-002686,Car,SYN-KE-02686,PERSON-002020,Black,Tata,Nexon,Active,true
VEH-002687,SUV,SYN-RA-02687,PERSON-002517,Black,Hyundai,i20,Active,true
VEH-002688,Motorcycle,SYN-WE-02688,PERSON-001965,Black,Tata,Punch,Transferred,true
VEH-002689,Car,SYN-TE-02689,PERSON-000621,Black,Mahindra,Bolero,Active,true
VEH-002690,Car,SYN-WE-02690,PERSON-002393,Black,Maruti,Swift,Active,true
VEH-002691,Van,SYN-MA-02691,PERSON-001110,Black,Toyota,Urban Cruiser,Active,true
VEH-002692,SUV,SYN-GU-02692,PERSON-001861,Black,Hyundai,Venue,Active,true
VEH-002693,SUV,SYN-GU-02693,PERSON-000863,White,Toyota,Urban Cruiser,Active,true
VEH-002694,SUV,SYN-KE-02694,PERSON-002757,Red,Tata,Altroz,Active,true
VEH-002695,Car,SYN-DE-02695,PERSON-000904,White,Mahindra,Scorpio,Transferred,true
VEH-002696,Van,SYN-KA-02696,PERSON-002998,Grey,Toyota,Urban Cruiser,Active,true
VEH-002697,Auto,SYN-TA-02697,PERSON-002558,Grey,Tata,Nexon,Transferred,true
VEH-002698,Van,SYN-GU-02698,PERSON-001131,Silver,Hyundai,Venue,Transferred,true
VEH-002699,Van,SYN-KE-02699,PERSON-000580,White,Maruti,Ertiga,Active,true
VEH-002700,Motorcycle,SYN-DE-02700,PERSON-001182,Black,Hyundai,i20,Active,true
VEH-002701,Motorcycle,SYN-UT-02701,PERSON-002499,Red,Tata,Nexon,Active,true
VEH-002702,Motorcycle,SYN-MA-02702,PERSON-001210,Grey,Maruti,Swift,Active,true
VEH-002703,Van,SYN-RA-02703,PERSON-000351,Grey,Toyota,Urban Cruiser,Transferred,true
VEH-002704,Truck,SYN-TA-02704,PERSON-001041,Grey,Tata,Altroz,Transferred,true
VEH-002705,Auto,SYN-KE-02705,PERSON-001670,Silver,Hyundai,Creta,Transferred,true
VEH-002706,Van,SYN-KA-02706,PERSON-001259,Red,Maruti,Ertiga,Active,true
VEH-002707,Auto,SYN-KA-02707,PERSON-000092,Silver,Maruti,Swift,Active,true
VEH-002708,Car,SYN-GU-02708,PERSON-000863,Blue,Tata,Altroz,Active,true
VEH-002709,Motorcycle,SYN-GU-02709,PERSON-000063,Grey,Toyota,Urban Cruiser,Active,true
VEH-002710,Van,SYN-KE-02710,PERSON-002757,Red,Tata,Punch,Active,true
VEH-002711,Truck,SYN-TE-02711,PERSON-002737,Silver,Mahindra,Bolero,Transferred,true
VEH-002712,Truck,SYN-KA-02712,PERSON-000092,Blue,Maruti,Ertiga,Active,true
VEH-002713,SUV,SYN-TA-02713,PERSON-000414,Black,Tata,Punch,Transferred,true
VEH-002714,Car,SYN-TE-02714,PERSON-002094,Grey,Toyota,Innova,Active,true
VEH-002715,Car,SYN-DE-02715,PERSON-000103,Red,Hyundai,Venue,Active,true
VEH-002716,SUV,SYN-TE-02716,PERSON-001869,Silver,Mahindra,Bolero,Active,true
VEH-002717,Car,SYN-DE-02717,PERSON-001262,Blue,Toyota,Urban Cruiser,Transferred,true
VEH-002718,Van,SYN-WE-02718,PERSON-001610,White,Toyota,Innova,Active,true
VEH-002719,Truck,SYN-DE-02719,PERSON-000267,White,Tata,Nexon,Active,true
VEH-002720,Motorcycle,SYN-MA-02720,PERSON-000440,White,Hyundai,Creta,Active,true
VEH-002721,Auto,SYN-GU-02721,PERSON-000943,Grey,Maruti,Ertiga,Active,true
VEH-002722,Motorcycle,SYN-TE-02722,PERSON-001780,Silver,Maruti,Ertiga,Active,true
VEH-002723,Motorcycle,SYN-TA-02723,PERSON-002397,White,Hyundai,Creta,Active,true
VEH-002724,Auto,SYN-TE-02724,PERSON-000374,White,Mahindra,Scorpio,Transferred,true
VEH-002725,Van,SYN-TE-02725,PERSON-001691,White,Toyota,Urban Cruiser,Active,true
VEH-002726,Car,SYN-UT-02726,PERSON-001847,Blue,Maruti,Baleno,Transferred,true
VEH-002727,Van,SYN-DE-02727,PERSON-000146,Blue,Maruti,Baleno,Active,true
VEH-002728,Van,SYN-RA-02728,PERSON-001768,Blue,Maruti,Swift,Active,true
VEH-002729,Truck,SYN-KE-02729,PERSON-002205,Grey,Mahindra,Bolero,Active,true
VEH-002730,Car,SYN-KA-02730,PERSON-000540,Red,Toyota,Urban Cruiser,Active,true
VEH-002731,Truck,SYN-UT-02731,PERSON-002900,Red,Hyundai,Creta,Active,true
VEH-002732,Auto,SYN-DE-02732,PERSON-001258,Red,Mahindra,XUV,Transferred,true
VEH-002733,Motorcycle,SYN-MA-02733,PERSON-002060,Grey,Toyota,Innova,Active,true
VEH-002734,Auto,SYN-MA-02734,PERSON-000440,Silver,Mahindra,Scorpio,Transferred,true
VEH-002735,Van,SYN-TE-02735,PERSON-000449,Blue,Maruti,Ertiga,Transferred,true
VEH-002736,Van,SYN-MA-02736,PERSON-002930,White,Hyundai,i20,Active,true
VEH-002737,Truck,SYN-RA-02737,PERSON-002034,Silver,Mahindra,Bolero,Active,true
VEH-002738,Car,SYN-UT-02738,PERSON-001899,White,Maruti,Ertiga,Active,true
VEH-002739,Car,SYN-MA-02739,PERSON-002454,Blue,Mahindra,Scorpio,Active,true
VEH-002740,Truck,SYN-UT-02740,PERSON-002900,Blue,Maruti,Baleno,Transferred,true
VEH-002741,Auto,SYN-RA-02741,PERSON-001807,Grey,Tata,Punch,Transferred,true
VEH-002742,Motorcycle,SYN-KA-02742,PERSON-001478,Blue,Maruti,Swift,Transferred,true
VEH-002743,Van,SYN-TE-02743,PERSON-001615,White,Mahindra,Bolero,Active,true
VEH-002744,Van,SYN-UT-02744,PERSON-002082,Silver,Maruti,Ertiga,Active,true
VEH-002745,SUV,SYN-KE-02745,PERSON-000302,Blue,Toyota,Innova,Transferred,true
VEH-002746,SUV,SYN-TE-02746,PERSON-002122,White,Toyota,Innova,Active,true
VEH-002747,Auto,SYN-TA-02747,PERSON-000489,Blue,Tata,Nexon,Transferred,true
VEH-002748,Car,SYN-TA-02748,PERSON-002675,Grey,Mahindra,Scorpio,Active,true
VEH-002749,Auto,SYN-RA-02749,PERSON-001363,Blue,Maruti,Swift,Active,true
VEH-002750,Auto,SYN-KE-02750,PERSON-000886,Grey,Mahindra,Scorpio,Active,true
VEH-002751,SUV,SYN-KA-02751,PERSON-002896,Red,Mahindra,XUV,Active,true
VEH-002752,Car,SYN-UT-02752,PERSON-002847,Silver,Hyundai,i20,Transferred,true
VEH-002753,Motorcycle,SYN-UT-02753,PERSON-002900,Black,Hyundai,i20,Transferred,true
VEH-002754,Auto,SYN-DE-02754,PERSON-000180,White,Hyundai,Venue,Active,true
VEH-002755,Auto,SYN-WE-02755,PERSON-001610,Black,Toyota,Innova,Active,true
VEH-002756,Car,SYN-TE-02756,PERSON-002618,Black,Toyota,Urban Cruiser,Active,true
VEH-002757,Van,SYN-MA-02757,PERSON-000440,Black,Mahindra,XUV,Active,true
VEH-002758,Car,SYN-MA-02758,PERSON-001774,Black,Tata,Punch,Transferred,true
VEH-002759,Van,SYN-TE-02759,PERSON-002737,Red,Maruti,Ertiga,Transferred,true
VEH-002760,SUV,SYN-MA-02760,PERSON-002417,Blue,Maruti,Swift,Active,true
VEH-002761,Car,SYN-KA-02761,PERSON-000111,Silver,Toyota,Innova,Active,true
VEH-002762,Auto,SYN-GU-02762,PERSON-000804,Silver,Mahindra,Scorpio,Active,true
VEH-002763,Car,SYN-GU-02763,PERSON-000783,Grey,Tata,Punch,Transferred,true
VEH-002764,Truck,SYN-RA-02764,PERSON-002343,Grey,Maruti,Ertiga,Active,true
VEH-002765,Truck,SYN-GU-02765,PERSON-000628,White,Hyundai,Venue,Transferred,true
VEH-002766,Motorcycle,SYN-RA-02766,PERSON-002703,Red,Maruti,Swift,Active,true
VEH-002767,Auto,SYN-KA-02767,PERSON-000233,White,Tata,Nexon,Transferred,true
VEH-002768,SUV,SYN-KE-02768,PERSON-000492,Blue,Tata,Punch,Active,true
VEH-002769,SUV,SYN-TE-02769,PERSON-002122,Black,Mahindra,XUV,Active,true
VEH-002770,Truck,SYN-TE-02770,PERSON-001457,Red,Mahindra,XUV,Active,true
VEH-002771,Auto,SYN-MA-02771,PERSON-001994,Red,Mahindra,Scorpio,Active,true
VEH-002772,Motorcycle,SYN-GU-02772,PERSON-001112,Black,Toyota,Urban Cruiser,Active,true
VEH-002773,Motorcycle,SYN-TE-02773,PERSON-001331,Red,Hyundai,Creta,Transferred,true
VEH-002774,Auto,SYN-UT-02774,PERSON-002728,Grey,Toyota,Urban Cruiser,Transferred,true
VEH-002775,Van,SYN-TA-02775,PERSON-002675,Grey,Maruti,Baleno,Active,true
VEH-002776,Auto,SYN-WE-02776,PERSON-002835,Grey,Mahindra,Bolero,Active,true
VEH-002777,Car,SYN-RA-02777,PERSON-001315,Red,Maruti,Swift,Active,true
VEH-002778,Auto,SYN-MA-02778,PERSON-000106,Red,Maruti,Ertiga,Transferred,true
VEH-002779,Truck,SYN-WE-02779,PERSON-000584,Grey,Toyota,Urban Cruiser,Active,true
VEH-002780,Car,SYN-MA-02780,PERSON-002715,Grey,Maruti,Ertiga,Active,true
VEH-002781,Truck,SYN-KE-02781,PERSON-002020,Black,Maruti,Ertiga,Active,true
VEH-002782,Auto,SYN-DE-02782,PERSON-000538,Blue,Mahindra,Scorpio,Active,true
VEH-002783,Car,SYN-KA-02783,PERSON-001544,Black,Mahindra,XUV,Active,true
VEH-002784,Auto,SYN-MA-02784,PERSON-000921,Red,Hyundai,Venue,Active,true
VEH-002785,SUV,SYN-TE-02785,PERSON-000083,White,Mahindra,Bolero,Active,true
VEH-002786,Van,SYN-WE-02786,PERSON-000703,Grey,Toyota,Urban Cruiser,Active,true
VEH-002787,SUV,SYN-WE-02787,PERSON-001205,White,Toyota,Urban Cruiser,Active,true
VEH-002788,Auto,SYN-TE-02788,PERSON-000245,Black,Maruti,Ertiga,Active,true
VEH-002789,SUV,SYN-TE-02789,PERSON-001780,Red,Toyota,Innova,Active,true
VEH-002790,SUV,SYN-GU-02790,PERSON-000943,Red,Mahindra,Bolero,Active,true
VEH-002791,Motorcycle,SYN-WE-02791,PERSON-001747,White,Hyundai,Creta,Active,true
VEH-002792,Auto,SYN-TE-02792,PERSON-001691,Red,Mahindra,Scorpio,Active,true
VEH-002793,Van,SYN-KE-02793,PERSON-002377,Silver,Hyundai,Venue,Active,true
VEH-002794,Van,SYN-TA-02794,PERSON-002764,Red,Tata,Altroz,Active,true
VEH-002795,Car,SYN-KA-02795,PERSON-001478,Silver,Tata,Punch,Active,true
VEH-002796,Truck,SYN-KA-02796,PERSON-001686,Silver,Maruti,Swift,Active,true
VEH-002797,Motorcycle,SYN-GU-02797,PERSON-001860,Red,Toyota,Innova,Transferred,true
VEH-002798,SUV,SYN-RA-02798,PERSON-000351,White,Hyundai,Creta,Transferred,true
VEH-002799,Van,SYN-TA-02799,PERSON-001992,White,Tata,Altroz,Active,true
VEH-002800,Auto,SYN-TA-02800,PERSON-001041,Grey,Tata,Punch,Active,true
VEH-002801,Truck,SYN-MA-02801,PERSON-001589,Silver,Maruti,Ertiga,Transferred,true
VEH-002802,Van,SYN-TE-02802,PERSON-001667,Grey,Hyundai,i20,Active,true
VEH-002803,Motorcycle,SYN-DE-02803,PERSON-000146,Silver,Toyota,Innova,Active,true
VEH-002804,Van,SYN-WE-02804,PERSON-001334,Black,Tata,Altroz,Active,true
VEH-002805,Car,SYN-KE-02805,PERSON-000260,Silver,Mahindra,Bolero,Transferred,true
VEH-002806,Car,SYN-TE-02806,PERSON-000374,White,Mahindra,Bolero,Active,true
VEH-002807,Car,SYN-UT-02807,PERSON-001578,Silver,Maruti,Ertiga,Active,true
VEH-002808,Truck,SYN-WE-02808,PERSON-002393,Silver,Hyundai,i20,Transferred,true
VEH-002809,Auto,SYN-WE-02809,PERSON-001029,Grey,Hyundai,Creta,Active,true
VEH-002810,Motorcycle,SYN-WE-02810,PERSON-002450,Grey,Toyota,Innova,Transferred,true
VEH-002811,Motorcycle,SYN-GU-02811,PERSON-002039,Blue,Mahindra,XUV,Transferred,true
VEH-002812,Van,SYN-DE-02812,PERSON-000769,Blue,Toyota,Innova,Transferred,true
VEH-002813,Motorcycle,SYN-UT-02813,PERSON-000405,Red,Mahindra,XUV,Active,true
VEH-002814,Car,SYN-GU-02814,PERSON-002879,Black,Maruti,Swift,Transferred,true
VEH-002815,Auto,SYN-GU-02815,PERSON-000063,Blue,Hyundai,Creta,Active,true
VEH-002816,Truck,SYN-TE-02816,PERSON-001326,Grey,Hyundai,i20,Active,true
VEH-002817,Van,SYN-DE-02817,PERSON-002457,Black,Mahindra,Scorpio,Active,true
VEH-002818,Van,SYN-RA-02818,PERSON-001894,White,Maruti,Ertiga,Active,true
VEH-002819,SUV,SYN-GU-02819,PERSON-000081,Red,Mahindra,XUV,Active,true
VEH-002820,Truck,SYN-GU-02820,PERSON-001861,Black,Hyundai,Venue,Transferred,true
VEH-002821,SUV,SYN-RA-02821,PERSON-002574,White,Maruti,Swift,Active,true
VEH-002822,SUV,SYN-UT-02822,PERSON-000822,Red,Tata,Altroz,Transferred,true
VEH-002823,SUV,SYN-TE-02823,PERSON-001780,Blue,Tata,Altroz,Transferred,true
VEH-002824,SUV,SYN-KE-02824,PERSON-002846,Red,Maruti,Ertiga,Active,true
VEH-002825,Car,SYN-GU-02825,PERSON-000943,Red,Toyota,Innova,Transferred,true
VEH-002826,Truck,SYN-TE-02826,PERSON-001691,White,Mahindra,Scorpio,Transferred,true
VEH-002827,SUV,SYN-TE-02827,PERSON-002304,Black,Hyundai,Creta,Active,true
VEH-002828,Auto,SYN-UT-02828,PERSON-001847,Blue,Mahindra,Bolero,Active,true
VEH-002829,SUV,SYN-DE-02829,PERSON-000146,White,Maruti,Ertiga,Active,true
VEH-002830,SUV,SYN-MA-02830,PERSON-001210,Black,Maruti,Baleno,Active,true
VEH-002831,SUV,SYN-TE-02831,PERSON-001558,Blue,Mahindra,Scorpio,Active,true
VEH-002832,Van,SYN-RA-02832,PERSON-000351,White,Mahindra,Bolero,Active,true
VEH-002833,Truck,SYN-GU-02833,PERSON-002750,Grey,Tata,Altroz,Transferred,true
VEH-002834,SUV,SYN-TA-02834,PERSON-001041,Black,Hyundai,Creta,Active,true
VEH-002835,Truck,SYN-KE-02835,PERSON-001670,Black,Hyundai,Creta,Active,true
VEH-002836,SUV,SYN-MA-02836,PERSON-002124,Blue,Mahindra,XUV,Transferred,true
VEH-002837,Motorcycle,SYN-RA-02837,PERSON-002517,Silver,Mahindra,Bolero,Active,true
VEH-002838,Van,SYN-GU-02838,PERSON-002279,Grey,Hyundai,Creta,Active,true
VEH-002839,Truck,SYN-KA-02839,PERSON-001544,Silver,Tata,Altroz,Transferred,true
VEH-002840,Car,SYN-TA-02840,PERSON-002873,Red,Mahindra,Bolero,Active,true
VEH-002841,Motorcycle,SYN-WE-02841,PERSON-000120,Grey,Tata,Altroz,Active,true
VEH-002842,Motorcycle,SYN-TE-02842,PERSON-001898,Red,Toyota,Innova,Active,true
VEH-002843,Van,SYN-TE-02843,PERSON-000621,Black,Tata,Punch,Active,true
VEH-002844,SUV,SYN-WE-02844,PERSON-002901,Blue,Maruti,Swift,Active,true
VEH-002845,SUV,SYN-UT-02845,PERSON-000022,Red,Maruti,Baleno,Active,true
VEH-002846,SUV,SYN-KA-02846,PERSON-000193,Blue,Maruti,Baleno,Active,true
VEH-002847,SUV,SYN-GU-02847,PERSON-001861,White,Toyota,Urban Cruiser,Active,true
VEH-002848,Truck,SYN-TA-02848,PERSON-000072,White,Hyundai,Venue,Active,true
VEH-002849,Truck,SYN-RA-02849,PERSON-002160,Blue,Tata,Punch,Active,true
VEH-002850,Truck,SYN-WE-02850,PERSON-001334,White,Hyundai,Creta,Transferred,true
VEH-002851,Car,SYN-TA-02851,PERSON-002397,Blue,Maruti,Ertiga,Active,true
VEH-002852,Motorcycle,SYN-UT-02852,PERSON-001578,Silver,Hyundai,i20,Active,true
VEH-002853,Car,SYN-WE-02853,PERSON-000488,Red,Toyota,Urban Cruiser,Active,true
VEH-002854,SUV,SYN-TE-02854,PERSON-002304,Blue,Hyundai,i20,Active,true
VEH-002855,Van,SYN-KA-02855,PERSON-000233,Black,Maruti,Swift,Active,true
VEH-002856,Truck,SYN-KE-02856,PERSON-000492,Red,Toyota,Innova,Active,true
VEH-002857,Motorcycle,SYN-WE-02857,PERSON-002964,Black,Mahindra,XUV,Transferred,true
VEH-002858,Motorcycle,SYN-WE-02858,PERSON-002821,Blue,Toyota,Innova,Active,true
VEH-002859,SUV,SYN-TE-02859,PERSON-001558,Black,Maruti,Swift,Transferred,true
VEH-002860,SUV,SYN-RA-02860,PERSON-001474,Blue,Maruti,Baleno,Active,true
VEH-002861,Auto,SYN-MA-02861,PERSON-000440,Grey,Maruti,Swift,Transferred,true
VEH-002862,SUV,SYN-KA-02862,PERSON-000484,White,Maruti,Swift,Transferred,true
VEH-002863,Car,SYN-DE-02863,PERSON-000267,Grey,Hyundai,i20,Active,true
VEH-002864,Van,SYN-TE-02864,PERSON-000792,Black,Mahindra,Bolero,Active,true
VEH-002865,Van,SYN-DE-02865,PERSON-001262,Silver,Maruti,Ertiga,Transferred,true
VEH-002866,Car,SYN-DE-02866,PERSON-000180,Black,Mahindra,XUV,Active,true
VEH-002867,Auto,SYN-MA-02867,PERSON-000440,Blue,Hyundai,Creta,Transferred,true
VEH-002868,Auto,SYN-TE-02868,PERSON-001898,Black,Tata,Punch,Active,true
VEH-002869,Van,SYN-DE-02869,PERSON-001540,Red,Tata,Nexon,Active,true
VEH-002870,Auto,SYN-TE-02870,PERSON-000083,Black,Tata,Punch,Active,true
VEH-002871,SUV,SYN-MA-02871,PERSON-000357,Black,Tata,Nexon,Transferred,true
VEH-002872,SUV,SYN-DE-02872,PERSON-000957,Silver,Toyota,Urban Cruiser,Active,true
VEH-002873,Motorcycle,SYN-KA-02873,PERSON-001664,Black,Tata,Punch,Active,true
VEH-002874,Truck,SYN-TA-02874,PERSON-002675,Red,Hyundai,Creta,Active,true
VEH-002875,Van,SYN-KA-02875,PERSON-001343,Black,Hyundai,Creta,Active,true
VEH-002876,Car,SYN-TA-02876,PERSON-000948,Silver,Toyota,Innova,Active,true
VEH-002877,Motorcycle,SYN-KA-02877,PERSON-000576,White,Maruti,Ertiga,Transferred,true
VEH-002878,Truck,SYN-KE-02878,PERSON-002757,White,Tata,Nexon,Transferred,true
VEH-002879,Motorcycle,SYN-WE-02879,PERSON-000584,White,Mahindra,XUV,Active,true
VEH-002880,Auto,SYN-MA-02880,PERSON-002715,Blue,Hyundai,Creta,Active,true
VEH-002881,Auto,SYN-WE-02881,PERSON-000120,Red,Maruti,Swift,Transferred,true
VEH-002882,Van,SYN-DE-02882,PERSON-002745,Grey,Hyundai,Creta,Active,true
VEH-002883,Auto,SYN-MA-02883,PERSON-000604,Black,Tata,Punch,Transferred,true
VEH-002884,Auto,SYN-KA-02884,PERSON-001259,Black,Toyota,Urban Cruiser,Active,true
VEH-002885,Car,SYN-GU-02885,PERSON-001861,Black,Mahindra,Scorpio,Active,true
VEH-002886,Van,SYN-RA-02886,PERSON-002574,White,Toyota,Urban Cruiser,Active,true
VEH-002887,Car,SYN-GU-02887,PERSON-000863,Silver,Tata,Altroz,Active,true
VEH-002888,Van,SYN-KE-02888,PERSON-002757,White,Tata,Punch,Transferred,true
VEH-002889,Auto,SYN-MA-02889,PERSON-001589,Grey,Hyundai,i20,Transferred,true
VEH-002890,Truck,SYN-GU-02890,PERSON-000049,Blue,Mahindra,Scorpio,Active,true
VEH-002891,Motorcycle,SYN-KA-02891,PERSON-001664,Silver,Maruti,Ertiga,Active,true
VEH-002892,Truck,SYN-KA-02892,PERSON-001343,Red,Hyundai,Creta,Transferred,true
VEH-002893,Motorcycle,SYN-RA-02893,PERSON-001315,Black,Toyota,Innova,Transferred,true
VEH-002894,Van,SYN-UT-02894,PERSON-000822,White,Mahindra,Scorpio,Active,true
VEH-002895,Van,SYN-RA-02895,PERSON-002986,White,Tata,Punch,Transferred,true
VEH-002896,Van,SYN-MA-02896,PERSON-001071,Blue,Hyundai,i20,Active,true
VEH-002897,Motorcycle,SYN-MA-02897,PERSON-000613,Blue,Toyota,Urban Cruiser,Transferred,true
VEH-002898,Motorcycle,SYN-UT-02898,PERSON-001578,Red,Hyundai,i20,Active,true
VEH-002899,Van,SYN-GU-02899,PERSON-000274,Blue,Tata,Punch,Active,true
VEH-002900,Auto,SYN-MA-02900,PERSON-002060,Silver,Maruti,Baleno,Active,true
VEH-002901,Auto,SYN-GU-02901,PERSON-001115,White,Maruti,Baleno,Active,true
VEH-002902,SUV,SYN-KA-02902,PERSON-000540,Black,Tata,Altroz,Active,true
VEH-002903,Truck,SYN-WE-02903,PERSON-002887,Red,Maruti,Baleno,Active,true
VEH-002904,Van,SYN-KA-02904,PERSON-001544,Blue,Maruti,Swift,Active,true
VEH-002905,Motorcycle,SYN-WE-02905,PERSON-000120,Blue,Hyundai,Venue,Active,true
VEH-002906,Motorcycle,SYN-RA-02906,PERSON-002999,Black,Mahindra,XUV,Active,true
VEH-002907,Motorcycle,SYN-WE-02907,PERSON-001965,Grey,Toyota,Urban Cruiser,Transferred,true
VEH-002908,Car,SYN-GU-02908,PERSON-000863,Silver,Mahindra,Bolero,Transferred,true
VEH-002909,Van,SYN-DE-02909,PERSON-002745,Red,Mahindra,Bolero,Active,true
VEH-002910,Motorcycle,SYN-WE-02910,PERSON-000488,White,Mahindra,Scorpio,Active,true
VEH-002911,Motorcycle,SYN-UT-02911,PERSON-000765,Red,Maruti,Baleno,Transferred,true
VEH-002912,Truck,SYN-MA-02912,PERSON-000357,Red,Mahindra,Scorpio,Active,true
VEH-002913,Auto,SYN-RA-02913,PERSON-002920,Red,Tata,Altroz,Active,true
VEH-002914,Van,SYN-TA-02914,PERSON-000489,Silver,Mahindra,XUV,Active,true
VEH-002915,Van,SYN-TE-02915,PERSON-001830,Silver,Toyota,Innova,Active,true
VEH-002916,Car,SYN-DE-02916,PERSON-001369,Blue,Toyota,Urban Cruiser,Active,true
VEH-002917,Auto,SYN-DE-02917,PERSON-001262,Silver,Mahindra,Scorpio,Active,true
VEH-002918,SUV,SYN-RA-02918,PERSON-002517,White,Toyota,Urban Cruiser,Active,true
VEH-002919,Motorcycle,SYN-TE-02919,PERSON-001898,Blue,Mahindra,XUV,Active,true
VEH-002920,Auto,SYN-MA-02920,PERSON-000921,Black,Mahindra,Bolero,Active,true
VEH-002921,Truck,SYN-TA-02921,PERSON-001543,White,Tata,Altroz,Active,true
VEH-002922,Motorcycle,SYN-RA-02922,PERSON-002999,Blue,Tata,Nexon,Active,true
VEH-002923,Truck,SYN-KA-02923,PERSON-001544,Black,Toyota,Innova,Transferred,true
VEH-002924,Van,SYN-TA-02924,PERSON-002873,Black,Mahindra,XUV,Transferred,true
VEH-002925,Car,SYN-MA-02925,PERSON-000921,Black,Maruti,Swift,Active,true
VEH-002926,Van,SYN-WE-02926,PERSON-001205,Grey,Tata,Punch,Active,true
VEH-002927,SUV,SYN-GU-02927,PERSON-000850,Red,Mahindra,Scorpio,Active,true
VEH-002928,Auto,SYN-GU-02928,PERSON-001861,Silver,Toyota,Innova,Active,true
VEH-002929,Van,SYN-WE-02929,PERSON-001965,Red,Mahindra,XUV,Active,true
VEH-002930,Auto,SYN-TA-02930,PERSON-002558,Blue,Maruti,Swift,Active,true
VEH-002931,Car,SYN-UT-02931,PERSON-000022,Grey,Maruti,Ertiga,Active,true
VEH-002932,Auto,SYN-GU-02932,PERSON-001131,White,Mahindra,Scorpio,Active,true
VEH-002933,Truck,SYN-UT-02933,PERSON-000405,Silver,Hyundai,i20,Transferred,true
VEH-002934,Truck,SYN-UT-02934,PERSON-000074,White,Hyundai,Creta,Active,true
VEH-002935,Van,SYN-UT-02935,PERSON-002499,White,Hyundai,Creta,Active,true
VEH-002936,Truck,SYN-GU-02936,PERSON-002215,Blue,Maruti,Ertiga,Active,true
VEH-002937,Motorcycle,SYN-TE-02937,PERSON-001558,Silver,Toyota,Innova,Active,true
VEH-002938,Van,SYN-WE-02938,PERSON-002821,White,Hyundai,Venue,Active,true
VEH-002939,Auto,SYN-GU-02939,PERSON-001115,Black,Hyundai,Creta,Active,true
VEH-002940,Auto,SYN-GU-02940,PERSON-001043,Red,Hyundai,Creta,Transferred,true
VEH-002941,SUV,SYN-KA-02941,PERSON-001757,White,Mahindra,XUV,Active,true
VEH-002942,Motorcycle,SYN-GU-02942,PERSON-002279,Red,Hyundai,Creta,Transferred,true
VEH-002943,Truck,SYN-WE-02943,PERSON-001965,White,Hyundai,Venue,Active,true
VEH-002944,Motorcycle,SYN-GU-02944,PERSON-000863,Grey,Hyundai,Creta,Transferred,true
VEH-002945,Car,SYN-KA-02945,PERSON-002998,White,Tata,Altroz,Active,true
VEH-002946,Motorcycle,SYN-TA-02946,PERSON-000948,Silver,Hyundai,Creta,Active,true
VEH-002947,Van,SYN-KE-02947,PERSON-002757,Black,Tata,Altroz,Active,true
VEH-002948,Motorcycle,SYN-GU-02948,PERSON-000634,Red,Hyundai,Creta,Active,true
VEH-002949,Auto,SYN-TE-02949,PERSON-000979,Grey,Toyota,Urban Cruiser,Transferred,true
VEH-002950,Car,SYN-UT-02950,PERSON-002499,Blue,Mahindra,XUV,Transferred,true
VEH-002951,Van,SYN-DE-02951,PERSON-001397,White,Hyundai,i20,Active,true
VEH-002952,Motorcycle,SYN-GU-02952,PERSON-001861,Black,Maruti,Swift,Transferred,true
VEH-002953,SUV,SYN-GU-02953,PERSON-000063,Black,Maruti,Swift,Transferred,true
VEH-002954,Truck,SYN-MA-02954,PERSON-001589,Silver,Hyundai,Creta,Active,true
VEH-002955,Van,SYN-TE-02955,PERSON-001885,Black,Mahindra,Bolero,Active,true
VEH-002956,Auto,SYN-RA-02956,PERSON-002986,Black,Mahindra,Scorpio,Transferred,true
VEH-002957,Truck,SYN-MA-02957,PERSON-002759,Red,Tata,Punch,Transferred,true
VEH-002958,Car,SYN-MA-02958,PERSON-001071,Grey,Toyota,Urban Cruiser,Transferred,true
VEH-002959,SUV,SYN-MA-02959,PERSON-000613,Blue,Toyota,Innova,Active,true
VEH-002960,Auto,SYN-KA-02960,PERSON-002068,White,Tata,Nexon,Transferred,true
VEH-002961,Car,SYN-GU-02961,PERSON-002879,Silver,Maruti,Ertiga,Active,true
VEH-002962,Motorcycle,SYN-TE-02962,PERSON-001326,Black,Maruti,Baleno,Active,true
VEH-002963,Van,SYN-RA-02963,PERSON-001894,White,Maruti,Ertiga,Active,true
VEH-002964,Auto,SYN-KA-02964,PERSON-002136,Red,Mahindra,Bolero,Active,true
VEH-002965,SUV,SYN-RA-02965,PERSON-000784,Silver,Toyota,Innova,Active,true
VEH-002966,Van,SYN-GU-02966,PERSON-001131,White,Hyundai,i20,Active,true
VEH-002967,Car,SYN-TA-02967,PERSON-002558,Grey,Hyundai,Venue,Transferred,true
VEH-002968,Truck,SYN-KE-02968,PERSON-000397,Blue,Mahindra,Scorpio,Active,true
VEH-002969,Car,SYN-DE-02969,PERSON-000904,Blue,Tata,Punch,Active,true
VEH-002970,Truck,SYN-UT-02970,PERSON-002499,Red,Hyundai,Creta,Active,true
VEH-002971,Truck,SYN-RA-02971,PERSON-000154,Black,Toyota,Innova,Active,true
VEH-002972,Truck,SYN-DE-02972,PERSON-000682,Blue,Mahindra,XUV,Transferred,true
VEH-002973,Auto,SYN-TE-02973,PERSON-002737,Blue,Tata,Nexon,Transferred,true
VEH-002974,Auto,SYN-GU-02974,PERSON-000473,Silver,Tata,Altroz,Active,true
VEH-002975,Auto,SYN-MA-02975,PERSON-000042,Black,Tata,Nexon,Transferred,true
VEH-002976,Car,SYN-KA-02976,PERSON-002068,Black,Toyota,Innova,Active,true
VEH-002977,Auto,SYN-KE-02977,PERSON-000165,Silver,Tata,Nexon,Transferred,true
VEH-002978,Car,SYN-RA-02978,PERSON-000032,Grey,Hyundai,Creta,Active,true
VEH-002979,Auto,SYN-KE-02979,PERSON-002020,Red,Toyota,Innova,Active,true
VEH-002980,Truck,SYN-WE-02980,PERSON-001965,Blue,Tata,Nexon,Active,true
VEH-002981,SUV,SYN-TA-02981,PERSON-001543,Grey,Hyundai,i20,Active,true
VEH-002982,Motorcycle,SYN-RA-02982,PERSON-002999,Blue,Tata,Nexon,Active,true
VEH-002983,Car,SYN-WE-02983,PERSON-001205,Silver,Mahindra,XUV,Transferred,true
VEH-002984,Motorcycle,SYN-KA-02984,PERSON-001478,Black,Mahindra,XUV,Active,true
VEH-002985,Van,SYN-GU-02985,PERSON-001861,Silver,Tata,Nexon,Active,true
VEH-002986,Van,SYN-RA-02986,PERSON-001846,Red,Mahindra,Scorpio,Active,true
VEH-002987,Truck,SYN-KA-02987,PERSON-000484,Red,Mahindra,Bolero,Active,true
VEH-002988,Truck,SYN-WE-02988,PERSON-002901,Grey,Maruti,Swift,Active,true
VEH-002989,Van,SYN-GU-02989,PERSON-001112,Blue,Toyota,Innova,Active,true
VEH-002990,SUV,SYN-MA-02990,PERSON-002442,Red,Tata,Punch,Active,true
VEH-002991,Motorcycle,SYN-MA-02991,PERSON-001007,Silver,Tata,Punch,Transferred,true
VEH-002992,SUV,SYN-UT-02992,PERSON-001679,White,Maruti,Swift,Transferred,true
VEH-002993,Motorcycle,SYN-UT-02993,PERSON-002728,Grey,Mahindra,Bolero,Active,true
VEH-002994,SUV,SYN-KA-02994,PERSON-001664,White,Mahindra,Scorpio,Active,true
VEH-002995,Truck,SYN-KE-02995,PERSON-000260,Blue,Hyundai,i20,Active,true
VEH-002996,Truck,SYN-TA-02996,PERSON-002675,Grey,Hyundai,Creta,Active,true
VEH-002997,Motorcycle,SYN-WE-02997,PERSON-002835,Black,Maruti,Ertiga,Active,true
VEH-002998,Truck,SYN-TA-02998,PERSON-000948,Grey,Tata,Punch,Active,true
VEH-002999,Van,SYN-KE-02999,PERSON-002757,Red,Tata,Nexon,Transferred,true
VEH-003000,Motorcycle,SYN-GU-03000,PERSON-000862,Red,Toyota,Innova,Active,true
VEH-003001,Car,SYN-DE-03001,PERSON-001701,Silver,Tata,Punch,Transferred,true
VEH-003002,SUV,SYN-UT-03002,PERSON-001674,White,Hyundai,Creta,Active,true
VEH-003003,Car,SYN-TA-03003,PERSON-002675,White,Toyota,Urban Cruiser,Active,true
VEH-003004,Truck,SYN-KE-03004,PERSON-001212,Red,Toyota,Urban Cruiser,Transferred,true
VEH-003005,Auto,SYN-WE-03005,PERSON-000047,Black,Toyota,Innova,Transferred,true
VEH-003006,Car,SYN-RA-03006,PERSON-002938,Grey,Mahindra,Scorpio,Transferred,true
VEH-003007,Motorcycle,SYN-MA-03007,PERSON-000217,White,Hyundai,Creta,Transferred,true
VEH-003008,Motorcycle,SYN-KE-03008,PERSON-002205,Blue,Maruti,Ertiga,Active,true
VEH-003009,Auto,SYN-DE-03009,PERSON-000682,Black,Tata,Nexon,Active,true
VEH-003010,SUV,SYN-KE-03010,PERSON-002576,White,Tata,Nexon,Transferred,true
VEH-003011,Truck,SYN-DE-03011,PERSON-000046,Black,Toyota,Urban Cruiser,Active,true
VEH-003012,SUV,SYN-TE-03012,PERSON-000390,Red,Hyundai,Venue,Active,true
VEH-003013,Auto,SYN-DE-03013,PERSON-002457,Grey,Hyundai,i20,Active,true
VEH-003014,Motorcycle,SYN-UT-03014,PERSON-000544,Silver,Tata,Punch,Transferred,true
VEH-003015,SUV,SYN-RA-03015,PERSON-002160,Blue,Tata,Altroz,Transferred,true
VEH-003016,Auto,SYN-KA-03016,PERSON-000193,Grey,Hyundai,Venue,Active,true
VEH-003017,SUV,SYN-GU-03017,PERSON-001861,Black,Tata,Nexon,Transferred,true
VEH-003018,Truck,SYN-TA-03018,PERSON-002725,Black,Tata,Punch,Active,true
VEH-003019,Auto,SYN-WE-03019,PERSON-000393,Black,Tata,Nexon,Active,true
VEH-003020,Truck,SYN-MA-03020,PERSON-001210,Blue,Mahindra,Scorpio,Active,true
VEH-003021,SUV,SYN-KE-03021,PERSON-001670,White,Toyota,Innova,Transferred,true
VEH-003022,SUV,SYN-WE-03022,PERSON-002393,Silver,Mahindra,Scorpio,Active,true
VEH-003023,Motorcycle,SYN-GU-03023,PERSON-000825,Black,Tata,Altroz,Active,true
VEH-003024,Auto,SYN-WE-03024,PERSON-001747,White,Mahindra,XUV,Transferred,true
VEH-003025,Motorcycle,SYN-KE-03025,PERSON-002846,Blue,Toyota,Urban Cruiser,Active,true
VEH-003026,Truck,SYN-TE-03026,PERSON-001691,Grey,Maruti,Swift,Transferred,true
VEH-003027,Car,SYN-KA-03027,PERSON-002740,Grey,Toyota,Urban Cruiser,Active,true
VEH-003028,Car,SYN-MA-03028,PERSON-000181,Blue,Toyota,Innova,Active,true
VEH-003029,Auto,SYN-MA-03029,PERSON-001994,White,Toyota,Urban Cruiser,Active,true
VEH-003030,Car,SYN-WE-03030,PERSON-000423,Red,Maruti,Baleno,Transferred,true
VEH-003031,Car,SYN-KE-03031,PERSON-002197,Blue,Toyota,Innova,Active,true
VEH-003032,Van,SYN-WE-03032,PERSON-000955,Black,Maruti,Baleno,Active,true
VEH-003033,Car,SYN-WE-03033,PERSON-000845,Blue,Tata,Punch,Active,true
VEH-003034,Auto,SYN-MA-03034,PERSON-000991,White,Tata,Altroz,Active,true
VEH-003035,Car,SYN-TA-03035,PERSON-000288,Grey,Hyundai,Venue,Active,true
VEH-003036,Car,SYN-TE-03036,PERSON-000140,Red,Maruti,Swift,Transferred,true
VEH-003037,SUV,SYN-GU-03037,PERSON-001131,Silver,Hyundai,Venue,Active,true
VEH-003038,Truck,SYN-KE-03038,PERSON-001234,White,Mahindra,Bolero,Active,true
VEH-003039,Truck,SYN-KE-03039,PERSON-001890,Blue,Maruti,Ertiga,Transferred,true
VEH-003040,Car,SYN-TE-03040,PERSON-001885,Black,Hyundai,Creta,Active,true
VEH-003041,Motorcycle,SYN-DE-03041,PERSON-000146,Red,Maruti,Baleno,Transferred,true
VEH-003042,Auto,SYN-MA-03042,PERSON-000217,Grey,Maruti,Baleno,Active,true
VEH-003043,Auto,SYN-MA-03043,PERSON-002223,Black,Maruti,Ertiga,Active,true
VEH-003044,Van,SYN-KE-03044,PERSON-000556,Red,Maruti,Swift,Active,true
VEH-003045,Truck,SYN-KA-03045,PERSON-000233,Silver,Mahindra,Scorpio,Active,true
VEH-003046,SUV,SYN-UT-03046,PERSON-001194,Black,Hyundai,Venue,Transferred,true
VEH-003047,Car,SYN-TE-03047,PERSON-000341,Grey,Toyota,Urban Cruiser,Active,true
VEH-003048,SUV,SYN-DE-03048,PERSON-001262,Grey,Maruti,Ertiga,Active,true
VEH-003049,Motorcycle,SYN-RA-03049,PERSON-002034,Blue,Toyota,Urban Cruiser,Active,true
VEH-003050,Van,SYN-UT-03050,PERSON-000009,Black,Mahindra,XUV,Active,true
VEH-003051,Van,SYN-MA-03051,PERSON-002633,Red,Toyota,Urban Cruiser,Transferred,true
VEH-003052,Auto,SYN-RA-03052,PERSON-002986,Black,Toyota,Urban Cruiser,Active,true
VEH-003053,SUV,SYN-MA-03053,PERSON-000613,Black,Mahindra,Bolero,Active,true
VEH-003054,Truck,SYN-UT-03054,PERSON-001578,Grey,Hyundai,i20,Active,true
VEH-003055,Motorcycle,SYN-KA-03055,PERSON-000233,Red,Hyundai,Venue,Active,true
VEH-003056,Car,SYN-KA-03056,PERSON-001478,Grey,Maruti,Swift,Active,true
VEH-003057,Truck,SYN-TE-03057,PERSON-000144,Blue,Mahindra,XUV,Active,true
VEH-003058,Car,SYN-TE-03058,PERSON-002122,Blue,Maruti,Baleno,Transferred,true
VEH-003059,Motorcycle,SYN-KA-03059,PERSON-001259,Grey,Maruti,Swift,Active,true
VEH-003060,Motorcycle,SYN-KE-03060,PERSON-002757,Black,Hyundai,i20,Transferred,true
VEH-003061,Motorcycle,SYN-KA-03061,PERSON-000540,White,Toyota,Urban Cruiser,Active,true
VEH-003062,Van,SYN-DE-03062,PERSON-001262,Blue,Mahindra,Scorpio,Transferred,true
VEH-003063,Motorcycle,SYN-MA-03063,PERSON-002060,Grey,Maruti,Baleno,Transferred,true
VEH-003064,Auto,SYN-TE-03064,PERSON-002618,White,Maruti,Baleno,Active,true
VEH-003065,Van,SYN-KA-03065,PERSON-001757,Silver,Maruti,Ertiga,Transferred,true
VEH-003066,Van,SYN-KA-03066,PERSON-000842,White,Tata,Nexon,Active,true
VEH-003067,SUV,SYN-GU-03067,PERSON-000850,Silver,Maruti,Baleno,Active,true
VEH-003068,Van,SYN-RA-03068,PERSON-002574,Silver,Hyundai,i20,Transferred,true
VEH-003069,Auto,SYN-GU-03069,PERSON-000081,Black,Hyundai,i20,Transferred,true
VEH-003070,Car,SYN-RA-03070,PERSON-002574,Blue,Maruti,Ertiga,Active,true
VEH-003071,SUV,SYN-GU-03071,PERSON-000863,Red,Tata,Punch,Transferred,true
VEH-003072,Auto,SYN-KE-03072,PERSON-002757,Grey,Toyota,Urban Cruiser,Active,true
VEH-003073,Truck,SYN-MA-03073,PERSON-001589,Silver,Maruti,Baleno,Transferred,true
VEH-003074,Auto,SYN-GU-03074,PERSON-000863,Black,Hyundai,i20,Active,true
VEH-003075,Car,SYN-GU-03075,PERSON-000063,Black,Toyota,Innova,Active,true
VEH-003076,Van,SYN-MA-03076,PERSON-001589,Black,Hyundai,Venue,Active,true
VEH-003077,Motorcycle,SYN-RA-03077,PERSON-002517,Silver,Toyota,Urban Cruiser,Active,true
VEH-003078,Motorcycle,SYN-DE-03078,PERSON-000538,Silver,Toyota,Urban Cruiser,Active,true
VEH-003079,Van,SYN-MA-03079,PERSON-000106,White,Mahindra,Scorpio,Active,true
VEH-003080,Auto,SYN-MA-03080,PERSON-000921,White,Maruti,Baleno,Active,true
VEH-003081,Car,SYN-WE-03081,PERSON-001205,White,Toyota,Innova,Active,true
VEH-003082,Truck,SYN-DE-03082,PERSON-002745,White,Mahindra,XUV,Active,true
VEH-003083,Car,SYN-WE-03083,PERSON-000488,Black,Tata,Nexon,Transferred,true
VEH-003084,Motorcycle,SYN-MA-03084,PERSON-000357,Black,Toyota,Urban Cruiser,Active,true
VEH-003085,Auto,SYN-GU-03085,PERSON-000943,White,Maruti,Baleno,Active,true
VEH-003086,Motorcycle,SYN-TE-03086,PERSON-001780,Silver,Tata,Nexon,Active,true
VEH-003087,Van,SYN-GU-03087,PERSON-000130,Silver,Hyundai,i20,Transferred,true
VEH-003088,Truck,SYN-MA-03088,PERSON-001542,Red,Hyundai,Creta,Transferred,true
VEH-003089,SUV,SYN-TA-03089,PERSON-002675,Silver,Hyundai,Venue,Active,true
VEH-003090,Truck,SYN-KE-03090,PERSON-000611,Grey,Maruti,Baleno,Active,true
VEH-003091,Truck,SYN-DE-03091,PERSON-000832,Blue,Mahindra,Bolero,Active,true
VEH-003092,SUV,SYN-TE-03092,PERSON-000635,Blue,Maruti,Baleno,Active,true
VEH-003093,Van,SYN-WE-03093,PERSON-002713,Blue,Tata,Altroz,Active,true
VEH-003094,Auto,SYN-UT-03094,PERSON-002847,Red,Hyundai,Venue,Active,true
VEH-003095,Van,SYN-TE-03095,PERSON-001480,Grey,Mahindra,XUV,Transferred,true
VEH-003096,Car,SYN-UT-03096,PERSON-002922,White,Mahindra,Scorpio,Active,true
VEH-003097,Car,SYN-TE-03097,PERSON-002428,Grey,Tata,Nexon,Active,true
VEH-003098,Auto,SYN-KA-03098,PERSON-000842,Black,Maruti,Baleno,Transferred,true
VEH-003099,Truck,SYN-TE-03099,PERSON-002256,Black,Hyundai,Creta,Transferred,true
VEH-003100,Truck,SYN-WE-03100,PERSON-000001,Blue,Tata,Nexon,Active,true
VEH-003101,Auto,SYN-TE-03101,PERSON-000245,Silver,Maruti,Baleno,Active,true
VEH-003102,Van,SYN-GU-03102,PERSON-000943,Black,Toyota,Urban Cruiser,Transferred,true
VEH-003103,SUV,SYN-WE-03103,PERSON-001747,Silver,Hyundai,i20,Transferred,true
VEH-003104,Auto,SYN-KE-03104,PERSON-002846,Blue,Tata,Nexon,Active,true
VEH-003105,Auto,SYN-TE-03105,PERSON-000374,White,Tata,Nexon,Active,true
VEH-003106,Auto,SYN-TE-03106,PERSON-002304,White,Toyota,Innova,Active,true
VEH-003107,Van,SYN-UT-03107,PERSON-001847,Grey,Toyota,Urban Cruiser,Transferred,true
VEH-003108,Motorcycle,SYN-WE-03108,PERSON-001029,Silver,Mahindra,XUV,Transferred,true
VEH-003109,Auto,SYN-MA-03109,PERSON-001210,Blue,Tata,Nexon,Active,true
VEH-003110,Motorcycle,SYN-GU-03110,PERSON-002750,Black,Hyundai,i20,Active,true
VEH-003111,Van,SYN-TA-03111,PERSON-001041,Red,Hyundai,Venue,Transferred,true
VEH-003112,Van,SYN-MA-03112,PERSON-001589,Silver,Maruti,Ertiga,Transferred,true
VEH-003113,Truck,SYN-KE-03113,PERSON-001670,Blue,Tata,Altroz,Transferred,true
VEH-003114,Van,SYN-RA-03114,PERSON-001385,Grey,Maruti,Baleno,Active,true
VEH-003115,Van,SYN-KA-03115,PERSON-001664,Black,Toyota,Urban Cruiser,Transferred,true
VEH-003116,SUV,SYN-TA-03116,PERSON-002675,Grey,Maruti,Baleno,Transferred,true
VEH-003117,Car,SYN-KA-03117,PERSON-001343,Silver,Hyundai,i20,Active,true
VEH-003118,Car,SYN-KA-03118,PERSON-002998,White,Hyundai,i20,Active,true
VEH-003119,Auto,SYN-KA-03119,PERSON-000576,Red,Hyundai,Creta,Active,true
VEH-003120,Van,SYN-DE-03120,PERSON-002745,White,Mahindra,Bolero,Active,true
VEH-003121,Van,SYN-KE-03121,PERSON-000230,Black,Maruti,Swift,Active,true
VEH-003122,Auto,SYN-MA-03122,PERSON-002715,Grey,Mahindra,Bolero,Active,true
VEH-003123,Motorcycle,SYN-TA-03123,PERSON-000817,White,Toyota,Innova,Transferred,true
VEH-003124,Motorcycle,SYN-DE-03124,PERSON-001687,Black,Tata,Altroz,Active,true
VEH-003125,Van,SYN-GU-03125,PERSON-001381,Grey,Hyundai,i20,Active,true
VEH-003126,Truck,SYN-KE-03126,PERSON-002105,Black,Hyundai,i20,Active,true
VEH-003127,Van,SYN-KA-03127,PERSON-000111,White,Toyota,Innova,Active,true
VEH-003128,Auto,SYN-KA-03128,PERSON-001478,Red,Toyota,Urban Cruiser,Active,true
VEH-003129,Car,SYN-DE-03129,PERSON-001262,Red,Maruti,Ertiga,Active,true
VEH-003130,Van,SYN-WE-03130,PERSON-000712,Blue,Tata,Nexon,Active,true
VEH-003131,Auto,SYN-KE-03131,PERSON-000763,Blue,Mahindra,XUV,Active,true
VEH-003132,Car,SYN-RA-03132,PERSON-002770,Black,Maruti,Ertiga,Transferred,true
VEH-003133,Truck,SYN-KA-03133,PERSON-001259,Red,Hyundai,Venue,Active,true
VEH-003134,Auto,SYN-GU-03134,PERSON-001861,Red,Maruti,Baleno,Transferred,true
VEH-003135,Truck,SYN-RA-03135,PERSON-002574,Blue,Toyota,Innova,Active,true
VEH-003136,Car,SYN-KE-03136,PERSON-002757,Red,Toyota,Innova,Transferred,true
VEH-003137,Motorcycle,SYN-DE-03137,PERSON-001425,White,Hyundai,i20,Active,true
VEH-003138,Van,SYN-UT-03138,PERSON-000822,Grey,Toyota,Urban Cruiser,Transferred,true
VEH-003139,SUV,SYN-MA-03139,PERSON-002759,White,Hyundai,Creta,Active,true
VEH-003140,Car,SYN-MA-03140,PERSON-000613,White,Maruti,Baleno,Active,true
VEH-003141,Truck,SYN-KA-03141,PERSON-002068,Grey,Mahindra,Bolero,Active,true
VEH-003142,Auto,SYN-TE-03142,PERSON-001558,Grey,Toyota,Urban Cruiser,Active,true
VEH-003143,Car,SYN-DE-03143,PERSON-000622,Silver,Maruti,Swift,Active,true
VEH-003144,Truck,SYN-MA-03144,PERSON-001589,Blue,Tata,Nexon,Active,true
VEH-003145,Motorcycle,SYN-UT-03145,PERSON-002277,Blue,Tata,Nexon,Active,true
VEH-003146,Car,SYN-KA-03146,PERSON-000233,Blue,Tata,Altroz,Active,true
VEH-003147,Van,SYN-KA-03147,PERSON-001478,Red,Tata,Nexon,Active,true
VEH-003148,Van,SYN-KE-03148,PERSON-000886,Silver,Toyota,Innova,Active,true
VEH-003149,Motorcycle,SYN-MA-03149,PERSON-000920,Grey,Tata,Punch,Active,true
VEH-003150,Car,SYN-TE-03150,PERSON-001830,Blue,Hyundai,Creta,Active,true
VEH-003151,Van,SYN-WE-03151,PERSON-002821,Silver,Tata,Punch,Active,true
VEH-003152,SUV,SYN-RA-03152,PERSON-001474,White,Maruti,Baleno,Active,true
VEH-003153,Motorcycle,SYN-DE-03153,PERSON-000146,Grey,Hyundai,Creta,Active,true
VEH-003154,Auto,SYN-RA-03154,PERSON-000351,Grey,Toyota,Urban Cruiser,Transferred,true
VEH-003155,Auto,SYN-GU-03155,PERSON-002750,Grey,Tata,Nexon,Active,true
VEH-003156,Auto,SYN-MA-03156,PERSON-001589,Black,Tata,Nexon,Active,true
VEH-003157,Auto,SYN-KE-03157,PERSON-001670,Red,Maruti,Ertiga,Transferred,true
VEH-003158,Motorcycle,SYN-TE-03158,PERSON-001830,Grey,Tata,Punch,Active,true
VEH-003159,Car,SYN-TE-03159,PERSON-000449,White,Tata,Nexon,Active,true
VEH-003160,Van,SYN-TE-03160,PERSON-000341,Blue,Mahindra,Bolero,Active,true
VEH-003161,Auto,SYN-UT-03161,PERSON-001899,Blue,Maruti,Ertiga,Transferred,true
VEH-003162,Car,SYN-UT-03162,PERSON-002900,Silver,Mahindra,Scorpio,Transferred,true
VEH-003163,Auto,SYN-TA-03163,PERSON-002675,Blue,Toyota,Innova,Transferred,true
VEH-003164,Auto,SYN-KE-03164,PERSON-001782,Black,Tata,Punch,Transferred,true
VEH-003165,Car,SYN-TE-03165,PERSON-001810,Blue,Tata,Nexon,Active,true
VEH-003166,Van,SYN-KA-03166,PERSON-002915,Grey,Maruti,Swift,Active,true
VEH-003167,Auto,SYN-MA-03167,PERSON-000139,Silver,Hyundai,Creta,Active,true
VEH-003168,Van,SYN-MA-03168,PERSON-001124,Black,Toyota,Innova,Active,true
VEH-003169,Motorcycle,SYN-MA-03169,PERSON-001547,Grey,Toyota,Urban Cruiser,Transferred,true
VEH-003170,Truck,SYN-WE-03170,PERSON-002821,Black,Toyota,Innova,Transferred,true
VEH-003171,Van,SYN-KA-03171,PERSON-000540,Blue,Maruti,Ertiga,Transferred,true
VEH-003172,Car,SYN-RA-03172,PERSON-001474,Red,Mahindra,Scorpio,Transferred,true
VEH-003173,Van,SYN-GU-03173,PERSON-001115,Red,Maruti,Ertiga,Active,true
VEH-003174,Truck,SYN-WE-03174,PERSON-001610,Blue,Toyota,Innova,Active,true
VEH-003175,Auto,SYN-UT-03175,PERSON-000259,Silver,Toyota,Urban Cruiser,Active,true
VEH-003176,Van,SYN-MA-03176,PERSON-002060,Silver,Mahindra,Bolero,Transferred,true
VEH-003177,Truck,SYN-TA-03177,PERSON-002558,Grey,Toyota,Urban Cruiser,Active,true
VEH-003178,Van,SYN-GU-03178,PERSON-000063,Black,Mahindra,Bolero,Transferred,true
VEH-003179,Motorcycle,SYN-TE-03179,PERSON-002737,Red,Mahindra,Bolero,Transferred,true
VEH-003180,Auto,SYN-GU-03180,PERSON-000473,Red,Tata,Nexon,Transferred,true
VEH-003181,SUV,SYN-MA-03181,PERSON-000042,White,Tata,Punch,Active,true
VEH-003182,SUV,SYN-TE-03182,PERSON-001481,Silver,Toyota,Innova,Active,true
VEH-003183,Car,SYN-RA-03183,PERSON-000275,Red,Maruti,Baleno,Active,true
VEH-003184,Truck,SYN-WE-03184,PERSON-000120,Grey,Maruti,Ertiga,Transferred,true
VEH-003185,Car,SYN-WE-03185,PERSON-001965,Blue,Hyundai,Venue,Transferred,true
VEH-003186,Motorcycle,SYN-GU-03186,PERSON-000863,Grey,Maruti,Baleno,Active,true
VEH-003187,Car,SYN-WE-03187,PERSON-001205,White,Hyundai,i20,Active,true
VEH-003188,SUV,SYN-RA-03188,PERSON-002986,White,Tata,Punch,Active,true
VEH-003189,Truck,SYN-MA-03189,PERSON-002759,Blue,Toyota,Urban Cruiser,Transferred,true
VEH-003190,Van,SYN-MA-03190,PERSON-001071,Red,Hyundai,Creta,Active,true
VEH-003191,Truck,SYN-WE-03191,PERSON-000366,Black,Maruti,Swift,Transferred,true
VEH-003192,Auto,SYN-WE-03192,PERSON-000407,Black,Toyota,Urban Cruiser,Transferred,true
VEH-003193,Auto,SYN-KA-03193,PERSON-000111,Blue,Hyundai,Venue,Active,true
VEH-003194,SUV,SYN-DE-03194,PERSON-000103,Blue,Mahindra,XUV,Transferred,true
VEH-003195,Auto,SYN-GU-03195,PERSON-000850,Black,Maruti,Ertiga,Transferred,true
VEH-003196,SUV,SYN-GU-03196,PERSON-001861,Black,Toyota,Innova,Active,true
VEH-003197,Car,SYN-GU-03197,PERSON-000063,Grey,Mahindra,Bolero,Transferred,true
VEH-003198,Auto,SYN-KE-03198,PERSON-002757,Red,Toyota,Innova,Active,true
VEH-003199,Motorcycle,SYN-UT-03199,PERSON-002277,Silver,Hyundai,Creta,Active,true
VEH-003200,Motorcycle,SYN-MA-03200,PERSON-002980,Red,Mahindra,Scorpio,Active,true
VEH-003201,SUV,SYN-WE-03201,PERSON-002887,Silver,Mahindra,XUV,Active,true
VEH-003202,Van,SYN-TE-03202,PERSON-001615,Black,Hyundai,Creta,Active,true
VEH-003203,SUV,SYN-TE-03203,PERSON-000607,White,Maruti,Ertiga,Active,true
VEH-003204,Car,SYN-TE-03204,PERSON-000792,Black,Tata,Nexon,Active,true
VEH-003205,Truck,SYN-TA-03205,PERSON-002675,Black,Hyundai,Creta,Transferred,true
VEH-003206,Motorcycle,SYN-KA-03206,PERSON-002998,Red,Hyundai,i20,Transferred,true
VEH-003207,Van,SYN-TA-03207,PERSON-000948,Blue,Toyota,Innova,Transferred,true
VEH-003208,Van,SYN-MA-03208,PERSON-000106,White,Maruti,Ertiga,Active,true
VEH-003209,Van,SYN-DE-03209,PERSON-000697,Blue,Tata,Punch,Active,true
VEH-003210,SUV,SYN-KE-03210,PERSON-000230,Black,Toyota,Urban Cruiser,Active,true
VEH-003211,SUV,SYN-TE-03211,PERSON-000792,Grey,Hyundai,Creta,Active,true
VEH-003212,SUV,SYN-TE-03212,PERSON-002618,Blue,Mahindra,Scorpio,Transferred,true
VEH-003213,Motorcycle,SYN-TA-03213,PERSON-000683,Silver,Mahindra,Scorpio,Active,true
VEH-003214,Motorcycle,SYN-MA-03214,PERSON-002653,Blue,Mahindra,Bolero,Transferred,true
VEH-003215,Van,SYN-TA-03215,PERSON-002764,White,Mahindra,Bolero,Transferred,true
VEH-003216,SUV,SYN-RA-03216,PERSON-000676,Grey,Hyundai,i20,Active,true
VEH-003217,Car,SYN-RA-03217,PERSON-002160,Grey,Mahindra,Scorpio,Active,true
VEH-003218,Car,SYN-TA-03218,PERSON-000072,Blue,Tata,Altroz,Active,true
VEH-003219,Truck,SYN-TE-03219,PERSON-001558,Silver,Tata,Altroz,Transferred,true
VEH-003220,Truck,SYN-WE-03220,PERSON-002821,Silver,Toyota,Innova,Transferred,true
VEH-003221,SUV,SYN-DE-03221,PERSON-001262,Black,Mahindra,Bolero,Active,true
VEH-003222,Auto,SYN-WE-03222,PERSON-001610,Black,Mahindra,Bolero,Active,true
VEH-003223,Car,SYN-DE-03223,PERSON-000267,Grey,Tata,Punch,Transferred,true
VEH-003224,SUV,SYN-MA-03224,PERSON-001542,Grey,Tata,Nexon,Transferred,true
VEH-003225,Van,SYN-RA-03225,PERSON-002438,White,Hyundai,i20,Transferred,true
VEH-003226,Truck,SYN-TA-03226,PERSON-002675,White,Toyota,Innova,Transferred,true
VEH-003227,Auto,SYN-DE-03227,PERSON-000832,Red,Maruti,Ertiga,Active,true
VEH-003228,Auto,SYN-UT-03228,PERSON-002106,White,Mahindra,Scorpio,Active,true
VEH-003229,SUV,SYN-WE-03229,PERSON-000497,White,Mahindra,XUV,Active,true
VEH-003230,Auto,SYN-WE-03230,PERSON-002713,Red,Tata,Punch,Active,true
VEH-003231,Motorcycle,SYN-GU-03231,PERSON-000081,Silver,Mahindra,Bolero,Active,true
VEH-003232,Truck,SYN-KA-03232,PERSON-001259,Blue,Toyota,Urban Cruiser,Active,true
VEH-003233,Truck,SYN-TA-03233,PERSON-000648,Black,Tata,Nexon,Active,true
VEH-003234,Truck,SYN-UT-03234,PERSON-000647,Black,Toyota,Urban Cruiser,Transferred,true
VEH-003235,Van,SYN-TA-03235,PERSON-001788,Red,Toyota,Innova,Active,true
VEH-003236,Auto,SYN-RA-03236,PERSON-000898,Silver,Hyundai,Creta,Active,true
VEH-003237,Truck,SYN-KA-03237,PERSON-000568,Grey,Mahindra,XUV,Active,true
VEH-003238,Auto,SYN-MA-03238,PERSON-000106,Red,Maruti,Baleno,Active,true
VEH-003239,Motorcycle,SYN-KA-03239,PERSON-001259,Black,Tata,Altroz,Active,true
VEH-003240,Motorcycle,SYN-GU-03240,PERSON-001861,Red,Toyota,Innova,Active,true
VEH-003241,Motorcycle,SYN-GU-03241,PERSON-000063,Red,Toyota,Innova,Active,true
VEH-003242,SUV,SYN-KA-03242,PERSON-001664,Grey,Mahindra,Scorpio,Active,true
VEH-003243,SUV,SYN-TE-03243,PERSON-001667,Blue,Tata,Punch,Active,true
VEH-003244,Truck,SYN-WE-03244,PERSON-000584,Red,Toyota,Urban Cruiser,Active,true
VEH-003245,Car,SYN-DE-03245,PERSON-000697,Black,Maruti,Baleno,Active,true
VEH-003246,Auto,SYN-DE-03246,PERSON-000538,Grey,Hyundai,Venue,Active,true
VEH-003247,Motorcycle,SYN-KA-03247,PERSON-001544,White,Hyundai,i20,Transferred,true
VEH-003248,Truck,SYN-TA-03248,PERSON-002873,Blue,Maruti,Baleno,Active,true
VEH-003249,Car,SYN-TE-03249,PERSON-001898,Grey,Mahindra,XUV,Active,true
VEH-003250,Van,SYN-TA-03250,PERSON-001543,Blue,Mahindra,XUV,Active,true
VEH-003251,Auto,SYN-RA-03251,PERSON-002017,Blue,Tata,Nexon,Active,true
VEH-003252,SUV,SYN-UT-03252,PERSON-000765,Blue,Maruti,Swift,Transferred,true
VEH-003253,Car,SYN-KE-03253,PERSON-000611,Blue,Mahindra,Bolero,Active,true
VEH-003254,Auto,SYN-WE-03254,PERSON-000060,Red,Hyundai,Creta,Active,true
VEH-003255,SUV,SYN-DE-03255,PERSON-000832,Grey,Maruti,Baleno,Active,true
VEH-003256,Van,SYN-UT-03256,PERSON-002847,Black,Toyota,Urban Cruiser,Active,true
VEH-003257,Car,SYN-KA-03257,PERSON-002136,White,Hyundai,i20,Transferred,true
VEH-003258,SUV,SYN-KE-03258,PERSON-001234,Black,Hyundai,i20,Transferred,true
VEH-003259,Motorcycle,SYN-KE-03259,PERSON-001890,White,Mahindra,Bolero,Active,true
VEH-003260,SUV,SYN-UT-03260,PERSON-002499,Silver,Toyota,Urban Cruiser,Transferred,true
VEH-003261,Car,SYN-GU-03261,PERSON-002954,White,Toyota,Innova,Active,true
VEH-003262,SUV,SYN-KE-03262,PERSON-002684,Silver,Mahindra,XUV,Transferred,true
VEH-003263,Auto,SYN-TA-03263,PERSON-002558,Red,Maruti,Ertiga,Transferred,true
VEH-003264,Van,SYN-KE-03264,PERSON-000397,Black,Mahindra,XUV,Active,true
VEH-003265,Van,SYN-RA-03265,PERSON-000784,Grey,Toyota,Innova,Active,true
VEH-003266,Auto,SYN-MA-03266,PERSON-002223,Grey,Mahindra,Bolero,Active,true
VEH-003267,Motorcycle,SYN-UT-03267,PERSON-001107,Grey,Hyundai,Creta,Active,true
VEH-003268,Motorcycle,SYN-UT-03268,PERSON-000419,Grey,Mahindra,Bolero,Active,true
VEH-003269,Van,SYN-TE-03269,PERSON-002737,Black,Mahindra,Bolero,Active,true
VEH-003270,SUV,SYN-TE-03270,PERSON-001758,White,Toyota,Urban Cruiser,Active,true
VEH-003271,Van,SYN-KE-03271,PERSON-002684,Red,Hyundai,Venue,Active,true
VEH-003272,Truck,SYN-KA-03272,PERSON-000111,White,Tata,Altroz,Active,true
VEH-003273,Car,SYN-GU-03273,PERSON-000943,Silver,Mahindra,Scorpio,Transferred,true
VEH-003274,SUV,SYN-TA-03274,PERSON-002397,White,Hyundai,Creta,Active,true
VEH-003275,SUV,SYN-WE-03275,PERSON-001747,Blue,Maruti,Baleno,Active,true
VEH-003276,SUV,SYN-KE-03276,PERSON-002846,White,Tata,Nexon,Active,true
VEH-003277,Car,SYN-UT-03277,PERSON-001847,Black,Toyota,Urban Cruiser,Active,true
VEH-003278,Auto,SYN-DE-03278,PERSON-000538,Black,Toyota,Urban Cruiser,Active,true
VEH-003279,SUV,SYN-TA-03279,PERSON-002764,Silver,Hyundai,Creta,Active,true
VEH-003280,Motorcycle,SYN-WE-03280,PERSON-000120,Red,Hyundai,Venue,Transferred,true
VEH-003281,Van,SYN-DE-03281,PERSON-001540,Grey,Tata,Altroz,Transferred,true
VEH-003282,Car,SYN-TA-03282,PERSON-001543,White,Maruti,Ertiga,Active,true
VEH-003283,Auto,SYN-UT-03283,PERSON-000765,Blue,Toyota,Innova,Active,true
VEH-003284,Motorcycle,SYN-WE-03284,PERSON-002159,Grey,Mahindra,Bolero,Transferred,true
VEH-003285,Motorcycle,SYN-TA-03285,PERSON-000906,Silver,Hyundai,i20,Active,true
VEH-003286,SUV,SYN-GU-03286,PERSON-001131,Grey,Maruti,Swift,Transferred,true
VEH-003287,Car,SYN-WE-03287,PERSON-000955,Red,Mahindra,Scorpio,Active,true
VEH-003288,Motorcycle,SYN-UT-03288,PERSON-002847,Black,Maruti,Swift,Active,true
VEH-003289,Motorcycle,SYN-RA-03289,PERSON-001552,White,Maruti,Ertiga,Active,true
VEH-003290,SUV,SYN-TA-03290,PERSON-002558,Black,Toyota,Urban Cruiser,Transferred,true
VEH-003291,Auto,SYN-KE-03291,PERSON-001890,Grey,Hyundai,Creta,Active,true
VEH-003292,Van,SYN-WE-03292,PERSON-002240,Red,Tata,Altroz,Active,true
VEH-003293,Truck,SYN-DE-03293,PERSON-000622,Red,Mahindra,Bolero,Active,true
VEH-003294,Truck,SYN-UT-03294,PERSON-002499,Red,Toyota,Urban Cruiser,Active,true
VEH-003295,Auto,SYN-GU-03295,PERSON-000863,Blue,Mahindra,Scorpio,Transferred,true
VEH-003296,Motorcycle,SYN-WE-03296,PERSON-001205,Black,Mahindra,Bolero,Transferred,true
VEH-003297,Car,SYN-RA-03297,PERSON-002999,Black,Maruti,Swift,Transferred,true
VEH-003298,Motorcycle,SYN-MA-03298,PERSON-000357,Silver,Maruti,Swift,Active,true
VEH-003299,Auto,SYN-GU-03299,PERSON-000081,Black,Hyundai,i20,Active,true
VEH-003300,Motorcycle,SYN-GU-03300,PERSON-000850,Black,Mahindra,Bolero,Transferred,true
VEH-003301,Van,SYN-MA-03301,PERSON-001589,Blue,Toyota,Innova,Transferred,true
VEH-003302,Van,SYN-MA-03302,PERSON-000440,Blue,Toyota,Urban Cruiser,Active,true
VEH-003303,Car,SYN-KA-03303,PERSON-001757,Silver,Mahindra,XUV,Active,true
VEH-003304,Auto,SYN-DE-03304,PERSON-000146,White,Tata,Nexon,Active,true
VEH-003305,SUV,SYN-MA-03305,PERSON-001210,Grey,Toyota,Urban Cruiser,Active,true
VEH-003306,Auto,SYN-TE-03306,PERSON-001558,White,Mahindra,Scorpio,Active,true
VEH-003307,Car,SYN-GU-03307,PERSON-002750,White,Toyota,Innova,Active,true
VEH-003308,Auto,SYN-TA-03308,PERSON-001041,Silver,Toyota,Urban Cruiser,Active,true
VEH-003309,SUV,SYN-MA-03309,PERSON-001589,Grey,Mahindra,Bolero,Active,true
VEH-003310,SUV,SYN-GU-03310,PERSON-001059,Grey,Mahindra,Bolero,Active,true
VEH-003311,Truck,SYN-TE-03311,PERSON-000144,Silver,Tata,Punch,Transferred,true
VEH-003312,Motorcycle,SYN-KE-03312,PERSON-000302,Blue,Mahindra,XUV,Active,true
VEH-003313,Van,SYN-TE-03313,PERSON-002122,Black,Hyundai,i20,Transferred,true
VEH-003314,SUV,SYN-TA-03314,PERSON-000305,Silver,Hyundai,Creta,Active,true
VEH-003315,Car,SYN-KA-03315,PERSON-000233,Red,Toyota,Innova,Active,true
VEH-003316,Motorcycle,SYN-GU-03316,PERSON-001059,Silver,Mahindra,Scorpio,Transferred,true
VEH-003317,SUV,SYN-GU-03317,PERSON-001619,White,Maruti,Ertiga,Active,true
VEH-003318,Van,SYN-DE-03318,PERSON-002388,Silver,Mahindra,Scorpio,Transferred,true
VEH-003319,Auto,SYN-MA-03319,PERSON-001589,White,Toyota,Innova,Active,true
VEH-003320,Car,SYN-MA-03320,PERSON-001508,Black,Mahindra,Scorpio,Active,true
VEH-003321,Van,SYN-DE-03321,PERSON-000146,Blue,Hyundai,i20,Active,true
VEH-003322,SUV,SYN-TE-03322,PERSON-001667,White,Hyundai,i20,Active,true
VEH-003323,Van,SYN-TE-03323,PERSON-001558,Black,Maruti,Ertiga,Active,true
VEH-003324,Motorcycle,SYN-GU-03324,PERSON-002750,Red,Tata,Punch,Active,true
VEH-003325,Auto,SYN-KA-03325,PERSON-000576,White,Mahindra,Scorpio,Active,true
VEH-003326,Motorcycle,SYN-TA-03326,PERSON-002675,Blue,Maruti,Swift,Transferred,true
VEH-003327,Truck,SYN-KA-03327,PERSON-002998,White,Mahindra,Bolero,Transferred,true
VEH-003328,Auto,SYN-TA-03328,PERSON-000948,Grey,Maruti,Swift,Transferred,true
VEH-003329,Van,SYN-RA-03329,PERSON-001315,Black,Hyundai,Creta,Transferred,true
VEH-003330,Auto,SYN-KE-03330,PERSON-002757,Blue,Maruti,Ertiga,Transferred,true
VEH-003331,SUV,SYN-MA-03331,PERSON-000106,White,Toyota,Urban Cruiser,Active,true
VEH-003332,Car,SYN-KE-03332,PERSON-000230,Red,Maruti,Swift,Active,true
VEH-003333,Motorcycle,SYN-MA-03333,PERSON-002715,Blue,Toyota,Urban Cruiser,Transferred,true
VEH-003334,Van,SYN-KA-03334,PERSON-000842,Blue,Tata,Nexon,Transferred,true
VEH-003335,Auto,SYN-UT-03335,PERSON-001944,Black,Maruti,Baleno,Active,true
VEH-003336,Motorcycle,SYN-DE-03336,PERSON-000222,White,Tata,Nexon,Active,true
VEH-003337,Van,SYN-TE-03337,PERSON-002256,Red,Maruti,Ertiga,Active,true
VEH-003338,Truck,SYN-GU-03338,PERSON-002788,Black,Mahindra,XUV,Transferred,true
VEH-003339,SUV,SYN-WE-03339,PERSON-000734,White,Mahindra,Bolero,Active,true
VEH-003340,Car,SYN-KE-03340,PERSON-002684,White,Hyundai,Venue,Active,true
VEH-003341,Motorcycle,SYN-GU-03341,PERSON-000455,Blue,Hyundai,Venue,Active,true
VEH-003342,Truck,SYN-GU-03342,PERSON-002954,Blue,Toyota,Innova,Transferred,true
VEH-003343,Motorcycle,SYN-KA-03343,PERSON-000842,Blue,Tata,Altroz,Transferred,true
VEH-003344,Motorcycle,SYN-UT-03344,PERSON-001944,Black,Mahindra,XUV,Active,true
VEH-003345,Van,SYN-TE-03345,PERSON-001419,Black,Toyota,Urban Cruiser,Active,true
VEH-003346,Truck,SYN-KE-03346,PERSON-001769,Silver,Mahindra,XUV,Active,true
VEH-003347,SUV,SYN-KA-03347,PERSON-001478,Red,Mahindra,Bolero,Active,true
VEH-003348,Motorcycle,SYN-TE-03348,PERSON-002256,White,Maruti,Baleno,Active,true
VEH-003349,Motorcycle,SYN-WE-03349,PERSON-000712,Grey,Maruti,Baleno,Active,true
VEH-003350,Auto,SYN-TA-03350,PERSON-000072,Blue,Mahindra,Scorpio,Active,true
VEH-003351,Van,SYN-KE-03351,PERSON-002684,Red,Hyundai,Venue,Active,true
VEH-003352,Motorcycle,SYN-TA-03352,PERSON-001511,Black,Maruti,Baleno,Active,true
VEH-003353,Car,SYN-DE-03353,PERSON-000682,White,Toyota,Innova,Active,true
VEH-003354,Car,SYN-TE-03354,PERSON-002737,Red,Mahindra,Scorpio,Active,true
VEH-003355,Auto,SYN-KE-03355,PERSON-000165,Black,Hyundai,Venue,Active,true
VEH-003356,SUV,SYN-TE-03356,PERSON-001481,White,Toyota,Innova,Active,true
VEH-003357,SUV,SYN-GU-03357,PERSON-000342,White,Maruti,Baleno,Active,true
VEH-003358,Auto,SYN-KE-03358,PERSON-000886,Silver,Tata,Nexon,Active,true
VEH-003359,Motorcycle,SYN-GU-03359,PERSON-001059,Red,Hyundai,Venue,Transferred,true
VEH-003360,Auto,SYN-UT-03360,PERSON-002082,Red,Hyundai,i20,Transferred,true
VEH-003361,Auto,SYN-GU-03361,PERSON-000081,Grey,Tata,Punch,Active,true
VEH-003362,Van,SYN-GU-03362,PERSON-001861,Silver,Mahindra,Scorpio,Active,true
VEH-003363,Motorcycle,SYN-RA-03363,PERSON-002574,White,Tata,Nexon,Transferred,true
VEH-003364,SUV,SYN-MA-03364,PERSON-001589,Grey,Tata,Altroz,Transferred,true
VEH-003365,Truck,SYN-WE-03365,PERSON-001876,White,Tata,Punch,Active,true
VEH-003366,SUV,SYN-WE-03366,PERSON-001705,Red,Tata,Nexon,Transferred,true
VEH-003367,Motorcycle,SYN-RA-03367,PERSON-002574,Grey,Toyota,Innova,Active,true
VEH-003368,Motorcycle,SYN-KE-03368,PERSON-002757,Blue,Maruti,Ertiga,Active,true
VEH-003369,Car,SYN-KE-03369,PERSON-000492,Blue,Toyota,Innova,Active,true
VEH-003370,Car,SYN-KA-03370,PERSON-001478,Black,Tata,Nexon,Active,true
VEH-003371,Car,SYN-TE-03371,PERSON-000144,Black,Mahindra,XUV,Transferred,true
VEH-003372,Auto,SYN-TA-03372,PERSON-000305,White,Maruti,Swift,Transferred,true
VEH-003373,Truck,SYN-KA-03373,PERSON-002998,Red,Maruti,Swift,Active,true
VEH-003374,Car,SYN-GU-03374,PERSON-000862,Blue,Hyundai,Creta,Active,true
VEH-003375,Car,SYN-KA-03375,PERSON-002449,Grey,Hyundai,Creta,Transferred,true
VEH-003376,Van,SYN-GU-03376,PERSON-001127,Black,Mahindra,Scorpio,Transferred,true
VEH-003377,Auto,SYN-KE-03377,PERSON-000397,Silver,Mahindra,Scorpio,Transferred,true
VEH-003378,SUV,SYN-UT-03378,PERSON-000074,Black,Tata,Punch,Transferred,true
VEH-003379,SUV,SYN-GU-03379,PERSON-002215,Blue,Mahindra,XUV,Active,true
VEH-003380,Truck,SYN-UT-03380,PERSON-001107,Silver,Maruti,Swift,Active,true
VEH-003381,SUV,SYN-GU-03381,PERSON-002279,Black,Maruti,Ertiga,Active,true
VEH-003382,SUV,SYN-DE-03382,PERSON-000538,Black,Toyota,Urban Cruiser,Active,true
VEH-003383,Motorcycle,SYN-DE-03383,PERSON-001540,Grey,Hyundai,Creta,Transferred,true
VEH-003384,Truck,SYN-TE-03384,PERSON-000621,Red,Hyundai,Venue,Active,true
VEH-003385,Truck,SYN-GU-03385,PERSON-000863,Silver,Hyundai,i20,Transferred,true
VEH-003386,Car,SYN-DE-03386,PERSON-002745,White,Maruti,Baleno,Transferred,true
VEH-003387,Truck,SYN-DE-03387,PERSON-002335,Silver,Hyundai,i20,Active,true
VEH-003388,Motorcycle,SYN-WE-03388,PERSON-001205,White,Mahindra,XUV,Active,true
VEH-003389,Motorcycle,SYN-RA-03389,PERSON-001474,Silver,Mahindra,XUV,Active,true
VEH-003390,Car,SYN-DE-03390,PERSON-001262,Red,Hyundai,i20,Active,true
VEH-003391,SUV,SYN-TE-03391,PERSON-000792,Red,Toyota,Innova,Transferred,true
VEH-003392,Truck,SYN-UT-03392,PERSON-002900,Silver,Mahindra,Bolero,Transferred,true
VEH-003393,Car,SYN-TE-03393,PERSON-002618,Grey,Toyota,Urban Cruiser,Transferred,true
VEH-003394,Truck,SYN-MA-03394,PERSON-000440,Silver,Mahindra,Scorpio,Active,true
VEH-003395,Car,SYN-KA-03395,PERSON-000233,Black,Maruti,Ertiga,Active,true
VEH-003396,Van,SYN-KE-03396,PERSON-000886,Silver,Tata,Altroz,Active,true
VEH-003397,Motorcycle,SYN-TE-03397,PERSON-000144,Silver,Toyota,Innova,Active,true
VEH-003398,Van,SYN-TA-03398,PERSON-001880,Black,Maruti,Baleno,Transferred,true
VEH-003399,Truck,SYN-TA-03399,PERSON-000305,White,Mahindra,XUV,Active,true
VEH-003400,Car,SYN-KA-03400,PERSON-002136,Blue,Toyota,Urban Cruiser,Active,true
VEH-003401,SUV,SYN-KE-03401,PERSON-001234,Grey,Tata,Nexon,Transferred,true
VEH-003402,Van,SYN-KE-03402,PERSON-002164,White,Hyundai,Venue,Active,true
VEH-003403,Motorcycle,SYN-TA-03403,PERSON-000528,Black,Mahindra,Bolero,Active,true
VEH-003404,SUV,SYN-GU-03404,PERSON-002788,Red,Maruti,Baleno,Active,true
VEH-003405,Van,SYN-KE-03405,PERSON-002757,Silver,Maruti,Ertiga,Active,true
VEH-003406,Van,SYN-DE-03406,PERSON-000904,Red,Mahindra,XUV,Active,true
VEH-003407,SUV,SYN-MA-03407,PERSON-000106,Grey,Tata,Nexon,Active,true
VEH-003408,Van,SYN-KE-03408,PERSON-000230,White,Hyundai,Creta,Active,true
VEH-003409,SUV,SYN-UT-03409,PERSON-001847,Black,Hyundai,Creta,Transferred,true
VEH-003410,Truck,SYN-KE-03410,PERSON-002846,Blue,Toyota,Innova,Active,true
VEH-003411,Van,SYN-KE-03411,PERSON-001596,Silver,Maruti,Baleno,Transferred,true
VEH-003412,SUV,SYN-RA-03412,PERSON-002438,Black,Toyota,Innova,Active,true
VEH-003413,Auto,SYN-RA-03413,PERSON-001363,Black,Hyundai,Creta,Active,true
VEH-003414,Van,SYN-WE-03414,PERSON-000060,White,Mahindra,Scorpio,Active,true
VEH-003415,Auto,SYN-KE-03415,PERSON-000886,White,Tata,Nexon,Active,true
VEH-003416,Van,SYN-WE-03416,PERSON-000497,Grey,Hyundai,Venue,Active,true
VEH-003417,SUV,SYN-RA-03417,PERSON-000784,Red,Maruti,Ertiga,Transferred,true
VEH-003418,Truck,SYN-TA-03418,PERSON-002558,Blue,Tata,Nexon,Transferred,true
VEH-003419,Van,SYN-KE-03419,PERSON-000397,Grey,Toyota,Urban Cruiser,Transferred,true
VEH-003420,Truck,SYN-WE-03420,PERSON-000667,Silver,Mahindra,Scorpio,Transferred,true
VEH-003421,Truck,SYN-DE-03421,PERSON-001425,Black,Hyundai,i20,Active,true
VEH-003422,Truck,SYN-RA-03422,PERSON-002986,Grey,Hyundai,Creta,Active,true
VEH-003423,Car,SYN-MA-03423,PERSON-002759,White,Tata,Altroz,Active,true
VEH-003424,SUV,SYN-MA-03424,PERSON-001071,Blue,Tata,Nexon,Active,true
VEH-003425,Motorcycle,SYN-KA-03425,PERSON-002068,Blue,Maruti,Baleno,Transferred,true
VEH-003426,Van,SYN-RA-03426,PERSON-002438,White,Maruti,Ertiga,Active,true
VEH-003427,Car,SYN-RA-03427,PERSON-001363,Black,Maruti,Swift,Transferred,true
VEH-003428,Car,SYN-KA-03428,PERSON-002896,Grey,Mahindra,Bolero,Active,true
VEH-003429,SUV,SYN-TE-03429,PERSON-001480,White,Tata,Nexon,Active,true
VEH-003430,Van,SYN-KA-03430,PERSON-001343,Red,Hyundai,i20,Active,true
VEH-003431,Auto,SYN-KA-03431,PERSON-002998,Blue,Maruti,Swift,Active,true
VEH-003432,Truck,SYN-KA-03432,PERSON-000576,Black,Toyota,Innova,Transferred,true
VEH-003433,Van,SYN-DE-03433,PERSON-000904,Black,Mahindra,Bolero,Active,true
VEH-003434,Motorcycle,SYN-WE-03434,PERSON-000584,Silver,Tata,Punch,Active,true
VEH-003435,SUV,SYN-DE-03435,PERSON-000697,White,Toyota,Urban Cruiser,Active,true
VEH-003436,Van,SYN-GU-03436,PERSON-000081,Silver,Tata,Altroz,Transferred,true
VEH-003437,Van,SYN-KA-03437,PERSON-001259,Red,Tata,Nexon,Transferred,true
VEH-003438,Car,SYN-GU-03438,PERSON-000850,Blue,Toyota,Innova,Active,true
VEH-003439,Car,SYN-GU-03439,PERSON-001861,Blue,Hyundai,i20,Active,true
VEH-003440,Van,SYN-GU-03440,PERSON-000063,Grey,Tata,Punch,Active,true
VEH-003441,SUV,SYN-UT-03441,PERSON-001578,White,Tata,Punch,Transferred,true
VEH-003442,Truck,SYN-WE-03442,PERSON-002393,Grey,Toyota,Innova,Active,true
VEH-003443,Auto,SYN-WE-03443,PERSON-001029,White,Mahindra,Bolero,Transferred,true
VEH-003444,SUV,SYN-KE-03444,PERSON-002846,Blue,Tata,Nexon,Active,true
VEH-003445,Truck,SYN-TA-03445,PERSON-002408,Silver,Toyota,Innova,Active,true
VEH-003446,Van,SYN-WE-03446,PERSON-000488,Blue,Hyundai,Venue,Active,true
VEH-003447,Van,SYN-TE-03447,PERSON-002304,Black,Mahindra,Scorpio,Active,true
VEH-003448,Van,SYN-TE-03448,PERSON-001691,Blue,Tata,Punch,Transferred,true
VEH-003449,Truck,SYN-TE-03449,PERSON-001558,Blue,Toyota,Urban Cruiser,Transferred,true
VEH-003450,Motorcycle,SYN-KA-03450,PERSON-000540,White,Toyota,Innova,Active,true
VEH-003451,Truck,SYN-RA-03451,PERSON-001474,Red,Mahindra,Scorpio,Active,true
VEH-003452,Van,SYN-MA-03452,PERSON-002060,Blue,Toyota,Innova,Active,true
VEH-003453,Auto,SYN-TE-03453,PERSON-002618,White,Maruti,Ertiga,Active,true
VEH-003454,Motorcycle,SYN-MA-03454,PERSON-000440,Silver,Toyota,Innova,Active,true
VEH-003455,Van,SYN-KA-03455,PERSON-001757,White,Tata,Altroz,Active,true
VEH-003456,Truck,SYN-TA-03456,PERSON-000479,Red,Tata,Punch,Active,true
VEH-003457,Motorcycle,SYN-KA-03457,PERSON-001686,White,Maruti,Baleno,Active,true
VEH-003458,SUV,SYN-RA-03458,PERSON-000676,Red,Mahindra,Scorpio,Active,true
VEH-003459,Auto,SYN-MA-03459,PERSON-001589,Silver,Tata,Nexon,Transferred,true
VEH-003460,SUV,SYN-KA-03460,PERSON-001311,Red,Hyundai,Creta,Transferred,true
VEH-003461,Motorcycle,SYN-KA-03461,PERSON-001544,Grey,Mahindra,Scorpio,Transferred,true
VEH-003462,Car,SYN-TA-03462,PERSON-001992,Red,Maruti,Swift,Active,true
VEH-003463,Truck,SYN-WE-03463,PERSON-000488,Silver,Toyota,Innova,Active,true
VEH-003464,Van,SYN-DE-03464,PERSON-002745,Silver,Mahindra,XUV,Active,true
VEH-003465,Motorcycle,SYN-UT-03465,PERSON-002847,Black,Mahindra,Bolero,Active,true
VEH-003466,Van,SYN-KE-03466,PERSON-002164,Red,Hyundai,Creta,Active,true
VEH-003467,Car,SYN-TE-03467,PERSON-001419,Silver,Toyota,Innova,Transferred,true
VEH-003468,Truck,SYN-TE-03468,PERSON-000121,Silver,Maruti,Baleno,Transferred,true
VEH-003469,Auto,SYN-MA-03469,PERSON-001172,Grey,Tata,Punch,Active,true
VEH-003470,Motorcycle,SYN-KE-03470,PERSON-001301,White,Toyota,Innova,Transferred,true
VEH-003471,Truck,SYN-MA-03471,PERSON-000096,Black,Hyundai,Venue,Transferred,true
VEH-003472,Car,SYN-DE-03472,PERSON-000682,Grey,Mahindra,Scorpio,Active,true
VEH-003473,SUV,SYN-KA-03473,PERSON-001343,Black,Hyundai,i20,Active,true
VEH-003474,Auto,SYN-TA-03474,PERSON-000948,Black,Mahindra,XUV,Active,true
VEH-003475,SUV,SYN-MA-03475,PERSON-000106,Silver,Mahindra,Scorpio,Active,true
VEH-003476,Truck,SYN-KE-03476,PERSON-000230,White,Hyundai,i20,Active,true
VEH-003477,Car,SYN-WE-03477,PERSON-000584,Silver,Maruti,Ertiga,Active,true
VEH-003478,SUV,SYN-KA-03478,PERSON-000524,Silver,Mahindra,Bolero,Active,true
VEH-003479,Auto,SYN-MA-03479,PERSON-001007,Red,Tata,Nexon,Active,true
VEH-003480,Truck,SYN-UT-03480,PERSON-001679,Black,Tata,Punch,Transferred,true
VEH-003481,SUV,SYN-RA-03481,PERSON-002017,Silver,Hyundai,i20,Active,true
VEH-003482,Van,SYN-WE-03482,PERSON-002821,Red,Hyundai,i20,Transferred,true
VEH-003483,Truck,SYN-RA-03483,PERSON-001474,Grey,Tata,Nexon,Active,true
VEH-003484,SUV,SYN-GU-03484,PERSON-001384,Blue,Maruti,Baleno,Transferred,true
VEH-003485,Van,SYN-MA-03485,PERSON-002060,Red,Maruti,Swift,Active,true
VEH-003486,Truck,SYN-MA-03486,PERSON-000440,Blue,Mahindra,XUV,Active,true
VEH-003487,Car,SYN-KA-03487,PERSON-001343,Silver,Mahindra,Scorpio,Active,true
VEH-003488,SUV,SYN-WE-03488,PERSON-002835,Black,Hyundai,Venue,Transferred,true
VEH-003489,Truck,SYN-KA-03489,PERSON-000576,Black,Hyundai,i20,Active,true
VEH-003490,Motorcycle,SYN-KE-03490,PERSON-002757,Blue,Hyundai,Venue,Transferred,true
VEH-003491,Van,SYN-KA-03491,PERSON-002006,Red,Tata,Altroz,Active,true
VEH-003492,Motorcycle,SYN-MA-03492,PERSON-000106,White,Maruti,Swift,Active,true
VEH-003493,Truck,SYN-DE-03493,PERSON-000697,Silver,Mahindra,Scorpio,Transferred,true
VEH-003494,Truck,SYN-WE-03494,PERSON-000423,Black,Mahindra,Bolero,Transferred,true
VEH-003495,SUV,SYN-UT-03495,PERSON-002077,Grey,Maruti,Ertiga,Transferred,true
VEH-003496,Truck,SYN-TA-03496,PERSON-000288,Silver,Maruti,Baleno,Active,true
VEH-003497,Truck,SYN-UT-03497,PERSON-002418,Silver,Maruti,Ertiga,Active,true
VEH-003498,Van,SYN-DE-03498,PERSON-000180,Grey,Toyota,Urban Cruiser,Active,true
VEH-003499,Motorcycle,SYN-WE-03499,PERSON-001610,Blue,Tata,Nexon,Transferred,true
VEH-003500,Motorcycle,SYN-DE-03500,PERSON-000267,Red,Hyundai,Creta,Transferred,true
VEH-003501,Motorcycle,SYN-UT-03501,PERSON-002900,Black,Tata,Altroz,Transferred,true
VEH-003502,Auto,SYN-TE-03502,PERSON-001667,Red,Tata,Punch,Transferred,true
VEH-003503,Auto,SYN-DE-03503,PERSON-000146,Silver,Toyota,Urban Cruiser,Transferred,true
VEH-003504,Van,SYN-RA-03504,PERSON-000351,Silver,Maruti,Ertiga,Transferred,true
VEH-003505,Truck,SYN-GU-03505,PERSON-002750,Red,Mahindra,XUV,Transferred,true
VEH-003506,Van,SYN-MA-03506,PERSON-001589,Grey,Toyota,Innova,Active,true
VEH-003507,Truck,SYN-UT-03507,PERSON-000647,Grey,Toyota,Urban Cruiser,Active,true
VEH-003508,Truck,SYN-TA-03508,PERSON-001788,Blue,Hyundai,i20,Active,true
VEH-003509,Car,SYN-UT-03509,PERSON-000259,White,Mahindra,XUV,Transferred,true
VEH-003510,Truck,SYN-RA-03510,PERSON-000898,White,Mahindra,Scorpio,Active,true
VEH-003511,SUV,SYN-MA-03511,PERSON-000106,Silver,Hyundai,Creta,Active,true
VEH-003512,Truck,SYN-TA-03512,PERSON-000506,Black,Maruti,Swift,Active,true
VEH-003513,Motorcycle,SYN-DE-03513,PERSON-000832,Silver,Tata,Punch,Active,true
VEH-003514,Auto,SYN-DE-03514,PERSON-000046,White,Tata,Nexon,Transferred,true
VEH-003515,Van,SYN-MA-03515,PERSON-000920,Black,Tata,Nexon,Transferred,true
VEH-003516,Truck,SYN-TE-03516,PERSON-000390,Grey,Toyota,Innova,Transferred,true
VEH-003517,SUV,SYN-MA-03517,PERSON-002660,Black,Tata,Punch,Transferred,true
VEH-003518,SUV,SYN-UT-03518,PERSON-001337,Red,Toyota,Innova,Transferred,true
VEH-003519,Car,SYN-KE-03519,PERSON-002846,White,Toyota,Innova,Active,true
VEH-003520,Car,SYN-UT-03520,PERSON-001847,Blue,Mahindra,Bolero,Active,true
VEH-003521,Auto,SYN-RA-03521,PERSON-000784,Black,Hyundai,i20,Transferred,true
VEH-003522,Car,SYN-GU-03522,PERSON-001131,Blue,Hyundai,Creta,Transferred,true
VEH-003523,Truck,SYN-GU-03523,PERSON-002215,Grey,Hyundai,Venue,Active,true
VEH-003524,SUV,SYN-KE-03524,PERSON-002757,White,Mahindra,Scorpio,Active,true
VEH-003525,Auto,SYN-KA-03525,PERSON-001757,Grey,Maruti,Ertiga,Active,true
VEH-003526,Motorcycle,SYN-TA-03526,PERSON-002873,Red,Tata,Punch,Transferred,true
VEH-003527,Motorcycle,SYN-RA-03527,PERSON-002999,Silver,Tata,Punch,Active,true
VEH-003528,Van,SYN-MA-03528,PERSON-000921,Black,Maruti,Swift,Active,true
VEH-003529,Auto,SYN-WE-03529,PERSON-001965,Black,Mahindra,Scorpio,Transferred,true
VEH-003530,Auto,SYN-TE-03530,PERSON-001780,Blue,Hyundai,i20,Active,true
VEH-003531,Car,SYN-TE-03531,PERSON-000083,Silver,Mahindra,Scorpio,Active,true
VEH-003532,Motorcycle,SYN-DE-03532,PERSON-002745,Silver,Hyundai,Venue,Active,true
VEH-003533,SUV,SYN-UT-03533,PERSON-000765,Blue,Toyota,Innova,Transferred,true
VEH-003534,Car,SYN-KE-03534,PERSON-000260,Blue,Hyundai,Venue,Active,true
VEH-003535,Auto,SYN-TE-03535,PERSON-001780,Silver,Toyota,Urban Cruiser,Transferred,true
VEH-003536,Motorcycle,SYN-TA-03536,PERSON-002368,Blue,Tata,Nexon,Transferred,true
VEH-003537,SUV,SYN-KE-03537,PERSON-002846,Grey,Toyota,Innova,Transferred,true
VEH-003538,Van,SYN-TE-03538,PERSON-002304,Black,Tata,Punch,Transferred,true
VEH-003539,Truck,SYN-KA-03539,PERSON-000717,Blue,Hyundai,Creta,Active,true
VEH-003540,Car,SYN-KE-03540,PERSON-001234,White,Toyota,Urban Cruiser,Active,true
VEH-003541,SUV,SYN-GU-03541,PERSON-000130,Blue,Maruti,Swift,Transferred,true
VEH-003542,Auto,SYN-KE-03542,PERSON-001890,Silver,Mahindra,XUV,Transferred,true
VEH-003543,Truck,SYN-UT-03543,PERSON-000405,White,Tata,Punch,Active,true
VEH-003544,SUV,SYN-KA-03544,PERSON-000540,Black,Mahindra,XUV,Transferred,true
VEH-003545,Truck,SYN-RA-03545,PERSON-001474,Silver,Hyundai,Venue,Transferred,true
VEH-003546,SUV,SYN-GU-03546,PERSON-001115,Silver,Toyota,Urban Cruiser,Active,true
VEH-003547,Truck,SYN-TE-03547,PERSON-002275,Blue,Toyota,Urban Cruiser,Active,true
VEH-003548,SUV,SYN-DE-03548,PERSON-000180,Red,Mahindra,XUV,Active,true
VEH-003549,SUV,SYN-DE-03549,PERSON-000267,Blue,Mahindra,Scorpio,Active,true
VEH-003550,Truck,SYN-TE-03550,PERSON-000792,White,Toyota,Innova,Transferred,true
VEH-003551,Truck,SYN-KA-03551,PERSON-001343,Blue,Mahindra,XUV,Transferred,true
VEH-003552,Motorcycle,SYN-KA-03552,PERSON-002998,Black,Tata,Nexon,Transferred,true
VEH-003553,Van,SYN-WE-03553,PERSON-002835,Silver,Toyota,Urban Cruiser,Active,true
VEH-003554,Truck,SYN-RA-03554,PERSON-001315,White,Hyundai,Venue,Active,true
VEH-003555,Motorcycle,SYN-DE-03555,PERSON-000904,Grey,Hyundai,i20,Active,true
VEH-003556,Motorcycle,SYN-DE-03556,PERSON-000697,Silver,Toyota,Innova,Active,true
VEH-003557,Auto,SYN-MA-03557,PERSON-002715,Silver,Maruti,Ertiga,Transferred,true
VEH-003558,Motorcycle,SYN-TE-03558,PERSON-002737,Grey,Toyota,Urban Cruiser,Transferred,true
VEH-003559,Motorcycle,SYN-RA-03559,PERSON-000275,White,Toyota,Urban Cruiser,Active,true
VEH-003560,Van,SYN-TE-03560,PERSON-001481,Blue,Toyota,Innova,Active,true
VEH-003561,SUV,SYN-TA-03561,PERSON-002675,White,Tata,Punch,Transferred,true
VEH-003562,SUV,SYN-WE-03562,PERSON-000060,Black,Toyota,Innova,Active,true
VEH-003563,Auto,SYN-UT-03563,PERSON-001107,Red,Mahindra,Bolero,Active,true
VEH-003564,Auto,SYN-TE-03564,PERSON-001558,Silver,Hyundai,Venue,Transferred,true
VEH-003565,Auto,SYN-MA-03565,PERSON-001367,Blue,Toyota,Innova,Active,true
VEH-003566,SUV,SYN-MA-03566,PERSON-002060,Silver,Toyota,Urban Cruiser,Active,true
VEH-003567,Car,SYN-MA-03567,PERSON-000440,Blue,Mahindra,XUV,Transferred,true
VEH-003568,Motorcycle,SYN-KA-03568,PERSON-001664,Red,Maruti,Ertiga,Active,true
VEH-003569,Truck,SYN-TA-03569,PERSON-002675,Blue,Toyota,Innova,Active,true
VEH-003570,Auto,SYN-TA-03570,PERSON-000948,Silver,Tata,Punch,Active,true
VEH-003571,SUV,SYN-TA-03571,PERSON-002408,Silver,Mahindra,Bolero,Active,true
VEH-003572,Auto,SYN-MA-03572,PERSON-001210,White,Hyundai,Venue,Active,true
VEH-003573,Motorcycle,SYN-DE-03573,PERSON-000146,Blue,Tata,Punch,Active,true
VEH-003574,Motorcycle,SYN-TE-03574,PERSON-001558,Black,Toyota,Innova,Active,true
VEH-003575,Van,SYN-GU-03575,PERSON-002750,White,Tata,Punch,Active,true
VEH-003576,Truck,SYN-MA-03576,PERSON-001589,Grey,Toyota,Innova,Transferred,true
VEH-003577,Car,SYN-DE-03577,PERSON-001258,Silver,Mahindra,Scorpio,Transferred,true
VEH-003578,Car,SYN-KA-03578,PERSON-000540,Black,Hyundai,Creta,Transferred,true
VEH-003579,Truck,SYN-GU-03579,PERSON-001115,White,Tata,Altroz,Active,true
VEH-003580,Car,SYN-DE-03580,PERSON-000180,Black,Toyota,Innova,Active,true
VEH-003581,Motorcycle,SYN-DE-03581,PERSON-000267,Grey,Tata,Nexon,Active,true
VEH-003582,Motorcycle,SYN-MA-03582,PERSON-000440,Red,Maruti,Ertiga,Transferred,true
VEH-003583,Truck,SYN-KE-03583,PERSON-000886,Grey,Mahindra,Scorpio,Active,true
VEH-003584,Motorcycle,SYN-TE-03584,PERSON-000140,Blue,Tata,Altroz,Active,true
VEH-003585,Car,SYN-TE-03585,PERSON-001480,Grey,Tata,Altroz,Active,true
VEH-003586,Motorcycle,SYN-UT-03586,PERSON-002922,Black,Maruti,Baleno,Active,true
VEH-003587,Car,SYN-KE-03587,PERSON-000611,Red,Hyundai,i20,Active,true
VEH-003588,Van,SYN-GU-03588,PERSON-001131,White,Hyundai,i20,Active,true
VEH-003589,Car,SYN-TE-03589,PERSON-000635,White,Toyota,Innova,Active,true
VEH-003590,Car,SYN-KA-03590,PERSON-002896,Grey,Maruti,Ertiga,Transferred,true
VEH-003591,SUV,SYN-UT-03591,PERSON-002847,Black,Mahindra,Scorpio,Active,true
VEH-003592,Car,SYN-TE-03592,PERSON-001480,Red,Tata,Altroz,Active,true
VEH-003593,Van,SYN-TE-03593,PERSON-000449,Red,Hyundai,Creta,Transferred,true
VEH-003594,Truck,SYN-KA-03594,PERSON-001066,Black,Toyota,Innova,Active,true
VEH-003595,Auto,SYN-TA-03595,PERSON-002371,Silver,Toyota,Urban Cruiser,Active,true
VEH-003596,Motorcycle,SYN-KA-03596,PERSON-001544,Blue,Hyundai,Creta,Active,true
VEH-003597,Car,SYN-TE-03597,PERSON-001898,White,Tata,Nexon,Active,true
VEH-003598,Van,SYN-DE-03598,PERSON-001540,White,Toyota,Innova,Active,true
VEH-003599,Truck,SYN-GU-03599,PERSON-000863,White,Maruti,Ertiga,Active,true
VEH-003600,SUV,SYN-RA-03600,PERSON-002999,Black,Mahindra,XUV,Active,true
VEH-003601,Motorcycle,SYN-WE-03601,PERSON-000488,Red,Hyundai,i20,Active,true
VEH-003602,Van,SYN-KE-03602,PERSON-002020,Blue,Hyundai,i20,Active,true
VEH-003603,SUV,SYN-TA-03603,PERSON-002873,Black,Maruti,Baleno,Transferred,true
VEH-003604,Truck,SYN-TE-03604,PERSON-000083,Grey,Hyundai,Venue,Transferred,true
VEH-003605,Truck,SYN-TA-03605,PERSON-001543,Black,Toyota,Innova,Active,true
VEH-003606,Van,SYN-DE-03606,PERSON-002745,White,Mahindra,XUV,Active,true
VEH-003607,Truck,SYN-MA-03607,PERSON-000357,Blue,Hyundai,Creta,Active,true
VEH-003608,SUV,SYN-GU-03608,PERSON-000850,Silver,Maruti,Ertiga,Transferred,true
VEH-003609,Auto,SYN-GU-03609,PERSON-000863,Black,Maruti,Ertiga,Active,true
VEH-003610,SUV,SYN-GU-03610,PERSON-000063,Black,Maruti,Ertiga,Active,true
VEH-003611,Motorcycle,SYN-KE-03611,PERSON-002757,Blue,Tata,Punch,Transferred,true
VEH-003612,Truck,SYN-MA-03612,PERSON-001589,Red,Hyundai,Venue,Active,true
VEH-003613,SUV,SYN-TE-03613,PERSON-001898,Black,Tata,Punch,Transferred,true
VEH-003614,Truck,SYN-TA-03614,PERSON-001543,White,Tata,Altroz,Active,true
VEH-003615,Car,SYN-UT-03615,PERSON-000765,Red,Mahindra,XUV,Transferred,true
VEH-003616,Van,SYN-MA-03616,PERSON-000357,Blue,Mahindra,Scorpio,Transferred,true
VEH-003617,Truck,SYN-UT-03617,PERSON-001107,Red,Maruti,Swift,Active,true
VEH-003618,Car,SYN-GU-03618,PERSON-001861,Red,Mahindra,XUV,Active,true
VEH-003619,Van,SYN-DE-03619,PERSON-000597,White,Toyota,Urban Cruiser,Transferred,true
VEH-003620,Auto,SYN-GU-03620,PERSON-002879,Red,Mahindra,Bolero,Transferred,true
VEH-003621,Van,SYN-MA-03621,PERSON-002660,White,Mahindra,Bolero,Transferred,true
VEH-003622,Motorcycle,SYN-UT-03622,PERSON-001873,Grey,Hyundai,Venue,Transferred,true
VEH-003623,Auto,SYN-DE-03623,PERSON-000682,Blue,Mahindra,Scorpio,Active,true
VEH-003624,Van,SYN-MA-03624,PERSON-000042,Blue,Tata,Punch,Transferred,true
VEH-003625,SUV,SYN-GU-03625,PERSON-000473,White,Tata,Nexon,Transferred,true
VEH-003626,Auto,SYN-KA-03626,PERSON-002068,Silver,Mahindra,XUV,Active,true
VEH-003627,SUV,SYN-MA-03627,PERSON-001589,Blue,Maruti,Swift,Active,true
VEH-003628,Car,SYN-RA-03628,PERSON-000032,White,Hyundai,Venue,Active,true
VEH-003629,Truck,SYN-TE-03629,PERSON-000245,Black,Maruti,Swift,Active,true
VEH-003630,Motorcycle,SYN-TE-03630,PERSON-001780,Grey,Mahindra,Bolero,Transferred,true
VEH-003631,Truck,SYN-WE-03631,PERSON-001747,Silver,Toyota,Innova,Active,true
VEH-003632,Auto,SYN-TA-03632,PERSON-002408,Blue,Maruti,Baleno,Active,true
VEH-003633,Van,SYN-TE-03633,PERSON-002304,Black,Toyota,Urban Cruiser,Transferred,true
VEH-003634,Truck,SYN-UT-03634,PERSON-001847,Grey,Maruti,Ertiga,Transferred,true
VEH-003635,Car,SYN-WE-03635,PERSON-001029,Red,Hyundai,i20,Transferred,true
VEH-003636,Van,SYN-TE-03636,PERSON-001667,Blue,Tata,Punch,Active,true
VEH-003637,Motorcycle,SYN-TE-03637,PERSON-001558,White,Toyota,Urban Cruiser,Transferred,true
VEH-003638,Auto,SYN-RA-03638,PERSON-000351,White,Hyundai,Venue,Transferred,true
VEH-003639,Auto,SYN-GU-03639,PERSON-002750,White,Toyota,Urban Cruiser,Active,true
VEH-003640,Auto,SYN-MA-03640,PERSON-001589,Silver,Tata,Punch,Active,true
VEH-003641,Auto,SYN-KE-03641,PERSON-001670,Grey,Maruti,Ertiga,Transferred,true
VEH-003642,Car,SYN-GU-03642,PERSON-002215,Blue,Toyota,Innova,Active,true
VEH-003643,Motorcycle,SYN-RA-03643,PERSON-002574,Grey,Maruti,Ertiga,Active,true
VEH-003644,Van,SYN-GU-03644,PERSON-000863,White,Hyundai,Venue,Transferred,true
VEH-003645,Motorcycle,SYN-GU-03645,PERSON-000063,Grey,Tata,Altroz,Active,true
VEH-003646,Truck,SYN-KE-03646,PERSON-002757,Silver,Maruti,Baleno,Transferred,true
VEH-003647,SUV,SYN-MA-03647,PERSON-001589,White,Maruti,Ertiga,Active,true
VEH-003648,Van,SYN-RA-03648,PERSON-002517,Black,Maruti,Baleno,Active,true
VEH-003649,Motorcycle,SYN-KA-03649,PERSON-001544,Grey,Tata,Nexon,Active,true
VEH-003650,Truck,SYN-TA-03650,PERSON-002873,White,Mahindra,Scorpio,Active,true
VEH-003651,SUV,SYN-TE-03651,PERSON-001898,Grey,Maruti,Swift,Active,true
VEH-003652,Motorcycle,SYN-DE-03652,PERSON-002745,White,Maruti,Swift,Active,true
VEH-003653,Auto,SYN-WE-03653,PERSON-001205,Silver,Maruti,Baleno,Active,true
VEH-003654,Truck,SYN-KA-03654,PERSON-001343,Grey,Toyota,Innova,Transferred,true
VEH-003655,Motorcycle,SYN-KA-03655,PERSON-002998,Red,Hyundai,i20,Transferred,true
VEH-003656,Motorcycle,SYN-WE-03656,PERSON-002835,White,Hyundai,i20,Transferred,true
VEH-003657,Van,SYN-MA-03657,PERSON-000106,Blue,Mahindra,Bolero,Active,true
VEH-003658,SUV,SYN-DE-03658,PERSON-000697,Black,Mahindra,Scorpio,Transferred,true
VEH-003659,Auto,SYN-KE-03659,PERSON-001596,Silver,Tata,Punch,Active,true
VEH-003660,Car,SYN-RA-03660,PERSON-001363,White,Mahindra,XUV,Active,true
VEH-003661,Auto,SYN-TE-03661,PERSON-001480,Red,Tata,Punch,Active,true
VEH-003662,Car,SYN-TE-03662,PERSON-001758,Black,Hyundai,i20,Transferred,true
VEH-003663,Auto,SYN-UT-03663,PERSON-002847,Black,Maruti,Baleno,Transferred,true
VEH-003664,Motorcycle,SYN-DE-03664,PERSON-000146,Red,Mahindra,Bolero,Active,true
VEH-003665,Truck,SYN-TE-03665,PERSON-001667,White,Tata,Punch,Active,true
VEH-003666,Auto,SYN-MA-03666,PERSON-001210,Black,Maruti,Swift,Transferred,true
VEH-003667,Motorcycle,SYN-TE-03667,PERSON-001558,Grey,Tata,Altroz,Active,true
VEH-003668,Truck,SYN-TA-03668,PERSON-001041,White,Maruti,Swift,Active,true
VEH-003669,Car,SYN-KE-03669,PERSON-001670,Black,Mahindra,Bolero,Active,true
VEH-003670,Car,SYN-KA-03670,PERSON-001259,White,Maruti,Baleno,Active,true
VEH-003671,Motorcycle,SYN-GU-03671,PERSON-000863,Grey,Toyota,Urban Cruiser,Transferred,true
VEH-003672,Motorcycle,SYN-KE-03672,PERSON-002757,Red,Tata,Nexon,Transferred,true
VEH-003673,Van,SYN-DE-03673,PERSON-000180,Red,Tata,Punch,Active,true
VEH-003674,Motorcycle,SYN-TE-03674,PERSON-002618,Blue,Hyundai,i20,Transferred,true
VEH-003675,Car,SYN-MA-03675,PERSON-000440,White,Tata,Punch,Active,true
VEH-003676,Car,SYN-DE-03676,PERSON-000538,Silver,Toyota,Innova,Active,true
VEH-003677,SUV,SYN-DE-03677,PERSON-001540,Blue,Hyundai,Creta,Transferred,true
VEH-003678,Van,SYN-WE-03678,PERSON-001965,Grey,Tata,Nexon,Transferred,true
VEH-003679,Motorcycle,SYN-TA-03679,PERSON-001992,Black,Maruti,Ertiga,Transferred,true
VEH-003680,Truck,SYN-GU-03680,PERSON-000863,Silver,Hyundai,Venue,Active,true
VEH-003681,Auto,SYN-DE-03681,PERSON-002745,Silver,Maruti,Swift,Transferred,true
VEH-003682,Van,SYN-RA-03682,PERSON-001363,White,Tata,Nexon,Transferred,true
VEH-003683,Car,SYN-WE-03683,PERSON-002713,Silver,Maruti,Baleno,Active,true
VEH-003684,Truck,SYN-GU-03684,PERSON-000342,Silver,Toyota,Innova,Transferred,true
VEH-003685,Car,SYN-TE-03685,PERSON-000144,Silver,Tata,Punch,Active,true
VEH-003686,Car,SYN-TA-03686,PERSON-000305,Silver,Maruti,Swift,Active,true
VEH-003687,Auto,SYN-DE-03687,PERSON-000146,Silver,Hyundai,Venue,Transferred,true
VEH-003688,Truck,SYN-WE-03688,PERSON-000047,Red,Tata,Nexon,Active,true
VEH-003689,Truck,SYN-RA-03689,PERSON-001768,Red,Tata,Nexon,Transferred,true
VEH-003690,Motorcycle,SYN-MA-03690,PERSON-001542,Grey,Mahindra,Scorpio,Transferred,true
VEH-003691,Motorcycle,SYN-UT-03691,PERSON-002331,Silver,Mahindra,XUV,Active,true
VEH-003692,Van,SYN-TE-03692,PERSON-000979,Blue,Maruti,Ertiga,Transferred,true
VEH-003693,Truck,SYN-KA-03693,PERSON-002689,Blue,Tata,Nexon,Active,true
VEH-003694,Car,SYN-RA-03694,PERSON-002517,Grey,Hyundai,i20,Active,true
VEH-003695,Truck,SYN-TE-03695,PERSON-001898,Grey,Mahindra,Scorpio,Active,true
VEH-003696,SUV,SYN-MA-03696,PERSON-000357,Black,Hyundai,Venue,Active,true
VEH-003697,Car,SYN-TA-03697,PERSON-000506,Grey,Hyundai,i20,Active,true
VEH-003698,Car,SYN-TA-03698,PERSON-000906,Grey,Hyundai,i20,Transferred,true
VEH-003699,Auto,SYN-TE-03699,PERSON-000860,Black,Mahindra,XUV,Active,true
VEH-003700,Van,SYN-TA-03700,PERSON-000817,Black,Hyundai,Venue,Transferred,true
VEH-003701,Truck,SYN-GU-03701,PERSON-000062,Red,Maruti,Ertiga,Transferred,true
VEH-003702,Van,SYN-GU-03702,PERSON-002879,Red,Hyundai,Venue,Active,true
VEH-003703,Motorcycle,SYN-UT-03703,PERSON-000544,Red,Toyota,Innova,Active,true
VEH-003704,Auto,SYN-MA-03704,PERSON-001774,Red,Tata,Altroz,Active,true
VEH-003705,Motorcycle,SYN-UT-03705,PERSON-000419,Red,Maruti,Baleno,Transferred,true
VEH-003706,SUV,SYN-TE-03706,PERSON-002094,Red,Hyundai,i20,Active,true
VEH-003707,Truck,SYN-MA-03707,PERSON-000096,Blue,Hyundai,i20,Transferred,true
VEH-003708,Car,SYN-RA-03708,PERSON-000784,White,Mahindra,Bolero,Active,true
VEH-003709,SUV,SYN-KA-03709,PERSON-000717,Red,Mahindra,XUV,Active,true
VEH-003710,SUV,SYN-KE-03710,PERSON-000580,Grey,Toyota,Urban Cruiser,Active,true
VEH-003711,Van,SYN-DE-03711,PERSON-000622,White,Tata,Nexon,Active,true
VEH-003712,Auto,SYN-KE-03712,PERSON-002164,Blue,Tata,Nexon,Transferred,true
VEH-003713,SUV,SYN-RA-03713,PERSON-000154,Grey,Tata,Altroz,Active,true
VEH-003714,Auto,SYN-TA-03714,PERSON-002675,Blue,Tata,Nexon,Transferred,true
VEH-003715,Truck,SYN-RA-03715,PERSON-001807,White,Toyota,Innova,Transferred,true
VEH-003716,Motorcycle,SYN-RA-03716,PERSON-001315,Black,Maruti,Ertiga,Transferred,true
VEH-003717,SUV,SYN-KE-03717,PERSON-002757,Silver,Mahindra,Bolero,Active,true
VEH-003718,SUV,SYN-MA-03718,PERSON-000106,Silver,Toyota,Urban Cruiser,Active,true
VEH-003719,Truck,SYN-WE-03719,PERSON-000584,Grey,Toyota,Innova,Active,true
VEH-003720,SUV,SYN-KE-03720,PERSON-000207,White,Hyundai,Creta,Active,true
VEH-003721,Car,SYN-KA-03721,PERSON-002068,Red,Hyundai,Creta,Active,true
VEH-003722,Auto,SYN-DE-03722,PERSON-000180,White,Hyundai,i20,Active,true
VEH-003723,Car,SYN-DE-03723,PERSON-000267,Blue,Maruti,Swift,Active,true
VEH-003724,Car,SYN-TE-03724,PERSON-000792,Black,Mahindra,Bolero,Active,true
VEH-003725,Truck,SYN-KE-03725,PERSON-000207,White,Maruti,Swift,Active,true
VEH-003726,Car,SYN-UT-03726,PERSON-002900,Red,Toyota,Innova,Active,true
VEH-003727,Truck,SYN-MA-03727,PERSON-000440,Grey,Hyundai,i20,Active,true
VEH-003728,Van,SYN-TE-03728,PERSON-001558,Silver,Maruti,Baleno,Transferred,true
VEH-003729,Truck,SYN-WE-03729,PERSON-002835,Blue,Mahindra,Bolero,Active,true
VEH-003730,Truck,SYN-UT-03730,PERSON-002900,Silver,Toyota,Innova,Transferred,true
VEH-003731,Motorcycle,SYN-MA-03731,PERSON-002060,Silver,Mahindra,XUV,Active,true
VEH-003732,Motorcycle,SYN-KE-03732,PERSON-001596,Black,Tata,Nexon,Transferred,true
VEH-003733,Motorcycle,SYN-WE-03733,PERSON-000497,Grey,Hyundai,i20,Active,true
VEH-003734,SUV,SYN-UT-03734,PERSON-001847,Silver,Mahindra,Scorpio,Active,true
VEH-003735,Auto,SYN-TE-03735,PERSON-001780,Black,Toyota,Innova,Active,true
VEH-003736,Truck,SYN-KE-03736,PERSON-002846,Silver,Toyota,Innova,Active,true
VEH-003737,SUV,SYN-TE-03737,PERSON-002304,Silver,Toyota,Urban Cruiser,Active,true
VEH-003738,Motorcycle,SYN-TA-03738,PERSON-002675,Grey,Mahindra,Bolero,Active,true
VEH-003739,Auto,SYN-RA-03739,PERSON-002438,Blue,Hyundai,Venue,Active,true
VEH-003740,Van,SYN-DE-03740,PERSON-000832,Blue,Toyota,Urban Cruiser,Active,true
VEH-003741,Car,SYN-KE-03741,PERSON-000886,Blue,Hyundai,Creta,Transferred,true
VEH-003742,Car,SYN-UT-03742,PERSON-002847,Grey,Tata,Punch,Active,true
VEH-003743,Auto,SYN-UT-03743,PERSON-002922,Silver,Toyota,Urban Cruiser,Active,true
VEH-003744,Motorcycle,SYN-GU-03744,PERSON-002879,White,Tata,Altroz,Transferred,true
VEH-003745,Motorcycle,SYN-MA-03745,PERSON-000920,Blue,Hyundai,Creta,Active,true
VEH-003746,Auto,SYN-TE-03746,PERSON-000390,Blue,Maruti,Swift,Active,true
VEH-003747,Auto,SYN-TE-03747,PERSON-000927,Grey,Mahindra,XUV,Active,true
VEH-003748,SUV,SYN-UT-03748,PERSON-000544,Grey,Toyota,Urban Cruiser,Transferred,true
VEH-003749,SUV,SYN-KE-03749,PERSON-000611,Red,Tata,Altroz,Transferred,true
VEH-003750,Motorcycle,SYN-MA-03750,PERSON-001542,Black,Tata,Nexon,Transferred,true
VEH-003751,Van,SYN-TA-03751,PERSON-002675,Grey,Toyota,Innova,Transferred,true
VEH-003752,SUV,SYN-WE-03752,PERSON-000366,Blue,Toyota,Urban Cruiser,Active,true
VEH-003753,Auto,SYN-WE-03753,PERSON-000497,Red,Tata,Altroz,Active,true
VEH-003754,Truck,SYN-UT-03754,PERSON-002847,Grey,Tata,Altroz,Transferred,true
VEH-003755,Car,SYN-UT-03755,PERSON-002922,Grey,Maruti,Ertiga,Transferred,true
VEH-003756,Motorcycle,SYN-KA-03756,PERSON-002136,Red,Tata,Punch,Transferred,true
VEH-003757,Van,SYN-TA-03757,PERSON-002558,Blue,Mahindra,XUV,Active,true
VEH-003758,Motorcycle,SYN-GU-03758,PERSON-002704,Red,Mahindra,XUV,Active,true
VEH-003759,Motorcycle,SYN-KE-03759,PERSON-001890,Silver,Tata,Punch,Active,true
VEH-003760,Motorcycle,SYN-UT-03760,PERSON-000405,Black,Toyota,Innova,Transferred,true
VEH-003761,Motorcycle,SYN-KE-03761,PERSON-002164,Blue,Mahindra,XUV,Transferred,true
VEH-003762,Car,SYN-RA-03762,PERSON-000154,Silver,Tata,Nexon,Active,true
VEH-003763,Van,SYN-WE-03763,PERSON-000047,Grey,Hyundai,i20,Active,true
VEH-003764,Auto,SYN-WE-03764,PERSON-000279,Black,Mahindra,XUV,Active,true
VEH-003765,Motorcycle,SYN-MA-03765,PERSON-000217,Blue,Mahindra,XUV,Active,true
VEH-003766,Truck,SYN-RA-03766,PERSON-001768,White,Maruti,Baleno,Active,true
VEH-003767,Truck,SYN-KE-03767,PERSON-002205,Red,Maruti,Swift,Transferred,true
VEH-003768,SUV,SYN-GU-03768,PERSON-000473,Grey,Tata,Nexon,Active,true
VEH-003769,Car,SYN-MA-03769,PERSON-000042,Red,Hyundai,i20,Active,true
VEH-003770,Auto,SYN-RA-03770,PERSON-000275,Silver,Tata,Altroz,Active,true
VEH-003771,Truck,SYN-KE-03771,PERSON-001141,Blue,Tata,Nexon,Active,true
VEH-003772,Truck,SYN-DE-03772,PERSON-001262,Black,Hyundai,Creta,Active,true
VEH-003773,Truck,SYN-TE-03773,PERSON-000792,Silver,Hyundai,Venue,Transferred,true
VEH-003774,Car,SYN-TE-03774,PERSON-002618,White,Mahindra,Scorpio,Transferred,true
VEH-003775,Van,SYN-KA-03775,PERSON-001757,Grey,Toyota,Innova,Active,true
VEH-003776,Auto,SYN-TA-03776,PERSON-002558,Black,Tata,Altroz,Transferred,true
VEH-003777,SUV,SYN-KE-03777,PERSON-000397,Grey,Tata,Altroz,Active,true
VEH-003778,Motorcycle,SYN-KA-03778,PERSON-000717,White,Toyota,Urban Cruiser,Active,true
VEH-003779,Truck,SYN-WE-03779,PERSON-000667,White,Maruti,Baleno,Active,true
VEH-003780,Car,SYN-DE-03780,PERSON-000622,Red,Hyundai,Creta,Transferred,true
VEH-003781,Truck,SYN-TE-03781,PERSON-002004,Grey,Tata,Nexon,Active,true
VEH-003782,Truck,SYN-GU-03782,PERSON-002215,Grey,Mahindra,XUV,Active,true
VEH-003783,SUV,SYN-TE-03783,PERSON-001558,White,Maruti,Swift,Active,true
VEH-003784,Van,SYN-KA-03784,PERSON-000540,Black,Maruti,Swift,Transferred,true
VEH-003785,Motorcycle,SYN-RA-03785,PERSON-001474,Red,Maruti,Ertiga,Transferred,true
VEH-003786,Van,SYN-DE-03786,PERSON-001262,Blue,Maruti,Swift,Active,true
VEH-003787,Van,SYN-DE-03787,PERSON-000267,Grey,Tata,Nexon,Transferred,true
VEH-003788,SUV,SYN-UT-03788,PERSON-002900,Blue,Maruti,Swift,Active,true
VEH-003789,Van,SYN-TA-03789,PERSON-002675,Grey,Tata,Altroz,Active,true
VEH-003790,Truck,SYN-GU-03790,PERSON-001805,Grey,Tata,Nexon,Transferred,true
VEH-003791,Car,SYN-TA-03791,PERSON-000948,White,Tata,Altroz,Active,true
VEH-003792,Truck,SYN-KE-03792,PERSON-002757,Silver,Mahindra,Scorpio,Active,true
VEH-003793,Motorcycle,SYN-MA-03793,PERSON-000106,White,Toyota,Urban Cruiser,Active,true
VEH-003794,SUV,SYN-GU-03794,PERSON-000862,Silver,Toyota,Innova,Transferred,true
VEH-003795,Car,SYN-WE-03795,PERSON-000407,Silver,Hyundai,Venue,Transferred,true
VEH-003796,SUV,SYN-MA-03796,PERSON-002417,Silver,Tata,Altroz,Active,true
VEH-003797,Auto,SYN-DE-03797,PERSON-001687,White,Mahindra,XUV,Active,true
VEH-003798,Auto,SYN-TE-03798,PERSON-001758,Black,Tata,Altroz,Active,true
VEH-003799,Auto,SYN-KE-03799,PERSON-002105,Blue,Mahindra,XUV,Active,true
VEH-003800,Van,SYN-KE-03800,PERSON-000207,White,Maruti,Ertiga,Transferred,true
VEH-003801,Auto,SYN-DE-03801,PERSON-000103,Black,Hyundai,Venue,Transferred,true
VEH-003802,Van,SYN-TE-03802,PERSON-001869,Red,Mahindra,Bolero,Transferred,true
VEH-003803,Van,SYN-TE-03803,PERSON-001457,Grey,Maruti,Swift,Active,true
VEH-003804,Truck,SYN-WE-03804,PERSON-001955,Silver,Toyota,Urban Cruiser,Transferred,true
VEH-003805,Auto,SYN-RA-03805,PERSON-000898,Silver,Tata,Altroz,Transferred,true
VEH-003806,Van,SYN-DE-03806,PERSON-002466,White,Mahindra,Bolero,Transferred,true
VEH-003807,Car,SYN-TE-03807,PERSON-001326,White,Maruti,Swift,Transferred,true
VEH-003808,Auto,SYN-GU-03808,PERSON-000943,Red,Tata,Nexon,Transferred,true
VEH-003809,Auto,SYN-TA-03809,PERSON-002397,Silver,Mahindra,Scorpio,Transferred,true
VEH-003810,Motorcycle,SYN-WE-03810,PERSON-001747,Red,Mahindra,Bolero,Transferred,true
VEH-003811,Auto,SYN-TE-03811,PERSON-002304,Silver,Tata,Altroz,Transferred,true
VEH-003812,SUV,SYN-TE-03812,PERSON-001691,Black,Maruti,Swift,Active,true
VEH-003813,Auto,SYN-UT-03813,PERSON-001847,Silver,Tata,Punch,Active,true
VEH-003814,Auto,SYN-WE-03814,PERSON-001029,Blue,Toyota,Innova,Active,true
VEH-003815,Auto,SYN-RA-03815,PERSON-002438,Silver,Hyundai,Creta,Active,true
VEH-003816,Car,SYN-RA-03816,PERSON-001363,Black,Maruti,Ertiga,Active,true
VEH-003817,Auto,SYN-WE-03817,PERSON-000060,Black,Maruti,Baleno,Active,true
VEH-003818,Van,SYN-DE-03818,PERSON-000832,Grey,Maruti,Baleno,Transferred,true
VEH-003819,Truck,SYN-TE-03819,PERSON-000635,Grey,Mahindra,Scorpio,Transferred,true
VEH-003820,SUV,SYN-KA-03820,PERSON-002896,Grey,Toyota,Urban Cruiser,Active,true
VEH-003821,Car,SYN-WE-03821,PERSON-000497,Red,Hyundai,Venue,Active,true
VEH-003822,SUV,SYN-UT-03822,PERSON-001847,Silver,Toyota,Innova,Active,true
VEH-003823,Car,SYN-GU-03823,PERSON-000081,White,Tata,Nexon,Transferred,true
VEH-003824,Car,SYN-KA-03824,PERSON-001259,Black,Hyundai,Creta,Transferred,true
VEH-003825,Truck,SYN-RA-03825,PERSON-002132,Blue,Maruti,Swift,Active,true
VEH-003826,Truck,SYN-RA-03826,PERSON-002574,Red,Mahindra,XUV,Active,true
VEH-003827,Auto,SYN-GU-03827,PERSON-000063,White,Maruti,Swift,Active,true
VEH-003828,Motorcycle,SYN-UT-03828,PERSON-000647,Red,Maruti,Swift,Active,true
VEH-003829,Van,SYN-UT-03829,PERSON-001337,Blue,Maruti,Swift,Active,true
VEH-003830,Truck,SYN-MA-03830,PERSON-000106,Silver,Toyota,Innova,Active,true
VEH-003831,Van,SYN-RA-03831,PERSON-001894,Silver,Maruti,Baleno,Transferred,true
VEH-003832,Auto,SYN-DE-03832,PERSON-001425,Red,Hyundai,Creta,Transferred,true
VEH-003833,Motorcycle,SYN-UT-03833,PERSON-000822,White,Toyota,Urban Cruiser,Active,true
VEH-003834,Van,SYN-RA-03834,PERSON-002986,Red,Mahindra,XUV,Active,true
VEH-003835,SUV,SYN-WE-03835,PERSON-001507,Grey,Maruti,Baleno,Active,true
VEH-003836,SUV,SYN-KA-03836,PERSON-002068,Red,Tata,Altroz,Active,true
VEH-003837,Motorcycle,SYN-KE-03837,PERSON-000260,Red,Toyota,Urban Cruiser,Transferred,true
VEH-003838,Auto,SYN-TE-03838,PERSON-001667,White,Hyundai,i20,Transferred,true
VEH-003839,Van,SYN-TE-03839,PERSON-000374,Red,Tata,Punch,Active,true
VEH-003840,Auto,SYN-GU-03840,PERSON-000825,Silver,Mahindra,Bolero,Transferred,true
VEH-003841,SUV,SYN-TE-03841,PERSON-001780,Blue,Mahindra,XUV,Active,true
VEH-003842,Van,SYN-RA-03842,PERSON-002574,Silver,Toyota,Urban Cruiser,Transferred,true
VEH-003843,Truck,SYN-TE-03843,PERSON-000374,Blue,Mahindra,Scorpio,Active,true
VEH-003844,Motorcycle,SYN-TE-03844,PERSON-001691,White,Hyundai,i20,Active,true
VEH-003845,Car,SYN-WE-03845,PERSON-001029,Red,Tata,Punch,Active,true
VEH-003846,Van,SYN-RA-03846,PERSON-002517,Grey,Tata,Nexon,Transferred,true
VEH-003847,Motorcycle,SYN-WE-03847,PERSON-000120,Red,Maruti,Swift,Transferred,true
VEH-003848,Auto,SYN-MA-03848,PERSON-000921,Black,Toyota,Urban Cruiser,Transferred,true
VEH-003849,Auto,SYN-TA-03849,PERSON-001992,Red,Toyota,Urban Cruiser,Active,true
VEH-003850,Auto,SYN-WE-03850,PERSON-000488,White,Maruti,Ertiga,Transferred,true
VEH-003851,SUV,SYN-MA-03851,PERSON-000357,White,Hyundai,Creta,Active,true
VEH-003852,Car,SYN-UT-03852,PERSON-001944,White,Mahindra,Scorpio,Active,true
VEH-003853,Van,SYN-KA-03853,PERSON-001478,White,Mahindra,Bolero,Active,true
VEH-003854,Car,SYN-TE-03854,PERSON-002256,Silver,Tata,Altroz,Transferred,true
VEH-003855,Van,SYN-WE-03855,PERSON-000712,Red,Mahindra,Scorpio,Active,true
VEH-003856,Auto,SYN-KE-03856,PERSON-002684,Blue,Tata,Punch,Active,true
VEH-003857,SUV,SYN-KA-03857,PERSON-001664,Grey,Maruti,Ertiga,Active,true
VEH-003858,Motorcycle,SYN-RA-03858,PERSON-002574,Silver,Tata,Altroz,Active,true
VEH-003859,Auto,SYN-GU-03859,PERSON-000863,Red,Tata,Punch,Transferred,true
VEH-003860,Van,SYN-GU-03860,PERSON-000063,Blue,Mahindra,Bolero,Active,true
VEH-003861,Motorcycle,SYN-TA-03861,PERSON-002675,Black,Mahindra,Scorpio,Active,true
VEH-003862,Truck,SYN-RA-03862,PERSON-001315,Blue,Mahindra,Bolero,Active,true
VEH-003863,Van,SYN-GU-03863,PERSON-001043,Silver,Tata,Punch,Transferred,true
VEH-003864,Truck,SYN-KE-03864,PERSON-000230,White,Tata,Punch,Active,true
VEH-003865,Truck,SYN-GU-03865,PERSON-000081,Silver,Maruti,Baleno,Transferred,true
VEH-003866,Auto,SYN-KA-03866,PERSON-001259,Blue,Tata,Altroz,Active,true
VEH-003867,Van,SYN-GU-03867,PERSON-001861,Black,Mahindra,Scorpio,Active,true
VEH-003868,Van,SYN-GU-03868,PERSON-000863,Silver,Hyundai,Venue,Active,true
VEH-003869,Van,SYN-GU-03869,PERSON-000063,Silver,Hyundai,i20,Active,true
VEH-003870,Truck,SYN-KE-03870,PERSON-000302,Black,Tata,Punch,Active,true
VEH-003871,SUV,SYN-DE-03871,PERSON-000682,Red,Mahindra,Bolero,Transferred,true
VEH-003872,Van,SYN-TE-03872,PERSON-001481,Black,Toyota,Innova,Active,true
VEH-003873,Truck,SYN-RA-03873,PERSON-000275,Silver,Maruti,Swift,Active,true
VEH-003874,Auto,SYN-TE-03874,PERSON-001558,Black,Maruti,Swift,Active,true
VEH-003875,Auto,SYN-KA-03875,PERSON-000540,Grey,Maruti,Baleno,Transferred,true
VEH-003876,SUV,SYN-DE-03876,PERSON-000180,Blue,Tata,Punch,Active,true
VEH-003877,Truck,SYN-DE-03877,PERSON-000267,Silver,Mahindra,XUV,Active,true
VEH-003878,SUV,SYN-RA-03878,PERSON-002017,Black,Hyundai,Venue,Active,true
VEH-003879,Motorcycle,SYN-UT-03879,PERSON-002900,White,Toyota,Urban Cruiser,Active,true
VEH-003880,Truck,SYN-KA-03880,PERSON-001259,Black,Mahindra,XUV,Active,true
VEH-003881,SUV,SYN-GU-03881,PERSON-001861,Blue,Hyundai,Creta,Active,true
VEH-003882,Motorcycle,SYN-GU-03882,PERSON-000063,Grey,Maruti,Ertiga,Active,true
VEH-003883,Van,SYN-TE-03883,PERSON-001558,Red,Hyundai,Venue,Active,true
VEH-003884,Truck,SYN-GU-03884,PERSON-001115,Grey,Mahindra,XUV,Transferred,true
VEH-003885,Car,SYN-DE-03885,PERSON-001262,White,Hyundai,Creta,Active,true
VEH-003886,Van,SYN-MA-03886,PERSON-002060,Black,Tata,Altroz,Active,true
VEH-003887,SUV,SYN-KA-03887,PERSON-002136,Silver,Hyundai,Creta,Active,true
VEH-003888,Truck,SYN-TA-03888,PERSON-002558,Silver,Toyota,Urban Cruiser,Active,true
VEH-003889,Van,SYN-KE-03889,PERSON-001234,Grey,Toyota,Urban Cruiser,Active,true
VEH-003890,Motorcycle,SYN-KE-03890,PERSON-000580,Grey,Hyundai,i20,Active,true
VEH-003891,Motorcycle,SYN-TE-03891,PERSON-002004,Blue,Tata,Punch,Transferred,true
VEH-003892,Van,SYN-WE-03892,PERSON-002835,Blue,Maruti,Swift,Active,true
VEH-003893,Car,SYN-TA-03893,PERSON-000948,Silver,Mahindra,Scorpio,Active,true
VEH-003894,Auto,SYN-DE-03894,PERSON-000904,Grey,Hyundai,Venue,Active,true
VEH-003895,Auto,SYN-KE-03895,PERSON-000230,Grey,Toyota,Urban Cruiser,Active,true
VEH-003896,Car,SYN-MA-03896,PERSON-002715,Grey,Toyota,Urban Cruiser,Active,true
VEH-003897,Truck,SYN-TE-03897,PERSON-002737,Silver,Toyota,Innova,Active,true
VEH-003898,Truck,SYN-GU-03898,PERSON-000473,Red,Hyundai,i20,Active,true
VEH-003899,Car,SYN-KE-03899,PERSON-000165,White,Tata,Punch,Transferred,true
VEH-003900,Van,SYN-KE-03900,PERSON-001191,White,Tata,Punch,Transferred,true
VEH-003901,Auto,SYN-RA-03901,PERSON-001803,Black,Maruti,Ertiga,Active,true
VEH-003902,Auto,SYN-TE-03902,PERSON-001648,Blue,Toyota,Innova,Active,true
VEH-003903,Car,SYN-MA-03903,PERSON-000106,Silver,Tata,Punch,Transferred,true
VEH-003904,Motorcycle,SYN-UT-03904,PERSON-002900,Grey,Maruti,Baleno,Active,true
VEH-003905,Auto,SYN-KA-03905,PERSON-001259,Blue,Hyundai,Venue,Transferred,true
VEH-003906,Van,SYN-RA-03906,PERSON-002574,Blue,Tata,Altroz,Transferred,true
VEH-003907,Auto,SYN-GU-03907,PERSON-000863,White,Hyundai,Creta,Active,true
VEH-003908,Motorcycle,SYN-MA-03908,PERSON-001589,Grey,Hyundai,i20,Transferred,true
VEH-003909,Truck,SYN-TE-03909,PERSON-001885,Grey,Maruti,Ertiga,Active,true
VEH-003910,Motorcycle,SYN-RA-03910,PERSON-002938,Black,Maruti,Ertiga,Active,true
VEH-003911,Truck,SYN-GU-03911,PERSON-002970,Grey,Toyota,Urban Cruiser,Active,true
VEH-003912,Van,SYN-KA-03912,PERSON-002136,White,Toyota,Innova,Active,true
VEH-003913,Van,SYN-UT-03913,PERSON-001107,Silver,Mahindra,Scorpio,Transferred,true
VEH-003914,Motorcycle,SYN-UT-03914,PERSON-000405,Red,Tata,Altroz,Active,true
VEH-003915,Car,SYN-GU-03915,PERSON-000721,White,Toyota,Urban Cruiser,Active,true
VEH-003916,Motorcycle,SYN-TE-03916,PERSON-002004,Grey,Tata,Nexon,Active,true
VEH-003917,SUV,SYN-RA-03917,PERSON-000154,Grey,Tata,Punch,Transferred,true
VEH-003918,Truck,SYN-UT-03918,PERSON-000419,Blue,Mahindra,Bolero,Active,true
VEH-003919,Van,SYN-MA-03919,PERSON-002417,White,Mahindra,Scorpio,Active,true
VEH-003920,Auto,SYN-UT-03920,PERSON-002077,Grey,Hyundai,Creta,Active,true
VEH-003921,Truck,SYN-KE-03921,PERSON-002105,Grey,Mahindra,XUV,Active,true
VEH-003922,SUV,SYN-TE-03922,PERSON-001869,Black,Tata,Nexon,Active,true
VEH-003923,Auto,SYN-GU-03923,PERSON-000081,White,Toyota,Innova,Active,true
VEH-003924,SUV,SYN-KA-03924,PERSON-001259,Blue,Hyundai,i20,Transferred,true
VEH-003925,Van,SYN-GU-03925,PERSON-001861,Blue,Maruti,Baleno,Transferred,true
VEH-003926,Motorcycle,SYN-GU-03926,PERSON-000063,Grey,Mahindra,Bolero,Active,true
VEH-003927,Van,SYN-MA-03927,PERSON-001589,Black,Toyota,Innova,Transferred,true
VEH-003928,Motorcycle,SYN-GU-03928,PERSON-001387,White,Maruti,Ertiga,Active,true
VEH-003929,Car,SYN-KE-03929,PERSON-000260,Grey,Toyota,Urban Cruiser,Active,true
VEH-003930,Car,SYN-TE-03930,PERSON-001780,Black,Hyundai,Venue,Active,true
VEH-003931,Auto,SYN-KA-03931,PERSON-001664,Blue,Tata,Punch,Transferred,true
VEH-003932,Motorcycle,SYN-TA-03932,PERSON-002675,Black,Toyota,Innova,Transferred,true
VEH-003933,Van,SYN-KA-03933,PERSON-001343,Grey,Hyundai,Creta,Active,true
VEH-003934,SUV,SYN-WE-03934,PERSON-002835,Grey,Tata,Altroz,Active,true
VEH-003935,Motorcycle,SYN-WE-03935,PERSON-000584,White,Maruti,Ertiga,Active,true
VEH-003936,SUV,SYN-DE-03936,PERSON-000697,White,Maruti,Swift,Transferred,true
VEH-003937,Auto,SYN-KE-03937,PERSON-000230,Blue,Tata,Altroz,Active,true
VEH-003938,Motorcycle,SYN-KE-03938,PERSON-000611,Grey,Maruti,Swift,Active,true
VEH-003939,SUV,SYN-MA-03939,PERSON-001542,Silver,Maruti,Baleno,Transferred,true
VEH-003940,Auto,SYN-KE-03940,PERSON-000886,Black,Maruti,Swift,Active,true
VEH-003941,Car,SYN-WE-03941,PERSON-000497,Blue,Tata,Nexon,Active,true
VEH-003942,Van,SYN-KA-03942,PERSON-002896,Red,Maruti,Ertiga,Transferred,true
VEH-003943,SUV,SYN-UT-03943,PERSON-000419,Red,Hyundai,Venue,Transferred,true
VEH-003944,Car,SYN-MA-03944,PERSON-002417,Grey,Toyota,Urban Cruiser,Active,true
VEH-003945,Car,SYN-TE-03945,PERSON-001758,Blue,Hyundai,i20,Active,true
VEH-003946,Auto,SYN-KE-03946,PERSON-000207,White,Mahindra,Bolero,Transferred,true
VEH-003947,SUV,SYN-WE-03947,PERSON-000060,Black,Mahindra,Scorpio,Transferred,true
VEH-003948,Truck,SYN-KA-03948,PERSON-002896,Blue,Toyota,Innova,Active,true
VEH-003949,Auto,SYN-TE-03949,PERSON-001480,Silver,Hyundai,Venue,Active,true
VEH-003950,Van,SYN-KA-03950,PERSON-000233,Silver,Toyota,Urban Cruiser,Active,true
VEH-003951,Van,SYN-KE-03951,PERSON-000886,Grey,Tata,Altroz,Active,true
VEH-003952,Car,SYN-TA-03952,PERSON-002481,Blue,Mahindra,Bolero,Active,true
VEH-003953,SUV,SYN-GU-03953,PERSON-001059,Blue,Maruti,Swift,Transferred,true
VEH-003954,Auto,SYN-KE-03954,PERSON-000302,Silver,Tata,Altroz,Transferred,true
VEH-003955,Auto,SYN-TE-03955,PERSON-002122,Blue,Maruti,Baleno,Active,true
VEH-003956,Truck,SYN-TA-03956,PERSON-000305,Black,Tata,Altroz,Transferred,true
VEH-003957,Truck,SYN-KA-03957,PERSON-000842,White,Mahindra,Scorpio,Transferred,true
VEH-003958,SUV,SYN-TE-03958,PERSON-001419,Grey,Toyota,Urban Cruiser,Transferred,true
VEH-003959,Auto,SYN-TA-03959,PERSON-002845,White,Toyota,Urban Cruiser,Transferred,true
VEH-003960,Motorcycle,SYN-GU-03960,PERSON-002788,Blue,Tata,Nexon,Active,true
VEH-003961,SUV,SYN-KE-03961,PERSON-000763,Grey,Mahindra,XUV,Active,true
VEH-003962,SUV,SYN-GU-03962,PERSON-000455,Grey,Toyota,Urban Cruiser,Active,true
VEH-003963,SUV,SYN-RA-03963,PERSON-001385,Red,Mahindra,Scorpio,Active,true
VEH-003964,Van,SYN-RA-03964,PERSON-002517,Black,Maruti,Baleno,Transferred,true
VEH-003965,Truck,SYN-DE-03965,PERSON-000538,White,Mahindra,Scorpio,Active,true
VEH-003966,Auto,SYN-KA-03966,PERSON-001544,Silver,Mahindra,XUV,Active,true
VEH-003967,Car,SYN-TA-03967,PERSON-002873,Black,Tata,Altroz,Active,true
VEH-003968,Car,SYN-KE-03968,PERSON-002757,White,Toyota,Urban Cruiser,Active,true
VEH-003969,Car,SYN-TA-03969,PERSON-001543,Grey,Hyundai,Creta,Active,true
VEH-003970,SUV,SYN-TA-03970,PERSON-002675,Silver,Toyota,Innova,Active,true
VEH-003971,Truck,SYN-KE-03971,PERSON-001596,Red,Toyota,Innova,Transferred,true
VEH-003972,Truck,SYN-RA-03972,PERSON-001363,White,Tata,Punch,Active,true
VEH-003973,SUV,SYN-DE-03973,PERSON-000832,Silver,Toyota,Innova,Active,true
VEH-003974,Car,SYN-WE-03974,PERSON-002713,Silver,Toyota,Innova,Active,true
VEH-003975,Van,SYN-KA-03975,PERSON-002896,Silver,Toyota,Urban Cruiser,Transferred,true
VEH-003976,Car,SYN-UT-03976,PERSON-001873,White,Mahindra,Bolero,Active,true
VEH-003977,SUV,SYN-UT-03977,PERSON-002847,Blue,Hyundai,i20,Active,true
VEH-003978,Car,SYN-UT-03978,PERSON-001847,Grey,Mahindra,Scorpio,Active,true
VEH-003979,SUV,SYN-UT-03979,PERSON-002922,Black,Maruti,Baleno,Active,true
VEH-003980,SUV,SYN-DE-03980,PERSON-001425,Grey,Hyundai,i20,Active,true
VEH-003981,Van,SYN-MA-03981,PERSON-001071,Red,Toyota,Innova,Active,true
VEH-003982,Car,SYN-KA-03982,PERSON-002068,Black,Maruti,Ertiga,Active,true
VEH-003983,Car,SYN-UT-03983,PERSON-001578,Red,Tata,Altroz,Active,true
VEH-003984,SUV,SYN-KE-03984,PERSON-000438,Blue,Mahindra,Bolero,Active,true
VEH-003985,Van,SYN-KE-03985,PERSON-000135,White,Maruti,Baleno,Active,true
VEH-003986,Motorcycle,SYN-TA-03986,PERSON-002481,White,Mahindra,Scorpio,Transferred,true
VEH-003987,SUV,SYN-UT-03987,PERSON-000647,White,Toyota,Urban Cruiser,Active,true
VEH-003988,SUV,SYN-TE-03988,PERSON-001419,Silver,Mahindra,Bolero,Active,true
VEH-003989,SUV,SYN-TE-03989,PERSON-000121,White,Mahindra,Bolero,Active,true
VEH-003990,Van,SYN-DE-03990,PERSON-001369,White,Tata,Nexon,Active,true
VEH-003991,Truck,SYN-GU-03991,PERSON-001886,Blue,Tata,Altroz,Active,true
VEH-003992,Truck,SYN-GU-03992,PERSON-000943,Red,Toyota,Innova,Transferred,true
VEH-003993,Auto,SYN-TA-03993,PERSON-001479,Black,Tata,Altroz,Active,true
VEH-003994,Car,SYN-WE-03994,PERSON-000845,Blue,Mahindra,Bolero,Active,true
VEH-003995,Auto,SYN-KE-03995,PERSON-001301,White,Tata,Punch,Transferred,true
VEH-003996,Car,SYN-KA-03996,PERSON-002136,White,Mahindra,XUV,Active,true
VEH-003997,SUV,SYN-RA-03997,PERSON-000784,Grey,Toyota,Innova,Active,true
VEH-003998,Auto,SYN-KE-03998,PERSON-002164,Silver,Tata,Altroz,Transferred,true
VEH-003999,Car,SYN-UT-03999,PERSON-001107,White,Hyundai,Venue,Transferred,true
VEH-004000,Motorcycle,SYN-TA-04000,PERSON-000479,Black,Tata,Altroz,Active,true
VEH-004001,Van,SYN-WE-04001,PERSON-000393,Black,Toyota,Urban Cruiser,Active,true
VEH-004002,Car,SYN-GU-04002,PERSON-001860,Red,Mahindra,XUV,Transferred,true
VEH-004003,Van,SYN-KA-04003,PERSON-002998,Black,Toyota,Innova,Transferred,true
VEH-004004,Motorcycle,SYN-TA-04004,PERSON-000948,Grey,Hyundai,i20,Active,true
VEH-004005,Van,SYN-KA-04005,PERSON-000576,White,Hyundai,i20,Active,true
VEH-004006,Truck,SYN-DE-04006,PERSON-000904,Silver,Maruti,Swift,Active,true
VEH-004007,Auto,SYN-TE-04007,PERSON-001691,Silver,Hyundai,i20,Transferred,true
VEH-004008,Truck,SYN-TE-04008,PERSON-002304,Blue,Toyota,Innova,Active,true
VEH-004009,Auto,SYN-WE-04009,PERSON-002393,Blue,Tata,Punch,Active,true
VEH-004010,Auto,SYN-UT-04010,PERSON-001847,Black,Maruti,Swift,Transferred,true
VEH-004011,Car,SYN-MA-04011,PERSON-001210,Blue,Toyota,Innova,Active,true
VEH-004012,Truck,SYN-TE-04012,PERSON-001667,Silver,Hyundai,Creta,Active,true
VEH-004013,Truck,SYN-GU-04013,PERSON-002750,Grey,Toyota,Urban Cruiser,Active,true
VEH-004014,SUV,SYN-MA-04014,PERSON-001589,Grey,Toyota,Urban Cruiser,Transferred,true
VEH-004015,Auto,SYN-KE-04015,PERSON-001670,Red,Mahindra,Scorpio,Active,true
VEH-004016,Motorcycle,SYN-TE-04016,PERSON-001558,Black,Hyundai,i20,Transferred,true
VEH-004017,Van,SYN-RA-04017,PERSON-001474,Red,Mahindra,Scorpio,Active,true
VEH-004018,Van,SYN-GU-04018,PERSON-001115,Blue,Tata,Nexon,Active,true
VEH-004019,Car,SYN-DE-04019,PERSON-000267,Blue,Mahindra,XUV,Transferred,true
VEH-004020,Car,SYN-UT-04020,PERSON-002900,Silver,Maruti,Baleno,Transferred,true
VEH-004021,Van,SYN-MA-04021,PERSON-000440,White,Mahindra,XUV,Active,true
VEH-004022,Car,SYN-MA-04022,PERSON-001172,Blue,Hyundai,Creta,Transferred,true
VEH-004023,Car,SYN-KA-04023,PERSON-002740,Red,Toyota,Innova,Transferred,true
VEH-004024,Motorcycle,SYN-MA-04024,PERSON-000181,Red,Toyota,Urban Cruiser,Active,true
VEH-004025,Truck,SYN-KE-04025,PERSON-002197,Grey,Hyundai,Creta,Transferred,true
VEH-004026,Car,SYN-MA-04026,PERSON-000096,Red,Mahindra,XUV,Active,true
VEH-004027,Truck,SYN-RA-04027,PERSON-002517,Red,Toyota,Urban Cruiser,Active,true
VEH-004028,Car,SYN-TE-04028,PERSON-001898,Black,Tata,Nexon,Active,true
VEH-004029,Car,SYN-TE-04029,PERSON-000621,Black,Hyundai,Venue,Active,true
VEH-004030,Auto,SYN-UT-04030,PERSON-000765,Silver,Mahindra,Scorpio,Transferred,true
VEH-004031,Car,SYN-KE-04031,PERSON-000611,Blue,Maruti,Ertiga,Transferred,true
VEH-004032,SUV,SYN-TA-04032,PERSON-000906,Red,Mahindra,Scorpio,Transferred,true
VEH-004033,SUV,SYN-RA-04033,PERSON-001363,Grey,Mahindra,Scorpio,Active,true
VEH-004034,Motorcycle,SYN-DE-04034,PERSON-000832,Red,Maruti,Ertiga,Active,true
VEH-004035,Auto,SYN-KE-04035,PERSON-000886,Blue,Toyota,Urban Cruiser,Active,true
VEH-004036,Motorcycle,SYN-WE-04036,PERSON-002713,Blue,Maruti,Swift,Active,true
VEH-004037,SUV,SYN-WE-04037,PERSON-000497,Grey,Toyota,Urban Cruiser,Active,true
VEH-004038,Auto,SYN-TE-04038,PERSON-000635,Red,Hyundai,Venue,Active,true
VEH-004039,Van,SYN-UT-04039,PERSON-002922,Blue,Mahindra,XUV,Active,true
VEH-004040,Motorcycle,SYN-KE-04040,PERSON-002020,Black,Hyundai,Creta,Active,true
VEH-004041,Car,SYN-DE-04041,PERSON-001540,Black,Tata,Nexon,Active,true
VEH-004042,Motorcycle,SYN-UT-04042,PERSON-001578,Silver,Mahindra,Scorpio,Transferred,true
VEH-004043,Motorcycle,SYN-WE-04043,PERSON-000488,Grey,Hyundai,i20,Active,true
VEH-004044,Truck,SYN-KE-04044,PERSON-001596,Grey,Hyundai,i20,Active,true
VEH-004045,SUV,SYN-WE-04045,PERSON-000497,White,Mahindra,XUV,Transferred,true
VEH-004046,Truck,SYN-KA-04046,PERSON-000576,Red,Maruti,Ertiga,Active,true
VEH-004047,Auto,SYN-KE-04047,PERSON-000260,White,Maruti,Baleno,Transferred,true
VEH-004048,Motorcycle,SYN-TE-04048,PERSON-000245,Black,Maruti,Ertiga,Active,true
VEH-004049,Motorcycle,SYN-MA-04049,PERSON-002930,Grey,Maruti,Swift,Active,true
VEH-004050,Van,SYN-TA-04050,PERSON-002397,White,Maruti,Baleno,Transferred,true
VEH-004051,Car,SYN-WE-04051,PERSON-001747,Grey,Maruti,Swift,Active,true
VEH-004052,Van,SYN-TA-04052,PERSON-002408,Red,Mahindra,XUV,Transferred,true
VEH-004053,Truck,SYN-TE-04053,PERSON-000374,Blue,Mahindra,Scorpio,Transferred,true
VEH-004054,Motorcycle,SYN-WE-04054,PERSON-001029,Grey,Maruti,Swift,Active,true
VEH-004055,Auto,SYN-DE-04055,PERSON-000957,Blue,Maruti,Baleno,Transferred,true
VEH-004056,Van,SYN-MA-04056,PERSON-000181,White,Toyota,Innova,Active,true
VEH-004057,Van,SYN-GU-04057,PERSON-001805,Grey,Toyota,Urban Cruiser,Active,true
VEH-004058,Motorcycle,SYN-UT-04058,PERSON-002077,Silver,Tata,Altroz,Active,true
VEH-004059,Motorcycle,SYN-MA-04059,PERSON-002771,Grey,Mahindra,XUV,Transferred,true
VEH-004060,Auto,SYN-TE-04060,PERSON-000140,White,Hyundai,Venue,Transferred,true
VEH-004061,Auto,SYN-WE-04061,PERSON-001863,Silver,Mahindra,Scorpio,Transferred,true
VEH-004062,SUV,SYN-KE-04062,PERSON-000438,Grey,Mahindra,Scorpio,Transferred,true
VEH-004063,Truck,SYN-UT-04063,PERSON-000285,Red,Hyundai,Venue,Active,true
VEH-004064,Van,SYN-MA-04064,PERSON-002442,Red,Toyota,Urban Cruiser,Active,true
VEH-004065,Car,SYN-TE-04065,PERSON-000792,Black,Hyundai,Venue,Active,true
VEH-004066,Truck,SYN-TE-04066,PERSON-001885,White,Hyundai,i20,Transferred,true
VEH-004067,Car,SYN-KE-04067,PERSON-000599,Silver,Mahindra,XUV,Active,true
VEH-004068,Motorcycle,SYN-MA-04068,PERSON-000042,Silver,Hyundai,i20,Active,true
VEH-004069,Truck,SYN-KE-04069,PERSON-000165,White,Mahindra,XUV,Active,true
VEH-004070,Truck,SYN-KA-04070,PERSON-002068,Black,Maruti,Baleno,Active,true
VEH-004071,Auto,SYN-RA-04071,PERSON-000032,Black,Tata,Altroz,Active,true
VEH-004072,Auto,SYN-UT-04072,PERSON-001012,Grey,Mahindra,Scorpio,Active,true
VEH-004073,Van,SYN-WE-04073,PERSON-000734,Blue,Hyundai,Venue,Transferred,true
VEH-004074,Truck,SYN-WE-04074,PERSON-000001,Red,Toyota,Innova,Active,true
VEH-004075,SUV,SYN-MA-04075,PERSON-000710,Red,Maruti,Baleno,Transferred,true
VEH-004076,Van,SYN-WE-04076,PERSON-000712,Grey,Mahindra,Scorpio,Transferred,true
VEH-004077,SUV,SYN-RA-04077,PERSON-001385,Red,Maruti,Ertiga,Active,true
VEH-004078,Van,SYN-KE-04078,PERSON-002020,White,Mahindra,Bolero,Transferred,true
VEH-004079,Car,SYN-GU-04079,PERSON-002279,White,Tata,Altroz,Active,true
VEH-004080,Car,SYN-TE-04080,PERSON-001898,Grey,Hyundai,i20,Active,true
VEH-004081,Van,SYN-TA-04081,PERSON-001992,Red,Maruti,Swift,Active,true
VEH-004082,Truck,SYN-MA-04082,PERSON-001542,White,Maruti,Baleno,Transferred,true
VEH-004083,Van,SYN-WE-04083,PERSON-000060,Red,Maruti,Ertiga,Transferred,true
VEH-004084,SUV,SYN-DE-04084,PERSON-000832,Black,Toyota,Innova,Transferred,true
VEH-004085,Van,SYN-KE-04085,PERSON-000886,Blue,Toyota,Innova,Active,true
VEH-004086,Motorcycle,SYN-TE-04086,PERSON-001480,Grey,Mahindra,Bolero,Active,true
VEH-004087,Van,SYN-TE-04087,PERSON-002737,White,Maruti,Baleno,Transferred,true
VEH-004088,Truck,SYN-GU-04088,PERSON-000473,Blue,Tata,Punch,Transferred,true
VEH-004089,Car,SYN-MA-04089,PERSON-000042,Black,Maruti,Ertiga,Active,true
VEH-004090,Motorcycle,SYN-KA-04090,PERSON-002068,Grey,Maruti,Baleno,Transferred,true
VEH-004091,SUV,SYN-GU-04091,PERSON-000274,Silver,Toyota,Urban Cruiser,Transferred,true
VEH-004092,Truck,SYN-DE-04092,PERSON-000146,Blue,Toyota,Innova,Active,true
VEH-004093,Auto,SYN-KE-04093,PERSON-002609,Grey,Tata,Punch,Transferred,true
VEH-004094,Car,SYN-TA-04094,PERSON-000906,Blue,Mahindra,Scorpio,Transferred,true
VEH-004095,Car,SYN-WE-04095,PERSON-000047,Black,Hyundai,Creta,Active,true
VEH-004096,Truck,SYN-WE-04096,PERSON-000279,Blue,Maruti,Swift,Active,true
VEH-004097,SUV,SYN-MA-04097,PERSON-002223,Red,Mahindra,Bolero,Transferred,true
VEH-004098,Auto,SYN-RA-04098,PERSON-001768,Red,Mahindra,XUV,Active,true
VEH-004099,Auto,SYN-WE-04099,PERSON-002964,Grey,Tata,Altroz,Active,true
VEH-004100,Auto,SYN-GU-04100,PERSON-000473,Black,Tata,Nexon,Transferred,true
VEH-004101,Truck,SYN-WE-04101,PERSON-001706,Silver,Tata,Nexon,Active,true
VEH-004102,Car,SYN-WE-04102,PERSON-000279,White,Mahindra,XUV,Active,true
VEH-004103,Car,SYN-RA-04103,PERSON-001768,Silver,Mahindra,Bolero,Active,true
VEH-004104,Truck,SYN-MA-04104,PERSON-002223,Blue,Tata,Altroz,Active,true
VEH-004105,Motorcycle,SYN-KE-04105,PERSON-002205,Grey,Maruti,Swift,Active,true
VEH-004106,Car,SYN-WE-04106,PERSON-002964,Silver,Toyota,Innova,Active,true
VEH-004107,Car,SYN-DE-04107,PERSON-002335,Black,Toyota,Urban Cruiser,Transferred,true
VEH-004108,Van,SYN-WE-04108,PERSON-000667,White,Mahindra,XUV,Transferred,true
VEH-004109,Van,SYN-GU-04109,PERSON-001131,Black,Tata,Altroz,Active,true
VEH-004110,Van,SYN-KE-04110,PERSON-001234,Grey,Hyundai,i20,Active,true
VEH-004111,Van,SYN-UT-04111,PERSON-000405,Red,Tata,Nexon,Active,true
VEH-004112,SUV,SYN-TA-04112,PERSON-001479,Blue,Maruti,Baleno,Active,true
VEH-004113,SUV,SYN-UT-04113,PERSON-000074,Blue,Maruti,Swift,Active,true
VEH-004114,Truck,SYN-RA-04114,PERSON-000154,Blue,Hyundai,Venue,Active,true
VEH-004115,Car,SYN-GU-04115,PERSON-000132,Grey,Mahindra,Bolero,Active,true
VEH-004116,SUV,SYN-KE-04116,PERSON-001941,Red,Hyundai,Venue,Transferred,true
VEH-004117,SUV,SYN-WE-04117,PERSON-002901,Blue,Hyundai,i20,Active,true
VEH-004118,SUV,SYN-GU-04118,PERSON-000575,Black,Tata,Altroz,Transferred,true
VEH-004119,SUV,SYN-TA-04119,PERSON-000072,Red,Maruti,Baleno,Transferred,true
VEH-004120,Truck,SYN-DE-04120,PERSON-000682,Silver,Tata,Punch,Active,true
VEH-004121,Motorcycle,SYN-MA-04121,PERSON-000042,Silver,Mahindra,XUV,Active,true
VEH-004122,SUV,SYN-KE-04122,PERSON-000165,Silver,Mahindra,XUV,Transferred,true
VEH-004123,Motorcycle,SYN-TE-04123,PERSON-001481,Silver,Hyundai,Venue,Transferred,true
VEH-004124,Van,SYN-KA-04124,PERSON-002068,Silver,Mahindra,Bolero,Active,true
VEH-004125,Auto,SYN-RA-04125,PERSON-000032,Blue,Toyota,Innova,Transferred,true
VEH-004126,Van,SYN-GU-04126,PERSON-000081,Grey,Maruti,Ertiga,Active,true
VEH-004127,Motorcycle,SYN-GU-04127,PERSON-001861,Black,Mahindra,Bolero,Transferred,true
VEH-004128,Truck,SYN-GU-04128,PERSON-000063,Black,Mahindra,Scorpio,Active,true
VEH-004129,Car,SYN-WE-04129,PERSON-001507,White,Tata,Nexon,Transferred,true
VEH-004130,Motorcycle,SYN-GU-04130,PERSON-002872,Black,Hyundai,i20,Active,true
VEH-004131,Van,SYN-GU-04131,PERSON-002879,Red,Tata,Nexon,Transferred,true
VEH-004132,SUV,SYN-UT-04132,PERSON-000405,White,Tata,Punch,Active,true
VEH-004133,Truck,SYN-UT-04133,PERSON-000647,Grey,Tata,Altroz,Active,true
VEH-004134,Auto,SYN-KE-04134,PERSON-002020,Grey,Toyota,Innova,Active,true
VEH-004135,Car,SYN-KA-04135,PERSON-002915,Silver,Mahindra,Bolero,Active,true
VEH-004136,Van,SYN-RA-04136,PERSON-002920,Blue,Toyota,Urban Cruiser,Active,true
VEH-004137,Auto,SYN-MA-04137,PERSON-000139,White,Tata,Nexon,Active,true
VEH-004138,Truck,SYN-KE-04138,PERSON-001116,Red,Toyota,Innova,Active,true
VEH-004139,Van,SYN-KA-04139,PERSON-002006,Red,Mahindra,XUV,Active,true
VEH-004140,SUV,SYN-DE-04140,PERSON-000195,Blue,Hyundai,i20,Active,true
VEH-004141,Car,SYN-KE-04141,PERSON-002020,Blue,Maruti,Baleno,Active,true
VEH-004142,Motorcycle,SYN-MA-04142,PERSON-000921,Silver,Tata,Altroz,Active,true
VEH-004143,Car,SYN-TA-04143,PERSON-001992,Black,Hyundai,Venue,Active,true
VEH-004144,Auto,SYN-WE-04144,PERSON-000488,Silver,Mahindra,XUV,Active,true
VEH-004145,Car,SYN-UT-04145,PERSON-000765,White,Maruti,Swift,Transferred,true
VEH-004146,Van,SYN-GU-04146,PERSON-000825,Red,Hyundai,Creta,Transferred,true
VEH-004147,Motorcycle,SYN-TA-04147,PERSON-002397,Blue,Maruti,Ertiga,Active,true
VEH-004148,Auto,SYN-UT-04148,PERSON-001578,Silver,Maruti,Ertiga,Active,true
VEH-004149,Truck,SYN-RA-04149,PERSON-001474,Grey,Tata,Altroz,Transferred,true
VEH-004150,Motorcycle,SYN-UT-04150,PERSON-002900,Grey,Maruti,Swift,Transferred,true
VEH-004151,Motorcycle,SYN-DE-04151,PERSON-000267,White,Mahindra,XUV,Active,true
VEH-004152,Van,SYN-KA-04152,PERSON-001757,Black,Hyundai,Venue,Active,true
VEH-004153,SUV,SYN-WE-04153,PERSON-002821,Black,Hyundai,Venue,Active,true
VEH-004154,Motorcycle,SYN-RA-04154,PERSON-001474,Red,Hyundai,Venue,Active,true
VEH-004155,Truck,SYN-GU-04155,PERSON-001115,White,Maruti,Baleno,Active,true
VEH-004156,Auto,SYN-DE-04156,PERSON-000267,Red,Mahindra,Scorpio,Transferred,true
VEH-004157,Van,SYN-MA-04157,PERSON-000440,Grey,Mahindra,Bolero,Transferred,true
VEH-004158,Auto,SYN-KE-04158,PERSON-002020,Red,Maruti,Ertiga,Transferred,true
VEH-004159,SUV,SYN-DE-04159,PERSON-000538,Silver,Mahindra,Bolero,Active,true
VEH-004160,Car,SYN-TE-04160,PERSON-000449,Red,Mahindra,Scorpio,Active,true
VEH-004161,Auto,SYN-TA-04161,PERSON-002873,Black,Toyota,Innova,Active,true
VEH-004162,Van,SYN-DE-04162,PERSON-001540,Red,Mahindra,XUV,Active,true
VEH-004163,Van,SYN-WE-04163,PERSON-001205,Blue,Hyundai,Venue,Active,true
VEH-004164,SUV,SYN-RA-04164,PERSON-000846,Black,Tata,Altroz,Active,true
VEH-004165,Auto,SYN-MA-04165,PERSON-000217,Grey,Hyundai,i20,Active,true
VEH-004166,Van,SYN-DE-04166,PERSON-000146,Grey,Maruti,Baleno,Active,true
VEH-004167,SUV,SYN-KE-04167,PERSON-002609,Black,Maruti,Baleno,Transferred,true
VEH-004168,Auto,SYN-TA-04168,PERSON-000906,Black,Toyota,Innova,Active,true
VEH-004169,Auto,SYN-MA-04169,PERSON-002223,White,Maruti,Ertiga,Active,true
VEH-004170,Motorcycle,SYN-KE-04170,PERSON-002205,Black,Maruti,Ertiga,Transferred,true
VEH-004171,Truck,SYN-TA-04171,PERSON-002944,White,Tata,Nexon,Active,true
VEH-004172,Truck,SYN-TA-04172,PERSON-000479,Black,Hyundai,i20,Active,true
VEH-004173,Car,SYN-KA-04173,PERSON-000295,White,Hyundai,i20,Transferred,true
VEH-004174,Motorcycle,SYN-RA-04174,PERSON-000846,Grey,Tata,Altroz,Active,true
VEH-004175,Van,SYN-TA-04175,PERSON-000653,Silver,Tata,Nexon,Active,true
VEH-004176,Car,SYN-GU-04176,PERSON-000823,Red,Hyundai,Venue,Active,true
VEH-004177,SUV,SYN-UT-04177,PERSON-000838,White,Toyota,Urban Cruiser,Transferred,true
VEH-004178,Car,SYN-MA-04178,PERSON-000921,Grey,Toyota,Innova,Transferred,true
VEH-004179,SUV,SYN-WE-04179,PERSON-001965,Red,Hyundai,Creta,Transferred,true
VEH-004180,Auto,SYN-TA-04180,PERSON-001992,Blue,Toyota,Innova,Active,true
VEH-004181,SUV,SYN-RA-04181,PERSON-001363,Black,Hyundai,Venue,Active,true
VEH-004182,Car,SYN-TE-04182,PERSON-000635,Grey,Maruti,Swift,Active,true
VEH-004183,SUV,SYN-KE-04183,PERSON-000886,Blue,Mahindra,XUV,Active,true
VEH-004184,Van,SYN-UT-04184,PERSON-002847,Blue,Tata,Punch,Active,true
VEH-004185,Van,SYN-UT-04185,PERSON-001847,Grey,Hyundai,i20,Transferred,true
VEH-004186,Van,SYN-TA-04186,PERSON-000789,Grey,Maruti,Baleno,Active,true
VEH-004187,SUV,SYN-KA-04187,PERSON-001664,Black,Toyota,Urban Cruiser,Active,true
VEH-004188,Car,SYN-DE-04188,PERSON-000919,Grey,Mahindra,Bolero,Active,true
VEH-004189,SUV,SYN-TA-04189,PERSON-002675,White,Mahindra,XUV,Active,true
VEH-004190,Van,SYN-KA-04190,PERSON-001343,Blue,Toyota,Urban Cruiser,Active,true
VEH-004191,Van,SYN-RA-04191,PERSON-001315,Grey,Tata,Punch,Transferred,true
VEH-004192,Car,SYN-DE-04192,PERSON-000697,Silver,Mahindra,Bolero,Active,true
VEH-004193,SUV,SYN-TA-04193,PERSON-002873,Grey,Tata,Nexon,Active,true
VEH-004194,Motorcycle,SYN-TE-04194,PERSON-000083,Black,Mahindra,XUV,Transferred,true
VEH-004195,SUV,SYN-TA-04195,PERSON-001543,Silver,Mahindra,Bolero,Active,true
VEH-004196,Auto,SYN-WE-04196,PERSON-001205,Black,Maruti,Ertiga,Transferred,true
VEH-004197,Van,SYN-TA-04197,PERSON-001880,Blue,Toyota,Urban Cruiser,Transferred,true
VEH-004198,Car,SYN-TE-04198,PERSON-000621,Black,Maruti,Baleno,Transferred,true
VEH-004199,Car,SYN-MA-04199,PERSON-000357,Grey,Maruti,Swift,Active,true
VEH-004200,Truck,SYN-WE-04200,PERSON-001955,Red,Tata,Altroz,Transferred,true
VEH-004201,Car,SYN-RA-04201,PERSON-002986,Grey,Toyota,Urban Cruiser,Active,true
VEH-004202,SUV,SYN-KA-04202,PERSON-002068,Silver,Maruti,Ertiga,Active,true
VEH-004203,SUV,SYN-KA-04203,PERSON-001664,Blue,Maruti,Swift,Active,true
VEH-004204,Van,SYN-KA-04204,PERSON-001343,Blue,Mahindra,XUV,Active,true
VEH-004205,Car,SYN-KA-04205,PERSON-002998,Black,Mahindra,XUV,Active,true
VEH-004206,Motorcycle,SYN-GU-04206,PERSON-002750,Black,Tata,Altroz,Active,true
VEH-004207,Auto,SYN-RA-04207,PERSON-001315,White,Toyota,Urban Cruiser,Active,true
VEH-004208,Van,SYN-KA-04208,PERSON-000576,Silver,Toyota,Urban Cruiser,Active,true
VEH-004209,Truck,SYN-KE-04209,PERSON-002757,Red,Toyota,Urban Cruiser,Active,true
VEH-004210,SUV,SYN-MA-04210,PERSON-000106,Silver,Toyota,Urban Cruiser,Active,true
VEH-004211,SUV,SYN-MA-04211,PERSON-002715,Blue,Maruti,Swift,Transferred,true
VEH-004212,SUV,SYN-RA-04212,PERSON-002829,Black,Maruti,Baleno,Active,true
VEH-004213,SUV,SYN-TA-04213,PERSON-002873,Black,Tata,Altroz,Transferred,true
VEH-004214,Van,SYN-MA-04214,PERSON-000921,White,Hyundai,Creta,Active,true
VEH-004215,Van,SYN-TA-04215,PERSON-001543,Black,Tata,Punch,Active,true
VEH-004216,Motorcycle,SYN-TE-04216,PERSON-000621,Blue,Toyota,Innova,Active,true
VEH-004217,Car,SYN-UT-04217,PERSON-000765,Black,Tata,Nexon,Active,true
VEH-004218,Auto,SYN-TA-04218,PERSON-002675,White,Tata,Altroz,Active,true
VEH-004219,SUV,SYN-KE-04219,PERSON-001596,Red,Tata,Punch,Active,true
VEH-004220,SUV,SYN-DE-04220,PERSON-000832,Silver,Toyota,Urban Cruiser,Active,true
VEH-004221,Auto,SYN-TE-04221,PERSON-001480,Grey,Mahindra,XUV,Active,true
VEH-004222,Auto,SYN-WE-04222,PERSON-002713,Blue,Tata,Punch,Active,true
VEH-004223,Van,SYN-UT-04223,PERSON-001847,Silver,Maruti,Ertiga,Active,true
VEH-004224,Auto,SYN-TE-04224,PERSON-000635,Black,Toyota,Innova,Transferred,true
VEH-004225,Motorcycle,SYN-DE-04225,PERSON-000146,White,Maruti,Baleno,Active,true
VEH-004226,Car,SYN-KA-04226,PERSON-001664,White,Hyundai,Venue,Transferred,true
VEH-004227,Auto,SYN-RA-04227,PERSON-000351,Black,Maruti,Ertiga,Active,true
VEH-004228,Car,SYN-GU-04228,PERSON-002750,Black,Tata,Punch,Transferred,true
VEH-004229,Van,SYN-KE-04229,PERSON-001670,Blue,Toyota,Innova,Active,true
VEH-004230,Truck,SYN-DE-04230,PERSON-001687,Blue,Maruti,Ertiga,Transferred,true
VEH-004231,SUV,SYN-MA-04231,PERSON-000710,Silver,Tata,Altroz,Active,true
VEH-004232,Truck,SYN-KE-04232,PERSON-000207,Grey,Maruti,Ertiga,Active,true
VEH-004233,Van,SYN-KA-04233,PERSON-000111,Silver,Maruti,Swift,Transferred,true
VEH-004234,Car,SYN-TE-04234,PERSON-000245,Grey,Maruti,Baleno,Transferred,true
VEH-004235,SUV,SYN-GU-04235,PERSON-000943,Blue,Mahindra,XUV,Active,true
VEH-004236,Truck,SYN-TA-04236,PERSON-002150,Grey,Tata,Nexon,Active,true
VEH-004237,Auto,SYN-TE-04237,PERSON-001691,Red,Tata,Altroz,Active,true
VEH-004238,Truck,SYN-KA-04238,PERSON-001343,Black,Mahindra,Bolero,Transferred,true
VEH-004239,SUV,SYN-KA-04239,PERSON-002998,Black,Hyundai,i20,Active,true
VEH-004240,Truck,SYN-TA-04240,PERSON-000948,Blue,Mahindra,Bolero,Active,true
VEH-004241,Truck,SYN-RA-04241,PERSON-001315,Grey,Tata,Altroz,Active,true
VEH-004242,Car,SYN-DE-04242,PERSON-000904,Black,Maruti,Ertiga,Active,true
VEH-004243,Motorcycle,SYN-MA-04243,PERSON-002715,Silver,Hyundai,Venue,Transferred,true
VEH-004244,Car,SYN-WE-04244,PERSON-001334,Blue,Maruti,Ertiga,Active,true
VEH-004245,Truck,SYN-KE-04245,PERSON-000260,Grey,Toyota,Innova,Transferred,true
VEH-004246,Auto,SYN-GU-04246,PERSON-000825,White,Toyota,Urban Cruiser,Active,true
VEH-004247,SUV,SYN-GU-04247,PERSON-000943,Blue,Toyota,Urban Cruiser,Active,true
VEH-004248,Van,SYN-TA-04248,PERSON-002397,Red,Tata,Nexon,Active,true
VEH-004249,Motorcycle,SYN-WE-04249,PERSON-001747,Silver,Mahindra,Bolero,Transferred,true
VEH-004250,Auto,SYN-TA-04250,PERSON-002408,Grey,Maruti,Baleno,Active,true
VEH-004251,Motorcycle,SYN-KE-04251,PERSON-000260,Grey,Mahindra,Scorpio,Active,true
VEH-004252,Van,SYN-GU-04252,PERSON-000825,Blue,Mahindra,Bolero,Active,true
VEH-004253,SUV,SYN-TE-04253,PERSON-001780,Grey,Mahindra,Scorpio,Active,true
VEH-004254,SUV,SYN-TE-04254,PERSON-002304,Red,Hyundai,Creta,Active,true
VEH-004255,Van,SYN-UT-04255,PERSON-001847,Red,Hyundai,i20,Active,true
VEH-004256,Truck,SYN-TA-04256,PERSON-002675,White,Hyundai,Venue,Transferred,true
VEH-004257,Van,SYN-KE-04257,PERSON-001596,Red,Hyundai,i20,Active,true
VEH-004258,Truck,SYN-KE-04258,PERSON-001141,White,Mahindra,XUV,Active,true
VEH-004259,Auto,SYN-UT-04259,PERSON-002922,Red,Hyundai,i20,Transferred,true
VEH-004260,Car,SYN-KE-04260,PERSON-001596,White,Hyundai,i20,Transferred,true
VEH-004261,SUV,SYN-RA-04261,PERSON-001363,Silver,Hyundai,Creta,Transferred,true
VEH-004262,Car,SYN-KA-04262,PERSON-002896,Red,Mahindra,Scorpio,Transferred,true
VEH-004263,Auto,SYN-TE-04263,PERSON-000635,Blue,Tata,Altroz,Transferred,true
VEH-004264,Auto,SYN-TE-04264,PERSON-001480,Black,Maruti,Swift,Transferred,true
VEH-004265,SUV,SYN-UT-04265,PERSON-002922,White,Tata,Nexon,Active,true
VEH-004266,Motorcycle,SYN-GU-04266,PERSON-001861,Silver,Tata,Altroz,Transferred,true
VEH-004267,SUV,SYN-RA-04267,PERSON-002574,Red,Tata,Punch,Active,true
VEH-004268,Auto,SYN-GU-04268,PERSON-000063,Grey,Mahindra,XUV,Active,true
VEH-004269,Van,SYN-KE-04269,PERSON-002757,Black,Maruti,Baleno,Active,true
VEH-004270,Truck,SYN-GU-04270,PERSON-000825,Red,Maruti,Swift,Active,true
VEH-004271,SUV,SYN-WE-04271,PERSON-001747,Red,Toyota,Urban Cruiser,Transferred,true
VEH-004272,SUV,SYN-TA-04272,PERSON-000305,White,Tata,Altroz,Active,true
VEH-004273,Van,SYN-KA-04273,PERSON-001259,Silver,Mahindra,Bolero,Active,true
VEH-004274,Van,SYN-GU-04274,PERSON-000850,Silver,Hyundai,Creta,Transferred,true
VEH-004275,Car,SYN-GU-04275,PERSON-001861,Blue,Hyundai,Creta,Active,true
VEH-004276,Car,SYN-GU-04276,PERSON-000063,White,Hyundai,Venue,Transferred,true
VEH-004277,SUV,SYN-GU-04277,PERSON-000863,Silver,Toyota,Innova,Active,true
VEH-004278,Truck,SYN-MA-04278,PERSON-001589,Red,Hyundai,Creta,Transferred,true
VEH-004279,Motorcycle,SYN-WE-04279,PERSON-002393,Blue,Maruti,Ertiga,Active,true
VEH-004280,Truck,SYN-TE-04280,PERSON-001558,Grey,Tata,Nexon,Transferred,true
VEH-004281,Auto,SYN-KA-04281,PERSON-000540,Black,Hyundai,Creta,Transferred,true
VEH-004282,Motorcycle,SYN-DE-04282,PERSON-000180,Silver,Maruti,Ertiga,Active,true
VEH-004283,Truck,SYN-DE-04283,PERSON-000267,Blue,Maruti,Baleno,Active,true
VEH-004284,Van,SYN-GU-04284,PERSON-000473,Blue,Toyota,Urban Cruiser,Transferred,true
VEH-004285,Truck,SYN-WE-04285,PERSON-000047,White,Maruti,Ertiga,Active,true
VEH-004286,Van,SYN-MA-04286,PERSON-000217,Black,Tata,Punch,Active,true
VEH-004287,Truck,SYN-MA-04287,PERSON-002223,Red,Mahindra,XUV,Active,true
VEH-004288,Car,SYN-GU-04288,PERSON-000850,White,Hyundai,Venue,Active,true
VEH-004289,Car,SYN-GU-04289,PERSON-001861,Silver,Mahindra,Bolero,Active,true
VEH-004290,Truck,SYN-GU-04290,PERSON-000863,White,Toyota,Urban Cruiser,Transferred,true
VEH-004291,Van,SYN-GU-04291,PERSON-000063,Blue,Toyota,Innova,Active,true
VEH-004292,Auto,SYN-KE-04292,PERSON-002757,Silver,Maruti,Baleno,Active,true
VEH-004293,Auto,SYN-RA-04293,PERSON-002517,Red,Hyundai,Creta,Transferred,true
VEH-004294,Motorcycle,SYN-KE-04294,PERSON-002020,Red,Mahindra,XUV,Transferred,true
VEH-004295,Van,SYN-TE-04295,PERSON-001898,Blue,Hyundai,i20,Active,true
VEH-004296,Auto,SYN-GU-04296,PERSON-000863,White,Tata,Altroz,Active,true
VEH-004297,Car,SYN-DE-04297,PERSON-002745,Black,Maruti,Baleno,Active,true
VEH-004298,Truck,SYN-UT-04298,PERSON-000765,Red,Hyundai,Venue,Active,true
VEH-004299,Auto,SYN-MA-04299,PERSON-000357,White,Mahindra,Scorpio,Active,true
VEH-004300,Van,SYN-WE-04300,PERSON-001205,Grey,Hyundai,Creta,Transferred,true
VEH-004301,Motorcycle,SYN-WE-04301,PERSON-002821,White,Maruti,Ertiga,Transferred,true
VEH-004302,SUV,SYN-KA-04302,PERSON-000540,Red,Maruti,Baleno,Transferred,true
VEH-004303,Car,SYN-RA-04303,PERSON-001474,Red,Tata,Punch,Active,true
VEH-004304,Motorcycle,SYN-DE-04304,PERSON-001262,Black,Toyota,Innova,Active,true
VEH-004305,Van,SYN-WE-04305,PERSON-001610,Blue,Tata,Punch,Active,true
VEH-004306,Auto,SYN-TE-04306,PERSON-000792,White,Mahindra,Scorpio,Active,true
VEH-004307,Car,SYN-KA-04307,PERSON-001757,White,Toyota,Innova,Active,true
VEH-004308,Motorcycle,SYN-GU-04308,PERSON-000081,Black,Hyundai,i20,Transferred,true
VEH-004309,Truck,SYN-GU-04309,PERSON-001861,Silver,Toyota,Innova,Active,true
VEH-004310,Truck,SYN-GU-04310,PERSON-000063,Black,Maruti,Ertiga,Active,true
VEH-004311,Truck,SYN-GU-04311,PERSON-000863,Red,Mahindra,Scorpio,Transferred,true
VEH-004312,Car,SYN-KE-04312,PERSON-002757,Red,Tata,Nexon,Active,true
VEH-004313,Truck,SYN-MA-04313,PERSON-002758,Silver,Mahindra,Scorpio,Transferred,true
VEH-004314,SUV,SYN-KA-04314,PERSON-000566,Silver,Hyundai,Venue,Active,true
VEH-004315,SUV,SYN-RA-04315,PERSON-001552,Black,Maruti,Swift,Active,true
VEH-004316,Auto,SYN-TE-04316,PERSON-000245,Red,Hyundai,Creta,Active,true
VEH-004317,Auto,SYN-DE-04317,PERSON-001182,White,Toyota,Innova,Transferred,true
VEH-004318,Auto,SYN-UT-04318,PERSON-001578,Blue,Maruti,Swift,Transferred,true
VEH-004319,Van,SYN-MA-04319,PERSON-001071,Red,Toyota,Innova,Active,true
VEH-004320,Auto,SYN-RA-04320,PERSON-000898,Red,Tata,Punch,Active,true
VEH-004321,Auto,SYN-MA-04321,PERSON-000106,Red,Toyota,Innova,Transferred,true
VEH-004322,SUV,SYN-TE-04322,PERSON-001667,Silver,Mahindra,Scorpio,Transferred,true
VEH-004323,Car,SYN-RA-04323,PERSON-000351,Blue,Mahindra,XUV,Active,true
VEH-004324,Motorcycle,SYN-TE-04324,PERSON-001558,White,Maruti,Ertiga,Active,true
VEH-004325,Car,SYN-GU-04325,PERSON-002750,Red,Tata,Nexon,Transferred,true
VEH-004326,Truck,SYN-TA-04326,PERSON-001041,Red,Mahindra,Scorpio,Active,true
VEH-004327,Car,SYN-MA-04327,PERSON-001589,Red,Hyundai,Venue,Active,true
VEH-004328,Truck,SYN-MA-04328,PERSON-002417,Red,Maruti,Swift,Active,true
VEH-004329,Van,SYN-KE-04329,PERSON-002105,Grey,Mahindra,XUV,Active,true
VEH-004330,Van,SYN-RA-04330,PERSON-000784,Grey,Tata,Punch,Transferred,true
VEH-004331,Auto,SYN-KA-04331,PERSON-000717,Black,Toyota,Innova,Active,true
VEH-004332,SUV,SYN-DE-04332,PERSON-001182,Black,Toyota,Urban Cruiser,Active,true
VEH-004333,Truck,SYN-DE-04333,PERSON-000622,Red,Mahindra,Scorpio,Active,true
VEH-004334,Truck,SYN-KE-04334,PERSON-002164,Silver,Maruti,Baleno,Transferred,true
VEH-004335,Van,SYN-KE-04335,PERSON-002020,Black,Maruti,Baleno,Active,true
VEH-004336,Car,SYN-GU-04336,PERSON-002279,Blue,Mahindra,Bolero,Transferred,true
VEH-004337,Auto,SYN-TE-04337,PERSON-001898,Red,Hyundai,Venue,Transferred,true
VEH-004338,SUV,SYN-TE-04338,PERSON-000621,Silver,Hyundai,Creta,Active,true
VEH-004339,Truck,SYN-TE-04339,PERSON-000083,Black,Maruti,Swift,Active,true
VEH-004340,Motorcycle,SYN-MA-04340,PERSON-000357,Red,Toyota,Innova,Active,true
VEH-004341,Auto,SYN-KA-04341,PERSON-000540,Silver,Mahindra,XUV,Transferred,true
VEH-004342,Motorcycle,SYN-DE-04342,PERSON-001262,Blue,Toyota,Urban Cruiser,Transferred,true
VEH-004343,SUV,SYN-DE-04343,PERSON-000267,Grey,Mahindra,XUV,Transferred,true
VEH-004344,SUV,SYN-KA-04344,PERSON-002689,Blue,Toyota,Urban Cruiser,Active,true
VEH-004345,Truck,SYN-KA-04345,PERSON-001664,Grey,Toyota,Innova,Active,true
VEH-004346,Van,SYN-TA-04346,PERSON-002675,White,Toyota,Urban Cruiser,Transferred,true
VEH-004347,Motorcycle,SYN-WE-04347,PERSON-002835,Blue,Toyota,Innova,Transferred,true
VEH-004348,Truck,SYN-KA-04348,PERSON-000576,Blue,Toyota,Innova,Active,true
VEH-004349,Car,SYN-UT-04349,PERSON-002728,White,Toyota,Urban Cruiser,Active,true
VEH-004350,Auto,SYN-KE-04350,PERSON-000230,Blue,Toyota,Urban Cruiser,Active,true
VEH-004351,Auto,SYN-MA-04351,PERSON-002715,Blue,Maruti,Ertiga,Transferred,true
VEH-004352,Truck,SYN-RA-04352,PERSON-001315,Blue,Mahindra,XUV,Active,true
VEH-004353,Truck,SYN-KE-04353,PERSON-002757,Grey,Mahindra,Scorpio,Active,true
VEH-004354,Van,SYN-GU-04354,PERSON-002788,Blue,Tata,Nexon,Transferred,true
VEH-004355,SUV,SYN-TA-04355,PERSON-002444,White,Tata,Nexon,Active,true
VEH-004356,Van,SYN-KA-04356,PERSON-001343,Grey,Tata,Altroz,Active,true
VEH-004357,Car,SYN-KA-04357,PERSON-002998,Red,Toyota,Innova,Active,true
VEH-004358,Motorcycle,SYN-WE-04358,PERSON-002835,White,Mahindra,Bolero,Transferred,true
VEH-004359,SUV,SYN-KE-04359,PERSON-002757,White,Hyundai,Creta,Active,true
VEH-004360,Auto,SYN-DE-04360,PERSON-000904,Black,Mahindra,Bolero,Active,true
VEH-004361,Car,SYN-GU-04361,PERSON-001214,Silver,Hyundai,i20,Active,true
VEH-004362,Auto,SYN-TE-04362,PERSON-000245,Black,Toyota,Urban Cruiser,Active,true
VEH-004363,SUV,SYN-TE-04363,PERSON-001780,Black,Hyundai,Creta,Transferred,true
VEH-004364,Motorcycle,SYN-GU-04364,PERSON-000943,Grey,Tata,Altroz,Active,true
VEH-004365,SUV,SYN-UT-04365,PERSON-001578,Grey,Maruti,Ertiga,Transferred,true
VEH-004366,Car,SYN-GU-04366,PERSON-001214,Grey,Maruti,Swift,Transferred,true
VEH-004367,Car,SYN-TE-04367,PERSON-001691,Red,Mahindra,Bolero,Transferred,true
VEH-004368,Car,SYN-DE-04368,PERSON-001425,Black,Maruti,Swift,Active,true
VEH-004369,Van,SYN-MA-04369,PERSON-001071,Red,Mahindra,Scorpio,Active,true
VEH-004370,Car,SYN-GU-04370,PERSON-001059,Silver,Toyota,Urban Cruiser,Active,true
VEH-004371,Car,SYN-TA-04371,PERSON-001880,Silver,Toyota,Urban Cruiser,Active,true
VEH-004372,Motorcycle,SYN-TE-04372,PERSON-000792,Black,Maruti,Swift,Active,true
VEH-004373,Car,SYN-KA-04373,PERSON-001664,White,Tata,Punch,Active,true
VEH-004374,SUV,SYN-TA-04374,PERSON-002675,Red,Mahindra,Scorpio,Active,true
VEH-004375,Van,SYN-TA-04375,PERSON-000948,Black,Mahindra,Scorpio,Active,true
VEH-004376,Motorcycle,SYN-WE-04376,PERSON-001668,White,Tata,Punch,Active,true
VEH-004377,Car,SYN-MA-04377,PERSON-001542,Black,Tata,Punch,Transferred,true
VEH-004378,Motorcycle,SYN-KE-04378,PERSON-000886,Silver,Hyundai,Creta,Active,true
VEH-004379,Car,SYN-WE-04379,PERSON-002713,Blue,Tata,Punch,Active,true
VEH-004380,Auto,SYN-UT-04380,PERSON-001584,Silver,Hyundai,Venue,Active,true
VEH-004381,Car,SYN-WE-04381,PERSON-001747,White,Mahindra,Bolero,Active,true
VEH-004382,Truck,SYN-KE-04382,PERSON-002846,White,Toyota,Urban Cruiser,Active,true
VEH-004383,Motorcycle,SYN-TA-04383,PERSON-002408,White,Toyota,Innova,Active,true
VEH-004384,Van,SYN-UT-04384,PERSON-001578,White,Maruti,Ertiga,Active,true
VEH-004385,Motorcycle,SYN-WE-04385,PERSON-002393,Grey,Toyota,Innova,Transferred,true
VEH-004386,Motorcycle,SYN-MA-04386,PERSON-001135,Silver,Maruti,Swift,Active,true
VEH-004387,Auto,SYN-TE-04387,PERSON-000390,Silver,Maruti,Swift,Active,true
VEH-004388,Van,SYN-DE-04388,PERSON-002335,White,Maruti,Ertiga,Active,true
VEH-004389,Auto,SYN-UT-04389,PERSON-001337,Silver,Tata,Punch,Active,true
VEH-004390,Motorcycle,SYN-TA-04390,PERSON-002558,Black,Mahindra,Scorpio,Active,true
VEH-004391,Auto,SYN-KA-04391,PERSON-000717,Grey,Hyundai,Venue,Active,true
VEH-004392,Auto,SYN-KE-04392,PERSON-001890,Red,Tata,Punch,Active,true
VEH-004393,Car,SYN-KE-04393,PERSON-002164,Blue,Mahindra,XUV,Active,true
VEH-004394,Motorcycle,SYN-GU-04394,PERSON-002215,Black,Mahindra,Bolero,Active,true
VEH-004395,Car,SYN-MA-04395,PERSON-001589,White,Hyundai,Venue,Active,true
VEH-004396,Motorcycle,SYN-UT-04396,PERSON-001873,Silver,Maruti,Baleno,Active,true
VEH-004397,Auto,SYN-WE-04397,PERSON-000120,Grey,Tata,Altroz,Active,true
VEH-004398,SUV,SYN-TE-04398,PERSON-001898,Black,Tata,Nexon,Transferred,true
VEH-004399,Car,SYN-DE-04399,PERSON-002745,Silver,Toyota,Urban Cruiser,Transferred,true
VEH-004400,Van,SYN-RA-04400,PERSON-002999,White,Mahindra,Bolero,Active,true
VEH-004401,Truck,SYN-WE-04401,PERSON-001747,Grey,Hyundai,Creta,Transferred,true
VEH-004402,Motorcycle,SYN-TE-04402,PERSON-000374,Black,Toyota,Innova,Active,true
VEH-004403,Truck,SYN-WE-04403,PERSON-002393,White,Mahindra,Scorpio,Active,true
VEH-004404,SUV,SYN-RA-04404,PERSON-001474,Red,Toyota,Innova,Active,true
VEH-004405,Truck,SYN-DE-04405,PERSON-000180,Blue,Mahindra,Scorpio,Active,true
VEH-004406,Motorcycle,SYN-WE-04406,PERSON-000955,Silver,Mahindra,Scorpio,Active,true
VEH-004407,Auto,SYN-TE-04407,PERSON-000792,Red,Tata,Punch,Transferred,true
VEH-004408,Car,SYN-MA-04408,PERSON-000440,Grey,Tata,Altroz,Active,true
VEH-004409,Van,SYN-MA-04409,PERSON-001210,White,Hyundai,Venue,Active,true
VEH-004410,Auto,SYN-KE-04410,PERSON-000611,Grey,Tata,Altroz,Active,true
VEH-004411,Truck,SYN-RA-04411,PERSON-002438,Black,Maruti,Swift,Transferred,true
VEH-004412,Motorcycle,SYN-KE-04412,PERSON-001596,Red,Tata,Altroz,Transferred,true
VEH-004413,Truck,SYN-WE-04413,PERSON-002713,Blue,Hyundai,i20,Active,true
VEH-004414,Car,SYN-KA-04414,PERSON-002896,Blue,Hyundai,i20,Transferred,true
VEH-004415,Truck,SYN-UT-04415,PERSON-001847,Red,Maruti,Ertiga,Active,true
VEH-004416,Motorcycle,SYN-TE-04416,PERSON-001480,Blue,Mahindra,Bolero,Active,true
VEH-004417,Van,SYN-UT-04417,PERSON-002922,Red,Hyundai,i20,Active,true
VEH-004418,Car,SYN-RA-04418,PERSON-002574,Red,Hyundai,Venue,Transferred,true
VEH-004419,Truck,SYN-DE-04419,PERSON-000267,Black,Mahindra,Scorpio,Active,true
VEH-004420,Car,SYN-GU-04420,PERSON-000081,Grey,Toyota,Innova,Transferred,true
VEH-004421,Truck,SYN-UT-04421,PERSON-001944,Red,Tata,Altroz,Active,true
VEH-004422,Car,SYN-KA-04422,PERSON-001259,Black,Toyota,Urban Cruiser,Active,true
VEH-004423,Van,SYN-GU-04423,PERSON-000850,Black,Hyundai,Venue,Transferred,true
VEH-004424,Van,SYN-GU-04424,PERSON-001861,White,Toyota,Urban Cruiser,Transferred,true
VEH-004425,SUV,SYN-GU-04425,PERSON-000863,Blue,Maruti,Swift,Active,true
VEH-004426,SUV,SYN-GU-04426,PERSON-000063,Grey,Mahindra,Scorpio,Active,true
VEH-004427,Truck,SYN-MA-04427,PERSON-001542,Black,Hyundai,Venue,Active,true
VEH-004428,Motorcycle,SYN-KE-04428,PERSON-000611,Black,Toyota,Urban Cruiser,Active,true
VEH-004429,Van,SYN-DE-04429,PERSON-000832,White,Maruti,Swift,Active,true
VEH-004430,Van,SYN-WE-04430,PERSON-002713,White,Tata,Altroz,Active,true
VEH-004431,Van,SYN-WE-04431,PERSON-000497,Red,Toyota,Urban Cruiser,Transferred,true
VEH-004432,Motorcycle,SYN-KE-04432,PERSON-001327,White,Mahindra,Bolero,Transferred,true
VEH-004433,Car,SYN-TE-04433,PERSON-000635,White,Toyota,Innova,Transferred,true
VEH-004434,Motorcycle,SYN-KA-04434,PERSON-000233,Grey,Hyundai,i20,Transferred,true
VEH-004435,SUV,SYN-RA-04435,PERSON-001363,White,Maruti,Ertiga,Active,true
VEH-004436,Car,SYN-KE-04436,PERSON-000886,Blue,Mahindra,XUV,Active,true
VEH-004437,SUV,SYN-GU-04437,PERSON-001059,Silver,Tata,Nexon,Active,true
VEH-004438,SUV,SYN-TA-04438,PERSON-001880,White,Maruti,Baleno,Transferred,true
VEH-004439,SUV,SYN-UT-04439,PERSON-002082,Grey,Hyundai,Creta,Active,true
VEH-004440,Motorcycle,SYN-TA-04440,PERSON-000305,Blue,Toyota,Urban Cruiser,Active,true
VEH-004441,Van,SYN-WE-04441,PERSON-001610,Grey,Hyundai,Venue,Transferred,true
VEH-004442,Motorcycle,SYN-MA-04442,PERSON-000440,Blue,Maruti,Swift,Active,true
VEH-004443,Auto,SYN-TE-04443,PERSON-000792,Grey,Toyota,Urban Cruiser,Transferred,true
VEH-004444,Car,SYN-TE-04444,PERSON-002618,Grey,Mahindra,Scorpio,Active,true
VEH-004445,Motorcycle,SYN-KA-04445,PERSON-001757,Silver,Mahindra,XUV,Transferred,true
VEH-004446,Auto,SYN-DE-04446,PERSON-002839,Red,Maruti,Swift,Active,true
VEH-004447,Van,SYN-WE-04447,PERSON-001876,Blue,Maruti,Swift,Active,true
VEH-004448,Truck,SYN-TE-04448,PERSON-001691,Silver,Mahindra,Scorpio,Active,true
VEH-004449,Motorcycle,SYN-TE-04449,PERSON-001277,Black,Hyundai,Creta,Transferred,true
VEH-004450,Car,SYN-GU-04450,PERSON-000109,Grey,Toyota,Innova,Active,true
VEH-004451,Truck,SYN-TE-04451,PERSON-002937,White,Maruti,Baleno,Transferred,true
VEH-004452,Van,SYN-GU-04452,PERSON-000063,Silver,Tata,Punch,Active,true
VEH-004453,SUV,SYN-KA-04453,PERSON-001259,Black,Maruti,Swift,Active,true
VEH-004454,Van,SYN-TE-04454,PERSON-002618,Grey,Tata,Altroz,Active,true
VEH-004455,Motorcycle,SYN-MA-04455,PERSON-000440,Red,Mahindra,XUV,Active,true
VEH-004456,SUV,SYN-TA-04456,PERSON-002371,Silver,Tata,Nexon,Active,true
VEH-004457,Auto,SYN-RA-04457,PERSON-001431,White,Tata,Altroz,Transferred,true
VEH-004458,Van,SYN-GU-04458,PERSON-000081,Red,Maruti,Ertiga,Active,true
VEH-004459,Auto,SYN-KA-04459,PERSON-001259,Grey,Hyundai,Creta,Transferred,true
VEH-004460,Motorcycle,SYN-GU-04460,PERSON-001861,Grey,Toyota,Urban Cruiser,Active,true
VEH-004461,Auto,SYN-GU-04461,PERSON-000863,Silver,Toyota,Innova,Active,true
VEH-004462,Car,SYN-GU-04462,PERSON-000063,Silver,Mahindra,Bolero,Transferred,true
VEH-004463,Truck,SYN-KE-04463,PERSON-002757,Silver,Tata,Altroz,Active,true
VEH-004464,Van,SYN-RA-04464,PERSON-002517,Grey,Tata,Punch,Active,true
VEH-004465,SUV,SYN-TE-04465,PERSON-000083,Black,Tata,Altroz,Active,true
VEH-004466,Truck,SYN-RA-04466,PERSON-002999,White,Maruti,Ertiga,Active,true
VEH-004467,Van,SYN-UT-04467,PERSON-000765,Black,Toyota,Innova,Active,true
VEH-004468,Auto,SYN-MA-04468,PERSON-000357,Red,Tata,Nexon,Transferred,true
VEH-004469,Truck,SYN-WE-04469,PERSON-002159,Black,Hyundai,i20,Active,true
VEH-004470,Car,SYN-TA-04470,PERSON-000906,Black,Maruti,Swift,Transferred,true
VEH-004471,Motorcycle,SYN-MA-04471,PERSON-001172,Silver,Mahindra,Scorpio,Active,true
VEH-004472,Auto,SYN-KA-04472,PERSON-000566,Blue,Tata,Altroz,Active,true
VEH-004473,Car,SYN-WE-04473,PERSON-000955,Blue,Toyota,Innova,Active,true
VEH-004474,Auto,SYN-TA-04474,PERSON-000223,White,Maruti,Ertiga,Transferred,true
VEH-004475,Auto,SYN-DE-04475,PERSON-000682,Grey,Toyota,Innova,Active,true
VEH-004476,Van,SYN-TE-04476,PERSON-002737,Silver,Toyota,Innova,Active,true
VEH-004477,Motorcycle,SYN-GU-04477,PERSON-000473,Silver,Maruti,Swift,Transferred,true
VEH-004478,Auto,SYN-MA-04478,PERSON-000042,Grey,Mahindra,Bolero,Active,true
VEH-004479,SUV,SYN-GU-04479,PERSON-002114,White,Maruti,Swift,Transferred,true
VEH-004480,Truck,SYN-DE-04480,PERSON-001540,Blue,Maruti,Swift,Active,true
VEH-004481,Van,SYN-TA-04481,PERSON-001992,Grey,Maruti,Swift,Active,true
VEH-004482,Van,SYN-TA-04482,PERSON-001543,Red,Mahindra,Scorpio,Active,true
VEH-004483,Auto,SYN-RA-04483,PERSON-000846,Grey,Maruti,Ertiga,Active,true
VEH-004484,Van,SYN-MA-04484,PERSON-002759,Black,Mahindra,Bolero,Active,true
VEH-004485,Motorcycle,SYN-MA-04485,PERSON-001071,Black,Mahindra,Bolero,Active,true
VEH-004486,Van,SYN-MA-04486,PERSON-001210,Blue,Toyota,Urban Cruiser,Active,true
VEH-004487,SUV,SYN-DE-04487,PERSON-000146,Silver,Mahindra,Scorpio,Transferred,true
VEH-004488,Truck,SYN-WE-04488,PERSON-002887,Grey,Hyundai,Creta,Active,true
VEH-004489,Motorcycle,SYN-DE-04489,PERSON-000597,Silver,Hyundai,Creta,Active,true
VEH-004490,Car,SYN-GU-04490,PERSON-002879,Silver,Tata,Altroz,Active,true
VEH-004491,Van,SYN-MA-04491,PERSON-000920,Blue,Maruti,Baleno,Active,true
VEH-004492,Car,SYN-TE-04492,PERSON-000927,Black,Toyota,Urban Cruiser,Transferred,true
VEH-004493,Motorcycle,SYN-UT-04493,PERSON-001873,Silver,Hyundai,Venue,Transferred,true
VEH-004494,Auto,SYN-KE-04494,PERSON-000611,Black,Maruti,Swift,Transferred,true
VEH-004495,SUV,SYN-UT-04495,PERSON-000647,Black,Maruti,Swift,Active,true
VEH-004496,Van,SYN-KA-04496,PERSON-000568,Blue,Hyundai,i20,Active,true
VEH-004497,Car,SYN-TA-04497,PERSON-001788,Blue,Hyundai,Creta,Active,true
VEH-004498,Auto,SYN-KE-04498,PERSON-001318,Grey,Hyundai,Creta,Active,true
VEH-004499,Truck,SYN-TE-04499,PERSON-000245,Black,Tata,Nexon,Transferred,true
VEH-004500,Truck,SYN-TE-04500,PERSON-001885,White,Hyundai,Creta,Transferred,true
VEH-004501,Car,SYN-WE-04501,PERSON-002393,Black,Toyota,Innova,Active,true
VEH-004502,SUV,SYN-WE-04502,PERSON-001029,Blue,Maruti,Ertiga,Transferred,true
VEH-004503,Auto,SYN-KA-04503,PERSON-000295,Grey,Hyundai,Venue,Active,true
VEH-004504,Auto,SYN-KA-04504,PERSON-001066,Blue,Toyota,Innova,Transferred,true
VEH-004505,Truck,SYN-WE-04505,PERSON-002739,Red,Mahindra,XUV,Transferred,true
VEH-004506,Van,SYN-TA-04506,PERSON-000901,White,Toyota,Urban Cruiser,Active,true
VEH-004507,Truck,SYN-WE-04507,PERSON-002159,Red,Maruti,Ertiga,Transferred,true
VEH-004508,Auto,SYN-MA-04508,PERSON-001110,Red,Toyota,Urban Cruiser,Transferred,true
VEH-004509,Truck,SYN-TE-04509,PERSON-000245,Grey,Tata,Punch,Active,true
VEH-004510,Van,SYN-GU-04510,PERSON-001131,Blue,Tata,Altroz,Transferred,true
VEH-004511,Car,SYN-TA-04511,PERSON-000223,Grey,Hyundai,i20,Transferred,true
VEH-004512,Car,SYN-WE-04512,PERSON-002821,Blue,Tata,Punch,Active,true
VEH-004513,Truck,SYN-DE-04513,PERSON-000180,Black,Toyota,Innova,Active,true
VEH-004514,Van,SYN-DE-04514,PERSON-001262,White,Toyota,Innova,Transferred,true
VEH-004515,Motorcycle,SYN-TE-04515,PERSON-000792,Grey,Tata,Nexon,Active,true
VEH-004516,Motorcycle,SYN-MA-04516,PERSON-002060,White,Hyundai,Creta,Active,true
VEH-004517,SUV,SYN-TE-04517,PERSON-002618,Grey,Mahindra,XUV,Active,true
VEH-004518,Auto,SYN-MA-04518,PERSON-000440,Black,Mahindra,Bolero,Active,true
VEH-004519,Motorcycle,SYN-KA-04519,PERSON-001757,White,Mahindra,Bolero,Transferred,true
VEH-004520,Truck,SYN-GU-04520,PERSON-001384,White,Hyundai,Venue,Active,true
VEH-004521,Motorcycle,SYN-KE-04521,PERSON-000075,Grey,Maruti,Swift,Active,true
VEH-004522,Motorcycle,SYN-RA-04522,PERSON-002770,Red,Tata,Nexon,Active,true
VEH-004523,Motorcycle,SYN-GU-04523,PERSON-000850,Black,Hyundai,Venue,Active,true
VEH-004524,Truck,SYN-RA-04524,PERSON-002574,Black,Tata,Nexon,Active,true
VEH-004525,SUV,SYN-MA-04525,PERSON-002417,Red,Toyota,Urban Cruiser,Active,true
VEH-004526,Truck,SYN-MA-04526,PERSON-001589,Silver,Hyundai,Venue,Active,true
VEH-004527,Van,SYN-GU-04527,PERSON-001115,Blue,Hyundai,Venue,Active,true
VEH-004528,Van,SYN-DE-04528,PERSON-001262,Grey,Maruti,Swift,Active,true
VEH-004529,Auto,SYN-UT-04529,PERSON-001056,Silver,Tata,Altroz,Active,true
VEH-004530,Truck,SYN-TE-04530,PERSON-000792,Blue,Toyota,Urban Cruiser,Active,true
VEH-004531,Van,SYN-MA-04531,PERSON-002060,White,Mahindra,Scorpio,Active,true
VEH-004532,SUV,SYN-MA-04532,PERSON-000440,Silver,Tata,Nexon,Transferred,true
VEH-004533,Car,SYN-KA-04533,PERSON-001757,Black,Maruti,Ertiga,Active,true
VEH-004534,SUV,SYN-KA-04534,PERSON-001544,Silver,Maruti,Baleno,Active,true
VEH-004535,Car,SYN-TA-04535,PERSON-002873,Silver,Hyundai,Creta,Active,true
VEH-004536,Auto,SYN-TE-04536,PERSON-001898,Red,Maruti,Baleno,Active,true
VEH-004537,SUV,SYN-DE-04537,PERSON-001540,Blue,Hyundai,Creta,Active,true
VEH-004538,SUV,SYN-UT-04538,PERSON-000405,Red,Tata,Punch,Transferred,true
VEH-004539,Motorcycle,SYN-WE-04539,PERSON-001205,Red,Toyota,Urban Cruiser,Active,true
VEH-004540,Van,SYN-KE-04540,PERSON-002020,Silver,Hyundai,Creta,Transferred,true
VEH-004541,Van,SYN-RA-04541,PERSON-002517,Black,Hyundai,Venue,Active,true
VEH-004542,Car,SYN-TE-04542,PERSON-001898,Red,Toyota,Innova,Transferred,true
VEH-004543,SUV,SYN-TE-04543,PERSON-000083,Silver,Maruti,Baleno,Active,true
VEH-004544,Van,SYN-RA-04544,PERSON-002999,Blue,Hyundai,i20,Active,true
VEH-004545,Van,SYN-UT-04545,PERSON-000765,Black,Toyota,Innova,Transferred,true
VEH-004546,SUV,SYN-MA-04546,PERSON-000357,Blue,Mahindra,Scorpio,Active,true
VEH-004547,SUV,SYN-RA-04547,PERSON-001516,Black,Toyota,Urban Cruiser,Transferred,true
VEH-004548,Auto,SYN-UT-04548,PERSON-000838,Silver,Tata,Altroz,Active,true
VEH-004549,Motorcycle,SYN-KE-04549,PERSON-002609,Black,Maruti,Swift,Transferred,true
VEH-004550,Van,SYN-TA-04550,PERSON-000906,Black,Hyundai,Venue,Active,true
VEH-004551,Auto,SYN-WE-04551,PERSON-000279,Blue,Tata,Punch,Active,true
VEH-004552,Car,SYN-RA-04552,PERSON-001768,White,Hyundai,i20,Active,true
VEH-004553,Auto,SYN-KE-04553,PERSON-002205,Blue,Tata,Nexon,Active,true
VEH-004554,SUV,SYN-WE-04554,PERSON-000703,Grey,Hyundai,i20,Active,true
VEH-004555,Motorcycle,SYN-TA-04555,PERSON-002845,White,Hyundai,i20,Active,true
VEH-004556,Truck,SYN-KA-04556,PERSON-002453,Silver,Hyundai,Creta,Active,true
VEH-004557,SUV,SYN-GU-04557,PERSON-002788,Grey,Maruti,Baleno,Transferred,true
VEH-004558,SUV,SYN-DE-04558,PERSON-001262,White,Maruti,Ertiga,Active,true
VEH-004559,Van,SYN-WE-04559,PERSON-000001,Blue,Toyota,Urban Cruiser,Transferred,true
VEH-004560,Auto,SYN-TA-04560,PERSON-000072,Grey,Tata,Punch,Transferred,true
VEH-004561,Truck,SYN-RA-04561,PERSON-001385,White,Mahindra,Scorpio,Transferred,true
VEH-004562,Car,SYN-GU-04562,PERSON-002954,Grey,Mahindra,XUV,Active,true
VEH-004563,Car,SYN-KA-04563,PERSON-001478,Red,Tata,Punch,Active,true
VEH-004564,Motorcycle,SYN-WE-04564,PERSON-000734,Black,Tata,Punch,Active,true
VEH-004565,Motorcycle,SYN-KE-04565,PERSON-002684,Black,Hyundai,Venue,Active,true
VEH-004566,Van,SYN-TA-04566,PERSON-002444,Black,Hyundai,Creta,Active,true
VEH-004567,Motorcycle,SYN-TE-04567,PERSON-001558,White,Mahindra,Bolero,Active,true
VEH-004568,Van,SYN-KA-04568,PERSON-000540,Silver,Hyundai,Venue,Active,true
VEH-004569,Auto,SYN-DE-04569,PERSON-000267,Black,Maruti,Swift,Active,true
VEH-004570,Car,SYN-TE-04570,PERSON-002618,Red,Maruti,Swift,Transferred,true
VEH-004571,Van,SYN-TE-04571,PERSON-001667,Grey,Hyundai,Creta,Transferred,true
VEH-004572,Truck,SYN-UT-04572,PERSON-001674,White,Mahindra,Bolero,Transferred,true
VEH-004573,Auto,SYN-RA-04573,PERSON-002517,Blue,Mahindra,Scorpio,Active,true
VEH-004574,Van,SYN-GU-04574,PERSON-002279,Blue,Hyundai,i20,Transferred,true
VEH-004575,Motorcycle,SYN-DE-04575,PERSON-000538,Red,Tata,Nexon,Active,true
VEH-004576,Auto,SYN-TA-04576,PERSON-002873,Black,Maruti,Baleno,Active,true
VEH-004577,SUV,SYN-WE-04577,PERSON-000120,White,Tata,Nexon,Active,true
VEH-004578,Motorcycle,SYN-GU-04578,PERSON-001861,Silver,Mahindra,XUV,Transferred,true
VEH-004579,Motorcycle,SYN-KA-04579,PERSON-001686,Grey,Tata,Altroz,Transferred,true
VEH-004580,Auto,SYN-WE-04580,PERSON-000584,Blue,Mahindra,Scorpio,Active,true
VEH-004581,Auto,SYN-KE-04581,PERSON-001968,Black,Tata,Punch,Transferred,true
VEH-004582,Van,SYN-KE-04582,PERSON-002990,Blue,Maruti,Baleno,Active,true
VEH-004583,SUV,SYN-WE-04583,PERSON-001610,Grey,Maruti,Ertiga,Active,true
VEH-004584,Truck,SYN-DE-04584,PERSON-001262,Grey,Hyundai,Venue,Transferred,true
VEH-004585,Van,SYN-MA-04585,PERSON-002060,Black,Hyundai,Venue,Active,true
VEH-004586,SUV,SYN-MA-04586,PERSON-000440,Black,Tata,Altroz,Active,true
VEH-004587,Motorcycle,SYN-UT-04587,PERSON-002277,Blue,Tata,Altroz,Active,true
VEH-004588,SUV,SYN-TE-04588,PERSON-000341,Blue,Maruti,Ertiga,Active,true
VEH-004589,Truck,SYN-MA-04589,PERSON-002930,Blue,Hyundai,i20,Active,true
VEH-004590,Auto,SYN-UT-04590,PERSON-002900,Blue,Mahindra,Scorpio,Active,true
VEH-004591,Van,SYN-UT-04591,PERSON-002900,Red,Maruti,Ertiga,Transferred,true
VEH-004592,Car,SYN-KE-04592,PERSON-002020,Grey,Maruti,Baleno,Active,true
VEH-004593,Motorcycle,SYN-RA-04593,PERSON-002517,Black,Maruti,Swift,Transferred,true
VEH-004594,Truck,SYN-TA-04594,PERSON-002873,Grey,Toyota,Innova,Active,true
VEH-004595,SUV,SYN-GU-04595,PERSON-000863,Red,Hyundai,Creta,Transferred,true
VEH-004596,SUV,SYN-TE-04596,PERSON-000083,Silver,Maruti,Baleno,Active,true
VEH-004597,Motorcycle,SYN-KE-04597,PERSON-000165,Blue,Toyota,Innova,Transferred,true
VEH-004598,Van,SYN-TA-04598,PERSON-001788,White,Mahindra,Scorpio,Transferred,true
VEH-004599,Auto,SYN-KA-04599,PERSON-000568,Silver,Tata,Punch,Transferred,true
VEH-004600,SUV,SYN-TA-04600,PERSON-002675,Silver,Hyundai,i20,Active,true
VEH-004601,Truck,SYN-KA-04601,PERSON-001343,Silver,Hyundai,Creta,Transferred,true
VEH-004602,SUV,SYN-RA-04602,PERSON-000676,Black,Tata,Nexon,Transferred,true
VEH-004603,Truck,SYN-KE-04603,PERSON-000230,Blue,Mahindra,Bolero,Active,true
VEH-004604,Van,SYN-TE-04604,PERSON-001558,Silver,Toyota,Innova,Active,true
VEH-004605,Motorcycle,SYN-TA-04605,PERSON-001041,Grey,Maruti,Swift,Transferred,true
VEH-004606,Van,SYN-RA-04606,PERSON-000351,Grey,Toyota,Urban Cruiser,Active,true
VEH-004607,Motorcycle,SYN-KA-04607,PERSON-000717,Red,Mahindra,Bolero,Transferred,true
VEH-004608,SUV,SYN-GU-04608,PERSON-001387,Blue,Toyota,Innova,Transferred,true
VEH-004609,Auto,SYN-WE-04609,PERSON-001492,White,Toyota,Urban Cruiser,Active,true
VEH-004610,Motorcycle,SYN-MA-04610,PERSON-001152,Blue,Mahindra,Bolero,Active,true
VEH-004611,Auto,SYN-DE-04611,PERSON-000682,Red,Tata,Altroz,Transferred,true
VEH-004612,Auto,SYN-TE-04612,PERSON-002737,White,Maruti,Baleno,Active,true
VEH-004613,Van,SYN-KA-04613,PERSON-000499,Silver,Mahindra,Bolero,Transferred,true
VEH-004614,SUV,SYN-GU-04614,PERSON-000473,Grey,Hyundai,i20,Transferred,true
VEH-004615,Van,SYN-KA-04615,PERSON-002068,Blue,Tata,Altroz,Active,true
VEH-004616,Van,SYN-RA-04616,PERSON-000275,Red,Toyota,Urban Cruiser,Active,true
VEH-004617,Auto,SYN-RA-04617,PERSON-000032,Silver,Mahindra,XUV,Active,true
VEH-004618,Auto,SYN-RA-04618,PERSON-002574,Blue,Maruti,Ertiga,Active,true
VEH-004619,SUV,SYN-GU-04619,PERSON-000063,Blue,Mahindra,Scorpio,Active,true
VEH-004620,SUV,SYN-KE-04620,PERSON-002757,Blue,Maruti,Swift,Active,true
VEH-004621,Car,SYN-MA-04621,PERSON-001589,Red,Maruti,Baleno,Active,true
VEH-004622,Auto,SYN-KE-04622,PERSON-000611,Silver,Hyundai,Venue,Transferred,true
VEH-004623,Van,SYN-DE-04623,PERSON-000832,White,Mahindra,XUV,Active,true
VEH-004624,SUV,SYN-TE-04624,PERSON-000635,Red,Maruti,Swift,Transferred,true
VEH-004625,SUV,SYN-KE-04625,PERSON-000886,Blue,Maruti,Baleno,Active,true
VEH-004626,Motorcycle,SYN-GU-04626,PERSON-000628,Blue,Maruti,Baleno,Active,true
VEH-004627,SUV,SYN-WE-04627,PERSON-002713,White,Maruti,Ertiga,Active,true
VEH-004628,Truck,SYN-UT-04628,PERSON-002922,Red,Mahindra,Bolero,Active,true
VEH-004629,Auto,SYN-KE-04629,PERSON-000611,Silver,Tata,Altroz,Active,true
VEH-004630,SUV,SYN-RA-04630,PERSON-002438,Silver,Mahindra,Scorpio,Transferred,true
VEH-004631,Van,SYN-TA-04631,PERSON-002675,Blue,Toyota,Innova,Transferred,true
VEH-004632,Van,SYN-WE-04632,PERSON-002713,Red,Mahindra,Scorpio,Active,true
VEH-004633,Motorcycle,SYN-TE-04633,PERSON-000792,Grey,Tata,Punch,Active,true
VEH-004634,Motorcycle,SYN-WE-04634,PERSON-001965,Grey,Hyundai,i20,Active,true
VEH-004635,Car,SYN-TE-04635,PERSON-000621,Silver,Tata,Punch,Transferred,true
VEH-004636,SUV,SYN-KE-04636,PERSON-001141,White,Toyota,Urban Cruiser,Active,true
VEH-004637,SUV,SYN-DE-04637,PERSON-002745,Blue,Hyundai,Creta,Active,true
VEH-004638,Car,SYN-WE-04638,PERSON-001205,White,Tata,Nexon,Active,true
VEH-004639,Auto,SYN-KE-04639,PERSON-001670,Red,Hyundai,i20,Active,true
VEH-004640,Truck,SYN-GU-04640,PERSON-002750,Blue,Tata,Nexon,Active,true
VEH-004641,Car,SYN-MA-04641,PERSON-001589,White,Hyundai,i20,Transferred,true
VEH-004642,Auto,SYN-WE-04642,PERSON-001610,Red,Toyota,Urban Cruiser,Active,true
VEH-004643,Auto,SYN-TE-04643,PERSON-001659,White,Toyota,Urban Cruiser,Active,true
VEH-004644,Car,SYN-TE-04644,PERSON-002618,White,Toyota,Innova,Active,true
VEH-004645,Auto,SYN-TE-04645,PERSON-001558,Grey,Toyota,Innova,Active,true
VEH-004646,Motorcycle,SYN-UT-04646,PERSON-002900,Black,Tata,Altroz,Transferred,true
VEH-004647,Van,SYN-KE-04647,PERSON-001017,Silver,Mahindra,Bolero,Transferred,true
VEH-004648,Truck,SYN-DE-04648,PERSON-000267,White,Toyota,Urban Cruiser,Active,true
VEH-004649,Van,SYN-TE-04649,PERSON-000792,Grey,Toyota,Urban Cruiser,Active,true
VEH-004650,SUV,SYN-MA-04650,PERSON-002060,Black,Mahindra,XUV,Active,true
VEH-004651,Motorcycle,SYN-KA-04651,PERSON-001757,Red,Toyota,Urban Cruiser,Active,true
VEH-004652,Car,SYN-MA-04652,PERSON-001210,White,Tata,Punch,Active,true
VEH-004653,Car,SYN-TE-04653,PERSON-001558,White,Tata,Punch,Transferred,true
VEH-004654,Car,SYN-GU-04654,PERSON-002750,Silver,Hyundai,i20,Active,true
VEH-004655,Car,SYN-TA-04655,PERSON-001041,Red,Maruti,Swift,Active,true
VEH-004656,Truck,SYN-MA-04656,PERSON-001589,Black,Toyota,Innova,Active,true
VEH-004657,Car,SYN-KE-04657,PERSON-001670,White,Hyundai,i20,Transferred,true
VEH-004658,Van,SYN-WE-04658,PERSON-002450,White,Toyota,Innova,Active,true
VEH-004659,Auto,SYN-KA-04659,PERSON-001664,White,Toyota,Urban Cruiser,Active,true
VEH-004660,Truck,SYN-KA-04660,PERSON-001343,Silver,Toyota,Urban Cruiser,Active,true
VEH-004661,SUV,SYN-TA-04661,PERSON-000948,Black,Mahindra,XUV,Active,true
VEH-004662,Van,SYN-KA-04662,PERSON-000576,Grey,Toyota,Urban Cruiser,Transferred,true
VEH-004663,Motorcycle,SYN-KE-04663,PERSON-000230,Red,Tata,Punch,Transferred,true
VEH-004664,Van,SYN-WE-04664,PERSON-001334,White,Tata,Altroz,Active,true
VEH-004665,Van,SYN-GU-04665,PERSON-000825,White,Hyundai,Venue,Active,true
VEH-004666,Truck,SYN-TE-04666,PERSON-001780,Black,Mahindra,Scorpio,Transferred,true
VEH-004667,Van,SYN-GU-04667,PERSON-000943,Blue,Maruti,Swift,Active,true
VEH-004668,Car,SYN-WE-04668,PERSON-001747,White,Tata,Nexon,Active,true
VEH-004669,Motorcycle,SYN-KE-04669,PERSON-002846,Red,Mahindra,Scorpio,Active,true
VEH-004670,Van,SYN-TA-04670,PERSON-002408,Red,Maruti,Ertiga,Transferred,true
VEH-004671,Van,SYN-UT-04671,PERSON-001578,White,Toyota,Urban Cruiser,Active,true
VEH-004672,Motorcycle,SYN-TE-04672,PERSON-002737,Silver,Hyundai,i20,Active,true
VEH-004673,Van,SYN-GU-04673,PERSON-000473,Blue,Mahindra,XUV,Active,true
VEH-004674,Car,SYN-KE-04674,PERSON-000165,Silver,Maruti,Swift,Transferred,true
VEH-004675,Truck,SYN-RA-04675,PERSON-000275,Grey,Hyundai,i20,Transferred,true
VEH-004676,Car,SYN-RA-04676,PERSON-000032,Black,Toyota,Urban Cruiser,Active,true
VEH-004677,Motorcycle,SYN-RA-04677,PERSON-002986,Grey,Maruti,Baleno,Transferred,true
VEH-004678,SUV,SYN-MA-04678,PERSON-002759,Blue,Maruti,Baleno,Active,true
VEH-004679,Truck,SYN-UT-04679,PERSON-001578,Red,Toyota,Innova,Transferred,true
VEH-004680,Truck,SYN-WE-04680,PERSON-000047,Grey,Tata,Altroz,Active,true
VEH-004681,Truck,SYN-RA-04681,PERSON-002938,Blue,Tata,Altroz,Transferred,true
VEH-004682,SUV,SYN-WE-04682,PERSON-000279,Black,Hyundai,Venue,Transferred,true
VEH-004683,Car,SYN-MA-04683,PERSON-000217,Silver,Maruti,Swift,Transferred,true
VEH-004684,Motorcycle,SYN-TA-04684,PERSON-001642,Black,Tata,Punch,Active,true
VEH-004685,Motorcycle,SYN-KE-04685,PERSON-002020,White,Tata,Punch,Transferred,true
VEH-004686,Van,SYN-GU-04686,PERSON-002279,Blue,Mahindra,XUV,Active,true
VEH-004687,Car,SYN-WE-04687,PERSON-000120,Silver,Tata,Altroz,Active,true
VEH-004688,Motorcycle,SYN-DE-04688,PERSON-001540,Silver,Hyundai,Venue,Transferred,true
VEH-004689,SUV,SYN-GU-04689,PERSON-000863,Silver,Maruti,Swift,Active,true
VEH-004690,Truck,SYN-DE-04690,PERSON-000919,Silver,Maruti,Swift,Active,true
VEH-004691,Van,SYN-KA-04691,PERSON-001343,Black,Hyundai,Venue,Active,true
VEH-004692,Truck,SYN-WE-04692,PERSON-002835,Red,Toyota,Urban Cruiser,Active,true
VEH-004693,Car,SYN-KA-04693,PERSON-001544,Grey,Toyota,Urban Cruiser,Transferred,true
VEH-004694,Truck,SYN-WE-04694,PERSON-001492,White,Hyundai,Creta,Transferred,true
VEH-004695,Car,SYN-DE-04695,PERSON-002745,Silver,Tata,Punch,Active,true
VEH-004696,Motorcycle,SYN-WE-04696,PERSON-000488,Blue,Maruti,Ertiga,Active,true
VEH-004697,SUV,SYN-GU-04697,PERSON-000850,Black,Hyundai,Venue,Active,true
VEH-004698,Van,SYN-GU-04698,PERSON-000063,Black,Maruti,Baleno,Active,true
VEH-004699,Motorcycle,SYN-TE-04699,PERSON-000979,Silver,Maruti,Swift,Active,true
VEH-004700,Car,SYN-MA-04700,PERSON-001589,Grey,Mahindra,Scorpio,Transferred,true
