case_id,network_id,crime_type,actual_primary_suspect,actual_accomplices,actual_key_entities,actual_key_locations,actual_key_evidence,synthetic_flag
CASE-000001,NET-000001,MURDER,PERSON-001589,PERSON-000193,"PERSON-001589,PERSON-000193","LOC-000001,LOC-000002,LOC-000003","EVID-000001,EVID-000002,EVID-000003",true
CASE-000002,NET-000007,RAPE,PERSON-002397,"PERSON-002304,PERSON-001941","PERSON-002397,PERSON-002304,PERSON-001941","LOC-000004,LOC-000005","EVID-000009,EVID-000010,EVID-000011",true
CASE-000003,NET-000019,KIDNAPPING,PERSON-000484,"PERSON-001803,PERSON-001431,PERSON-000862,PERSON-000599","PERSON-000484,PERSON-001803,PERSON-001431,PERSON-000862,PERSON-000599","LOC-000006,LOC-000007","EVID-000018,EVID-000019,EVID-000020",true
CASE-000004,NET-000024,HUMAN_TRAFFICKING,PERSON-001648,"PERSON-000341,PERSON-002900,PERSON-000342","PERSON-001648,PERSON-000341,PERSON-002900,PERSON-000342","LOC-000008,LOC-000009","EVID-000024,EVID-000025,EVID-000026",true
CASE-000005,NET-000003,NARCOTICS_TRAFFICKING,PERSON-002964,PERSON-002609,"PERSON-002964,PERSON-002609","LOC-000010,LOC-000011,LOC-000012,LOC-000013","EVID-000033,EVID-000034,EVID-000035",true
CASE-000006,NET-000008,ROBBERY,PERSON-002082,PERSON-002999,"PERSON-002082,PERSON-002999","LOC-000014,LOC-000015,LOC-000016,LOC-000017","EVID-000039,EVID-000040,EVID-000041",true
CASE-000007,NET-000008,DACOITY,PERSON-001880,"PERSON-002122,PERSON-000302,PERSON-001615,PERSON-001830,PERSON-000001","PERSON-001880,PERSON-002122,PERSON-000302,PERSON-001615,PERSON-001830,PERSON-000001","LOC-000018,LOC-000019,LOC-000020","EVID-000045,EVID-000046,EVID-000047",true
CASE-000008,NET-000026,CYBERCRIME,PERSON-001536,"PERSON-000647,PERSON-000106,PERSON-001788,PERSON-000648,PERSON-001880","PERSON-001536,PERSON-000647,PERSON-000106,PERSON-001788,PERSON-000648,PERSON-001880","LOC-000021,LOC-000022,LOC-000023,LOC-000024","EVID-000053,EVID-000054,EVID-000055",true
CASE-000009,NET-000006,FINANCIAL_FRAUD,PERSON-000165,PERSON-001807,"PERSON-000165,PERSON-001807","LOC-000025,LOC-000026","EVID-000058,EVID-000059,EVID-000060",true
CASE-000010,NET-000004,ATTEMPTED_RAPE,PERSON-001474,PERSON-000106,"PERSON-001474,PERSON-000106","LOC-000027,LOC-000028,LOC-000029,LOC-000030","EVID-000065,EVID-000066,EVID-000067",true
CASE-000011,NET-000021,CYBERCRIME,PERSON-001705,"PERSON-002368,PERSON-000911","PERSON-001705,PERSON-002368,PERSON-000911","LOC-000031,LOC-000032,LOC-000033,LOC-000034","EVID-000073,EVID-000074,EVID-000075",true
CASE-000012,NET-000015,DACOITY,PERSON-000842,"PERSON-001012,PERSON-001206,PERSON-000072,PERSON-000175,PERSON-001782","PERSON-000842,PERSON-001012,PERSON-001206,PERSON-000072,PERSON-000175,PERSON-001782","LOC-000035,LOC-000036,LOC-000037,LOC-000038","EVID-000080,EVID-000081,EVID-000082",true
CASE-000013,NET-000019,KIDNAPPING,PERSON-002197,"PERSON-002965,PERSON-001492,PERSON-002106,PERSON-001769","PERSON-002197,PERSON-002965,PERSON-001492,PERSON-002106,PERSON-001769","LOC-000039,LOC-000040,LOC-000041","EVID-000086,EVID-000087,EVID-000088",true
CASE-000014,NET-000017,THEFT,PERSON-001205,"PERSON-001544,PERSON-001898,PERSON-000083,PERSON-000621,PERSON-001873","PERSON-001205,PERSON-001544,PERSON-001898,PERSON-000083,PERSON-000621,PERSON-001873","LOC-000042,LOC-000043,LOC-000044,LOC-000045","EVID-000093,EVID-000094,EVID-000095",true
CASE-000015,NET-000007,CRUELTY_BY_HUSBAND_OR_RELATIVES,PERSON-001780,"PERSON-001691,PERSON-002397,PERSON-002646","PERSON-001780,PERSON-001691,PERSON-002397,PERSON-002646","LOC-000046,LOC-000047,LOC-000048,LOC-000049","EVID-000102,EVID-000103,EVID-000104",true
CASE-000016,NET-000007,OTHER_SPECIAL_LOCAL_LAWS,PERSON-002846,"PERSON-000943,PERSON-001479","PERSON-002846,PERSON-000943,PERSON-001479","LOC-000050,LOC-000051,LOC-000052,LOC-000053","EVID-000109,EVID-000110,EVID-000111",true
CASE-000017,NET-000015,ROBBERY,PERSON-001769,PERSON-002954,"PERSON-001769,PERSON-002954","LOC-000054,LOC-000055,LOC-000056","EVID-000117,EVID-000118,EVID-000119",true
CASE-000018,NET-000013,HUMAN_TRAFFICKING,PERSON-002343,"PERSON-001547,PERSON-000524","PERSON-002343,PERSON-001547,PERSON-000524","LOC-000057,LOC-000058","EVID-000125,EVID-000126,EVID-000127",true
CASE-000019,NET-000002,VEHICLE_THEFT,PERSON-000850,"PERSON-000081,PERSON-000063,PERSON-001589,PERSON-000927","PERSON-000850,PERSON-000081,PERSON-000063,PERSON-001589,PERSON-000927","LOC-000059,LOC-000060","EVID-000130,EVID-000131,EVID-000132",true
CASE-000020,NET-000002,EXTORTION,PERSON-000081,PERSON-000845,"PERSON-000081,PERSON-000845","LOC-000061,LOC-000062","EVID-000135,EVID-000136,EVID-000137",true
CASE-000021,NET-000017,VEHICLE_THEFT,PERSON-000357,"PERSON-002517,PERSON-000062","PERSON-000357,PERSON-002517,PERSON-000062","LOC-000063,LOC-000064,LOC-000065","EVID-000142,EVID-000143,EVID-000144",true
CASE-000022,NET-000006,FORGERY,PERSON-000165,"PERSON-002737,PERSON-002068,PERSON-000042,PERSON-000703","PERSON-000165,PERSON-002737,PERSON-002068,PERSON-000042,PERSON-000703","LOC-000066,LOC-000067,LOC-000068","EVID-000149,EVID-000150,EVID-000151",true
CASE-000023,NET-000004,VEHICLE_THEFT,PERSON-001558,"PERSON-001610,PERSON-001474,PERSON-001115","PERSON-001558,PERSON-001610,PERSON-001474,PERSON-001115","LOC-000069,LOC-000070,LOC-000071,LOC-000072","EVID-000156,EVID-000157,EVID-000158",true
CASE-000024,NET-000024,HUMAN_TRAFFICKING,PERSON-001194,"PERSON-002277,PERSON-001899,PERSON-002930,PERSON-000106","PERSON-001194,PERSON-002277,PERSON-001899,PERSON-002930,PERSON-000106","LOC-000073,LOC-000074,LOC-000075","EVID-000163,EVID-000164,EVID-000165",true
CASE-000025,NET-000017,ATTEMPTED_MURDER,PERSON-000120,"PERSON-000538,PERSON-002999,PERSON-000895","PERSON-000120,PERSON-000538,PERSON-002999,PERSON-000895","LOC-000076,LOC-000077,LOC-000078","EVID-000171,EVID-000172,EVID-000173",true
CASE-000026,NET-000001,ATTEMPTED_RAPE,PERSON-001041,PERSON-001670,"PERSON-001041,PERSON-001670","LOC-000079,LOC-000080","EVID-000179,EVID-000180,EVID-000181",true
CASE-000027,NET-000017,EXTORTION,PERSON-002517,"PERSON-001205,PERSON-002745,PERSON-002132","PERSON-002517,PERSON-001205,PERSON-002745,PERSON-002132","LOC-000081,LOC-000082","EVID-000185,EVID-000186,EVID-000187",true
CASE-000028,NET-000004,CULPABLE_HOMICIDE,PERSON-001115,"PERSON-001262,PERSON-002060,PERSON-001558,PERSON-000180","PERSON-001115,PERSON-001262,PERSON-002060,PERSON-001558,PERSON-000180","LOC-000083,LOC-000084,LOC-000085","EVID-000192,EVID-000193,EVID-000194",true
CASE-000029,NET-000021,CYBERCRIME,PERSON-001705,"PERSON-002453,PERSON-002197","PERSON-001705,PERSON-002453,PERSON-002197","LOC-000086,LOC-000087","EVID-000199,EVID-000200,EVID-000201",true
CASE-000030,NET-000001,OTHER_SPECIAL_LOCAL_LAWS,PERSON-001589,"PERSON-000146,PERSON-000717","PERSON-001589,PERSON-000146,PERSON-000717","LOC-000088,LOC-000089,LOC-000090","EVID-000208,EVID-000209,EVID-000210",true
CASE-000031,NET-000020,RAPE,PERSON-000584,"PERSON-000697,PERSON-000230,PERSON-000948,PERSON-002757,PERSON-002715","PERSON-000584,PERSON-000697,PERSON-000230,PERSON-000948,PERSON-002757,PERSON-002715","LOC-000091,LOC-000092","EVID-000215,EVID-000216,EVID-000217",true
CASE-000032,NET-000001,BURGLARY,PERSON-001670,"PERSON-001210,PERSON-001589,PERSON-001558,PERSON-001041,PERSON-001880","PERSON-001670,PERSON-001210,PERSON-001589,PERSON-001558,PERSON-001041,PERSON-001880","LOC-000093,LOC-000094","EVID-000222,EVID-000223,EVID-000224",true
CASE-000033,NET-000001,BURGLARY,PERSON-001041,"PERSON-000146,PERSON-000351,PERSON-001573","PERSON-001041,PERSON-000146,PERSON-000351,PERSON-001573","LOC-000095,LOC-000096","EVID-000231,EVID-000232,EVID-000233",true
CASE-000034,NET-000001,EXTORTION,PERSON-000351,"PERSON-001041,PERSON-001667,PERSON-002930","PERSON-000351,PERSON-001041,PERSON-001667,PERSON-002930","LOC-000097,LOC-000098,LOC-000099,LOC-000100","EVID-000238,EVID-000239,EVID-000240",true
CASE-000035,NET-000012,DACOITY,PERSON-002576,"PERSON-000506,PERSON-000390,PERSON-000096","PERSON-002576,PERSON-000506,PERSON-000390,PERSON-000096","LOC-000101,LOC-000102,LOC-000103","EVID-000244,EVID-000245,EVID-000246",true
CASE-000036,NET-000017,THEFT,PERSON-002517,"PERSON-000083,PERSON-001544,PERSON-000538,PERSON-002964","PERSON-002517,PERSON-000083,PERSON-001544,PERSON-000538,PERSON-002964","LOC-000104,LOC-000105,LOC-000106,LOC-000107","EVID-000252,EVID-000253,EVID-000254",true
CASE-000037,NET-000018,ATTEMPTED_MURDER,PERSON-000611,"PERSON-000060,PERSON-000635,PERSON-002438,PERSON-001768","PERSON-000611,PERSON-000060,PERSON-000635,PERSON-002438,PERSON-001768","LOC-000108,LOC-000109,LOC-000110","EVID-000257,EVID-000258,EVID-000259",true
CASE-000038,NET-000020,THEFT,PERSON-002998,"PERSON-000697,PERSON-001664,PERSON-001343,PERSON-000948,PERSON-002715","PERSON-002998,PERSON-000697,PERSON-001664,PERSON-001343,PERSON-000948,PERSON-002715","LOC-000111,LOC-000112","EVID-000262,EVID-000263,EVID-000264",true
CASE-000039,NET-000011,FORGERY,PERSON-000919,"PERSON-000393,PERSON-002160,PERSON-000132,PERSON-002764,PERSON-001367","PERSON-000919,PERSON-000393,PERSON-002160,PERSON-000132,PERSON-002764,PERSON-001367","LOC-000113,LOC-000114","EVID-000271,EVID-000272,EVID-000273",true
CASE-000040,NET-000020,ATTEMPTED_RAPE,PERSON-001664,"PERSON-000904,PERSON-000181","PERSON-001664,PERSON-000904,PERSON-000181","LOC-000115,LOC-000116,LOC-000117,LOC-000118","EVID-000280,EVID-000281,EVID-000282",true
CASE-000041,NET-000020,OTHER_SPECIAL_LOCAL_LAWS,PERSON-002998,PERSON-001343,"PERSON-002998,PERSON-001343","LOC-000119,LOC-000120","EVID-000289,EVID-000290,EVID-000291",true
CASE-000042,NET-000001,BURGLARY,PERSON-002750,"PERSON-001041,PERSON-001558,PERSON-000351,PERSON-002279","PERSON-002750,PERSON-001041,PERSON-001558,PERSON-000351,PERSON-002279","LOC-000121,LOC-000122,LOC-000123","EVID-000297,EVID-000298,EVID-000299",true
CASE-000043,NET-000013,HUMAN_TRAFFICKING,PERSON-000950,"PERSON-002114,PERSON-000195","PERSON-000950,PERSON-002114,PERSON-000195","LOC-000124,LOC-000125","EVID-000306,EVID-000307,EVID-000308",true
CASE-000044,NET-000028,HUMAN_TRAFFICKING,PERSON-001212,"PERSON-000092,PERSON-001124,PERSON-000470","PERSON-001212,PERSON-000092,PERSON-001124,PERSON-000470","LOC-000126,LOC-000127,LOC-000128,LOC-000129","EVID-000313,EVID-000314,EVID-000315",true
CASE-000045,NET-000004,ATTEMPTED_MURDER,PERSON-001262,"PERSON-002900,PERSON-002618,PERSON-001757,PERSON-001115","PERSON-001262,PERSON-002900,PERSON-002618,PERSON-001757,PERSON-001115","LOC-000130,LOC-000131","EVID-000322,EVID-000323,EVID-000324",true
CASE-000046,NET-000027,CYBERCRIME,PERSON-002499,"PERSON-001668,PERSON-001043","PERSON-002499,PERSON-001668,PERSON-001043","LOC-000132,LOC-000133,LOC-000134","EVID-000328,EVID-000329,EVID-000330",true
CASE-000047,NET-000002,RAPE,PERSON-000063,"PERSON-000081,PERSON-002574,PERSON-000479","PERSON-000063,PERSON-000081,PERSON-002574,PERSON-000479","LOC-000135,LOC-000136,LOC-000137","EVID-000334,EVID-000335,EVID-000336",true
CASE-000048,NET-000020,CHILD_RELATED_CRIME,PERSON-000106,"PERSON-001664,PERSON-000584,PERSON-001507","PERSON-000106,PERSON-001664,PERSON-000584,PERSON-001507","LOC-000138,LOC-000139","EVID-000340,EVID-000341,EVID-000342",true
CASE-000049,NET-000015,DACOITY,PERSON-001385,"PERSON-000175,PERSON-000455,PERSON-000842,PERSON-002684,PERSON-000245","PERSON-001385,PERSON-000175,PERSON-000455,PERSON-000842,PERSON-002684,PERSON-000245","LOC-000140,LOC-000141","EVID-000349,EVID-000350,EVID-000351",true
CASE-000050,NET-000020,CULPABLE_HOMICIDE,PERSON-002675,"PERSON-001343,PERSON-002835,PERSON-001664,PERSON-001112","PERSON-002675,PERSON-001343,PERSON-002835,PERSON-001664,PERSON-001112","LOC-000142,LOC-000143,LOC-000144","EVID-000354,EVID-000355,EVID-000356",true
CASE-000051,NET-000003,NARCOTICS_NDPS,PERSON-000146,"PERSON-000047,PERSON-002609,PERSON-000217,PERSON-002223,PERSON-000556","PERSON-000146,PERSON-000047,PERSON-002609,PERSON-000217,PERSON-002223,PERSON-000556","LOC-000145,LOC-000146,LOC-000147","EVID-000360,EVID-000361,EVID-000362",true
CASE-000052,NET-000020,THEFT,PERSON-001315,"PERSON-002998,PERSON-001182","PERSON-001315,PERSON-002998,PERSON-001182","LOC-000148,LOC-000149,LOC-000150,LOC-000151","EVID-000369,EVID-000370,EVID-000371",true
CASE-000053,NET-000002,BURGLARY,PERSON-001589,"PERSON-001259,PERSON-000081,PERSON-000063,PERSON-001578","PERSON-001589,PERSON-001259,PERSON-000081,PERSON-000063,PERSON-001578","LOC-000152,LOC-000153,LOC-000154","EVID-000376,EVID-000377,EVID-000378",true
CASE-000054,NET-000020,ATTEMPTED_MURDER,PERSON-000230,"PERSON-001664,PERSON-002715,PERSON-000635","PERSON-000230,PERSON-001664,PERSON-002715,PERSON-000635","LOC-000155,LOC-000156,LOC-000157","EVID-000384,EVID-000385,EVID-000386",true
CASE-000055,NET-000017,ASSAULT,PERSON-000488,"PERSON-002020,PERSON-001965,PERSON-001543","PERSON-000488,PERSON-002020,PERSON-001965,PERSON-001543","LOC-000158,LOC-000159","EVID-000391,EVID-000392,EVID-000393",true
CASE-000056,NET-000007,ATTEMPTED_RAPE,PERSON-000245,PERSON-000792,"PERSON-000245,PERSON-000792","LOC-000160,LOC-000161,LOC-000162","EVID-000396,EVID-000397,EVID-000398",true
CASE-000057,NET-000020,EXTORTION,PERSON-000904,PERSON-001866,"PERSON-000904,PERSON-001866","LOC-000163,LOC-000164","EVID-000401,EVID-000402,EVID-000403",true
CASE-000058,NET-000012,ROBBERY,PERSON-001894,"PERSON-002872,PERSON-000979,PERSON-000817,PERSON-001367,PERSON-000390","PERSON-001894,PERSON-002872,PERSON-000979,PERSON-000817,PERSON-001367,PERSON-000390","LOC-000165,LOC-000166,LOC-000167","EVID-000407,EVID-000408,EVID-000409",true
CASE-000059,NET-000016,NARCOTICS_NDPS,PERSON-002077,"PERSON-002150,PERSON-000845","PERSON-002077,PERSON-002150,PERSON-000845","LOC-000168,LOC-000169,LOC-000170,LOC-000171","EVID-000413,EVID-000414,EVID-000415",true
CASE-000060,NET-000022,FINANCIAL_FRAUD,PERSON-002105,"PERSON-002417,PERSON-000207,PERSON-002094,PERSON-000407,PERSON-000419","PERSON-002105,PERSON-002417,PERSON-000207,PERSON-002094,PERSON-000407,PERSON-000419","LOC-000172,LOC-000173","EVID-000421,EVID-000422,EVID-000423",true
CASE-000061,NET-000001,CULPABLE_HOMICIDE,PERSON-001210,"PERSON-001041,PERSON-002750,PERSON-001558,PERSON-001578","PERSON-001210,PERSON-001041,PERSON-002750,PERSON-001558,PERSON-001578","LOC-000174,LOC-000175,LOC-000176,LOC-000177","EVID-000430,EVID-000431,EVID-000432",true
CASE-000062,NET-000017,THEFT,PERSON-000621,"PERSON-002279,PERSON-002020,PERSON-000357,PERSON-000863,PERSON-001544","PERSON-000621,PERSON-002279,PERSON-002020,PERSON-000357,PERSON-000863,PERSON-001544","LOC-000178,LOC-000179,LOC-000180,LOC-000181","EVID-000438,EVID-000439,EVID-000440",true
CASE-000063,NET-000009,NARCOTICS_NDPS,PERSON-002068,"PERSON-001425,PERSON-002759,PERSON-001578,PERSON-001071,PERSON-001642","PERSON-002068,PERSON-001425,PERSON-002759,PERSON-001578,PERSON-001071,PERSON-001642","LOC-000182,LOC-000183","EVID-000444,EVID-000445,EVID-000446",true
CASE-000064,NET-000023,NARCOTICS_TRAFFICKING,PERSON-001552,PERSON-001360,"PERSON-001552,PERSON-001360","LOC-000184,LOC-000185,LOC-000186","EVID-000451,EVID-000452,EVID-000453",true
CASE-000065,NET-000017,MURDER,PERSON-000921,"PERSON-001540,PERSON-001205","PERSON-000921,PERSON-001540,PERSON-001205","LOC-000187,LOC-000188","EVID-000457,EVID-000458,EVID-000459",true
CASE-000066,NET-000020,EXTORTION,PERSON-002998,PERSON-001343,"PERSON-002998,PERSON-001343","LOC-000189,LOC-000190,LOC-000191,LOC-000192","EVID-000463,EVID-000464,EVID-000465",true
CASE-000067,NET-000018,ATTEMPTED_RAPE,PERSON-001847,"PERSON-002675,PERSON-000635,PERSON-002438,PERSON-000832,PERSON-001701","PERSON-001847,PERSON-002675,PERSON-000635,PERSON-002438,PERSON-000832,PERSON-001701","LOC-000193,LOC-000194","EVID-000470,EVID-000471,EVID-000472",true
CASE-000068,NET-000023,NARCOTICS_NDPS,PERSON-002309,"PERSON-000906,PERSON-002982,PERSON-001110,PERSON-000057","PERSON-002309,PERSON-000906,PERSON-002982,PERSON-001110,PERSON-000057","LOC-000195,LOC-000196,LOC-000197","EVID-000475,EVID-000476,EVID-000477",true
CASE-000069,NET-000002,EXTORTION,PERSON-002574,"PERSON-000081,PERSON-001861,PERSON-000850,PERSON-001259","PERSON-002574,PERSON-000081,PERSON-001861,PERSON-000850,PERSON-001259","LOC-000198,LOC-000199,LOC-000200,LOC-000201","EVID-000482,EVID-000483,EVID-000484",true
CASE-000070,NET-000007,BURGLARY,PERSON-000825,"PERSON-001847,PERSON-001578,PERSON-000260,PERSON-000943","PERSON-000825,PERSON-001847,PERSON-001578,PERSON-000260,PERSON-000943","LOC-000202,LOC-000203,LOC-000204","EVID-000489,EVID-000490,EVID-000491",true
CASE-000071,NET-000003,NARCOTICS_TRAFFICKING,PERSON-000047,"PERSON-000473,PERSON-000146,PERSON-000449","PERSON-000047,PERSON-000473,PERSON-000146,PERSON-000449","LOC-000205,LOC-000206,LOC-000207","EVID-000496,EVID-000497,EVID-000498",true
CASE-000072,NET-000020,THEFT,PERSON-002998,"PERSON-002757,PERSON-001043","PERSON-002998,PERSON-002757,PERSON-001043","LOC-000208,LOC-000209,LOC-000210,LOC-000211","EVID-000502,EVID-000503,EVID-000504",true
CASE-000073,NET-000002,CHILD_RELATED_CRIME,PERSON-000063,"PERSON-002574,PERSON-001861,PERSON-001589,PERSON-001259,PERSON-001369","PERSON-000063,PERSON-002574,PERSON-001861,PERSON-001589,PERSON-001259,PERSON-001369","LOC-000212,LOC-000213,LOC-000214","EVID-000509,EVID-000510,EVID-000511",true
CASE-000074,NET-000007,ATTEMPTED_MURDER,PERSON-001029,"PERSON-001578,PERSON-001747,PERSON-002408,PERSON-000943","PERSON-001029,PERSON-001578,PERSON-001747,PERSON-002408,PERSON-000943","LOC-000215,LOC-000216,LOC-000217,LOC-000218","EVID-000514,EVID-000515,EVID-000516",true
CASE-000075,NET-000017,ATTEMPTED_RAPE,PERSON-000357,"PERSON-000765,PERSON-000488,PERSON-001543,PERSON-002304","PERSON-000357,PERSON-000765,PERSON-000488,PERSON-001543,PERSON-002304","LOC-000219,LOC-000220,LOC-000221,LOC-000222","EVID-000523,EVID-000524,EVID-000525",true
CASE-000076,NET-000026,CYBERCRIME,PERSON-001706,"PERSON-001318,PERSON-000648,PERSON-000106,PERSON-000259","PERSON-001706,PERSON-001318,PERSON-000648,PERSON-000106,PERSON-000259","LOC-000223,LOC-000224,LOC-000225,LOC-000226","EVID-000528,EVID-000529,EVID-000530",true
CASE-000077,NET-000022,FORGERY,PERSON-000366,"PERSON-002105,PERSON-001381,PERSON-000419,PERSON-000927","PERSON-000366,PERSON-002105,PERSON-001381,PERSON-000419,PERSON-000927","LOC-000227,LOC-000228,LOC-000229","EVID-000535,EVID-000536,EVID-000537",true
CASE-000078,NET-000014,KIDNAPPING_FOR_RANSOM,PERSON-000784,"PERSON-000397,PERSON-002004,PERSON-002136,PERSON-000622,PERSON-002215","PERSON-000784,PERSON-000397,PERSON-002004,PERSON-002136,PERSON-000622,PERSON-002215","LOC-000230,LOC-000231","EVID-000541,EVID-000542,EVID-000543",true
CASE-000079,NET-000008,DACOITY,PERSON-001059,"PERSON-000302,PERSON-000489","PERSON-001059,PERSON-000302,PERSON-000489","LOC-000232,LOC-000233","EVID-000547,EVID-000548,EVID-000549",true
CASE-000080,NET-000012,DACOITY,PERSON-001135,"PERSON-002660,PERSON-002457,PERSON-002576,PERSON-000597,PERSON-001259","PERSON-001135,PERSON-002660,PERSON-002457,PERSON-002576,PERSON-000597,PERSON-001259","LOC-000234,LOC-000235,LOC-000236","EVID-000555,EVID-000556,EVID-000557",true
CASE-000081,NET-000018,THEFT,PERSON-002675,"PERSON-001542,PERSON-001596,PERSON-002713,PERSON-000611,PERSON-002901","PERSON-002675,PERSON-001542,PERSON-001596,PERSON-002713,PERSON-000611,PERSON-002901","LOC-000237,LOC-000238,LOC-000239","EVID-000563,EVID-000564,EVID-000565",true
CASE-000082,NET-000017,ATTEMPTED_MURDER,PERSON-000083,"PERSON-002517,PERSON-001543,PERSON-000120,PERSON-001540,PERSON-002507","PERSON-000083,PERSON-002517,PERSON-001543,PERSON-000120,PERSON-001540,PERSON-002507","LOC-000240,LOC-000241,LOC-000242,LOC-000243","EVID-000572,EVID-000573,EVID-000574",true
CASE-000083,NET-000015,DACOITY,PERSON-002954,PERSON-001886,"PERSON-002954,PERSON-001886","LOC-000244,LOC-000245,LOC-000246,LOC-000247","EVID-000581,EVID-000582,EVID-000583",true
CASE-000084,NET-000012,DACOITY,PERSON-001337,"PERSON-000506,PERSON-000390,PERSON-002039,PERSON-000769,PERSON-002223","PERSON-001337,PERSON-000506,PERSON-000390,PERSON-002039,PERSON-000769,PERSON-002223","LOC-000248,LOC-000249","EVID-000586,EVID-000587,EVID-000588",true
CASE-000085,NET-000011,FORGERY,PERSON-000132,"PERSON-000193,PERSON-000575,PERSON-001043,PERSON-002839","PERSON-000132,PERSON-000193,PERSON-000575,PERSON-001043,PERSON-002839","LOC-000250,LOC-000251","EVID-000595,EVID-000596,EVID-000597",true
CASE-000086,NET-000001,BURGLARY,PERSON-001041,"PERSON-001210,PERSON-001667,PERSON-002256","PERSON-001041,PERSON-001210,PERSON-001667,PERSON-002256","LOC-000252,LOC-000253,LOC-000254,LOC-000255","EVID-000604,EVID-000605,EVID-000606",true
CASE-000087,NET-000002,CHILD_RELATED_CRIME,PERSON-001589,"PERSON-001861,PERSON-001259","PERSON-001589,PERSON-001861,PERSON-001259","LOC-000256,LOC-000257,LOC-000258","EVID-000612,EVID-000613,EVID-000614",true
CASE-000088,NET-000002,OTHER_SPECIAL_LOCAL_LAWS,PERSON-001861,"PERSON-001259,PERSON-000216","PERSON-001861,PERSON-001259,PERSON-000216","LOC-000259,LOC-000260,LOC-000261,LOC-000262","EVID-000617,EVID-000618,EVID-000619",true
CASE-000089,NET-000017,BURGLARY,PERSON-001898,"PERSON-002745,PERSON-000357,PERSON-002279,PERSON-000621,PERSON-000222","PERSON-001898,PERSON-002745,PERSON-000357,PERSON-002279,PERSON-000621,PERSON-000222","LOC-000263,LOC-000264,LOC-000265","EVID-000625,EVID-000626,EVID-000627",true
CASE-000090,NET-000007,CHILD_RELATED_CRIME,PERSON-000943,PERSON-000955,"PERSON-000943,PERSON-000955","LOC-000266,LOC-000267,LOC-000268","EVID-000630,EVID-000631,EVID-000632",true
CASE-000091,NET-000002,CULPABLE_HOMICIDE,PERSON-000081,"PERSON-002574,PERSON-001259,PERSON-001667","PERSON-000081,PERSON-002574,PERSON-001259,PERSON-001667","LOC-000269,LOC-000270,LOC-000271,LOC-000272","EVID-000637,EVID-000638,EVID-000639",true
CASE-000092,NET-000011,FINANCIAL_FRAUD,PERSON-001860,"PERSON-002124,PERSON-000216,PERSON-000497,PERSON-001861,PERSON-002517","PERSON-001860,PERSON-002124,PERSON-000216,PERSON-000497,PERSON-001861,PERSON-002517","LOC-000273,LOC-000274,LOC-000275","EVID-000645,EVID-000646,EVID-000647",true
CASE-000093,NET-000016,NARCOTICS_NDPS,PERSON-000957,"PERSON-002418,PERSON-001803","PERSON-000957,PERSON-002418,PERSON-001803","LOC-000276,LOC-000277","EVID-000651,EVID-000652,EVID-000653",true
CASE-000094,NET-000007,ATTEMPTED_MURDER,PERSON-000499,"PERSON-001691,PERSON-001573","PERSON-000499,PERSON-001691,PERSON-001573","LOC-000278,LOC-000279,LOC-000280","EVID-000657,EVID-000658,EVID-000659",true
CASE-000095,NET-000001,RAPE,PERSON-000351,PERSON-002735,"PERSON-000351,PERSON-002735","LOC-000281,LOC-000282","EVID-000662,EVID-000663,EVID-000664",true
CASE-000096,NET-000010,HUMAN_TRAFFICKING,PERSON-001880,"PERSON-002247,PERSON-002377,PERSON-002826,PERSON-002740","PERSON-001880,PERSON-002247,PERSON-002377,PERSON-002826,PERSON-002740","LOC-000283,LOC-000284,LOC-000285","EVID-000671,EVID-000672,EVID-000673",true
CASE-000097,NET-000012,ROBBERY,PERSON-000092,"PERSON-000920,PERSON-002879,PERSON-002450,PERSON-000597,PERSON-001135","PERSON-000092,PERSON-000920,PERSON-002879,PERSON-002450,PERSON-000597,PERSON-001135","LOC-000286,LOC-000287","EVID-000677,EVID-000678,EVID-000679",true
CASE-000098,NET-000017,CHILD_RELATED_CRIME,PERSON-002020,"PERSON-002745,PERSON-001847","PERSON-002020,PERSON-002745,PERSON-001847","LOC-000288,LOC-000289,LOC-000290","EVID-000685,EVID-000686,EVID-000687",true
CASE-000099,NET-000007,BURGLARY,PERSON-002393,"PERSON-002304,PERSON-000499,PERSON-001029,PERSON-001847","PERSON-002393,PERSON-002304,PERSON-000499,PERSON-001029,PERSON-001847","LOC-000291,LOC-000292,LOC-000293,LOC-000294","EVID-000690,EVID-000691,EVID-000692",true
CASE-000100,NET-000011,FORGERY,PERSON-000479,"PERSON-001478,PERSON-001687","PERSON-000479,PERSON-001478,PERSON-001687","LOC-000295,LOC-000296,LOC-000297","EVID-000696,EVID-000697,EVID-000698",true
CASE-000101,NET-000001,ATTEMPTED_MURDER,PERSON-001667,"PERSON-001670,PERSON-001210,PERSON-001596","PERSON-001667,PERSON-001670,PERSON-001210,PERSON-001596","LOC-000298,LOC-000299,LOC-000300,LOC-000301","EVID-000702,EVID-000703,EVID-000704",true
CASE-000102,NET-000019,KIDNAPPING,PERSON-001066,PERSON-001944,"PERSON-001066,PERSON-001944","LOC-000302,LOC-000303,LOC-000304,LOC-000305","EVID-000708,EVID-000709,EVID-000710",true
CASE-000103,NET-000002,MURDER,PERSON-002757,"PERSON-001259,PERSON-002998","PERSON-002757,PERSON-001259,PERSON-002998","LOC-000306,LOC-000307,LOC-000308","EVID-000713,EVID-000714,EVID-000715",true
CASE-000104,NET-000017,ATTEMPTED_MURDER,PERSON-002999,"PERSON-001898,PERSON-000357,PERSON-001992","PERSON-002999,PERSON-001898,PERSON-000357,PERSON-001992","LOC-000309,LOC-000310","EVID-000719,EVID-000720,EVID-000721",true
CASE-000105,NET-000018,ASSAULT,PERSON-002896,"PERSON-002922,PERSON-001363,PERSON-001343","PERSON-002896,PERSON-002922,PERSON-001363,PERSON-001343","LOC-000311,LOC-000312","EVID-000726,EVID-000727,EVID-000728",true
CASE-000106,NET-000028,HUMAN_TRAFFICKING,PERSON-000430,"PERSON-001824,PERSON-002920,PERSON-001584,PERSON-001455,PERSON-000622","PERSON-000430,PERSON-001824,PERSON-002920,PERSON-001584,PERSON-001455,PERSON-000622","LOC-000313,LOC-000314,LOC-000315","EVID-000732,EVID-000733,EVID-000734",true
CASE-000107,NET-000008,DACOITY,PERSON-001615,"PERSON-000302,PERSON-000489,PERSON-002082,PERSON-000305","PERSON-001615,PERSON-000302,PERSON-000489,PERSON-002082,PERSON-000305","LOC-000316,LOC-000317,LOC-000318,LOC-000319","EVID-000738,EVID-000739,EVID-000740",true
CASE-000108,NET-000004,ASSAULT,PERSON-001115,PERSON-001007,"PERSON-001115,PERSON-001007","LOC-000320,LOC-000321,LOC-000322","EVID-000745,EVID-000746,EVID-000747",true
CASE-000109,NET-000004,ATTEMPTED_RAPE,PERSON-001610,"PERSON-001558,PERSON-001474,PERSON-001757,PERSON-002576","PERSON-001610,PERSON-001558,PERSON-001474,PERSON-001757,PERSON-002576","LOC-000323,LOC-000324,LOC-000325","EVID-000753,EVID-000754,EVID-000755",true
CASE-000110,NET-000012,DACOITY,PERSON-000769,PERSON-001041,"PERSON-000769,PERSON-001041","LOC-000326,LOC-000327","EVID-000762,EVID-000763,EVID-000764",true
CASE-000111,NET-000012,ROBBERY,PERSON-000506,"PERSON-000817,PERSON-002450,PERSON-000597,PERSON-002879,PERSON-002576","PERSON-000506,PERSON-000817,PERSON-002450,PERSON-000597,PERSON-002879,PERSON-002576","LOC-000328,LOC-000329,LOC-000330","EVID-000769,EVID-000770,EVID-000771",true
CASE-000112,NET-000009,NARCOTICS_TRAFFICKING,PERSON-001425,"PERSON-002068,PERSON-000613,PERSON-000822,PERSON-001071,PERSON-001648","PERSON-001425,PERSON-002068,PERSON-000613,PERSON-000822,PERSON-001071,PERSON-001648","LOC-000331,LOC-000332,LOC-000333,LOC-000334","EVID-000778,EVID-000779,EVID-000780",true
CASE-000113,NET-000017,VEHICLE_THEFT,PERSON-000357,"PERSON-000765,PERSON-000538,PERSON-000921,PERSON-002873,PERSON-000569","PERSON-000357,PERSON-000765,PERSON-000538,PERSON-000921,PERSON-002873,PERSON-000569","LOC-000335,LOC-000336,LOC-000337","EVID-000784,EVID-000785,EVID-000786",true
CASE-000114,NET-000026,CYBERCRIME,PERSON-000895,"PERSON-001788,PERSON-000898","PERSON-000895,PERSON-001788,PERSON-000898","LOC-000338,LOC-000339","EVID-000790,EVID-000791,EVID-000792",true
CASE-000115,NET-000003,NARCOTICS_TRAFFICKING,PERSON-002964,PERSON-000906,"PERSON-002964,PERSON-000906","LOC-000340,LOC-000341,LOC-000342,LOC-000343","EVID-000799,EVID-000800,EVID-000801",true
CASE-000116,NET-000008,ROBBERY,PERSON-000492,PERSON-001059,"PERSON-000492,PERSON-001059","LOC-000344,LOC-000345,LOC-000346","EVID-000804,EVID-000805,EVID-000806",true
CASE-000117,NET-000023,NARCOTICS_NDPS,PERSON-002159,PERSON-000712,"PERSON-002159,PERSON-000712","LOC-000347,LOC-000348,LOC-000349,LOC-000350","EVID-000811,EVID-000812,EVID-000813",true
CASE-000118,NET-000007,EXTORTION,PERSON-002393,"PERSON-000245,PERSON-001327","PERSON-002393,PERSON-000245,PERSON-001327","LOC-000351,LOC-000352,LOC-000353","EVID-000819,EVID-000820,EVID-000821",true
CASE-000119,NET-000018,ASSAULT,PERSON-002713,"PERSON-000611,PERSON-000132","PERSON-002713,PERSON-000611,PERSON-000132","LOC-000354,LOC-000355","EVID-000825,EVID-000826,EVID-000827",true
CASE-000120,NET-000016,NARCOTICS_TRAFFICKING,PERSON-000121,"PERSON-002418,PERSON-000096,PERSON-001479,PERSON-002150,PERSON-000647","PERSON-000121,PERSON-002418,PERSON-000096,PERSON-001479,PERSON-002150,PERSON-000647","LOC-000356,LOC-000357","EVID-000833,EVID-000834,EVID-000835",true
CASE-000121,NET-000017,ATTEMPTED_RAPE,PERSON-001898,PERSON-001107,"PERSON-001898,PERSON-001107","LOC-000358,LOC-000359,LOC-000360,LOC-000361","EVID-000838,EVID-000839,EVID-000840",true
CASE-000122,NET-000017,MURDER,PERSON-000538,"PERSON-002999,PERSON-000621,PERSON-001863","PERSON-000538,PERSON-002999,PERSON-000621,PERSON-001863","LOC-000362,LOC-000363","EVID-000843,EVID-000844,EVID-000845",true
CASE-000123,NET-000004,CRUELTY_BY_HUSBAND_OR_RELATIVES,PERSON-002060,"PERSON-001474,PERSON-002618,PERSON-001610,PERSON-000911","PERSON-002060,PERSON-001474,PERSON-002618,PERSON-001610,PERSON-000911","LOC-000364,LOC-000365,LOC-000366,LOC-000367","EVID-000852,EVID-000853,EVID-000854",true
CASE-000124,NET-000020,ATTEMPTED_MURDER,PERSON-000904,"PERSON-000576,PERSON-002998,PERSON-001212","PERSON-000904,PERSON-000576,PERSON-002998,PERSON-001212","LOC-000368,LOC-000369","EVID-000861,EVID-000862,EVID-000863",true
CASE-000125,NET-000017,VEHICLE_THEFT,PERSON-001544,"PERSON-000120,PERSON-000765","PERSON-001544,PERSON-000120,PERSON-000765","LOC-000370,LOC-000371,LOC-000372,LOC-000373","EVID-000867,EVID-000868,EVID-000869",true
CASE-000126,NET-000006,FORGERY,PERSON-000165,PERSON-002900,"PERSON-000165,PERSON-002900","LOC-000374,LOC-000375","EVID-000874,EVID-000875,EVID-000876",true
CASE-000127,NET-000024,HUMAN_TRAFFICKING,PERSON-001066,"PERSON-001191,PERSON-002633,PERSON-000792","PERSON-001066,PERSON-001191,PERSON-002633,PERSON-000792","LOC-000376,LOC-000377,LOC-000378,LOC-000379","EVID-000880,EVID-000881,EVID-000882",true
CASE-000128,NET-000020,OTHER_SPECIAL_LOCAL_LAWS,PERSON-000106,"PERSON-000576,PERSON-002715,PERSON-000904,PERSON-001664,PERSON-000979","PERSON-000106,PERSON-000576,PERSON-002715,PERSON-000904,PERSON-001664,PERSON-000979","LOC-000380,LOC-000381","EVID-000887,EVID-000888,EVID-000889",true
CASE-000129,NET-000002,ASSAULT,PERSON-000850,"PERSON-000081,PERSON-000063,PERSON-001861,PERSON-001259,PERSON-001194","PERSON-000850,PERSON-000081,PERSON-000063,PERSON-001861,PERSON-001259,PERSON-001194","LOC-000382,LOC-000383,LOC-000384,LOC-000385","EVID-000894,EVID-000895,EVID-000896",true
CASE-000130,NET-000009,NARCOTICS_NDPS,PERSON-001071,"PERSON-002068,PERSON-002759,PERSON-002986,PERSON-002829","PERSON-001071,PERSON-002068,PERSON-002759,PERSON-002986,PERSON-002829","LOC-000386,LOC-000387,LOC-000388","EVID-000901,EVID-000902,EVID-000903",true
CASE-000131,NET-000007,VEHICLE_THEFT,PERSON-002408,"PERSON-000499,PERSON-002660","PERSON-002408,PERSON-000499,PERSON-002660","LOC-000389,LOC-000390","EVID-000907,EVID-000908,EVID-000909",true
CASE-000132,NET-000004,CULPABLE_HOMICIDE,PERSON-002618,PERSON-002060,"PERSON-002618,PERSON-002060","LOC-000391,LOC-000392,LOC-000393","EVID-000915,EVID-000916,EVID-000917",true
CASE-000133,NET-000017,BURGLARY,PERSON-002745,"PERSON-000488,PERSON-001992,PERSON-000046","PERSON-002745,PERSON-000488,PERSON-001992,PERSON-000046","LOC-000394,LOC-000395","EVID-000920,EVID-000921,EVID-000922",true
CASE-000134,NET-000018,ASSAULT,PERSON-002896,"PERSON-000635,PERSON-002922,PERSON-000886","PERSON-002896,PERSON-000635,PERSON-002922,PERSON-000886","LOC-000396,LOC-000397,LOC-000398","EVID-000927,EVID-000928,EVID-000929",true
CASE-000135,NET-000020,ASSAULT,PERSON-000948,"PERSON-000106,PERSON-000584,PERSON-000230,PERSON-002757,PERSON-000916","PERSON-000948,PERSON-000106,PERSON-000584,PERSON-000230,PERSON-002757,PERSON-000916","LOC-000399,LOC-000400","EVID-000935,EVID-000936,EVID-000937",true
CASE-000136,NET-000018,THEFT,PERSON-002675,"PERSON-002896,PERSON-001664","PERSON-002675,PERSON-002896,PERSON-001664","LOC-000401,LOC-000402","EVID-000943,EVID-000944,EVID-000945",true
CASE-000137,NET-000005,CYBERCRIME,PERSON-002803,"PERSON-001327,PERSON-001658,PERSON-002975,PERSON-000634","PERSON-002803,PERSON-001327,PERSON-001658,PERSON-002975,PERSON-000634","LOC-000403,LOC-000404,LOC-000405,LOC-000406","EVID-000949,EVID-000950,EVID-000951",true
CASE-000138,NET-000002,CHILD_RELATED_CRIME,PERSON-001861,PERSON-000081,"PERSON-001861,PERSON-000081","LOC-000407,LOC-000408,LOC-000409","EVID-000957,EVID-000958,EVID-000959",true
CASE-000139,NET-000001,ATTEMPTED_RAPE,PERSON-002750,PERSON-000057,"PERSON-002750,PERSON-000057","LOC-000410,LOC-000411","EVID-000964,EVID-000965,EVID-000966",true
CASE-000140,NET-000017,OTHER_SPECIAL_LOCAL_LAWS,PERSON-000621,PERSON-000846,"PERSON-000621,PERSON-000846","LOC-000412,LOC-000413","EVID-000972,EVID-000973,EVID-000974",true
CASE-000141,NET-000022,FORGERY,PERSON-001381,"PERSON-000111,PERSON-001326","PERSON-001381,PERSON-000111,PERSON-001326","LOC-000414,LOC-000415","EVID-000979,EVID-000980,EVID-000981",true
CASE-000142,NET-000018,BURGLARY,PERSON-002896,"PERSON-002438,PERSON-001363,PERSON-001847,PERSON-002039","PERSON-002896,PERSON-002438,PERSON-001363,PERSON-001847,PERSON-002039","LOC-000416,LOC-000417,LOC-000418","EVID-000988,EVID-000989,EVID-000990",true
CASE-000143,NET-000009,NARCOTICS_NDPS,PERSON-000613,PERSON-000489,"PERSON-000613,PERSON-000489","LOC-000419,LOC-000420,LOC-000421","EVID-000996,EVID-000997,EVID-000998",true
CASE-000144,NET-000018,ASSAULT,PERSON-002896,"PERSON-002922,PERSON-001542,PERSON-001343","PERSON-002896,PERSON-002922,PERSON-001542,PERSON-001343","LOC-000422,LOC-000423,LOC-000424","EVID-001002,EVID-001003,EVID-001004",true
CASE-000145,NET-000001,OTHER_SPECIAL_LOCAL_LAWS,PERSON-001670,"PERSON-001589,PERSON-001210,PERSON-001619","PERSON-001670,PERSON-001589,PERSON-001210,PERSON-001619","LOC-000425,LOC-000426,LOC-000427","EVID-001011,EVID-001012,EVID-001013",true
CASE-000146,NET-000007,EXTORTION,PERSON-002846,"PERSON-001578,PERSON-000260,PERSON-002304,PERSON-001747,PERSON-002408","PERSON-002846,PERSON-001578,PERSON-000260,PERSON-002304,PERSON-001747,PERSON-002408","LOC-000428,LOC-000429,LOC-000430,LOC-000431","EVID-001016,EVID-001017,EVID-001018",true
CASE-000147,NET-000014,KIDNAPPING,PERSON-000405,"PERSON-000784,PERSON-000667,PERSON-000717,PERSON-001107","PERSON-000405,PERSON-000784,PERSON-000667,PERSON-000717,PERSON-001107","LOC-000432,LOC-000433","EVID-001023,EVID-001024,EVID-001025",true
CASE-000148,NET-000002,BURGLARY,PERSON-000863,"PERSON-000850,PERSON-001259,PERSON-001589,PERSON-001861,PERSON-000647","PERSON-000863,PERSON-000850,PERSON-001259,PERSON-001589,PERSON-001861,PERSON-000647","LOC-000434,LOC-000435","EVID-001031,EVID-001032,EVID-001033",true
CASE-000149,NET-000017,CRUELTY_BY_HUSBAND_OR_RELATIVES,PERSON-000621,"PERSON-000921,PERSON-002745,PERSON-002020,PERSON-000863,PERSON-000901","PERSON-000621,PERSON-000921,PERSON-002745,PERSON-002020,PERSON-000863,PERSON-000901","LOC-000436,LOC-000437,LOC-000438,LOC-000439","EVID-001040,EVID-001041,EVID-001042",true
CASE-000150,NET-000006,FORGERY,PERSON-001481,"PERSON-000275,PERSON-002737,PERSON-000473,PERSON-001205","PERSON-001481,PERSON-000275,PERSON-002737,PERSON-000473,PERSON-001205","LOC-000440,LOC-000441,LOC-000442","EVID-001047,EVID-001048,EVID-001049",true
CASE-000151,NET-000001,CULPABLE_HOMICIDE,PERSON-001589,"PERSON-001041,PERSON-001670,PERSON-000146,PERSON-000351,PERSON-000488","PERSON-001589,PERSON-001041,PERSON-001670,PERSON-000146,PERSON-000351,PERSON-000488","LOC-000443,LOC-000444","EVID-001055,EVID-001056,EVID-001057",true
CASE-000152,NET-000020,ATTEMPTED_MURDER,PERSON-000584,"PERSON-002715,PERSON-000697,PERSON-002675,PERSON-001315,PERSON-002954","PERSON-000584,PERSON-002715,PERSON-000697,PERSON-002675,PERSON-001315,PERSON-002954","LOC-000445,LOC-000446,LOC-000447,LOC-000448","EVID-001061,EVID-001062,EVID-001063",true
CASE-000153,NET-000021,CYBERCRIME,PERSON-002368,PERSON-002454,"PERSON-002368,PERSON-002454","LOC-000449,LOC-000450,LOC-000451,LOC-000452","EVID-001067,EVID-001068,EVID-001069",true
CASE-000154,NET-000001,ATTEMPTED_RAPE,PERSON-001589,"PERSON-001670,PERSON-001041,PERSON-002750,PERSON-001667,PERSON-000351","PERSON-001589,PERSON-001670,PERSON-001041,PERSON-002750,PERSON-001667,PERSON-000351","LOC-000453,LOC-000454","EVID-001073,EVID-001074,EVID-001075",true
CASE-000155,NET-000003,NARCOTICS_NDPS,PERSON-002223,"PERSON-000047,PERSON-000217,PERSON-002205","PERSON-002223,PERSON-000047,PERSON-000217,PERSON-002205","LOC-000455,LOC-000456,LOC-000457,LOC-000458","EVID-001081,EVID-001082,EVID-001083",true
CASE-000156,NET-000012,ROBBERY,PERSON-002660,"PERSON-000860,PERSON-001337,PERSON-001542","PERSON-002660,PERSON-000860,PERSON-001337,PERSON-001542","LOC-000459,LOC-000460","EVID-001088,EVID-001089,EVID-001090",true
CASE-000157,NET-000002,VEHICLE_THEFT,PERSON-001589,"PERSON-001259,PERSON-000063,PERSON-001861,PERSON-002574,PERSON-002060","PERSON-001589,PERSON-001259,PERSON-000063,PERSON-001861,PERSON-002574,PERSON-002060","LOC-000461,LOC-000462","EVID-001097,EVID-001098,EVID-001099",true
CASE-000158,NET-000017,RAPE,PERSON-002999,"PERSON-000621,PERSON-001992,PERSON-000538,PERSON-002020,PERSON-002745","PERSON-002999,PERSON-000621,PERSON-001992,PERSON-000538,PERSON-002020,PERSON-002745","LOC-000463,LOC-000464,LOC-000465","EVID-001104,EVID-001105,EVID-001106",true
CASE-000159,NET-000001,BURGLARY,PERSON-001558,"PERSON-002750,PERSON-001670,PERSON-001589,PERSON-000146","PERSON-001558,PERSON-002750,PERSON-001670,PERSON-001589,PERSON-000146","LOC-000466,LOC-000467,LOC-000468","EVID-001113,EVID-001114,EVID-001115",true
CASE-000160,NET-000017,CHILD_RELATED_CRIME,PERSON-000488,"PERSON-002873,PERSON-001992","PERSON-000488,PERSON-002873,PERSON-001992","LOC-000469,LOC-000470,LOC-000471,LOC-000472","EVID-001119,EVID-001120,EVID-001121",true
CASE-000161,NET-000006,FORGERY,PERSON-002737,"PERSON-000682,PERSON-000473,PERSON-000042,PERSON-000165,PERSON-000909","PERSON-002737,PERSON-000682,PERSON-000473,PERSON-000042,PERSON-000165,PERSON-000909","LOC-000473,LOC-000474,LOC-000475","EVID-001128,EVID-001129,EVID-001130",true
CASE-000162,NET-000007,ATTEMPTED_RAPE,PERSON-000245,"PERSON-000943,PERSON-001578,PERSON-002397,PERSON-001747,PERSON-002066","PERSON-000245,PERSON-000943,PERSON-001578,PERSON-002397,PERSON-001747,PERSON-002066","LOC-000476,LOC-000477,LOC-000478,LOC-000479","EVID-001135,EVID-001136,EVID-001137",true
CASE-000163,NET-000002,CULPABLE_HOMICIDE,PERSON-000063,"PERSON-000850,PERSON-000863,PERSON-002164","PERSON-000063,PERSON-000850,PERSON-000863,PERSON-002164","LOC-000480,LOC-000481,LOC-000482","EVID-001142,EVID-001143,EVID-001144",true
CASE-000164,NET-000018,CHILD_RELATED_CRIME,PERSON-000635,"PERSON-000832,PERSON-001596,PERSON-002847","PERSON-000635,PERSON-000832,PERSON-001596,PERSON-002847","LOC-000483,LOC-000484,LOC-000485,LOC-000486","EVID-001149,EVID-001150,EVID-001151",true
CASE-000165,NET-000023,NARCOTICS_NDPS,PERSON-002982,"PERSON-000955,PERSON-001552,PERSON-001214,PERSON-001127","PERSON-002982,PERSON-000955,PERSON-001552,PERSON-001214,PERSON-001127","LOC-000487,LOC-000488,LOC-000489,LOC-000490","EVID-001157,EVID-001158,EVID-001159",true
CASE-000166,NET-000007,ASSAULT,PERSON-000825,"PERSON-001029,PERSON-000260,PERSON-000943,PERSON-001847","PERSON-000825,PERSON-001029,PERSON-000260,PERSON-000943,PERSON-001847","LOC-000491,LOC-000492,LOC-000493,LOC-000494","EVID-001165,EVID-001166,EVID-001167",true
CASE-000167,NET-000002,ATTEMPTED_MURDER,PERSON-001259,"PERSON-001861,PERSON-000850,PERSON-000081,PERSON-000863,PERSON-000449","PERSON-001259,PERSON-001861,PERSON-000850,PERSON-000081,PERSON-000863,PERSON-000449","LOC-000495,LOC-000496,LOC-000497","EVID-001171,EVID-001172,EVID-001173",true
CASE-000168,NET-000023,NARCOTICS_TRAFFICKING,PERSON-001214,"PERSON-000526,PERSON-000223,PERSON-000957","PERSON-001214,PERSON-000526,PERSON-000223,PERSON-000957","LOC-000498,LOC-000499,LOC-000500","EVID-001180,EVID-001181,EVID-001182",true
CASE-000169,NET-000023,NARCOTICS_TRAFFICKING,PERSON-001127,"PERSON-002982,PERSON-001054,PERSON-000955,PERSON-002309,PERSON-001110","PERSON-001127,PERSON-002982,PERSON-001054,PERSON-000955,PERSON-002309,PERSON-001110","LOC-000501,LOC-000502,LOC-000503,LOC-000504","EVID-001185,EVID-001186,EVID-001187",true
CASE-000170,NET-000018,ATTEMPTED_RAPE,PERSON-000886,"PERSON-002847,PERSON-002713,PERSON-001363,PERSON-000062","PERSON-000886,PERSON-002847,PERSON-002713,PERSON-001363,PERSON-000062","LOC-000505,LOC-000506","EVID-001190,EVID-001191,EVID-001192",true
CASE-000171,NET-000017,CULPABLE_HOMICIDE,PERSON-000488,"PERSON-001205,PERSON-000621","PERSON-000488,PERSON-001205,PERSON-000621","LOC-000507,LOC-000508,LOC-000509","EVID-001199,EVID-001200,EVID-001201",true
CASE-000172,NET-000009,NARCOTICS_NDPS,PERSON-001578,"PERSON-000822,PERSON-002759,PERSON-001071","PERSON-001578,PERSON-000822,PERSON-002759,PERSON-001071","LOC-000510,LOC-000511","EVID-001204,EVID-001205,EVID-001206",true
CASE-000173,NET-000009,NARCOTICS_TRAFFICKING,PERSON-002759,PERSON-001363,"PERSON-002759,PERSON-001363","LOC-000512,LOC-000513,LOC-000514","EVID-001213,EVID-001214,EVID-001215",true
CASE-000174,NET-000004,BURGLARY,PERSON-001757,"PERSON-001115,PERSON-002060,PERSON-000440,PERSON-000792","PERSON-001757,PERSON-001115,PERSON-002060,PERSON-000440,PERSON-000792","LOC-000515,LOC-000516","EVID-001222,EVID-001223,EVID-001224",true
CASE-000175,NET-000022,FINANCIAL_FRAUD,PERSON-001774,"PERSON-000407,PERSON-000414,PERSON-000597","PERSON-001774,PERSON-000407,PERSON-000414,PERSON-000597","LOC-000517,LOC-000518","EVID-001227,EVID-001228,EVID-001229",true
CASE-000176,NET-000015,DACOITY,PERSON-001206,PERSON-001318,"PERSON-001206,PERSON-001318","LOC-000519,LOC-000520","EVID-001233,EVID-001234,EVID-001235",true
CASE-000177,NET-000024,HUMAN_TRAFFICKING,PERSON-001617,PERSON-002725,"PERSON-001617,PERSON-002725","LOC-000521,LOC-000522,LOC-000523","EVID-001239,EVID-001240,EVID-001241",true
CASE-000178,NET-000019,KIDNAPPING,PERSON-002106,"PERSON-000862,PERSON-000479,PERSON-000146","PERSON-002106,PERSON-000862,PERSON-000479,PERSON-000146","LOC-000524,LOC-000525,LOC-000526","EVID-001247,EVID-001248,EVID-001249",true
CASE-000179,NET-000002,RAPE,PERSON-002574,"PERSON-001259,PERSON-000792","PERSON-002574,PERSON-001259,PERSON-000792","LOC-000527,LOC-000528","EVID-001253,EVID-001254,EVID-001255",true
CASE-000180,NET-000014,KIDNAPPING_FOR_RANSOM,PERSON-000397,PERSON-002915,"PERSON-000397,PERSON-002915","LOC-000529,LOC-000530","EVID-001262,EVID-001263,EVID-001264",true
CASE-000181,NET-000004,CRUELTY_BY_HUSBAND_OR_RELATIVES,PERSON-001610,"PERSON-001115,PERSON-000440,PERSON-001757","PERSON-001610,PERSON-001115,PERSON-000440,PERSON-001757","LOC-000531,LOC-000532,LOC-000533","EVID-001270,EVID-001271,EVID-001272",true
CASE-000182,NET-000001,OTHER_SPECIAL_LOCAL_LAWS,PERSON-001670,"PERSON-001667,PERSON-000146,PERSON-001589","PERSON-001670,PERSON-001667,PERSON-000146,PERSON-001589","LOC-000534,LOC-000535,LOC-000536","EVID-001275,EVID-001276,EVID-001277",true
CASE-000183,NET-000019,KIDNAPPING_FOR_RANSOM,PERSON-001701,"PERSON-000823,PERSON-002654","PERSON-001701,PERSON-000823,PERSON-002654","LOC-000537,LOC-000538","EVID-001281,EVID-001282,EVID-001283",true
CASE-000184,NET-000001,ATTEMPTED_RAPE,PERSON-000351,"PERSON-001670,PERSON-001667,PERSON-002750,PERSON-000357","PERSON-000351,PERSON-001670,PERSON-001667,PERSON-002750,PERSON-000357","LOC-000539,LOC-000540","EVID-001288,EVID-001289,EVID-001290",true
CASE-000185,NET-000006,FORGERY,PERSON-000275,"PERSON-000032,PERSON-000473,PERSON-002737,PERSON-001558","PERSON-000275,PERSON-000032,PERSON-000473,PERSON-002737,PERSON-001558","LOC-000541,LOC-000542,LOC-000543,LOC-000544","EVID-001295,EVID-001296,EVID-001297",true
CASE-000186,NET-000018,EXTORTION,PERSON-002847,"PERSON-001480,PERSON-002247","PERSON-002847,PERSON-001480,PERSON-002247","LOC-000545,LOC-000546,LOC-000547,LOC-000548","EVID-001301,EVID-001302,EVID-001303",true
CASE-000187,NET-000022,FORGERY,PERSON-000111,"PERSON-001687,PERSON-001869,PERSON-002094,PERSON-000103,PERSON-002965","PERSON-000111,PERSON-001687,PERSON-001869,PERSON-002094,PERSON-000103,PERSON-002965","LOC-000549,LOC-000550,LOC-000551,LOC-000552","EVID-001310,EVID-001311,EVID-001312",true
CASE-000188,NET-000010,HUMAN_TRAFFICKING,PERSON-000901,"PERSON-001519,PERSON-000599,PERSON-002930","PERSON-000901,PERSON-001519,PERSON-000599,PERSON-002930","LOC-000553,LOC-000554,LOC-000555","EVID-001317,EVID-001318,EVID-001319",true
CASE-000189,NET-000003,NARCOTICS_NDPS,PERSON-002964,"PERSON-000217,PERSON-002758","PERSON-002964,PERSON-000217,PERSON-002758","LOC-000556,LOC-000557,LOC-000558","EVID-001325,EVID-001326,EVID-001327",true
CASE-000190,NET-000012,ROBBERY,PERSON-002879,"PERSON-002450,PERSON-002517","PERSON-002879,PERSON-002450,PERSON-002517","LOC-000559,LOC-000560,LOC-000561,LOC-000562","EVID-001334,EVID-001335,EVID-001336",true
CASE-000191,NET-000003,NARCOTICS_TRAFFICKING,PERSON-000556,"PERSON-002205,PERSON-001043","PERSON-000556,PERSON-002205,PERSON-001043","LOC-000563,LOC-000564,LOC-000565,LOC-000566","EVID-001342,EVID-001343,EVID-001344",true
CASE-000192,NET-000001,VEHICLE_THEFT,PERSON-001041,"PERSON-000351,PERSON-002757","PERSON-001041,PERSON-000351,PERSON-002757","LOC-000567,LOC-000568","EVID-001348,EVID-001349,EVID-001350",true
CASE-000193,NET-000017,EXTORTION,PERSON-000863,"PERSON-000120,PERSON-002745,PERSON-002803","PERSON-000863,PERSON-000120,PERSON-002745,PERSON-002803","LOC-000569,LOC-000570,LOC-000571,LOC-000572","EVID-001353,EVID-001354,EVID-001355",true
CASE-000194,NET-000002,OTHER_SPECIAL_LOCAL_LAWS,PERSON-001259,"PERSON-000850,PERSON-002757,PERSON-002574","PERSON-001259,PERSON-000850,PERSON-002757,PERSON-002574","LOC-000573,LOC-000574","EVID-001361,EVID-001362,EVID-001363",true
CASE-000195,NET-000018,MURDER,PERSON-002713,"PERSON-000635,PERSON-000832,PERSON-000497,PERSON-002922","PERSON-002713,PERSON-000635,PERSON-000832,PERSON-000497,PERSON-002922","LOC-000575,LOC-000576","EVID-001368,EVID-001369,EVID-001370",true
CASE-000196,NET-000008,ROBBERY,PERSON-000233,"PERSON-002122,PERSON-000492,PERSON-002771","PERSON-000233,PERSON-002122,PERSON-000492,PERSON-002771","LOC-000577,LOC-000578,LOC-000579","EVID-001376,EVID-001377,EVID-001378",true
CASE-000197,NET-000022,FORGERY,PERSON-000419,"PERSON-002737,PERSON-000111,PERSON-001584","PERSON-000419,PERSON-002737,PERSON-000111,PERSON-001584","LOC-000580,LOC-000581,LOC-000582","EVID-001382,EVID-001383,EVID-001384",true
CASE-000198,NET-000022,FORGERY,PERSON-002094,"PERSON-001687,PERSON-001674","PERSON-002094,PERSON-001687,PERSON-001674","LOC-000583,LOC-000584,LOC-000585,LOC-000586","EVID-001388,EVID-001389,EVID-001390",true
CASE-000199,NET-000019,KIDNAPPING,PERSON-000846,"PERSON-000823,PERSON-000009","PERSON-000846,PERSON-000823,PERSON-000009","LOC-000587,LOC-000588,LOC-000589","EVID-001397,EVID-001398,EVID-001399",true
CASE-000200,NET-000014,KIDNAPPING,PERSON-000397,"PERSON-001107,PERSON-002068","PERSON-000397,PERSON-001107,PERSON-002068","LOC-000590,LOC-000591,LOC-000592","EVID-001406,EVID-001407,EVID-001408",true
CASE-000201,NET-000002,CULPABLE_HOMICIDE,PERSON-000081,"PERSON-001589,PERSON-001861,PERSON-000569","PERSON-000081,PERSON-001589,PERSON-001861,PERSON-000569","LOC-000593,LOC-000594,LOC-000595,LOC-000596","EVID-001415,EVID-001416,EVID-001417",true
CASE-000202,NET-000016,NARCOTICS_TRAFFICKING,PERSON-002066,"PERSON-002944,PERSON-002418,PERSON-002077,PERSON-000096,PERSON-000697","PERSON-002066,PERSON-002944,PERSON-002418,PERSON-002077,PERSON-000096,PERSON-000697","LOC-000597,LOC-000598","EVID-001422,EVID-001423,EVID-001424",true
CASE-000203,NET-000017,THEFT,PERSON-000488,"PERSON-001898,PERSON-000357,PERSON-000921,PERSON-002449","PERSON-000488,PERSON-001898,PERSON-000357,PERSON-000921,PERSON-002449","LOC-000599,LOC-000600,LOC-000601","EVID-001431,EVID-001432,EVID-001433",true
CASE-000204,NET-000004,CRUELTY_BY_HUSBAND_OR_RELATIVES,PERSON-000180,"PERSON-000440,PERSON-001474,PERSON-000792,PERSON-002821,PERSON-002618","PERSON-000180,PERSON-000440,PERSON-001474,PERSON-000792,PERSON-002821,PERSON-002618","LOC-000602,LOC-000603,LOC-000604","EVID-001439,EVID-001440,EVID-001441",true
CASE-000205,NET-000004,CHILD_RELATED_CRIME,PERSON-000792,"PERSON-001610,PERSON-002618,PERSON-001262,PERSON-000136","PERSON-000792,PERSON-001610,PERSON-002618,PERSON-001262,PERSON-000136","LOC-000605,LOC-000606,LOC-000607,LOC-000608","EVID-001444,EVID-001445,EVID-001446",true
CASE-000206,NET-000006,FINANCIAL_FRAUD,PERSON-002068,"PERSON-000473,PERSON-000682,PERSON-002737,PERSON-000032,PERSON-000580","PERSON-002068,PERSON-000473,PERSON-000682,PERSON-002737,PERSON-000032,PERSON-000580","LOC-000609,LOC-000610,LOC-000611,LOC-000612","EVID-001450,EVID-001451,EVID-001452",true
CASE-000207,NET-000018,EXTORTION,PERSON-001363,"PERSON-001596,PERSON-001542,PERSON-001066","PERSON-001363,PERSON-001596,PERSON-001542,PERSON-001066","LOC-000613,LOC-000614","EVID-001458,EVID-001459,EVID-001460",true
CASE-000208,NET-000013,HUMAN_TRAFFICKING,PERSON-001642,"PERSON-002343,PERSON-000295","PERSON-001642,PERSON-002343,PERSON-000295","LOC-000615,LOC-000616","EVID-001466,EVID-001467,EVID-001468",true
CASE-000209,NET-000007,ATTEMPTED_MURDER,PERSON-002304,"PERSON-002846,PERSON-001397","PERSON-002304,PERSON-002846,PERSON-001397","LOC-000617,LOC-000618,LOC-000619","EVID-001473,EVID-001474,EVID-001475",true
CASE-000210,NET-000022,FINANCIAL_FRAUD,PERSON-000207,PERSON-002757,"PERSON-000207,PERSON-002757","LOC-000620,LOC-000621,LOC-000622,LOC-000623","EVID-001480,EVID-001481,EVID-001482",true
CASE-000211,NET-000001,MURDER,PERSON-001210,"PERSON-001670,PERSON-000950","PERSON-001210,PERSON-001670,PERSON-000950","LOC-000624,LOC-000625,LOC-000626","EVID-001487,EVID-001488,EVID-001489",true
CASE-000212,NET-000002,ATTEMPTED_MURDER,PERSON-000850,PERSON-002704,"PERSON-000850,PERSON-002704","LOC-000627,LOC-000628","EVID-001496,EVID-001497,EVID-001498",true
CASE-000213,NET-000019,KIDNAPPING,PERSON-000569,"PERSON-002197,PERSON-001492,PERSON-001205","PERSON-000569,PERSON-002197,PERSON-001492,PERSON-001205","LOC-000629,LOC-000630,LOC-000631,LOC-000632","EVID-001504,EVID-001505,EVID-001506",true
CASE-000214,NET-000017,ATTEMPTED_RAPE,PERSON-000621,"PERSON-002999,PERSON-002275","PERSON-000621,PERSON-002999,PERSON-002275","LOC-000633,LOC-000634,LOC-000635,LOC-000636","EVID-001512,EVID-001513,EVID-001514",true
CASE-000215,NET-000013,HUMAN_TRAFFICKING,PERSON-002343,"PERSON-002728,PERSON-000950,PERSON-001331,PERSON-002017","PERSON-002343,PERSON-002728,PERSON-000950,PERSON-001331,PERSON-002017","LOC-000637,LOC-000638,LOC-000639,LOC-000640","EVID-001520,EVID-001521,EVID-001522",true
CASE-000216,NET-000016,NARCOTICS_TRAFFICKING,PERSON-002197,"PERSON-000181,PERSON-002077","PERSON-002197,PERSON-000181,PERSON-002077","LOC-000641,LOC-000642","EVID-001527,EVID-001528,EVID-001529",true
CASE-000217,NET-000004,ATTEMPTED_MURDER,PERSON-001262,PERSON-001552,"PERSON-001262,PERSON-001552","LOC-000643,LOC-000644,LOC-000645,LOC-000646","EVID-001532,EVID-001533,EVID-001534",true
CASE-000218,NET-000017,EXTORTION,PERSON-000921,"PERSON-002020,PERSON-002517,PERSON-001543,PERSON-001861","PERSON-000921,PERSON-002020,PERSON-002517,PERSON-001543,PERSON-001861","LOC-000647,LOC-000648,LOC-000649,LOC-000650","EVID-001538,EVID-001539,EVID-001540",true
CASE-000219,NET-000004,THEFT,PERSON-000267,"PERSON-000440,PERSON-001135","PERSON-000267,PERSON-000440,PERSON-001135","LOC-000651,LOC-000652,LOC-000653,LOC-000654","EVID-001546,EVID-001547,EVID-001548",true
CASE-000220,NET-000002,VEHICLE_THEFT,PERSON-000063,"PERSON-000081,PERSON-000850,PERSON-001259,PERSON-001589,PERSON-001387","PERSON-000063,PERSON-000081,PERSON-000850,PERSON-001259,PERSON-001589,PERSON-001387","LOC-000655,LOC-000656,LOC-000657","EVID-001552,EVID-001553,EVID-001554",true
CASE-000221,NET-000004,THEFT,PERSON-000440,"PERSON-001757,PERSON-002999","PERSON-000440,PERSON-001757,PERSON-002999","LOC-000658,LOC-000659,LOC-000660,LOC-000661","EVID-001561,EVID-001562,EVID-001563",true
CASE-000222,NET-000008,DACOITY,PERSON-002122,"PERSON-000489,PERSON-000492,PERSON-000233,PERSON-001880,PERSON-002082","PERSON-002122,PERSON-000489,PERSON-000492,PERSON-000233,PERSON-001880,PERSON-002082","LOC-000662,LOC-000663,LOC-000664","EVID-001567,EVID-001568,EVID-001569",true
CASE-000223,NET-000022,FINANCIAL_FRAUD,PERSON-001869,PERSON-001397,"PERSON-001869,PERSON-001397","LOC-000665,LOC-000666,LOC-000667,LOC-000668","EVID-001574,EVID-001575,EVID-001576",true
CASE-000224,NET-000001,MURDER,PERSON-001210,"PERSON-000351,PERSON-000022","PERSON-001210,PERSON-000351,PERSON-000022","LOC-000669,LOC-000670,LOC-000671","EVID-001582,EVID-001583,EVID-001584",true
CASE-000225,NET-000004,BURGLARY,PERSON-001757,"PERSON-001474,PERSON-001262,PERSON-000180,PERSON-001115,PERSON-002920","PERSON-001757,PERSON-001474,PERSON-001262,PERSON-000180,PERSON-001115,PERSON-002920","LOC-000672,LOC-000673,LOC-000674,LOC-000675","EVID-001587,EVID-001588,EVID-001589",true
CASE-000226,NET-000021,CYBERCRIME,PERSON-001705,"PERSON-001309,PERSON-000274,PERSON-002703","PERSON-001705,PERSON-001309,PERSON-000274,PERSON-002703","LOC-000676,LOC-000677","EVID-001592,EVID-001593,EVID-001594",true
CASE-000227,NET-000001,EXTORTION,PERSON-000351,PERSON-001210,"PERSON-000351,PERSON-001210","LOC-000678,LOC-000679,LOC-000680,LOC-000681","EVID-001599,EVID-001600,EVID-001601",true
CASE-000228,NET-000018,EXTORTION,PERSON-002675,"PERSON-001596,PERSON-001847,PERSON-002847","PERSON-002675,PERSON-001596,PERSON-001847,PERSON-002847","LOC-000682,LOC-000683,LOC-000684","EVID-001607,EVID-001608,EVID-001609",true
CASE-000229,NET-000015,DACOITY,PERSON-000842,"PERSON-000072,PERSON-000710,PERSON-000712","PERSON-000842,PERSON-000072,PERSON-000710,PERSON-000712","LOC-000685,LOC-000686,LOC-000687","EVID-001614,EVID-001615,EVID-001616",true
CASE-000230,NET-000018,RAPE,PERSON-000635,"PERSON-001363,PERSON-002675,PERSON-002847,PERSON-002660","PERSON-000635,PERSON-001363,PERSON-002675,PERSON-002847,PERSON-002660","LOC-000688,LOC-000689,LOC-000690,LOC-000691","EVID-001619,EVID-001620,EVID-001621",true
CASE-000231,NET-000004,MURDER,PERSON-002060,"PERSON-000540,PERSON-000267,PERSON-000488","PERSON-002060,PERSON-000540,PERSON-000267,PERSON-000488","LOC-000692,LOC-000693,LOC-000694","EVID-001625,EVID-001626,EVID-001627",true
CASE-000232,NET-000002,VEHICLE_THEFT,PERSON-001259,"PERSON-000863,PERSON-000288","PERSON-001259,PERSON-000863,PERSON-000288","LOC-000695,LOC-000696,LOC-000697","EVID-001630,EVID-001631,EVID-001632",true
CASE-000233,NET-000025,CYBERCRIME,PERSON-001384,"PERSON-002770,PERSON-000357,PERSON-001997,PERSON-001664","PERSON-001384,PERSON-002770,PERSON-000357,PERSON-001997,PERSON-001664","LOC-000698,LOC-000699","EVID-001636,EVID-001637,EVID-001638",true
CASE-000234,NET-000014,KIDNAPPING_FOR_RANSOM,PERSON-002499,PERSON-000622,"PERSON-002499,PERSON-000622","LOC-000700,LOC-000701,LOC-000702","EVID-001644,EVID-001645,EVID-001646",true
CASE-000235,NET-000015,DACOITY,PERSON-002684,"PERSON-000175,PERSON-002845,PERSON-001262,PERSON-000734,PERSON-000449","PERSON-002684,PERSON-000175,PERSON-002845,PERSON-001262,PERSON-000734,PERSON-000449","LOC-000703,LOC-000704,LOC-000705","EVID-001653,EVID-001654,EVID-001655",true
CASE-000236,NET-000020,BURGLARY,PERSON-000697,"PERSON-002998,PERSON-000584,PERSON-002124","PERSON-000697,PERSON-002998,PERSON-000584,PERSON-002124","LOC-000706,LOC-000707","EVID-001662,EVID-001663,EVID-001664",true
CASE-000237,NET-000006,FORGERY,PERSON-000165,"PERSON-002068,PERSON-000682,PERSON-000473","PERSON-000165,PERSON-002068,PERSON-000682,PERSON-000473","LOC-000708,LOC-000709,LOC-000710","EVID-001670,EVID-001671,EVID-001672",true
CASE-000238,NET-000007,OTHER_SPECIAL_LOCAL_LAWS,PERSON-002846,"PERSON-001029,PERSON-002304","PERSON-002846,PERSON-001029,PERSON-002304","LOC-000711,LOC-000712,LOC-000713,LOC-000714","EVID-001678,EVID-001679,EVID-001680",true
CASE-000239,NET-000009,NARCOTICS_TRAFFICKING,PERSON-001425,"PERSON-001578,PERSON-002068,PERSON-000040","PERSON-001425,PERSON-001578,PERSON-002068,PERSON-000040","LOC-000715,LOC-000716,LOC-000717,LOC-000718","EVID-001683,EVID-001684,EVID-001685",true
CASE-000240,NET-000022,FORGERY,PERSON-001381,"PERSON-000407,PERSON-000419,PERSON-000357","PERSON-001381,PERSON-000407,PERSON-000419,PERSON-000357","LOC-000719,LOC-000720,LOC-000721","EVID-001691,EVID-001692,EVID-001693",true
CASE-000241,NET-000018,OTHER_SPECIAL_LOCAL_LAWS,PERSON-001596,"PERSON-002438,PERSON-000832,PERSON-002847,PERSON-000060,PERSON-001619","PERSON-001596,PERSON-002438,PERSON-000832,PERSON-002847,PERSON-000060,PERSON-001619","LOC-000722,LOC-000723,LOC-000724,LOC-000725","EVID-001700,EVID-001701,EVID-001702",true
CASE-000242,NET-000004,OTHER_SPECIAL_LOCAL_LAWS,PERSON-001558,PERSON-000909,"PERSON-001558,PERSON-000909","LOC-000726,LOC-000727,LOC-000728","EVID-001708,EVID-001709,EVID-001710",true
CASE-000243,NET-000007,THEFT,PERSON-001029,"PERSON-001578,PERSON-001780,PERSON-002397,PERSON-002275","PERSON-001029,PERSON-001578,PERSON-001780,PERSON-002397,PERSON-002275","LOC-000729,LOC-000730","EVID-001714,EVID-001715,EVID-001716",true
CASE-000244,NET-000009,NARCOTICS_TRAFFICKING,PERSON-000613,PERSON-001206,"PERSON-000613,PERSON-001206","LOC-000731,LOC-000732,LOC-000733,LOC-000734","EVID-001720,EVID-001721,EVID-001722",true
CASE-000245,NET-000002,MURDER,PERSON-000850,"PERSON-000081,PERSON-000063,PERSON-001589","PERSON-000850,PERSON-000081,PERSON-000063,PERSON-001589","LOC-000735,LOC-000736","EVID-001727,EVID-001728,EVID-001729",true
CASE-000246,NET-000002,EXTORTION,PERSON-000063,"PERSON-000081,PERSON-001589,PERSON-002574,PERSON-001259,PERSON-000789","PERSON-000063,PERSON-000081,PERSON-001589,PERSON-002574,PERSON-001259,PERSON-000789","LOC-000737,LOC-000738","EVID-001734,EVID-001735,EVID-001736",true
CASE-000247,NET-000018,RAPE,PERSON-002438,"PERSON-001847,PERSON-002922,PERSON-001363","PERSON-002438,PERSON-001847,PERSON-002922,PERSON-001363","LOC-000739,LOC-000740,LOC-000741,LOC-000742","EVID-001740,EVID-001741,EVID-001742",true
CASE-000248,NET-000014,KIDNAPPING_FOR_RANSOM,PERSON-000622,"PERSON-002004,PERSON-002499,PERSON-001131","PERSON-000622,PERSON-002004,PERSON-002499,PERSON-001131","LOC-000743,LOC-000744,LOC-000745,LOC-000746","EVID-001746,EVID-001747,EVID-001748",true
CASE-000249,NET-000001,ASSAULT,PERSON-001041,"PERSON-000351,PERSON-001670,PERSON-000146,PERSON-001908","PERSON-001041,PERSON-000351,PERSON-001670,PERSON-000146,PERSON-001908","LOC-000747,LOC-000748,LOC-000749","EVID-001751,EVID-001752,EVID-001753",true
CASE-000250,NET-000002,BURGLARY,PERSON-002757,"PERSON-000850,PERSON-000063,PERSON-002574,PERSON-000682","PERSON-002757,PERSON-000850,PERSON-000063,PERSON-002574,PERSON-000682","LOC-000750,LOC-000751,LOC-000752","EVID-001759,EVID-001760,EVID-001761",true
CASE-000251,NET-000017,ATTEMPTED_MURDER,PERSON-001544,"PERSON-001543,PERSON-000921,PERSON-000863,PERSON-001898,PERSON-001511","PERSON-001544,PERSON-001543,PERSON-000921,PERSON-000863,PERSON-001898,PERSON-001511","LOC-000753,LOC-000754,LOC-000755","EVID-001767,EVID-001768,EVID-001769",true
CASE-000252,NET-000003,NARCOTICS_NDPS,PERSON-002609,"PERSON-000473,PERSON-002964,PERSON-002223,PERSON-002938","PERSON-002609,PERSON-000473,PERSON-002964,PERSON-002223,PERSON-002938","LOC-000756,LOC-000757,LOC-000758,LOC-000759","EVID-001773,EVID-001774,EVID-001775",true
CASE-000253,NET-000024,HUMAN_TRAFFICKING,PERSON-001899,"PERSON-001191,PERSON-001648,PERSON-000804,PERSON-002371,PERSON-000792","PERSON-001899,PERSON-001191,PERSON-001648,PERSON-000804,PERSON-002371,PERSON-000792","LOC-000760,LOC-000761,LOC-000762,LOC-000763","EVID-001778,EVID-001779,EVID-001780",true
CASE-000254,NET-000017,CULPABLE_HOMICIDE,PERSON-002999,"PERSON-002279,PERSON-001205,PERSON-001540,PERSON-002517,PERSON-002887","PERSON-002999,PERSON-002279,PERSON-001205,PERSON-001540,PERSON-002517,PERSON-002887","LOC-000764,LOC-000765,LOC-000766,LOC-000767","EVID-001783,EVID-001784,EVID-001785",true
CASE-000255,NET-000011,FINANCIAL_FRAUD,PERSON-000132,"PERSON-000484,PERSON-002653,PERSON-001860,PERSON-002764,PERSON-000569","PERSON-000132,PERSON-000484,PERSON-002653,PERSON-001860,PERSON-002764,PERSON-000569","LOC-000768,LOC-000769,LOC-000770","EVID-001789,EVID-001790,EVID-001791",true
CASE-000256,NET-000012,DACOITY,PERSON-000769,"PERSON-000647,PERSON-000927,PERSON-002576,PERSON-001337","PERSON-000769,PERSON-000647,PERSON-000927,PERSON-002576,PERSON-001337","LOC-000771,LOC-000772","EVID-001795,EVID-001796,EVID-001797",true
CASE-000257,NET-000001,EXTORTION,PERSON-001667,"PERSON-001210,PERSON-001589,PERSON-001041,PERSON-000351,PERSON-001670","PERSON-001667,PERSON-001210,PERSON-001589,PERSON-001041,PERSON-000351,PERSON-001670","LOC-000773,LOC-000774,LOC-000775","EVID-001801,EVID-001802,EVID-001803",true
CASE-000258,NET-000004,RAPE,PERSON-001474,"PERSON-000540,PERSON-001610,PERSON-002764","PERSON-001474,PERSON-000540,PERSON-001610,PERSON-002764","LOC-000776,LOC-000777,LOC-000778,LOC-000779","EVID-001806,EVID-001807,EVID-001808",true
CASE-000259,NET-000012,ROBBERY,PERSON-000860,"PERSON-000405,PERSON-001596","PERSON-000860,PERSON-000405,PERSON-001596","LOC-000780,LOC-000781,LOC-000782","EVID-001811,EVID-001812,EVID-001813",true
CASE-000260,NET-000009,NARCOTICS_TRAFFICKING,PERSON-002759,PERSON-001425,"PERSON-002759,PERSON-001425","LOC-000783,LOC-000784,LOC-000785,LOC-000786","EVID-001816,EVID-001817,EVID-001818",true
CASE-000261,NET-000017,THEFT,PERSON-000765,"PERSON-002873,PERSON-001965,PERSON-000245","PERSON-000765,PERSON-002873,PERSON-001965,PERSON-000245","LOC-000787,LOC-000788,LOC-000789,LOC-000790","EVID-001824,EVID-001825,EVID-001826",true
CASE-000262,NET-000004,ATTEMPTED_MURDER,PERSON-002618,"PERSON-002060,PERSON-000180,PERSON-001071","PERSON-002618,PERSON-002060,PERSON-000180,PERSON-001071","LOC-000791,LOC-000792,LOC-000793","EVID-001829,EVID-001830,EVID-001831",true
CASE-000263,NET-000014,KIDNAPPING_FOR_RANSOM,PERSON-000405,"PERSON-002215,PERSON-000074,PERSON-000667,PERSON-000580,PERSON-001182","PERSON-000405,PERSON-002215,PERSON-000074,PERSON-000667,PERSON-000580,PERSON-001182","LOC-000794,LOC-000795","EVID-001836,EVID-001837,EVID-001838",true
CASE-000264,NET-000004,CHILD_RELATED_CRIME,PERSON-001558,"PERSON-000792,PERSON-001115,PERSON-000180,PERSON-000449","PERSON-001558,PERSON-000792,PERSON-001115,PERSON-000180,PERSON-000449","LOC-000796,LOC-000797,LOC-000798","EVID-001843,EVID-001844,EVID-001845",true
CASE-000265,NET-000002,RAPE,PERSON-000063,"PERSON-001589,PERSON-002574,PERSON-001259,PERSON-002438","PERSON-000063,PERSON-001589,PERSON-002574,PERSON-001259,PERSON-002438","LOC-000799,LOC-000800,LOC-000801,LOC-000802","EVID-001848,EVID-001849,EVID-001850",true
CASE-000266,NET-000028,HUMAN_TRAFFICKING,PERSON-000195,"PERSON-002915,PERSON-001674,PERSON-002675,PERSON-001212,PERSON-001807","PERSON-000195,PERSON-002915,PERSON-001674,PERSON-002675,PERSON-001212,PERSON-001807","LOC-000803,LOC-000804,LOC-000805","EVID-001856,EVID-001857,EVID-001858",true
CASE-000267,NET-000019,KIDNAPPING,PERSON-001066,"PERSON-001431,PERSON-000484","PERSON-001066,PERSON-001431,PERSON-000484","LOC-000806,LOC-000807","EVID-001865,EVID-001866,EVID-001867",true
CASE-000268,NET-000002,CRUELTY_BY_HUSBAND_OR_RELATIVES,PERSON-000850,"PERSON-001589,PERSON-000540","PERSON-000850,PERSON-001589,PERSON-000540","LOC-000808,LOC-000809","EVID-001871,EVID-001872,EVID-001873",true
CASE-000269,NET-000007,OTHER_SPECIAL_LOCAL_LAWS,PERSON-001691,"PERSON-001334,PERSON-001029,PERSON-001747,PERSON-000943,PERSON-001596","PERSON-001691,PERSON-001334,PERSON-001029,PERSON-001747,PERSON-000943,PERSON-001596","LOC-000810,LOC-000811,LOC-000812,LOC-000813","EVID-001880,EVID-001881,EVID-001882",true
CASE-000270,NET-000007,THEFT,PERSON-000374,"PERSON-001334,PERSON-001847,PERSON-002304,PERSON-000997","PERSON-000374,PERSON-001334,PERSON-001847,PERSON-002304,PERSON-000997","LOC-000814,LOC-000815","EVID-001886,EVID-001887,EVID-001888",true
CASE-000271,NET-000011,FORGERY,PERSON-000484,PERSON-001141,"PERSON-000484,PERSON-001141","LOC-000816,LOC-000817,LOC-000818,LOC-000819","EVID-001892,EVID-001893,EVID-001894",true
CASE-000272,NET-000002,BURGLARY,PERSON-002574,"PERSON-000063,PERSON-001259,PERSON-000120","PERSON-002574,PERSON-000063,PERSON-001259,PERSON-000120","LOC-000820,LOC-000821,LOC-000822,LOC-000823","EVID-001899,EVID-001900,EVID-001901",true
CASE-000273,NET-000004,BURGLARY,PERSON-000180,"PERSON-000540,PERSON-001610,PERSON-001115","PERSON-000180,PERSON-000540,PERSON-001610,PERSON-001115","LOC-000824,LOC-000825,LOC-000826","EVID-001907,EVID-001908,EVID-001909",true
CASE-000274,NET-000018,VEHICLE_THEFT,PERSON-001542,"PERSON-002713,PERSON-000948","PERSON-001542,PERSON-002713,PERSON-000948","LOC-000827,LOC-000828,LOC-000829,LOC-000830","EVID-001914,EVID-001915,EVID-001916",true
CASE-000275,NET-000009,NARCOTICS_TRAFFICKING,PERSON-001425,"PERSON-002759,PERSON-001578","PERSON-001425,PERSON-002759,PERSON-001578","LOC-000831,LOC-000832","EVID-001922,EVID-001923,EVID-001924",true
CASE-000276,NET-000020,RAPE,PERSON-000230,"PERSON-002835,PERSON-000074","PERSON-000230,PERSON-002835,PERSON-000074","LOC-000833,LOC-000834,LOC-000835,LOC-000836","EVID-001927,EVID-001928,EVID-001929",true
CASE-000277,NET-000017,CHILD_RELATED_CRIME,PERSON-000120,"PERSON-002745,PERSON-002517,PERSON-002999,PERSON-001385","PERSON-000120,PERSON-002745,PERSON-002517,PERSON-002999,PERSON-001385","LOC-000837,LOC-000838,LOC-000839","EVID-001935,EVID-001936,EVID-001937",true
CASE-000278,NET-000014,KIDNAPPING_FOR_RANSOM,PERSON-001107,"PERSON-001890,PERSON-002004,PERSON-000784,PERSON-001423","PERSON-001107,PERSON-001890,PERSON-002004,PERSON-000784,PERSON-001423","LOC-000840,LOC-000841,LOC-000842","EVID-001944,EVID-001945,EVID-001946",true
CASE-000279,NET-000020,ASSAULT,PERSON-000584,"PERSON-002715,PERSON-000230,PERSON-000106,PERSON-002675","PERSON-000584,PERSON-002715,PERSON-000230,PERSON-000106,PERSON-002675","LOC-000843,LOC-000844,LOC-000845,LOC-000846","EVID-001952,EVID-001953,EVID-001954",true
CASE-000280,NET-000017,VEHICLE_THEFT,PERSON-000120,"PERSON-001543,PERSON-001544,PERSON-000083,PERSON-000901","PERSON-000120,PERSON-001543,PERSON-001544,PERSON-000083,PERSON-000901","LOC-000847,LOC-000848,LOC-000849","EVID-001960,EVID-001961,EVID-001962",true
CASE-000281,NET-000007,MURDER,PERSON-002846,"PERSON-002304,PERSON-001578,PERSON-001847,PERSON-001478","PERSON-002846,PERSON-002304,PERSON-001578,PERSON-001847,PERSON-001478","LOC-000850,LOC-000851","EVID-001965,EVID-001966,EVID-001967",true
CASE-000282,NET-000019,KIDNAPPING,PERSON-002106,"PERSON-001387,PERSON-002947","PERSON-002106,PERSON-001387,PERSON-002947","LOC-000852,LOC-000853,LOC-000854","EVID-001972,EVID-001973,EVID-001974",true
CASE-000283,NET-000028,HUMAN_TRAFFICKING,PERSON-001511,"PERSON-001455,PERSON-002675,PERSON-000092,PERSON-001558","PERSON-001511,PERSON-001455,PERSON-002675,PERSON-000092,PERSON-001558","LOC-000855,LOC-000856,LOC-000857","EVID-001981,EVID-001982,EVID-001983",true
CASE-000284,NET-000002,RAPE,PERSON-000863,"PERSON-002757,PERSON-002574,PERSON-001589","PERSON-000863,PERSON-002757,PERSON-002574,PERSON-001589","LOC-000858,LOC-000859","EVID-001990,EVID-001991,EVID-001992",true
CASE-000285,NET-000017,RAPE,PERSON-000488,"PERSON-000120,PERSON-000921,PERSON-001965,PERSON-001543","PERSON-000488,PERSON-000120,PERSON-000921,PERSON-001965,PERSON-001543","LOC-000860,LOC-000861","EVID-001995,EVID-001996,EVID-001997",true
CASE-000286,NET-000002,EXTORTION,PERSON-001861,"PERSON-001259,PERSON-000850,PERSON-000081,PERSON-002574,PERSON-001610","PERSON-001861,PERSON-001259,PERSON-000850,PERSON-000081,PERSON-002574,PERSON-001610","LOC-000862,LOC-000863,LOC-000864","EVID-002003,EVID-002004,EVID-002005",true
CASE-000287,NET-000019,KIDNAPPING_FOR_RANSOM,PERSON-001152,"PERSON-002646,PERSON-000769","PERSON-001152,PERSON-002646,PERSON-000769","LOC-000865,LOC-000866,LOC-000867","EVID-002009,EVID-002010,EVID-002011",true
CASE-000288,NET-000012,DACOITY,PERSON-000927,PERSON-000207,"PERSON-000927,PERSON-000207","LOC-000868,LOC-000869,LOC-000870,LOC-000871","EVID-002015,EVID-002016,EVID-002017",true
CASE-000289,NET-000020,BURGLARY,PERSON-002715,PERSON-002408,"PERSON-002715,PERSON-002408","LOC-000872,LOC-000873,LOC-000874,LOC-000875","EVID-002023,EVID-002024,EVID-002025",true
CASE-000290,NET-000007,ATTEMPTED_RAPE,PERSON-002846,"PERSON-002304,PERSON-002393,PERSON-001847,PERSON-002408,PERSON-000207","PERSON-002846,PERSON-002304,PERSON-002393,PERSON-001847,PERSON-002408,PERSON-000207","LOC-000876,LOC-000877,LOC-000878,LOC-000879","EVID-002030,EVID-002031,EVID-002032",true
CASE-000291,NET-000014,KIDNAPPING_FOR_RANSOM,PERSON-002499,"PERSON-001890,PERSON-000580,PERSON-002164,PERSON-001311","PERSON-002499,PERSON-001890,PERSON-000580,PERSON-002164,PERSON-001311","LOC-000880,LOC-000881,LOC-000882,LOC-000883","EVID-002038,EVID-002039,EVID-002040",true
CASE-000292,NET-000002,THEFT,PERSON-001589,"PERSON-000063,PERSON-002574,PERSON-002757,PERSON-000274","PERSON-001589,PERSON-000063,PERSON-002574,PERSON-002757,PERSON-000274","LOC-000884,LOC-000885","EVID-002045,EVID-002046,EVID-002047",true
CASE-000293,NET-000020,ATTEMPTED_RAPE,PERSON-001343,"PERSON-001315,PERSON-002715,PERSON-000904,PERSON-002757,PERSON-000106","PERSON-001343,PERSON-001315,PERSON-002715,PERSON-000904,PERSON-002757,PERSON-000106","LOC-000886,LOC-000887,LOC-000888,LOC-000889","EVID-002050,EVID-002051,EVID-002052",true
CASE-000294,NET-000004,MURDER,PERSON-002060,PERSON-002821,"PERSON-002060,PERSON-002821","LOC-000890,LOC-000891,LOC-000892,LOC-000893","EVID-002058,EVID-002059,EVID-002060",true
CASE-000295,NET-000017,OTHER_SPECIAL_LOCAL_LAWS,PERSON-002745,"PERSON-000921,PERSON-000120,PERSON-000850","PERSON-002745,PERSON-000921,PERSON-000120,PERSON-000850","LOC-000894,LOC-000895,LOC-000896","EVID-002066,EVID-002067,EVID-002068",true
CASE-000296,NET-000011,FORGERY,PERSON-000488,PERSON-002788,"PERSON-000488,PERSON-002788","LOC-000897,LOC-000898,LOC-000899","EVID-002073,EVID-002074,EVID-002075",true
CASE-000297,NET-000009,NARCOTICS_NDPS,PERSON-002759,"PERSON-002986,PERSON-001578,PERSON-001071,PERSON-002770","PERSON-002759,PERSON-002986,PERSON-001578,PERSON-001071,PERSON-002770","LOC-000900,LOC-000901","EVID-002078,EVID-002079,EVID-002080",true
CASE-000298,NET-000002,OTHER_SPECIAL_LOCAL_LAWS,PERSON-001259,"PERSON-000081,PERSON-001589,PERSON-002574,PERSON-001861,PERSON-001327","PERSON-001259,PERSON-000081,PERSON-001589,PERSON-002574,PERSON-001861,PERSON-001327","LOC-000902,LOC-000903","EVID-002084,EVID-002085,EVID-002086",true
CASE-000299,NET-000004,MURDER,PERSON-000792,PERSON-001127,"PERSON-000792,PERSON-001127","LOC-000904,LOC-000905","EVID-002090,EVID-002091,EVID-002092",true
CASE-000300,NET-000008,ROBBERY,PERSON-002122,"PERSON-000342,PERSON-000295","PERSON-002122,PERSON-000342,PERSON-000295","LOC-000906,LOC-000907,LOC-000908,LOC-000909","EVID-002095,EVID-002096,EVID-002097",true
CASE-000301,NET-000015,ROBBERY,PERSON-002684,"PERSON-000763,PERSON-002788,PERSON-002845","PERSON-002684,PERSON-000763,PERSON-002788,PERSON-002845","LOC-000910,LOC-000911,LOC-000912","EVID-002101,EVID-002102,EVID-002103",true
CASE-000302,NET-000002,EXTORTION,PERSON-001259,"PERSON-001589,PERSON-001861,PERSON-000863","PERSON-001259,PERSON-001589,PERSON-001861,PERSON-000863","LOC-000913,LOC-000914,LOC-000915","EVID-002109,EVID-002110,EVID-002111",true
CASE-000303,NET-000006,FORGERY,PERSON-000682,"PERSON-002737,PERSON-000032,PERSON-001885","PERSON-000682,PERSON-002737,PERSON-000032,PERSON-001885","LOC-000916,LOC-000917","EVID-002118,EVID-002119,EVID-002120",true
CASE-000304,NET-000009,NARCOTICS_NDPS,PERSON-002986,PERSON-000789,"PERSON-002986,PERSON-000789","LOC-000918,LOC-000919,LOC-000920,LOC-000921","EVID-002127,EVID-002128,EVID-002129",true
CASE-000305,NET-000008,ROBBERY,PERSON-000920,"PERSON-000886,PERSON-002082,PERSON-001478,PERSON-000233,PERSON-002757","PERSON-000920,PERSON-000886,PERSON-002082,PERSON-001478,PERSON-000233,PERSON-002757","LOC-000922,LOC-000923,LOC-000924","EVID-002135,EVID-002136,EVID-002137",true
CASE-000306,NET-000017,MURDER,PERSON-001540,PERSON-002020,"PERSON-001540,PERSON-002020","LOC-000925,LOC-000926,LOC-000927,LOC-000928","EVID-002144,EVID-002145,EVID-002146",true
CASE-000307,NET-000010,HUMAN_TRAFFICKING,PERSON-000634,PERSON-001258,"PERSON-000634,PERSON-001258","LOC-000929,LOC-000930,LOC-000931,LOC-000932","EVID-002152,EVID-002153,EVID-002154",true
CASE-000308,NET-000020,RAPE,PERSON-002675,"PERSON-000576,PERSON-002835,PERSON-000904,PERSON-000193","PERSON-002675,PERSON-000576,PERSON-002835,PERSON-000904,PERSON-000193","LOC-000933,LOC-000934,LOC-000935,LOC-000936","EVID-002159,EVID-002160,EVID-002161",true
CASE-000309,NET-000001,CULPABLE_HOMICIDE,PERSON-000351,"PERSON-001558,PERSON-002689","PERSON-000351,PERSON-001558,PERSON-002689","LOC-000937,LOC-000938,LOC-000939","EVID-002168,EVID-002169,EVID-002170",true
CASE-000310,NET-000028,HUMAN_TRAFFICKING,PERSON-001807,PERSON-001674,"PERSON-001807,PERSON-001674","LOC-000940,LOC-000941,LOC-000942,LOC-000943","EVID-002174,EVID-002175,EVID-002176",true
CASE-000311,NET-000006,FORGERY,PERSON-000165,"PERSON-000032,PERSON-000682,PERSON-002068,PERSON-002160","PERSON-000165,PERSON-000032,PERSON-000682,PERSON-002068,PERSON-002160","LOC-000944,LOC-000945","EVID-002183,EVID-002184,EVID-002185",true
CASE-000312,NET-000019,KIDNAPPING_FOR_RANSOM,PERSON-001803,"PERSON-002197,PERSON-000569","PERSON-001803,PERSON-002197,PERSON-000569","LOC-000946,LOC-000947,LOC-000948,LOC-000949","EVID-002190,EVID-002191,EVID-002192",true
CASE-000313,NET-000004,THEFT,PERSON-000440,"PERSON-000540,PERSON-000792,PERSON-000366","PERSON-000440,PERSON-000540,PERSON-000792,PERSON-000366","LOC-000950,LOC-000951,LOC-000952","EVID-002196,EVID-002197,EVID-002198",true
CASE-000314,NET-000002,VEHICLE_THEFT,PERSON-002757,"PERSON-000081,PERSON-001259,PERSON-002574,PERSON-001861,PERSON-000407","PERSON-002757,PERSON-000081,PERSON-001259,PERSON-002574,PERSON-001861,PERSON-000407","LOC-000953,LOC-000954,LOC-000955","EVID-002205,EVID-002206,EVID-002207",true
CASE-000315,NET-000004,ATTEMPTED_RAPE,PERSON-002060,"PERSON-001610,PERSON-000440,PERSON-001262","PERSON-002060,PERSON-001610,PERSON-000440,PERSON-001262","LOC-000956,LOC-000957,LOC-000958","EVID-002210,EVID-002211,EVID-002212",true
CASE-000316,NET-000004,CHILD_RELATED_CRIME,PERSON-002900,PERSON-000449,"PERSON-002900,PERSON-000449","LOC-000959,LOC-000960","EVID-002219,EVID-002220,EVID-002221",true
CASE-000317,NET-000022,FORGERY,PERSON-001869,"PERSON-001381,PERSON-001774,PERSON-001758","PERSON-001869,PERSON-001381,PERSON-001774,PERSON-001758","LOC-000961,LOC-000962,LOC-000963,LOC-000964","EVID-002224,EVID-002225,EVID-002226",true
CASE-000318,NET-000001,ATTEMPTED_MURDER,PERSON-001667,"PERSON-001589,PERSON-002750,PERSON-001474","PERSON-001667,PERSON-001589,PERSON-002750,PERSON-001474","LOC-000965,LOC-000966,LOC-000967","EVID-002231,EVID-002232,EVID-002233",true
CASE-000319,NET-000011,FORGERY,PERSON-001968,"PERSON-001478,PERSON-001846,PERSON-002821","PERSON-001968,PERSON-001478,PERSON-001846,PERSON-002821","LOC-000968,LOC-000969,LOC-000970,LOC-000971","EVID-002238,EVID-002239,EVID-002240",true
CASE-000320,NET-000007,OTHER_SPECIAL_LOCAL_LAWS,PERSON-002397,"PERSON-001747,PERSON-000921","PERSON-002397,PERSON-001747,PERSON-000921","LOC-000972,LOC-000973","EVID-002245,EVID-002246,EVID-002247",true
CASE-000321,NET-000001,MURDER,PERSON-001589,"PERSON-001670,PERSON-002750,PERSON-000146,PERSON-001210,PERSON-000991","PERSON-001589,PERSON-001670,PERSON-002750,PERSON-000146,PERSON-001210,PERSON-000991","LOC-000974,LOC-000975,LOC-000976","EVID-002254,EVID-002255,EVID-002256",true
CASE-000322,NET-000027,CYBERCRIME,PERSON-001397,"PERSON-002499,PERSON-000898","PERSON-001397,PERSON-002499,PERSON-000898","LOC-000977,LOC-000978,LOC-000979,LOC-000980","EVID-002261,EVID-002262,EVID-002263",true
CASE-000323,NET-000018,ATTEMPTED_MURDER,PERSON-002896,PERSON-000647,"PERSON-002896,PERSON-000647","LOC-000981,LOC-000982,LOC-000983,LOC-000984","EVID-002269,EVID-002270,EVID-002271",true
CASE-000324,NET-000004,RAPE,PERSON-001474,"PERSON-000267,PERSON-000440,PERSON-000792,PERSON-000272","PERSON-001474,PERSON-000267,PERSON-000440,PERSON-000792,PERSON-000272","LOC-000985,LOC-000986,LOC-000987,LOC-000988","EVID-002275,EVID-002276,EVID-002277",true
CASE-000325,NET-000007,OTHER_SPECIAL_LOCAL_LAWS,PERSON-001847,"PERSON-001029,PERSON-000374,PERSON-001578,PERSON-000825,PERSON-000556","PERSON-001847,PERSON-001029,PERSON-000374,PERSON-001578,PERSON-000825,PERSON-000556","LOC-000989,LOC-000990,LOC-000991","EVID-002284,EVID-002285,EVID-002286",true
CASE-000326,NET-000017,CULPABLE_HOMICIDE,PERSON-001898,"PERSON-000765,PERSON-001543,PERSON-000538,PERSON-000784","PERSON-001898,PERSON-000765,PERSON-001543,PERSON-000538,PERSON-000784","LOC-000992,LOC-000993,LOC-000994","EVID-002290,EVID-002291,EVID-002292",true
CASE-000327,NET-000022,FORGERY,PERSON-001687,"PERSON-000414,PERSON-001381,PERSON-001769","PERSON-001687,PERSON-000414,PERSON-001381,PERSON-001769","LOC-000995,LOC-000996,LOC-000997,LOC-000998","EVID-002296,EVID-002297,EVID-002298",true
CASE-000328,NET-000002,VEHICLE_THEFT,PERSON-000863,PERSON-001589,"PERSON-000863,PERSON-001589","LOC-000999,LOC-001000,LOC-001001","EVID-002303,EVID-002304,EVID-002305",true
CASE-000329,NET-000012,ROBBERY,PERSON-000979,"PERSON-001581,PERSON-001337,PERSON-002901","PERSON-000979,PERSON-001581,PERSON-001337,PERSON-002901","LOC-001002,LOC-001003,LOC-001004,LOC-001005","EVID-002308,EVID-002309,EVID-002310",true
CASE-000330,NET-000002,MURDER,PERSON-000063,"PERSON-002757,PERSON-001589","PERSON-000063,PERSON-002757,PERSON-001589","LOC-001006,LOC-001007","EVID-002315,EVID-002316,EVID-002317",true
CASE-000331,NET-000018,ASSAULT,PERSON-001363,"PERSON-001847,PERSON-000635,PERSON-002438","PERSON-001363,PERSON-001847,PERSON-000635,PERSON-002438","LOC-001008,LOC-001009,LOC-001010,LOC-001011","EVID-002320,EVID-002321,EVID-002322",true
CASE-000332,NET-000004,ASSAULT,PERSON-002618,"PERSON-000540,PERSON-001610,PERSON-001705","PERSON-002618,PERSON-000540,PERSON-001610,PERSON-001705","LOC-001012,LOC-001013,LOC-001014,LOC-001015","EVID-002326,EVID-002327,EVID-002328",true
CASE-000333,NET-000017,CULPABLE_HOMICIDE,PERSON-002873,"PERSON-001205,PERSON-001898,PERSON-000921","PERSON-002873,PERSON-001205,PERSON-001898,PERSON-000921","LOC-001016,LOC-001017,LOC-001018","EVID-002335,EVID-002336,EVID-002337",true
CASE-000334,NET-000004,EXTORTION,PERSON-000267,PERSON-000721,"PERSON-000267,PERSON-000721","LOC-001019,LOC-001020,LOC-001021","EVID-002343,EVID-002344,EVID-002345",true
CASE-000335,NET-000006,FINANCIAL_FRAUD,PERSON-002068,PERSON-000032,"PERSON-002068,PERSON-000032","LOC-001022,LOC-001023,LOC-001024,LOC-001025","EVID-002350,EVID-002351,EVID-002352",true
CASE-000336,NET-000003,NARCOTICS_TRAFFICKING,PERSON-000906,"PERSON-000556,PERSON-002223,PERSON-002964,PERSON-002938,PERSON-002418","PERSON-000906,PERSON-000556,PERSON-002223,PERSON-002964,PERSON-002938,PERSON-002418","LOC-001026,LOC-001027","EVID-002358,EVID-002359,EVID-002360",true
CASE-000337,NET-000023,NARCOTICS_TRAFFICKING,PERSON-001127,PERSON-001331,"PERSON-001127,PERSON-001331","LOC-001028,LOC-001029,LOC-001030","EVID-002365,EVID-002366,EVID-002367",true
CASE-000338,NET-000004,BURGLARY,PERSON-002618,"PERSON-002821,PERSON-001474,PERSON-001262","PERSON-002618,PERSON-002821,PERSON-001474,PERSON-001262","LOC-001031,LOC-001032","EVID-002373,EVID-002374,EVID-002375",true
CASE-000339,NET-000008,ROBBERY,PERSON-000886,PERSON-002821,"PERSON-000886,PERSON-002821","LOC-001033,LOC-001034,LOC-001035","EVID-002379,EVID-002380,EVID-002381",true
CASE-000340,NET-000004,OTHER_SPECIAL_LOCAL_LAWS,PERSON-001474,"PERSON-001558,PERSON-002821,PERSON-002060,PERSON-002965","PERSON-001474,PERSON-001558,PERSON-002821,PERSON-002060,PERSON-002965","LOC-001036,LOC-001037,LOC-001038,LOC-001039","EVID-002384,EVID-002385,EVID-002386",true
CASE-000341,NET-000002,THEFT,PERSON-000063,"PERSON-002757,PERSON-001589,PERSON-001861,PERSON-000850,PERSON-000575","PERSON-000063,PERSON-002757,PERSON-001589,PERSON-001861,PERSON-000850,PERSON-000575","LOC-001040,LOC-001041","EVID-002392,EVID-002393,EVID-002394",true
CASE-000342,NET-000009,NARCOTICS_TRAFFICKING,PERSON-002759,"PERSON-001578,PERSON-002986,PERSON-001425,PERSON-000613,PERSON-002675","PERSON-002759,PERSON-001578,PERSON-002986,PERSON-001425,PERSON-000613,PERSON-002675","LOC-001042,LOC-001043,LOC-001044,LOC-001045","EVID-002398,EVID-002399,EVID-002400",true
CASE-000343,NET-000013,HUMAN_TRAFFICKING,PERSON-001007,"PERSON-002017,PERSON-002114,PERSON-000628,PERSON-000783,PERSON-001131","PERSON-001007,PERSON-002017,PERSON-002114,PERSON-000628,PERSON-000783,PERSON-001131","LOC-001046,LOC-001047","EVID-002407,EVID-002408,EVID-002409",true
CASE-000344,NET-000001,VEHICLE_THEFT,PERSON-001041,"PERSON-001667,PERSON-000393","PERSON-001041,PERSON-001667,PERSON-000393","LOC-001048,LOC-001049,LOC-001050","EVID-002416,EVID-002417,EVID-002418",true
CASE-000345,NET-000020,BURGLARY,PERSON-000948,"PERSON-000584,PERSON-002410","PERSON-000948,PERSON-000584,PERSON-002410","LOC-001051,LOC-001052,LOC-001053,LOC-001054","EVID-002421,EVID-002422,EVID-002423",true
CASE-000346,NET-000004,BURGLARY,PERSON-001558,"PERSON-002821,PERSON-002060,PERSON-002900,PERSON-000216","PERSON-001558,PERSON-002821,PERSON-002060,PERSON-002900,PERSON-000216","LOC-001055,LOC-001056,LOC-001057","EVID-002428,EVID-002429,EVID-002430",true
CASE-000347,NET-000007,CULPABLE_HOMICIDE,PERSON-001691,"PERSON-002304,PERSON-001029,PERSON-001847,PERSON-001747","PERSON-001691,PERSON-002304,PERSON-001029,PERSON-001847,PERSON-001747","LOC-001058,LOC-001059,LOC-001060","EVID-002435,EVID-002436,EVID-002437",true
CASE-000348,NET-000017,ATTEMPTED_MURDER,PERSON-002279,PERSON-001596,"PERSON-002279,PERSON-001596","LOC-001061,LOC-001062,LOC-001063","EVID-002443,EVID-002444,EVID-002445",true
CASE-000349,NET-000012,DACOITY,PERSON-001135,"PERSON-000817,PERSON-002872,PERSON-000647","PERSON-001135,PERSON-000817,PERSON-002872,PERSON-000647","LOC-001064,LOC-001065,LOC-001066,LOC-001067","EVID-002449,EVID-002450,EVID-002451",true
CASE-000350,NET-000007,MURDER,PERSON-002846,"PERSON-000499,PERSON-000374","PERSON-002846,PERSON-000499,PERSON-000374","LOC-001068,LOC-001069,LOC-001070,LOC-001071","EVID-002454,EVID-002455,EVID-002456",true
CASE-000351,NET-000012,ROBBERY,PERSON-002660,"PERSON-001367,PERSON-001894,PERSON-000062,PERSON-001182","PERSON-002660,PERSON-001367,PERSON-001894,PERSON-000062,PERSON-001182","LOC-001072,LOC-001073,LOC-001074","EVID-002460,EVID-002461,EVID-002462",true
CASE-000352,NET-000001,RAPE,PERSON-001589,"PERSON-000351,PERSON-001667,PERSON-001670,PERSON-001558","PERSON-001589,PERSON-000351,PERSON-001667,PERSON-001670,PERSON-001558","LOC-001075,LOC-001076","EVID-002465,EVID-002466,EVID-002467",true
CASE-000353,NET-000019,KIDNAPPING_FOR_RANSOM,PERSON-001431,"PERSON-002965,PERSON-002646,PERSON-000838,PERSON-000862","PERSON-001431,PERSON-002965,PERSON-002646,PERSON-000838,PERSON-000862","LOC-001077,LOC-001078","EVID-002473,EVID-002474,EVID-002475",true
CASE-000354,NET-000022,FINANCIAL_FRAUD,PERSON-000111,"PERSON-000103,PERSON-001758,PERSON-002105,PERSON-002417,PERSON-002094","PERSON-000111,PERSON-000103,PERSON-001758,PERSON-002105,PERSON-002417,PERSON-002094","LOC-001079,LOC-001080,LOC-001081","EVID-002478,EVID-002479,EVID-002480",true
CASE-000355,NET-000017,VEHICLE_THEFT,PERSON-001540,"PERSON-000120,PERSON-001543","PERSON-001540,PERSON-000120,PERSON-001543","LOC-001082,LOC-001083,LOC-001084,LOC-001085","EVID-002486,EVID-002487,EVID-002488",true
CASE-000356,NET-000019,KIDNAPPING,PERSON-000838,"PERSON-002009,PERSON-002449,PERSON-001619","PERSON-000838,PERSON-002009,PERSON-002449,PERSON-001619","LOC-001086,LOC-001087,LOC-001088,LOC-001089","EVID-002491,EVID-002492,EVID-002493",true
CASE-000357,NET-000008,ROBBERY,PERSON-000305,"PERSON-001830,PERSON-000886,PERSON-002122,PERSON-001212","PERSON-000305,PERSON-001830,PERSON-000886,PERSON-002122,PERSON-001212","LOC-001090,LOC-001091,LOC-001092,LOC-001093","EVID-002496,EVID-002497,EVID-002498",true
CASE-000358,NET-000010,HUMAN_TRAFFICKING,PERSON-002704,"PERSON-002377,PERSON-000812,PERSON-000895","PERSON-002704,PERSON-002377,PERSON-000812,PERSON-000895","LOC-001094,LOC-001095,LOC-001096","EVID-002503,EVID-002504,EVID-002505",true
CASE-000359,NET-000017,ATTEMPTED_MURDER,PERSON-000488,"PERSON-000538,PERSON-002873,PERSON-002020,PERSON-002980","PERSON-000488,PERSON-000538,PERSON-002873,PERSON-002020,PERSON-002980","LOC-001097,LOC-001098,LOC-001099","EVID-002510,EVID-002511,EVID-002512",true
CASE-000360,NET-000001,CULPABLE_HOMICIDE,PERSON-001558,"PERSON-001589,PERSON-000146,PERSON-001210,PERSON-000769","PERSON-001558,PERSON-001589,PERSON-000146,PERSON-001210,PERSON-000769","LOC-001100,LOC-001101,LOC-001102","EVID-002517,EVID-002518,EVID-002519",true
CASE-000361,NET-000017,CULPABLE_HOMICIDE,PERSON-000083,"PERSON-000357,PERSON-001544,PERSON-002122","PERSON-000083,PERSON-000357,PERSON-001544,PERSON-002122","LOC-001103,LOC-001104,LOC-001105","EVID-002526,EVID-002527,EVID-002528",true
CASE-000362,NET-000021,CYBERCRIME,PERSON-002453,"PERSON-000232,PERSON-002368,PERSON-000135","PERSON-002453,PERSON-000232,PERSON-002368,PERSON-000135","LOC-001106,LOC-001107,LOC-001108,LOC-001109","EVID-002534,EVID-002535,EVID-002536",true
CASE-000363,NET-000012,DACOITY,PERSON-000092,"PERSON-001581,PERSON-000062,PERSON-002660,PERSON-001873","PERSON-000092,PERSON-001581,PERSON-000062,PERSON-002660,PERSON-001873","LOC-001110,LOC-001111","EVID-002541,EVID-002542,EVID-002543",true
CASE-000364,NET-000010,HUMAN_TRAFFICKING,PERSON-000901,"PERSON-000604,PERSON-000470","PERSON-000901,PERSON-000604,PERSON-000470","LOC-001112,LOC-001113,LOC-001114,LOC-001115","EVID-002547,EVID-002548,EVID-002549",true
CASE-000365,NET-000002,CHILD_RELATED_CRIME,PERSON-000081,PERSON-001017,"PERSON-000081,PERSON-001017","LOC-001116,LOC-001117,LOC-001118","EVID-002556,EVID-002557,EVID-002558",true
CASE-000366,NET-000017,ASSAULT,PERSON-000488,"PERSON-002020,PERSON-001994","PERSON-000488,PERSON-002020,PERSON-001994","LOC-001119,LOC-001120,LOC-001121","EVID-002563,EVID-002564,EVID-002565",true
CASE-000367,NET-000007,CRUELTY_BY_HUSBAND_OR_RELATIVES,PERSON-000245,PERSON-001659,"PERSON-000245,PERSON-001659","LOC-001122,LOC-001123","EVID-002570,EVID-002571,EVID-002572",true
CASE-000368,NET-000017,ATTEMPTED_MURDER,PERSON-000083,"PERSON-002999,PERSON-000621","PERSON-000083,PERSON-002999,PERSON-000621","LOC-001124,LOC-001125,LOC-001126,LOC-001127","EVID-002578,EVID-002579,EVID-002580",true
CASE-000369,NET-000009,NARCOTICS_TRAFFICKING,PERSON-002068,"PERSON-001071,PERSON-000613,PERSON-001141","PERSON-002068,PERSON-001071,PERSON-000613,PERSON-001141","LOC-001128,LOC-001129,LOC-001130,LOC-001131","EVID-002586,EVID-002587,EVID-002588",true
CASE-000370,NET-000020,CHILD_RELATED_CRIME,PERSON-000948,PERSON-000060,"PERSON-000948,PERSON-000060","LOC-001132,LOC-001133,LOC-001134","EVID-002595,EVID-002596,EVID-002597",true
CASE-000371,NET-000004,THEFT,PERSON-000440,"PERSON-002900,PERSON-001115,PERSON-002821,PERSON-002160","PERSON-000440,PERSON-002900,PERSON-001115,PERSON-002821,PERSON-002160","LOC-001135,LOC-001136,LOC-001137,LOC-001138","EVID-002602,EVID-002603,EVID-002604",true
CASE-000372,NET-000013,HUMAN_TRAFFICKING,PERSON-001521,"PERSON-002343,PERSON-002703","PERSON-001521,PERSON-002343,PERSON-002703","LOC-001139,LOC-001140,LOC-001141,LOC-001142","EVID-002610,EVID-002611,EVID-002612",true
CASE-000373,NET-000004,ASSAULT,PERSON-001474,"PERSON-001262,PERSON-000540","PERSON-001474,PERSON-001262,PERSON-000540","LOC-001143,LOC-001144,LOC-001145","EVID-002615,EVID-002616,EVID-002617",true
CASE-000374,NET-000006,FORGERY,PERSON-002737,"PERSON-002068,PERSON-000032,PERSON-002715","PERSON-002737,PERSON-002068,PERSON-000032,PERSON-002715","LOC-001146,LOC-001147","EVID-002622,EVID-002623,EVID-002624",true
CASE-000375,NET-000002,VEHICLE_THEFT,PERSON-001589,"PERSON-002757,PERSON-000850,PERSON-000081,PERSON-001259,PERSON-002660","PERSON-001589,PERSON-002757,PERSON-000850,PERSON-000081,PERSON-001259,PERSON-002660","LOC-001148,LOC-001149","EVID-002629,EVID-002630,EVID-002631",true
CASE-000376,NET-000017,CULPABLE_HOMICIDE,PERSON-000765,"PERSON-001544,PERSON-002873,PERSON-000120,PERSON-001205,PERSON-002428","PERSON-000765,PERSON-001544,PERSON-002873,PERSON-000120,PERSON-001205,PERSON-002428","LOC-001150,LOC-001151","EVID-002636,EVID-002637,EVID-002638",true
CASE-000377,NET-000019,KIDNAPPING_FOR_RANSOM,PERSON-000846,"PERSON-000484,PERSON-002449,PERSON-002418","PERSON-000846,PERSON-000484,PERSON-002449,PERSON-002418","LOC-001152,LOC-001153,LOC-001154","EVID-002641,EVID-002642,EVID-002643",true
CASE-000378,NET-000013,HUMAN_TRAFFICKING,PERSON-001043,PERSON-000357,"PERSON-001043,PERSON-000357","LOC-001155,LOC-001156,LOC-001157,LOC-001158","EVID-002649,EVID-002650,EVID-002651",true
CASE-000379,NET-000008,ROBBERY,PERSON-000302,"PERSON-000305,PERSON-001059,PERSON-002082,PERSON-000489,PERSON-000667","PERSON-000302,PERSON-000305,PERSON-001059,PERSON-002082,PERSON-000489,PERSON-000667","LOC-001159,LOC-001160","EVID-002657,EVID-002658,EVID-002659",true
CASE-000380,NET-000022,FORGERY,PERSON-001758,"PERSON-002417,PERSON-000103,PERSON-002737,PERSON-002105,PERSON-001519","PERSON-001758,PERSON-002417,PERSON-000103,PERSON-002737,PERSON-002105,PERSON-001519","LOC-001161,LOC-001162","EVID-002664,EVID-002665,EVID-002666",true
CASE-000381,NET-000008,ROBBERY,PERSON-001059,"PERSON-000305,PERSON-002082,PERSON-000092","PERSON-001059,PERSON-000305,PERSON-002082,PERSON-000092","LOC-001163,LOC-001164","EVID-002671,EVID-002672,EVID-002673",true
CASE-000382,NET-000017,CRUELTY_BY_HUSBAND_OR_RELATIVES,PERSON-000863,"PERSON-000357,PERSON-002930","PERSON-000863,PERSON-000357,PERSON-002930","LOC-001165,LOC-001166","EVID-002680,EVID-002681,EVID-002682",true
CASE-000383,NET-000004,ATTEMPTED_MURDER,PERSON-001262,"PERSON-000792,PERSON-001757,PERSON-001474,PERSON-001093","PERSON-001262,PERSON-000792,PERSON-001757,PERSON-001474,PERSON-001093","LOC-001167,LOC-001168,LOC-001169,LOC-001170","EVID-002688,EVID-002689,EVID-002690",true
CASE-000384,NET-000004,CULPABLE_HOMICIDE,PERSON-002821,PERSON-002900,"PERSON-002821,PERSON-002900","LOC-001171,LOC-001172","EVID-002697,EVID-002698,EVID-002699",true
CASE-000385,NET-000019,KIDNAPPING_FOR_RANSOM,PERSON-001152,PERSON-000524,"PERSON-001152,PERSON-000524","LOC-001173,LOC-001174","EVID-002703,EVID-002704,EVID-002705",true
CASE-000386,NET-000023,NARCOTICS_TRAFFICKING,PERSON-002159,"PERSON-000906,PERSON-000566,PERSON-000991","PERSON-002159,PERSON-000906,PERSON-000566,PERSON-000991","LOC-001175,LOC-001176,LOC-001177","EVID-002709,EVID-002710,EVID-002711",true
CASE-000387,NET-000001,ATTEMPTED_RAPE,PERSON-001670,PERSON-001824,"PERSON-001670,PERSON-001824","LOC-001178,LOC-001179,LOC-001180,LOC-001181","EVID-002716,EVID-002717,EVID-002718",true
CASE-000388,NET-000015,ROBBERY,PERSON-001478,"PERSON-000763,PERSON-000001,PERSON-002428,PERSON-002845,PERSON-001180","PERSON-001478,PERSON-000763,PERSON-000001,PERSON-002428,PERSON-002845,PERSON-001180","LOC-001182,LOC-001183,LOC-001184","EVID-002721,EVID-002722,EVID-002723",true
CASE-000389,NET-000012,ROBBERY,PERSON-002450,"PERSON-000860,PERSON-000922","PERSON-002450,PERSON-000860,PERSON-000922","LOC-001185,LOC-001186","EVID-002726,EVID-002727,EVID-002728",true
CASE-000390,NET-000001,MURDER,PERSON-001589,"PERSON-001558,PERSON-001670,PERSON-000146","PERSON-001589,PERSON-001558,PERSON-001670,PERSON-000146","LOC-001187,LOC-001188,LOC-001189","EVID-002732,EVID-002733,EVID-002734",true
CASE-000391,NET-000020,ATTEMPTED_RAPE,PERSON-000904,"PERSON-002998,PERSON-002757","PERSON-000904,PERSON-002998,PERSON-002757","LOC-001190,LOC-001191,LOC-001192","EVID-002739,EVID-002740,EVID-002741",true
CASE-000392,NET-000022,FORGERY,PERSON-001758,PERSON-001687,"PERSON-001758,PERSON-001687","LOC-001193,LOC-001194","EVID-002745,EVID-002746,EVID-002747",true
CASE-000393,NET-000017,CULPABLE_HOMICIDE,PERSON-002873,PERSON-000526,"PERSON-002873,PERSON-000526","LOC-001195,LOC-001196,LOC-001197,LOC-001198","EVID-002754,EVID-002755,EVID-002756",true
CASE-000394,NET-000001,OTHER_SPECIAL_LOCAL_LAWS,PERSON-001589,"PERSON-001210,PERSON-001558,PERSON-000222","PERSON-001589,PERSON-001210,PERSON-001558,PERSON-000222","LOC-001199,LOC-001200","EVID-002760,EVID-002761,EVID-002762",true
CASE-000395,NET-000014,KIDNAPPING,PERSON-002499,"PERSON-000784,PERSON-002215,PERSON-001234,PERSON-000647","PERSON-002499,PERSON-000784,PERSON-002215,PERSON-001234,PERSON-000647","LOC-001201,LOC-001202,LOC-001203,LOC-001204","EVID-002765,EVID-002766,EVID-002767",true
CASE-000396,NET-000001,OTHER_SPECIAL_LOCAL_LAWS,PERSON-001558,"PERSON-002750,PERSON-001670,PERSON-002068","PERSON-001558,PERSON-002750,PERSON-001670,PERSON-002068","LOC-001205,LOC-001206,LOC-001207,LOC-001208","EVID-002770,EVID-002771,EVID-002772",true
CASE-000397,NET-000016,NARCOTICS_TRAFFICKING,PERSON-000096,"PERSON-001172,PERSON-002740,PERSON-000440","PERSON-000096,PERSON-001172,PERSON-002740,PERSON-000440","LOC-001209,LOC-001210,LOC-001211,LOC-001212","EVID-002775,EVID-002776,EVID-002777",true
CASE-000398,NET-000019,KIDNAPPING_FOR_RANSOM,PERSON-000838,"PERSON-000823,PERSON-001431,PERSON-001824","PERSON-000838,PERSON-000823,PERSON-001431,PERSON-001824","LOC-001213,LOC-001214","EVID-002780,EVID-002781,EVID-002782",true
CASE-000399,NET-000023,NARCOTICS_TRAFFICKING,PERSON-001255,"PERSON-000526,PERSON-000022","PERSON-001255,PERSON-000526,PERSON-000022","LOC-001215,LOC-001216,LOC-001217","EVID-002787,EVID-002788,EVID-002789",true
CASE-000400,NET-000001,ATTEMPTED_RAPE,PERSON-001670,"PERSON-000146,PERSON-001589,PERSON-001041,PERSON-001667,PERSON-001687","PERSON-001670,PERSON-000146,PERSON-001589,PERSON-001041,PERSON-001667,PERSON-001687","LOC-001218,LOC-001219","EVID-002792,EVID-002793,EVID-002794",true
CASE-000401,NET-000003,NARCOTICS_NDPS,PERSON-000556,"PERSON-002205,PERSON-001768,PERSON-002964,PERSON-000047","PERSON-000556,PERSON-002205,PERSON-001768,PERSON-002964,PERSON-000047","LOC-001220,LOC-001221,LOC-001222,LOC-001223","EVID-002800,EVID-002801,EVID-002802",true
CASE-000402,NET-000011,FORGERY,PERSON-000919,"PERSON-002947,PERSON-002764,PERSON-001861,PERSON-000473","PERSON-000919,PERSON-002947,PERSON-002764,PERSON-001861,PERSON-000473","LOC-001224,LOC-001225","EVID-002805,EVID-002806,EVID-002807",true
CASE-000403,NET-000001,CULPABLE_HOMICIDE,PERSON-000146,PERSON-001670,"PERSON-000146,PERSON-001670","LOC-001226,LOC-001227,LOC-001228","EVID-002810,EVID-002811,EVID-002812",true
CASE-000404,NET-000002,CRUELTY_BY_HUSBAND_OR_RELATIVES,PERSON-001861,"PERSON-000063,PERSON-001589,PERSON-000863,PERSON-000850","PERSON-001861,PERSON-000063,PERSON-001589,PERSON-000863,PERSON-000850","LOC-001229,LOC-001230","EVID-002817,EVID-002818,EVID-002819",true
CASE-000405,NET-000006,FORGERY,PERSON-002068,PERSON-002737,"PERSON-002068,PERSON-002737","LOC-001231,LOC-001232,LOC-001233","EVID-002825,EVID-002826,EVID-002827",true
CASE-000406,NET-000018,ATTEMPTED_MURDER,PERSON-002922,"PERSON-002847,PERSON-000611,PERSON-000886","PERSON-002922,PERSON-002847,PERSON-000611,PERSON-000886","LOC-001234,LOC-001235,LOC-001236","EVID-002831,EVID-002832,EVID-002833",true
CASE-000407,NET-000001,BURGLARY,PERSON-001210,"PERSON-000146,PERSON-001670,PERSON-002750,PERSON-000351,PERSON-001558","PERSON-001210,PERSON-000146,PERSON-001670,PERSON-002750,PERSON-000351,PERSON-001558","LOC-001237,LOC-001238,LOC-001239,LOC-001240","EVID-002838,EVID-002839,EVID-002840",true
CASE-000408,NET-000007,CHILD_RELATED_CRIME,PERSON-001847,PERSON-000260,"PERSON-001847,PERSON-000260","LOC-001241,LOC-001242,LOC-001243,LOC-001244","EVID-002845,EVID-002846,EVID-002847",true
CASE-000409,NET-000004,THEFT,PERSON-001115,"PERSON-001558,PERSON-000267,PERSON-001474,PERSON-001968","PERSON-001115,PERSON-001558,PERSON-000267,PERSON-001474,PERSON-001968","LOC-001245,LOC-001246,LOC-001247,LOC-001248","EVID-002851,EVID-002852,EVID-002853",true
CASE-000410,NET-000007,BURGLARY,PERSON-000825,"PERSON-001578,PERSON-002408,PERSON-000792","PERSON-000825,PERSON-001578,PERSON-002408,PERSON-000792","LOC-001249,LOC-001250","EVID-002857,EVID-002858,EVID-002859",true
CASE-000411,NET-000017,CRUELTY_BY_HUSBAND_OR_RELATIVES,PERSON-001540,"PERSON-001992,PERSON-000120,PERSON-001544,PERSON-001205,PERSON-000083","PERSON-001540,PERSON-001992,PERSON-000120,PERSON-001544,PERSON-001205,PERSON-000083","LOC-001251,LOC-001252,LOC-001253,LOC-001254","EVID-002866,EVID-002867,EVID-002868",true
CASE-000412,NET-000004,CHILD_RELATED_CRIME,PERSON-001610,PERSON-001521,"PERSON-001610,PERSON-001521","LOC-001255,LOC-001256,LOC-001257","EVID-002874,EVID-002875,EVID-002876",true
CASE-000413,NET-000002,ASSAULT,PERSON-000863,"PERSON-000850,PERSON-001861,PERSON-002574,PERSON-000063,PERSON-000223","PERSON-000863,PERSON-000850,PERSON-001861,PERSON-002574,PERSON-000063,PERSON-000223","LOC-001258,LOC-001259,LOC-001260","EVID-002883,EVID-002884,EVID-002885",true
CASE-000414,NET-000010,HUMAN_TRAFFICKING,PERSON-000438,"PERSON-002826,PERSON-000599,PERSON-000230","PERSON-000438,PERSON-002826,PERSON-000599,PERSON-000230","LOC-001261,LOC-001262,LOC-001263,LOC-001264","EVID-002889,EVID-002890,EVID-002891",true
CASE-000415,NET-000017,THEFT,PERSON-000538,"PERSON-000765,PERSON-000083,PERSON-000139","PERSON-000538,PERSON-000765,PERSON-000083,PERSON-000139","LOC-001265,LOC-001266,LOC-001267","EVID-002894,EVID-002895,EVID-002896",true
CASE-000416,NET-000009,NARCOTICS_NDPS,PERSON-002986,"PERSON-001425,PERSON-000886","PERSON-002986,PERSON-001425,PERSON-000886","LOC-001268,LOC-001269,LOC-001270","EVID-002901,EVID-002902,EVID-002903",true
CASE-000417,NET-000006,FORGERY,PERSON-001481,PERSON-002633,"PERSON-001481,PERSON-002633","LOC-001271,LOC-001272,LOC-001273","EVID-002907,EVID-002908,EVID-002909",true
CASE-000418,NET-000004,VEHICLE_THEFT,PERSON-000180,PERSON-002737,"PERSON-000180,PERSON-002737","LOC-001274,LOC-001275,LOC-001276","EVID-002912,EVID-002913,EVID-002914",true
CASE-000419,NET-000027,CYBERCRIME,PERSON-000979,"PERSON-002087,PERSON-001397","PERSON-000979,PERSON-002087,PERSON-001397","LOC-001277,LOC-001278,LOC-001279","EVID-002921,EVID-002922,EVID-002923",true
CASE-000420,NET-000020,THEFT,PERSON-001664,"PERSON-000230,PERSON-002715,PERSON-000575","PERSON-001664,PERSON-000230,PERSON-002715,PERSON-000575","LOC-001280,LOC-001281","EVID-002927,EVID-002928,EVID-002929",true
CASE-000421,NET-000007,ASSAULT,PERSON-000943,PERSON-001059,"PERSON-000943,PERSON-001059","LOC-001282,LOC-001283,LOC-001284,LOC-001285","EVID-002932,EVID-002933,EVID-002934",true
CASE-000422,NET-000018,THEFT,PERSON-002847,"PERSON-002922,PERSON-001596","PERSON-002847,PERSON-002922,PERSON-001596","LOC-001286,LOC-001287","EVID-002937,EVID-002938,EVID-002939",true
CASE-000423,NET-000020,CRUELTY_BY_HUSBAND_OR_RELATIVES,PERSON-000697,"PERSON-000230,PERSON-001664,PERSON-002998,PERSON-000106,PERSON-000576","PERSON-000697,PERSON-000230,PERSON-001664,PERSON-002998,PERSON-000106,PERSON-000576","LOC-001288,LOC-001289","EVID-002942,EVID-002943,EVID-002944",true
CASE-000424,NET-000004,THEFT,PERSON-002821,"PERSON-001610,PERSON-000540,PERSON-000267,PERSON-001757,PERSON-001115","PERSON-002821,PERSON-001610,PERSON-000540,PERSON-000267,PERSON-001757,PERSON-001115","LOC-001290,LOC-001291","EVID-002950,EVID-002951,EVID-002952",true
CASE-000425,NET-000003,NARCOTICS_NDPS,PERSON-001768,"PERSON-002938,PERSON-000146,PERSON-002964,PERSON-000047,PERSON-002068","PERSON-001768,PERSON-002938,PERSON-000146,PERSON-002964,PERSON-000047,PERSON-002068","LOC-001292,LOC-001293,LOC-001294","EVID-002956,EVID-002957,EVID-002958",true
CASE-000426,NET-000025,CYBERCRIME,PERSON-002980,"PERSON-002937,PERSON-000092,PERSON-002770,PERSON-000808,PERSON-001059","PERSON-002980,PERSON-002937,PERSON-000092,PERSON-002770,PERSON-000808,PERSON-001059","LOC-001295,LOC-001296,LOC-001297,LOC-001298","EVID-002964,EVID-002965,EVID-002966",true
CASE-000427,NET-000004,EXTORTION,PERSON-001757,"PERSON-002900,PERSON-001511","PERSON-001757,PERSON-002900,PERSON-001511","LOC-001299,LOC-001300,LOC-001301","EVID-002973,EVID-002974,EVID-002975",true
CASE-000428,NET-000007,CULPABLE_HOMICIDE,PERSON-001334,"PERSON-000943,PERSON-002408,PERSON-001691","PERSON-001334,PERSON-000943,PERSON-002408,PERSON-001691","LOC-001302,LOC-001303,LOC-001304,LOC-001305","EVID-002980,EVID-002981,EVID-002982",true
CASE-000429,NET-000018,EXTORTION,PERSON-002713,"PERSON-001542,PERSON-000611,PERSON-001480,PERSON-000832,PERSON-002449","PERSON-002713,PERSON-001542,PERSON-000611,PERSON-001480,PERSON-000832,PERSON-002449","LOC-001306,LOC-001307","EVID-002987,EVID-002988,EVID-002989",true
CASE-000430,NET-000025,CYBERCRIME,PERSON-002980,PERSON-002887,"PERSON-002980,PERSON-002887","LOC-001308,LOC-001309,LOC-001310","EVID-002993,EVID-002994,EVID-002995",true
CASE-000431,NET-000001,ASSAULT,PERSON-000146,PERSON-002240,"PERSON-000146,PERSON-002240","LOC-001311,LOC-001312,LOC-001313,LOC-001314","EVID-003002,EVID-003003,EVID-003004",true
CASE-000432,NET-000002,THEFT,PERSON-001861,"PERSON-000081,PERSON-000850,PERSON-001259,PERSON-001337","PERSON-001861,PERSON-000081,PERSON-000850,PERSON-001259,PERSON-001337","LOC-001315,LOC-001316","EVID-003010,EVID-003011,EVID-003012",true
CASE-000433,NET-000015,DACOITY,PERSON-002845,"PERSON-002444,PERSON-002428,PERSON-001955","PERSON-002845,PERSON-002444,PERSON-002428,PERSON-001955","LOC-001317,LOC-001318,LOC-001319,LOC-001320","EVID-003018,EVID-003019,EVID-003020",true
CASE-000434,NET-000007,CHILD_RELATED_CRIME,PERSON-001578,"PERSON-001691,PERSON-002397,PERSON-002449","PERSON-001578,PERSON-001691,PERSON-002397,PERSON-002449","LOC-001321,LOC-001322","EVID-003027,EVID-003028,EVID-003029",true
CASE-000435,NET-000002,VEHICLE_THEFT,PERSON-001589,PERSON-002920,"PERSON-001589,PERSON-002920","LOC-001323,LOC-001324","EVID-003032,EVID-003033,EVID-003034",true
CASE-000436,NET-000018,EXTORTION,PERSON-000060,PERSON-000647,"PERSON-000060,PERSON-000647","LOC-001325,LOC-001326,LOC-001327,LOC-001328","EVID-003041,EVID-003042,EVID-003043",true
CASE-000437,NET-000002,CULPABLE_HOMICIDE,PERSON-000850,"PERSON-002757,PERSON-001589","PERSON-000850,PERSON-002757,PERSON-001589","LOC-001329,LOC-001330","EVID-003050,EVID-003051,EVID-003052",true
CASE-000438,NET-000014,KIDNAPPING_FOR_RANSOM,PERSON-001107,PERSON-000230,"PERSON-001107,PERSON-000230","LOC-001331,LOC-001332","EVID-003055,EVID-003056,EVID-003057",true
CASE-000439,NET-000020,BURGLARY,PERSON-002715,"PERSON-002998,PERSON-002675,PERSON-000948,PERSON-000576,PERSON-000106","PERSON-002715,PERSON-002998,PERSON-002675,PERSON-000948,PERSON-000576,PERSON-000106","LOC-001333,LOC-001334","EVID-003061,EVID-003062,EVID-003063",true
CASE-000440,NET-000004,EXTORTION,PERSON-002900,"PERSON-001757,PERSON-001262,PERSON-001258","PERSON-002900,PERSON-001757,PERSON-001262,PERSON-001258","LOC-001335,LOC-001336,LOC-001337","EVID-003067,EVID-003068,EVID-003069",true
CASE-000441,NET-000016,NARCOTICS_TRAFFICKING,PERSON-002150,"PERSON-002944,PERSON-000423,PERSON-001172,PERSON-000991,PERSON-000032","PERSON-002150,PERSON-002944,PERSON-000423,PERSON-001172,PERSON-000991,PERSON-000032","LOC-001338,LOC-001339,LOC-001340,LOC-001341","EVID-003073,EVID-003074,EVID-003075",true
CASE-000442,NET-000014,KIDNAPPING_FOR_RANSOM,PERSON-001182,"PERSON-000667,PERSON-002164,PERSON-001066","PERSON-001182,PERSON-000667,PERSON-002164,PERSON-001066","LOC-001342,LOC-001343","EVID-003078,EVID-003079,EVID-003080",true
CASE-000443,NET-000027,CYBERCRIME,PERSON-002275,"PERSON-002689,PERSON-001397,PERSON-002331,PERSON-000479","PERSON-002275,PERSON-002689,PERSON-001397,PERSON-002331,PERSON-000479","LOC-001344,LOC-001345","EVID-003084,EVID-003085,EVID-003086",true
CASE-000444,NET-000014,KIDNAPPING,PERSON-000154,"PERSON-001182,PERSON-001214","PERSON-000154,PERSON-001182,PERSON-001214","LOC-001346,LOC-001347,LOC-001348,LOC-001349","EVID-003091,EVID-003092,EVID-003093",true
CASE-000445,NET-000018,CRUELTY_BY_HUSBAND_OR_RELATIVES,PERSON-002847,"PERSON-000497,PERSON-001363,PERSON-002442","PERSON-002847,PERSON-000497,PERSON-001363,PERSON-002442","LOC-001350,LOC-001351,LOC-001352","EVID-003099,EVID-003100,EVID-003101",true
CASE-000446,NET-000015,ROBBERY,PERSON-000763,"PERSON-001478,PERSON-002684,PERSON-001012,PERSON-001206","PERSON-000763,PERSON-001478,PERSON-002684,PERSON-001012,PERSON-001206","LOC-001353,LOC-001354,LOC-001355","EVID-003107,EVID-003108,EVID-003109",true
CASE-000447,NET-000009,NARCOTICS_TRAFFICKING,PERSON-002759,"PERSON-001425,PERSON-001578","PERSON-002759,PERSON-001425,PERSON-001578","LOC-001356,LOC-001357,LOC-001358,LOC-001359","EVID-003116,EVID-003117,EVID-003118",true
CASE-000448,NET-000002,CRUELTY_BY_HUSBAND_OR_RELATIVES,PERSON-002574,PERSON-002757,"PERSON-002574,PERSON-002757","LOC-001360,LOC-001361","EVID-003122,EVID-003123,EVID-003124",true
CASE-000449,NET-000022,FINANCIAL_FRAUD,PERSON-001869,"PERSON-001774,PERSON-001141","PERSON-001869,PERSON-001774,PERSON-001141","LOC-001362,LOC-001363","EVID-003130,EVID-003131,EVID-003132",true
CASE-000450,NET-000018,EXTORTION,PERSON-000611,"PERSON-002675,PERSON-001847,PERSON-000060,PERSON-000135","PERSON-000611,PERSON-002675,PERSON-001847,PERSON-000060,PERSON-000135","LOC-001364,LOC-001365,LOC-001366","EVID-003136,EVID-003137,EVID-003138",true
CASE-000451,NET-000020,CRUELTY_BY_HUSBAND_OR_RELATIVES,PERSON-000230,"PERSON-001315,PERSON-002715,PERSON-002757,PERSON-002998,PERSON-000886","PERSON-000230,PERSON-001315,PERSON-002715,PERSON-002757,PERSON-002998,PERSON-000886","LOC-001367,LOC-001368","EVID-003143,EVID-003144,EVID-003145",true
CASE-000452,NET-000018,CHILD_RELATED_CRIME,PERSON-000611,"PERSON-002713,PERSON-001542,PERSON-002922,PERSON-001363,PERSON-001596","PERSON-000611,PERSON-002713,PERSON-001542,PERSON-002922,PERSON-001363,PERSON-001596","LOC-001369,LOC-001370,LOC-001371","EVID-003152,EVID-003153,EVID-003154",true
CASE-000453,NET-000019,KIDNAPPING,PERSON-002009,"PERSON-001803,PERSON-002654,PERSON-000484,PERSON-000823","PERSON-002009,PERSON-001803,PERSON-002654,PERSON-000484,PERSON-000823","LOC-001372,LOC-001373,LOC-001374","EVID-003160,EVID-003161,EVID-003162",true
CASE-000454,NET-000002,ATTEMPTED_MURDER,PERSON-000850,"PERSON-000863,PERSON-001259,PERSON-001367","PERSON-000850,PERSON-000863,PERSON-001259,PERSON-001367","LOC-001375,LOC-001376,LOC-001377,LOC-001378","EVID-003166,EVID-003167,EVID-003168",true
CASE-000455,NET-000002,MURDER,PERSON-002757,"PERSON-000863,PERSON-001589,PERSON-001259,PERSON-001968","PERSON-002757,PERSON-000863,PERSON-001589,PERSON-001259,PERSON-001968","LOC-001379,LOC-001380,LOC-001381","EVID-003175,EVID-003176,EVID-003177",true
CASE-000456,NET-000022,FORGERY,PERSON-000103,"PERSON-001869,PERSON-002737,PERSON-000366,PERSON-000862","PERSON-000103,PERSON-001869,PERSON-002737,PERSON-000366,PERSON-000862","LOC-001382,LOC-001383,LOC-001384","EVID-003183,EVID-003184,EVID-003185",true
CASE-000457,NET-000020,ATTEMPTED_RAPE,PERSON-002715,"PERSON-001664,PERSON-001863","PERSON-002715,PERSON-001664,PERSON-001863","LOC-001385,LOC-001386","EVID-003192,EVID-003193,EVID-003194",true
CASE-000458,NET-000008,ROBBERY,PERSON-002082,"PERSON-000886,PERSON-001112","PERSON-002082,PERSON-000886,PERSON-001112","LOC-001387,LOC-001388,LOC-001389","EVID-003200,EVID-003201,EVID-003202",true
CASE-000459,NET-000020,EXTORTION,PERSON-002998,"PERSON-000697,PERSON-000576,PERSON-001664,PERSON-002715,PERSON-000604","PERSON-002998,PERSON-000697,PERSON-000576,PERSON-001664,PERSON-002715,PERSON-000604","LOC-001390,LOC-001391","EVID-003207,EVID-003208,EVID-003209",true
CASE-000460,NET-000017,CULPABLE_HOMICIDE,PERSON-002020,PERSON-001788,"PERSON-002020,PERSON-001788","LOC-001392,LOC-001393","EVID-003214,EVID-003215,EVID-003216",true
CASE-000461,NET-000004,MURDER,PERSON-002618,"PERSON-001262,PERSON-001610,PERSON-000540,PERSON-000075","PERSON-002618,PERSON-001262,PERSON-001610,PERSON-000540,PERSON-000075","LOC-001394,LOC-001395,LOC-001396","EVID-003221,EVID-003222,EVID-003223",true
CASE-000462,NET-000028,HUMAN_TRAFFICKING,PERSON-001866,"PERSON-001547,PERSON-000092,PERSON-001511,PERSON-001782,PERSON-001890","PERSON-001866,PERSON-001547,PERSON-000092,PERSON-001511,PERSON-001782,PERSON-001890","LOC-001397,LOC-001398,LOC-001399,LOC-001400","EVID-003228,EVID-003229,EVID-003230",true
CASE-000463,NET-000017,CULPABLE_HOMICIDE,PERSON-000120,"PERSON-001965,PERSON-001668","PERSON-000120,PERSON-001965,PERSON-001668","LOC-001401,LOC-001402,LOC-001403,LOC-001404","EVID-003237,EVID-003238,EVID-003239",true
CASE-000464,NET-000015,DACOITY,PERSON-002954,"PERSON-002256,PERSON-002009","PERSON-002954,PERSON-002256,PERSON-002009","LOC-001405,LOC-001406,LOC-001407,LOC-001408","EVID-003246,EVID-003247,EVID-003248",true
CASE-000465,NET-000021,CYBERCRIME,PERSON-000540,"PERSON-000040,PERSON-000406,PERSON-002639,PERSON-001547","PERSON-000540,PERSON-000040,PERSON-000406,PERSON-002639,PERSON-001547","LOC-001409,LOC-001410,LOC-001411","EVID-003251,EVID-003252,EVID-003253",true
CASE-000466,NET-000001,VEHICLE_THEFT,PERSON-000351,PERSON-001311,"PERSON-000351,PERSON-001311","LOC-001412,LOC-001413","EVID-003260,EVID-003261,EVID-003262",true
CASE-000467,NET-000014,KIDNAPPING,PERSON-002215,"PERSON-001234,PERSON-002499,PERSON-002558,PERSON-000568","PERSON-002215,PERSON-001234,PERSON-002499,PERSON-002558,PERSON-000568","LOC-001414,LOC-001415","EVID-003269,EVID-003270,EVID-003271",true
CASE-000468,NET-000015,DACOITY,PERSON-002428,"PERSON-002684,PERSON-002845,PERSON-000842,PERSON-001769,PERSON-002788","PERSON-002428,PERSON-002684,PERSON-002845,PERSON-000842,PERSON-001769,PERSON-002788","LOC-001416,LOC-001417","EVID-003277,EVID-003278,EVID-003279",true
CASE-000469,NET-000001,THEFT,PERSON-002750,"PERSON-000351,PERSON-001670,PERSON-001558","PERSON-002750,PERSON-000351,PERSON-001670,PERSON-001558","LOC-001418,LOC-001419,LOC-001420,LOC-001421","EVID-003285,EVID-003286,EVID-003287",true
CASE-000470,NET-000001,ATTEMPTED_RAPE,PERSON-001210,"PERSON-000146,PERSON-001558","PERSON-001210,PERSON-000146,PERSON-001558","LOC-001422,LOC-001423,LOC-001424,LOC-001425","EVID-003292,EVID-003293,EVID-003294",true
CASE-000471,NET-000016,NARCOTICS_TRAFFICKING,PERSON-001172,"PERSON-000121,PERSON-000957,PERSON-000423","PERSON-001172,PERSON-000121,PERSON-000957,PERSON-000423","LOC-001426,LOC-001427","EVID-003299,EVID-003300,EVID-003301",true
CASE-000472,NET-000019,KIDNAPPING,PERSON-002739,"PERSON-000862,PERSON-002759","PERSON-002739,PERSON-000862,PERSON-002759","LOC-001428,LOC-001429,LOC-001430,LOC-001431","EVID-003308,EVID-003309,EVID-003310",true
CASE-000473,NET-000007,ATTEMPTED_MURDER,PERSON-000499,"PERSON-002397,PERSON-001334,PERSON-001747,PERSON-000032","PERSON-000499,PERSON-002397,PERSON-001334,PERSON-001747,PERSON-000032","LOC-001432,LOC-001433,LOC-001434","EVID-003313,EVID-003314,EVID-003315",true
CASE-000474,NET-000001,CHILD_RELATED_CRIME,PERSON-001670,"PERSON-000351,PERSON-002750,PERSON-000146,PERSON-001210,PERSON-002725","PERSON-001670,PERSON-000351,PERSON-002750,PERSON-000146,PERSON-001210,PERSON-002725","LOC-001435,LOC-001436,LOC-001437","EVID-003321,EVID-003322,EVID-003323",true
CASE-000475,NET-000028,HUMAN_TRAFFICKING,PERSON-002410,"PERSON-000430,PERSON-001824,PERSON-001807,PERSON-000139,PERSON-002915","PERSON-002410,PERSON-000430,PERSON-001824,PERSON-001807,PERSON-000139,PERSON-002915","LOC-001438,LOC-001439","EVID-003330,EVID-003331,EVID-003332",true
CASE-000476,NET-000020,ATTEMPTED_MURDER,PERSON-002998,"PERSON-002715,PERSON-001558","PERSON-002998,PERSON-002715,PERSON-001558","LOC-001440,LOC-001441,LOC-001442","EVID-003338,EVID-003339,EVID-003340",true
CASE-000477,NET-000008,ROBBERY,PERSON-000489,"PERSON-000144,PERSON-002082,PERSON-002122,PERSON-001796","PERSON-000489,PERSON-000144,PERSON-002082,PERSON-002122,PERSON-001796","LOC-001443,LOC-001444","EVID-003344,EVID-003345,EVID-003346",true
CASE-000478,NET-000001,ATTEMPTED_RAPE,PERSON-001667,"PERSON-000351,PERSON-001782","PERSON-001667,PERSON-000351,PERSON-001782","LOC-001445,LOC-001446","EVID-003352,EVID-003353,EVID-003354",true
CASE-000479,NET-000004,CULPABLE_HOMICIDE,PERSON-002821,"PERSON-000792,PERSON-001474,PERSON-000717","PERSON-002821,PERSON-000792,PERSON-001474,PERSON-000717","LOC-001447,LOC-001448,LOC-001449,LOC-001450","EVID-003359,EVID-003360,EVID-003361",true
CASE-000480,NET-000025,CYBERCRIME,PERSON-002980,"PERSON-002277,PERSON-000366","PERSON-002980,PERSON-002277,PERSON-000366","LOC-001451,LOC-001452","EVID-003366,EVID-003367,EVID-003368",true
CASE-000481,NET-000017,CULPABLE_HOMICIDE,PERSON-001544,"PERSON-001898,PERSON-001367","PERSON-001544,PERSON-001898,PERSON-001367","LOC-001453,LOC-001454,LOC-001455,LOC-001456","EVID-003373,EVID-003374,EVID-003375",true
CASE-000482,NET-000004,VEHICLE_THEFT,PERSON-001474,"PERSON-001558,PERSON-000267,PERSON-002450","PERSON-001474,PERSON-001558,PERSON-000267,PERSON-002450","LOC-001457,LOC-001458,LOC-001459,LOC-001460","EVID-003378,EVID-003379,EVID-003380",true
CASE-000483,NET-000002,EXTORTION,PERSON-002574,PERSON-000540,"PERSON-002574,PERSON-000540","LOC-001461,LOC-001462,LOC-001463","EVID-003383,EVID-003384,EVID-003385",true
CASE-000484,NET-000019,KIDNAPPING,PERSON-002646,"PERSON-001387,PERSON-000862","PERSON-002646,PERSON-001387,PERSON-000862","LOC-001464,LOC-001465","EVID-003390,EVID-003391,EVID-003392",true
CASE-000485,NET-000007,VEHICLE_THEFT,PERSON-002393,PERSON-000245,"PERSON-002393,PERSON-000245","LOC-001466,LOC-001467,LOC-001468","EVID-003399,EVID-003400,EVID-003401",true
CASE-000486,NET-000016,NARCOTICS_NDPS,PERSON-002771,"PERSON-001863,PERSON-001886,PERSON-002197,PERSON-001658","PERSON-002771,PERSON-001863,PERSON-001886,PERSON-002197,PERSON-001658","LOC-001469,LOC-001470,LOC-001471,LOC-001472","EVID-003408,EVID-003409,EVID-003410",true
CASE-000487,NET-000008,ROBBERY,PERSON-000492,"PERSON-001059,PERSON-002999","PERSON-000492,PERSON-001059,PERSON-002999","LOC-001473,LOC-001474,LOC-001475,LOC-001476","EVID-003414,EVID-003415,EVID-003416",true
CASE-000488,NET-000017,ASSAULT,PERSON-000765,"PERSON-001544,PERSON-000921,PERSON-002745","PERSON-000765,PERSON-001544,PERSON-000921,PERSON-002745","LOC-001477,LOC-001478,LOC-001479","EVID-003423,EVID-003424,EVID-003425",true
CASE-000489,NET-000022,FINANCIAL_FRAUD,PERSON-002737,"PERSON-002094,PERSON-000111,PERSON-000207,PERSON-000792","PERSON-002737,PERSON-002094,PERSON-000111,PERSON-000207,PERSON-000792","LOC-001480,LOC-001481,LOC-001482","EVID-003428,EVID-003429,EVID-003430",true
CASE-000490,NET-000006,FINANCIAL_FRAUD,PERSON-000032,"PERSON-002737,PERSON-000682,PERSON-000275","PERSON-000032,PERSON-002737,PERSON-000682,PERSON-000275","LOC-001483,LOC-001484,LOC-001485","EVID-003436,EVID-003437,EVID-003438",true
CASE-000491,NET-000019,KIDNAPPING,PERSON-000703,PERSON-001796,"PERSON-000703,PERSON-001796","LOC-001486,LOC-001487","EVID-003441,EVID-003442,EVID-003443",true
CASE-000492,NET-000017,VEHICLE_THEFT,PERSON-001543,"PERSON-002279,PERSON-001885","PERSON-001543,PERSON-002279,PERSON-001885","LOC-001488,LOC-001489,LOC-001490,LOC-001491","EVID-003448,EVID-003449,EVID-003450",true
CASE-000493,NET-000016,NARCOTICS_NDPS,PERSON-000140,"PERSON-001369,PERSON-001301,PERSON-002066,PERSON-001172,PERSON-002947","PERSON-000140,PERSON-001369,PERSON-001301,PERSON-002066,PERSON-001172,PERSON-002947","LOC-001492,LOC-001493","EVID-003456,EVID-003457,EVID-003458",true
CASE-000494,NET-000002,ATTEMPTED_RAPE,PERSON-001259,PERSON-002728,"PERSON-001259,PERSON-002728","LOC-001494,LOC-001495","EVID-003463,EVID-003464,EVID-003465",true
CASE-000495,NET-000012,ROBBERY,PERSON-002879,PERSON-000275,"PERSON-002879,PERSON-000275","LOC-001496,LOC-001497","EVID-003468,EVID-003469,EVID-003470",true
CASE-000496,NET-000007,ATTEMPTED_MURDER,PERSON-000499,"PERSON-002393,PERSON-000943","PERSON-000499,PERSON-002393,PERSON-000943","LOC-001498,LOC-001499,LOC-001500","EVID-003475,EVID-003476,EVID-003477",true
CASE-000497,NET-000002,VEHICLE_THEFT,PERSON-000063,"PERSON-002574,PERSON-000863,PERSON-001259,PERSON-002343","PERSON-000063,PERSON-002574,PERSON-000863,PERSON-001259,PERSON-002343","LOC-001501,LOC-001502","EVID-003480,EVID-003481,EVID-003482",true
CASE-000498,NET-000008,DACOITY,PERSON-000886,"PERSON-000305,PERSON-002082","PERSON-000886,PERSON-000305,PERSON-002082","LOC-001503,LOC-001504,LOC-001505","EVID-003489,EVID-003490,EVID-003491",true
CASE-000499,NET-000020,EXTORTION,PERSON-000576,"PERSON-000904,PERSON-000584,PERSON-002835,PERSON-002675","PERSON-000576,PERSON-000904,PERSON-000584,PERSON-002835,PERSON-002675","LOC-001506,LOC-001507","EVID-003496,EVID-003497,EVID-003498",true
CASE-000500,NET-000008,ROBBERY,PERSON-000302,"PERSON-001478,PERSON-002082,PERSON-001543","PERSON-000302,PERSON-001478,PERSON-002082,PERSON-001543","LOC-001508,LOC-001509","EVID-003501,EVID-003502,EVID-003503",true
CASE-000501,NET-000017,THEFT,PERSON-000357,"PERSON-000538,PERSON-000921,PERSON-001544,PERSON-001965,PERSON-000717","PERSON-000357,PERSON-000538,PERSON-000921,PERSON-001544,PERSON-001965,PERSON-000717","LOC-001510,LOC-001511,LOC-001512,LOC-001513","EVID-003510,EVID-003511,EVID-003512",true
CASE-000502,NET-000019,KIDNAPPING_FOR_RANSOM,PERSON-000862,"PERSON-001152,PERSON-000295,PERSON-002965,PERSON-000484,PERSON-002449","PERSON-000862,PERSON-001152,PERSON-000295,PERSON-002965,PERSON-000484,PERSON-002449","LOC-001514,LOC-001515","EVID-003518,EVID-003519,EVID-003520",true
CASE-000503,NET-000015,DACOITY,PERSON-000001,"PERSON-001944,PERSON-001206,PERSON-000710,PERSON-000812","PERSON-000001,PERSON-001944,PERSON-001206,PERSON-000710,PERSON-000812","LOC-001516,LOC-001517","EVID-003526,EVID-003527,EVID-003528",true
CASE-000504,NET-000002,RAPE,PERSON-000863,"PERSON-001589,PERSON-002745","PERSON-000863,PERSON-001589,PERSON-002745","LOC-001518,LOC-001519,LOC-001520","EVID-003534,EVID-003535,EVID-003536",true
CASE-000505,NET-000009,NARCOTICS_TRAFFICKING,PERSON-002759,PERSON-002068,"PERSON-002759,PERSON-002068","LOC-001521,LOC-001522,LOC-001523","EVID-003540,EVID-003541,EVID-003542",true
CASE-000506,NET-000004,MURDER,PERSON-001610,"PERSON-000540,PERSON-001757,PERSON-001558,PERSON-000180","PERSON-001610,PERSON-000540,PERSON-001757,PERSON-001558,PERSON-000180","LOC-001524,LOC-001525,LOC-001526,LOC-001527","EVID-003549,EVID-003550,EVID-003551",true
CASE-000507,NET-000016,NARCOTICS_TRAFFICKING,PERSON-001886,"PERSON-000288,PERSON-000121,PERSON-001997","PERSON-001886,PERSON-000288,PERSON-000121,PERSON-001997","LOC-001528,LOC-001529,LOC-001530,LOC-001531","EVID-003556,EVID-003557,EVID-003558",true
CASE-000508,NET-000015,DACOITY,PERSON-000175,"PERSON-001262,PERSON-002788,PERSON-001944,PERSON-000001,PERSON-001259","PERSON-000175,PERSON-001262,PERSON-002788,PERSON-001944,PERSON-000001,PERSON-001259","LOC-001532,LOC-001533","EVID-003561,EVID-003562,EVID-003563",true
CASE-000509,NET-000006,FINANCIAL_FRAUD,PERSON-000042,"PERSON-002737,PERSON-002771","PERSON-000042,PERSON-002737,PERSON-002771","LOC-001534,LOC-001535,LOC-001536,LOC-001537","EVID-003569,EVID-003570,EVID-003571",true
CASE-000510,NET-000010,HUMAN_TRAFFICKING,PERSON-000812,"PERSON-000135,PERSON-000634,PERSON-000121","PERSON-000812,PERSON-000135,PERSON-000634,PERSON-000121","LOC-001538,LOC-001539","EVID-003574,EVID-003575,EVID-003576",true
CASE-000511,NET-000018,RAPE,PERSON-001847,"PERSON-001596,PERSON-002077","PERSON-001847,PERSON-001596,PERSON-002077","LOC-001540,LOC-001541,LOC-001542,LOC-001543","EVID-003581,EVID-003582,EVID-003583",true
CASE-000512,NET-000018,ATTEMPTED_MURDER,PERSON-000497,PERSON-001423,"PERSON-000497,PERSON-001423","LOC-001544,LOC-001545,LOC-001546,LOC-001547","EVID-003590,EVID-003591,EVID-003592",true
CASE-000513,NET-000018,VEHICLE_THEFT,PERSON-000497,PERSON-002309,"PERSON-000497,PERSON-002309","LOC-001548,LOC-001549","EVID-003599,EVID-003600,EVID-003601",true
CASE-000514,NET-000004,ATTEMPTED_RAPE,PERSON-000180,"PERSON-002821,PERSON-001610,PERSON-001262,PERSON-000267,PERSON-001543","PERSON-000180,PERSON-002821,PERSON-001610,PERSON-001262,PERSON-000267,PERSON-001543","LOC-001550,LOC-001551,LOC-001552,LOC-001553","EVID-003604,EVID-003605,EVID-003606",true
CASE-000515,NET-000004,THEFT,PERSON-002060,"PERSON-002618,PERSON-000792,PERSON-002335","PERSON-002060,PERSON-002618,PERSON-000792,PERSON-002335","LOC-001554,LOC-001555,LOC-001556,LOC-001557","EVID-003612,EVID-003613,EVID-003614",true
CASE-000516,NET-000007,CHILD_RELATED_CRIME,PERSON-000374,"PERSON-001691,PERSON-002408,PERSON-002304,PERSON-002309","PERSON-000374,PERSON-001691,PERSON-002408,PERSON-002304,PERSON-002309","LOC-001558,LOC-001559,LOC-001560,LOC-001561","EVID-003621,EVID-003622,EVID-003623",true
CASE-000517,NET-000009,NARCOTICS_NDPS,PERSON-000822,PERSON-002728,"PERSON-000822,PERSON-002728","LOC-001562,LOC-001563,LOC-001564,LOC-001565","EVID-003630,EVID-003631,EVID-003632",true
CASE-000518,NET-000017,THEFT,PERSON-000621,PERSON-000604,"PERSON-000621,PERSON-000604","LOC-001566,LOC-001567","EVID-003637,EVID-003638,EVID-003639",true
CASE-000519,NET-000001,ASSAULT,PERSON-001667,"PERSON-001558,PERSON-000146,PERSON-002444","PERSON-001667,PERSON-001558,PERSON-000146,PERSON-002444","LOC-001568,LOC-001569","EVID-003646,EVID-003647,EVID-003648",true
CASE-000520,NET-000017,OTHER_SPECIAL_LOCAL_LAWS,PERSON-002020,"PERSON-002517,PERSON-000357,PERSON-000621","PERSON-002020,PERSON-002517,PERSON-000357,PERSON-000621","LOC-001570,LOC-001571,LOC-001572,LOC-001573","EVID-003651,EVID-003652,EVID-003653",true
CASE-000521,NET-000007,BURGLARY,PERSON-001847,PERSON-001093,"PERSON-001847,PERSON-001093","LOC-001574,LOC-001575,LOC-001576,LOC-001577","EVID-003656,EVID-003657,EVID-003658",true
CASE-000522,NET-000002,ASSAULT,PERSON-000850,PERSON-000063,"PERSON-000850,PERSON-000063","LOC-001578,LOC-001579,LOC-001580","EVID-003665,EVID-003666,EVID-003667",true
CASE-000523,NET-000016,NARCOTICS_NDPS,PERSON-002066,PERSON-001863,"PERSON-002066,PERSON-001863","LOC-001581,LOC-001582,LOC-001583","EVID-003671,EVID-003672,EVID-003673",true
CASE-000524,NET-000012,DACOITY,PERSON-000046,"PERSON-002039,PERSON-000556","PERSON-000046,PERSON-002039,PERSON-000556","LOC-001584,LOC-001585","EVID-003678,EVID-003679,EVID-003680",true
CASE-000525,NET-000002,EXTORTION,PERSON-000863,"PERSON-001861,PERSON-001259","PERSON-000863,PERSON-001861,PERSON-001259","LOC-001586,LOC-001587,LOC-001588","EVID-003686,EVID-003687,EVID-003688",true
CASE-000526,NET-000007,RAPE,PERSON-001029,"PERSON-000825,PERSON-000607","PERSON-001029,PERSON-000825,PERSON-000607","LOC-001589,LOC-001590","EVID-003692,EVID-003693,EVID-003694",true
CASE-000527,NET-000017,EXTORTION,PERSON-002873,"PERSON-000083,PERSON-000357,PERSON-000488,PERSON-000765,PERSON-000492","PERSON-002873,PERSON-000083,PERSON-000357,PERSON-000488,PERSON-000765,PERSON-000492","LOC-001591,LOC-001592,LOC-001593","EVID-003700,EVID-003701,EVID-003702",true
CASE-000528,NET-000001,CRUELTY_BY_HUSBAND_OR_RELATIVES,PERSON-000146,"PERSON-001558,PERSON-000259","PERSON-000146,PERSON-001558,PERSON-000259","LOC-001594,LOC-001595,LOC-001596","EVID-003706,EVID-003707,EVID-003708",true
CASE-000529,NET-000007,MURDER,PERSON-001578,"PERSON-002408,PERSON-000783","PERSON-001578,PERSON-002408,PERSON-000783","LOC-001597,LOC-001598,LOC-001599","EVID-003714,EVID-003715,EVID-003716",true
CASE-000530,NET-000018,THEFT,PERSON-001847,PERSON-000611,"PERSON-001847,PERSON-000611","LOC-001600,LOC-001601,LOC-001602,LOC-001603","EVID-003719,EVID-003720,EVID-003721",true
CASE-000531,NET-000026,CYBERCRIME,PERSON-001536,PERSON-000106,"PERSON-001536,PERSON-000106","LOC-001604,LOC-001605,LOC-001606","EVID-003724,EVID-003725,EVID-003726",true
CASE-000532,NET-000002,EXTORTION,PERSON-001589,"PERSON-000850,PERSON-001861,PERSON-000081,PERSON-001180","PERSON-001589,PERSON-000850,PERSON-001861,PERSON-000081,PERSON-001180","LOC-001607,LOC-001608,LOC-001609,LOC-001610","EVID-003731,EVID-003732,EVID-003733",true
CASE-000533,NET-000004,OTHER_SPECIAL_LOCAL_LAWS,PERSON-001474,"PERSON-002618,PERSON-001757","PERSON-001474,PERSON-002618,PERSON-001757","LOC-001611,LOC-001612","EVID-003740,EVID-003741,EVID-003742",true
CASE-000534,NET-000017,ASSAULT,PERSON-000083,"PERSON-000357,PERSON-000765,PERSON-002873,PERSON-000488","PERSON-000083,PERSON-000357,PERSON-000765,PERSON-002873,PERSON-000488","LOC-001613,LOC-001614","EVID-003745,EVID-003746,EVID-003747",true
CASE-000535,NET-000017,BURGLARY,PERSON-001898,"PERSON-001965,PERSON-000863","PERSON-001898,PERSON-001965,PERSON-000863","LOC-001615,LOC-001616","EVID-003751,EVID-003752,EVID-003753",true
CASE-000536,NET-000014,KIDNAPPING_FOR_RANSOM,PERSON-000074,PERSON-002279,"PERSON-000074,PERSON-002279","LOC-001617,LOC-001618,LOC-001619,LOC-001620","EVID-003760,EVID-003761,EVID-003762",true
CASE-000537,NET-000020,ATTEMPTED_MURDER,PERSON-000697,"PERSON-000948,PERSON-001885","PERSON-000697,PERSON-000948,PERSON-001885","LOC-001621,LOC-001622,LOC-001623","EVID-003766,EVID-003767,EVID-003768",true
CASE-000538,NET-000023,NARCOTICS_TRAFFICKING,PERSON-001360,"PERSON-001110,PERSON-001552,PERSON-002847,PERSON-000455","PERSON-001360,PERSON-001110,PERSON-001552,PERSON-002847,PERSON-000455","LOC-001624,LOC-001625,LOC-001626,LOC-001627","EVID-003771,EVID-003772,EVID-003773",true
CASE-000539,NET-000007,ATTEMPTED_MURDER,PERSON-002397,PERSON-002304,"PERSON-002397,PERSON-002304","LOC-001628,LOC-001629,LOC-001630,LOC-001631","EVID-003776,EVID-003777,EVID-003778",true
CASE-000540,NET-000001,RAPE,PERSON-001558,PERSON-000272,"PERSON-001558,PERSON-000272","LOC-001632,LOC-001633,LOC-001634","EVID-003783,EVID-003784,EVID-003785",true
CASE-000541,NET-000008,ROBBERY,PERSON-000342,"PERSON-000492,PERSON-000484","PERSON-000342,PERSON-000492,PERSON-000484","LOC-001635,LOC-001636,LOC-001637,LOC-001638","EVID-003788,EVID-003789,EVID-003790",true
CASE-000542,NET-000019,KIDNAPPING,PERSON-000862,PERSON-002618,"PERSON-000862,PERSON-002618","LOC-001639,LOC-001640,LOC-001641,LOC-001642","EVID-003795,EVID-003796,EVID-003797",true
CASE-000543,NET-000026,CYBERCRIME,PERSON-000259,"PERSON-000647,PERSON-001573","PERSON-000259,PERSON-000647,PERSON-001573","LOC-001643,LOC-001644,LOC-001645,LOC-001646","EVID-003801,EVID-003802,EVID-003803",true
CASE-000544,NET-000015,DACOITY,PERSON-000842,"PERSON-000001,PERSON-000217","PERSON-000842,PERSON-000001,PERSON-000217","LOC-001647,LOC-001648,LOC-001649","EVID-003806,EVID-003807,EVID-003808",true
CASE-000545,NET-000014,KIDNAPPING_FOR_RANSOM,PERSON-000717,"PERSON-000667,PERSON-000074,PERSON-002136,PERSON-002499,PERSON-000538","PERSON-000717,PERSON-000667,PERSON-000074,PERSON-002136,PERSON-002499,PERSON-000538","LOC-001650,LOC-001651,LOC-001652","EVID-003812,EVID-003813,EVID-003814",true
CASE-000546,NET-000017,THEFT,PERSON-000863,"PERSON-002745,PERSON-000103","PERSON-000863,PERSON-002745,PERSON-000103","LOC-001653,LOC-001654","EVID-003818,EVID-003819,EVID-003820",true
CASE-000547,NET-000001,CULPABLE_HOMICIDE,PERSON-001558,PERSON-002197,"PERSON-001558,PERSON-002197","LOC-001655,LOC-001656,LOC-001657","EVID-003825,EVID-003826,EVID-003827",true
CASE-000548,NET-000001,EXTORTION,PERSON-000146,"PERSON-001041,PERSON-002114","PERSON-000146,PERSON-001041,PERSON-002114","LOC-001658,LOC-001659","EVID-003831,EVID-003832,EVID-003833",true
CASE-000549,NET-000017,ATTEMPTED_MURDER,PERSON-001992,"PERSON-001965,PERSON-000488","PERSON-001992,PERSON-001965,PERSON-000488","LOC-001660,LOC-001661,LOC-001662","EVID-003840,EVID-003841,EVID-003842",true
CASE-000550,NET-000020,VEHICLE_THEFT,PERSON-002757,"PERSON-002715,PERSON-000904,PERSON-002835,PERSON-001315,PERSON-002675","PERSON-002757,PERSON-002715,PERSON-000904,PERSON-002835,PERSON-001315,PERSON-002675","LOC-001663,LOC-001664","EVID-003845,EVID-003846,EVID-003847",true
CASE-000551,NET-000022,FINANCIAL_FRAUD,PERSON-002737,PERSON-000492,"PERSON-002737,PERSON-000492","LOC-001665,LOC-001666,LOC-001667","EVID-003853,EVID-003854,EVID-003855",true
CASE-000552,NET-000014,KIDNAPPING,PERSON-000154,"PERSON-000622,PERSON-000580,PERSON-000397,PERSON-002368","PERSON-000154,PERSON-000622,PERSON-000580,PERSON-000397,PERSON-002368","LOC-001668,LOC-001669,LOC-001670,LOC-001671","EVID-003862,EVID-003863,EVID-003864",true
CASE-000553,NET-000025,CYBERCRIME,PERSON-001615,PERSON-000295,"PERSON-001615,PERSON-000295","LOC-001672,LOC-001673,LOC-001674","EVID-003871,EVID-003872,EVID-003873",true
CASE-000554,NET-000001,BURGLARY,PERSON-002750,"PERSON-001210,PERSON-001589,PERSON-001041,PERSON-000351,PERSON-001667","PERSON-002750,PERSON-001210,PERSON-001589,PERSON-001041,PERSON-000351,PERSON-001667","LOC-001675,LOC-001676,LOC-001677","EVID-003877,EVID-003878,EVID-003879",true
CASE-000555,NET-000027,CYBERCRIME,PERSON-002499,"PERSON-000979,PERSON-001397,PERSON-001668,PERSON-002087,PERSON-001610","PERSON-002499,PERSON-000979,PERSON-001397,PERSON-001668,PERSON-002087,PERSON-001610","LOC-001678,LOC-001679","EVID-003883,EVID-003884,EVID-003885",true
CASE-000556,NET-000015,ROBBERY,PERSON-002256,"PERSON-001478,PERSON-000072,PERSON-000175,PERSON-000072","PERSON-002256,PERSON-001478,PERSON-000072,PERSON-000175,PERSON-000072","LOC-001680,LOC-001681,LOC-001682","EVID-003889,EVID-003890,EVID-003891",true
CASE-000557,NET-000005,CYBERCRIME,PERSON-000051,"PERSON-001589,PERSON-000042","PERSON-000051,PERSON-001589,PERSON-000042","LOC-001683,LOC-001684,LOC-001685,LOC-001686","EVID-003898,EVID-003899,EVID-003900",true
CASE-000558,NET-000016,NARCOTICS_NDPS,PERSON-001369,"PERSON-000957,PERSON-001805","PERSON-001369,PERSON-000957,PERSON-001805","LOC-001687,LOC-001688","EVID-003903,EVID-003904,EVID-003905",true
CASE-000559,NET-000007,ATTEMPTED_MURDER,PERSON-002397,"PERSON-000499,PERSON-002408,PERSON-001847,PERSON-000260,PERSON-001691","PERSON-002397,PERSON-000499,PERSON-002408,PERSON-001847,PERSON-000260,PERSON-001691","LOC-001689,LOC-001690,LOC-001691","EVID-003912,EVID-003913,EVID-003914",true
CASE-000560,NET-000002,CRUELTY_BY_HUSBAND_OR_RELATIVES,PERSON-000863,PERSON-000683,"PERSON-000863,PERSON-000683","LOC-001692,LOC-001693","EVID-003917,EVID-003918,EVID-003919",true
CASE-000561,NET-000002,CHILD_RELATED_CRIME,PERSON-000850,PERSON-000049,"PERSON-000850,PERSON-000049","LOC-001694,LOC-001695,LOC-001696","EVID-003926,EVID-003927,EVID-003928",true
CASE-000562,NET-000017,RAPE,PERSON-000621,"PERSON-001965,PERSON-001898,PERSON-000765,PERSON-000538,PERSON-001876","PERSON-000621,PERSON-001965,PERSON-001898,PERSON-000765,PERSON-000538,PERSON-001876","LOC-001697,LOC-001698,LOC-001699","EVID-003934,EVID-003935,EVID-003936",true
CASE-000563,NET-000013,HUMAN_TRAFFICKING,PERSON-001331,"PERSON-001642,PERSON-000628,PERSON-000207","PERSON-001331,PERSON-001642,PERSON-000628,PERSON-000207","LOC-001700,LOC-001701,LOC-001702","EVID-003941,EVID-003942,EVID-003943",true
CASE-000564,NET-000026,CYBERCRIME,PERSON-000895,"PERSON-000648,PERSON-000898,PERSON-000647,PERSON-001536,PERSON-000062","PERSON-000895,PERSON-000648,PERSON-000898,PERSON-000647,PERSON-001536,PERSON-000062","LOC-001703,LOC-001704","EVID-003946,EVID-003947,EVID-003948",true
CASE-000565,NET-000001,MURDER,PERSON-001670,"PERSON-001558,PERSON-001210","PERSON-001670,PERSON-001558,PERSON-001210","LOC-001705,LOC-001706","EVID-003953,EVID-003954,EVID-003955",true
CASE-000566,NET-000004,ASSAULT,PERSON-001474,"PERSON-000180,PERSON-000792,PERSON-001115,PERSON-002164","PERSON-001474,PERSON-000180,PERSON-000792,PERSON-001115,PERSON-002164","LOC-001707,LOC-001708,LOC-001709","EVID-003958,EVID-003959,EVID-003960",true
CASE-000567,NET-000016,NARCOTICS_NDPS,PERSON-001172,"PERSON-002418,PERSON-000049,PERSON-001205,PERSON-000769","PERSON-001172,PERSON-002418,PERSON-000049,PERSON-001205,PERSON-000769","LOC-001710,LOC-001711","EVID-003967,EVID-003968,EVID-003969",true
CASE-000568,NET-000017,ASSAULT,PERSON-002517,"PERSON-000863,PERSON-000948","PERSON-002517,PERSON-000863,PERSON-000948","LOC-001712,LOC-001713","EVID-003975,EVID-003976,EVID-003977",true
CASE-000569,NET-000001,THEFT,PERSON-000146,"PERSON-001041,PERSON-000351,PERSON-000622","PERSON-000146,PERSON-001041,PERSON-000351,PERSON-000622","LOC-001714,LOC-001715,LOC-001716,LOC-001717","EVID-003981,EVID-003982,EVID-003983",true
CASE-000570,NET-000020,CRUELTY_BY_HUSBAND_OR_RELATIVES,PERSON-002675,"PERSON-001664,PERSON-001343,PERSON-001315,PERSON-002835,PERSON-000568","PERSON-002675,PERSON-001664,PERSON-001343,PERSON-001315,PERSON-002835,PERSON-000568","LOC-001718,LOC-001719,LOC-001720","EVID-003990,EVID-003991,EVID-003992",true
CASE-000571,NET-000009,NARCOTICS_NDPS,PERSON-002986,"PERSON-002068,PERSON-001071,PERSON-000613,PERSON-001425,PERSON-002004","PERSON-002986,PERSON-002068,PERSON-001071,PERSON-000613,PERSON-001425,PERSON-002004","LOC-001721,LOC-001722","EVID-003998,EVID-003999,EVID-004000",true
CASE-000572,NET-000004,VEHICLE_THEFT,PERSON-001115,"PERSON-002821,PERSON-000540,PERSON-001107","PERSON-001115,PERSON-002821,PERSON-000540,PERSON-001107","LOC-001723,LOC-001724,LOC-001725,LOC-001726","EVID-004006,EVID-004007,EVID-004008",true
CASE-000573,NET-000015,ROBBERY,PERSON-001478,"PERSON-001206,PERSON-002256,PERSON-002845,PERSON-002428,PERSON-002788","PERSON-001478,PERSON-001206,PERSON-002256,PERSON-002845,PERSON-002428,PERSON-002788","LOC-001727,LOC-001728,LOC-001729","EVID-004012,EVID-004013,EVID-004014",true
CASE-000574,NET-000028,HUMAN_TRAFFICKING,PERSON-001212,"PERSON-001782,PERSON-001455,PERSON-001116,PERSON-000712","PERSON-001212,PERSON-001782,PERSON-001455,PERSON-001116,PERSON-000712","LOC-001730,LOC-001731,LOC-001732,LOC-001733","EVID-004018,EVID-004019,EVID-004020",true
CASE-000575,NET-000003,NARCOTICS_NDPS,PERSON-002964,"PERSON-002223,PERSON-001619","PERSON-002964,PERSON-002223,PERSON-001619","LOC-001734,LOC-001735,LOC-001736,LOC-001737","EVID-004023,EVID-004024,EVID-004025",true
CASE-000576,NET-000008,ROBBERY,PERSON-001830,"PERSON-000233,PERSON-000470","PERSON-001830,PERSON-000233,PERSON-000470","LOC-001738,LOC-001739,LOC-001740,LOC-001741","EVID-004030,EVID-004031,EVID-004032",true
CASE-000577,NET-000005,CYBERCRIME,PERSON-001658,PERSON-001043,"PERSON-001658,PERSON-001043","LOC-001742,LOC-001743","EVID-004037,EVID-004038,EVID-004039",true
CASE-000578,NET-000012,ROBBERY,PERSON-000647,"PERSON-001337,PERSON-002039,PERSON-002660,PERSON-002457,PERSON-000390","PERSON-000647,PERSON-001337,PERSON-002039,PERSON-002660,PERSON-002457,PERSON-000390","LOC-001744,LOC-001745","EVID-004045,EVID-004046,EVID-004047",true
CASE-000579,NET-000012,ROBBERY,PERSON-001337,PERSON-002980,"PERSON-001337,PERSON-002980","LOC-001746,LOC-001747","EVID-004054,EVID-004055,EVID-004056",true
CASE-000580,NET-000017,MURDER,PERSON-000357,"PERSON-002020,PERSON-001544,PERSON-002517,PERSON-000621,PERSON-002393","PERSON-000357,PERSON-002020,PERSON-001544,PERSON-002517,PERSON-000621,PERSON-002393","LOC-001748,LOC-001749,LOC-001750","EVID-004059,EVID-004060,EVID-004061",true
CASE-000581,NET-000002,CULPABLE_HOMICIDE,PERSON-000850,PERSON-001110,"PERSON-000850,PERSON-001110","LOC-001751,LOC-001752,LOC-001753","EVID-004064,EVID-004065,EVID-004066",true
CASE-000582,NET-000020,ASSAULT,PERSON-002998,PERSON-000697,"PERSON-002998,PERSON-000697","LOC-001754,LOC-001755,LOC-001756,LOC-001757","EVID-004069,EVID-004070,EVID-004071",true
CASE-000583,NET-000014,KIDNAPPING_FOR_RANSOM,PERSON-002499,PERSON-001131,"PERSON-002499,PERSON-001131","LOC-001758,LOC-001759,LOC-001760,LOC-001761","EVID-004076,EVID-004077,EVID-004078",true
CASE-000584,NET-000001,VEHICLE_THEFT,PERSON-001210,PERSON-000634,"PERSON-001210,PERSON-000634","LOC-001762,LOC-001763,LOC-001764","EVID-004082,EVID-004083,EVID-004084",true
CASE-000585,NET-000002,EXTORTION,PERSON-001259,"PERSON-002757,PERSON-000063,PERSON-000863,PERSON-002574,PERSON-000092","PERSON-001259,PERSON-002757,PERSON-000063,PERSON-000863,PERSON-002574,PERSON-000092","LOC-001765,LOC-001766,LOC-001767,LOC-001768","EVID-004091,EVID-004092,EVID-004093",true
CASE-000586,NET-000022,FINANCIAL_FRAUD,PERSON-000414,"PERSON-000103,PERSON-001869,PERSON-002417,PERSON-002737,PERSON-000092","PERSON-000414,PERSON-000103,PERSON-001869,PERSON-002417,PERSON-002737,PERSON-000092","LOC-001769,LOC-001770,LOC-001771,LOC-001772","EVID-004098,EVID-004099,EVID-004100",true
CASE-000587,NET-000004,OTHER_SPECIAL_LOCAL_LAWS,PERSON-001757,"PERSON-001610,PERSON-001262,PERSON-000440,PERSON-000267,PERSON-002215","PERSON-001757,PERSON-001610,PERSON-001262,PERSON-000440,PERSON-000267,PERSON-002215","LOC-001773,LOC-001774,LOC-001775","EVID-004106,EVID-004107,EVID-004108",true
CASE-000588,NET-000007,ATTEMPTED_MURDER,PERSON-002397,"PERSON-001780,PERSON-002846,PERSON-001691,PERSON-000825,PERSON-000538","PERSON-002397,PERSON-001780,PERSON-002846,PERSON-001691,PERSON-000825,PERSON-000538","LOC-001776,LOC-001777,LOC-001778","EVID-004112,EVID-004113,EVID-004114",true
CASE-000589,NET-000003,NARCOTICS_NDPS,PERSON-001768,PERSON-000146,"PERSON-001768,PERSON-000146","LOC-001779,LOC-001780","EVID-004118,EVID-004119,EVID-004120",true
CASE-000590,NET-000004,MURDER,PERSON-001558,"PERSON-000440,PERSON-001258","PERSON-001558,PERSON-000440,PERSON-001258","LOC-001781,LOC-001782","EVID-004126,EVID-004127,EVID-004128",true
CASE-000591,NET-000024,HUMAN_TRAFFICKING,PERSON-002034,"PERSON-000449,PERSON-002900","PERSON-002034,PERSON-000449,PERSON-002900","LOC-001783,LOC-001784,LOC-001785,LOC-001786","EVID-004131,EVID-004132,EVID-004133",true
CASE-000592,NET-000008,ROBBERY,PERSON-000233,"PERSON-001615,PERSON-001807","PERSON-000233,PERSON-001615,PERSON-001807","LOC-001787,LOC-001788,LOC-001789,LOC-001790","EVID-004140,EVID-004141,EVID-004142",true
CASE-000593,NET-000018,THEFT,PERSON-002847,PERSON-001596,"PERSON-002847,PERSON-001596","LOC-001791,LOC-001792","EVID-004146,EVID-004147,EVID-004148",true
CASE-000594,NET-000004,ATTEMPTED_MURDER,PERSON-001558,"PERSON-000180,PERSON-001610,PERSON-000267,PERSON-002821,PERSON-002618","PERSON-001558,PERSON-000180,PERSON-001610,PERSON-000267,PERSON-002821,PERSON-002618","LOC-001793,LOC-001794,LOC-001795","EVID-004152,EVID-004153,EVID-004154",true
CASE-000595,NET-000022,FORGERY,PERSON-000111,"PERSON-002737,PERSON-001774,PERSON-002417","PERSON-000111,PERSON-002737,PERSON-001774,PERSON-002417","LOC-001796,LOC-001797","EVID-004161,EVID-004162,EVID-004163",true
CASE-000596,NET-000013,HUMAN_TRAFFICKING,PERSON-002343,"PERSON-000130,PERSON-000804","PERSON-002343,PERSON-000130,PERSON-000804","LOC-001798,LOC-001799","EVID-004166,EVID-004167,EVID-004168",true
CASE-000597,NET-000008,DACOITY,PERSON-000233,"PERSON-001478,PERSON-000920,PERSON-001894","PERSON-000233,PERSON-001478,PERSON-000920,PERSON-001894","LOC-001800,LOC-001801,LOC-001802,LOC-001803","EVID-004171,EVID-004172,EVID-004173",true
CASE-000598,NET-000013,HUMAN_TRAFFICKING,PERSON-001994,"PERSON-001457,PERSON-001654,PERSON-001782","PERSON-001994,PERSON-001457,PERSON-001654,PERSON-001782","LOC-001804,LOC-001805,LOC-001806,LOC-001807","EVID-004176,EVID-004177,EVID-004178",true
CASE-000599,NET-000020,OTHER_SPECIAL_LOCAL_LAWS,PERSON-002998,"PERSON-001315,PERSON-002715","PERSON-002998,PERSON-001315,PERSON-002715","LOC-001808,LOC-001809,LOC-001810","EVID-004184,EVID-004185,EVID-004186",true
CASE-000600,NET-000017,ASSAULT,PERSON-000621,"PERSON-000921,PERSON-001205,PERSON-002999,PERSON-002517,PERSON-000703","PERSON-000621,PERSON-000921,PERSON-001205,PERSON-002999,PERSON-002517,PERSON-000703","LOC-001811,LOC-001812,LOC-001813","EVID-004189,EVID-004190,EVID-004191",true
CASE-000601,NET-000007,CRUELTY_BY_HUSBAND_OR_RELATIVES,PERSON-000245,"PERSON-001747,PERSON-001334,PERSON-000825,PERSON-001691,PERSON-002397","PERSON-000245,PERSON-001747,PERSON-001334,PERSON-000825,PERSON-001691,PERSON-002397","LOC-001814,LOC-001815,LOC-001816","EVID-004195,EVID-004196,EVID-004197",true
CASE-000602,NET-000011,FINANCIAL_FRAUD,PERSON-001478,"PERSON-001686,PERSON-002377","PERSON-001478,PERSON-001686,PERSON-002377","LOC-001817,LOC-001818,LOC-001819","EVID-004204,EVID-004205,EVID-004206",true
CASE-000603,NET-000001,CHILD_RELATED_CRIME,PERSON-000146,"PERSON-001670,PERSON-001210,PERSON-000351,PERSON-001992","PERSON-000146,PERSON-001670,PERSON-001210,PERSON-000351,PERSON-001992","LOC-001820,LOC-001821","EVID-004211,EVID-004212,EVID-004213",true
CASE-000604,NET-000001,ATTEMPTED_RAPE,PERSON-001667,"PERSON-001589,PERSON-000146","PERSON-001667,PERSON-001589,PERSON-000146","LOC-001822,LOC-001823,LOC-001824,LOC-001825","EVID-004217,EVID-004218,EVID-004219",true
CASE-000605,NET-000007,ASSAULT,PERSON-002408,"PERSON-000260,PERSON-001578,PERSON-001029,PERSON-000825,PERSON-001610","PERSON-002408,PERSON-000260,PERSON-001578,PERSON-001029,PERSON-000825,PERSON-001610","LOC-001826,LOC-001827","EVID-004225,EVID-004226,EVID-004227",true
CASE-000606,NET-000012,ROBBERY,PERSON-000506,"PERSON-001873,PERSON-001326,PERSON-002450,PERSON-001894,PERSON-000063","PERSON-000506,PERSON-001873,PERSON-001326,PERSON-002450,PERSON-001894,PERSON-000063","LOC-001828,LOC-001829,LOC-001830","EVID-004231,EVID-004232,EVID-004233",true
CASE-000607,NET-000002,ATTEMPTED_RAPE,PERSON-002574,"PERSON-001259,PERSON-002757,PERSON-000072","PERSON-002574,PERSON-001259,PERSON-002757,PERSON-000072","LOC-001831,LOC-001832,LOC-001833","EVID-004238,EVID-004239,EVID-004240",true
CASE-000608,NET-000007,EXTORTION,PERSON-002408,"PERSON-001780,PERSON-001747,PERSON-000822","PERSON-002408,PERSON-001780,PERSON-001747,PERSON-000822","LOC-001834,LOC-001835,LOC-001836","EVID-004246,EVID-004247,EVID-004248",true
CASE-000609,NET-000007,ASSAULT,PERSON-001334,"PERSON-001780,PERSON-002393,PERSON-002304,PERSON-001747","PERSON-001334,PERSON-001780,PERSON-002393,PERSON-002304,PERSON-001747","LOC-001837,LOC-001838,LOC-001839,LOC-001840","EVID-004252,EVID-004253,EVID-004254",true
CASE-000610,NET-000001,BURGLARY,PERSON-001210,"PERSON-000351,PERSON-001589,PERSON-001667,PERSON-000146,PERSON-002750","PERSON-001210,PERSON-000351,PERSON-001589,PERSON-001667,PERSON-000146,PERSON-002750","LOC-001841,LOC-001842,LOC-001843,LOC-001844","EVID-004260,EVID-004261,EVID-004262",true
CASE-000611,NET-000017,CULPABLE_HOMICIDE,PERSON-002517,"PERSON-001544,PERSON-001898,PERSON-002279,PERSON-002124","PERSON-002517,PERSON-001544,PERSON-001898,PERSON-002279,PERSON-002124","LOC-001845,LOC-001846,LOC-001847,LOC-001848","EVID-004267,EVID-004268,EVID-004269",true
CASE-000612,NET-000011,FINANCIAL_FRAUD,PERSON-001311,PERSON-000022,"PERSON-001311,PERSON-000022","LOC-001849,LOC-001850","EVID-004275,EVID-004276,EVID-004277",true
CASE-000613,NET-000007,THEFT,PERSON-001578,"PERSON-001334,PERSON-002304,PERSON-000499,PERSON-000488","PERSON-001578,PERSON-001334,PERSON-002304,PERSON-000499,PERSON-000488","LOC-001851,LOC-001852,LOC-001853,LOC-001854","EVID-004280,EVID-004281,EVID-004282",true
CASE-000614,NET-000008,ROBBERY,PERSON-002122,"PERSON-000233,PERSON-002964","PERSON-002122,PERSON-000233,PERSON-002964","LOC-001855,LOC-001856","EVID-004286,EVID-004287,EVID-004288",true
CASE-000615,NET-000004,EXTORTION,PERSON-002821,"PERSON-000792,PERSON-002060,PERSON-001558,PERSON-000484","PERSON-002821,PERSON-000792,PERSON-002060,PERSON-001558,PERSON-000484","LOC-001857,LOC-001858,LOC-001859,LOC-001860","EVID-004293,EVID-004294,EVID-004295",true
CASE-000616,NET-000004,ATTEMPTED_MURDER,PERSON-000792,"PERSON-000440,PERSON-001757,PERSON-001212","PERSON-000792,PERSON-000440,PERSON-001757,PERSON-001212","LOC-001861,LOC-001862,LOC-001863","EVID-004298,EVID-004299,EVID-004300",true
CASE-000617,NET-000017,ATTEMPTED_MURDER,PERSON-000120,"PERSON-001540,PERSON-002873,PERSON-000957","PERSON-000120,PERSON-001540,PERSON-002873,PERSON-000957","LOC-001864,LOC-001865,LOC-001866","EVID-004303,EVID-004304,EVID-004305",true
CASE-000618,NET-000020,ATTEMPTED_MURDER,PERSON-002675,PERSON-002715,"PERSON-002675,PERSON-002715","LOC-001867,LOC-001868,LOC-001869","EVID-004311,EVID-004312,EVID-004313",true
CASE-000619,NET-000017,OTHER_SPECIAL_LOCAL_LAWS,PERSON-000120,PERSON-000440,"PERSON-000120,PERSON-000440","LOC-001870,LOC-001871,LOC-001872,LOC-001873","EVID-004316,EVID-004317,EVID-004318",true
CASE-000620,NET-000007,MURDER,PERSON-002846,PERSON-002408,"PERSON-002846,PERSON-002408","LOC-001874,LOC-001875,LOC-001876","EVID-004321,EVID-004322,EVID-004323",true
CASE-000621,NET-000010,HUMAN_TRAFFICKING,PERSON-002704,PERSON-000997,"PERSON-002704,PERSON-000997","LOC-001877,LOC-001878,LOC-001879","EVID-004326,EVID-004327,EVID-004328",true
CASE-000622,NET-000002,ATTEMPTED_RAPE,PERSON-001259,"PERSON-002574,PERSON-000863,PERSON-001861,PERSON-002757,PERSON-000049","PERSON-001259,PERSON-002574,PERSON-000863,PERSON-001861,PERSON-002757,PERSON-000049","LOC-001880,LOC-001881,LOC-001882,LOC-001883","EVID-004333,EVID-004334,EVID-004335",true
CASE-000623,NET-000020,MURDER,PERSON-002715,PERSON-001664,"PERSON-002715,PERSON-001664","LOC-001884,LOC-001885","EVID-004340,EVID-004341,EVID-004342",true
CASE-000624,NET-000009,NARCOTICS_TRAFFICKING,PERSON-001071,"PERSON-000613,PERSON-001425,PERSON-000822","PERSON-001071,PERSON-000613,PERSON-001425,PERSON-000822","LOC-001886,LOC-001887,LOC-001888,LOC-001889","EVID-004347,EVID-004348,EVID-004349",true
CASE-000625,NET-000004,ATTEMPTED_RAPE,PERSON-002060,PERSON-000274,"PERSON-002060,PERSON-000274","LOC-001890,LOC-001891,LOC-001892","EVID-004354,EVID-004355,EVID-004356",true
CASE-000626,NET-000017,CRUELTY_BY_HUSBAND_OR_RELATIVES,PERSON-000488,"PERSON-001544,PERSON-000120,PERSON-000357,PERSON-000083,PERSON-002887","PERSON-000488,PERSON-001544,PERSON-000120,PERSON-000357,PERSON-000083,PERSON-002887","LOC-001893,LOC-001894,LOC-001895","EVID-004362,EVID-004363,EVID-004364",true
CASE-000627,NET-000008,ROBBERY,PERSON-001830,"PERSON-000144,PERSON-002920","PERSON-001830,PERSON-000144,PERSON-002920","LOC-001896,LOC-001897,LOC-001898","EVID-004368,EVID-004369,EVID-004370",true
CASE-000628,NET-000016,NARCOTICS_NDPS,PERSON-002771,PERSON-001262,"PERSON-002771,PERSON-001262","LOC-001899,LOC-001900","EVID-004373,EVID-004374,EVID-004375",true
CASE-000629,NET-000017,CULPABLE_HOMICIDE,PERSON-000765,PERSON-001898,"PERSON-000765,PERSON-001898","LOC-001901,LOC-001902,LOC-001903","EVID-004380,EVID-004381,EVID-004382",true
CASE-000630,NET-000017,RAPE,PERSON-000921,PERSON-001054,"PERSON-000921,PERSON-001054","LOC-001904,LOC-001905,LOC-001906,LOC-001907","EVID-004385,EVID-004386,EVID-004387",true
CASE-000631,NET-000002,ATTEMPTED_MURDER,PERSON-000850,PERSON-001965,"PERSON-000850,PERSON-001965","LOC-001908,LOC-001909,LOC-001910,LOC-001911","EVID-004391,EVID-004392,EVID-004393",true
CASE-000632,NET-000014,KIDNAPPING,PERSON-000074,"PERSON-002004,PERSON-002499,PERSON-000022","PERSON-000074,PERSON-002004,PERSON-002499,PERSON-000022","LOC-001912,LOC-001913,LOC-001914,LOC-001915","EVID-004400,EVID-004401,EVID-004402",true
CASE-000633,NET-000004,ATTEMPTED_RAPE,PERSON-001115,PERSON-001043,"PERSON-001115,PERSON-001043","LOC-001916,LOC-001917","EVID-004405,EVID-004406,EVID-004407",true
CASE-000634,NET-000017,CHILD_RELATED_CRIME,PERSON-001965,"PERSON-001992,PERSON-000863,PERSON-001521","PERSON-001965,PERSON-001992,PERSON-000863,PERSON-001521","LOC-001918,LOC-001919","EVID-004414,EVID-004415,EVID-004416",true
CASE-000635,NET-000020,RAPE,PERSON-000904,"PERSON-000576,PERSON-000584,PERSON-000634","PERSON-000904,PERSON-000576,PERSON-000584,PERSON-000634","LOC-001920,LOC-001921","EVID-004420,EVID-004421,EVID-004422",true
CASE-000636,NET-000027,CYBERCRIME,PERSON-002499,"PERSON-002331,PERSON-002087,PERSON-002689,PERSON-002275","PERSON-002499,PERSON-002331,PERSON-002087,PERSON-002689,PERSON-002275","LOC-001922,LOC-001923,LOC-001924","EVID-004428,EVID-004429,EVID-004430",true
CASE-000637,NET-000002,VEHICLE_THEFT,PERSON-000850,"PERSON-002574,PERSON-000921","PERSON-000850,PERSON-002574,PERSON-000921","LOC-001925,LOC-001926","EVID-004437,EVID-004438,EVID-004439",true
CASE-000638,NET-000009,NARCOTICS_TRAFFICKING,PERSON-000822,PERSON-001885,"PERSON-000822,PERSON-001885","LOC-001927,LOC-001928,LOC-001929","EVID-004444,EVID-004445,EVID-004446",true
CASE-000639,NET-000012,DACOITY,PERSON-001326,PERSON-000850,"PERSON-001326,PERSON-000850","LOC-001930,LOC-001931,LOC-001932","EVID-004449,EVID-004450,EVID-004451",true
CASE-000640,NET-000014,KIDNAPPING,PERSON-000074,"PERSON-000717,PERSON-002136,PERSON-000784,PERSON-002164","PERSON-000074,PERSON-000717,PERSON-002136,PERSON-000784,PERSON-002164","LOC-001933,LOC-001934,LOC-001935","EVID-004456,EVID-004457,EVID-004458",true
CASE-000641,NET-000014,KIDNAPPING_FOR_RANSOM,PERSON-002499,"PERSON-000405,PERSON-000397,PERSON-000154,PERSON-000904","PERSON-002499,PERSON-000405,PERSON-000397,PERSON-000154,PERSON-000904","LOC-001936,LOC-001937,LOC-001938","EVID-004464,EVID-004465,EVID-004466",true
CASE-000642,NET-000006,FINANCIAL_FRAUD,PERSON-000032,"PERSON-002068,PERSON-000473,PERSON-002737,PERSON-000042,PERSON-000682","PERSON-000032,PERSON-002068,PERSON-000473,PERSON-002737,PERSON-000042,PERSON-000682","LOC-001939,LOC-001940,LOC-001941,LOC-001942","EVID-004471,EVID-004472,EVID-004473",true
CASE-000643,NET-000017,CRUELTY_BY_HUSBAND_OR_RELATIVES,PERSON-001543,"PERSON-002745,PERSON-001540,PERSON-002999,PERSON-001205,PERSON-001043","PERSON-001543,PERSON-002745,PERSON-001540,PERSON-002999,PERSON-001205,PERSON-001043","LOC-001943,LOC-001944,LOC-001945","EVID-004480,EVID-004481,EVID-004482",true
CASE-000644,NET-000011,FINANCIAL_FRAUD,PERSON-001311,"PERSON-000072,PERSON-002507,PERSON-001846","PERSON-001311,PERSON-000072,PERSON-002507,PERSON-001846","LOC-001946,LOC-001947,LOC-001948","EVID-004487,EVID-004488,EVID-004489",true
CASE-000645,NET-000013,HUMAN_TRAFFICKING,PERSON-001679,PERSON-000906,"PERSON-001679,PERSON-000906","LOC-001949,LOC-001950,LOC-001951","EVID-004496,EVID-004497,EVID-004498",true
CASE-000646,NET-000020,MURDER,PERSON-002998,"PERSON-001664,PERSON-000948,PERSON-000260","PERSON-002998,PERSON-001664,PERSON-000948,PERSON-000260","LOC-001952,LOC-001953,LOC-001954,LOC-001955","EVID-004501,EVID-004502,EVID-004503",true
CASE-000647,NET-000019,KIDNAPPING,PERSON-001803,PERSON-001670,"PERSON-001803,PERSON-001670","LOC-001956,LOC-001957,LOC-001958,LOC-001959","EVID-004506,EVID-004507,EVID-004508",true
CASE-000648,NET-000028,HUMAN_TRAFFICKING,PERSON-000092,"PERSON-001817,PERSON-001824,PERSON-001547","PERSON-000092,PERSON-001817,PERSON-001824,PERSON-001547","LOC-001960,LOC-001961","EVID-004515,EVID-004516,EVID-004517",true
CASE-000649,NET-000003,NARCOTICS_TRAFFICKING,PERSON-000047,PERSON-001817,"PERSON-000047,PERSON-001817","LOC-001962,LOC-001963","EVID-004522,EVID-004523,EVID-004524",true
CASE-000650,NET-000012,ROBBERY,PERSON-002576,"PERSON-001326,PERSON-002457,PERSON-000046,PERSON-000682","PERSON-002576,PERSON-001326,PERSON-002457,PERSON-000046,PERSON-000682","LOC-001964,LOC-001965,LOC-001966,LOC-001967","EVID-004529,EVID-004530,EVID-004531",true
CASE-000651,NET-000011,FINANCIAL_FRAUD,PERSON-002160,"PERSON-000193,PERSON-000484,PERSON-001861,PERSON-000919,PERSON-000132","PERSON-002160,PERSON-000193,PERSON-000484,PERSON-001861,PERSON-000919,PERSON-000132","LOC-001968,LOC-001969,LOC-001970,LOC-001971","EVID-004534,EVID-004535,EVID-004536",true
CASE-000652,NET-000001,BURGLARY,PERSON-001041,PERSON-002256,"PERSON-001041,PERSON-002256","LOC-001972,LOC-001973,LOC-001974,LOC-001975","EVID-004539,EVID-004540,EVID-004541",true
CASE-000653,NET-000007,VEHICLE_THEFT,PERSON-002408,"PERSON-001691,PERSON-001578,PERSON-001847,PERSON-001747,PERSON-002009","PERSON-002408,PERSON-001691,PERSON-001578,PERSON-001847,PERSON-001747,PERSON-002009","LOC-001976,LOC-001977,LOC-001978","EVID-004547,EVID-004548,EVID-004549",true
CASE-000654,NET-000016,NARCOTICS_TRAFFICKING,PERSON-000423,"PERSON-000140,PERSON-001172,PERSON-000845,PERSON-000288,PERSON-001994","PERSON-000423,PERSON-000140,PERSON-001172,PERSON-000845,PERSON-000288,PERSON-001994","LOC-001979,LOC-001980,LOC-001981","EVID-004555,EVID-004556,EVID-004557",true
CASE-000655,NET-000014,KIDNAPPING,PERSON-001890,"PERSON-001234,PERSON-001885","PERSON-001890,PERSON-001234,PERSON-001885","LOC-001982,LOC-001983,LOC-001984,LOC-001985","EVID-004563,EVID-004564,EVID-004565",true
CASE-000656,NET-000003,NARCOTICS_TRAFFICKING,PERSON-000047,"PERSON-002938,PERSON-000556","PERSON-000047,PERSON-002938,PERSON-000556","LOC-001986,LOC-001987","EVID-004568,EVID-004569,EVID-004570",true
CASE-000657,NET-000024,HUMAN_TRAFFICKING,PERSON-001262,"PERSON-002034,PERSON-002246,PERSON-002633,PERSON-000804,PERSON-000233","PERSON-001262,PERSON-002034,PERSON-002246,PERSON-002633,PERSON-000804,PERSON-000233","LOC-001988,LOC-001989","EVID-004573,EVID-004574,EVID-004575",true
CASE-000658,NET-000009,NARCOTICS_TRAFFICKING,PERSON-002759,PERSON-001425,"PERSON-002759,PERSON-001425","LOC-001990,LOC-001991,LOC-001992","EVID-004580,EVID-004581,EVID-004582",true
CASE-000659,NET-000008,ROBBERY,PERSON-000144,"PERSON-000233,PERSON-000920,PERSON-002122,PERSON-000528","PERSON-000144,PERSON-000233,PERSON-000920,PERSON-002122,PERSON-000528","LOC-001993,LOC-001994,LOC-001995","EVID-004588,EVID-004589,EVID-004590",true
CASE-000660,NET-000002,MURDER,PERSON-001589,"PERSON-002574,PERSON-001861,PERSON-000063","PERSON-001589,PERSON-002574,PERSON-001861,PERSON-000063","LOC-001996,LOC-001997,LOC-001998","EVID-004593,EVID-004594,EVID-004595",true
CASE-000661,NET-000004,CRUELTY_BY_HUSBAND_OR_RELATIVES,PERSON-001262,"PERSON-002618,PERSON-002060,PERSON-000540","PERSON-001262,PERSON-002618,PERSON-002060,PERSON-000540","LOC-001999,LOC-002000","EVID-004599,EVID-004600,EVID-004601",true
CASE-000662,NET-000002,EXTORTION,PERSON-000063,PERSON-000842,"PERSON-000063,PERSON-000842","LOC-002001,LOC-002002,LOC-002003","EVID-004606,EVID-004607,EVID-004608",true
CASE-000663,NET-000002,CRUELTY_BY_HUSBAND_OR_RELATIVES,PERSON-001589,PERSON-002757,"PERSON-001589,PERSON-002757","LOC-002004,LOC-002005,LOC-002006,LOC-002007","EVID-004612,EVID-004613,EVID-004614",true
CASE-000664,NET-000002,MURDER,PERSON-000063,"PERSON-000850,PERSON-002757,PERSON-002574,PERSON-001861,PERSON-000081","PERSON-000063,PERSON-000850,PERSON-002757,PERSON-002574,PERSON-001861,PERSON-000081","LOC-002008,LOC-002009,LOC-002010","EVID-004619,EVID-004620,EVID-004621",true
CASE-000665,NET-000017,EXTORTION,PERSON-002020,"PERSON-001205,PERSON-002517,PERSON-000488,PERSON-000921,PERSON-000106","PERSON-002020,PERSON-001205,PERSON-002517,PERSON-000488,PERSON-000921,PERSON-000106","LOC-002011,LOC-002012,LOC-002013,LOC-002014","EVID-004625,EVID-004626,EVID-004627",true
CASE-000666,NET-000007,THEFT,PERSON-001780,"PERSON-001847,PERSON-001578,PERSON-002408,PERSON-000130","PERSON-001780,PERSON-001847,PERSON-001578,PERSON-002408,PERSON-000130","LOC-002015,LOC-002016","EVID-004631,EVID-004632,EVID-004633",true
CASE-000667,NET-000018,ASSAULT,PERSON-001596,"PERSON-000635,PERSON-000832,PERSON-002847,PERSON-000886","PERSON-001596,PERSON-000635,PERSON-000832,PERSON-002847,PERSON-000886","LOC-002017,LOC-002018","EVID-004637,EVID-004638,EVID-004639",true
CASE-000668,NET-000015,DACOITY,PERSON-002788,"PERSON-000842,PERSON-001262,PERSON-002444","PERSON-002788,PERSON-000842,PERSON-001262,PERSON-002444","LOC-002019,LOC-002020","EVID-004646,EVID-004647,EVID-004648",true
CASE-000669,NET-000007,CHILD_RELATED_CRIME,PERSON-000943,"PERSON-002846,PERSON-000374,PERSON-000245","PERSON-000943,PERSON-002846,PERSON-000374,PERSON-000245","LOC-002021,LOC-002022","EVID-004653,EVID-004654,EVID-004655",true
CASE-000670,NET-000001,MURDER,PERSON-002750,"PERSON-001589,PERSON-001558,PERSON-000146,PERSON-001210,PERSON-001385","PERSON-002750,PERSON-001589,PERSON-001558,PERSON-000146,PERSON-001210,PERSON-001385","LOC-002023,LOC-002024,LOC-002025","EVID-004662,EVID-004663,EVID-004664",true
CASE-000671,NET-000020,MURDER,PERSON-001343,"PERSON-002675,PERSON-001664,PERSON-000230,PERSON-002745","PERSON-001343,PERSON-002675,PERSON-001664,PERSON-000230,PERSON-002745","LOC-002026,LOC-002027","EVID-004668,EVID-004669,EVID-004670",true
CASE-000672,NET-000022,FORGERY,PERSON-000103,"PERSON-000111,PERSON-001687,PERSON-000366,PERSON-002105,PERSON-000817","PERSON-000103,PERSON-000111,PERSON-001687,PERSON-000366,PERSON-002105,PERSON-000817","LOC-002028,LOC-002029,LOC-002030,LOC-002031","EVID-004677,EVID-004678,EVID-004679",true
CASE-000673,NET-000015,ROBBERY,PERSON-000222,"PERSON-002256,PERSON-000763,PERSON-000712,PERSON-002770","PERSON-000222,PERSON-002256,PERSON-000763,PERSON-000712,PERSON-002770","LOC-002032,LOC-002033,LOC-002034","EVID-004683,EVID-004684,EVID-004685",true
CASE-000674,NET-000002,BURGLARY,PERSON-000081,"PERSON-002574,PERSON-002757","PERSON-000081,PERSON-002574,PERSON-002757","LOC-002035,LOC-002036,LOC-002037,LOC-002038","EVID-004689,EVID-004690,EVID-004691",true
CASE-000675,NET-000009,NARCOTICS_NDPS,PERSON-002068,"PERSON-001071,PERSON-000822,PERSON-002759,PERSON-002986,PERSON-000613","PERSON-002068,PERSON-001071,PERSON-000822,PERSON-002759,PERSON-002986,PERSON-000613","LOC-002039,LOC-002040,LOC-002041","EVID-004696,EVID-004697,EVID-004698",true
CASE-000676,NET-000001,CRUELTY_BY_HUSBAND_OR_RELATIVES,PERSON-001589,PERSON-000622,"PERSON-001589,PERSON-000622","LOC-002042,LOC-002043,LOC-002044,LOC-002045","EVID-004703,EVID-004704,EVID-004705",true
CASE-000677,NET-000008,ROBBERY,PERSON-000886,"PERSON-000920,PERSON-001478,PERSON-001830,PERSON-001059,PERSON-002277","PERSON-000886,PERSON-000920,PERSON-001478,PERSON-001830,PERSON-001059,PERSON-002277","LOC-002046,LOC-002047,LOC-002048,LOC-002049","EVID-004712,EVID-004713,EVID-004714",true
CASE-000678,NET-000004,CRUELTY_BY_HUSBAND_OR_RELATIVES,PERSON-001610,"PERSON-002821,PERSON-001474,PERSON-000622","PERSON-001610,PERSON-002821,PERSON-001474,PERSON-000622","LOC-002050,LOC-002051,LOC-002052","EVID-004720,EVID-004721,EVID-004722",true
CASE-000679,NET-000001,THEFT,PERSON-001670,"PERSON-002750,PERSON-000146,PERSON-001589,PERSON-001210,PERSON-001830","PERSON-001670,PERSON-002750,PERSON-000146,PERSON-001589,PERSON-001210,PERSON-001830","LOC-002053,LOC-002054,LOC-002055,LOC-002056","EVID-004727,EVID-004728,EVID-004729",true
CASE-000680,NET-000024,HUMAN_TRAFFICKING,PERSON-000449,"PERSON-000341,PERSON-002454","PERSON-000449,PERSON-000341,PERSON-002454","LOC-002057,LOC-002058,LOC-002059,LOC-002060","EVID-004736,EVID-004737,EVID-004738",true
CASE-000681,NET-000028,HUMAN_TRAFFICKING,PERSON-001124,"PERSON-002675,PERSON-001810,PERSON-000139,PERSON-002915,PERSON-002279","PERSON-001124,PERSON-002675,PERSON-001810,PERSON-000139,PERSON-002915,PERSON-002279","LOC-002061,LOC-002062","EVID-004744,EVID-004745,EVID-004746",true
CASE-000682,NET-000004,BURGLARY,PERSON-001610,"PERSON-001474,PERSON-000540,PERSON-002900,PERSON-000259","PERSON-001610,PERSON-001474,PERSON-000540,PERSON-002900,PERSON-000259","LOC-002063,LOC-002064","EVID-004751,EVID-004752,EVID-004753",true
CASE-000683,NET-000002,MURDER,PERSON-002574,"PERSON-000081,PERSON-000850,PERSON-002558","PERSON-002574,PERSON-000081,PERSON-000850,PERSON-002558","LOC-002065,LOC-002066,LOC-002067","EVID-004756,EVID-004757,EVID-004758",true
CASE-000684,NET-000006,FINANCIAL_FRAUD,PERSON-000042,"PERSON-000682,PERSON-002737,PERSON-001205","PERSON-000042,PERSON-000682,PERSON-002737,PERSON-001205","LOC-002068,LOC-002069,LOC-002070","EVID-004764,EVID-004765,EVID-004766",true
CASE-000685,NET-000017,BURGLARY,PERSON-000863,"PERSON-001992,PERSON-000120","PERSON-000863,PERSON-001992,PERSON-000120","LOC-002071,LOC-002072,LOC-002073","EVID-004769,EVID-004770,EVID-004771",true
CASE-000686,NET-000009,NARCOTICS_NDPS,PERSON-002986,"PERSON-002759,PERSON-001071,PERSON-002068,PERSON-000613,PERSON-000357","PERSON-002986,PERSON-002759,PERSON-001071,PERSON-002068,PERSON-000613,PERSON-000357","LOC-002074,LOC-002075,LOC-002076","EVID-004776,EVID-004777,EVID-004778",true
CASE-000687,NET-000022,FORGERY,PERSON-000419,PERSON-000111,"PERSON-000419,PERSON-000111","LOC-002077,LOC-002078,LOC-002079","EVID-004785,EVID-004786,EVID-004787",true
CASE-000688,NET-000002,CRUELTY_BY_HUSBAND_OR_RELATIVES,PERSON-000063,"PERSON-001861,PERSON-000081,PERSON-002757","PERSON-000063,PERSON-001861,PERSON-000081,PERSON-002757","LOC-002080,LOC-002081,LOC-002082","EVID-004790,EVID-004791,EVID-004792",true
CASE-000689,NET-000025,CYBERCRIME,PERSON-000653,"PERSON-002887,PERSON-001941,PERSON-000792,PERSON-002915","PERSON-000653,PERSON-002887,PERSON-001941,PERSON-000792,PERSON-002915","LOC-002083,LOC-002084,LOC-002085,LOC-002086","EVID-004798,EVID-004799,EVID-004800",true
CASE-000690,NET-000020,ASSAULT,PERSON-000697,"PERSON-000230,PERSON-002998,PERSON-001664,PERSON-000948,PERSON-000683","PERSON-000697,PERSON-000230,PERSON-002998,PERSON-001664,PERSON-000948,PERSON-000683","LOC-002087,LOC-002088,LOC-002089","EVID-004805,EVID-004806,EVID-004807",true
CASE-000691,NET-000004,THEFT,PERSON-000440,"PERSON-001262,PERSON-000774","PERSON-000440,PERSON-001262,PERSON-000774","LOC-002090,LOC-002091,LOC-002092","EVID-004814,EVID-004815,EVID-004816",true
CASE-000692,NET-000011,FINANCIAL_FRAUD,PERSON-000683,"PERSON-002764,PERSON-000676,PERSON-001686,PERSON-001659","PERSON-000683,PERSON-002764,PERSON-000676,PERSON-001686,PERSON-001659","LOC-002093,LOC-002094","EVID-004821,EVID-004822,EVID-004823",true
CASE-000693,NET-000004,EXTORTION,PERSON-000792,"PERSON-002900,PERSON-000440","PERSON-000792,PERSON-002900,PERSON-000440","LOC-002095,LOC-002096,LOC-002097,LOC-002098","EVID-004828,EVID-004829,EVID-004830",true
CASE-000694,NET-000018,MURDER,PERSON-002922,"PERSON-001847,PERSON-002675,PERSON-001542,PERSON-002106","PERSON-002922,PERSON-001847,PERSON-002675,PERSON-001542,PERSON-002106","LOC-002099,LOC-002100,LOC-002101","EVID-004836,EVID-004837,EVID-004838",true
CASE-000695,NET-000002,VEHICLE_THEFT,PERSON-000081,"PERSON-001259,PERSON-001861,PERSON-001589,PERSON-001774","PERSON-000081,PERSON-001259,PERSON-001861,PERSON-001589,PERSON-001774","LOC-002102,LOC-002103,LOC-002104,LOC-002105","EVID-004845,EVID-004846,EVID-004847",true
CASE-000696,NET-000026,CYBERCRIME,PERSON-000648,"PERSON-000568,PERSON-000259,PERSON-001318,PERSON-000943","PERSON-000648,PERSON-000568,PERSON-000259,PERSON-001318,PERSON-000943","LOC-002106,LOC-002107,LOC-002108","EVID-004853,EVID-004854,EVID-004855",true
CASE-000697,NET-000002,VEHICLE_THEFT,PERSON-001861,PERSON-002980,"PERSON-001861,PERSON-002980","LOC-002109,LOC-002110,LOC-002111","EVID-004860,EVID-004861,EVID-004862",true
CASE-000698,NET-000020,ATTEMPTED_MURDER,PERSON-000697,PERSON-001667,"PERSON-000697,PERSON-001667","LOC-002112,LOC-002113,LOC-002114,LOC-002115","EVID-004867,EVID-004868,EVID-004869",true
CASE-000699,NET-000017,EXTORTION,PERSON-000921,"PERSON-002873,PERSON-001540,PERSON-001543,PERSON-001898,PERSON-002017","PERSON-000921,PERSON-002873,PERSON-001540,PERSON-001543,PERSON-001898,PERSON-002017","LOC-002116,LOC-002117","EVID-004875,EVID-004876,EVID-004877",true
CASE-000700,NET-000018,CULPABLE_HOMICIDE,PERSON-000832,"PERSON-002922,PERSON-000611,PERSON-001367","PERSON-000832,PERSON-002922,PERSON-000611,PERSON-001367","LOC-002118,LOC-002119","EVID-004884,EVID-004885,EVID-004886",true
CASE-000701,NET-000014,KIDNAPPING_FOR_RANSOM,PERSON-000074,"PERSON-002499,PERSON-001234,PERSON-002558,PERSON-000622,PERSON-000106","PERSON-000074,PERSON-002499,PERSON-001234,PERSON-002558,PERSON-000622,PERSON-000106","LOC-002120,LOC-002121","EVID-004893,EVID-004894,EVID-004895",true
CASE-000702,NET-000015,DACOITY,PERSON-002684,PERSON-002937,"PERSON-002684,PERSON-002937","LOC-002122,LOC-002123,LOC-002124","EVID-004901,EVID-004902,EVID-004903",true
CASE-000703,NET-000014,KIDNAPPING,PERSON-001107,PERSON-002223,"PERSON-001107,PERSON-002223","LOC-002125,LOC-002126","EVID-004908,EVID-004909,EVID-004910",true
CASE-000704,NET-000022,FINANCIAL_FRAUD,PERSON-000103,PERSON-002684,"PERSON-000103,PERSON-002684","LOC-002127,LOC-002128","EVID-004913,EVID-004914,EVID-004915",true
CASE-000705,NET-000007,CRUELTY_BY_HUSBAND_OR_RELATIVES,PERSON-001847,"PERSON-001747,PERSON-000943,PERSON-000473","PERSON-001847,PERSON-001747,PERSON-000943,PERSON-000473","LOC-002129,LOC-002130,LOC-002131","EVID-004920,EVID-004921,EVID-004922",true
CASE-000706,NET-000017,RAPE,PERSON-001543,"PERSON-000120,PERSON-000765,PERSON-002999,PERSON-002873,PERSON-002764","PERSON-001543,PERSON-000120,PERSON-000765,PERSON-002999,PERSON-002873,PERSON-002764","LOC-002132,LOC-002133","EVID-004926,EVID-004927,EVID-004928",true
CASE-000707,NET-000023,NARCOTICS_NDPS,PERSON-001552,"PERSON-002159,PERSON-002847,PERSON-001131,PERSON-000622","PERSON-001552,PERSON-002159,PERSON-002847,PERSON-001131,PERSON-000622","LOC-002134,LOC-002135","EVID-004934,EVID-004935,EVID-004936",true
CASE-000708,NET-000014,KIDNAPPING,PERSON-000667,PERSON-002240,"PERSON-000667,PERSON-002240","LOC-002136,LOC-002137","EVID-004941,EVID-004942,EVID-004943",true
CASE-000709,NET-000017,EXTORTION,PERSON-001205,"PERSON-001543,PERSON-000863,PERSON-001992,PERSON-002020","PERSON-001205,PERSON-001543,PERSON-000863,PERSON-001992,PERSON-002020","LOC-002138,LOC-002139,LOC-002140","EVID-004950,EVID-004951,EVID-004952",true
CASE-000710,NET-000002,OTHER_SPECIAL_LOCAL_LAWS,PERSON-002574,"PERSON-000081,PERSON-002839","PERSON-002574,PERSON-000081,PERSON-002839","LOC-002141,LOC-002142,LOC-002143,LOC-002144","EVID-004956,EVID-004957,EVID-004958",true
CASE-000711,NET-000004,OTHER_SPECIAL_LOCAL_LAWS,PERSON-001474,PERSON-001757,"PERSON-001474,PERSON-001757","LOC-002145,LOC-002146,LOC-002147","EVID-004961,EVID-004962,EVID-004963",true
CASE-000712,NET-000001,CHILD_RELATED_CRIME,PERSON-002750,"PERSON-001210,PERSON-000146,PERSON-000351,PERSON-001589,PERSON-000647","PERSON-002750,PERSON-001210,PERSON-000146,PERSON-000351,PERSON-001589,PERSON-000647","LOC-002148,LOC-002149,LOC-002150","EVID-004968,EVID-004969,EVID-004970",true
CASE-000713,NET-000008,DACOITY,PERSON-001059,"PERSON-000233,PERSON-000886,PERSON-002068","PERSON-001059,PERSON-000233,PERSON-000886,PERSON-002068","LOC-002151,LOC-002152,LOC-002153,LOC-002154","EVID-004977,EVID-004978,EVID-004979",true
CASE-000714,NET-000008,ROBBERY,PERSON-002082,"PERSON-000233,PERSON-000886,PERSON-002122,PERSON-001059,PERSON-001478","PERSON-002082,PERSON-000233,PERSON-000886,PERSON-002122,PERSON-001059,PERSON-001478","LOC-002155,LOC-002156,LOC-002157,LOC-002158","EVID-004985,EVID-004986,EVID-004987",true
CASE-000715,NET-000005,CYBERCRIME,PERSON-002388,"PERSON-001589,PERSON-000922,PERSON-001508,PERSON-000233","PERSON-002388,PERSON-001589,PERSON-000922,PERSON-001508,PERSON-000233","LOC-002159,LOC-002160,LOC-002161,LOC-002162","EVID-004993,EVID-004994,EVID-004995",true
CASE-000716,NET-000001,BURGLARY,PERSON-001667,"PERSON-001041,PERSON-002750,PERSON-000146,PERSON-000576","PERSON-001667,PERSON-001041,PERSON-002750,PERSON-000146,PERSON-000576","LOC-002163,LOC-002164,LOC-002165","EVID-004998,EVID-004999,EVID-005000",true
CASE-000717,NET-000020,ATTEMPTED_MURDER,PERSON-002757,"PERSON-001664,PERSON-000948,PERSON-001315,PERSON-002998,PERSON-000230","PERSON-002757,PERSON-001664,PERSON-000948,PERSON-001315,PERSON-002998,PERSON-000230","LOC-002166,LOC-002167","EVID-005004,EVID-005005,EVID-005006",true
CASE-000718,NET-000015,ROBBERY,PERSON-000734,"PERSON-001944,PERSON-000455,PERSON-002256,PERSON-001769","PERSON-000734,PERSON-001944,PERSON-000455,PERSON-002256,PERSON-001769","LOC-002168,LOC-002169","EVID-005009,EVID-005010,EVID-005011",true
CASE-000719,NET-000015,DACOITY,PERSON-001769,"PERSON-000072,PERSON-001478,PERSON-001419","PERSON-001769,PERSON-000072,PERSON-001478,PERSON-001419","LOC-002170,LOC-002171,LOC-002172,LOC-002173","EVID-005016,EVID-005017,EVID-005018",true
CASE-000720,NET-000006,FINANCIAL_FRAUD,PERSON-001481,PERSON-001511,"PERSON-001481,PERSON-001511","LOC-002174,LOC-002175,LOC-002176,LOC-002177","EVID-005025,EVID-005026,EVID-005027",true
CASE-000721,NET-000008,DACOITY,PERSON-001059,"PERSON-000886,PERSON-000302","PERSON-001059,PERSON-000886,PERSON-000302","LOC-002178,LOC-002179","EVID-005034,EVID-005035,EVID-005036",true
CASE-000722,NET-000002,CRUELTY_BY_HUSBAND_OR_RELATIVES,PERSON-000081,"PERSON-002757,PERSON-001589,PERSON-000063,PERSON-002574","PERSON-000081,PERSON-002757,PERSON-001589,PERSON-000063,PERSON-002574","LOC-002180,LOC-002181","EVID-005042,EVID-005043,EVID-005044",true
CASE-000723,NET-000021,CYBERCRIME,PERSON-001705,PERSON-002408,"PERSON-001705,PERSON-002408","LOC-002182,LOC-002183","EVID-005050,EVID-005051,EVID-005052",true
CASE-000724,NET-000002,MURDER,PERSON-001861,"PERSON-001259,PERSON-002574,PERSON-000850,PERSON-002428","PERSON-001861,PERSON-001259,PERSON-002574,PERSON-000850,PERSON-002428","LOC-002184,LOC-002185","EVID-005059,EVID-005060,EVID-005061",true
CASE-000725,NET-000008,DACOITY,PERSON-001478,PERSON-000886,"PERSON-001478,PERSON-000886","LOC-002186,LOC-002187,LOC-002188","EVID-005067,EVID-005068,EVID-005069",true
CASE-000726,NET-000020,ATTEMPTED_MURDER,PERSON-000584,"PERSON-000576,PERSON-002835,PERSON-000238","PERSON-000584,PERSON-000576,PERSON-002835,PERSON-000238","LOC-002189,LOC-002190","EVID-005073,EVID-005074,EVID-005075",true
CASE-000727,NET-000019,KIDNAPPING,PERSON-000484,"PERSON-000479,PERSON-001127","PERSON-000484,PERSON-000479,PERSON-001127","LOC-002191,LOC-002192,LOC-002193,LOC-002194","EVID-005080,EVID-005081,EVID-005082",true
CASE-000728,NET-000014,KIDNAPPING,PERSON-002004,"PERSON-001131,PERSON-000580,PERSON-002215,PERSON-000074,PERSON-000717","PERSON-002004,PERSON-001131,PERSON-000580,PERSON-002215,PERSON-000074,PERSON-000717","LOC-002195,LOC-002196,LOC-002197","EVID-005088,EVID-005089,EVID-005090",true
CASE-000729,NET-000017,CHILD_RELATED_CRIME,PERSON-000538,"PERSON-000863,PERSON-002335","PERSON-000538,PERSON-000863,PERSON-002335","LOC-002198,LOC-002199,LOC-002200,LOC-002201","EVID-005096,EVID-005097,EVID-005098",true
CASE-000730,NET-000004,THEFT,PERSON-000440,PERSON-002900,"PERSON-000440,PERSON-002900","LOC-002202,LOC-002203,LOC-002204,LOC-002205","EVID-005104,EVID-005105,EVID-005106",true
CASE-000731,NET-000008,DACOITY,PERSON-000233,"PERSON-001880,PERSON-000144,PERSON-001589","PERSON-000233,PERSON-001880,PERSON-000144,PERSON-001589","LOC-002206,LOC-002207","EVID-005111,EVID-005112,EVID-005113",true
CASE-000732,NET-000014,KIDNAPPING,PERSON-001131,PERSON-000528,"PERSON-001131,PERSON-000528","LOC-002208,LOC-002209,LOC-002210","EVID-005120,EVID-005121,EVID-005122",true
CASE-000733,NET-000020,ASSAULT,PERSON-002757,"PERSON-000904,PERSON-001343,PERSON-000697,PERSON-002788","PERSON-002757,PERSON-000904,PERSON-001343,PERSON-000697,PERSON-002788","LOC-002211,LOC-002212,LOC-002213","EVID-005127,EVID-005128,EVID-005129",true
CASE-000734,NET-000007,CHILD_RELATED_CRIME,PERSON-000245,PERSON-002846,"PERSON-000245,PERSON-002846","LOC-002214,LOC-002215,LOC-002216","EVID-005134,EVID-005135,EVID-005136",true
CASE-000735,NET-000018,MURDER,PERSON-001480,"PERSON-001596,PERSON-001847,PERSON-000497,PERSON-002438,PERSON-001792","PERSON-001480,PERSON-001596,PERSON-001847,PERSON-000497,PERSON-002438,PERSON-001792","LOC-002217,LOC-002218,LOC-002219","EVID-005140,EVID-005141,EVID-005142",true
CASE-000736,NET-000014,KIDNAPPING_FOR_RANSOM,PERSON-000667,"PERSON-000405,PERSON-002558,PERSON-000397,PERSON-002900","PERSON-000667,PERSON-000405,PERSON-002558,PERSON-000397,PERSON-002900","LOC-002220,LOC-002221,LOC-002222","EVID-005146,EVID-005147,EVID-005148",true
CASE-000737,NET-000009,NARCOTICS_TRAFFICKING,PERSON-002986,"PERSON-002068,PERSON-000613,PERSON-001578,PERSON-000822","PERSON-002986,PERSON-002068,PERSON-000613,PERSON-001578,PERSON-000822","LOC-002223,LOC-002224,LOC-002225,LOC-002226","EVID-005153,EVID-005154,EVID-005155",true
CASE-000738,NET-000018,EXTORTION,PERSON-001363,PERSON-001255,"PERSON-001363,PERSON-001255","LOC-002227,LOC-002228,LOC-002229","EVID-005158,EVID-005159,EVID-005160",true
CASE-000739,NET-000020,CHILD_RELATED_CRIME,PERSON-002998,"PERSON-000697,PERSON-002675,PERSON-000948,PERSON-000063","PERSON-002998,PERSON-000697,PERSON-002675,PERSON-000948,PERSON-000063","LOC-002230,LOC-002231","EVID-005166,EVID-005167,EVID-005168",true
CASE-000740,NET-000002,OTHER_SPECIAL_LOCAL_LAWS,PERSON-002574,"PERSON-000081,PERSON-002757,PERSON-000063,PERSON-001259,PERSON-001861","PERSON-002574,PERSON-000081,PERSON-002757,PERSON-000063,PERSON-001259,PERSON-001861","LOC-002232,LOC-002233,LOC-002234","EVID-005175,EVID-005176,EVID-005177",true
CASE-000741,NET-000007,CULPABLE_HOMICIDE,PERSON-002393,"PERSON-001847,PERSON-002017","PERSON-002393,PERSON-001847,PERSON-002017","LOC-002235,LOC-002236","EVID-005183,EVID-005184,EVID-005185",true
CASE-000742,NET-000007,ATTEMPTED_RAPE,PERSON-001780,"PERSON-002846,PERSON-002304,PERSON-000488","PERSON-001780,PERSON-002846,PERSON-002304,PERSON-000488","LOC-002237,LOC-002238,LOC-002239","EVID-005190,EVID-005191,EVID-005192",true
CASE-000743,NET-000004,CULPABLE_HOMICIDE,PERSON-002618,"PERSON-000440,PERSON-002060,PERSON-000540,PERSON-001610,PERSON-000180","PERSON-002618,PERSON-000440,PERSON-002060,PERSON-000540,PERSON-001610,PERSON-000180","LOC-002240,LOC-002241,LOC-002242","EVID-005196,EVID-005197,EVID-005198",true
CASE-000744,NET-000011,FORGERY,PERSON-000676,"PERSON-002124,PERSON-001311,PERSON-000575,PERSON-001589","PERSON-000676,PERSON-002124,PERSON-001311,PERSON-000575,PERSON-001589","LOC-002243,LOC-002244,LOC-002245,LOC-002246","EVID-005202,EVID-005203,EVID-005204",true
CASE-000745,NET-000017,CHILD_RELATED_CRIME,PERSON-000488,"PERSON-000621,PERSON-001992,PERSON-001544,PERSON-002745","PERSON-000488,PERSON-000621,PERSON-001992,PERSON-001544,PERSON-002745","LOC-002247,LOC-002248,LOC-002249,LOC-002250","EVID-005209,EVID-005210,EVID-005211",true
CASE-000746,NET-000014,KIDNAPPING_FOR_RANSOM,PERSON-001890,"PERSON-002164,PERSON-002847","PERSON-001890,PERSON-002164,PERSON-002847","LOC-002251,LOC-002252,LOC-002253,LOC-002254","EVID-005218,EVID-005219,EVID-005220",true
CASE-000747,NET-000016,NARCOTICS_NDPS,PERSON-002197,"PERSON-002132,PERSON-001863,PERSON-001301","PERSON-002197,PERSON-002132,PERSON-001863,PERSON-001301","LOC-002255,LOC-002256","EVID-005226,EVID-005227,EVID-005228",true
CASE-000748,NET-000020,BURGLARY,PERSON-000106,"PERSON-001343,PERSON-000584,PERSON-000230,PERSON-000682","PERSON-000106,PERSON-001343,PERSON-000584,PERSON-000230,PERSON-000682","LOC-002257,LOC-002258","EVID-005234,EVID-005235,EVID-005236",true
CASE-000749,NET-000013,HUMAN_TRAFFICKING,PERSON-001007,"PERSON-002017,PERSON-000524,PERSON-000763","PERSON-001007,PERSON-002017,PERSON-000524,PERSON-000763","LOC-002259,LOC-002260,LOC-002261","EVID-005241,EVID-005242,EVID-005243",true
CASE-000750,NET-000004,CHILD_RELATED_CRIME,PERSON-002900,"PERSON-001474,PERSON-000440,PERSON-001384","PERSON-002900,PERSON-001474,PERSON-000440,PERSON-001384","LOC-002262,LOC-002263,LOC-002264,LOC-002265","EVID-005246,EVID-005247,EVID-005248",true
CASE-000751,NET-000020,ATTEMPTED_RAPE,PERSON-001343,"PERSON-000106,PERSON-000697,PERSON-002675,PERSON-000948,PERSON-002006","PERSON-001343,PERSON-000106,PERSON-000697,PERSON-002675,PERSON-000948,PERSON-002006","LOC-002266,LOC-002267,LOC-002268,LOC-002269","EVID-005255,EVID-005256,EVID-005257",true
CASE-000752,NET-000016,NARCOTICS_NDPS,PERSON-002418,"PERSON-002771,PERSON-000288,PERSON-002077,PERSON-000092","PERSON-002418,PERSON-002771,PERSON-000288,PERSON-002077,PERSON-000092","LOC-002270,LOC-002271,LOC-002272,LOC-002273","EVID-005263,EVID-005264,EVID-005265",true
CASE-000753,NET-000004,CULPABLE_HOMICIDE,PERSON-000792,"PERSON-002900,PERSON-001610,PERSON-000267","PERSON-000792,PERSON-002900,PERSON-001610,PERSON-000267","LOC-002274,LOC-002275,LOC-002276,LOC-002277","EVID-005268,EVID-005269,EVID-005270",true
CASE-000754,NET-000001,CHILD_RELATED_CRIME,PERSON-002750,"PERSON-001589,PERSON-000351,PERSON-001667,PERSON-001558,PERSON-000146","PERSON-002750,PERSON-001589,PERSON-000351,PERSON-001667,PERSON-001558,PERSON-000146","LOC-002278,LOC-002279,LOC-002280","EVID-005275,EVID-005276,EVID-005277",true
CASE-000755,NET-000026,CYBERCRIME,PERSON-000106,"PERSON-001706,PERSON-000895,PERSON-001536,PERSON-000647,PERSON-002846","PERSON-000106,PERSON-001706,PERSON-000895,PERSON-001536,PERSON-000647,PERSON-002846","LOC-002281,LOC-002282,LOC-002283","EVID-005283,EVID-005284,EVID-005285",true
CASE-000756,NET-000012,DACOITY,PERSON-000544,PERSON-000832,"PERSON-000544,PERSON-000832","LOC-002284,LOC-002285,LOC-002286","EVID-005288,EVID-005289,EVID-005290",true
CASE-000757,NET-000007,EXTORTION,PERSON-001847,"PERSON-001334,PERSON-002122","PERSON-001847,PERSON-001334,PERSON-002122","LOC-002287,LOC-002288,LOC-002289,LOC-002290","EVID-005296,EVID-005297,EVID-005298",true
CASE-000758,NET-000014,KIDNAPPING_FOR_RANSOM,PERSON-000622,"PERSON-001131,PERSON-002215,PERSON-001182,PERSON-000074,PERSON-000784","PERSON-000622,PERSON-001131,PERSON-002215,PERSON-001182,PERSON-000074,PERSON-000784","LOC-002291,LOC-002292,LOC-002293,LOC-002294","EVID-005304,EVID-005305,EVID-005306",true
CASE-000759,NET-000002,ASSAULT,PERSON-000850,"PERSON-000063,PERSON-001757","PERSON-000850,PERSON-000063,PERSON-001757","LOC-002295,LOC-002296","EVID-005309,EVID-005310,EVID-005311",true
CASE-000760,NET-000017,CULPABLE_HOMICIDE,PERSON-002873,"PERSON-001544,PERSON-001543,PERSON-001780","PERSON-002873,PERSON-001544,PERSON-001543,PERSON-001780","LOC-002297,LOC-002298,LOC-002299","EVID-005317,EVID-005318,EVID-005319",true
CASE-000761,NET-000007,ATTEMPTED_MURDER,PERSON-001780,PERSON-002368,"PERSON-001780,PERSON-002368","LOC-002300,LOC-002301,LOC-002302,LOC-002303","EVID-005326,EVID-005327,EVID-005328",true
CASE-000762,NET-000014,KIDNAPPING,PERSON-000074,PERSON-000130,"PERSON-000074,PERSON-000130","LOC-002304,LOC-002305,LOC-002306","EVID-005334,EVID-005335,EVID-005336",true
CASE-000763,NET-000004,EXTORTION,PERSON-001115,"PERSON-000267,PERSON-002275","PERSON-001115,PERSON-000267,PERSON-002275","LOC-002307,LOC-002308,LOC-002309","EVID-005340,EVID-005341,EVID-005342",true
CASE-000764,NET-000020,ASSAULT,PERSON-000697,"PERSON-001315,PERSON-001343,PERSON-001664","PERSON-000697,PERSON-001315,PERSON-001343,PERSON-001664","LOC-002310,LOC-002311","EVID-005347,EVID-005348,EVID-005349",true
CASE-000765,NET-000006,FORGERY,PERSON-002737,"PERSON-001481,PERSON-000032,PERSON-001805","PERSON-002737,PERSON-001481,PERSON-000032,PERSON-001805","LOC-002312,LOC-002313,LOC-002314,LOC-002315","EVID-005354,EVID-005355,EVID-005356",true
CASE-000766,NET-000018,ATTEMPTED_RAPE,PERSON-002896,"PERSON-000060,PERSON-002675,PERSON-001107","PERSON-002896,PERSON-000060,PERSON-002675,PERSON-001107","LOC-002316,LOC-002317,LOC-002318","EVID-005361,EVID-005362,EVID-005363",true
CASE-000767,NET-000004,THEFT,PERSON-001558,"PERSON-000440,PERSON-001367","PERSON-001558,PERSON-000440,PERSON-001367","LOC-002319,LOC-002320,LOC-002321","EVID-005366,EVID-005367,EVID-005368",true
CASE-000768,NET-000020,THEFT,PERSON-001343,"PERSON-001664,PERSON-002675,PERSON-000576,PERSON-002408","PERSON-001343,PERSON-001664,PERSON-002675,PERSON-000576,PERSON-002408","LOC-002322,LOC-002323,LOC-002324","EVID-005372,EVID-005373,EVID-005374",true
CASE-000769,NET-000001,VEHICLE_THEFT,PERSON-001041,"PERSON-001558,PERSON-001670,PERSON-000146,PERSON-002750,PERSON-001258","PERSON-001041,PERSON-001558,PERSON-001670,PERSON-000146,PERSON-002750,PERSON-001258","LOC-002325,LOC-002326,LOC-002327","EVID-005377,EVID-005378,EVID-005379",true
CASE-000770,NET-000004,THEFT,PERSON-002618,"PERSON-000540,PERSON-000267,PERSON-000792,PERSON-000440,PERSON-000180","PERSON-002618,PERSON-000540,PERSON-000267,PERSON-000792,PERSON-000440,PERSON-000180","LOC-002328,LOC-002329,LOC-002330","EVID-005386,EVID-005387,EVID-005388",true
CASE-000771,NET-000018,ATTEMPTED_RAPE,PERSON-000611,PERSON-000140,"PERSON-000611,PERSON-000140","LOC-002331,LOC-002332","EVID-005394,EVID-005395,EVID-005396",true
CASE-000772,NET-000018,ASSAULT,PERSON-000635,"PERSON-002713,PERSON-000886,PERSON-001480,PERSON-001131","PERSON-000635,PERSON-002713,PERSON-000886,PERSON-001480,PERSON-001131","LOC-002333,LOC-002334","EVID-005403,EVID-005404,EVID-005405",true
CASE-000773,NET-000024,HUMAN_TRAFFICKING,PERSON-001648,"PERSON-000449,PERSON-000540","PERSON-001648,PERSON-000449,PERSON-000540","LOC-002335,LOC-002336,LOC-002337,LOC-002338","EVID-005408,EVID-005409,EVID-005410",true
CASE-000774,NET-000017,RAPE,PERSON-000488,"PERSON-002279,PERSON-000863,PERSON-001898,PERSON-002999,PERSON-000863","PERSON-000488,PERSON-002279,PERSON-000863,PERSON-001898,PERSON-002999,PERSON-000863","LOC-002339,LOC-002340","EVID-005417,EVID-005418,EVID-005419",true
CASE-000775,NET-000017,ATTEMPTED_MURDER,PERSON-002020,"PERSON-002873,PERSON-000083,PERSON-000357,PERSON-001992","PERSON-002020,PERSON-002873,PERSON-000083,PERSON-000357,PERSON-001992","LOC-002341,LOC-002342,LOC-002343","EVID-005423,EVID-005424,EVID-005425",true
CASE-000776,NET-000002,ATTEMPTED_RAPE,PERSON-000063,"PERSON-000081,PERSON-002757,PERSON-000863,PERSON-001589,PERSON-002034","PERSON-000063,PERSON-000081,PERSON-002757,PERSON-000863,PERSON-001589,PERSON-002034","LOC-002344,LOC-002345","EVID-005428,EVID-005429,EVID-005430",true
CASE-000777,NET-000017,EXTORTION,PERSON-001898,"PERSON-000765,PERSON-001107","PERSON-001898,PERSON-000765,PERSON-001107","LOC-002346,LOC-002347,LOC-002348,LOC-002349","EVID-005437,EVID-005438,EVID-005439",true
CASE-000778,NET-000012,DACOITY,PERSON-001873,"PERSON-000597,PERSON-002660,PERSON-002879,PERSON-000769,PERSON-001861","PERSON-001873,PERSON-000597,PERSON-002660,PERSON-002879,PERSON-000769,PERSON-001861","LOC-002350,LOC-002351,LOC-002352","EVID-005446,EVID-005447,EVID-005448",true
CASE-000779,NET-000006,FORGERY,PERSON-000042,"PERSON-000032,PERSON-000473,PERSON-002068,PERSON-001589","PERSON-000042,PERSON-000032,PERSON-000473,PERSON-002068,PERSON-001589","LOC-002353,LOC-002354","EVID-005451,EVID-005452,EVID-005453",true
CASE-000780,NET-000007,RAPE,PERSON-001578,"PERSON-000374,PERSON-002393,PERSON-001747,PERSON-002304","PERSON-001578,PERSON-000374,PERSON-002393,PERSON-001747,PERSON-002304","LOC-002355,LOC-002356,LOC-002357","EVID-005458,EVID-005459,EVID-005460",true
CASE-000781,NET-000001,ASSAULT,PERSON-001667,"PERSON-001589,PERSON-001210,PERSON-002750,PERSON-001558,PERSON-002215","PERSON-001667,PERSON-001589,PERSON-001210,PERSON-002750,PERSON-001558,PERSON-002215","LOC-002358,LOC-002359,LOC-002360","EVID-005466,EVID-005467,EVID-005468",true
CASE-000782,NET-000002,RAPE,PERSON-001861,"PERSON-000081,PERSON-001589,PERSON-002574,PERSON-000850","PERSON-001861,PERSON-000081,PERSON-001589,PERSON-002574,PERSON-000850","LOC-002361,LOC-002362,LOC-002363,LOC-002364","EVID-005474,EVID-005475,EVID-005476",true
CASE-000783,NET-000017,VEHICLE_THEFT,PERSON-002873,"PERSON-000538,PERSON-002517,PERSON-001205,PERSON-002020,PERSON-002745","PERSON-002873,PERSON-000538,PERSON-002517,PERSON-001205,PERSON-002020,PERSON-002745","LOC-002365,LOC-002366,LOC-002367","EVID-005483,EVID-005484,EVID-005485",true
CASE-000784,NET-000020,ATTEMPTED_MURDER,PERSON-002998,"PERSON-001343,PERSON-000106,PERSON-002835,PERSON-000697","PERSON-002998,PERSON-001343,PERSON-000106,PERSON-002835,PERSON-000697","LOC-002368,LOC-002369,LOC-002370","EVID-005489,EVID-005490,EVID-005491",true
CASE-000785,NET-000018,ATTEMPTED_RAPE,PERSON-001480,PERSON-001758,"PERSON-001480,PERSON-001758","LOC-002371,LOC-002372,LOC-002373,LOC-002374","EVID-005497,EVID-005498,EVID-005499",true
CASE-000786,NET-000001,ASSAULT,PERSON-000351,"PERSON-001589,PERSON-002835","PERSON-000351,PERSON-001589,PERSON-002835","LOC-002375,LOC-002376,LOC-002377","EVID-005504,EVID-005505,EVID-005506",true
CASE-000787,NET-000002,ATTEMPTED_MURDER,PERSON-002757,PERSON-001521,"PERSON-002757,PERSON-001521","LOC-002378,LOC-002379,LOC-002380","EVID-005510,EVID-005511,EVID-005512",true
CASE-000788,NET-000004,CRUELTY_BY_HUSBAND_OR_RELATIVES,PERSON-001115,"PERSON-002618,PERSON-001059","PERSON-001115,PERSON-002618,PERSON-001059","LOC-002381,LOC-002382,LOC-002383","EVID-005517,EVID-005518,EVID-005519",true
CASE-000789,NET-000017,MURDER,PERSON-001544,PERSON-000032,"PERSON-001544,PERSON-000032","LOC-002384,LOC-002385,LOC-002386","EVID-005523,EVID-005524,EVID-005525",true
CASE-000790,NET-000018,ASSAULT,PERSON-002713,"PERSON-002438,PERSON-001363,PERSON-000222","PERSON-002713,PERSON-002438,PERSON-001363,PERSON-000222","LOC-002387,LOC-002388,LOC-002389,LOC-002390","EVID-005528,EVID-005529,EVID-005530",true
CASE-000791,NET-000008,DACOITY,PERSON-000144,"PERSON-001059,PERSON-002122,PERSON-000492,PERSON-000342,PERSON-000305","PERSON-000144,PERSON-001059,PERSON-002122,PERSON-000492,PERSON-000342,PERSON-000305","LOC-002391,LOC-002392,LOC-002393,LOC-002394","EVID-005536,EVID-005537,EVID-005538",true
CASE-000792,NET-000003,NARCOTICS_NDPS,PERSON-002205,"PERSON-002938,PERSON-000217,PERSON-000146,PERSON-000047,PERSON-000613","PERSON-002205,PERSON-002938,PERSON-000217,PERSON-000146,PERSON-000047,PERSON-000613","LOC-002395,LOC-002396,LOC-002397,LOC-002398","EVID-005544,EVID-005545,EVID-005546",true
CASE-000793,NET-000027,CYBERCRIME,PERSON-002689,"PERSON-000979,PERSON-001542","PERSON-002689,PERSON-000979,PERSON-001542","LOC-002399,LOC-002400,LOC-002401,LOC-002402","EVID-005552,EVID-005553,EVID-005554",true
CASE-000794,NET-000017,EXTORTION,PERSON-002873,"PERSON-000765,PERSON-002517,PERSON-000538","PERSON-002873,PERSON-000765,PERSON-002517,PERSON-000538","LOC-002403,LOC-002404","EVID-005561,EVID-005562,EVID-005563",true
CASE-000795,NET-000012,DACOITY,PERSON-000544,"PERSON-002872,PERSON-002039,PERSON-000817,PERSON-000979,PERSON-000906","PERSON-000544,PERSON-002872,PERSON-002039,PERSON-000817,PERSON-000979,PERSON-000906","LOC-002405,LOC-002406,LOC-002407,LOC-002408","EVID-005570,EVID-005571,EVID-005572",true
CASE-000796,NET-000022,FINANCIAL_FRAUD,PERSON-001774,"PERSON-000366,PERSON-002105,PERSON-002737,PERSON-000096","PERSON-001774,PERSON-000366,PERSON-002105,PERSON-002737,PERSON-000096","LOC-002409,LOC-002410","EVID-005576,EVID-005577,EVID-005578",true
CASE-000797,NET-000014,KIDNAPPING,PERSON-002499,PERSON-002164,"PERSON-002499,PERSON-002164","LOC-002411,LOC-002412","EVID-005581,EVID-005582,EVID-005583",true
CASE-000798,NET-000020,RAPE,PERSON-000948,PERSON-001807,"PERSON-000948,PERSON-001807","LOC-002413,LOC-002414,LOC-002415,LOC-002416","EVID-005588,EVID-005589,EVID-005590",true
CASE-000799,NET-000022,FORGERY,PERSON-000407,"PERSON-001381,PERSON-001774,PERSON-000111,PERSON-002068","PERSON-000407,PERSON-001381,PERSON-001774,PERSON-000111,PERSON-002068","LOC-002417,LOC-002418","EVID-005595,EVID-005596,EVID-005597",true
CASE-000800,NET-000004,BURGLARY,PERSON-001262,"PERSON-000180,PERSON-000207","PERSON-001262,PERSON-000180,PERSON-000207","LOC-002419,LOC-002420,LOC-002421","EVID-005602,EVID-005603,EVID-005604",true
CASE-000801,NET-000004,OTHER_SPECIAL_LOCAL_LAWS,PERSON-001610,"PERSON-002060,PERSON-000540,PERSON-000180,PERSON-000792,PERSON-002835","PERSON-001610,PERSON-002060,PERSON-000540,PERSON-000180,PERSON-000792,PERSON-002835","LOC-002422,LOC-002423,LOC-002424,LOC-002425","EVID-005608,EVID-005609,EVID-005610",true
CASE-000802,NET-000018,MURDER,PERSON-001596,"PERSON-002847,PERSON-000497,PERSON-001847,PERSON-000886,PERSON-002770","PERSON-001596,PERSON-002847,PERSON-000497,PERSON-001847,PERSON-000886,PERSON-002770","LOC-002426,LOC-002427,LOC-002428,LOC-002429","EVID-005614,EVID-005615,EVID-005616",true
CASE-000803,NET-000007,ATTEMPTED_MURDER,PERSON-000374,"PERSON-002846,PERSON-000943,PERSON-001780,PERSON-002304,PERSON-002393","PERSON-000374,PERSON-002846,PERSON-000943,PERSON-001780,PERSON-002304,PERSON-002393","LOC-002430,LOC-002431,LOC-002432,LOC-002433","EVID-005623,EVID-005624,EVID-005625",true
CASE-000804,NET-000018,CULPABLE_HOMICIDE,PERSON-000832,"PERSON-000886,PERSON-000497,PERSON-000635,PERSON-002713,PERSON-002438","PERSON-000832,PERSON-000886,PERSON-000497,PERSON-000635,PERSON-002713,PERSON-002438","LOC-002434,LOC-002435,LOC-002436","EVID-005630,EVID-005631,EVID-005632",true
CASE-000805,NET-000012,ROBBERY,PERSON-002335,"PERSON-002879,PERSON-000920,PERSON-000927,PERSON-000216","PERSON-002335,PERSON-002879,PERSON-000920,PERSON-000927,PERSON-000216","LOC-002437,LOC-002438","EVID-005638,EVID-005639,EVID-005640",true
CASE-000806,NET-000018,OTHER_SPECIAL_LOCAL_LAWS,PERSON-001480,"PERSON-000497,PERSON-002675,PERSON-001363,PERSON-002847,PERSON-000366","PERSON-001480,PERSON-000497,PERSON-002675,PERSON-001363,PERSON-002847,PERSON-000366","LOC-002439,LOC-002440,LOC-002441,LOC-002442","EVID-005646,EVID-005647,EVID-005648",true
CASE-000807,NET-000014,KIDNAPPING,PERSON-002164,"PERSON-001890,PERSON-002499,PERSON-002136,PERSON-000784,PERSON-002704","PERSON-002164,PERSON-001890,PERSON-002499,PERSON-002136,PERSON-000784,PERSON-002704","LOC-002443,LOC-002444","EVID-005651,EVID-005652,EVID-005653",true
CASE-000808,NET-000003,NARCOTICS_TRAFFICKING,PERSON-000556,"PERSON-002205,PERSON-002938","PERSON-000556,PERSON-002205,PERSON-002938","LOC-002445,LOC-002446,LOC-002447","EVID-005658,EVID-005659,EVID-005660",true
CASE-000809,NET-000006,FORGERY,PERSON-000042,"PERSON-002737,PERSON-000032,PERSON-001141","PERSON-000042,PERSON-002737,PERSON-000032,PERSON-001141","LOC-002448,LOC-002449,LOC-002450","EVID-005663,EVID-005664,EVID-005665",true
CASE-000810,NET-000004,CRUELTY_BY_HUSBAND_OR_RELATIVES,PERSON-001262,"PERSON-001757,PERSON-000540","PERSON-001262,PERSON-001757,PERSON-000540","LOC-002451,LOC-002452,LOC-002453","EVID-005671,EVID-005672,EVID-005673",true
CASE-000811,NET-000014,KIDNAPPING,PERSON-000622,"PERSON-002558,PERSON-000667,PERSON-000717,PERSON-002215,PERSON-001425","PERSON-000622,PERSON-002558,PERSON-000667,PERSON-000717,PERSON-002215,PERSON-001425","LOC-002454,LOC-002455","EVID-005676,EVID-005677,EVID-005678",true
CASE-000812,NET-000004,CRUELTY_BY_HUSBAND_OR_RELATIVES,PERSON-000540,"PERSON-001262,PERSON-001115,PERSON-001474","PERSON-000540,PERSON-001262,PERSON-001115,PERSON-001474","LOC-002456,LOC-002457","EVID-005681,EVID-005682,EVID-005683",true
CASE-000813,NET-000020,ASSAULT,PERSON-002715,PERSON-001805,"PERSON-002715,PERSON-001805","LOC-002458,LOC-002459,LOC-002460,LOC-002461","EVID-005686,EVID-005687,EVID-005688",true
CASE-000814,NET-000022,FINANCIAL_FRAUD,PERSON-002417,"PERSON-000207,PERSON-000407,PERSON-001758,PERSON-001687,PERSON-000862","PERSON-002417,PERSON-000207,PERSON-000407,PERSON-001758,PERSON-001687,PERSON-000862","LOC-002462,LOC-002463,LOC-002464","EVID-005692,EVID-005693,EVID-005694",true
CASE-000815,NET-000005,CYBERCRIME,PERSON-001589,"PERSON-001457,PERSON-000898,PERSON-002748,PERSON-000819,PERSON-001326","PERSON-001589,PERSON-001457,PERSON-000898,PERSON-002748,PERSON-000819,PERSON-001326","LOC-002465,LOC-002466","EVID-005698,EVID-005699,EVID-005700",true
CASE-000816,NET-000007,ASSAULT,PERSON-000943,"PERSON-001747,PERSON-002304,PERSON-001691,PERSON-002004","PERSON-000943,PERSON-001747,PERSON-002304,PERSON-001691,PERSON-002004","LOC-002467,LOC-002468,LOC-002469","EVID-005705,EVID-005706,EVID-005707",true
CASE-000817,NET-000018,ASSAULT,PERSON-000497,"PERSON-000635,PERSON-002896,PERSON-001542,PERSON-002438,PERSON-001363","PERSON-000497,PERSON-000635,PERSON-002896,PERSON-001542,PERSON-002438,PERSON-001363","LOC-002470,LOC-002471,LOC-002472,LOC-002473","EVID-005713,EVID-005714,EVID-005715",true
CASE-000818,NET-000002,ATTEMPTED_RAPE,PERSON-001259,"PERSON-001861,PERSON-002132","PERSON-001259,PERSON-001861,PERSON-002132","LOC-002474,LOC-002475,LOC-002476","EVID-005718,EVID-005719,EVID-005720",true
CASE-000819,NET-000012,ROBBERY,PERSON-000092,"PERSON-000647,PERSON-000506,PERSON-001337,PERSON-001873,PERSON-000106","PERSON-000092,PERSON-000647,PERSON-000506,PERSON-001337,PERSON-001873,PERSON-000106","LOC-002477,LOC-002478,LOC-002479","EVID-005724,EVID-005725,EVID-005726",true
CASE-000820,NET-000009,NARCOTICS_TRAFFICKING,PERSON-001425,"PERSON-000822,PERSON-001071,PERSON-001507","PERSON-001425,PERSON-000822,PERSON-001071,PERSON-001507","LOC-002480,LOC-002481","EVID-005731,EVID-005732,EVID-005733",true
CASE-000821,NET-000007,CHILD_RELATED_CRIME,PERSON-001847,PERSON-001667,"PERSON-001847,PERSON-001667","LOC-002482,LOC-002483,LOC-002484,LOC-002485","EVID-005739,EVID-005740,EVID-005741",true
CASE-000822,NET-000007,THEFT,PERSON-001029,"PERSON-002397,PERSON-002574","PERSON-001029,PERSON-002397,PERSON-002574","LOC-002486,LOC-002487,LOC-002488","EVID-005746,EVID-005747,EVID-005748",true
CASE-000823,NET-000017,CRUELTY_BY_HUSBAND_OR_RELATIVES,PERSON-002517,"PERSON-000488,PERSON-000921,PERSON-000357,PERSON-000120,PERSON-001992","PERSON-002517,PERSON-000488,PERSON-000921,PERSON-000357,PERSON-000120,PERSON-001992","LOC-002489,LOC-002490","EVID-005751,EVID-005752,EVID-005753",true
CASE-000824,NET-000015,DACOITY,PERSON-001478,"PERSON-002256,PERSON-000789","PERSON-001478,PERSON-002256,PERSON-000789","LOC-002491,LOC-002492","EVID-005759,EVID-005760,EVID-005761",true
CASE-000825,NET-000002,THEFT,PERSON-000850,"PERSON-000863,PERSON-001664","PERSON-000850,PERSON-000863,PERSON-001664","LOC-002493,LOC-002494","EVID-005764,EVID-005765,EVID-005766",true
CASE-000826,NET-000020,EXTORTION,PERSON-000576,"PERSON-001315,PERSON-002998,PERSON-001664,PERSON-001043","PERSON-000576,PERSON-001315,PERSON-002998,PERSON-001664,PERSON-001043","LOC-002495,LOC-002496,LOC-002497","EVID-005769,EVID-005770,EVID-005771",true
CASE-000827,NET-000002,MURDER,PERSON-000863,"PERSON-000063,PERSON-001861,PERSON-000081,PERSON-000302","PERSON-000863,PERSON-000063,PERSON-001861,PERSON-000081,PERSON-000302","LOC-002498,LOC-002499","EVID-005774,EVID-005775,EVID-005776",true
CASE-000828,NET-000006,FINANCIAL_FRAUD,PERSON-002068,"PERSON-000473,PERSON-000275,PERSON-001481,PERSON-000165,PERSON-000682","PERSON-002068,PERSON-000473,PERSON-000275,PERSON-001481,PERSON-000165,PERSON-000682","LOC-002500,LOC-002501,LOC-002502,LOC-002503","EVID-005779,EVID-005780,EVID-005781",true
CASE-000829,NET-000004,THEFT,PERSON-002060,"PERSON-001757,PERSON-000267,PERSON-000540,PERSON-000180,PERSON-002017","PERSON-002060,PERSON-001757,PERSON-000267,PERSON-000540,PERSON-000180,PERSON-002017","LOC-002504,LOC-002505","EVID-005784,EVID-005785,EVID-005786",true
CASE-000830,NET-000002,CRUELTY_BY_HUSBAND_OR_RELATIVES,PERSON-000063,"PERSON-000863,PERSON-001259","PERSON-000063,PERSON-000863,PERSON-001259","LOC-002506,LOC-002507,LOC-002508","EVID-005792,EVID-005793,EVID-005794",true
CASE-000831,NET-000004,RAPE,PERSON-000440,"PERSON-001558,PERSON-002618,PERSON-002900,PERSON-001115,PERSON-000180","PERSON-000440,PERSON-001558,PERSON-002618,PERSON-002900,PERSON-001115,PERSON-000180","LOC-002509,LOC-002510","EVID-005797,EVID-005798,EVID-005799",true
CASE-000832,NET-000014,KIDNAPPING_FOR_RANSOM,PERSON-002004,PERSON-000405,"PERSON-002004,PERSON-000405","LOC-002511,LOC-002512,LOC-002513","EVID-005803,EVID-005804,EVID-005805",true
CASE-000833,NET-000020,BURGLARY,PERSON-000230,"PERSON-002835,PERSON-000904,PERSON-001664,PERSON-002150","PERSON-000230,PERSON-002835,PERSON-000904,PERSON-001664,PERSON-002150","LOC-002514,LOC-002515","EVID-005809,EVID-005810,EVID-005811",true
CASE-000834,NET-000006,FORGERY,PERSON-002068,PERSON-000275,"PERSON-002068,PERSON-000275","LOC-002516,LOC-002517","EVID-005817,EVID-005818,EVID-005819",true
CASE-000835,NET-000024,HUMAN_TRAFFICKING,PERSON-000106,"PERSON-001648,PERSON-002454,PERSON-002900,PERSON-001803","PERSON-000106,PERSON-001648,PERSON-002454,PERSON-002900,PERSON-001803","LOC-002518,LOC-002519,LOC-002520,LOC-002521","EVID-005825,EVID-005826,EVID-005827",true
CASE-000836,NET-000002,ATTEMPTED_MURDER,PERSON-000863,"PERSON-000081,PERSON-001259,PERSON-000063,PERSON-002574,PERSON-001885","PERSON-000863,PERSON-000081,PERSON-001259,PERSON-000063,PERSON-002574,PERSON-001885","LOC-002522,LOC-002523,LOC-002524,LOC-002525","EVID-005831,EVID-005832,EVID-005833",true
CASE-000837,NET-000003,NARCOTICS_TRAFFICKING,PERSON-000047,"PERSON-002938,PERSON-002964,PERSON-002970","PERSON-000047,PERSON-002938,PERSON-002964,PERSON-002970","LOC-002526,LOC-002527","EVID-005838,EVID-005839,EVID-005840",true
CASE-000838,NET-000014,KIDNAPPING,PERSON-002004,"PERSON-002136,PERSON-000405,PERSON-000717,PERSON-001107,PERSON-000721","PERSON-002004,PERSON-002136,PERSON-000405,PERSON-000717,PERSON-001107,PERSON-000721","LOC-002528,LOC-002529,LOC-002530","EVID-005845,EVID-005846,EVID-005847",true
CASE-000839,NET-000022,FINANCIAL_FRAUD,PERSON-001381,"PERSON-002105,PERSON-002077","PERSON-001381,PERSON-002105,PERSON-002077","LOC-002531,LOC-002532,LOC-002533","EVID-005850,EVID-005851,EVID-005852",true
CASE-000840,NET-000002,ATTEMPTED_MURDER,PERSON-001861,"PERSON-000850,PERSON-001259,PERSON-000063,PERSON-001387","PERSON-001861,PERSON-000850,PERSON-001259,PERSON-000063,PERSON-001387","LOC-002534,LOC-002535","EVID-005859,EVID-005860,EVID-005861",true
CASE-000841,NET-000007,BURGLARY,PERSON-000260,"PERSON-000825,PERSON-000245","PERSON-000260,PERSON-000825,PERSON-000245","LOC-002536,LOC-002537,LOC-002538","EVID-005866,EVID-005867,EVID-005868",true
CASE-000842,NET-000020,ASSAULT,PERSON-001664,"PERSON-002998,PERSON-000230,PERSON-000584,PERSON-002675","PERSON-001664,PERSON-002998,PERSON-000230,PERSON-000584,PERSON-002675","LOC-002539,LOC-002540,LOC-002541","EVID-005872,EVID-005873,EVID-005874",true
CASE-000843,NET-000018,THEFT,PERSON-002896,PERSON-001172,"PERSON-002896,PERSON-001172","LOC-002542,LOC-002543,LOC-002544","EVID-005879,EVID-005880,EVID-005881",true
CASE-000844,NET-000022,FINANCIAL_FRAUD,PERSON-001758,"PERSON-000207,PERSON-002417","PERSON-001758,PERSON-000207,PERSON-002417","LOC-002545,LOC-002546","EVID-005884,EVID-005885,EVID-005886",true
CASE-000845,NET-000018,MURDER,PERSON-000060,PERSON-002094,"PERSON-000060,PERSON-002094","LOC-002547,LOC-002548","EVID-005890,EVID-005891,EVID-005892",true
CASE-000846,NET-000008,ROBBERY,PERSON-000302,PERSON-002481,"PERSON-000302,PERSON-002481","LOC-002549,LOC-002550,LOC-002551,LOC-002552","EVID-005896,EVID-005897,EVID-005898",true
CASE-000847,NET-000015,DACOITY,PERSON-002954,"PERSON-001385,PERSON-002788,PERSON-001419","PERSON-002954,PERSON-001385,PERSON-002788,PERSON-001419","LOC-002553,LOC-002554,LOC-002555","EVID-005903,EVID-005904,EVID-005905",true
CASE-000848,NET-000017,CULPABLE_HOMICIDE,PERSON-000538,"PERSON-001543,PERSON-001544,PERSON-002757","PERSON-000538,PERSON-001543,PERSON-001544,PERSON-002757","LOC-002556,LOC-002557,LOC-002558,LOC-002559","EVID-005908,EVID-005909,EVID-005910",true
CASE-000849,NET-000018,ATTEMPTED_MURDER,PERSON-001596,"PERSON-000832,PERSON-000635,PERSON-001542,PERSON-001873","PERSON-001596,PERSON-000832,PERSON-000635,PERSON-001542,PERSON-001873","LOC-002560,LOC-002561,LOC-002562,LOC-002563","EVID-005916,EVID-005917,EVID-005918",true
CASE-000850,NET-000009,NARCOTICS_TRAFFICKING,PERSON-001578,PERSON-001071,"PERSON-001578,PERSON-001071","LOC-002564,LOC-002565,LOC-002566,LOC-002567","EVID-005923,EVID-005924,EVID-005925",true
CASE-000851,NET-000010,HUMAN_TRAFFICKING,PERSON-001792,"PERSON-002948,PERSON-000135,PERSON-001885,PERSON-000438,PERSON-002826","PERSON-001792,PERSON-002948,PERSON-000135,PERSON-001885,PERSON-000438,PERSON-002826","LOC-002568,LOC-002569","EVID-005932,EVID-005933,EVID-005934",true
CASE-000852,NET-000016,NARCOTICS_NDPS,PERSON-000140,"PERSON-001886,PERSON-001369,PERSON-000121,PERSON-000943","PERSON-000140,PERSON-001886,PERSON-001369,PERSON-000121,PERSON-000943","LOC-002570,LOC-002571,LOC-002572,LOC-002573","EVID-005940,EVID-005941,EVID-005942",true
CASE-000853,NET-000014,KIDNAPPING,PERSON-000397,"PERSON-002136,PERSON-000784,PERSON-000622,PERSON-002770","PERSON-000397,PERSON-002136,PERSON-000784,PERSON-000622,PERSON-002770","LOC-002574,LOC-002575,LOC-002576,LOC-002577","EVID-005945,EVID-005946,EVID-005947",true
CASE-000854,NET-000011,FORGERY,PERSON-000479,"PERSON-001860,PERSON-000919","PERSON-000479,PERSON-001860,PERSON-000919","LOC-002578,LOC-002579","EVID-005954,EVID-005955,EVID-005956",true
CASE-000855,NET-000020,ATTEMPTED_RAPE,PERSON-001664,"PERSON-002998,PERSON-000948,PERSON-001508","PERSON-001664,PERSON-002998,PERSON-000948,PERSON-001508","LOC-002580,LOC-002581,LOC-002582","EVID-005961,EVID-005962,EVID-005963",true
CASE-000856,NET-000007,VEHICLE_THEFT,PERSON-001578,PERSON-002304,"PERSON-001578,PERSON-002304","LOC-002583,LOC-002584,LOC-002585,LOC-002586","EVID-005967,EVID-005968,EVID-005969",true
CASE-000857,NET-000001,CRUELTY_BY_HUSBAND_OR_RELATIVES,PERSON-001670,"PERSON-002750,PERSON-001041","PERSON-001670,PERSON-002750,PERSON-001041","LOC-002587,LOC-002588,LOC-002589","EVID-005974,EVID-005975,EVID-005976",true
CASE-000858,NET-000004,MURDER,PERSON-001474,"PERSON-002900,PERSON-000267,PERSON-002060,PERSON-000540,PERSON-002618","PERSON-001474,PERSON-002900,PERSON-000267,PERSON-002060,PERSON-000540,PERSON-002618","LOC-002590,LOC-002591,LOC-002592,LOC-002593","EVID-005981,EVID-005982,EVID-005983",true
CASE-000859,NET-000016,NARCOTICS_NDPS,PERSON-002740,"PERSON-000181,PERSON-002197,PERSON-000049,PERSON-002197","PERSON-002740,PERSON-000181,PERSON-002197,PERSON-000049,PERSON-002197","LOC-002594,LOC-002595","EVID-005988,EVID-005989,EVID-005990",true
CASE-000860,NET-000017,OTHER_SPECIAL_LOCAL_LAWS,PERSON-002020,"PERSON-000621,PERSON-000921,PERSON-000765,PERSON-001898,PERSON-000488","PERSON-002020,PERSON-000621,PERSON-000921,PERSON-000765,PERSON-001898,PERSON-000488","LOC-002596,LOC-002597,LOC-002598","EVID-005994,EVID-005995,EVID-005996",true
CASE-000861,NET-000018,ASSAULT,PERSON-000635,"PERSON-000497,PERSON-001542,PERSON-002922,PERSON-000886,PERSON-000906","PERSON-000635,PERSON-000497,PERSON-001542,PERSON-002922,PERSON-000886,PERSON-000906","LOC-002599,LOC-002600,LOC-002601","EVID-006003,EVID-006004,EVID-006005",true
CASE-000862,NET-000017,ATTEMPTED_MURDER,PERSON-000488,"PERSON-000863,PERSON-001578","PERSON-000488,PERSON-000863,PERSON-001578","LOC-002602,LOC-002603,LOC-002604","EVID-006011,EVID-006012,EVID-006013",true
CASE-000863,NET-000018,CHILD_RELATED_CRIME,PERSON-000060,"PERSON-000497,PERSON-000576","PERSON-000060,PERSON-000497,PERSON-000576","LOC-002605,LOC-002606,LOC-002607,LOC-002608","EVID-006016,EVID-006017,EVID-006018",true
CASE-000864,NET-000007,MURDER,PERSON-000374,"PERSON-002304,PERSON-000825,PERSON-001029,PERSON-000245,PERSON-002930","PERSON-000374,PERSON-002304,PERSON-000825,PERSON-001029,PERSON-000245,PERSON-002930","LOC-002609,LOC-002610,LOC-002611,LOC-002612","EVID-006023,EVID-006024,EVID-006025",true
CASE-000865,NET-000016,NARCOTICS_NDPS,PERSON-000181,"PERSON-000140,PERSON-000991,PERSON-000390","PERSON-000181,PERSON-000140,PERSON-000991,PERSON-000390","LOC-002613,LOC-002614,LOC-002615,LOC-002616","EVID-006031,EVID-006032,EVID-006033",true
CASE-000866,NET-000010,HUMAN_TRAFFICKING,PERSON-002442,PERSON-000792,"PERSON-002442,PERSON-000792","LOC-002617,LOC-002618,LOC-002619,LOC-002620","EVID-006036,EVID-006037,EVID-006038",true
CASE-000867,NET-000006,FINANCIAL_FRAUD,PERSON-000032,"PERSON-002737,PERSON-002896","PERSON-000032,PERSON-002737,PERSON-002896","LOC-002621,LOC-002622,LOC-002623,LOC-002624","EVID-006041,EVID-006042,EVID-006043",true
CASE-000868,NET-000015,ROBBERY,PERSON-000712,"PERSON-002788,PERSON-001206,PERSON-000001,PERSON-001385,PERSON-002684","PERSON-000712,PERSON-002788,PERSON-001206,PERSON-000001,PERSON-001385,PERSON-002684","LOC-002625,LOC-002626","EVID-006049,EVID-006050,EVID-006051",true
CASE-000869,NET-000017,RAPE,PERSON-000357,"PERSON-001992,PERSON-001965,PERSON-001810","PERSON-000357,PERSON-001992,PERSON-001965,PERSON-001810","LOC-002627,LOC-002628","EVID-006057,EVID-006058,EVID-006059",true
CASE-000870,NET-000018,BURGLARY,PERSON-000060,"PERSON-001542,PERSON-001480,PERSON-001846","PERSON-000060,PERSON-001542,PERSON-001480,PERSON-001846","LOC-002629,LOC-002630,LOC-002631,LOC-002632","EVID-006062,EVID-006063,EVID-006064",true
CASE-000871,NET-000006,FORGERY,PERSON-000032,"PERSON-000275,PERSON-000165,PERSON-002068,PERSON-002737,PERSON-000274","PERSON-000032,PERSON-000275,PERSON-000165,PERSON-002068,PERSON-002737,PERSON-000274","LOC-002633,LOC-002634,LOC-002635,LOC-002636","EVID-006071,EVID-006072,EVID-006073",true
CASE-000872,NET-000003,NARCOTICS_NDPS,PERSON-000556,"PERSON-002609,PERSON-000279,PERSON-001768,PERSON-002938","PERSON-000556,PERSON-002609,PERSON-000279,PERSON-001768,PERSON-002938","LOC-002637,LOC-002638","EVID-006078,EVID-006079,EVID-006080",true
CASE-000873,NET-000003,NARCOTICS_TRAFFICKING,PERSON-000556,"PERSON-002205,PERSON-000146,PERSON-000473,PERSON-001706","PERSON-000556,PERSON-002205,PERSON-000146,PERSON-000473,PERSON-001706","LOC-002639,LOC-002640","EVID-006085,EVID-006086,EVID-006087",true
CASE-000874,NET-000012,DACOITY,PERSON-000544,PERSON-000274,"PERSON-000544,PERSON-000274","LOC-002641,LOC-002642,LOC-002643","EVID-006093,EVID-006094,EVID-006095",true
CASE-000875,NET-000014,KIDNAPPING_FOR_RANSOM,PERSON-001182,"PERSON-001234,PERSON-000717,PERSON-001479","PERSON-001182,PERSON-001234,PERSON-000717,PERSON-001479","LOC-002644,LOC-002645,LOC-002646","EVID-006100,EVID-006101,EVID-006102",true
CASE-000876,NET-000011,FINANCIAL_FRAUD,PERSON-000676,"PERSON-000575,PERSON-000497,PERSON-001941","PERSON-000676,PERSON-000575,PERSON-000497,PERSON-001941","LOC-002647,LOC-002648,LOC-002649,LOC-002650","EVID-006106,EVID-006107,EVID-006108",true
CASE-000877,NET-000006,FINANCIAL_FRAUD,PERSON-002737,"PERSON-001481,PERSON-002068,PERSON-000165,PERSON-000272","PERSON-002737,PERSON-001481,PERSON-002068,PERSON-000165,PERSON-000272","LOC-002651,LOC-002652,LOC-002653,LOC-002654","EVID-006114,EVID-006115,EVID-006116",true
CASE-000878,NET-000002,MURDER,PERSON-001861,"PERSON-002574,PERSON-001589,PERSON-000063,PERSON-000081,PERSON-002757","PERSON-001861,PERSON-002574,PERSON-001589,PERSON-000063,PERSON-000081,PERSON-002757","LOC-002655,LOC-002656","EVID-006120,EVID-006121,EVID-006122",true
CASE-000879,NET-000012,ROBBERY,PERSON-000092,PERSON-002872,"PERSON-000092,PERSON-002872","LOC-002657,LOC-002658,LOC-002659,LOC-002660","EVID-006128,EVID-006129,EVID-006130",true
CASE-000880,NET-000028,HUMAN_TRAFFICKING,PERSON-002410,"PERSON-002915,PERSON-002020","PERSON-002410,PERSON-002915,PERSON-002020","LOC-002661,LOC-002662","EVID-006134,EVID-006135,EVID-006136",true
CASE-000881,NET-000017,CRUELTY_BY_HUSBAND_OR_RELATIVES,PERSON-000488,"PERSON-002020,PERSON-000765,PERSON-001992,PERSON-000621,PERSON-001007","PERSON-000488,PERSON-002020,PERSON-000765,PERSON-001992,PERSON-000621,PERSON-001007","LOC-002663,LOC-002664","EVID-006139,EVID-006140,EVID-006141",true
CASE-000882,NET-000007,RAPE,PERSON-000499,PERSON-001908,"PERSON-000499,PERSON-001908","LOC-002665,LOC-002666,LOC-002667,LOC-002668","EVID-006147,EVID-006148,EVID-006149",true
CASE-000883,NET-000004,ATTEMPTED_MURDER,PERSON-002900,"PERSON-001474,PERSON-002821","PERSON-002900,PERSON-001474,PERSON-002821","LOC-002669,LOC-002670,LOC-002671","EVID-006154,EVID-006155,EVID-006156",true
CASE-000884,NET-000004,BURGLARY,PERSON-002821,"PERSON-000267,PERSON-002739","PERSON-002821,PERSON-000267,PERSON-002739","LOC-002672,LOC-002673,LOC-002674","EVID-006159,EVID-006160,EVID-006161",true
CASE-000885,NET-000017,MURDER,PERSON-002517,"PERSON-001992,PERSON-000449","PERSON-002517,PERSON-001992,PERSON-000449","LOC-002675,LOC-002676","EVID-006168,EVID-006169,EVID-006170",true
CASE-000886,NET-000019,KIDNAPPING,PERSON-002106,"PERSON-001066,PERSON-000217","PERSON-002106,PERSON-001066,PERSON-000217","LOC-002677,LOC-002678,LOC-002679,LOC-002680","EVID-006177,EVID-006178,EVID-006179",true
CASE-000887,NET-000003,NARCOTICS_TRAFFICKING,PERSON-000556,"PERSON-000146,PERSON-002944","PERSON-000556,PERSON-000146,PERSON-002944","LOC-002681,LOC-002682,LOC-002683,LOC-002684","EVID-006186,EVID-006187,EVID-006188",true
CASE-000888,NET-000019,KIDNAPPING_FOR_RANSOM,PERSON-001492,"PERSON-002739,PERSON-000653","PERSON-001492,PERSON-002739,PERSON-000653","LOC-002685,LOC-002686","EVID-006195,EVID-006196,EVID-006197",true
CASE-000889,NET-000017,VEHICLE_THEFT,PERSON-001965,"PERSON-000921,PERSON-002999,PERSON-001992,PERSON-000121","PERSON-001965,PERSON-000921,PERSON-002999,PERSON-001992,PERSON-000121","LOC-002687,LOC-002688,LOC-002689,LOC-002690","EVID-006202,EVID-006203,EVID-006204",true
CASE-000890,NET-000018,EXTORTION,PERSON-002847,"PERSON-000635,PERSON-000789","PERSON-002847,PERSON-000635,PERSON-000789","LOC-002691,LOC-002692,LOC-002693","EVID-006208,EVID-006209,EVID-006210",true
CASE-000891,NET-000020,ASSAULT,PERSON-001343,PERSON-000919,"PERSON-001343,PERSON-000919","LOC-002694,LOC-002695,LOC-002696","EVID-006216,EVID-006217,EVID-006218",true
CASE-000892,NET-000017,ATTEMPTED_MURDER,PERSON-000083,"PERSON-002873,PERSON-002020,PERSON-001880","PERSON-000083,PERSON-002873,PERSON-002020,PERSON-001880","LOC-002697,LOC-002698,LOC-002699,LOC-002700","EVID-006225,EVID-006226,EVID-006227",true
CASE-000893,NET-000009,NARCOTICS_NDPS,PERSON-002068,"PERSON-002759,PERSON-001955","PERSON-002068,PERSON-002759,PERSON-001955","LOC-002701,LOC-002702,LOC-002703,LOC-002704","EVID-006234,EVID-006235,EVID-006236",true
CASE-000894,NET-000020,MURDER,PERSON-001343,"PERSON-000576,PERSON-001664,PERSON-000106,PERSON-000904,PERSON-002750","PERSON-001343,PERSON-000576,PERSON-001664,PERSON-000106,PERSON-000904,PERSON-002750","LOC-002705,LOC-002706,LOC-002707","EVID-006239,EVID-006240,EVID-006241",true
CASE-000895,NET-000017,ATTEMPTED_RAPE,PERSON-002020,"PERSON-000921,PERSON-002873,PERSON-001543,PERSON-002517,PERSON-002829","PERSON-002020,PERSON-000921,PERSON-002873,PERSON-001543,PERSON-002517,PERSON-002829","LOC-002708,LOC-002709,LOC-002710,LOC-002711","EVID-006247,EVID-006248,EVID-006249",true
CASE-000896,NET-000018,ATTEMPTED_RAPE,PERSON-000060,"PERSON-001363,PERSON-001480,PERSON-002675,PERSON-001847,PERSON-000635","PERSON-000060,PERSON-001363,PERSON-001480,PERSON-002675,PERSON-001847,PERSON-000635","LOC-002712,LOC-002713,LOC-002714","EVID-006256,EVID-006257,EVID-006258",true
CASE-000897,NET-000001,VEHICLE_THEFT,PERSON-000146,"PERSON-001041,PERSON-001664","PERSON-000146,PERSON-001041,PERSON-001664","LOC-002715,LOC-002716,LOC-002717","EVID-006263,EVID-006264,EVID-006265",true
CASE-000898,NET-000022,FINANCIAL_FRAUD,PERSON-002417,"PERSON-000207,PERSON-000710","PERSON-002417,PERSON-000207,PERSON-000710","LOC-002718,LOC-002719","EVID-006272,EVID-006273,EVID-006274",true
CASE-000899,NET-000007,THEFT,PERSON-000245,"PERSON-000943,PERSON-002150","PERSON-000245,PERSON-000943,PERSON-002150","LOC-002720,LOC-002721,LOC-002722","EVID-006278,EVID-006279,EVID-006280",true
CASE-000900,NET-000020,ATTEMPTED_RAPE,PERSON-001343,"PERSON-000584,PERSON-000904,PERSON-002715,PERSON-000576","PERSON-001343,PERSON-000584,PERSON-000904,PERSON-002715,PERSON-000576","LOC-002723,LOC-002724","EVID-006287,EVID-006288,EVID-006289",true
CASE-000901,NET-000007,OTHER_SPECIAL_LOCAL_LAWS,PERSON-001747,"PERSON-000260,PERSON-001691,PERSON-001334","PERSON-001747,PERSON-000260,PERSON-001691,PERSON-001334","LOC-002725,LOC-002726","EVID-006294,EVID-006295,EVID-006296",true
CASE-000902,NET-000007,CHILD_RELATED_CRIME,PERSON-002304,"PERSON-000825,PERSON-000260,PERSON-001847,PERSON-000207","PERSON-002304,PERSON-000825,PERSON-000260,PERSON-001847,PERSON-000207","LOC-002727,LOC-002728,LOC-002729","EVID-006302,EVID-006303,EVID-006304",true
CASE-000903,NET-000018,ASSAULT,PERSON-001363,"PERSON-002675,PERSON-001596,PERSON-002922,PERSON-001847,PERSON-001141","PERSON-001363,PERSON-002675,PERSON-001596,PERSON-002922,PERSON-001847,PERSON-001141","LOC-002730,LOC-002731,LOC-002732","EVID-006311,EVID-006312,EVID-006313",true
CASE-000904,NET-000018,ATTEMPTED_MURDER,PERSON-001363,"PERSON-001596,PERSON-002896,PERSON-001334","PERSON-001363,PERSON-001596,PERSON-002896,PERSON-001334","LOC-002733,LOC-002734,LOC-002735,LOC-002736","EVID-006316,EVID-006317,EVID-006318",true
CASE-000905,NET-000018,RAPE,PERSON-000635,"PERSON-001480,PERSON-000611,PERSON-002847,PERSON-000470","PERSON-000635,PERSON-001480,PERSON-000611,PERSON-002847,PERSON-000470","LOC-002737,LOC-002738,LOC-002739","EVID-006325,EVID-006326,EVID-006327",true
CASE-000906,NET-000002,ATTEMPTED_RAPE,PERSON-001861,"PERSON-000863,PERSON-000580","PERSON-001861,PERSON-000863,PERSON-000580","LOC-002740,LOC-002741","EVID-006330,EVID-006331,EVID-006332",true
CASE-000907,NET-000007,ATTEMPTED_RAPE,PERSON-002846,"PERSON-001747,PERSON-000305","PERSON-002846,PERSON-001747,PERSON-000305","LOC-002742,LOC-002743,LOC-002744,LOC-002745","EVID-006335,EVID-006336,EVID-006337",true
CASE-000908,NET-000002,RAPE,PERSON-000081,"PERSON-000863,PERSON-001589,PERSON-000850,PERSON-001259","PERSON-000081,PERSON-000863,PERSON-001589,PERSON-000850,PERSON-001259","LOC-002746,LOC-002747,LOC-002748","EVID-006344,EVID-006345,EVID-006346",true
CASE-000909,NET-000004,CULPABLE_HOMICIDE,PERSON-000792,"PERSON-000540,PERSON-002900,PERSON-002393","PERSON-000792,PERSON-000540,PERSON-002900,PERSON-002393","LOC-002749,LOC-002750","EVID-006350,EVID-006351,EVID-006352",true
CASE-000910,NET-000003,NARCOTICS_NDPS,PERSON-002223,"PERSON-001768,PERSON-000556","PERSON-002223,PERSON-001768,PERSON-000556","LOC-002751,LOC-002752,LOC-002753","EVID-006358,EVID-006359,EVID-006360",true
CASE-000911,NET-000002,BURGLARY,PERSON-002757,"PERSON-002574,PERSON-000850,PERSON-000863,PERSON-000063,PERSON-000898","PERSON-002757,PERSON-002574,PERSON-000850,PERSON-000863,PERSON-000063,PERSON-000898","LOC-002754,LOC-002755,LOC-002756","EVID-006364,EVID-006365,EVID-006366",true
CASE-000912,NET-000017,RAPE,PERSON-002517,"PERSON-000765,PERSON-001898,PERSON-002020","PERSON-002517,PERSON-000765,PERSON-001898,PERSON-002020","LOC-002757,LOC-002758","EVID-006372,EVID-006373,EVID-006374",true
CASE-000913,NET-000004,CRUELTY_BY_HUSBAND_OR_RELATIVES,PERSON-000440,"PERSON-000180,PERSON-001474,PERSON-001610,PERSON-001757","PERSON-000440,PERSON-000180,PERSON-001474,PERSON-001610,PERSON-001757","LOC-002759,LOC-002760,LOC-002761","EVID-006381,EVID-006382,EVID-006383",true
CASE-000914,NET-000002,OTHER_SPECIAL_LOCAL_LAWS,PERSON-001861,"PERSON-000863,PERSON-000063,PERSON-002757,PERSON-000081","PERSON-001861,PERSON-000863,PERSON-000063,PERSON-002757,PERSON-000081","LOC-002762,LOC-002763,LOC-002764","EVID-006387,EVID-006388,EVID-006389",true
CASE-000915,NET-000023,NARCOTICS_NDPS,PERSON-002847,"PERSON-001131,PERSON-001127,PERSON-001552","PERSON-002847,PERSON-001131,PERSON-001127,PERSON-001552","LOC-002765,LOC-002766,LOC-002767,LOC-002768","EVID-006394,EVID-006395,EVID-006396",true
CASE-000916,NET-000007,EXTORTION,PERSON-001029,"PERSON-002304,PERSON-000245,PERSON-001578,PERSON-002393,PERSON-001182","PERSON-001029,PERSON-002304,PERSON-000245,PERSON-001578,PERSON-002393,PERSON-001182","LOC-002769,LOC-002770","EVID-006403,EVID-006404,EVID-006405",true
CASE-000917,NET-000026,CYBERCRIME,PERSON-000648,PERSON-001071,"PERSON-000648,PERSON-001071","LOC-002771,LOC-002772","EVID-006412,EVID-006413,EVID-006414",true
CASE-000918,NET-000001,VEHICLE_THEFT,PERSON-002750,"PERSON-000351,PERSON-001670,PERSON-000092","PERSON-002750,PERSON-000351,PERSON-001670,PERSON-000092","LOC-002773,LOC-002774","EVID-006418,EVID-006419,EVID-006420",true
CASE-000919,NET-000022,FORGERY,PERSON-001687,"PERSON-001869,PERSON-002417,PERSON-000414,PERSON-000473","PERSON-001687,PERSON-001869,PERSON-002417,PERSON-000414,PERSON-000473","LOC-002775,LOC-002776","EVID-006424,EVID-006425,EVID-006426",true
CASE-000920,NET-000014,KIDNAPPING,PERSON-001182,"PERSON-002164,PERSON-000717,PERSON-000784,PERSON-001519","PERSON-001182,PERSON-002164,PERSON-000717,PERSON-000784,PERSON-001519","LOC-002777,LOC-002778,LOC-002779","EVID-006431,EVID-006432,EVID-006433",true
CASE-000921,NET-000017,MURDER,PERSON-002279,"PERSON-000621,PERSON-000063","PERSON-002279,PERSON-000621,PERSON-000063","LOC-002780,LOC-002781,LOC-002782","EVID-006438,EVID-006439,EVID-006440",true
CASE-000922,NET-000004,ATTEMPTED_MURDER,PERSON-001757,"PERSON-000267,PERSON-002821,PERSON-002689","PERSON-001757,PERSON-000267,PERSON-002821,PERSON-002689","LOC-002783,LOC-002784,LOC-002785","EVID-006444,EVID-006445,EVID-006446",true
CASE-000923,NET-000020,BURGLARY,PERSON-000230,"PERSON-001664,PERSON-000576,PERSON-002715,PERSON-001315,PERSON-002728","PERSON-000230,PERSON-001664,PERSON-000576,PERSON-002715,PERSON-001315,PERSON-002728","LOC-002786,LOC-002787,LOC-002788","EVID-006449,EVID-006450,EVID-006451",true
CASE-000924,NET-000012,ROBBERY,PERSON-000920,PERSON-001315,"PERSON-000920,PERSON-001315","LOC-002789,LOC-002790","EVID-006456,EVID-006457,EVID-006458",true
CASE-000925,NET-000015,ROBBERY,PERSON-002444,PERSON-002757,"PERSON-002444,PERSON-002757","LOC-002791,LOC-002792,LOC-002793","EVID-006464,EVID-006465,EVID-006466",true
CASE-000926,NET-000020,THEFT,PERSON-000948,"PERSON-000230,PERSON-001343,PERSON-000106,PERSON-001214","PERSON-000948,PERSON-000230,PERSON-001343,PERSON-000106,PERSON-001214","LOC-002794,LOC-002795,LOC-002796,LOC-002797","EVID-006472,EVID-006473,EVID-006474",true
CASE-000927,NET-000007,MURDER,PERSON-001334,PERSON-001214,"PERSON-001334,PERSON-001214","LOC-002798,LOC-002799,LOC-002800,LOC-002801","EVID-006480,EVID-006481,EVID-006482",true
CASE-000928,NET-000009,NARCOTICS_NDPS,PERSON-002986,"PERSON-001425,PERSON-001093","PERSON-002986,PERSON-001425,PERSON-001093","LOC-002802,LOC-002803,LOC-002804","EVID-006487,EVID-006488,EVID-006489",true
CASE-000929,NET-000008,DACOITY,PERSON-001880,"PERSON-001615,PERSON-002122,PERSON-001059,PERSON-000233,PERSON-000792","PERSON-001880,PERSON-001615,PERSON-002122,PERSON-001059,PERSON-000233,PERSON-000792","LOC-002805,LOC-002806","EVID-006492,EVID-006493,EVID-006494",true
CASE-000930,NET-000020,BURGLARY,PERSON-000948,"PERSON-002757,PERSON-002675,PERSON-001668","PERSON-000948,PERSON-002757,PERSON-002675,PERSON-001668","LOC-002807,LOC-002808","EVID-006497,EVID-006498,EVID-006499",true
CASE-000931,NET-000018,VEHICLE_THEFT,PERSON-001542,"PERSON-001363,PERSON-002922,PERSON-002105","PERSON-001542,PERSON-001363,PERSON-002922,PERSON-002105","LOC-002809,LOC-002810,LOC-002811,LOC-002812","EVID-006504,EVID-006505,EVID-006506",true
CASE-000932,NET-000007,CHILD_RELATED_CRIME,PERSON-002393,"PERSON-002304,PERSON-001691,PERSON-002846,PERSON-001747,PERSON-001584","PERSON-002393,PERSON-002304,PERSON-001691,PERSON-002846,PERSON-001747,PERSON-001584","LOC-002813,LOC-002814","EVID-006512,EVID-006513,EVID-006514",true
CASE-000933,NET-000012,DACOITY,PERSON-000860,"PERSON-001135,PERSON-000390,PERSON-000597,PERSON-001337","PERSON-000860,PERSON-001135,PERSON-000390,PERSON-000597,PERSON-001337","LOC-002815,LOC-002816,LOC-002817,LOC-002818","EVID-006521,EVID-006522,EVID-006523",true
CASE-000934,NET-000014,KIDNAPPING,PERSON-000717,"PERSON-001890,PERSON-002164,PERSON-002215,PERSON-002558,PERSON-001658","PERSON-000717,PERSON-001890,PERSON-002164,PERSON-002215,PERSON-002558,PERSON-001658","LOC-002819,LOC-002820,LOC-002821","EVID-006527,EVID-006528,EVID-006529",true
CASE-000935,NET-000012,DACOITY,PERSON-000927,PERSON-001589,"PERSON-000927,PERSON-001589","LOC-002822,LOC-002823,LOC-002824,LOC-002825","EVID-006533,EVID-006534,EVID-006535",true
CASE-000936,NET-000017,CHILD_RELATED_CRIME,PERSON-002020,"PERSON-001898,PERSON-000120,PERSON-000765","PERSON-002020,PERSON-001898,PERSON-000120,PERSON-000765","LOC-002826,LOC-002827,LOC-002828,LOC-002829","EVID-006542,EVID-006543,EVID-006544",true
CASE-000937,NET-000007,VEHICLE_THEFT,PERSON-000245,"PERSON-001747,PERSON-002304,PERSON-000260,PERSON-000825,PERSON-000374","PERSON-000245,PERSON-001747,PERSON-002304,PERSON-000260,PERSON-000825,PERSON-000374","LOC-002830,LOC-002831,LOC-002832","EVID-006549,EVID-006550,EVID-006551",true
CASE-000938,NET-000004,MURDER,PERSON-000440,"PERSON-000792,PERSON-001474,PERSON-000955","PERSON-000440,PERSON-000792,PERSON-001474,PERSON-000955","LOC-002833,LOC-002834","EVID-006555,EVID-006556,EVID-006557",true
CASE-000939,NET-000018,OTHER_SPECIAL_LOCAL_LAWS,PERSON-002438,"PERSON-002922,PERSON-002847,PERSON-001596,PERSON-001210","PERSON-002438,PERSON-002922,PERSON-002847,PERSON-001596,PERSON-001210","LOC-002835,LOC-002836","EVID-006561,EVID-006562,EVID-006563",true
CASE-000940,NET-000004,THEFT,PERSON-000267,PERSON-002574,"PERSON-000267,PERSON-002574","LOC-002837,LOC-002838","EVID-006567,EVID-006568,EVID-006569",true
CASE-000941,NET-000002,ATTEMPTED_MURDER,PERSON-001861,PERSON-001944,"PERSON-001861,PERSON-001944","LOC-002839,LOC-002840,LOC-002841","EVID-006575,EVID-006576,EVID-006577",true
CASE-000942,NET-000018,ATTEMPTED_RAPE,PERSON-002713,"PERSON-000497,PERSON-001327","PERSON-002713,PERSON-000497,PERSON-001327","LOC-002842,LOC-002843,LOC-002844","EVID-006582,EVID-006583,EVID-006584",true
CASE-000943,NET-000008,ROBBERY,PERSON-001059,"PERSON-000342,PERSON-001880,PERSON-002082,PERSON-001363","PERSON-001059,PERSON-000342,PERSON-001880,PERSON-002082,PERSON-001363","LOC-002845,LOC-002846,LOC-002847,LOC-002848","EVID-006588,EVID-006589,EVID-006590",true
CASE-000944,NET-000004,CULPABLE_HOMICIDE,PERSON-001115,"PERSON-001757,PERSON-000792,PERSON-000440,PERSON-001558,PERSON-000906","PERSON-001115,PERSON-001757,PERSON-000792,PERSON-000440,PERSON-001558,PERSON-000906","LOC-002849,LOC-002850","EVID-006593,EVID-006594,EVID-006595",true
CASE-000945,NET-000021,CYBERCRIME,PERSON-000232,"PERSON-000109,PERSON-001691,PERSON-002839,PERSON-000406","PERSON-000232,PERSON-000109,PERSON-001691,PERSON-002839,PERSON-000406","LOC-002851,LOC-002852,LOC-002853","EVID-006600,EVID-006601,EVID-006602",true
CASE-000946,NET-000002,THEFT,PERSON-001259,PERSON-002937,"PERSON-001259,PERSON-002937","LOC-002854,LOC-002855,LOC-002856,LOC-002857","EVID-006607,EVID-006608,EVID-006609",true
CASE-000947,NET-000004,CULPABLE_HOMICIDE,PERSON-002900,"PERSON-000180,PERSON-000792,PERSON-002371","PERSON-002900,PERSON-000180,PERSON-000792,PERSON-002371","LOC-002858,LOC-002859,LOC-002860,LOC-002861","EVID-006612,EVID-006613,EVID-006614",true
CASE-000948,NET-000002,RAPE,PERSON-000081,PERSON-001431,"PERSON-000081,PERSON-001431","LOC-002862,LOC-002863,LOC-002864,LOC-002865","EVID-006618,EVID-006619,EVID-006620",true
CASE-000949,NET-000017,CRUELTY_BY_HUSBAND_OR_RELATIVES,PERSON-001992,"PERSON-000765,PERSON-002873,PERSON-000357,PERSON-000083","PERSON-001992,PERSON-000765,PERSON-002873,PERSON-000357,PERSON-000083","LOC-002866,LOC-002867,LOC-002868,LOC-002869","EVID-006623,EVID-006624,EVID-006625",true
CASE-000950,NET-000023,NARCOTICS_NDPS,PERSON-001131,"PERSON-001110,PERSON-002159,PERSON-000223,PERSON-000955,PERSON-001172","PERSON-001131,PERSON-001110,PERSON-002159,PERSON-000223,PERSON-000955,PERSON-001172","LOC-002870,LOC-002871,LOC-002872,LOC-002873","EVID-006631,EVID-006632,EVID-006633",true
CASE-000951,NET-000006,FORGERY,PERSON-000275,"PERSON-000473,PERSON-002737,PERSON-002114","PERSON-000275,PERSON-000473,PERSON-002737,PERSON-002114","LOC-002874,LOC-002875,LOC-002876,LOC-002877","EVID-006639,EVID-006640,EVID-006641",true
CASE-000952,NET-000017,RAPE,PERSON-002279,"PERSON-001540,PERSON-000357,PERSON-001992,PERSON-001898","PERSON-002279,PERSON-001540,PERSON-000357,PERSON-001992,PERSON-001898","LOC-002878,LOC-002879,LOC-002880,LOC-002881","EVID-006644,EVID-006645,EVID-006646",true
CASE-000953,NET-000009,NARCOTICS_NDPS,PERSON-002759,"PERSON-002068,PERSON-000822,PERSON-000846","PERSON-002759,PERSON-002068,PERSON-000822,PERSON-000846","LOC-002882,LOC-002883","EVID-006651,EVID-006652,EVID-006653",true
CASE-000954,NET-000001,CULPABLE_HOMICIDE,PERSON-001589,"PERSON-001210,PERSON-001670,PERSON-002887","PERSON-001589,PERSON-001210,PERSON-001670,PERSON-002887","LOC-002884,LOC-002885","EVID-006660,EVID-006661,EVID-006662",true
CASE-000955,NET-000012,DACOITY,PERSON-000062,"PERSON-000597,PERSON-000920,PERSON-000927","PERSON-000062,PERSON-000597,PERSON-000920,PERSON-000927","LOC-002886,LOC-002887,LOC-002888,LOC-002889","EVID-006666,EVID-006667,EVID-006668",true
CASE-000956,NET-000026,CYBERCRIME,PERSON-001318,PERSON-000611,"PERSON-001318,PERSON-000611","LOC-002890,LOC-002891,LOC-002892,LOC-002893","EVID-006673,EVID-006674,EVID-006675",true
CASE-000957,NET-000007,ASSAULT,PERSON-001747,"PERSON-001578,PERSON-000245,PERSON-001029,PERSON-001885","PERSON-001747,PERSON-001578,PERSON-000245,PERSON-001029,PERSON-001885","LOC-002894,LOC-002895,LOC-002896","EVID-006679,EVID-006680,EVID-006681",true
CASE-000958,NET-000019,KIDNAPPING_FOR_RANSOM,PERSON-000295,"PERSON-001387,PERSON-000569,PERSON-002739,PERSON-000901","PERSON-000295,PERSON-001387,PERSON-000569,PERSON-002739,PERSON-000901","LOC-002897,LOC-002898,LOC-002899,LOC-002900","EVID-006684,EVID-006685,EVID-006686",true
CASE-000959,NET-000023,NARCOTICS_NDPS,PERSON-000223,"PERSON-000955,PERSON-002159,PERSON-001131,PERSON-000245","PERSON-000223,PERSON-000955,PERSON-002159,PERSON-001131,PERSON-000245","LOC-002901,LOC-002902,LOC-002903,LOC-002904","EVID-006690,EVID-006691,EVID-006692",true
CASE-000960,NET-000004,VEHICLE_THEFT,PERSON-000792,"PERSON-002060,PERSON-001757,PERSON-002821,PERSON-001474,PERSON-002639","PERSON-000792,PERSON-002060,PERSON-001757,PERSON-002821,PERSON-001474,PERSON-002639","LOC-002905,LOC-002906,LOC-002907,LOC-002908","EVID-006698,EVID-006699,EVID-006700",true
CASE-000961,NET-000025,CYBERCRIME,PERSON-002980,"PERSON-002770,PERSON-000092,PERSON-001384,PERSON-000808,PERSON-001615","PERSON-002980,PERSON-002770,PERSON-000092,PERSON-001384,PERSON-000808,PERSON-001615","LOC-002909,LOC-002910,LOC-002911","EVID-006706,EVID-006707,EVID-006708",true
CASE-000962,NET-000002,THEFT,PERSON-001259,"PERSON-002574,PERSON-000063,PERSON-002417","PERSON-001259,PERSON-002574,PERSON-000063,PERSON-002417","LOC-002912,LOC-002913,LOC-002914,LOC-002915","EVID-006711,EVID-006712,EVID-006713",true
CASE-000963,NET-000004,CRUELTY_BY_HUSBAND_OR_RELATIVES,PERSON-002060,"PERSON-002900,PERSON-001056","PERSON-002060,PERSON-002900,PERSON-001056","LOC-002916,LOC-002917,LOC-002918","EVID-006719,EVID-006720,EVID-006721",true
CASE-000964,NET-000017,CHILD_RELATED_CRIME,PERSON-001540,PERSON-000405,"PERSON-001540,PERSON-000405","LOC-002919,LOC-002920","EVID-006726,EVID-006727,EVID-006728",true
CASE-000965,NET-000017,CULPABLE_HOMICIDE,PERSON-000083,PERSON-001205,"PERSON-000083,PERSON-001205","LOC-002921,LOC-002922","EVID-006734,EVID-006735,EVID-006736",true
CASE-000966,NET-000019,KIDNAPPING,PERSON-001431,"PERSON-002197,PERSON-002646,PERSON-000060","PERSON-001431,PERSON-002197,PERSON-002646,PERSON-000060","LOC-002923,LOC-002924","EVID-006740,EVID-006741,EVID-006742",true
CASE-000967,NET-000003,NARCOTICS_NDPS,PERSON-000556,"PERSON-000279,PERSON-000703","PERSON-000556,PERSON-000279,PERSON-000703","LOC-002925,LOC-002926,LOC-002927","EVID-006747,EVID-006748,EVID-006749",true
CASE-000968,NET-000015,ROBBERY,PERSON-001944,"PERSON-002845,PERSON-001385,PERSON-000001,PERSON-002453","PERSON-001944,PERSON-002845,PERSON-001385,PERSON-000001,PERSON-002453","LOC-002928,LOC-002929,LOC-002930,LOC-002931","EVID-006754,EVID-006755,EVID-006756",true
CASE-000969,NET-000015,ROBBERY,PERSON-002684,"PERSON-000222,PERSON-001769,PERSON-000175,PERSON-002954","PERSON-002684,PERSON-000222,PERSON-001769,PERSON-000175,PERSON-002954","LOC-002932,LOC-002933,LOC-002934","EVID-006759,EVID-006760,EVID-006761",true
CASE-000970,NET-000004,BURGLARY,PERSON-000540,"PERSON-001474,PERSON-001757,PERSON-002821,PERSON-001584","PERSON-000540,PERSON-001474,PERSON-001757,PERSON-002821,PERSON-001584","LOC-002935,LOC-002936,LOC-002937,LOC-002938","EVID-006766,EVID-006767,EVID-006768",true
CASE-000971,NET-000001,ATTEMPTED_RAPE,PERSON-000146,"PERSON-001041,PERSON-001674","PERSON-000146,PERSON-001041,PERSON-001674","LOC-002939,LOC-002940,LOC-002941","EVID-006771,EVID-006772,EVID-006773",true
CASE-000972,NET-000017,EXTORTION,PERSON-000765,"PERSON-001544,PERSON-000120,PERSON-002517","PERSON-000765,PERSON-001544,PERSON-000120,PERSON-002517","LOC-002942,LOC-002943,LOC-002944","EVID-006780,EVID-006781,EVID-006782",true
CASE-000973,NET-000011,FORGERY,PERSON-001043,"PERSON-001968,PERSON-000584","PERSON-001043,PERSON-001968,PERSON-000584","LOC-002945,LOC-002946,LOC-002947,LOC-002948","EVID-006788,EVID-006789,EVID-006790",true
CASE-000974,NET-000004,CRUELTY_BY_HUSBAND_OR_RELATIVES,PERSON-002060,"PERSON-000440,PERSON-001115,PERSON-000180,PERSON-001262,PERSON-002990","PERSON-002060,PERSON-000440,PERSON-001115,PERSON-000180,PERSON-001262,PERSON-002990","LOC-002949,LOC-002950,LOC-002951,LOC-002952","EVID-006793,EVID-006794,EVID-006795",true
CASE-000975,NET-000024,HUMAN_TRAFFICKING,PERSON-000341,"PERSON-001899,PERSON-001617","PERSON-000341,PERSON-001899,PERSON-001617","LOC-002953,LOC-002954","EVID-006802,EVID-006803,EVID-006804",true
CASE-000976,NET-000027,CYBERCRIME,PERSON-000979,"PERSON-001397,PERSON-002275,PERSON-002499,PERSON-002900","PERSON-000979,PERSON-001397,PERSON-002275,PERSON-002499,PERSON-002900","LOC-002955,LOC-002956,LOC-002957","EVID-006809,EVID-006810,EVID-006811",true
CASE-000977,NET-000017,OTHER_SPECIAL_LOCAL_LAWS,PERSON-002873,"PERSON-002999,PERSON-000863,PERSON-000083,PERSON-000120","PERSON-002873,PERSON-002999,PERSON-000863,PERSON-000083,PERSON-000120","LOC-002958,LOC-002959,LOC-002960,LOC-002961","EVID-006818,EVID-006819,EVID-006820",true
CASE-000978,NET-000026,CYBERCRIME,PERSON-000259,"PERSON-000568,PERSON-001788,PERSON-000165","PERSON-000259,PERSON-000568,PERSON-001788,PERSON-000165","LOC-002962,LOC-002963,LOC-002964,LOC-002965","EVID-006826,EVID-006827,EVID-006828",true
CASE-000979,NET-000020,CULPABLE_HOMICIDE,PERSON-002675,PERSON-000676,"PERSON-002675,PERSON-000676","LOC-002966,LOC-002967,LOC-002968,LOC-002969","EVID-006831,EVID-006832,EVID-006833",true
CASE-000980,NET-000001,OTHER_SPECIAL_LOCAL_LAWS,PERSON-001589,"PERSON-001558,PERSON-000351","PERSON-001589,PERSON-001558,PERSON-000351","LOC-002970,LOC-002971,LOC-002972","EVID-006839,EVID-006840,EVID-006841",true
CASE-000981,NET-000019,KIDNAPPING,PERSON-000703,"PERSON-000846,PERSON-002106,PERSON-002965,PERSON-000717","PERSON-000703,PERSON-000846,PERSON-002106,PERSON-002965,PERSON-000717","LOC-002973,LOC-002974","EVID-006845,EVID-006846,EVID-006847",true
CASE-000982,NET-000006,FORGERY,PERSON-000682,"PERSON-000032,PERSON-002068,PERSON-000499","PERSON-000682,PERSON-000032,PERSON-002068,PERSON-000499","LOC-002975,LOC-002976,LOC-002977","EVID-006854,EVID-006855,EVID-006856",true
CASE-000983,NET-000002,VEHICLE_THEFT,PERSON-002574,PERSON-000042,"PERSON-002574,PERSON-000042","LOC-002978,LOC-002979,LOC-002980,LOC-002981","EVID-006863,EVID-006864,EVID-006865",true
CASE-000984,NET-000018,CRUELTY_BY_HUSBAND_OR_RELATIVES,PERSON-001847,"PERSON-000611,PERSON-000832,PERSON-000635,PERSON-000628","PERSON-001847,PERSON-000611,PERSON-000832,PERSON-000635,PERSON-000628","LOC-002982,LOC-002983","EVID-006871,EVID-006872,EVID-006873",true
CASE-000985,NET-000018,RAPE,PERSON-002713,"PERSON-000611,PERSON-002922,PERSON-002675,PERSON-001480,PERSON-000792","PERSON-002713,PERSON-000611,PERSON-002922,PERSON-002675,PERSON-001480,PERSON-000792","LOC-002984,LOC-002985,LOC-002986,LOC-002987","EVID-006880,EVID-006881,EVID-006882",true
CASE-000986,NET-000017,CRUELTY_BY_HUSBAND_OR_RELATIVES,PERSON-002745,"PERSON-000621,PERSON-001141","PERSON-002745,PERSON-000621,PERSON-001141","LOC-002988,LOC-002989,LOC-002990,LOC-002991","EVID-006885,EVID-006886,EVID-006887",true
CASE-000987,NET-000001,VEHICLE_THEFT,PERSON-001670,"PERSON-001558,PERSON-002750,PERSON-001589","PERSON-001670,PERSON-001558,PERSON-002750,PERSON-001589","LOC-002992,LOC-002993,LOC-002994","EVID-006891,EVID-006892,EVID-006893",true
CASE-000988,NET-000004,ATTEMPTED_RAPE,PERSON-001474,PERSON-001659,"PERSON-001474,PERSON-001659","LOC-002995,LOC-002996,LOC-002997","EVID-006900,EVID-006901,EVID-006902",true
CASE-000989,NET-000004,MURDER,PERSON-000267,"PERSON-002060,PERSON-001558,PERSON-001610,PERSON-001017","PERSON-000267,PERSON-002060,PERSON-001558,PERSON-001610,PERSON-001017","LOC-002998,LOC-002999,LOC-003000","EVID-006907,EVID-006908,EVID-006909",true
CASE-000990,NET-000001,CRUELTY_BY_HUSBAND_OR_RELATIVES,PERSON-001041,"PERSON-001670,PERSON-002750,PERSON-000146,PERSON-000455","PERSON-001041,PERSON-001670,PERSON-002750,PERSON-000146,PERSON-000455","LOC-003001,LOC-003002,LOC-003003","EVID-006915,EVID-006916,EVID-006917",true
CASE-000991,NET-000020,THEFT,PERSON-002998,PERSON-002450,"PERSON-002998,PERSON-002450","LOC-003004,LOC-003005,LOC-003006","EVID-006921,EVID-006922,EVID-006923",true
CASE-000992,NET-000020,CULPABLE_HOMICIDE,PERSON-000230,"PERSON-001343,PERSON-000904,PERSON-002675,PERSON-000576,PERSON-002757","PERSON-000230,PERSON-001343,PERSON-000904,PERSON-002675,PERSON-000576,PERSON-002757","LOC-003007,LOC-003008,LOC-003009","EVID-006930,EVID-006931,EVID-006932",true
CASE-000993,NET-000007,ASSAULT,PERSON-001334,PERSON-000825,"PERSON-001334,PERSON-000825","LOC-003010,LOC-003011","EVID-006938,EVID-006939,EVID-006940",true
CASE-000994,NET-000006,FINANCIAL_FRAUD,PERSON-002068,"PERSON-000473,PERSON-002737,PERSON-002068","PERSON-002068,PERSON-000473,PERSON-002737,PERSON-002068","LOC-003012,LOC-003013,LOC-003014","EVID-006946,EVID-006947,EVID-006948",true
CASE-000995,NET-000009,NARCOTICS_NDPS,PERSON-000613,"PERSON-001071,PERSON-002986,PERSON-001578,PERSON-002759,PERSON-001757","PERSON-000613,PERSON-001071,PERSON-002986,PERSON-001578,PERSON-002759,PERSON-001757","LOC-003015,LOC-003016","EVID-006954,EVID-006955,EVID-006956",true
CASE-000996,NET-000003,NARCOTICS_TRAFFICKING,PERSON-000217,"PERSON-000906,PERSON-000047,PERSON-000279,PERSON-002223,PERSON-001642","PERSON-000217,PERSON-000906,PERSON-000047,PERSON-000279,PERSON-002223,PERSON-001642","LOC-003017,LOC-003018","EVID-006961,EVID-006962,EVID-006963",true
CASE-000997,NET-000017,CRUELTY_BY_HUSBAND_OR_RELATIVES,PERSON-002279,"PERSON-000120,PERSON-002020","PERSON-002279,PERSON-000120,PERSON-002020","LOC-003019,LOC-003020,LOC-003021","EVID-006968,EVID-006969,EVID-006970",true
CASE-000998,NET-000020,CHILD_RELATED_CRIME,PERSON-002835,PERSON-000919,"PERSON-002835,PERSON-000919","LOC-003022,LOC-003023","EVID-006973,EVID-006974,EVID-006975",true
CASE-000999,NET-000017,EXTORTION,PERSON-001205,"PERSON-001898,PERSON-001540,PERSON-001492","PERSON-001205,PERSON-001898,PERSON-001540,PERSON-001492","LOC-003024,LOC-003025,LOC-003026","EVID-006981,EVID-006982,EVID-006983",true
CASE-001000,NET-000002,OTHER_SPECIAL_LOCAL_LAWS,PERSON-001259,"PERSON-001589,PERSON-000979","PERSON-001259,PERSON-001589,PERSON-000979","LOC-003027,LOC-003028","EVID-006987,EVID-006988,EVID-006989",true
