truth_id,source_entity,relationship,target_entity,is_true,synthetic_flag
TRUTH-000001,PERSON-001589,SUSPECT_IN,CASE-000001,true,true
TRUTH-000002,PERSON-000193,SUSPECT_IN,CASE-000001,true,true
TRUTH-000003,PERSON-001667,OBSERVED_IN,CASE-000001,true,true
TRUTH-000004,PERSON-001670,OBSERVED_IN,CASE-000001,true,true
TRUTH-000005,PERSON-002397,SUSPECT_IN,CASE-000002,true,true
TRUTH-000006,PERSON-002304,SUSPECT_IN,CASE-000002,true,true
TRUTH-000007,PERSON-001941,SUSPECT_IN,CASE-000002,true,true
TRUTH-000008,PERSON-001578,OBSERVED_IN,CASE-000002,true,true
TRUTH-000009,PERSON-000245,OBSERVED_IN,CASE-000002,true,true
TRUTH-000010,PERSON-001847,OBSERVED_IN,CASE-000002,true,true
TRUTH-000011,PERSON-000484,SUSPECT_IN,CASE-000003,true,true
TRUTH-000012,PERSON-001803,SUSPECT_IN,CASE-000003,true,true
TRUTH-000013,PERSON-001431,SUSPECT_IN,CASE-000003,true,true
TRUTH-000014,PERSON-000862,SUSPECT_IN,CASE-000003,true,true
TRUTH-000015,PERSON-000599,SUSPECT_IN,CASE-000003,true,true
TRUTH-000016,PERSON-002106,OBSERVED_IN,CASE-000003,true,true
TRUTH-000017,PERSON-000838,OBSERVED_IN,CASE-000003,true,true
TRUTH-000018,PERSON-001701,OBSERVED_IN,CASE-000003,true,true
TRUTH-000019,PERSON-001648,SUSPECT_IN,CASE-000004,true,true
TRUTH-000020,PERSON-000341,SUSPECT_IN,CASE-000004,true,true
TRUTH-000021,PERSON-002900,SUSPECT_IN,CASE-000004,true,true
TRUTH-000022,PERSON-000342,SUSPECT_IN,CASE-000004,true,true
TRUTH-000023,PERSON-002246,OBSERVED_IN,CASE-000004,true,true
TRUTH-000024,PERSON-001262,OBSERVED_IN,CASE-000004,true,true
TRUTH-000025,PERSON-002964,SUSPECT_IN,CASE-000005,true,true
TRUTH-000026,PERSON-002609,SUSPECT_IN,CASE-000005,true,true
TRUTH-000027,PERSON-000217,OBSERVED_IN,CASE-000005,true,true
TRUTH-000028,PERSON-000906,OBSERVED_IN,CASE-000005,true,true
TRUTH-000029,PERSON-001768,OBSERVED_IN,CASE-000005,true,true
TRUTH-000030,PERSON-002082,SUSPECT_IN,CASE-000006,true,true
TRUTH-000031,PERSON-002999,SUSPECT_IN,CASE-000006,true,true
TRUTH-000032,PERSON-000492,OBSERVED_IN,CASE-000006,true,true
TRUTH-000033,PERSON-001059,OBSERVED_IN,CASE-000006,true,true
TRUTH-000034,PERSON-000920,OBSERVED_IN,CASE-000006,true,true
TRUTH-000035,PERSON-000144,OBSERVED_IN,CASE-000006,true,true
TRUTH-000036,PERSON-001830,OBSERVED_IN,CASE-000006,true,true
TRUTH-000037,PERSON-001880,SUSPECT_IN,CASE-000007,true,true
TRUTH-000038,PERSON-002122,SUSPECT_IN,CASE-000007,true,true
TRUTH-000039,PERSON-000302,SUSPECT_IN,CASE-000007,true,true
TRUTH-000040,PERSON-001615,SUSPECT_IN,CASE-000007,true,true
TRUTH-000041,PERSON-001830,SUSPECT_IN,CASE-000007,true,true
TRUTH-000042,PERSON-000001,SUSPECT_IN,CASE-000007,true,true
TRUTH-000043,PERSON-000342,OBSERVED_IN,CASE-000007,true,true
TRUTH-000044,PERSON-000144,OBSERVED_IN,CASE-000007,true,true
TRUTH-000045,PERSON-001536,SUSPECT_IN,CASE-000008,true,true
TRUTH-000046,PERSON-000647,SUSPECT_IN,CASE-000008,true,true
TRUTH-000047,PERSON-000106,SUSPECT_IN,CASE-000008,true,true
TRUTH-000048,PERSON-001788,SUSPECT_IN,CASE-000008,true,true
TRUTH-000049,PERSON-000648,SUSPECT_IN,CASE-000008,true,true
TRUTH-000050,PERSON-001880,SUSPECT_IN,CASE-000008,true,true
TRUTH-000051,PERSON-000895,OBSERVED_IN,CASE-000008,true,true
TRUTH-000052,PERSON-000259,OBSERVED_IN,CASE-000008,true,true
TRUTH-000053,PERSON-000568,OBSERVED_IN,CASE-000008,true,true
TRUTH-000054,PERSON-000898,OBSERVED_IN,CASE-000008,true,true
TRUTH-000055,PERSON-001318,OBSERVED_IN,CASE-000008,true,true
TRUTH-000056,PERSON-000165,SUSPECT_IN,CASE-000009,true,true
TRUTH-000057,PERSON-001807,SUSPECT_IN,CASE-000009,true,true
TRUTH-000058,PERSON-000682,OBSERVED_IN,CASE-000009,true,true
TRUTH-000059,PERSON-002737,OBSERVED_IN,CASE-000009,true,true
TRUTH-000060,PERSON-000473,OBSERVED_IN,CASE-000009,true,true
TRUTH-000061,PERSON-000042,OBSERVED_IN,CASE-000009,true,true
TRUTH-000062,PERSON-000275,OBSERVED_IN,CASE-000009,true,true
TRUTH-000063,PERSON-001481,OBSERVED_IN,CASE-000009,true,true
TRUTH-000064,PERSON-002068,OBSERVED_IN,CASE-000009,true,true
TRUTH-000065,PERSON-000032,OBSERVED_IN,CASE-000009,true,true
TRUTH-000066,PERSON-001474,SUSPECT_IN,CASE-000010,true,true
TRUTH-000067,PERSON-000106,SUSPECT_IN,CASE-000010,true,true
TRUTH-000068,PERSON-002821,OBSERVED_IN,CASE-000010,true,true
TRUTH-000069,PERSON-001115,OBSERVED_IN,CASE-000010,true,true
TRUTH-000070,PERSON-001610,OBSERVED_IN,CASE-000010,true,true
TRUTH-000071,PERSON-000267,OBSERVED_IN,CASE-000010,true,true
TRUTH-000072,PERSON-000792,OBSERVED_IN,CASE-000010,true,true
TRUTH-000073,PERSON-002900,OBSERVED_IN,CASE-000010,true,true
TRUTH-000074,PERSON-002618,OBSERVED_IN,CASE-000010,true,true
TRUTH-000075,PERSON-001705,SUSPECT_IN,CASE-000011,true,true
TRUTH-000076,PERSON-002368,SUSPECT_IN,CASE-000011,true,true
TRUTH-000077,PERSON-000911,SUSPECT_IN,CASE-000011,true,true
TRUTH-000078,PERSON-002639,OBSERVED_IN,CASE-000011,true,true
TRUTH-000079,PERSON-002839,OBSERVED_IN,CASE-000011,true,true
TRUTH-000080,PERSON-000274,OBSERVED_IN,CASE-000011,true,true
TRUTH-000081,PERSON-001610,OBSERVED_IN,CASE-000011,true,true
TRUTH-000082,PERSON-000232,OBSERVED_IN,CASE-000011,true,true
TRUTH-000083,PERSON-001691,OBSERVED_IN,CASE-000011,true,true
TRUTH-000084,PERSON-000842,SUSPECT_IN,CASE-000012,true,true
TRUTH-000085,PERSON-001012,SUSPECT_IN,CASE-000012,true,true
TRUTH-000086,PERSON-001206,SUSPECT_IN,CASE-000012,true,true
TRUTH-000087,PERSON-000072,SUSPECT_IN,CASE-000012,true,true
TRUTH-000088,PERSON-000175,SUSPECT_IN,CASE-000012,true,true
TRUTH-000089,PERSON-001782,SUSPECT_IN,CASE-000012,true,true
TRUTH-000090,PERSON-002256,OBSERVED_IN,CASE-000012,true,true
TRUTH-000091,PERSON-002788,OBSERVED_IN,CASE-000012,true,true
TRUTH-000092,PERSON-000710,OBSERVED_IN,CASE-000012,true,true
TRUTH-000093,PERSON-002197,SUSPECT_IN,CASE-000013,true,true
TRUTH-000094,PERSON-002965,SUSPECT_IN,CASE-000013,true,true
TRUTH-000095,PERSON-001492,SUSPECT_IN,CASE-000013,true,true
TRUTH-000096,PERSON-002106,SUSPECT_IN,CASE-000013,true,true
TRUTH-000097,PERSON-001769,SUSPECT_IN,CASE-000013,true,true
TRUTH-000098,PERSON-001803,OBSERVED_IN,CASE-000013,true,true
TRUTH-000099,PERSON-000703,OBSERVED_IN,CASE-000013,true,true
TRUTH-000100,PERSON-001205,SUSPECT_IN,CASE-000014,true,true
TRUTH-000101,PERSON-001544,SUSPECT_IN,CASE-000014,true,true
TRUTH-000102,PERSON-001898,SUSPECT_IN,CASE-000014,true,true
TRUTH-000103,PERSON-000083,SUSPECT_IN,CASE-000014,true,true
TRUTH-000104,PERSON-000621,SUSPECT_IN,CASE-000014,true,true
TRUTH-000105,PERSON-001873,SUSPECT_IN,CASE-000014,true,true
TRUTH-000106,PERSON-002745,OBSERVED_IN,CASE-000014,true,true
TRUTH-000107,PERSON-001543,OBSERVED_IN,CASE-000014,true,true
TRUTH-000108,PERSON-001780,SUSPECT_IN,CASE-000015,true,true
TRUTH-000109,PERSON-001691,SUSPECT_IN,CASE-000015,true,true
TRUTH-000110,PERSON-002397,SUSPECT_IN,CASE-000015,true,true
TRUTH-000111,PERSON-002646,SUSPECT_IN,CASE-000015,true,true
TRUTH-000112,PERSON-000260,OBSERVED_IN,CASE-000015,true,true
TRUTH-000113,PERSON-000499,OBSERVED_IN,CASE-000015,true,true
TRUTH-000114,PERSON-001747,OBSERVED_IN,CASE-000015,true,true
TRUTH-000115,PERSON-002846,OBSERVED_IN,CASE-000015,true,true
TRUTH-000116,PERSON-000374,OBSERVED_IN,CASE-000015,true,true
TRUTH-000117,PERSON-002304,OBSERVED_IN,CASE-000015,true,true
TRUTH-000118,PERSON-001847,OBSERVED_IN,CASE-000015,true,true
TRUTH-000119,PERSON-002846,SUSPECT_IN,CASE-000016,true,true
TRUTH-000120,PERSON-000943,SUSPECT_IN,CASE-000016,true,true
TRUTH-000121,PERSON-001479,SUSPECT_IN,CASE-000016,true,true
TRUTH-000122,PERSON-000260,OBSERVED_IN,CASE-000016,true,true
TRUTH-000123,PERSON-000499,OBSERVED_IN,CASE-000016,true,true
TRUTH-000124,PERSON-001747,OBSERVED_IN,CASE-000016,true,true
TRUTH-000125,PERSON-000374,OBSERVED_IN,CASE-000016,true,true
TRUTH-000126,PERSON-001578,OBSERVED_IN,CASE-000016,true,true
TRUTH-000127,PERSON-002393,OBSERVED_IN,CASE-000016,true,true
TRUTH-000128,PERSON-001769,SUSPECT_IN,CASE-000017,true,true
TRUTH-000129,PERSON-002954,SUSPECT_IN,CASE-000017,true,true
TRUTH-000130,PERSON-000842,OBSERVED_IN,CASE-000017,true,true
TRUTH-000131,PERSON-000710,OBSERVED_IN,CASE-000017,true,true
TRUTH-000132,PERSON-002343,SUSPECT_IN,CASE-000018,true,true
TRUTH-000133,PERSON-001547,SUSPECT_IN,CASE-000018,true,true
TRUTH-000134,PERSON-000524,SUSPECT_IN,CASE-000018,true,true
TRUTH-000135,PERSON-001642,OBSERVED_IN,CASE-000018,true,true
TRUTH-000136,PERSON-000238,OBSERVED_IN,CASE-000018,true,true
TRUTH-000137,PERSON-001007,OBSERVED_IN,CASE-000018,true,true
TRUTH-000138,PERSON-001331,OBSERVED_IN,CASE-000018,true,true
TRUTH-000139,PERSON-000850,SUSPECT_IN,CASE-000019,true,true
TRUTH-000140,PERSON-000081,SUSPECT_IN,CASE-000019,true,true
TRUTH-000141,PERSON-000063,SUSPECT_IN,CASE-000019,true,true
TRUTH-000142,PERSON-001589,SUSPECT_IN,CASE-000019,true,true
TRUTH-000143,PERSON-000927,SUSPECT_IN,CASE-000019,true,true
TRUTH-000144,PERSON-000863,OBSERVED_IN,CASE-000019,true,true
TRUTH-000145,PERSON-001861,OBSERVED_IN,CASE-000019,true,true
TRUTH-000146,PERSON-002574,OBSERVED_IN,CASE-000019,true,true
TRUTH-000147,PERSON-001259,OBSERVED_IN,CASE-000019,true,true
TRUTH-000148,PERSON-000081,SUSPECT_IN,CASE-000020,true,true
TRUTH-000149,PERSON-000845,SUSPECT_IN,CASE-000020,true,true
TRUTH-000150,PERSON-000863,OBSERVED_IN,CASE-000020,true,true
TRUTH-000151,PERSON-000357,SUSPECT_IN,CASE-000021,true,true
TRUTH-000152,PERSON-002517,SUSPECT_IN,CASE-000021,true,true
TRUTH-000153,PERSON-000062,SUSPECT_IN,CASE-000021,true,true
TRUTH-000154,PERSON-002020,OBSERVED_IN,CASE-000021,true,true
TRUTH-000155,PERSON-000921,OBSERVED_IN,CASE-000021,true,true
TRUTH-000156,PERSON-000165,SUSPECT_IN,CASE-000022,true,true
TRUTH-000157,PERSON-002737,SUSPECT_IN,CASE-000022,true,true
TRUTH-000158,PERSON-002068,SUSPECT_IN,CASE-000022,true,true
TRUTH-000159,PERSON-000042,SUSPECT_IN,CASE-000022,true,true
TRUTH-000160,PERSON-000703,SUSPECT_IN,CASE-000022,true,true
TRUTH-000161,PERSON-000682,OBSERVED_IN,CASE-000022,true,true
TRUTH-000162,PERSON-000473,OBSERVED_IN,CASE-000022,true,true
TRUTH-000163,PERSON-001481,OBSERVED_IN,CASE-000022,true,true
TRUTH-000164,PERSON-000275,OBSERVED_IN,CASE-000022,true,true
TRUTH-000165,PERSON-000032,OBSERVED_IN,CASE-000022,true,true
TRUTH-000166,PERSON-001558,SUSPECT_IN,CASE-000023,true,true
TRUTH-000167,PERSON-001610,SUSPECT_IN,CASE-000023,true,true
TRUTH-000168,PERSON-001474,SUSPECT_IN,CASE-000023,true,true
TRUTH-000169,PERSON-001115,SUSPECT_IN,CASE-000023,true,true
TRUTH-000170,PERSON-002060,OBSERVED_IN,CASE-000023,true,true
TRUTH-000171,PERSON-000792,OBSERVED_IN,CASE-000023,true,true
TRUTH-000172,PERSON-002900,OBSERVED_IN,CASE-000023,true,true
TRUTH-000173,PERSON-002618,OBSERVED_IN,CASE-000023,true,true
TRUTH-000174,PERSON-001757,OBSERVED_IN,CASE-000023,true,true
TRUTH-000175,PERSON-001194,SUSPECT_IN,CASE-000024,true,true
TRUTH-000176,PERSON-002277,SUSPECT_IN,CASE-000024,true,true
TRUTH-000177,PERSON-001899,SUSPECT_IN,CASE-000024,true,true
TRUTH-000178,PERSON-002930,SUSPECT_IN,CASE-000024,true,true
TRUTH-000179,PERSON-000106,SUSPECT_IN,CASE-000024,true,true
TRUTH-000180,PERSON-000449,OBSERVED_IN,CASE-000024,true,true
TRUTH-000181,PERSON-001617,OBSERVED_IN,CASE-000024,true,true
TRUTH-000182,PERSON-000341,OBSERVED_IN,CASE-000024,true,true
TRUTH-000183,PERSON-000009,OBSERVED_IN,CASE-000024,true,true
TRUTH-000184,PERSON-002633,OBSERVED_IN,CASE-000024,true,true
TRUTH-000185,PERSON-002246,OBSERVED_IN,CASE-000024,true,true
TRUTH-000186,PERSON-000120,SUSPECT_IN,CASE-000025,true,true
TRUTH-000187,PERSON-000538,SUSPECT_IN,CASE-000025,true,true
TRUTH-000188,PERSON-002999,SUSPECT_IN,CASE-000025,true,true
TRUTH-000189,PERSON-000895,SUSPECT_IN,CASE-000025,true,true
TRUTH-000190,PERSON-000863,OBSERVED_IN,CASE-000025,true,true
TRUTH-000191,PERSON-000921,OBSERVED_IN,CASE-000025,true,true
TRUTH-000192,PERSON-001041,SUSPECT_IN,CASE-000026,true,true
TRUTH-000193,PERSON-001670,SUSPECT_IN,CASE-000026,true,true
TRUTH-000194,PERSON-001210,OBSERVED_IN,CASE-000026,true,true
TRUTH-000195,PERSON-001558,OBSERVED_IN,CASE-000026,true,true
TRUTH-000196,PERSON-000351,OBSERVED_IN,CASE-000026,true,true
TRUTH-000197,PERSON-002750,OBSERVED_IN,CASE-000026,true,true
TRUTH-000198,PERSON-001589,OBSERVED_IN,CASE-000026,true,true
TRUTH-000199,PERSON-002517,SUSPECT_IN,CASE-000027,true,true
TRUTH-000200,PERSON-001205,SUSPECT_IN,CASE-000027,true,true
TRUTH-000201,PERSON-002745,SUSPECT_IN,CASE-000027,true,true
TRUTH-000202,PERSON-002132,SUSPECT_IN,CASE-000027,true,true
TRUTH-000203,PERSON-000621,OBSERVED_IN,CASE-000027,true,true
TRUTH-000204,PERSON-002999,OBSERVED_IN,CASE-000027,true,true
TRUTH-000205,PERSON-001115,SUSPECT_IN,CASE-000028,true,true
TRUTH-000206,PERSON-001262,SUSPECT_IN,CASE-000028,true,true
TRUTH-000207,PERSON-002060,SUSPECT_IN,CASE-000028,true,true
TRUTH-000208,PERSON-001558,SUSPECT_IN,CASE-000028,true,true
TRUTH-000209,PERSON-000180,SUSPECT_IN,CASE-000028,true,true
TRUTH-000210,PERSON-002821,OBSERVED_IN,CASE-000028,true,true
TRUTH-000211,PERSON-001474,OBSERVED_IN,CASE-000028,true,true
TRUTH-000212,PERSON-001610,OBSERVED_IN,CASE-000028,true,true
TRUTH-000213,PERSON-000792,OBSERVED_IN,CASE-000028,true,true
TRUTH-000214,PERSON-002900,OBSERVED_IN,CASE-000028,true,true
TRUTH-000215,PERSON-002618,OBSERVED_IN,CASE-000028,true,true
TRUTH-000216,PERSON-001705,SUSPECT_IN,CASE-000029,true,true
TRUTH-000217,PERSON-002453,SUSPECT_IN,CASE-000029,true,true
TRUTH-000218,PERSON-002197,SUSPECT_IN,CASE-000029,true,true
TRUTH-000219,PERSON-000232,OBSERVED_IN,CASE-000029,true,true
TRUTH-000220,PERSON-000789,OBSERVED_IN,CASE-000029,true,true
TRUTH-000221,PERSON-001589,SUSPECT_IN,CASE-000030,true,true
TRUTH-000222,PERSON-000146,SUSPECT_IN,CASE-000030,true,true
TRUTH-000223,PERSON-000717,SUSPECT_IN,CASE-000030,true,true
TRUTH-000224,PERSON-001210,OBSERVED_IN,CASE-000030,true,true
TRUTH-000225,PERSON-001667,OBSERVED_IN,CASE-000030,true,true
TRUTH-000226,PERSON-000351,OBSERVED_IN,CASE-000030,true,true
TRUTH-000227,PERSON-002750,OBSERVED_IN,CASE-000030,true,true
TRUTH-000228,PERSON-001041,OBSERVED_IN,CASE-000030,true,true
TRUTH-000229,PERSON-001670,OBSERVED_IN,CASE-000030,true,true
TRUTH-000230,PERSON-000584,SUSPECT_IN,CASE-000031,true,true
TRUTH-000231,PERSON-000697,SUSPECT_IN,CASE-000031,true,true
TRUTH-000232,PERSON-000230,SUSPECT_IN,CASE-000031,true,true
TRUTH-000233,PERSON-000948,SUSPECT_IN,CASE-000031,true,true
TRUTH-000234,PERSON-002757,SUSPECT_IN,CASE-000031,true,true
TRUTH-000235,PERSON-002715,SUSPECT_IN,CASE-000031,true,true
TRUTH-000236,PERSON-002998,OBSERVED_IN,CASE-000031,true,true
TRUTH-000237,PERSON-001670,SUSPECT_IN,CASE-000032,true,true
TRUTH-000238,PERSON-001210,SUSPECT_IN,CASE-000032,true,true
TRUTH-000239,PERSON-001589,SUSPECT_IN,CASE-000032,true,true
TRUTH-000240,PERSON-001558,SUSPECT_IN,CASE-000032,true,true
TRUTH-000241,PERSON-001041,SUSPECT_IN,CASE-000032,true,true
TRUTH-000242,PERSON-001880,SUSPECT_IN,CASE-000032,true,true
TRUTH-000243,PERSON-001667,OBSERVED_IN,CASE-000032,true,true
TRUTH-000244,PERSON-000146,OBSERVED_IN,CASE-000032,true,true
TRUTH-000245,PERSON-001041,SUSPECT_IN,CASE-000033,true,true
TRUTH-000246,PERSON-000146,SUSPECT_IN,CASE-000033,true,true
TRUTH-000247,PERSON-000351,SUSPECT_IN,CASE-000033,true,true
TRUTH-000248,PERSON-001573,SUSPECT_IN,CASE-000033,true,true
TRUTH-000249,PERSON-001210,OBSERVED_IN,CASE-000033,true,true
TRUTH-000250,PERSON-002750,OBSERVED_IN,CASE-000033,true,true
TRUTH-000251,PERSON-001558,OBSERVED_IN,CASE-000033,true,true
TRUTH-000252,PERSON-000351,SUSPECT_IN,CASE-000034,true,true
TRUTH-000253,PERSON-001041,SUSPECT_IN,CASE-000034,true,true
TRUTH-000254,PERSON-001667,SUSPECT_IN,CASE-000034,true,true
TRUTH-000255,PERSON-002930,SUSPECT_IN,CASE-000034,true,true
TRUTH-000256,PERSON-001210,OBSERVED_IN,CASE-000034,true,true
TRUTH-000257,PERSON-002750,OBSERVED_IN,CASE-000034,true,true
TRUTH-000258,PERSON-001589,OBSERVED_IN,CASE-000034,true,true
TRUTH-000259,PERSON-002576,SUSPECT_IN,CASE-000035,true,true
TRUTH-000260,PERSON-000506,SUSPECT_IN,CASE-000035,true,true
TRUTH-000261,PERSON-000390,SUSPECT_IN,CASE-000035,true,true
TRUTH-000262,PERSON-000096,SUSPECT_IN,CASE-000035,true,true
TRUTH-000263,PERSON-000597,OBSERVED_IN,CASE-000035,true,true
TRUTH-000264,PERSON-000062,OBSERVED_IN,CASE-000035,true,true
TRUTH-000265,PERSON-000046,OBSERVED_IN,CASE-000035,true,true
TRUTH-000266,PERSON-000647,OBSERVED_IN,CASE-000035,true,true
TRUTH-000267,PERSON-000927,OBSERVED_IN,CASE-000035,true,true
TRUTH-000268,PERSON-001326,OBSERVED_IN,CASE-000035,true,true
TRUTH-000269,PERSON-001873,OBSERVED_IN,CASE-000035,true,true
TRUTH-000270,PERSON-002517,SUSPECT_IN,CASE-000036,true,true
TRUTH-000271,PERSON-000083,SUSPECT_IN,CASE-000036,true,true
TRUTH-000272,PERSON-001544,SUSPECT_IN,CASE-000036,true,true
TRUTH-000273,PERSON-000538,SUSPECT_IN,CASE-000036,true,true
TRUTH-000274,PERSON-002964,SUSPECT_IN,CASE-000036,true,true
TRUTH-000275,PERSON-002745,OBSERVED_IN,CASE-000036,true,true
TRUTH-000276,PERSON-002279,OBSERVED_IN,CASE-000036,true,true
TRUTH-000277,PERSON-001898,OBSERVED_IN,CASE-000036,true,true
TRUTH-000278,PERSON-002873,OBSERVED_IN,CASE-000036,true,true
TRUTH-000279,PERSON-000611,SUSPECT_IN,CASE-000037,true,true
TRUTH-000280,PERSON-000060,SUSPECT_IN,CASE-000037,true,true
TRUTH-000281,PERSON-000635,SUSPECT_IN,CASE-000037,true,true
TRUTH-000282,PERSON-002438,SUSPECT_IN,CASE-000037,true,true
TRUTH-000283,PERSON-001768,SUSPECT_IN,CASE-000037,true,true
TRUTH-000284,PERSON-002847,OBSERVED_IN,CASE-000037,true,true
TRUTH-000285,PERSON-001847,OBSERVED_IN,CASE-000037,true,true
TRUTH-000286,PERSON-001480,OBSERVED_IN,CASE-000037,true,true
TRUTH-000287,PERSON-002998,SUSPECT_IN,CASE-000038,true,true
TRUTH-000288,PERSON-000697,SUSPECT_IN,CASE-000038,true,true
TRUTH-000289,PERSON-001664,SUSPECT_IN,CASE-000038,true,true
TRUTH-000290,PERSON-001343,SUSPECT_IN,CASE-000038,true,true
TRUTH-000291,PERSON-000948,SUSPECT_IN,CASE-000038,true,true
TRUTH-000292,PERSON-002715,SUSPECT_IN,CASE-000038,true,true
TRUTH-000293,PERSON-001315,OBSERVED_IN,CASE-000038,true,true
TRUTH-000294,PERSON-000106,OBSERVED_IN,CASE-000038,true,true
TRUTH-000295,PERSON-000904,OBSERVED_IN,CASE-000038,true,true
TRUTH-000296,PERSON-000919,SUSPECT_IN,CASE-000039,true,true
TRUTH-000297,PERSON-000393,SUSPECT_IN,CASE-000039,true,true
TRUTH-000298,PERSON-002160,SUSPECT_IN,CASE-000039,true,true
TRUTH-000299,PERSON-000132,SUSPECT_IN,CASE-000039,true,true
TRUTH-000300,PERSON-002764,SUSPECT_IN,CASE-000039,true,true
TRUTH-000301,PERSON-001367,SUSPECT_IN,CASE-000039,true,true
TRUTH-000302,PERSON-002653,OBSERVED_IN,CASE-000039,true,true
TRUTH-000303,PERSON-001478,OBSERVED_IN,CASE-000039,true,true
TRUTH-000304,PERSON-002507,OBSERVED_IN,CASE-000039,true,true
TRUTH-000305,PERSON-000676,OBSERVED_IN,CASE-000039,true,true
TRUTH-000306,PERSON-002124,OBSERVED_IN,CASE-000039,true,true
TRUTH-000307,PERSON-000507,OBSERVED_IN,CASE-000039,true,true
TRUTH-000308,PERSON-001664,SUSPECT_IN,CASE-000040,true,true
TRUTH-000309,PERSON-000904,SUSPECT_IN,CASE-000040,true,true
TRUTH-000310,PERSON-000181,SUSPECT_IN,CASE-000040,true,true
TRUTH-000311,PERSON-002998,OBSERVED_IN,CASE-000040,true,true
TRUTH-000312,PERSON-000948,OBSERVED_IN,CASE-000040,true,true
TRUTH-000313,PERSON-001315,OBSERVED_IN,CASE-000040,true,true
TRUTH-000314,PERSON-002757,OBSERVED_IN,CASE-000040,true,true
TRUTH-000315,PERSON-000697,OBSERVED_IN,CASE-000040,true,true
TRUTH-000316,PERSON-002715,OBSERVED_IN,CASE-000040,true,true
TRUTH-000317,PERSON-002998,SUSPECT_IN,CASE-000041,true,true
TRUTH-000318,PERSON-001343,SUSPECT_IN,CASE-000041,true,true
TRUTH-000319,PERSON-002675,OBSERVED_IN,CASE-000041,true,true
TRUTH-000320,PERSON-002835,OBSERVED_IN,CASE-000041,true,true
TRUTH-000321,PERSON-002757,OBSERVED_IN,CASE-000041,true,true
TRUTH-000322,PERSON-000584,OBSERVED_IN,CASE-000041,true,true
TRUTH-000323,PERSON-000697,OBSERVED_IN,CASE-000041,true,true
TRUTH-000324,PERSON-002715,OBSERVED_IN,CASE-000041,true,true
TRUTH-000325,PERSON-002750,SUSPECT_IN,CASE-000042,true,true
TRUTH-000326,PERSON-001041,SUSPECT_IN,CASE-000042,true,true
TRUTH-000327,PERSON-001558,SUSPECT_IN,CASE-000042,true,true
TRUTH-000328,PERSON-000351,SUSPECT_IN,CASE-000042,true,true
TRUTH-000329,PERSON-002279,SUSPECT_IN,CASE-000042,true,true
TRUTH-000330,PERSON-000146,OBSERVED_IN,CASE-000042,true,true
TRUTH-000331,PERSON-001670,OBSERVED_IN,CASE-000042,true,true
TRUTH-000332,PERSON-001667,OBSERVED_IN,CASE-000042,true,true
TRUTH-000333,PERSON-000950,SUSPECT_IN,CASE-000043,true,true
TRUTH-000334,PERSON-002114,SUSPECT_IN,CASE-000043,true,true
TRUTH-000335,PERSON-000195,SUSPECT_IN,CASE-000043,true,true
TRUTH-000336,PERSON-000916,OBSERVED_IN,CASE-000043,true,true
TRUTH-000337,PERSON-000238,OBSERVED_IN,CASE-000043,true,true
TRUTH-000338,PERSON-001112,OBSERVED_IN,CASE-000043,true,true
TRUTH-000339,PERSON-002017,OBSERVED_IN,CASE-000043,true,true
TRUTH-000340,PERSON-001547,OBSERVED_IN,CASE-000043,true,true
TRUTH-000341,PERSON-001212,SUSPECT_IN,CASE-000044,true,true
TRUTH-000342,PERSON-000092,SUSPECT_IN,CASE-000044,true,true
TRUTH-000343,PERSON-001124,SUSPECT_IN,CASE-000044,true,true
TRUTH-000344,PERSON-000470,SUSPECT_IN,CASE-000044,true,true
TRUTH-000345,PERSON-001807,OBSERVED_IN,CASE-000044,true,true
TRUTH-000346,PERSON-002920,OBSERVED_IN,CASE-000044,true,true
TRUTH-000347,PERSON-000139,OBSERVED_IN,CASE-000044,true,true
TRUTH-000348,PERSON-001455,OBSERVED_IN,CASE-000044,true,true
TRUTH-000349,PERSON-000195,OBSERVED_IN,CASE-000044,true,true
TRUTH-000350,PERSON-001262,SUSPECT_IN,CASE-000045,true,true
TRUTH-000351,PERSON-002900,SUSPECT_IN,CASE-000045,true,true
TRUTH-000352,PERSON-002618,SUSPECT_IN,CASE-000045,true,true
TRUTH-000353,PERSON-001757,SUSPECT_IN,CASE-000045,true,true
TRUTH-000354,PERSON-001115,SUSPECT_IN,CASE-000045,true,true
TRUTH-000355,PERSON-000540,OBSERVED_IN,CASE-000045,true,true
TRUTH-000356,PERSON-001474,OBSERVED_IN,CASE-000045,true,true
TRUTH-000357,PERSON-001610,OBSERVED_IN,CASE-000045,true,true
TRUTH-000358,PERSON-000267,OBSERVED_IN,CASE-000045,true,true
TRUTH-000359,PERSON-000792,OBSERVED_IN,CASE-000045,true,true
TRUTH-000360,PERSON-002499,SUSPECT_IN,CASE-000046,true,true
TRUTH-000361,PERSON-001668,SUSPECT_IN,CASE-000046,true,true
TRUTH-000362,PERSON-001043,SUSPECT_IN,CASE-000046,true,true
TRUTH-000363,PERSON-002275,OBSERVED_IN,CASE-000046,true,true
TRUTH-000364,PERSON-002331,OBSERVED_IN,CASE-000046,true,true
TRUTH-000365,PERSON-000979,OBSERVED_IN,CASE-000046,true,true
TRUTH-000366,PERSON-001397,OBSERVED_IN,CASE-000046,true,true
TRUTH-000367,PERSON-002689,OBSERVED_IN,CASE-000046,true,true
TRUTH-000368,PERSON-001423,OBSERVED_IN,CASE-000046,true,true
TRUTH-000369,PERSON-000063,SUSPECT_IN,CASE-000047,true,true
TRUTH-000370,PERSON-000081,SUSPECT_IN,CASE-000047,true,true
TRUTH-000371,PERSON-002574,SUSPECT_IN,CASE-000047,true,true
TRUTH-000372,PERSON-000479,SUSPECT_IN,CASE-000047,true,true
TRUTH-000373,PERSON-001259,OBSERVED_IN,CASE-000047,true,true
TRUTH-000374,PERSON-000850,OBSERVED_IN,CASE-000047,true,true
TRUTH-000375,PERSON-001861,OBSERVED_IN,CASE-000047,true,true
TRUTH-000376,PERSON-000863,OBSERVED_IN,CASE-000047,true,true
TRUTH-000377,PERSON-002757,OBSERVED_IN,CASE-000047,true,true
TRUTH-000378,PERSON-000106,SUSPECT_IN,CASE-000048,true,true
TRUTH-000379,PERSON-001664,SUSPECT_IN,CASE-000048,true,true
TRUTH-000380,PERSON-000584,SUSPECT_IN,CASE-000048,true,true
TRUTH-000381,PERSON-001507,SUSPECT_IN,CASE-000048,true,true
TRUTH-000382,PERSON-002675,OBSERVED_IN,CASE-000048,true,true
TRUTH-000383,PERSON-002998,OBSERVED_IN,CASE-000048,true,true
TRUTH-000384,PERSON-001315,OBSERVED_IN,CASE-000048,true,true
TRUTH-000385,PERSON-000576,OBSERVED_IN,CASE-000048,true,true
TRUTH-000386,PERSON-000904,OBSERVED_IN,CASE-000048,true,true
TRUTH-000387,PERSON-000230,OBSERVED_IN,CASE-000048,true,true
TRUTH-000388,PERSON-001385,SUSPECT_IN,CASE-000049,true,true
TRUTH-000389,PERSON-000175,SUSPECT_IN,CASE-000049,true,true
TRUTH-000390,PERSON-000455,SUSPECT_IN,CASE-000049,true,true
TRUTH-000391,PERSON-000842,SUSPECT_IN,CASE-000049,true,true
TRUTH-000392,PERSON-002684,SUSPECT_IN,CASE-000049,true,true
TRUTH-000393,PERSON-000245,SUSPECT_IN,CASE-000049,true,true
TRUTH-000394,PERSON-002954,OBSERVED_IN,CASE-000049,true,true
TRUTH-000395,PERSON-000222,OBSERVED_IN,CASE-000049,true,true
TRUTH-000396,PERSON-001769,OBSERVED_IN,CASE-000049,true,true
TRUTH-000397,PERSON-000734,OBSERVED_IN,CASE-000049,true,true
TRUTH-000398,PERSON-000763,OBSERVED_IN,CASE-000049,true,true
TRUTH-000399,PERSON-002675,SUSPECT_IN,CASE-000050,true,true
TRUTH-000400,PERSON-001343,SUSPECT_IN,CASE-000050,true,true
TRUTH-000401,PERSON-002835,SUSPECT_IN,CASE-000050,true,true
TRUTH-000402,PERSON-001664,SUSPECT_IN,CASE-000050,true,true
TRUTH-000403,PERSON-001112,SUSPECT_IN,CASE-000050,true,true
TRUTH-000404,PERSON-000146,SUSPECT_IN,CASE-000051,true,true
TRUTH-000405,PERSON-000047,SUSPECT_IN,CASE-000051,true,true
TRUTH-000406,PERSON-002609,SUSPECT_IN,CASE-000051,true,true
TRUTH-000407,PERSON-000217,SUSPECT_IN,CASE-000051,true,true
TRUTH-000408,PERSON-002223,SUSPECT_IN,CASE-000051,true,true
TRUTH-000409,PERSON-000556,SUSPECT_IN,CASE-000051,true,true
TRUTH-000410,PERSON-002938,OBSERVED_IN,CASE-000051,true,true
TRUTH-000411,PERSON-000279,OBSERVED_IN,CASE-000051,true,true
TRUTH-000412,PERSON-002964,OBSERVED_IN,CASE-000051,true,true
TRUTH-000413,PERSON-001315,SUSPECT_IN,CASE-000052,true,true
TRUTH-000414,PERSON-002998,SUSPECT_IN,CASE-000052,true,true
TRUTH-000415,PERSON-001182,SUSPECT_IN,CASE-000052,true,true
TRUTH-000416,PERSON-000584,OBSERVED_IN,CASE-000052,true,true
TRUTH-000417,PERSON-000948,OBSERVED_IN,CASE-000052,true,true
TRUTH-000418,PERSON-001589,SUSPECT_IN,CASE-000053,true,true
TRUTH-000419,PERSON-001259,SUSPECT_IN,CASE-000053,true,true
TRUTH-000420,PERSON-000081,SUSPECT_IN,CASE-000053,true,true
TRUTH-000421,PERSON-000063,SUSPECT_IN,CASE-000053,true,true
TRUTH-000422,PERSON-001578,SUSPECT_IN,CASE-000053,true,true
TRUTH-000423,PERSON-000863,OBSERVED_IN,CASE-000053,true,true
TRUTH-000424,PERSON-002574,OBSERVED_IN,CASE-000053,true,true
TRUTH-000425,PERSON-000230,SUSPECT_IN,CASE-000054,true,true
TRUTH-000426,PERSON-001664,SUSPECT_IN,CASE-000054,true,true
TRUTH-000427,PERSON-002715,SUSPECT_IN,CASE-000054,true,true
TRUTH-000428,PERSON-000635,SUSPECT_IN,CASE-000054,true,true
TRUTH-000429,PERSON-000697,OBSERVED_IN,CASE-000054,true,true
TRUTH-000430,PERSON-001343,OBSERVED_IN,CASE-000054,true,true
TRUTH-000431,PERSON-000488,SUSPECT_IN,CASE-000055,true,true
TRUTH-000432,PERSON-002020,SUSPECT_IN,CASE-000055,true,true
TRUTH-000433,PERSON-001965,SUSPECT_IN,CASE-000055,true,true
TRUTH-000434,PERSON-001543,SUSPECT_IN,CASE-000055,true,true
TRUTH-000435,PERSON-002873,OBSERVED_IN,CASE-000055,true,true
TRUTH-000436,PERSON-000921,OBSERVED_IN,CASE-000055,true,true
TRUTH-000437,PERSON-001992,OBSERVED_IN,CASE-000055,true,true
TRUTH-000438,PERSON-000083,OBSERVED_IN,CASE-000055,true,true
TRUTH-000439,PERSON-000765,OBSERVED_IN,CASE-000055,true,true
TRUTH-000440,PERSON-000357,OBSERVED_IN,CASE-000055,true,true
TRUTH-000441,PERSON-000245,SUSPECT_IN,CASE-000056,true,true
TRUTH-000442,PERSON-000792,SUSPECT_IN,CASE-000056,true,true
TRUTH-000443,PERSON-001334,OBSERVED_IN,CASE-000056,true,true
TRUTH-000444,PERSON-000499,OBSERVED_IN,CASE-000056,true,true
TRUTH-000445,PERSON-000943,OBSERVED_IN,CASE-000056,true,true
TRUTH-000446,PERSON-000374,OBSERVED_IN,CASE-000056,true,true
TRUTH-000447,PERSON-002304,OBSERVED_IN,CASE-000056,true,true
TRUTH-000448,PERSON-001847,OBSERVED_IN,CASE-000056,true,true
TRUTH-000449,PERSON-000904,SUSPECT_IN,CASE-000057,true,true
TRUTH-000450,PERSON-001866,SUSPECT_IN,CASE-000057,true,true
TRUTH-000451,PERSON-002675,OBSERVED_IN,CASE-000057,true,true
TRUTH-000452,PERSON-000948,OBSERVED_IN,CASE-000057,true,true
TRUTH-000453,PERSON-000576,OBSERVED_IN,CASE-000057,true,true
TRUTH-000454,PERSON-000697,OBSERVED_IN,CASE-000057,true,true
TRUTH-000455,PERSON-002715,OBSERVED_IN,CASE-000057,true,true
TRUTH-000456,PERSON-001894,SUSPECT_IN,CASE-000058,true,true
TRUTH-000457,PERSON-002872,SUSPECT_IN,CASE-000058,true,true
TRUTH-000458,PERSON-000979,SUSPECT_IN,CASE-000058,true,true
TRUTH-000459,PERSON-000817,SUSPECT_IN,CASE-000058,true,true
TRUTH-000460,PERSON-001367,SUSPECT_IN,CASE-000058,true,true
TRUTH-000461,PERSON-000390,SUSPECT_IN,CASE-000058,true,true
TRUTH-000462,PERSON-000920,OBSERVED_IN,CASE-000058,true,true
TRUTH-000463,PERSON-000062,OBSERVED_IN,CASE-000058,true,true
TRUTH-000464,PERSON-001326,OBSERVED_IN,CASE-000058,true,true
TRUTH-000465,PERSON-001337,OBSERVED_IN,CASE-000058,true,true
TRUTH-000466,PERSON-002077,SUSPECT_IN,CASE-000059,true,true
TRUTH-000467,PERSON-002150,SUSPECT_IN,CASE-000059,true,true
TRUTH-000468,PERSON-000845,SUSPECT_IN,CASE-000059,true,true
TRUTH-000469,PERSON-000096,OBSERVED_IN,CASE-000059,true,true
TRUTH-000470,PERSON-001301,OBSERVED_IN,CASE-000059,true,true
TRUTH-000471,PERSON-002105,SUSPECT_IN,CASE-000060,true,true
TRUTH-000472,PERSON-002417,SUSPECT_IN,CASE-000060,true,true
TRUTH-000473,PERSON-000207,SUSPECT_IN,CASE-000060,true,true
TRUTH-000474,PERSON-002094,SUSPECT_IN,CASE-000060,true,true
TRUTH-000475,PERSON-000407,SUSPECT_IN,CASE-000060,true,true
TRUTH-000476,PERSON-000419,SUSPECT_IN,CASE-000060,true,true
TRUTH-000477,PERSON-001687,OBSERVED_IN,CASE-000060,true,true
TRUTH-000478,PERSON-001758,OBSERVED_IN,CASE-000060,true,true
TRUTH-000479,PERSON-001210,SUSPECT_IN,CASE-000061,true,true
TRUTH-000480,PERSON-001041,SUSPECT_IN,CASE-000061,true,true
TRUTH-000481,PERSON-002750,SUSPECT_IN,CASE-000061,true,true
TRUTH-000482,PERSON-001558,SUSPECT_IN,CASE-000061,true,true
TRUTH-000483,PERSON-001578,SUSPECT_IN,CASE-000061,true,true
TRUTH-000484,PERSON-001667,OBSERVED_IN,CASE-000061,true,true
TRUTH-000485,PERSON-001670,OBSERVED_IN,CASE-000061,true,true
TRUTH-000486,PERSON-000351,OBSERVED_IN,CASE-000061,true,true
TRUTH-000487,PERSON-001589,OBSERVED_IN,CASE-000061,true,true
TRUTH-000488,PERSON-000621,SUSPECT_IN,CASE-000062,true,true
TRUTH-000489,PERSON-002279,SUSPECT_IN,CASE-000062,true,true
TRUTH-000490,PERSON-002020,SUSPECT_IN,CASE-000062,true,true
TRUTH-000491,PERSON-000357,SUSPECT_IN,CASE-000062,true,true
TRUTH-000492,PERSON-000863,SUSPECT_IN,CASE-000062,true,true
TRUTH-000493,PERSON-001544,SUSPECT_IN,CASE-000062,true,true
TRUTH-000494,PERSON-001965,OBSERVED_IN,CASE-000062,true,true
TRUTH-000495,PERSON-002068,SUSPECT_IN,CASE-000063,true,true
TRUTH-000496,PERSON-001425,SUSPECT_IN,CASE-000063,true,true
TRUTH-000497,PERSON-002759,SUSPECT_IN,CASE-000063,true,true
TRUTH-000498,PERSON-001578,SUSPECT_IN,CASE-000063,true,true
TRUTH-000499,PERSON-001071,SUSPECT_IN,CASE-000063,true,true
TRUTH-000500,PERSON-001642,SUSPECT_IN,CASE-000063,true,true
TRUTH-000501,PERSON-000822,OBSERVED_IN,CASE-000063,true,true
TRUTH-000502,PERSON-002986,OBSERVED_IN,CASE-000063,true,true
TRUTH-000503,PERSON-000613,OBSERVED_IN,CASE-000063,true,true
TRUTH-000504,PERSON-001552,SUSPECT_IN,CASE-000064,true,true
TRUTH-000505,PERSON-001360,SUSPECT_IN,CASE-000064,true,true
TRUTH-000506,PERSON-001131,OBSERVED_IN,CASE-000064,true,true
TRUTH-000507,PERSON-002758,OBSERVED_IN,CASE-000064,true,true
TRUTH-000508,PERSON-000566,OBSERVED_IN,CASE-000064,true,true
TRUTH-000509,PERSON-000955,OBSERVED_IN,CASE-000064,true,true
TRUTH-000510,PERSON-001127,OBSERVED_IN,CASE-000064,true,true
TRUTH-000511,PERSON-000223,OBSERVED_IN,CASE-000064,true,true
TRUTH-000512,PERSON-000921,SUSPECT_IN,CASE-000065,true,true
TRUTH-000513,PERSON-001540,SUSPECT_IN,CASE-000065,true,true
TRUTH-000514,PERSON-001205,SUSPECT_IN,CASE-000065,true,true
TRUTH-000515,PERSON-002999,OBSERVED_IN,CASE-000065,true,true
TRUTH-000516,PERSON-002020,OBSERVED_IN,CASE-000065,true,true
TRUTH-000517,PERSON-002279,OBSERVED_IN,CASE-000065,true,true
TRUTH-000518,PERSON-002517,OBSERVED_IN,CASE-000065,true,true
TRUTH-000519,PERSON-002998,SUSPECT_IN,CASE-000066,true,true
TRUTH-000520,PERSON-001343,SUSPECT_IN,CASE-000066,true,true
TRUTH-000521,PERSON-002675,OBSERVED_IN,CASE-000066,true,true
TRUTH-000522,PERSON-000106,OBSERVED_IN,CASE-000066,true,true
TRUTH-000523,PERSON-000948,OBSERVED_IN,CASE-000066,true,true
TRUTH-000524,PERSON-000576,OBSERVED_IN,CASE-000066,true,true
TRUTH-000525,PERSON-000584,OBSERVED_IN,CASE-000066,true,true
TRUTH-000526,PERSON-001847,SUSPECT_IN,CASE-000067,true,true
TRUTH-000527,PERSON-002675,SUSPECT_IN,CASE-000067,true,true
TRUTH-000528,PERSON-000635,SUSPECT_IN,CASE-000067,true,true
TRUTH-000529,PERSON-002438,SUSPECT_IN,CASE-000067,true,true
TRUTH-000530,PERSON-000832,SUSPECT_IN,CASE-000067,true,true
TRUTH-000531,PERSON-001701,SUSPECT_IN,CASE-000067,true,true
TRUTH-000532,PERSON-000611,OBSERVED_IN,CASE-000067,true,true
TRUTH-000533,PERSON-001596,OBSERVED_IN,CASE-000067,true,true
TRUTH-000534,PERSON-001542,OBSERVED_IN,CASE-000067,true,true
TRUTH-000535,PERSON-001363,OBSERVED_IN,CASE-000067,true,true
TRUTH-000536,PERSON-002713,OBSERVED_IN,CASE-000067,true,true
TRUTH-000537,PERSON-002922,OBSERVED_IN,CASE-000067,true,true
TRUTH-000538,PERSON-002309,SUSPECT_IN,CASE-000068,true,true
TRUTH-000539,PERSON-000906,SUSPECT_IN,CASE-000068,true,true
TRUTH-000540,PERSON-002982,SUSPECT_IN,CASE-000068,true,true
TRUTH-000541,PERSON-001110,SUSPECT_IN,CASE-000068,true,true
TRUTH-000542,PERSON-000057,SUSPECT_IN,CASE-000068,true,true
TRUTH-000543,PERSON-002758,OBSERVED_IN,CASE-000068,true,true
TRUTH-000544,PERSON-000955,OBSERVED_IN,CASE-000068,true,true
TRUTH-000545,PERSON-001360,OBSERVED_IN,CASE-000068,true,true
TRUTH-000546,PERSON-000223,OBSERVED_IN,CASE-000068,true,true
TRUTH-000547,PERSON-001214,OBSERVED_IN,CASE-000068,true,true
TRUTH-000548,PERSON-002574,SUSPECT_IN,CASE-000069,true,true
TRUTH-000549,PERSON-000081,SUSPECT_IN,CASE-000069,true,true
TRUTH-000550,PERSON-001861,SUSPECT_IN,CASE-000069,true,true
TRUTH-000551,PERSON-000850,SUSPECT_IN,CASE-000069,true,true
TRUTH-000552,PERSON-001259,SUSPECT_IN,CASE-000069,true,true
TRUTH-000553,PERSON-000863,OBSERVED_IN,CASE-000069,true,true
TRUTH-000554,PERSON-002757,OBSERVED_IN,CASE-000069,true,true
TRUTH-000555,PERSON-000063,OBSERVED_IN,CASE-000069,true,true
TRUTH-000556,PERSON-000825,SUSPECT_IN,CASE-000070,true,true
TRUTH-000557,PERSON-001847,SUSPECT_IN,CASE-000070,true,true
TRUTH-000558,PERSON-001578,SUSPECT_IN,CASE-000070,true,true
TRUTH-000559,PERSON-000260,SUSPECT_IN,CASE-000070,true,true
TRUTH-000560,PERSON-000943,SUSPECT_IN,CASE-000070,true,true
TRUTH-000561,PERSON-000245,OBSERVED_IN,CASE-000070,true,true
TRUTH-000562,PERSON-002393,OBSERVED_IN,CASE-000070,true,true
TRUTH-000563,PERSON-002408,OBSERVED_IN,CASE-000070,true,true
TRUTH-000564,PERSON-000047,SUSPECT_IN,CASE-000071,true,true
TRUTH-000565,PERSON-000473,SUSPECT_IN,CASE-000071,true,true
TRUTH-000566,PERSON-000146,SUSPECT_IN,CASE-000071,true,true
TRUTH-000567,PERSON-000449,SUSPECT_IN,CASE-000071,true,true
TRUTH-000568,PERSON-002205,OBSERVED_IN,CASE-000071,true,true
TRUTH-000569,PERSON-002964,OBSERVED_IN,CASE-000071,true,true
TRUTH-000570,PERSON-001768,OBSERVED_IN,CASE-000071,true,true
TRUTH-000571,PERSON-000556,OBSERVED_IN,CASE-000071,true,true
TRUTH-000572,PERSON-002998,SUSPECT_IN,CASE-000072,true,true
TRUTH-000573,PERSON-002757,SUSPECT_IN,CASE-000072,true,true
TRUTH-000574,PERSON-001043,SUSPECT_IN,CASE-000072,true,true
TRUTH-000575,PERSON-002675,OBSERVED_IN,CASE-000072,true,true
TRUTH-000576,PERSON-002835,OBSERVED_IN,CASE-000072,true,true
TRUTH-000577,PERSON-000948,OBSERVED_IN,CASE-000072,true,true
TRUTH-000578,PERSON-000576,OBSERVED_IN,CASE-000072,true,true
TRUTH-000579,PERSON-000697,OBSERVED_IN,CASE-000072,true,true
TRUTH-000580,PERSON-002715,OBSERVED_IN,CASE-000072,true,true
TRUTH-000581,PERSON-000063,SUSPECT_IN,CASE-000073,true,true
TRUTH-000582,PERSON-002574,SUSPECT_IN,CASE-000073,true,true
TRUTH-000583,PERSON-001861,SUSPECT_IN,CASE-000073,true,true
TRUTH-000584,PERSON-001589,SUSPECT_IN,CASE-000073,true,true
TRUTH-000585,PERSON-001259,SUSPECT_IN,CASE-000073,true,true
TRUTH-000586,PERSON-001369,SUSPECT_IN,CASE-000073,true,true
TRUTH-000587,PERSON-000081,OBSERVED_IN,CASE-000073,true,true
TRUTH-000588,PERSON-001029,SUSPECT_IN,CASE-000074,true,true
TRUTH-000589,PERSON-001578,SUSPECT_IN,CASE-000074,true,true
TRUTH-000590,PERSON-001747,SUSPECT_IN,CASE-000074,true,true
TRUTH-000591,PERSON-002408,SUSPECT_IN,CASE-000074,true,true
TRUTH-000592,PERSON-000943,SUSPECT_IN,CASE-000074,true,true
TRUTH-000593,PERSON-001334,OBSERVED_IN,CASE-000074,true,true
TRUTH-000594,PERSON-000260,OBSERVED_IN,CASE-000074,true,true
TRUTH-000595,PERSON-000245,OBSERVED_IN,CASE-000074,true,true
TRUTH-000596,PERSON-002397,OBSERVED_IN,CASE-000074,true,true
TRUTH-000597,PERSON-001847,OBSERVED_IN,CASE-000074,true,true
TRUTH-000598,PERSON-000357,SUSPECT_IN,CASE-000075,true,true
TRUTH-000599,PERSON-000765,SUSPECT_IN,CASE-000075,true,true
TRUTH-000600,PERSON-000488,SUSPECT_IN,CASE-000075,true,true
TRUTH-000601,PERSON-001543,SUSPECT_IN,CASE-000075,true,true
TRUTH-000602,PERSON-002304,SUSPECT_IN,CASE-000075,true,true
TRUTH-000603,PERSON-000538,OBSERVED_IN,CASE-000075,true,true
TRUTH-000604,PERSON-000120,OBSERVED_IN,CASE-000075,true,true
TRUTH-000605,PERSON-001965,OBSERVED_IN,CASE-000075,true,true
TRUTH-000606,PERSON-000863,OBSERVED_IN,CASE-000075,true,true
TRUTH-000607,PERSON-000083,OBSERVED_IN,CASE-000075,true,true
TRUTH-000608,PERSON-001706,SUSPECT_IN,CASE-000076,true,true
TRUTH-000609,PERSON-001318,SUSPECT_IN,CASE-000076,true,true
TRUTH-000610,PERSON-000648,SUSPECT_IN,CASE-000076,true,true
TRUTH-000611,PERSON-000106,SUSPECT_IN,CASE-000076,true,true
TRUTH-000612,PERSON-000259,SUSPECT_IN,CASE-000076,true,true
TRUTH-000613,PERSON-000647,OBSERVED_IN,CASE-000076,true,true
TRUTH-000614,PERSON-000568,OBSERVED_IN,CASE-000076,true,true
TRUTH-000615,PERSON-000366,SUSPECT_IN,CASE-000077,true,true
TRUTH-000616,PERSON-002105,SUSPECT_IN,CASE-000077,true,true
TRUTH-000617,PERSON-001381,SUSPECT_IN,CASE-000077,true,true
TRUTH-000618,PERSON-000419,SUSPECT_IN,CASE-000077,true,true
TRUTH-000619,PERSON-000927,SUSPECT_IN,CASE-000077,true,true
TRUTH-000620,PERSON-000407,OBSERVED_IN,CASE-000077,true,true
TRUTH-000621,PERSON-001687,OBSERVED_IN,CASE-000077,true,true
TRUTH-000622,PERSON-000207,OBSERVED_IN,CASE-000077,true,true
TRUTH-000623,PERSON-000111,OBSERVED_IN,CASE-000077,true,true
TRUTH-000624,PERSON-000103,OBSERVED_IN,CASE-000077,true,true
TRUTH-000625,PERSON-000784,SUSPECT_IN,CASE-000078,true,true
TRUTH-000626,PERSON-000397,SUSPECT_IN,CASE-000078,true,true
TRUTH-000627,PERSON-002004,SUSPECT_IN,CASE-000078,true,true
TRUTH-000628,PERSON-002136,SUSPECT_IN,CASE-000078,true,true
TRUTH-000629,PERSON-000622,SUSPECT_IN,CASE-000078,true,true
TRUTH-000630,PERSON-002215,SUSPECT_IN,CASE-000078,true,true
TRUTH-000631,PERSON-000667,OBSERVED_IN,CASE-000078,true,true
TRUTH-000632,PERSON-001131,OBSERVED_IN,CASE-000078,true,true
TRUTH-000633,PERSON-001107,OBSERVED_IN,CASE-000078,true,true
TRUTH-000634,PERSON-002164,OBSERVED_IN,CASE-000078,true,true
TRUTH-000635,PERSON-001059,SUSPECT_IN,CASE-000079,true,true
TRUTH-000636,PERSON-000302,SUSPECT_IN,CASE-000079,true,true
TRUTH-000637,PERSON-000489,SUSPECT_IN,CASE-000079,true,true
TRUTH-000638,PERSON-001478,OBSERVED_IN,CASE-000079,true,true
TRUTH-000639,PERSON-000342,OBSERVED_IN,CASE-000079,true,true
TRUTH-000640,PERSON-001880,OBSERVED_IN,CASE-000079,true,true
TRUTH-000641,PERSON-001135,SUSPECT_IN,CASE-000080,true,true
TRUTH-000642,PERSON-002660,SUSPECT_IN,CASE-000080,true,true
TRUTH-000643,PERSON-002457,SUSPECT_IN,CASE-000080,true,true
TRUTH-000644,PERSON-002576,SUSPECT_IN,CASE-000080,true,true
TRUTH-000645,PERSON-000597,SUSPECT_IN,CASE-000080,true,true
TRUTH-000646,PERSON-001259,SUSPECT_IN,CASE-000080,true,true
TRUTH-000647,PERSON-000092,OBSERVED_IN,CASE-000080,true,true
TRUTH-000648,PERSON-000390,OBSERVED_IN,CASE-000080,true,true
TRUTH-000649,PERSON-001337,OBSERVED_IN,CASE-000080,true,true
TRUTH-000650,PERSON-001873,OBSERVED_IN,CASE-000080,true,true
TRUTH-000651,PERSON-001581,OBSERVED_IN,CASE-000080,true,true
TRUTH-000652,PERSON-002335,OBSERVED_IN,CASE-000080,true,true
TRUTH-000653,PERSON-001894,OBSERVED_IN,CASE-000080,true,true
TRUTH-000654,PERSON-002675,SUSPECT_IN,CASE-000081,true,true
TRUTH-000655,PERSON-001542,SUSPECT_IN,CASE-000081,true,true
TRUTH-000656,PERSON-001596,SUSPECT_IN,CASE-000081,true,true
TRUTH-000657,PERSON-002713,SUSPECT_IN,CASE-000081,true,true
TRUTH-000658,PERSON-000611,SUSPECT_IN,CASE-000081,true,true
TRUTH-000659,PERSON-002901,SUSPECT_IN,CASE-000081,true,true
TRUTH-000660,PERSON-002438,OBSERVED_IN,CASE-000081,true,true
TRUTH-000661,PERSON-001363,OBSERVED_IN,CASE-000081,true,true
TRUTH-000662,PERSON-000497,OBSERVED_IN,CASE-000081,true,true
TRUTH-000663,PERSON-002896,OBSERVED_IN,CASE-000081,true,true
TRUTH-000664,PERSON-002847,OBSERVED_IN,CASE-000081,true,true
TRUTH-000665,PERSON-001480,OBSERVED_IN,CASE-000081,true,true
TRUTH-000666,PERSON-000083,SUSPECT_IN,CASE-000082,true,true
TRUTH-000667,PERSON-002517,SUSPECT_IN,CASE-000082,true,true
TRUTH-000668,PERSON-001543,SUSPECT_IN,CASE-000082,true,true
TRUTH-000669,PERSON-000120,SUSPECT_IN,CASE-000082,true,true
TRUTH-000670,PERSON-001540,SUSPECT_IN,CASE-000082,true,true
TRUTH-000671,PERSON-002507,SUSPECT_IN,CASE-000082,true,true
TRUTH-000672,PERSON-002999,OBSERVED_IN,CASE-000082,true,true
TRUTH-000673,PERSON-000765,OBSERVED_IN,CASE-000082,true,true
TRUTH-000674,PERSON-001898,OBSERVED_IN,CASE-000082,true,true
TRUTH-000675,PERSON-000921,OBSERVED_IN,CASE-000082,true,true
TRUTH-000676,PERSON-002954,SUSPECT_IN,CASE-000083,true,true
TRUTH-000677,PERSON-001886,SUSPECT_IN,CASE-000083,true,true
TRUTH-000678,PERSON-000842,OBSERVED_IN,CASE-000083,true,true
TRUTH-000679,PERSON-000763,OBSERVED_IN,CASE-000083,true,true
TRUTH-000680,PERSON-002444,OBSERVED_IN,CASE-000083,true,true
TRUTH-000681,PERSON-001385,OBSERVED_IN,CASE-000083,true,true
TRUTH-000682,PERSON-001337,SUSPECT_IN,CASE-000084,true,true
TRUTH-000683,PERSON-000506,SUSPECT_IN,CASE-000084,true,true
TRUTH-000684,PERSON-000390,SUSPECT_IN,CASE-000084,true,true
TRUTH-000685,PERSON-002039,SUSPECT_IN,CASE-000084,true,true
TRUTH-000686,PERSON-000769,SUSPECT_IN,CASE-000084,true,true
TRUTH-000687,PERSON-002223,SUSPECT_IN,CASE-000084,true,true
TRUTH-000688,PERSON-000405,OBSERVED_IN,CASE-000084,true,true
TRUTH-000689,PERSON-000860,OBSERVED_IN,CASE-000084,true,true
TRUTH-000690,PERSON-000132,SUSPECT_IN,CASE-000085,true,true
TRUTH-000691,PERSON-000193,SUSPECT_IN,CASE-000085,true,true
TRUTH-000692,PERSON-000575,SUSPECT_IN,CASE-000085,true,true
TRUTH-000693,PERSON-001043,SUSPECT_IN,CASE-000085,true,true
TRUTH-000694,PERSON-002839,SUSPECT_IN,CASE-000085,true,true
TRUTH-000695,PERSON-000479,OBSERVED_IN,CASE-000085,true,true
TRUTH-000696,PERSON-001861,OBSERVED_IN,CASE-000085,true,true
TRUTH-000697,PERSON-000497,OBSERVED_IN,CASE-000085,true,true
TRUTH-000698,PERSON-000216,OBSERVED_IN,CASE-000085,true,true
TRUTH-000699,PERSON-002124,OBSERVED_IN,CASE-000085,true,true
TRUTH-000700,PERSON-000488,OBSERVED_IN,CASE-000085,true,true
TRUTH-000701,PERSON-000683,OBSERVED_IN,CASE-000085,true,true
TRUTH-000702,PERSON-001041,SUSPECT_IN,CASE-000086,true,true
TRUTH-000703,PERSON-001210,SUSPECT_IN,CASE-000086,true,true
TRUTH-000704,PERSON-001667,SUSPECT_IN,CASE-000086,true,true
TRUTH-000705,PERSON-002256,SUSPECT_IN,CASE-000086,true,true
TRUTH-000706,PERSON-001670,OBSERVED_IN,CASE-000086,true,true
TRUTH-000707,PERSON-001558,OBSERVED_IN,CASE-000086,true,true
TRUTH-000708,PERSON-001589,OBSERVED_IN,CASE-000086,true,true
TRUTH-000709,PERSON-000351,OBSERVED_IN,CASE-000086,true,true
TRUTH-000710,PERSON-001589,SUSPECT_IN,CASE-000087,true,true
TRUTH-000711,PERSON-001861,SUSPECT_IN,CASE-000087,true,true
TRUTH-000712,PERSON-001259,SUSPECT_IN,CASE-000087,true,true
TRUTH-000713,PERSON-000850,OBSERVED_IN,CASE-000087,true,true
TRUTH-000714,PERSON-000063,OBSERVED_IN,CASE-000087,true,true
TRUTH-000715,PERSON-000081,OBSERVED_IN,CASE-000087,true,true
TRUTH-000716,PERSON-002757,OBSERVED_IN,CASE-000087,true,true
TRUTH-000717,PERSON-001861,SUSPECT_IN,CASE-000088,true,true
TRUTH-000718,PERSON-001259,SUSPECT_IN,CASE-000088,true,true
TRUTH-000719,PERSON-000216,SUSPECT_IN,CASE-000088,true,true
TRUTH-000720,PERSON-000081,OBSERVED_IN,CASE-000088,true,true
TRUTH-000721,PERSON-002574,OBSERVED_IN,CASE-000088,true,true
TRUTH-000722,PERSON-001589,OBSERVED_IN,CASE-000088,true,true
TRUTH-000723,PERSON-001898,SUSPECT_IN,CASE-000089,true,true
TRUTH-000724,PERSON-002745,SUSPECT_IN,CASE-000089,true,true
TRUTH-000725,PERSON-000357,SUSPECT_IN,CASE-000089,true,true
TRUTH-000726,PERSON-002279,SUSPECT_IN,CASE-000089,true,true
TRUTH-000727,PERSON-000621,SUSPECT_IN,CASE-000089,true,true
TRUTH-000728,PERSON-000222,SUSPECT_IN,CASE-000089,true,true
TRUTH-000729,PERSON-002517,OBSERVED_IN,CASE-000089,true,true
TRUTH-000730,PERSON-000538,OBSERVED_IN,CASE-000089,true,true
TRUTH-000731,PERSON-000083,OBSERVED_IN,CASE-000089,true,true
TRUTH-000732,PERSON-000943,SUSPECT_IN,CASE-000090,true,true
TRUTH-000733,PERSON-000955,SUSPECT_IN,CASE-000090,true,true
TRUTH-000734,PERSON-001780,OBSERVED_IN,CASE-000090,true,true
TRUTH-000735,PERSON-002397,OBSERVED_IN,CASE-000090,true,true
TRUTH-000736,PERSON-002408,OBSERVED_IN,CASE-000090,true,true
TRUTH-000737,PERSON-000374,OBSERVED_IN,CASE-000090,true,true
TRUTH-000738,PERSON-001578,OBSERVED_IN,CASE-000090,true,true
TRUTH-000739,PERSON-000081,SUSPECT_IN,CASE-000091,true,true
TRUTH-000740,PERSON-002574,SUSPECT_IN,CASE-000091,true,true
TRUTH-000741,PERSON-001259,SUSPECT_IN,CASE-000091,true,true
TRUTH-000742,PERSON-001667,SUSPECT_IN,CASE-000091,true,true
TRUTH-000743,PERSON-000850,OBSERVED_IN,CASE-000091,true,true
TRUTH-000744,PERSON-000863,OBSERVED_IN,CASE-000091,true,true
TRUTH-000745,PERSON-000063,OBSERVED_IN,CASE-000091,true,true
TRUTH-000746,PERSON-002757,OBSERVED_IN,CASE-000091,true,true
TRUTH-000747,PERSON-001589,OBSERVED_IN,CASE-000091,true,true
TRUTH-000748,PERSON-001860,SUSPECT_IN,CASE-000092,true,true
TRUTH-000749,PERSON-002124,SUSPECT_IN,CASE-000092,true,true
TRUTH-000750,PERSON-000216,SUSPECT_IN,CASE-000092,true,true
TRUTH-000751,PERSON-000497,SUSPECT_IN,CASE-000092,true,true
TRUTH-000752,PERSON-001861,SUSPECT_IN,CASE-000092,true,true
TRUTH-000753,PERSON-002517,SUSPECT_IN,CASE-000092,true,true
TRUTH-000754,PERSON-002901,OBSERVED_IN,CASE-000092,true,true
TRUTH-000755,PERSON-000132,OBSERVED_IN,CASE-000092,true,true
TRUTH-000756,PERSON-000683,OBSERVED_IN,CASE-000092,true,true
TRUTH-000757,PERSON-000957,SUSPECT_IN,CASE-000093,true,true
TRUTH-000758,PERSON-002418,SUSPECT_IN,CASE-000093,true,true
TRUTH-000759,PERSON-001803,SUSPECT_IN,CASE-000093,true,true
TRUTH-000760,PERSON-000423,OBSERVED_IN,CASE-000093,true,true
TRUTH-000761,PERSON-002150,OBSERVED_IN,CASE-000093,true,true
TRUTH-000762,PERSON-001796,OBSERVED_IN,CASE-000093,true,true
TRUTH-000763,PERSON-002197,OBSERVED_IN,CASE-000093,true,true
TRUTH-000764,PERSON-002771,OBSERVED_IN,CASE-000093,true,true
TRUTH-000765,PERSON-000991,OBSERVED_IN,CASE-000093,true,true
TRUTH-000766,PERSON-002944,OBSERVED_IN,CASE-000093,true,true
TRUTH-000767,PERSON-000499,SUSPECT_IN,CASE-000094,true,true
TRUTH-000768,PERSON-001691,SUSPECT_IN,CASE-000094,true,true
TRUTH-000769,PERSON-001573,SUSPECT_IN,CASE-000094,true,true
TRUTH-000770,PERSON-001747,OBSERVED_IN,CASE-000094,true,true
TRUTH-000771,PERSON-000825,OBSERVED_IN,CASE-000094,true,true
TRUTH-000772,PERSON-002846,OBSERVED_IN,CASE-000094,true,true
TRUTH-000773,PERSON-000351,SUSPECT_IN,CASE-000095,true,true
TRUTH-000774,PERSON-002735,SUSPECT_IN,CASE-000095,true,true
TRUTH-000775,PERSON-000146,OBSERVED_IN,CASE-000095,true,true
TRUTH-000776,PERSON-002750,OBSERVED_IN,CASE-000095,true,true
TRUTH-000777,PERSON-001210,OBSERVED_IN,CASE-000095,true,true
TRUTH-000778,PERSON-001041,OBSERVED_IN,CASE-000095,true,true
TRUTH-000779,PERSON-001880,SUSPECT_IN,CASE-000096,true,true
TRUTH-000780,PERSON-002247,SUSPECT_IN,CASE-000096,true,true
TRUTH-000781,PERSON-002377,SUSPECT_IN,CASE-000096,true,true
TRUTH-000782,PERSON-002826,SUSPECT_IN,CASE-000096,true,true
TRUTH-000783,PERSON-002740,SUSPECT_IN,CASE-000096,true,true
TRUTH-000784,PERSON-000604,OBSERVED_IN,CASE-000096,true,true
TRUTH-000785,PERSON-002481,OBSERVED_IN,CASE-000096,true,true
TRUTH-000786,PERSON-000092,SUSPECT_IN,CASE-000097,true,true
TRUTH-000787,PERSON-000920,SUSPECT_IN,CASE-000097,true,true
TRUTH-000788,PERSON-002879,SUSPECT_IN,CASE-000097,true,true
TRUTH-000789,PERSON-002450,SUSPECT_IN,CASE-000097,true,true
TRUTH-000790,PERSON-000597,SUSPECT_IN,CASE-000097,true,true
TRUTH-000791,PERSON-001135,SUSPECT_IN,CASE-000097,true,true
TRUTH-000792,PERSON-000405,OBSERVED_IN,CASE-000097,true,true
TRUTH-000793,PERSON-001367,OBSERVED_IN,CASE-000097,true,true
TRUTH-000794,PERSON-000817,OBSERVED_IN,CASE-000097,true,true
TRUTH-000795,PERSON-002020,SUSPECT_IN,CASE-000098,true,true
TRUTH-000796,PERSON-002745,SUSPECT_IN,CASE-000098,true,true
TRUTH-000797,PERSON-001847,SUSPECT_IN,CASE-000098,true,true
TRUTH-000798,PERSON-002999,OBSERVED_IN,CASE-000098,true,true
TRUTH-000799,PERSON-000083,OBSERVED_IN,CASE-000098,true,true
TRUTH-000800,PERSON-000921,OBSERVED_IN,CASE-000098,true,true
TRUTH-000801,PERSON-000488,OBSERVED_IN,CASE-000098,true,true
TRUTH-000802,PERSON-002393,SUSPECT_IN,CASE-000099,true,true
TRUTH-000803,PERSON-002304,SUSPECT_IN,CASE-000099,true,true
TRUTH-000804,PERSON-000499,SUSPECT_IN,CASE-000099,true,true
TRUTH-000805,PERSON-001029,SUSPECT_IN,CASE-000099,true,true
TRUTH-000806,PERSON-001847,SUSPECT_IN,CASE-000099,true,true
TRUTH-000807,PERSON-001334,OBSERVED_IN,CASE-000099,true,true
TRUTH-000808,PERSON-000374,OBSERVED_IN,CASE-000099,true,true
TRUTH-000809,PERSON-000479,SUSPECT_IN,CASE-000100,true,true
TRUTH-000810,PERSON-001478,SUSPECT_IN,CASE-000100,true,true
TRUTH-000811,PERSON-001687,SUSPECT_IN,CASE-000100,true,true
TRUTH-000812,PERSON-000919,OBSERVED_IN,CASE-000100,true,true
TRUTH-000813,PERSON-002764,OBSERVED_IN,CASE-000100,true,true
TRUTH-000814,PERSON-001846,OBSERVED_IN,CASE-000100,true,true
TRUTH-000815,PERSON-001043,OBSERVED_IN,CASE-000100,true,true
TRUTH-000816,PERSON-002124,OBSERVED_IN,CASE-000100,true,true
TRUTH-000817,PERSON-000575,OBSERVED_IN,CASE-000100,true,true
TRUTH-000818,PERSON-001968,OBSERVED_IN,CASE-000100,true,true
TRUTH-000819,PERSON-001667,SUSPECT_IN,CASE-000101,true,true
TRUTH-000820,PERSON-001670,SUSPECT_IN,CASE-000101,true,true
TRUTH-000821,PERSON-001210,SUSPECT_IN,CASE-000101,true,true
TRUTH-000822,PERSON-001596,SUSPECT_IN,CASE-000101,true,true
TRUTH-000823,PERSON-000146,OBSERVED_IN,CASE-000101,true,true
TRUTH-000824,PERSON-000351,OBSERVED_IN,CASE-000101,true,true
TRUTH-000825,PERSON-001589,OBSERVED_IN,CASE-000101,true,true
TRUTH-000826,PERSON-001066,SUSPECT_IN,CASE-000102,true,true
TRUTH-000827,PERSON-001944,SUSPECT_IN,CASE-000102,true,true
TRUTH-000828,PERSON-000479,OBSERVED_IN,CASE-000102,true,true
TRUTH-000829,PERSON-000295,OBSERVED_IN,CASE-000102,true,true
TRUTH-000830,PERSON-002739,OBSERVED_IN,CASE-000102,true,true
TRUTH-000831,PERSON-000846,OBSERVED_IN,CASE-000102,true,true
TRUTH-000832,PERSON-001803,OBSERVED_IN,CASE-000102,true,true
TRUTH-000833,PERSON-002965,OBSERVED_IN,CASE-000102,true,true
TRUTH-000834,PERSON-001387,OBSERVED_IN,CASE-000102,true,true
TRUTH-000835,PERSON-000838,OBSERVED_IN,CASE-000102,true,true
TRUTH-000836,PERSON-002757,SUSPECT_IN,CASE-000103,true,true
TRUTH-000837,PERSON-001259,SUSPECT_IN,CASE-000103,true,true
TRUTH-000838,PERSON-002998,SUSPECT_IN,CASE-000103,true,true
TRUTH-000839,PERSON-000863,OBSERVED_IN,CASE-000103,true,true
TRUTH-000840,PERSON-002574,OBSERVED_IN,CASE-000103,true,true
TRUTH-000841,PERSON-000063,OBSERVED_IN,CASE-000103,true,true
TRUTH-000842,PERSON-002999,SUSPECT_IN,CASE-000104,true,true
TRUTH-000843,PERSON-001898,SUSPECT_IN,CASE-000104,true,true
TRUTH-000844,PERSON-000357,SUSPECT_IN,CASE-000104,true,true
TRUTH-000845,PERSON-001992,SUSPECT_IN,CASE-000104,true,true
TRUTH-000846,PERSON-002020,OBSERVED_IN,CASE-000104,true,true
TRUTH-000847,PERSON-001543,OBSERVED_IN,CASE-000104,true,true
TRUTH-000848,PERSON-002896,SUSPECT_IN,CASE-000105,true,true
TRUTH-000849,PERSON-002922,SUSPECT_IN,CASE-000105,true,true
TRUTH-000850,PERSON-001363,SUSPECT_IN,CASE-000105,true,true
TRUTH-000851,PERSON-001343,SUSPECT_IN,CASE-000105,true,true
TRUTH-000852,PERSON-001542,OBSERVED_IN,CASE-000105,true,true
TRUTH-000853,PERSON-000635,OBSERVED_IN,CASE-000105,true,true
TRUTH-000854,PERSON-000060,OBSERVED_IN,CASE-000105,true,true
TRUTH-000855,PERSON-000430,SUSPECT_IN,CASE-000106,true,true
TRUTH-000856,PERSON-001824,SUSPECT_IN,CASE-000106,true,true
TRUTH-000857,PERSON-002920,SUSPECT_IN,CASE-000106,true,true
TRUTH-000858,PERSON-001584,SUSPECT_IN,CASE-000106,true,true
TRUTH-000859,PERSON-001455,SUSPECT_IN,CASE-000106,true,true
TRUTH-000860,PERSON-000622,SUSPECT_IN,CASE-000106,true,true
TRUTH-000861,PERSON-002006,OBSERVED_IN,CASE-000106,true,true
TRUTH-000862,PERSON-002829,OBSERVED_IN,CASE-000106,true,true
TRUTH-000863,PERSON-001807,OBSERVED_IN,CASE-000106,true,true
TRUTH-000864,PERSON-001615,SUSPECT_IN,CASE-000107,true,true
TRUTH-000865,PERSON-000302,SUSPECT_IN,CASE-000107,true,true
TRUTH-000866,PERSON-000489,SUSPECT_IN,CASE-000107,true,true
TRUTH-000867,PERSON-002082,SUSPECT_IN,CASE-000107,true,true
TRUTH-000868,PERSON-000305,SUSPECT_IN,CASE-000107,true,true
TRUTH-000869,PERSON-002122,OBSERVED_IN,CASE-000107,true,true
TRUTH-000870,PERSON-001059,OBSERVED_IN,CASE-000107,true,true
TRUTH-000871,PERSON-001115,SUSPECT_IN,CASE-000108,true,true
TRUTH-000872,PERSON-001007,SUSPECT_IN,CASE-000108,true,true
TRUTH-000873,PERSON-000792,OBSERVED_IN,CASE-000108,true,true
TRUTH-000874,PERSON-001610,SUSPECT_IN,CASE-000109,true,true
TRUTH-000875,PERSON-001558,SUSPECT_IN,CASE-000109,true,true
TRUTH-000876,PERSON-001474,SUSPECT_IN,CASE-000109,true,true
TRUTH-000877,PERSON-001757,SUSPECT_IN,CASE-000109,true,true
TRUTH-000878,PERSON-002576,SUSPECT_IN,CASE-000109,true,true
TRUTH-000879,PERSON-001115,OBSERVED_IN,CASE-000109,true,true
TRUTH-000880,PERSON-000267,OBSERVED_IN,CASE-000109,true,true
TRUTH-000881,PERSON-000792,OBSERVED_IN,CASE-000109,true,true
TRUTH-000882,PERSON-001262,OBSERVED_IN,CASE-000109,true,true
TRUTH-000883,PERSON-000769,SUSPECT_IN,CASE-000110,true,true
TRUTH-000884,PERSON-001041,SUSPECT_IN,CASE-000110,true,true
TRUTH-000885,PERSON-000597,OBSERVED_IN,CASE-000110,true,true
TRUTH-000886,PERSON-000405,OBSERVED_IN,CASE-000110,true,true
TRUTH-000887,PERSON-002872,OBSERVED_IN,CASE-000110,true,true
TRUTH-000888,PERSON-002660,OBSERVED_IN,CASE-000110,true,true
TRUTH-000889,PERSON-002457,OBSERVED_IN,CASE-000110,true,true
TRUTH-000890,PERSON-002335,OBSERVED_IN,CASE-000110,true,true
TRUTH-000891,PERSON-000544,OBSERVED_IN,CASE-000110,true,true
TRUTH-000892,PERSON-001894,OBSERVED_IN,CASE-000110,true,true
TRUTH-000893,PERSON-000506,SUSPECT_IN,CASE-000111,true,true
TRUTH-000894,PERSON-000817,SUSPECT_IN,CASE-000111,true,true
TRUTH-000895,PERSON-002450,SUSPECT_IN,CASE-000111,true,true
TRUTH-000896,PERSON-000597,SUSPECT_IN,CASE-000111,true,true
TRUTH-000897,PERSON-002879,SUSPECT_IN,CASE-000111,true,true
TRUTH-000898,PERSON-002576,SUSPECT_IN,CASE-000111,true,true
TRUTH-000899,PERSON-000979,OBSERVED_IN,CASE-000111,true,true
TRUTH-000900,PERSON-000769,OBSERVED_IN,CASE-000111,true,true
TRUTH-000901,PERSON-001337,OBSERVED_IN,CASE-000111,true,true
TRUTH-000902,PERSON-001425,SUSPECT_IN,CASE-000112,true,true
TRUTH-000903,PERSON-002068,SUSPECT_IN,CASE-000112,true,true
TRUTH-000904,PERSON-000613,SUSPECT_IN,CASE-000112,true,true
TRUTH-000905,PERSON-000822,SUSPECT_IN,CASE-000112,true,true
TRUTH-000906,PERSON-001071,SUSPECT_IN,CASE-000112,true,true
TRUTH-000907,PERSON-001648,SUSPECT_IN,CASE-000112,true,true
TRUTH-000908,PERSON-002759,OBSERVED_IN,CASE-000112,true,true
TRUTH-000909,PERSON-000357,SUSPECT_IN,CASE-000113,true,true
TRUTH-000910,PERSON-000765,SUSPECT_IN,CASE-000113,true,true
TRUTH-000911,PERSON-000538,SUSPECT_IN,CASE-000113,true,true
TRUTH-000912,PERSON-000921,SUSPECT_IN,CASE-000113,true,true
TRUTH-000913,PERSON-002873,SUSPECT_IN,CASE-000113,true,true
TRUTH-000914,PERSON-000569,SUSPECT_IN,CASE-000113,true,true
TRUTH-000915,PERSON-000488,OBSERVED_IN,CASE-000113,true,true
TRUTH-000916,PERSON-001543,OBSERVED_IN,CASE-000113,true,true
TRUTH-000917,PERSON-001544,OBSERVED_IN,CASE-000113,true,true
TRUTH-000918,PERSON-001965,OBSERVED_IN,CASE-000113,true,true
TRUTH-000919,PERSON-000895,SUSPECT_IN,CASE-000114,true,true
TRUTH-000920,PERSON-001788,SUSPECT_IN,CASE-000114,true,true
TRUTH-000921,PERSON-000898,SUSPECT_IN,CASE-000114,true,true
TRUTH-000922,PERSON-000648,OBSERVED_IN,CASE-000114,true,true
TRUTH-000923,PERSON-001536,OBSERVED_IN,CASE-000114,true,true
TRUTH-000924,PERSON-000647,OBSERVED_IN,CASE-000114,true,true
TRUTH-000925,PERSON-000259,OBSERVED_IN,CASE-000114,true,true
TRUTH-000926,PERSON-001318,OBSERVED_IN,CASE-000114,true,true
TRUTH-000927,PERSON-000106,OBSERVED_IN,CASE-000114,true,true
TRUTH-000928,PERSON-002964,SUSPECT_IN,CASE-000115,true,true
TRUTH-000929,PERSON-000906,SUSPECT_IN,CASE-000115,true,true
TRUTH-000930,PERSON-000146,OBSERVED_IN,CASE-000115,true,true
TRUTH-000931,PERSON-002609,OBSERVED_IN,CASE-000115,true,true
TRUTH-000932,PERSON-000473,OBSERVED_IN,CASE-000115,true,true
TRUTH-000933,PERSON-002938,OBSERVED_IN,CASE-000115,true,true
TRUTH-000934,PERSON-000279,OBSERVED_IN,CASE-000115,true,true
TRUTH-000935,PERSON-000556,OBSERVED_IN,CASE-000115,true,true
TRUTH-000936,PERSON-000492,SUSPECT_IN,CASE-000116,true,true
TRUTH-000937,PERSON-001059,SUSPECT_IN,CASE-000116,true,true
TRUTH-000938,PERSON-000305,OBSERVED_IN,CASE-000116,true,true
TRUTH-000939,PERSON-002159,SUSPECT_IN,CASE-000117,true,true
TRUTH-000940,PERSON-000712,SUSPECT_IN,CASE-000117,true,true
TRUTH-000941,PERSON-000526,OBSERVED_IN,CASE-000117,true,true
TRUTH-000942,PERSON-000022,OBSERVED_IN,CASE-000117,true,true
TRUTH-000943,PERSON-002758,OBSERVED_IN,CASE-000117,true,true
TRUTH-000944,PERSON-000566,OBSERVED_IN,CASE-000117,true,true
TRUTH-000945,PERSON-001360,OBSERVED_IN,CASE-000117,true,true
TRUTH-000946,PERSON-002393,SUSPECT_IN,CASE-000118,true,true
TRUTH-000947,PERSON-000245,SUSPECT_IN,CASE-000118,true,true
TRUTH-000948,PERSON-001327,SUSPECT_IN,CASE-000118,true,true
TRUTH-000949,PERSON-000374,OBSERVED_IN,CASE-000118,true,true
TRUTH-000950,PERSON-001578,OBSERVED_IN,CASE-000118,true,true
TRUTH-000951,PERSON-002846,OBSERVED_IN,CASE-000118,true,true
TRUTH-000952,PERSON-002713,SUSPECT_IN,CASE-000119,true,true
TRUTH-000953,PERSON-000611,SUSPECT_IN,CASE-000119,true,true
TRUTH-000954,PERSON-000132,SUSPECT_IN,CASE-000119,true,true
TRUTH-000955,PERSON-001847,OBSERVED_IN,CASE-000119,true,true
TRUTH-000956,PERSON-001596,OBSERVED_IN,CASE-000119,true,true
TRUTH-000957,PERSON-000635,OBSERVED_IN,CASE-000119,true,true
TRUTH-000958,PERSON-000497,OBSERVED_IN,CASE-000119,true,true
TRUTH-000959,PERSON-000121,SUSPECT_IN,CASE-000120,true,true
TRUTH-000960,PERSON-002418,SUSPECT_IN,CASE-000120,true,true
TRUTH-000961,PERSON-000096,SUSPECT_IN,CASE-000120,true,true
TRUTH-000962,PERSON-001479,SUSPECT_IN,CASE-000120,true,true
TRUTH-000963,PERSON-002150,SUSPECT_IN,CASE-000120,true,true
TRUTH-000964,PERSON-000647,SUSPECT_IN,CASE-000120,true,true
TRUTH-000965,PERSON-001205,OBSERVED_IN,CASE-000120,true,true
TRUTH-000966,PERSON-000957,OBSERVED_IN,CASE-000120,true,true
TRUTH-000967,PERSON-001898,SUSPECT_IN,CASE-000121,true,true
TRUTH-000968,PERSON-001107,SUSPECT_IN,CASE-000121,true,true
TRUTH-000969,PERSON-002517,OBSERVED_IN,CASE-000121,true,true
TRUTH-000970,PERSON-000921,OBSERVED_IN,CASE-000121,true,true
TRUTH-000971,PERSON-001540,OBSERVED_IN,CASE-000121,true,true
TRUTH-000972,PERSON-001543,OBSERVED_IN,CASE-000121,true,true
TRUTH-000973,PERSON-002745,OBSERVED_IN,CASE-000121,true,true
TRUTH-000974,PERSON-001205,OBSERVED_IN,CASE-000121,true,true
TRUTH-000975,PERSON-000538,SUSPECT_IN,CASE-000122,true,true
TRUTH-000976,PERSON-002999,SUSPECT_IN,CASE-000122,true,true
TRUTH-000977,PERSON-000621,SUSPECT_IN,CASE-000122,true,true
TRUTH-000978,PERSON-001863,SUSPECT_IN,CASE-000122,true,true
TRUTH-000979,PERSON-002020,OBSERVED_IN,CASE-000122,true,true
TRUTH-000980,PERSON-002279,OBSERVED_IN,CASE-000122,true,true
TRUTH-000981,PERSON-000357,OBSERVED_IN,CASE-000122,true,true
TRUTH-000982,PERSON-002060,SUSPECT_IN,CASE-000123,true,true
TRUTH-000983,PERSON-001474,SUSPECT_IN,CASE-000123,true,true
TRUTH-000984,PERSON-002618,SUSPECT_IN,CASE-000123,true,true
TRUTH-000985,PERSON-001610,SUSPECT_IN,CASE-000123,true,true
TRUTH-000986,PERSON-000911,SUSPECT_IN,CASE-000123,true,true
TRUTH-000987,PERSON-000440,OBSERVED_IN,CASE-000123,true,true
TRUTH-000988,PERSON-000180,OBSERVED_IN,CASE-000123,true,true
TRUTH-000989,PERSON-000904,SUSPECT_IN,CASE-000124,true,true
TRUTH-000990,PERSON-000576,SUSPECT_IN,CASE-000124,true,true
TRUTH-000991,PERSON-002998,SUSPECT_IN,CASE-000124,true,true
TRUTH-000992,PERSON-001212,SUSPECT_IN,CASE-000124,true,true
TRUTH-000993,PERSON-001664,OBSERVED_IN,CASE-000124,true,true
TRUTH-000994,PERSON-002757,OBSERVED_IN,CASE-000124,true,true
TRUTH-000995,PERSON-000697,OBSERVED_IN,CASE-000124,true,true
TRUTH-000996,PERSON-002715,OBSERVED_IN,CASE-000124,true,true
TRUTH-000997,PERSON-001544,SUSPECT_IN,CASE-000125,true,true
TRUTH-000998,PERSON-000120,SUSPECT_IN,CASE-000125,true,true
TRUTH-000999,PERSON-000765,SUSPECT_IN,CASE-000125,true,true
TRUTH-001000,PERSON-002279,OBSERVED_IN,CASE-000125,true,true
TRUTH-001001,PERSON-000921,OBSERVED_IN,CASE-000125,true,true
TRUTH-001002,PERSON-001965,OBSERVED_IN,CASE-000125,true,true
TRUTH-001003,PERSON-001543,OBSERVED_IN,CASE-000125,true,true
TRUTH-001004,PERSON-002745,OBSERVED_IN,CASE-000125,true,true
TRUTH-001005,PERSON-000357,OBSERVED_IN,CASE-000125,true,true
TRUTH-001006,PERSON-000165,SUSPECT_IN,CASE-000126,true,true
TRUTH-001007,PERSON-002900,SUSPECT_IN,CASE-000126,true,true
TRUTH-001008,PERSON-000682,OBSERVED_IN,CASE-000126,true,true
TRUTH-001009,PERSON-002737,OBSERVED_IN,CASE-000126,true,true
TRUTH-001010,PERSON-000042,OBSERVED_IN,CASE-000126,true,true
TRUTH-001011,PERSON-000275,OBSERVED_IN,CASE-000126,true,true
TRUTH-001012,PERSON-001481,OBSERVED_IN,CASE-000126,true,true
TRUTH-001013,PERSON-002068,OBSERVED_IN,CASE-000126,true,true
TRUTH-001014,PERSON-000032,OBSERVED_IN,CASE-000126,true,true
TRUTH-001015,PERSON-001066,SUSPECT_IN,CASE-000127,true,true
TRUTH-001016,PERSON-001191,SUSPECT_IN,CASE-000127,true,true
TRUTH-001017,PERSON-002633,SUSPECT_IN,CASE-000127,true,true
TRUTH-001018,PERSON-000792,SUSPECT_IN,CASE-000127,true,true
TRUTH-001019,PERSON-001617,OBSERVED_IN,CASE-000127,true,true
TRUTH-001020,PERSON-001194,OBSERVED_IN,CASE-000127,true,true
TRUTH-001021,PERSON-000341,OBSERVED_IN,CASE-000127,true,true
TRUTH-001022,PERSON-002930,OBSERVED_IN,CASE-000127,true,true
TRUTH-001023,PERSON-001899,OBSERVED_IN,CASE-000127,true,true
TRUTH-001024,PERSON-002900,OBSERVED_IN,CASE-000127,true,true
TRUTH-001025,PERSON-002970,OBSERVED_IN,CASE-000127,true,true
TRUTH-001026,PERSON-002246,OBSERVED_IN,CASE-000127,true,true
TRUTH-001027,PERSON-000106,SUSPECT_IN,CASE-000128,true,true
TRUTH-001028,PERSON-000576,SUSPECT_IN,CASE-000128,true,true
TRUTH-001029,PERSON-002715,SUSPECT_IN,CASE-000128,true,true
TRUTH-001030,PERSON-000904,SUSPECT_IN,CASE-000128,true,true
TRUTH-001031,PERSON-001664,SUSPECT_IN,CASE-000128,true,true
TRUTH-001032,PERSON-000979,SUSPECT_IN,CASE-000128,true,true
TRUTH-001033,PERSON-002998,OBSERVED_IN,CASE-000128,true,true
TRUTH-001034,PERSON-002835,OBSERVED_IN,CASE-000128,true,true
TRUTH-001035,PERSON-002757,OBSERVED_IN,CASE-000128,true,true
TRUTH-001036,PERSON-000697,OBSERVED_IN,CASE-000128,true,true
TRUTH-001037,PERSON-000230,OBSERVED_IN,CASE-000128,true,true
TRUTH-001038,PERSON-000850,SUSPECT_IN,CASE-000129,true,true
TRUTH-001039,PERSON-000081,SUSPECT_IN,CASE-000129,true,true
TRUTH-001040,PERSON-000063,SUSPECT_IN,CASE-000129,true,true
TRUTH-001041,PERSON-001861,SUSPECT_IN,CASE-000129,true,true
TRUTH-001042,PERSON-001259,SUSPECT_IN,CASE-000129,true,true
TRUTH-001043,PERSON-001194,SUSPECT_IN,CASE-000129,true,true
TRUTH-001044,PERSON-000863,OBSERVED_IN,CASE-000129,true,true
TRUTH-001045,PERSON-002757,OBSERVED_IN,CASE-000129,true,true
TRUTH-001046,PERSON-002574,OBSERVED_IN,CASE-000129,true,true
TRUTH-001047,PERSON-001071,SUSPECT_IN,CASE-000130,true,true
TRUTH-001048,PERSON-002068,SUSPECT_IN,CASE-000130,true,true
TRUTH-001049,PERSON-002759,SUSPECT_IN,CASE-000130,true,true
TRUTH-001050,PERSON-002986,SUSPECT_IN,CASE-000130,true,true
TRUTH-001051,PERSON-002829,SUSPECT_IN,CASE-000130,true,true
TRUTH-001052,PERSON-001578,OBSERVED_IN,CASE-000130,true,true
TRUTH-001053,PERSON-002408,SUSPECT_IN,CASE-000131,true,true
TRUTH-001054,PERSON-000499,SUSPECT_IN,CASE-000131,true,true
TRUTH-001055,PERSON-002660,SUSPECT_IN,CASE-000131,true,true
TRUTH-001056,PERSON-002393,OBSERVED_IN,CASE-000131,true,true
TRUTH-001057,PERSON-000825,OBSERVED_IN,CASE-000131,true,true
TRUTH-001058,PERSON-000943,OBSERVED_IN,CASE-000131,true,true
TRUTH-001059,PERSON-002846,OBSERVED_IN,CASE-000131,true,true
TRUTH-001060,PERSON-001578,OBSERVED_IN,CASE-000131,true,true
TRUTH-001061,PERSON-001691,OBSERVED_IN,CASE-000131,true,true
TRUTH-001062,PERSON-002618,SUSPECT_IN,CASE-000132,true,true
TRUTH-001063,PERSON-002060,SUSPECT_IN,CASE-000132,true,true
TRUTH-001064,PERSON-000540,OBSERVED_IN,CASE-000132,true,true
TRUTH-001065,PERSON-001262,OBSERVED_IN,CASE-000132,true,true
TRUTH-001066,PERSON-000180,OBSERVED_IN,CASE-000132,true,true
TRUTH-001067,PERSON-000267,OBSERVED_IN,CASE-000132,true,true
TRUTH-001068,PERSON-000792,OBSERVED_IN,CASE-000132,true,true
TRUTH-001069,PERSON-000440,OBSERVED_IN,CASE-000132,true,true
TRUTH-001070,PERSON-002745,SUSPECT_IN,CASE-000133,true,true
TRUTH-001071,PERSON-000488,SUSPECT_IN,CASE-000133,true,true
TRUTH-001072,PERSON-001992,SUSPECT_IN,CASE-000133,true,true
TRUTH-001073,PERSON-000046,SUSPECT_IN,CASE-000133,true,true
TRUTH-001074,PERSON-000120,OBSERVED_IN,CASE-000133,true,true
TRUTH-001075,PERSON-001543,OBSERVED_IN,CASE-000133,true,true
TRUTH-001076,PERSON-002999,OBSERVED_IN,CASE-000133,true,true
TRUTH-001077,PERSON-000765,OBSERVED_IN,CASE-000133,true,true
TRUTH-001078,PERSON-001205,OBSERVED_IN,CASE-000133,true,true
TRUTH-001079,PERSON-002896,SUSPECT_IN,CASE-000134,true,true
TRUTH-001080,PERSON-000635,SUSPECT_IN,CASE-000134,true,true
TRUTH-001081,PERSON-002922,SUSPECT_IN,CASE-000134,true,true
TRUTH-001082,PERSON-000886,SUSPECT_IN,CASE-000134,true,true
TRUTH-001083,PERSON-002438,OBSERVED_IN,CASE-000134,true,true
TRUTH-001084,PERSON-000497,OBSERVED_IN,CASE-000134,true,true
TRUTH-001085,PERSON-000948,SUSPECT_IN,CASE-000135,true,true
TRUTH-001086,PERSON-000106,SUSPECT_IN,CASE-000135,true,true
TRUTH-001087,PERSON-000584,SUSPECT_IN,CASE-000135,true,true
TRUTH-001088,PERSON-000230,SUSPECT_IN,CASE-000135,true,true
TRUTH-001089,PERSON-002757,SUSPECT_IN,CASE-000135,true,true
TRUTH-001090,PERSON-000916,SUSPECT_IN,CASE-000135,true,true
TRUTH-001091,PERSON-001664,OBSERVED_IN,CASE-000135,true,true
TRUTH-001092,PERSON-002675,OBSERVED_IN,CASE-000135,true,true
TRUTH-001093,PERSON-002998,OBSERVED_IN,CASE-000135,true,true
TRUTH-001094,PERSON-000904,OBSERVED_IN,CASE-000135,true,true
TRUTH-001095,PERSON-000697,OBSERVED_IN,CASE-000135,true,true
TRUTH-001096,PERSON-002715,OBSERVED_IN,CASE-000135,true,true
TRUTH-001097,PERSON-002675,SUSPECT_IN,CASE-000136,true,true
TRUTH-001098,PERSON-002896,SUSPECT_IN,CASE-000136,true,true
TRUTH-001099,PERSON-001664,SUSPECT_IN,CASE-000136,true,true
TRUTH-001100,PERSON-002847,OBSERVED_IN,CASE-000136,true,true
TRUTH-001101,PERSON-002438,OBSERVED_IN,CASE-000136,true,true
TRUTH-001102,PERSON-000886,OBSERVED_IN,CASE-000136,true,true
TRUTH-001103,PERSON-002803,SUSPECT_IN,CASE-000137,true,true
TRUTH-001104,PERSON-001327,SUSPECT_IN,CASE-000137,true,true
TRUTH-001105,PERSON-001658,SUSPECT_IN,CASE-000137,true,true
TRUTH-001106,PERSON-002975,SUSPECT_IN,CASE-000137,true,true
TRUTH-001107,PERSON-000634,SUSPECT_IN,CASE-000137,true,true
TRUTH-001108,PERSON-001349,OBSERVED_IN,CASE-000137,true,true
TRUTH-001109,PERSON-000922,OBSERVED_IN,CASE-000137,true,true
TRUTH-001110,PERSON-001861,SUSPECT_IN,CASE-000138,true,true
TRUTH-001111,PERSON-000081,SUSPECT_IN,CASE-000138,true,true
TRUTH-001112,PERSON-000863,OBSERVED_IN,CASE-000138,true,true
TRUTH-001113,PERSON-002574,OBSERVED_IN,CASE-000138,true,true
TRUTH-001114,PERSON-001589,OBSERVED_IN,CASE-000138,true,true
TRUTH-001115,PERSON-002750,SUSPECT_IN,CASE-000139,true,true
TRUTH-001116,PERSON-000057,SUSPECT_IN,CASE-000139,true,true
TRUTH-001117,PERSON-001667,OBSERVED_IN,CASE-000139,true,true
TRUTH-001118,PERSON-001041,OBSERVED_IN,CASE-000139,true,true
TRUTH-001119,PERSON-000621,SUSPECT_IN,CASE-000140,true,true
TRUTH-001120,PERSON-000846,SUSPECT_IN,CASE-000140,true,true
TRUTH-001121,PERSON-002517,OBSERVED_IN,CASE-000140,true,true
TRUTH-001122,PERSON-002873,OBSERVED_IN,CASE-000140,true,true
TRUTH-001123,PERSON-001898,OBSERVED_IN,CASE-000140,true,true
TRUTH-001124,PERSON-001965,OBSERVED_IN,CASE-000140,true,true
TRUTH-001125,PERSON-000863,OBSERVED_IN,CASE-000140,true,true
TRUTH-001126,PERSON-002745,OBSERVED_IN,CASE-000140,true,true
TRUTH-001127,PERSON-001381,SUSPECT_IN,CASE-000141,true,true
TRUTH-001128,PERSON-000111,SUSPECT_IN,CASE-000141,true,true
TRUTH-001129,PERSON-001326,SUSPECT_IN,CASE-000141,true,true
TRUTH-001130,PERSON-000414,OBSERVED_IN,CASE-000141,true,true
TRUTH-001131,PERSON-001687,OBSERVED_IN,CASE-000141,true,true
TRUTH-001132,PERSON-000207,OBSERVED_IN,CASE-000141,true,true
TRUTH-001133,PERSON-002896,SUSPECT_IN,CASE-000142,true,true
TRUTH-001134,PERSON-002438,SUSPECT_IN,CASE-000142,true,true
TRUTH-001135,PERSON-001363,SUSPECT_IN,CASE-000142,true,true
TRUTH-001136,PERSON-001847,SUSPECT_IN,CASE-000142,true,true
TRUTH-001137,PERSON-002039,SUSPECT_IN,CASE-000142,true,true
TRUTH-001138,PERSON-001542,OBSERVED_IN,CASE-000142,true,true
TRUTH-001139,PERSON-000060,OBSERVED_IN,CASE-000142,true,true
TRUTH-001140,PERSON-000497,OBSERVED_IN,CASE-000142,true,true
TRUTH-001141,PERSON-002847,OBSERVED_IN,CASE-000142,true,true
TRUTH-001142,PERSON-002922,OBSERVED_IN,CASE-000142,true,true
TRUTH-001143,PERSON-000613,SUSPECT_IN,CASE-000143,true,true
TRUTH-001144,PERSON-000489,SUSPECT_IN,CASE-000143,true,true
TRUTH-001145,PERSON-000822,OBSERVED_IN,CASE-000143,true,true
TRUTH-001146,PERSON-001071,OBSERVED_IN,CASE-000143,true,true
TRUTH-001147,PERSON-002759,OBSERVED_IN,CASE-000143,true,true
TRUTH-001148,PERSON-002068,OBSERVED_IN,CASE-000143,true,true
TRUTH-001149,PERSON-002896,SUSPECT_IN,CASE-000144,true,true
TRUTH-001150,PERSON-002922,SUSPECT_IN,CASE-000144,true,true
TRUTH-001151,PERSON-001542,SUSPECT_IN,CASE-000144,true,true
TRUTH-001152,PERSON-001343,SUSPECT_IN,CASE-000144,true,true
TRUTH-001153,PERSON-000886,OBSERVED_IN,CASE-000144,true,true
TRUTH-001154,PERSON-000497,OBSERVED_IN,CASE-000144,true,true
TRUTH-001155,PERSON-000060,OBSERVED_IN,CASE-000144,true,true
TRUTH-001156,PERSON-001670,SUSPECT_IN,CASE-000145,true,true
TRUTH-001157,PERSON-001589,SUSPECT_IN,CASE-000145,true,true
TRUTH-001158,PERSON-001210,SUSPECT_IN,CASE-000145,true,true
TRUTH-001159,PERSON-001619,SUSPECT_IN,CASE-000145,true,true
TRUTH-001160,PERSON-000146,OBSERVED_IN,CASE-000145,true,true
TRUTH-001161,PERSON-002750,OBSERVED_IN,CASE-000145,true,true
TRUTH-001162,PERSON-001041,OBSERVED_IN,CASE-000145,true,true
TRUTH-001163,PERSON-002846,SUSPECT_IN,CASE-000146,true,true
TRUTH-001164,PERSON-001578,SUSPECT_IN,CASE-000146,true,true
TRUTH-001165,PERSON-000260,SUSPECT_IN,CASE-000146,true,true
TRUTH-001166,PERSON-002304,SUSPECT_IN,CASE-000146,true,true
TRUTH-001167,PERSON-001747,SUSPECT_IN,CASE-000146,true,true
TRUTH-001168,PERSON-002408,SUSPECT_IN,CASE-000146,true,true
TRUTH-001169,PERSON-001334,OBSERVED_IN,CASE-000146,true,true
TRUTH-001170,PERSON-001780,OBSERVED_IN,CASE-000146,true,true
TRUTH-001171,PERSON-001029,OBSERVED_IN,CASE-000146,true,true
TRUTH-001172,PERSON-000405,SUSPECT_IN,CASE-000147,true,true
TRUTH-001173,PERSON-000784,SUSPECT_IN,CASE-000147,true,true
TRUTH-001174,PERSON-000667,SUSPECT_IN,CASE-000147,true,true
TRUTH-001175,PERSON-000717,SUSPECT_IN,CASE-000147,true,true
TRUTH-001176,PERSON-001107,SUSPECT_IN,CASE-000147,true,true
TRUTH-001177,PERSON-000397,OBSERVED_IN,CASE-000147,true,true
TRUTH-001178,PERSON-000074,OBSERVED_IN,CASE-000147,true,true
TRUTH-001179,PERSON-001131,OBSERVED_IN,CASE-000147,true,true
TRUTH-001180,PERSON-001182,OBSERVED_IN,CASE-000147,true,true
TRUTH-001181,PERSON-002004,OBSERVED_IN,CASE-000147,true,true
TRUTH-001182,PERSON-000863,SUSPECT_IN,CASE-000148,true,true
TRUTH-001183,PERSON-000850,SUSPECT_IN,CASE-000148,true,true
TRUTH-001184,PERSON-001259,SUSPECT_IN,CASE-000148,true,true
TRUTH-001185,PERSON-001589,SUSPECT_IN,CASE-000148,true,true
TRUTH-001186,PERSON-001861,SUSPECT_IN,CASE-000148,true,true
TRUTH-001187,PERSON-000647,SUSPECT_IN,CASE-000148,true,true
TRUTH-001188,PERSON-002757,OBSERVED_IN,CASE-000148,true,true
TRUTH-001189,PERSON-002574,OBSERVED_IN,CASE-000148,true,true
TRUTH-001190,PERSON-000621,SUSPECT_IN,CASE-000149,true,true
TRUTH-001191,PERSON-000921,SUSPECT_IN,CASE-000149,true,true
TRUTH-001192,PERSON-002745,SUSPECT_IN,CASE-000149,true,true
TRUTH-001193,PERSON-002020,SUSPECT_IN,CASE-000149,true,true
TRUTH-001194,PERSON-000863,SUSPECT_IN,CASE-000149,true,true
TRUTH-001195,PERSON-000901,SUSPECT_IN,CASE-000149,true,true
TRUTH-001196,PERSON-001992,OBSERVED_IN,CASE-000149,true,true
TRUTH-001197,PERSON-002999,OBSERVED_IN,CASE-000149,true,true
TRUTH-001198,PERSON-000765,OBSERVED_IN,CASE-000149,true,true
TRUTH-001199,PERSON-001965,OBSERVED_IN,CASE-000149,true,true
TRUTH-001200,PERSON-001481,SUSPECT_IN,CASE-000150,true,true
TRUTH-001201,PERSON-000275,SUSPECT_IN,CASE-000150,true,true
TRUTH-001202,PERSON-002737,SUSPECT_IN,CASE-000150,true,true
TRUTH-001203,PERSON-000473,SUSPECT_IN,CASE-000150,true,true
TRUTH-001204,PERSON-001205,SUSPECT_IN,CASE-000150,true,true
TRUTH-001205,PERSON-000682,OBSERVED_IN,CASE-000150,true,true
TRUTH-001206,PERSON-000165,OBSERVED_IN,CASE-000150,true,true
TRUTH-001207,PERSON-000032,OBSERVED_IN,CASE-000150,true,true
TRUTH-001208,PERSON-001589,SUSPECT_IN,CASE-000151,true,true
TRUTH-001209,PERSON-001041,SUSPECT_IN,CASE-000151,true,true
TRUTH-001210,PERSON-001670,SUSPECT_IN,CASE-000151,true,true
TRUTH-001211,PERSON-000146,SUSPECT_IN,CASE-000151,true,true
TRUTH-001212,PERSON-000351,SUSPECT_IN,CASE-000151,true,true
TRUTH-001213,PERSON-000488,SUSPECT_IN,CASE-000151,true,true
TRUTH-001214,PERSON-002750,OBSERVED_IN,CASE-000151,true,true
TRUTH-001215,PERSON-001558,OBSERVED_IN,CASE-000151,true,true
TRUTH-001216,PERSON-000584,SUSPECT_IN,CASE-000152,true,true
TRUTH-001217,PERSON-002715,SUSPECT_IN,CASE-000152,true,true
TRUTH-001218,PERSON-000697,SUSPECT_IN,CASE-000152,true,true
TRUTH-001219,PERSON-002675,SUSPECT_IN,CASE-000152,true,true
TRUTH-001220,PERSON-001315,SUSPECT_IN,CASE-000152,true,true
TRUTH-001221,PERSON-002954,SUSPECT_IN,CASE-000152,true,true
TRUTH-001222,PERSON-001664,OBSERVED_IN,CASE-000152,true,true
TRUTH-001223,PERSON-002998,OBSERVED_IN,CASE-000152,true,true
TRUTH-001224,PERSON-002835,OBSERVED_IN,CASE-000152,true,true
TRUTH-001225,PERSON-000948,OBSERVED_IN,CASE-000152,true,true
TRUTH-001226,PERSON-002757,OBSERVED_IN,CASE-000152,true,true
TRUTH-001227,PERSON-000904,OBSERVED_IN,CASE-000152,true,true
TRUTH-001228,PERSON-002368,SUSPECT_IN,CASE-000153,true,true
TRUTH-001229,PERSON-002454,SUSPECT_IN,CASE-000153,true,true
TRUTH-001230,PERSON-000232,OBSERVED_IN,CASE-000153,true,true
TRUTH-001231,PERSON-002839,OBSERVED_IN,CASE-000153,true,true
TRUTH-001232,PERSON-000540,OBSERVED_IN,CASE-000153,true,true
TRUTH-001233,PERSON-001589,SUSPECT_IN,CASE-000154,true,true
TRUTH-001234,PERSON-001670,SUSPECT_IN,CASE-000154,true,true
TRUTH-001235,PERSON-001041,SUSPECT_IN,CASE-000154,true,true
TRUTH-001236,PERSON-002750,SUSPECT_IN,CASE-000154,true,true
TRUTH-001237,PERSON-001667,SUSPECT_IN,CASE-000154,true,true
TRUTH-001238,PERSON-000351,SUSPECT_IN,CASE-000154,true,true
TRUTH-001239,PERSON-000146,OBSERVED_IN,CASE-000154,true,true
TRUTH-001240,PERSON-001210,OBSERVED_IN,CASE-000154,true,true
TRUTH-001241,PERSON-001558,OBSERVED_IN,CASE-000154,true,true
TRUTH-001242,PERSON-002223,SUSPECT_IN,CASE-000155,true,true
TRUTH-001243,PERSON-000047,SUSPECT_IN,CASE-000155,true,true
TRUTH-001244,PERSON-000217,SUSPECT_IN,CASE-000155,true,true
TRUTH-001245,PERSON-002205,SUSPECT_IN,CASE-000155,true,true
TRUTH-001246,PERSON-000146,OBSERVED_IN,CASE-000155,true,true
TRUTH-001247,PERSON-002938,OBSERVED_IN,CASE-000155,true,true
TRUTH-001248,PERSON-000279,OBSERVED_IN,CASE-000155,true,true
TRUTH-001249,PERSON-000556,OBSERVED_IN,CASE-000155,true,true
TRUTH-001250,PERSON-002660,SUSPECT_IN,CASE-000156,true,true
TRUTH-001251,PERSON-000860,SUSPECT_IN,CASE-000156,true,true
TRUTH-001252,PERSON-001337,SUSPECT_IN,CASE-000156,true,true
TRUTH-001253,PERSON-001542,SUSPECT_IN,CASE-000156,true,true
TRUTH-001254,PERSON-000405,OBSERVED_IN,CASE-000156,true,true
TRUTH-001255,PERSON-000769,OBSERVED_IN,CASE-000156,true,true
TRUTH-001256,PERSON-001507,OBSERVED_IN,CASE-000156,true,true
TRUTH-001257,PERSON-001135,OBSERVED_IN,CASE-000156,true,true
TRUTH-001258,PERSON-001589,SUSPECT_IN,CASE-000157,true,true
TRUTH-001259,PERSON-001259,SUSPECT_IN,CASE-000157,true,true
TRUTH-001260,PERSON-000063,SUSPECT_IN,CASE-000157,true,true
TRUTH-001261,PERSON-001861,SUSPECT_IN,CASE-000157,true,true
TRUTH-001262,PERSON-002574,SUSPECT_IN,CASE-000157,true,true
TRUTH-001263,PERSON-002060,SUSPECT_IN,CASE-000157,true,true
TRUTH-001264,PERSON-000863,OBSERVED_IN,CASE-000157,true,true
TRUTH-001265,PERSON-002757,OBSERVED_IN,CASE-000157,true,true
TRUTH-001266,PERSON-002999,SUSPECT_IN,CASE-000158,true,true
TRUTH-001267,PERSON-000621,SUSPECT_IN,CASE-000158,true,true
TRUTH-001268,PERSON-001992,SUSPECT_IN,CASE-000158,true,true
TRUTH-001269,PERSON-000538,SUSPECT_IN,CASE-000158,true,true
TRUTH-001270,PERSON-002020,SUSPECT_IN,CASE-000158,true,true
TRUTH-001271,PERSON-002745,SUSPECT_IN,CASE-000158,true,true
TRUTH-001272,PERSON-001965,OBSERVED_IN,CASE-000158,true,true
TRUTH-001273,PERSON-001558,SUSPECT_IN,CASE-000159,true,true
TRUTH-001274,PERSON-002750,SUSPECT_IN,CASE-000159,true,true
TRUTH-001275,PERSON-001670,SUSPECT_IN,CASE-000159,true,true
TRUTH-001276,PERSON-001589,SUSPECT_IN,CASE-000159,true,true
TRUTH-001277,PERSON-000146,SUSPECT_IN,CASE-000159,true,true
TRUTH-001278,PERSON-001210,OBSERVED_IN,CASE-000159,true,true
TRUTH-001279,PERSON-001041,OBSERVED_IN,CASE-000159,true,true
TRUTH-001280,PERSON-000351,OBSERVED_IN,CASE-000159,true,true
TRUTH-001281,PERSON-000488,SUSPECT_IN,CASE-000160,true,true
TRUTH-001282,PERSON-002873,SUSPECT_IN,CASE-000160,true,true
TRUTH-001283,PERSON-001992,SUSPECT_IN,CASE-000160,true,true
TRUTH-001284,PERSON-002517,OBSERVED_IN,CASE-000160,true,true
TRUTH-001285,PERSON-001544,OBSERVED_IN,CASE-000160,true,true
TRUTH-001286,PERSON-000120,OBSERVED_IN,CASE-000160,true,true
TRUTH-001287,PERSON-001965,OBSERVED_IN,CASE-000160,true,true
TRUTH-001288,PERSON-000863,OBSERVED_IN,CASE-000160,true,true
TRUTH-001289,PERSON-001543,OBSERVED_IN,CASE-000160,true,true
TRUTH-001290,PERSON-000621,OBSERVED_IN,CASE-000160,true,true
TRUTH-001291,PERSON-002737,SUSPECT_IN,CASE-000161,true,true
TRUTH-001292,PERSON-000682,SUSPECT_IN,CASE-000161,true,true
TRUTH-001293,PERSON-000473,SUSPECT_IN,CASE-000161,true,true
TRUTH-001294,PERSON-000042,SUSPECT_IN,CASE-000161,true,true
TRUTH-001295,PERSON-000165,SUSPECT_IN,CASE-000161,true,true
TRUTH-001296,PERSON-000909,SUSPECT_IN,CASE-000161,true,true
TRUTH-001297,PERSON-000275,OBSERVED_IN,CASE-000161,true,true
TRUTH-001298,PERSON-000245,SUSPECT_IN,CASE-000162,true,true
TRUTH-001299,PERSON-000943,SUSPECT_IN,CASE-000162,true,true
TRUTH-001300,PERSON-001578,SUSPECT_IN,CASE-000162,true,true
TRUTH-001301,PERSON-002397,SUSPECT_IN,CASE-000162,true,true
TRUTH-001302,PERSON-001747,SUSPECT_IN,CASE-000162,true,true
TRUTH-001303,PERSON-002066,SUSPECT_IN,CASE-000162,true,true
TRUTH-001304,PERSON-000260,OBSERVED_IN,CASE-000162,true,true
TRUTH-001305,PERSON-000825,OBSERVED_IN,CASE-000162,true,true
TRUTH-001306,PERSON-000374,OBSERVED_IN,CASE-000162,true,true
TRUTH-001307,PERSON-000063,SUSPECT_IN,CASE-000163,true,true
TRUTH-001308,PERSON-000850,SUSPECT_IN,CASE-000163,true,true
TRUTH-001309,PERSON-000863,SUSPECT_IN,CASE-000163,true,true
TRUTH-001310,PERSON-002164,SUSPECT_IN,CASE-000163,true,true
TRUTH-001311,PERSON-000081,OBSERVED_IN,CASE-000163,true,true
TRUTH-001312,PERSON-001259,OBSERVED_IN,CASE-000163,true,true
TRUTH-001313,PERSON-001861,OBSERVED_IN,CASE-000163,true,true
TRUTH-001314,PERSON-002574,OBSERVED_IN,CASE-000163,true,true
TRUTH-001315,PERSON-002757,OBSERVED_IN,CASE-000163,true,true
TRUTH-001316,PERSON-000635,SUSPECT_IN,CASE-000164,true,true
TRUTH-001317,PERSON-000832,SUSPECT_IN,CASE-000164,true,true
TRUTH-001318,PERSON-001596,SUSPECT_IN,CASE-000164,true,true
TRUTH-001319,PERSON-002847,SUSPECT_IN,CASE-000164,true,true
TRUTH-001320,PERSON-000886,OBSERVED_IN,CASE-000164,true,true
TRUTH-001321,PERSON-001847,OBSERVED_IN,CASE-000164,true,true
TRUTH-001322,PERSON-001363,OBSERVED_IN,CASE-000164,true,true
TRUTH-001323,PERSON-002982,SUSPECT_IN,CASE-000165,true,true
TRUTH-001324,PERSON-000955,SUSPECT_IN,CASE-000165,true,true
TRUTH-001325,PERSON-001552,SUSPECT_IN,CASE-000165,true,true
TRUTH-001326,PERSON-001214,SUSPECT_IN,CASE-000165,true,true
TRUTH-001327,PERSON-001127,SUSPECT_IN,CASE-000165,true,true
TRUTH-001328,PERSON-002159,OBSERVED_IN,CASE-000165,true,true
TRUTH-001329,PERSON-000022,OBSERVED_IN,CASE-000165,true,true
TRUTH-001330,PERSON-002309,OBSERVED_IN,CASE-000165,true,true
TRUTH-001331,PERSON-000906,OBSERVED_IN,CASE-000165,true,true
TRUTH-001332,PERSON-002758,OBSERVED_IN,CASE-000165,true,true
TRUTH-001333,PERSON-002847,OBSERVED_IN,CASE-000165,true,true
TRUTH-001334,PERSON-000825,SUSPECT_IN,CASE-000166,true,true
TRUTH-001335,PERSON-001029,SUSPECT_IN,CASE-000166,true,true
TRUTH-001336,PERSON-000260,SUSPECT_IN,CASE-000166,true,true
TRUTH-001337,PERSON-000943,SUSPECT_IN,CASE-000166,true,true
TRUTH-001338,PERSON-001847,SUSPECT_IN,CASE-000166,true,true
TRUTH-001339,PERSON-000499,OBSERVED_IN,CASE-000166,true,true
TRUTH-001340,PERSON-002397,OBSERVED_IN,CASE-000166,true,true
TRUTH-001341,PERSON-001747,OBSERVED_IN,CASE-000166,true,true
TRUTH-001342,PERSON-002408,OBSERVED_IN,CASE-000166,true,true
TRUTH-001343,PERSON-001691,OBSERVED_IN,CASE-000166,true,true
TRUTH-001344,PERSON-001259,SUSPECT_IN,CASE-000167,true,true
TRUTH-001345,PERSON-001861,SUSPECT_IN,CASE-000167,true,true
TRUTH-001346,PERSON-000850,SUSPECT_IN,CASE-000167,true,true
TRUTH-001347,PERSON-000081,SUSPECT_IN,CASE-000167,true,true
TRUTH-001348,PERSON-000863,SUSPECT_IN,CASE-000167,true,true
TRUTH-001349,PERSON-000449,SUSPECT_IN,CASE-000167,true,true
TRUTH-001350,PERSON-000063,OBSERVED_IN,CASE-000167,true,true
TRUTH-001351,PERSON-001214,SUSPECT_IN,CASE-000168,true,true
TRUTH-001352,PERSON-000526,SUSPECT_IN,CASE-000168,true,true
TRUTH-001353,PERSON-000223,SUSPECT_IN,CASE-000168,true,true
TRUTH-001354,PERSON-000957,SUSPECT_IN,CASE-000168,true,true
TRUTH-001355,PERSON-001110,OBSERVED_IN,CASE-000168,true,true
TRUTH-001356,PERSON-002309,OBSERVED_IN,CASE-000168,true,true
TRUTH-001357,PERSON-000566,OBSERVED_IN,CASE-000168,true,true
TRUTH-001358,PERSON-000955,OBSERVED_IN,CASE-000168,true,true
TRUTH-001359,PERSON-001360,OBSERVED_IN,CASE-000168,true,true
TRUTH-001360,PERSON-001552,OBSERVED_IN,CASE-000168,true,true
TRUTH-001361,PERSON-001127,SUSPECT_IN,CASE-000169,true,true
TRUTH-001362,PERSON-002982,SUSPECT_IN,CASE-000169,true,true
TRUTH-001363,PERSON-001054,SUSPECT_IN,CASE-000169,true,true
TRUTH-001364,PERSON-000955,SUSPECT_IN,CASE-000169,true,true
TRUTH-001365,PERSON-002309,SUSPECT_IN,CASE-000169,true,true
TRUTH-001366,PERSON-001110,SUSPECT_IN,CASE-000169,true,true
TRUTH-001367,PERSON-001131,OBSERVED_IN,CASE-000169,true,true
TRUTH-001368,PERSON-001552,OBSERVED_IN,CASE-000169,true,true
TRUTH-001369,PERSON-000906,OBSERVED_IN,CASE-000169,true,true
TRUTH-001370,PERSON-000886,SUSPECT_IN,CASE-000170,true,true
TRUTH-001371,PERSON-002847,SUSPECT_IN,CASE-000170,true,true
TRUTH-001372,PERSON-002713,SUSPECT_IN,CASE-000170,true,true
TRUTH-001373,PERSON-001363,SUSPECT_IN,CASE-000170,true,true
TRUTH-001374,PERSON-000062,SUSPECT_IN,CASE-000170,true,true
TRUTH-001375,PERSON-000832,OBSERVED_IN,CASE-000170,true,true
TRUTH-001376,PERSON-002675,OBSERVED_IN,CASE-000170,true,true
TRUTH-001377,PERSON-002438,OBSERVED_IN,CASE-000170,true,true
TRUTH-001378,PERSON-002922,OBSERVED_IN,CASE-000170,true,true
TRUTH-001379,PERSON-000488,SUSPECT_IN,CASE-000171,true,true
TRUTH-001380,PERSON-001205,SUSPECT_IN,CASE-000171,true,true
TRUTH-001381,PERSON-000621,SUSPECT_IN,CASE-000171,true,true
TRUTH-001382,PERSON-001992,OBSERVED_IN,CASE-000171,true,true
TRUTH-001383,PERSON-001898,OBSERVED_IN,CASE-000171,true,true
TRUTH-001384,PERSON-000921,OBSERVED_IN,CASE-000171,true,true
TRUTH-001385,PERSON-002745,OBSERVED_IN,CASE-000171,true,true
TRUTH-001386,PERSON-001578,SUSPECT_IN,CASE-000172,true,true
TRUTH-001387,PERSON-000822,SUSPECT_IN,CASE-000172,true,true
TRUTH-001388,PERSON-002759,SUSPECT_IN,CASE-000172,true,true
TRUTH-001389,PERSON-001071,SUSPECT_IN,CASE-000172,true,true
TRUTH-001390,PERSON-002986,OBSERVED_IN,CASE-000172,true,true
TRUTH-001391,PERSON-002068,OBSERVED_IN,CASE-000172,true,true
TRUTH-001392,PERSON-002759,SUSPECT_IN,CASE-000173,true,true
TRUTH-001393,PERSON-001363,SUSPECT_IN,CASE-000173,true,true
TRUTH-001394,PERSON-001425,OBSERVED_IN,CASE-000173,true,true
TRUTH-001395,PERSON-002068,OBSERVED_IN,CASE-000173,true,true
TRUTH-001396,PERSON-001757,SUSPECT_IN,CASE-000174,true,true
TRUTH-001397,PERSON-001115,SUSPECT_IN,CASE-000174,true,true
TRUTH-001398,PERSON-002060,SUSPECT_IN,CASE-000174,true,true
TRUTH-001399,PERSON-000440,SUSPECT_IN,CASE-000174,true,true
TRUTH-001400,PERSON-000792,SUSPECT_IN,CASE-000174,true,true
TRUTH-001401,PERSON-001610,OBSERVED_IN,CASE-000174,true,true
TRUTH-001402,PERSON-001558,OBSERVED_IN,CASE-000174,true,true
TRUTH-001403,PERSON-002618,OBSERVED_IN,CASE-000174,true,true
TRUTH-001404,PERSON-001774,SUSPECT_IN,CASE-000175,true,true
TRUTH-001405,PERSON-000407,SUSPECT_IN,CASE-000175,true,true
TRUTH-001406,PERSON-000414,SUSPECT_IN,CASE-000175,true,true
TRUTH-001407,PERSON-000597,SUSPECT_IN,CASE-000175,true,true
TRUTH-001408,PERSON-000103,OBSERVED_IN,CASE-000175,true,true
TRUTH-001409,PERSON-001869,OBSERVED_IN,CASE-000175,true,true
TRUTH-001410,PERSON-000366,OBSERVED_IN,CASE-000175,true,true
TRUTH-001411,PERSON-001206,SUSPECT_IN,CASE-000176,true,true
TRUTH-001412,PERSON-001318,SUSPECT_IN,CASE-000176,true,true
TRUTH-001413,PERSON-000175,OBSERVED_IN,CASE-000176,true,true
TRUTH-001414,PERSON-001944,OBSERVED_IN,CASE-000176,true,true
TRUTH-001415,PERSON-000001,OBSERVED_IN,CASE-000176,true,true
TRUTH-001416,PERSON-001617,SUSPECT_IN,CASE-000177,true,true
TRUTH-001417,PERSON-002725,SUSPECT_IN,CASE-000177,true,true
TRUTH-001418,PERSON-000721,OBSERVED_IN,CASE-000177,true,true
TRUTH-001419,PERSON-001540,OBSERVED_IN,CASE-000177,true,true
TRUTH-001420,PERSON-002970,OBSERVED_IN,CASE-000177,true,true
TRUTH-001421,PERSON-002106,SUSPECT_IN,CASE-000178,true,true
TRUTH-001422,PERSON-000862,SUSPECT_IN,CASE-000178,true,true
TRUTH-001423,PERSON-000479,SUSPECT_IN,CASE-000178,true,true
TRUTH-001424,PERSON-000146,SUSPECT_IN,CASE-000178,true,true
TRUTH-001425,PERSON-002739,OBSERVED_IN,CASE-000178,true,true
TRUTH-001426,PERSON-001516,OBSERVED_IN,CASE-000178,true,true
TRUTH-001427,PERSON-002965,OBSERVED_IN,CASE-000178,true,true
TRUTH-001428,PERSON-001387,OBSERVED_IN,CASE-000178,true,true
TRUTH-001429,PERSON-001152,OBSERVED_IN,CASE-000178,true,true
TRUTH-001430,PERSON-002009,OBSERVED_IN,CASE-000178,true,true
TRUTH-001431,PERSON-002574,SUSPECT_IN,CASE-000179,true,true
TRUTH-001432,PERSON-001259,SUSPECT_IN,CASE-000179,true,true
TRUTH-001433,PERSON-000792,SUSPECT_IN,CASE-000179,true,true
TRUTH-001434,PERSON-000850,OBSERVED_IN,CASE-000179,true,true
TRUTH-001435,PERSON-001861,OBSERVED_IN,CASE-000179,true,true
TRUTH-001436,PERSON-000081,OBSERVED_IN,CASE-000179,true,true
TRUTH-001437,PERSON-000863,OBSERVED_IN,CASE-000179,true,true
TRUTH-001438,PERSON-000397,SUSPECT_IN,CASE-000180,true,true
TRUTH-001439,PERSON-002915,SUSPECT_IN,CASE-000180,true,true
TRUTH-001440,PERSON-000074,OBSERVED_IN,CASE-000180,true,true
TRUTH-001441,PERSON-001131,OBSERVED_IN,CASE-000180,true,true
TRUTH-001442,PERSON-002215,OBSERVED_IN,CASE-000180,true,true
TRUTH-001443,PERSON-001890,OBSERVED_IN,CASE-000180,true,true
TRUTH-001444,PERSON-001610,SUSPECT_IN,CASE-000181,true,true
TRUTH-001445,PERSON-001115,SUSPECT_IN,CASE-000181,true,true
TRUTH-001446,PERSON-000440,SUSPECT_IN,CASE-000181,true,true
TRUTH-001447,PERSON-001757,SUSPECT_IN,CASE-000181,true,true
TRUTH-001448,PERSON-002821,OBSERVED_IN,CASE-000181,true,true
TRUTH-001449,PERSON-000792,OBSERVED_IN,CASE-000181,true,true
TRUTH-001450,PERSON-001670,SUSPECT_IN,CASE-000182,true,true
TRUTH-001451,PERSON-001667,SUSPECT_IN,CASE-000182,true,true
TRUTH-001452,PERSON-000146,SUSPECT_IN,CASE-000182,true,true
TRUTH-001453,PERSON-001589,SUSPECT_IN,CASE-000182,true,true
TRUTH-001454,PERSON-001210,OBSERVED_IN,CASE-000182,true,true
TRUTH-001455,PERSON-002750,OBSERVED_IN,CASE-000182,true,true
TRUTH-001456,PERSON-001041,OBSERVED_IN,CASE-000182,true,true
TRUTH-001457,PERSON-001701,SUSPECT_IN,CASE-000183,true,true
TRUTH-001458,PERSON-000823,SUSPECT_IN,CASE-000183,true,true
TRUTH-001459,PERSON-002654,SUSPECT_IN,CASE-000183,true,true
TRUTH-001460,PERSON-002449,OBSERVED_IN,CASE-000183,true,true
TRUTH-001461,PERSON-002646,OBSERVED_IN,CASE-000183,true,true
TRUTH-001462,PERSON-000569,OBSERVED_IN,CASE-000183,true,true
TRUTH-001463,PERSON-002965,OBSERVED_IN,CASE-000183,true,true
TRUTH-001464,PERSON-001387,OBSERVED_IN,CASE-000183,true,true
TRUTH-001465,PERSON-000838,OBSERVED_IN,CASE-000183,true,true
TRUTH-001466,PERSON-000351,SUSPECT_IN,CASE-000184,true,true
TRUTH-001467,PERSON-001670,SUSPECT_IN,CASE-000184,true,true
TRUTH-001468,PERSON-001667,SUSPECT_IN,CASE-000184,true,true
TRUTH-001469,PERSON-002750,SUSPECT_IN,CASE-000184,true,true
TRUTH-001470,PERSON-000357,SUSPECT_IN,CASE-000184,true,true
TRUTH-001471,PERSON-001210,OBSERVED_IN,CASE-000184,true,true
TRUTH-001472,PERSON-001558,OBSERVED_IN,CASE-000184,true,true
TRUTH-001473,PERSON-000275,SUSPECT_IN,CASE-000185,true,true
TRUTH-001474,PERSON-000032,SUSPECT_IN,CASE-000185,true,true
TRUTH-001475,PERSON-000473,SUSPECT_IN,CASE-000185,true,true
TRUTH-001476,PERSON-002737,SUSPECT_IN,CASE-000185,true,true
TRUTH-001477,PERSON-001558,SUSPECT_IN,CASE-000185,true,true
TRUTH-001478,PERSON-000682,OBSERVED_IN,CASE-000185,true,true
TRUTH-001479,PERSON-001481,OBSERVED_IN,CASE-000185,true,true
TRUTH-001480,PERSON-000042,OBSERVED_IN,CASE-000185,true,true
TRUTH-001481,PERSON-002847,SUSPECT_IN,CASE-000186,true,true
TRUTH-001482,PERSON-001480,SUSPECT_IN,CASE-000186,true,true
TRUTH-001483,PERSON-002247,SUSPECT_IN,CASE-000186,true,true
TRUTH-001484,PERSON-000832,OBSERVED_IN,CASE-000186,true,true
TRUTH-001485,PERSON-002675,OBSERVED_IN,CASE-000186,true,true
TRUTH-001486,PERSON-001847,OBSERVED_IN,CASE-000186,true,true
TRUTH-001487,PERSON-000060,OBSERVED_IN,CASE-000186,true,true
TRUTH-001488,PERSON-000111,SUSPECT_IN,CASE-000187,true,true
TRUTH-001489,PERSON-001687,SUSPECT_IN,CASE-000187,true,true
TRUTH-001490,PERSON-001869,SUSPECT_IN,CASE-000187,true,true
TRUTH-001491,PERSON-002094,SUSPECT_IN,CASE-000187,true,true
TRUTH-001492,PERSON-000103,SUSPECT_IN,CASE-000187,true,true
TRUTH-001493,PERSON-002965,SUSPECT_IN,CASE-000187,true,true
TRUTH-001494,PERSON-000419,OBSERVED_IN,CASE-000187,true,true
TRUTH-001495,PERSON-002737,OBSERVED_IN,CASE-000187,true,true
TRUTH-001496,PERSON-000366,OBSERVED_IN,CASE-000187,true,true
TRUTH-001497,PERSON-000414,OBSERVED_IN,CASE-000187,true,true
TRUTH-001498,PERSON-002417,OBSERVED_IN,CASE-000187,true,true
TRUTH-001499,PERSON-000207,OBSERVED_IN,CASE-000187,true,true
TRUTH-001500,PERSON-000901,SUSPECT_IN,CASE-000188,true,true
TRUTH-001501,PERSON-001519,SUSPECT_IN,CASE-000188,true,true
TRUTH-001502,PERSON-000599,SUSPECT_IN,CASE-000188,true,true
TRUTH-001503,PERSON-002930,SUSPECT_IN,CASE-000188,true,true
TRUTH-001504,PERSON-001908,OBSERVED_IN,CASE-000188,true,true
TRUTH-001505,PERSON-002247,OBSERVED_IN,CASE-000188,true,true
TRUTH-001506,PERSON-001880,OBSERVED_IN,CASE-000188,true,true
TRUTH-001507,PERSON-001258,OBSERVED_IN,CASE-000188,true,true
TRUTH-001508,PERSON-002964,SUSPECT_IN,CASE-000189,true,true
TRUTH-001509,PERSON-000217,SUSPECT_IN,CASE-000189,true,true
TRUTH-001510,PERSON-002758,SUSPECT_IN,CASE-000189,true,true
TRUTH-001511,PERSON-000146,OBSERVED_IN,CASE-000189,true,true
TRUTH-001512,PERSON-000279,OBSERVED_IN,CASE-000189,true,true
TRUTH-001513,PERSON-000556,OBSERVED_IN,CASE-000189,true,true
TRUTH-001514,PERSON-002879,SUSPECT_IN,CASE-000190,true,true
TRUTH-001515,PERSON-002450,SUSPECT_IN,CASE-000190,true,true
TRUTH-001516,PERSON-002517,SUSPECT_IN,CASE-000190,true,true
TRUTH-001517,PERSON-000769,OBSERVED_IN,CASE-000190,true,true
TRUTH-001518,PERSON-000597,OBSERVED_IN,CASE-000190,true,true
TRUTH-001519,PERSON-000860,OBSERVED_IN,CASE-000190,true,true
TRUTH-001520,PERSON-000817,OBSERVED_IN,CASE-000190,true,true
TRUTH-001521,PERSON-000062,OBSERVED_IN,CASE-000190,true,true
TRUTH-001522,PERSON-001581,OBSERVED_IN,CASE-000190,true,true
TRUTH-001523,PERSON-000556,SUSPECT_IN,CASE-000191,true,true
TRUTH-001524,PERSON-002205,SUSPECT_IN,CASE-000191,true,true
TRUTH-001525,PERSON-001043,SUSPECT_IN,CASE-000191,true,true
TRUTH-001526,PERSON-000217,OBSERVED_IN,CASE-000191,true,true
TRUTH-001527,PERSON-001041,SUSPECT_IN,CASE-000192,true,true
TRUTH-001528,PERSON-000351,SUSPECT_IN,CASE-000192,true,true
TRUTH-001529,PERSON-002757,SUSPECT_IN,CASE-000192,true,true
TRUTH-001530,PERSON-001210,OBSERVED_IN,CASE-000192,true,true
TRUTH-001531,PERSON-001670,OBSERVED_IN,CASE-000192,true,true
TRUTH-001532,PERSON-001558,OBSERVED_IN,CASE-000192,true,true
TRUTH-001533,PERSON-000863,SUSPECT_IN,CASE-000193,true,true
TRUTH-001534,PERSON-000120,SUSPECT_IN,CASE-000193,true,true
TRUTH-001535,PERSON-002745,SUSPECT_IN,CASE-000193,true,true
TRUTH-001536,PERSON-002803,SUSPECT_IN,CASE-000193,true,true
TRUTH-001537,PERSON-000538,OBSERVED_IN,CASE-000193,true,true
TRUTH-001538,PERSON-001965,OBSERVED_IN,CASE-000193,true,true
TRUTH-001539,PERSON-001259,SUSPECT_IN,CASE-000194,true,true
TRUTH-001540,PERSON-000850,SUSPECT_IN,CASE-000194,true,true
TRUTH-001541,PERSON-002757,SUSPECT_IN,CASE-000194,true,true
TRUTH-001542,PERSON-002574,SUSPECT_IN,CASE-000194,true,true
TRUTH-001543,PERSON-000081,OBSERVED_IN,CASE-000194,true,true
TRUTH-001544,PERSON-001861,OBSERVED_IN,CASE-000194,true,true
TRUTH-001545,PERSON-000863,OBSERVED_IN,CASE-000194,true,true
TRUTH-001546,PERSON-000063,OBSERVED_IN,CASE-000194,true,true
TRUTH-001547,PERSON-001589,OBSERVED_IN,CASE-000194,true,true
TRUTH-001548,PERSON-002713,SUSPECT_IN,CASE-000195,true,true
TRUTH-001549,PERSON-000635,SUSPECT_IN,CASE-000195,true,true
TRUTH-001550,PERSON-000832,SUSPECT_IN,CASE-000195,true,true
TRUTH-001551,PERSON-000497,SUSPECT_IN,CASE-000195,true,true
TRUTH-001552,PERSON-002922,SUSPECT_IN,CASE-000195,true,true
TRUTH-001553,PERSON-000611,OBSERVED_IN,CASE-000195,true,true
TRUTH-001554,PERSON-000233,SUSPECT_IN,CASE-000196,true,true
TRUTH-001555,PERSON-002122,SUSPECT_IN,CASE-000196,true,true
TRUTH-001556,PERSON-000492,SUSPECT_IN,CASE-000196,true,true
TRUTH-001557,PERSON-002771,SUSPECT_IN,CASE-000196,true,true
TRUTH-001558,PERSON-000886,OBSERVED_IN,CASE-000196,true,true
TRUTH-001559,PERSON-000144,OBSERVED_IN,CASE-000196,true,true
TRUTH-001560,PERSON-000302,OBSERVED_IN,CASE-000196,true,true
TRUTH-001561,PERSON-001880,OBSERVED_IN,CASE-000196,true,true
TRUTH-001562,PERSON-001830,OBSERVED_IN,CASE-000196,true,true
TRUTH-001563,PERSON-000419,SUSPECT_IN,CASE-000197,true,true
TRUTH-001564,PERSON-002737,SUSPECT_IN,CASE-000197,true,true
TRUTH-001565,PERSON-000111,SUSPECT_IN,CASE-000197,true,true
TRUTH-001566,PERSON-001584,SUSPECT_IN,CASE-000197,true,true
TRUTH-001567,PERSON-001687,OBSERVED_IN,CASE-000197,true,true
TRUTH-001568,PERSON-000103,OBSERVED_IN,CASE-000197,true,true
TRUTH-001569,PERSON-002094,SUSPECT_IN,CASE-000198,true,true
TRUTH-001570,PERSON-001687,SUSPECT_IN,CASE-000198,true,true
TRUTH-001571,PERSON-001674,SUSPECT_IN,CASE-000198,true,true
TRUTH-001572,PERSON-001774,OBSERVED_IN,CASE-000198,true,true
TRUTH-001573,PERSON-002737,OBSERVED_IN,CASE-000198,true,true
TRUTH-001574,PERSON-000407,OBSERVED_IN,CASE-000198,true,true
TRUTH-001575,PERSON-000207,OBSERVED_IN,CASE-000198,true,true
TRUTH-001576,PERSON-001869,OBSERVED_IN,CASE-000198,true,true
TRUTH-001577,PERSON-000846,SUSPECT_IN,CASE-000199,true,true
TRUTH-001578,PERSON-000823,SUSPECT_IN,CASE-000199,true,true
TRUTH-001579,PERSON-000009,SUSPECT_IN,CASE-000199,true,true
TRUTH-001580,PERSON-000862,OBSERVED_IN,CASE-000199,true,true
TRUTH-001581,PERSON-000295,OBSERVED_IN,CASE-000199,true,true
TRUTH-001582,PERSON-002646,OBSERVED_IN,CASE-000199,true,true
TRUTH-001583,PERSON-000569,OBSERVED_IN,CASE-000199,true,true
TRUTH-001584,PERSON-001387,OBSERVED_IN,CASE-000199,true,true
TRUTH-001585,PERSON-002009,OBSERVED_IN,CASE-000199,true,true
TRUTH-001586,PERSON-000397,SUSPECT_IN,CASE-000200,true,true
TRUTH-001587,PERSON-001107,SUSPECT_IN,CASE-000200,true,true
TRUTH-001588,PERSON-002068,SUSPECT_IN,CASE-000200,true,true
TRUTH-001589,PERSON-002004,OBSERVED_IN,CASE-000200,true,true
TRUTH-001590,PERSON-000784,OBSERVED_IN,CASE-000200,true,true
TRUTH-001591,PERSON-001234,OBSERVED_IN,CASE-000200,true,true
TRUTH-001592,PERSON-000081,SUSPECT_IN,CASE-000201,true,true
TRUTH-001593,PERSON-001589,SUSPECT_IN,CASE-000201,true,true
TRUTH-001594,PERSON-001861,SUSPECT_IN,CASE-000201,true,true
TRUTH-001595,PERSON-000569,SUSPECT_IN,CASE-000201,true,true
TRUTH-001596,PERSON-001259,OBSERVED_IN,CASE-000201,true,true
TRUTH-001597,PERSON-002574,OBSERVED_IN,CASE-000201,true,true
TRUTH-001598,PERSON-000863,OBSERVED_IN,CASE-000201,true,true
TRUTH-001599,PERSON-000063,OBSERVED_IN,CASE-000201,true,true
TRUTH-001600,PERSON-002757,OBSERVED_IN,CASE-000201,true,true
TRUTH-001601,PERSON-002066,SUSPECT_IN,CASE-000202,true,true
TRUTH-001602,PERSON-002944,SUSPECT_IN,CASE-000202,true,true
TRUTH-001603,PERSON-002418,SUSPECT_IN,CASE-000202,true,true
TRUTH-001604,PERSON-002077,SUSPECT_IN,CASE-000202,true,true
TRUTH-001605,PERSON-000096,SUSPECT_IN,CASE-000202,true,true
TRUTH-001606,PERSON-000697,SUSPECT_IN,CASE-000202,true,true
TRUTH-001607,PERSON-002197,OBSERVED_IN,CASE-000202,true,true
TRUTH-001608,PERSON-000957,OBSERVED_IN,CASE-000202,true,true
TRUTH-001609,PERSON-001172,OBSERVED_IN,CASE-000202,true,true
TRUTH-001610,PERSON-000991,OBSERVED_IN,CASE-000202,true,true
TRUTH-001611,PERSON-000488,SUSPECT_IN,CASE-000203,true,true
TRUTH-001612,PERSON-001898,SUSPECT_IN,CASE-000203,true,true
TRUTH-001613,PERSON-000357,SUSPECT_IN,CASE-000203,true,true
TRUTH-001614,PERSON-000921,SUSPECT_IN,CASE-000203,true,true
TRUTH-001615,PERSON-002449,SUSPECT_IN,CASE-000203,true,true
TRUTH-001616,PERSON-002999,OBSERVED_IN,CASE-000203,true,true
TRUTH-001617,PERSON-000538,OBSERVED_IN,CASE-000203,true,true
TRUTH-001618,PERSON-001540,OBSERVED_IN,CASE-000203,true,true
TRUTH-001619,PERSON-002745,OBSERVED_IN,CASE-000203,true,true
TRUTH-001620,PERSON-000180,SUSPECT_IN,CASE-000204,true,true
TRUTH-001621,PERSON-000440,SUSPECT_IN,CASE-000204,true,true
TRUTH-001622,PERSON-001474,SUSPECT_IN,CASE-000204,true,true
TRUTH-001623,PERSON-000792,SUSPECT_IN,CASE-000204,true,true
TRUTH-001624,PERSON-002821,SUSPECT_IN,CASE-000204,true,true
TRUTH-001625,PERSON-002618,SUSPECT_IN,CASE-000204,true,true
TRUTH-001626,PERSON-001610,OBSERVED_IN,CASE-000204,true,true
TRUTH-001627,PERSON-000792,SUSPECT_IN,CASE-000205,true,true
TRUTH-001628,PERSON-001610,SUSPECT_IN,CASE-000205,true,true
TRUTH-001629,PERSON-002618,SUSPECT_IN,CASE-000205,true,true
TRUTH-001630,PERSON-001262,SUSPECT_IN,CASE-000205,true,true
TRUTH-001631,PERSON-000136,SUSPECT_IN,CASE-000205,true,true
TRUTH-001632,PERSON-001474,OBSERVED_IN,CASE-000205,true,true
TRUTH-001633,PERSON-002821,OBSERVED_IN,CASE-000205,true,true
TRUTH-001634,PERSON-000440,OBSERVED_IN,CASE-000205,true,true
TRUTH-001635,PERSON-002068,SUSPECT_IN,CASE-000206,true,true
TRUTH-001636,PERSON-000473,SUSPECT_IN,CASE-000206,true,true
TRUTH-001637,PERSON-000682,SUSPECT_IN,CASE-000206,true,true
TRUTH-001638,PERSON-002737,SUSPECT_IN,CASE-000206,true,true
TRUTH-001639,PERSON-000032,SUSPECT_IN,CASE-000206,true,true
TRUTH-001640,PERSON-000580,SUSPECT_IN,CASE-000206,true,true
TRUTH-001641,PERSON-001363,SUSPECT_IN,CASE-000207,true,true
TRUTH-001642,PERSON-001596,SUSPECT_IN,CASE-000207,true,true
TRUTH-001643,PERSON-001542,SUSPECT_IN,CASE-000207,true,true
TRUTH-001644,PERSON-001066,SUSPECT_IN,CASE-000207,true,true
TRUTH-001645,PERSON-001847,OBSERVED_IN,CASE-000207,true,true
TRUTH-001646,PERSON-000635,OBSERVED_IN,CASE-000207,true,true
TRUTH-001647,PERSON-001480,OBSERVED_IN,CASE-000207,true,true
TRUTH-001648,PERSON-000060,OBSERVED_IN,CASE-000207,true,true
TRUTH-001649,PERSON-001642,SUSPECT_IN,CASE-000208,true,true
TRUTH-001650,PERSON-002343,SUSPECT_IN,CASE-000208,true,true
TRUTH-001651,PERSON-000295,SUSPECT_IN,CASE-000208,true,true
TRUTH-001652,PERSON-001547,OBSERVED_IN,CASE-000208,true,true
TRUTH-001653,PERSON-001043,OBSERVED_IN,CASE-000208,true,true
TRUTH-001654,PERSON-002728,OBSERVED_IN,CASE-000208,true,true
TRUTH-001655,PERSON-001521,OBSERVED_IN,CASE-000208,true,true
TRUTH-001656,PERSON-002304,SUSPECT_IN,CASE-000209,true,true
TRUTH-001657,PERSON-002846,SUSPECT_IN,CASE-000209,true,true
TRUTH-001658,PERSON-001397,SUSPECT_IN,CASE-000209,true,true
TRUTH-001659,PERSON-000260,OBSERVED_IN,CASE-000209,true,true
TRUTH-001660,PERSON-000825,OBSERVED_IN,CASE-000209,true,true
TRUTH-001661,PERSON-000943,OBSERVED_IN,CASE-000209,true,true
TRUTH-001662,PERSON-002397,OBSERVED_IN,CASE-000209,true,true
TRUTH-001663,PERSON-001578,OBSERVED_IN,CASE-000209,true,true
TRUTH-001664,PERSON-001691,OBSERVED_IN,CASE-000209,true,true
TRUTH-001665,PERSON-000207,SUSPECT_IN,CASE-000210,true,true
TRUTH-001666,PERSON-002757,SUSPECT_IN,CASE-000210,true,true
TRUTH-001667,PERSON-000111,OBSERVED_IN,CASE-000210,true,true
TRUTH-001668,PERSON-001869,OBSERVED_IN,CASE-000210,true,true
TRUTH-001669,PERSON-001210,SUSPECT_IN,CASE-000211,true,true
TRUTH-001670,PERSON-001670,SUSPECT_IN,CASE-000211,true,true
TRUTH-001671,PERSON-000950,SUSPECT_IN,CASE-000211,true,true
TRUTH-001672,PERSON-001667,OBSERVED_IN,CASE-000211,true,true
TRUTH-001673,PERSON-001558,OBSERVED_IN,CASE-000211,true,true
TRUTH-001674,PERSON-002750,OBSERVED_IN,CASE-000211,true,true
TRUTH-001675,PERSON-001041,OBSERVED_IN,CASE-000211,true,true
TRUTH-001676,PERSON-001589,OBSERVED_IN,CASE-000211,true,true
TRUTH-001677,PERSON-000850,SUSPECT_IN,CASE-000212,true,true
TRUTH-001678,PERSON-002704,SUSPECT_IN,CASE-000212,true,true
TRUTH-001679,PERSON-000863,OBSERVED_IN,CASE-000212,true,true
TRUTH-001680,PERSON-002757,OBSERVED_IN,CASE-000212,true,true
TRUTH-001681,PERSON-000063,OBSERVED_IN,CASE-000212,true,true
TRUTH-001682,PERSON-000569,SUSPECT_IN,CASE-000213,true,true
TRUTH-001683,PERSON-002197,SUSPECT_IN,CASE-000213,true,true
TRUTH-001684,PERSON-001492,SUSPECT_IN,CASE-000213,true,true
TRUTH-001685,PERSON-001205,SUSPECT_IN,CASE-000213,true,true
TRUTH-001686,PERSON-002449,OBSERVED_IN,CASE-000213,true,true
TRUTH-001687,PERSON-000703,OBSERVED_IN,CASE-000213,true,true
TRUTH-001688,PERSON-000621,SUSPECT_IN,CASE-000214,true,true
TRUTH-001689,PERSON-002999,SUSPECT_IN,CASE-000214,true,true
TRUTH-001690,PERSON-002275,SUSPECT_IN,CASE-000214,true,true
TRUTH-001691,PERSON-000863,OBSERVED_IN,CASE-000214,true,true
TRUTH-001692,PERSON-001205,OBSERVED_IN,CASE-000214,true,true
TRUTH-001693,PERSON-002343,SUSPECT_IN,CASE-000215,true,true
TRUTH-001694,PERSON-002728,SUSPECT_IN,CASE-000215,true,true
TRUTH-001695,PERSON-000950,SUSPECT_IN,CASE-000215,true,true
TRUTH-001696,PERSON-001331,SUSPECT_IN,CASE-000215,true,true
TRUTH-001697,PERSON-002017,SUSPECT_IN,CASE-000215,true,true
TRUTH-001698,PERSON-000272,OBSERVED_IN,CASE-000215,true,true
TRUTH-001699,PERSON-002197,SUSPECT_IN,CASE-000216,true,true
TRUTH-001700,PERSON-000181,SUSPECT_IN,CASE-000216,true,true
TRUTH-001701,PERSON-002077,SUSPECT_IN,CASE-000216,true,true
TRUTH-001702,PERSON-000121,OBSERVED_IN,CASE-000216,true,true
TRUTH-001703,PERSON-001796,OBSERVED_IN,CASE-000216,true,true
TRUTH-001704,PERSON-000096,OBSERVED_IN,CASE-000216,true,true
TRUTH-001705,PERSON-002418,OBSERVED_IN,CASE-000216,true,true
TRUTH-001706,PERSON-000845,OBSERVED_IN,CASE-000216,true,true
TRUTH-001707,PERSON-001262,SUSPECT_IN,CASE-000217,true,true
TRUTH-001708,PERSON-001552,SUSPECT_IN,CASE-000217,true,true
TRUTH-001709,PERSON-001558,OBSERVED_IN,CASE-000217,true,true
TRUTH-001710,PERSON-001474,OBSERVED_IN,CASE-000217,true,true
TRUTH-001711,PERSON-001610,OBSERVED_IN,CASE-000217,true,true
TRUTH-001712,PERSON-002060,OBSERVED_IN,CASE-000217,true,true
TRUTH-001713,PERSON-000440,OBSERVED_IN,CASE-000217,true,true
TRUTH-001714,PERSON-000921,SUSPECT_IN,CASE-000218,true,true
TRUTH-001715,PERSON-002020,SUSPECT_IN,CASE-000218,true,true
TRUTH-001716,PERSON-002517,SUSPECT_IN,CASE-000218,true,true
TRUTH-001717,PERSON-001543,SUSPECT_IN,CASE-000218,true,true
TRUTH-001718,PERSON-001861,SUSPECT_IN,CASE-000218,true,true
TRUTH-001719,PERSON-000538,OBSERVED_IN,CASE-000218,true,true
TRUTH-001720,PERSON-001544,OBSERVED_IN,CASE-000218,true,true
TRUTH-001721,PERSON-001540,OBSERVED_IN,CASE-000218,true,true
TRUTH-001722,PERSON-001992,OBSERVED_IN,CASE-000218,true,true
TRUTH-001723,PERSON-002999,OBSERVED_IN,CASE-000218,true,true
TRUTH-001724,PERSON-001205,OBSERVED_IN,CASE-000218,true,true
TRUTH-001725,PERSON-000267,SUSPECT_IN,CASE-000219,true,true
TRUTH-001726,PERSON-000440,SUSPECT_IN,CASE-000219,true,true
TRUTH-001727,PERSON-001135,SUSPECT_IN,CASE-000219,true,true
TRUTH-001728,PERSON-001558,OBSERVED_IN,CASE-000219,true,true
TRUTH-001729,PERSON-001474,OBSERVED_IN,CASE-000219,true,true
TRUTH-001730,PERSON-002900,OBSERVED_IN,CASE-000219,true,true
TRUTH-001731,PERSON-001262,OBSERVED_IN,CASE-000219,true,true
TRUTH-001732,PERSON-001610,OBSERVED_IN,CASE-000219,true,true
TRUTH-001733,PERSON-002060,OBSERVED_IN,CASE-000219,true,true
TRUTH-001734,PERSON-000063,SUSPECT_IN,CASE-000220,true,true
TRUTH-001735,PERSON-000081,SUSPECT_IN,CASE-000220,true,true
TRUTH-001736,PERSON-000850,SUSPECT_IN,CASE-000220,true,true
TRUTH-001737,PERSON-001259,SUSPECT_IN,CASE-000220,true,true
TRUTH-001738,PERSON-001589,SUSPECT_IN,CASE-000220,true,true
TRUTH-001739,PERSON-001387,SUSPECT_IN,CASE-000220,true,true
TRUTH-001740,PERSON-000440,SUSPECT_IN,CASE-000221,true,true
TRUTH-001741,PERSON-001757,SUSPECT_IN,CASE-000221,true,true
TRUTH-001742,PERSON-002999,SUSPECT_IN,CASE-000221,true,true
TRUTH-001743,PERSON-002821,OBSERVED_IN,CASE-000221,true,true
TRUTH-001744,PERSON-001115,OBSERVED_IN,CASE-000221,true,true
TRUTH-001745,PERSON-000180,OBSERVED_IN,CASE-000221,true,true
TRUTH-001746,PERSON-001262,OBSERVED_IN,CASE-000221,true,true
TRUTH-001747,PERSON-000792,OBSERVED_IN,CASE-000221,true,true
TRUTH-001748,PERSON-002900,OBSERVED_IN,CASE-000221,true,true
TRUTH-001749,PERSON-002122,SUSPECT_IN,CASE-000222,true,true
TRUTH-001750,PERSON-000489,SUSPECT_IN,CASE-000222,true,true
TRUTH-001751,PERSON-000492,SUSPECT_IN,CASE-000222,true,true
TRUTH-001752,PERSON-000233,SUSPECT_IN,CASE-000222,true,true
TRUTH-001753,PERSON-001880,SUSPECT_IN,CASE-000222,true,true
TRUTH-001754,PERSON-002082,SUSPECT_IN,CASE-000222,true,true
TRUTH-001755,PERSON-000342,OBSERVED_IN,CASE-000222,true,true
TRUTH-001756,PERSON-000886,OBSERVED_IN,CASE-000222,true,true
TRUTH-001757,PERSON-000305,OBSERVED_IN,CASE-000222,true,true
TRUTH-001758,PERSON-001869,SUSPECT_IN,CASE-000223,true,true
TRUTH-001759,PERSON-001397,SUSPECT_IN,CASE-000223,true,true
TRUTH-001760,PERSON-000366,OBSERVED_IN,CASE-000223,true,true
TRUTH-001761,PERSON-002094,OBSERVED_IN,CASE-000223,true,true
TRUTH-001762,PERSON-001758,OBSERVED_IN,CASE-000223,true,true
TRUTH-001763,PERSON-000207,OBSERVED_IN,CASE-000223,true,true
TRUTH-001764,PERSON-000103,OBSERVED_IN,CASE-000223,true,true
TRUTH-001765,PERSON-001210,SUSPECT_IN,CASE-000224,true,true
TRUTH-001766,PERSON-000351,SUSPECT_IN,CASE-000224,true,true
TRUTH-001767,PERSON-000022,SUSPECT_IN,CASE-000224,true,true
TRUTH-001768,PERSON-001670,OBSERVED_IN,CASE-000224,true,true
TRUTH-001769,PERSON-001558,OBSERVED_IN,CASE-000224,true,true
TRUTH-001770,PERSON-001757,SUSPECT_IN,CASE-000225,true,true
TRUTH-001771,PERSON-001474,SUSPECT_IN,CASE-000225,true,true
TRUTH-001772,PERSON-001262,SUSPECT_IN,CASE-000225,true,true
TRUTH-001773,PERSON-000180,SUSPECT_IN,CASE-000225,true,true
TRUTH-001774,PERSON-001115,SUSPECT_IN,CASE-000225,true,true
TRUTH-001775,PERSON-002920,SUSPECT_IN,CASE-000225,true,true
TRUTH-001776,PERSON-001558,OBSERVED_IN,CASE-000225,true,true
TRUTH-001777,PERSON-000540,OBSERVED_IN,CASE-000225,true,true
TRUTH-001778,PERSON-000792,OBSERVED_IN,CASE-000225,true,true
TRUTH-001779,PERSON-002900,OBSERVED_IN,CASE-000225,true,true
TRUTH-001780,PERSON-000440,OBSERVED_IN,CASE-000225,true,true
TRUTH-001781,PERSON-001705,SUSPECT_IN,CASE-000226,true,true
TRUTH-001782,PERSON-001309,SUSPECT_IN,CASE-000226,true,true
TRUTH-001783,PERSON-000274,SUSPECT_IN,CASE-000226,true,true
TRUTH-001784,PERSON-002703,SUSPECT_IN,CASE-000226,true,true
TRUTH-001785,PERSON-002639,OBSERVED_IN,CASE-000226,true,true
TRUTH-001786,PERSON-002839,OBSERVED_IN,CASE-000226,true,true
TRUTH-001787,PERSON-002368,OBSERVED_IN,CASE-000226,true,true
TRUTH-001788,PERSON-000540,OBSERVED_IN,CASE-000226,true,true
TRUTH-001789,PERSON-000351,SUSPECT_IN,CASE-000227,true,true
TRUTH-001790,PERSON-001210,SUSPECT_IN,CASE-000227,true,true
TRUTH-001791,PERSON-001670,OBSERVED_IN,CASE-000227,true,true
TRUTH-001792,PERSON-001041,OBSERVED_IN,CASE-000227,true,true
TRUTH-001793,PERSON-002675,SUSPECT_IN,CASE-000228,true,true
TRUTH-001794,PERSON-001596,SUSPECT_IN,CASE-000228,true,true
TRUTH-001795,PERSON-001847,SUSPECT_IN,CASE-000228,true,true
TRUTH-001796,PERSON-002847,SUSPECT_IN,CASE-000228,true,true
TRUTH-001797,PERSON-001542,OBSERVED_IN,CASE-000228,true,true
TRUTH-001798,PERSON-002922,OBSERVED_IN,CASE-000228,true,true
TRUTH-001799,PERSON-000497,OBSERVED_IN,CASE-000228,true,true
TRUTH-001800,PERSON-000842,SUSPECT_IN,CASE-000229,true,true
TRUTH-001801,PERSON-000072,SUSPECT_IN,CASE-000229,true,true
TRUTH-001802,PERSON-000710,SUSPECT_IN,CASE-000229,true,true
TRUTH-001803,PERSON-000712,SUSPECT_IN,CASE-000229,true,true
TRUTH-001804,PERSON-000763,OBSERVED_IN,CASE-000229,true,true
TRUTH-001805,PERSON-002845,OBSERVED_IN,CASE-000229,true,true
TRUTH-001806,PERSON-000222,OBSERVED_IN,CASE-000229,true,true
TRUTH-001807,PERSON-002444,OBSERVED_IN,CASE-000229,true,true
TRUTH-001808,PERSON-000635,SUSPECT_IN,CASE-000230,true,true
TRUTH-001809,PERSON-001363,SUSPECT_IN,CASE-000230,true,true
TRUTH-001810,PERSON-002675,SUSPECT_IN,CASE-000230,true,true
TRUTH-001811,PERSON-002847,SUSPECT_IN,CASE-000230,true,true
TRUTH-001812,PERSON-002660,SUSPECT_IN,CASE-000230,true,true
TRUTH-001813,PERSON-001542,OBSERVED_IN,CASE-000230,true,true
TRUTH-001814,PERSON-002438,OBSERVED_IN,CASE-000230,true,true
TRUTH-001815,PERSON-000832,OBSERVED_IN,CASE-000230,true,true
TRUTH-001816,PERSON-002713,OBSERVED_IN,CASE-000230,true,true
TRUTH-001817,PERSON-001480,OBSERVED_IN,CASE-000230,true,true
TRUTH-001818,PERSON-002060,SUSPECT_IN,CASE-000231,true,true
TRUTH-001819,PERSON-000540,SUSPECT_IN,CASE-000231,true,true
TRUTH-001820,PERSON-000267,SUSPECT_IN,CASE-000231,true,true
TRUTH-001821,PERSON-000488,SUSPECT_IN,CASE-000231,true,true
TRUTH-001822,PERSON-001115,OBSERVED_IN,CASE-000231,true,true
TRUTH-001823,PERSON-000440,OBSERVED_IN,CASE-000231,true,true
TRUTH-001824,PERSON-000180,OBSERVED_IN,CASE-000231,true,true
TRUTH-001825,PERSON-001259,SUSPECT_IN,CASE-000232,true,true
TRUTH-001826,PERSON-000863,SUSPECT_IN,CASE-000232,true,true
TRUTH-001827,PERSON-000288,SUSPECT_IN,CASE-000232,true,true
TRUTH-001828,PERSON-000063,OBSERVED_IN,CASE-000232,true,true
TRUTH-001829,PERSON-002757,OBSERVED_IN,CASE-000232,true,true
TRUTH-001830,PERSON-002574,OBSERVED_IN,CASE-000232,true,true
TRUTH-001831,PERSON-001589,OBSERVED_IN,CASE-000232,true,true
TRUTH-001832,PERSON-001384,SUSPECT_IN,CASE-000233,true,true
TRUTH-001833,PERSON-002770,SUSPECT_IN,CASE-000233,true,true
TRUTH-001834,PERSON-000357,SUSPECT_IN,CASE-000233,true,true
TRUTH-001835,PERSON-001997,SUSPECT_IN,CASE-000233,true,true
TRUTH-001836,PERSON-001664,SUSPECT_IN,CASE-000233,true,true
TRUTH-001837,PERSON-002887,OBSERVED_IN,CASE-000233,true,true
TRUTH-001838,PERSON-000092,OBSERVED_IN,CASE-000233,true,true
TRUTH-001839,PERSON-002937,OBSERVED_IN,CASE-000233,true,true
TRUTH-001840,PERSON-001093,OBSERVED_IN,CASE-000233,true,true
TRUTH-001841,PERSON-000808,OBSERVED_IN,CASE-000233,true,true
TRUTH-001842,PERSON-000653,OBSERVED_IN,CASE-000233,true,true
TRUTH-001843,PERSON-000792,OBSERVED_IN,CASE-000233,true,true
TRUTH-001844,PERSON-000528,OBSERVED_IN,CASE-000233,true,true
TRUTH-001845,PERSON-002499,SUSPECT_IN,CASE-000234,true,true
TRUTH-001846,PERSON-000622,SUSPECT_IN,CASE-000234,true,true
TRUTH-001847,PERSON-002136,OBSERVED_IN,CASE-000234,true,true
TRUTH-001848,PERSON-000784,OBSERVED_IN,CASE-000234,true,true
TRUTH-001849,PERSON-000717,OBSERVED_IN,CASE-000234,true,true
TRUTH-001850,PERSON-001131,OBSERVED_IN,CASE-000234,true,true
TRUTH-001851,PERSON-000405,OBSERVED_IN,CASE-000234,true,true
TRUTH-001852,PERSON-002684,SUSPECT_IN,CASE-000235,true,true
TRUTH-001853,PERSON-000175,SUSPECT_IN,CASE-000235,true,true
TRUTH-001854,PERSON-002845,SUSPECT_IN,CASE-000235,true,true
TRUTH-001855,PERSON-001262,SUSPECT_IN,CASE-000235,true,true
TRUTH-001856,PERSON-000734,SUSPECT_IN,CASE-000235,true,true
TRUTH-001857,PERSON-000449,SUSPECT_IN,CASE-000235,true,true
TRUTH-001858,PERSON-000842,OBSERVED_IN,CASE-000235,true,true
TRUTH-001859,PERSON-001206,OBSERVED_IN,CASE-000235,true,true
TRUTH-001860,PERSON-000712,OBSERVED_IN,CASE-000235,true,true
TRUTH-001861,PERSON-000697,SUSPECT_IN,CASE-000236,true,true
TRUTH-001862,PERSON-002998,SUSPECT_IN,CASE-000236,true,true
TRUTH-001863,PERSON-000584,SUSPECT_IN,CASE-000236,true,true
TRUTH-001864,PERSON-002124,SUSPECT_IN,CASE-000236,true,true
TRUTH-001865,PERSON-001664,OBSERVED_IN,CASE-000236,true,true
TRUTH-001866,PERSON-000576,OBSERVED_IN,CASE-000236,true,true
TRUTH-001867,PERSON-000165,SUSPECT_IN,CASE-000237,true,true
TRUTH-001868,PERSON-002068,SUSPECT_IN,CASE-000237,true,true
TRUTH-001869,PERSON-000682,SUSPECT_IN,CASE-000237,true,true
TRUTH-001870,PERSON-000473,SUSPECT_IN,CASE-000237,true,true
TRUTH-001871,PERSON-002737,OBSERVED_IN,CASE-000237,true,true
TRUTH-001872,PERSON-000042,OBSERVED_IN,CASE-000237,true,true
TRUTH-001873,PERSON-001481,OBSERVED_IN,CASE-000237,true,true
TRUTH-001874,PERSON-000275,OBSERVED_IN,CASE-000237,true,true
TRUTH-001875,PERSON-000032,OBSERVED_IN,CASE-000237,true,true
TRUTH-001876,PERSON-002846,SUSPECT_IN,CASE-000238,true,true
TRUTH-001877,PERSON-001029,SUSPECT_IN,CASE-000238,true,true
TRUTH-001878,PERSON-002304,SUSPECT_IN,CASE-000238,true,true
TRUTH-001879,PERSON-000245,OBSERVED_IN,CASE-000238,true,true
TRUTH-001880,PERSON-001780,OBSERVED_IN,CASE-000238,true,true
TRUTH-001881,PERSON-001691,OBSERVED_IN,CASE-000238,true,true
TRUTH-001882,PERSON-002393,OBSERVED_IN,CASE-000238,true,true
TRUTH-001883,PERSON-001847,OBSERVED_IN,CASE-000238,true,true
TRUTH-001884,PERSON-001425,SUSPECT_IN,CASE-000239,true,true
TRUTH-001885,PERSON-001578,SUSPECT_IN,CASE-000239,true,true
TRUTH-001886,PERSON-002068,SUSPECT_IN,CASE-000239,true,true
TRUTH-001887,PERSON-000040,SUSPECT_IN,CASE-000239,true,true
TRUTH-001888,PERSON-002759,OBSERVED_IN,CASE-000239,true,true
TRUTH-001889,PERSON-001381,SUSPECT_IN,CASE-000240,true,true
TRUTH-001890,PERSON-000407,SUSPECT_IN,CASE-000240,true,true
TRUTH-001891,PERSON-000419,SUSPECT_IN,CASE-000240,true,true
TRUTH-001892,PERSON-000357,SUSPECT_IN,CASE-000240,true,true
TRUTH-001893,PERSON-001774,OBSERVED_IN,CASE-000240,true,true
TRUTH-001894,PERSON-002737,OBSERVED_IN,CASE-000240,true,true
TRUTH-001895,PERSON-002417,OBSERVED_IN,CASE-000240,true,true
TRUTH-001896,PERSON-002094,OBSERVED_IN,CASE-000240,true,true
TRUTH-001897,PERSON-001687,OBSERVED_IN,CASE-000240,true,true
TRUTH-001898,PERSON-000103,OBSERVED_IN,CASE-000240,true,true
TRUTH-001899,PERSON-001596,SUSPECT_IN,CASE-000241,true,true
TRUTH-001900,PERSON-002438,SUSPECT_IN,CASE-000241,true,true
TRUTH-001901,PERSON-000832,SUSPECT_IN,CASE-000241,true,true
TRUTH-001902,PERSON-002847,SUSPECT_IN,CASE-000241,true,true
TRUTH-001903,PERSON-000060,SUSPECT_IN,CASE-000241,true,true
TRUTH-001904,PERSON-001619,SUSPECT_IN,CASE-000241,true,true
TRUTH-001905,PERSON-001847,OBSERVED_IN,CASE-000241,true,true
TRUTH-001906,PERSON-000611,OBSERVED_IN,CASE-000241,true,true
TRUTH-001907,PERSON-000635,OBSERVED_IN,CASE-000241,true,true
TRUTH-001908,PERSON-001363,OBSERVED_IN,CASE-000241,true,true
TRUTH-001909,PERSON-001558,SUSPECT_IN,CASE-000242,true,true
TRUTH-001910,PERSON-000909,SUSPECT_IN,CASE-000242,true,true
TRUTH-001911,PERSON-002821,OBSERVED_IN,CASE-000242,true,true
TRUTH-001912,PERSON-000540,OBSERVED_IN,CASE-000242,true,true
TRUTH-001913,PERSON-001474,OBSERVED_IN,CASE-000242,true,true
TRUTH-001914,PERSON-000180,OBSERVED_IN,CASE-000242,true,true
TRUTH-001915,PERSON-001610,OBSERVED_IN,CASE-000242,true,true
TRUTH-001916,PERSON-000267,OBSERVED_IN,CASE-000242,true,true
TRUTH-001917,PERSON-002618,OBSERVED_IN,CASE-000242,true,true
TRUTH-001918,PERSON-000440,OBSERVED_IN,CASE-000242,true,true
TRUTH-001919,PERSON-001029,SUSPECT_IN,CASE-000243,true,true
TRUTH-001920,PERSON-001578,SUSPECT_IN,CASE-000243,true,true
TRUTH-001921,PERSON-001780,SUSPECT_IN,CASE-000243,true,true
TRUTH-001922,PERSON-002397,SUSPECT_IN,CASE-000243,true,true
TRUTH-001923,PERSON-002275,SUSPECT_IN,CASE-000243,true,true
TRUTH-001924,PERSON-000260,OBSERVED_IN,CASE-000243,true,true
TRUTH-001925,PERSON-002393,OBSERVED_IN,CASE-000243,true,true
TRUTH-001926,PERSON-001691,OBSERVED_IN,CASE-000243,true,true
TRUTH-001927,PERSON-000613,SUSPECT_IN,CASE-000244,true,true
TRUTH-001928,PERSON-001206,SUSPECT_IN,CASE-000244,true,true
TRUTH-001929,PERSON-002986,OBSERVED_IN,CASE-000244,true,true
TRUTH-001930,PERSON-001071,OBSERVED_IN,CASE-000244,true,true
TRUTH-001931,PERSON-002068,OBSERVED_IN,CASE-000244,true,true
TRUTH-001932,PERSON-000850,SUSPECT_IN,CASE-000245,true,true
TRUTH-001933,PERSON-000081,SUSPECT_IN,CASE-000245,true,true
TRUTH-001934,PERSON-000063,SUSPECT_IN,CASE-000245,true,true
TRUTH-001935,PERSON-001589,SUSPECT_IN,CASE-000245,true,true
TRUTH-001936,PERSON-001259,OBSERVED_IN,CASE-000245,true,true
TRUTH-001937,PERSON-001861,OBSERVED_IN,CASE-000245,true,true
TRUTH-001938,PERSON-002574,OBSERVED_IN,CASE-000245,true,true
TRUTH-001939,PERSON-000863,OBSERVED_IN,CASE-000245,true,true
TRUTH-001940,PERSON-002757,OBSERVED_IN,CASE-000245,true,true
TRUTH-001941,PERSON-000063,SUSPECT_IN,CASE-000246,true,true
TRUTH-001942,PERSON-000081,SUSPECT_IN,CASE-000246,true,true
TRUTH-001943,PERSON-001589,SUSPECT_IN,CASE-000246,true,true
TRUTH-001944,PERSON-002574,SUSPECT_IN,CASE-000246,true,true
TRUTH-001945,PERSON-001259,SUSPECT_IN,CASE-000246,true,true
TRUTH-001946,PERSON-000789,SUSPECT_IN,CASE-000246,true,true
TRUTH-001947,PERSON-000850,OBSERVED_IN,CASE-000246,true,true
TRUTH-001948,PERSON-001861,OBSERVED_IN,CASE-000246,true,true
TRUTH-001949,PERSON-002757,OBSERVED_IN,CASE-000246,true,true
TRUTH-001950,PERSON-000863,OBSERVED_IN,CASE-000246,true,true
TRUTH-001951,PERSON-002438,SUSPECT_IN,CASE-000247,true,true
TRUTH-001952,PERSON-001847,SUSPECT_IN,CASE-000247,true,true
TRUTH-001953,PERSON-002922,SUSPECT_IN,CASE-000247,true,true
TRUTH-001954,PERSON-001363,SUSPECT_IN,CASE-000247,true,true
TRUTH-001955,PERSON-002675,OBSERVED_IN,CASE-000247,true,true
TRUTH-001956,PERSON-000060,OBSERVED_IN,CASE-000247,true,true
TRUTH-001957,PERSON-001480,OBSERVED_IN,CASE-000247,true,true
TRUTH-001958,PERSON-002713,OBSERVED_IN,CASE-000247,true,true
TRUTH-001959,PERSON-000635,OBSERVED_IN,CASE-000247,true,true
TRUTH-001960,PERSON-000622,SUSPECT_IN,CASE-000248,true,true
TRUTH-001961,PERSON-002004,SUSPECT_IN,CASE-000248,true,true
TRUTH-001962,PERSON-002499,SUSPECT_IN,CASE-000248,true,true
TRUTH-001963,PERSON-001131,SUSPECT_IN,CASE-000248,true,true
TRUTH-001964,PERSON-002558,OBSERVED_IN,CASE-000248,true,true
TRUTH-001965,PERSON-000784,OBSERVED_IN,CASE-000248,true,true
TRUTH-001966,PERSON-001234,OBSERVED_IN,CASE-000248,true,true
TRUTH-001967,PERSON-000580,OBSERVED_IN,CASE-000248,true,true
TRUTH-001968,PERSON-001182,OBSERVED_IN,CASE-000248,true,true
TRUTH-001969,PERSON-002164,OBSERVED_IN,CASE-000248,true,true
TRUTH-001970,PERSON-001041,SUSPECT_IN,CASE-000249,true,true
TRUTH-001971,PERSON-000351,SUSPECT_IN,CASE-000249,true,true
TRUTH-001972,PERSON-001670,SUSPECT_IN,CASE-000249,true,true
TRUTH-001973,PERSON-000146,SUSPECT_IN,CASE-000249,true,true
TRUTH-001974,PERSON-001908,SUSPECT_IN,CASE-000249,true,true
TRUTH-001975,PERSON-001558,OBSERVED_IN,CASE-000249,true,true
TRUTH-001976,PERSON-001589,OBSERVED_IN,CASE-000249,true,true
TRUTH-001977,PERSON-002757,SUSPECT_IN,CASE-000250,true,true
TRUTH-001978,PERSON-000850,SUSPECT_IN,CASE-000250,true,true
TRUTH-001979,PERSON-000063,SUSPECT_IN,CASE-000250,true,true
TRUTH-001980,PERSON-002574,SUSPECT_IN,CASE-000250,true,true
TRUTH-001981,PERSON-000682,SUSPECT_IN,CASE-000250,true,true
TRUTH-001982,PERSON-000081,OBSERVED_IN,CASE-000250,true,true
TRUTH-001983,PERSON-001589,OBSERVED_IN,CASE-000250,true,true
TRUTH-001984,PERSON-001259,OBSERVED_IN,CASE-000250,true,true
TRUTH-001985,PERSON-001544,SUSPECT_IN,CASE-000251,true,true
TRUTH-001986,PERSON-001543,SUSPECT_IN,CASE-000251,true,true
TRUTH-001987,PERSON-000921,SUSPECT_IN,CASE-000251,true,true
TRUTH-001988,PERSON-000863,SUSPECT_IN,CASE-000251,true,true
TRUTH-001989,PERSON-001898,SUSPECT_IN,CASE-000251,true,true
TRUTH-001990,PERSON-001511,SUSPECT_IN,CASE-000251,true,true
TRUTH-001991,PERSON-002020,OBSERVED_IN,CASE-000251,true,true
TRUTH-001992,PERSON-002873,OBSERVED_IN,CASE-000251,true,true
TRUTH-001993,PERSON-001992,OBSERVED_IN,CASE-000251,true,true
TRUTH-001994,PERSON-002999,OBSERVED_IN,CASE-000251,true,true
TRUTH-001995,PERSON-000488,OBSERVED_IN,CASE-000251,true,true
TRUTH-001996,PERSON-001205,OBSERVED_IN,CASE-000251,true,true
TRUTH-001997,PERSON-002609,SUSPECT_IN,CASE-000252,true,true
TRUTH-001998,PERSON-000473,SUSPECT_IN,CASE-000252,true,true
TRUTH-001999,PERSON-002964,SUSPECT_IN,CASE-000252,true,true
TRUTH-002000,PERSON-002223,SUSPECT_IN,CASE-000252,true,true
TRUTH-002001,PERSON-002938,SUSPECT_IN,CASE-000252,true,true
TRUTH-002002,PERSON-000146,OBSERVED_IN,CASE-000252,true,true
TRUTH-002003,PERSON-000556,OBSERVED_IN,CASE-000252,true,true
TRUTH-002004,PERSON-000217,OBSERVED_IN,CASE-000252,true,true
TRUTH-002005,PERSON-001899,SUSPECT_IN,CASE-000253,true,true
TRUTH-002006,PERSON-001191,SUSPECT_IN,CASE-000253,true,true
TRUTH-002007,PERSON-001648,SUSPECT_IN,CASE-000253,true,true
TRUTH-002008,PERSON-000804,SUSPECT_IN,CASE-000253,true,true
TRUTH-002009,PERSON-002371,SUSPECT_IN,CASE-000253,true,true
TRUTH-002010,PERSON-000792,SUSPECT_IN,CASE-000253,true,true
TRUTH-002011,PERSON-002277,OBSERVED_IN,CASE-000253,true,true
TRUTH-002012,PERSON-001617,OBSERVED_IN,CASE-000253,true,true
TRUTH-002013,PERSON-002034,OBSERVED_IN,CASE-000253,true,true
TRUTH-002014,PERSON-000009,OBSERVED_IN,CASE-000253,true,true
TRUTH-002015,PERSON-002246,OBSERVED_IN,CASE-000253,true,true
TRUTH-002016,PERSON-002999,SUSPECT_IN,CASE-000254,true,true
TRUTH-002017,PERSON-002279,SUSPECT_IN,CASE-000254,true,true
TRUTH-002018,PERSON-001205,SUSPECT_IN,CASE-000254,true,true
TRUTH-002019,PERSON-001540,SUSPECT_IN,CASE-000254,true,true
TRUTH-002020,PERSON-002517,SUSPECT_IN,CASE-000254,true,true
TRUTH-002021,PERSON-002887,SUSPECT_IN,CASE-000254,true,true
TRUTH-002022,PERSON-001544,OBSERVED_IN,CASE-000254,true,true
TRUTH-002023,PERSON-000132,SUSPECT_IN,CASE-000255,true,true
TRUTH-002024,PERSON-000484,SUSPECT_IN,CASE-000255,true,true
TRUTH-002025,PERSON-002653,SUSPECT_IN,CASE-000255,true,true
TRUTH-002026,PERSON-001860,SUSPECT_IN,CASE-000255,true,true
TRUTH-002027,PERSON-002764,SUSPECT_IN,CASE-000255,true,true
TRUTH-002028,PERSON-000569,SUSPECT_IN,CASE-000255,true,true
TRUTH-002029,PERSON-001478,OBSERVED_IN,CASE-000255,true,true
TRUTH-002030,PERSON-000919,OBSERVED_IN,CASE-000255,true,true
TRUTH-002031,PERSON-000769,SUSPECT_IN,CASE-000256,true,true
TRUTH-002032,PERSON-000647,SUSPECT_IN,CASE-000256,true,true
TRUTH-002033,PERSON-000927,SUSPECT_IN,CASE-000256,true,true
TRUTH-002034,PERSON-002576,SUSPECT_IN,CASE-000256,true,true
TRUTH-002035,PERSON-001337,SUSPECT_IN,CASE-000256,true,true
TRUTH-002036,PERSON-000046,OBSERVED_IN,CASE-000256,true,true
TRUTH-002037,PERSON-002457,OBSERVED_IN,CASE-000256,true,true
TRUTH-002038,PERSON-001135,OBSERVED_IN,CASE-000256,true,true
TRUTH-002039,PERSON-001667,SUSPECT_IN,CASE-000257,true,true
TRUTH-002040,PERSON-001210,SUSPECT_IN,CASE-000257,true,true
TRUTH-002041,PERSON-001589,SUSPECT_IN,CASE-000257,true,true
TRUTH-002042,PERSON-001041,SUSPECT_IN,CASE-000257,true,true
TRUTH-002043,PERSON-000351,SUSPECT_IN,CASE-000257,true,true
TRUTH-002044,PERSON-001670,SUSPECT_IN,CASE-000257,true,true
TRUTH-002045,PERSON-000146,OBSERVED_IN,CASE-000257,true,true
TRUTH-002046,PERSON-001474,SUSPECT_IN,CASE-000258,true,true
TRUTH-002047,PERSON-000540,SUSPECT_IN,CASE-000258,true,true
TRUTH-002048,PERSON-001610,SUSPECT_IN,CASE-000258,true,true
TRUTH-002049,PERSON-002764,SUSPECT_IN,CASE-000258,true,true
TRUTH-002050,PERSON-001115,OBSERVED_IN,CASE-000258,true,true
TRUTH-002051,PERSON-001757,OBSERVED_IN,CASE-000258,true,true
TRUTH-002052,PERSON-000180,OBSERVED_IN,CASE-000258,true,true
TRUTH-002053,PERSON-000860,SUSPECT_IN,CASE-000259,true,true
TRUTH-002054,PERSON-000405,SUSPECT_IN,CASE-000259,true,true
TRUTH-002055,PERSON-001596,SUSPECT_IN,CASE-000259,true,true
TRUTH-002056,PERSON-000506,OBSERVED_IN,CASE-000259,true,true
TRUTH-002057,PERSON-000092,OBSERVED_IN,CASE-000259,true,true
TRUTH-002058,PERSON-000062,OBSERVED_IN,CASE-000259,true,true
TRUTH-002059,PERSON-002660,OBSERVED_IN,CASE-000259,true,true
TRUTH-002060,PERSON-002335,OBSERVED_IN,CASE-000259,true,true
TRUTH-002061,PERSON-002759,SUSPECT_IN,CASE-000260,true,true
TRUTH-002062,PERSON-001425,SUSPECT_IN,CASE-000260,true,true
TRUTH-002063,PERSON-000822,OBSERVED_IN,CASE-000260,true,true
TRUTH-002064,PERSON-002986,OBSERVED_IN,CASE-000260,true,true
TRUTH-002065,PERSON-001071,OBSERVED_IN,CASE-000260,true,true
TRUTH-002066,PERSON-000613,OBSERVED_IN,CASE-000260,true,true
TRUTH-002067,PERSON-001578,OBSERVED_IN,CASE-000260,true,true
TRUTH-002068,PERSON-000765,SUSPECT_IN,CASE-000261,true,true
TRUTH-002069,PERSON-002873,SUSPECT_IN,CASE-000261,true,true
TRUTH-002070,PERSON-001965,SUSPECT_IN,CASE-000261,true,true
TRUTH-002071,PERSON-000245,SUSPECT_IN,CASE-000261,true,true
TRUTH-002072,PERSON-001540,OBSERVED_IN,CASE-000261,true,true
TRUTH-002073,PERSON-000120,OBSERVED_IN,CASE-000261,true,true
TRUTH-002074,PERSON-002618,SUSPECT_IN,CASE-000262,true,true
TRUTH-002075,PERSON-002060,SUSPECT_IN,CASE-000262,true,true
TRUTH-002076,PERSON-000180,SUSPECT_IN,CASE-000262,true,true
TRUTH-002077,PERSON-001071,SUSPECT_IN,CASE-000262,true,true
TRUTH-002078,PERSON-001558,OBSERVED_IN,CASE-000262,true,true
TRUTH-002079,PERSON-002821,OBSERVED_IN,CASE-000262,true,true
TRUTH-002080,PERSON-000540,OBSERVED_IN,CASE-000262,true,true
TRUTH-002081,PERSON-001262,OBSERVED_IN,CASE-000262,true,true
TRUTH-002082,PERSON-000792,OBSERVED_IN,CASE-000262,true,true
TRUTH-002083,PERSON-001757,OBSERVED_IN,CASE-000262,true,true
TRUTH-002084,PERSON-000405,SUSPECT_IN,CASE-000263,true,true
TRUTH-002085,PERSON-002215,SUSPECT_IN,CASE-000263,true,true
TRUTH-002086,PERSON-000074,SUSPECT_IN,CASE-000263,true,true
TRUTH-002087,PERSON-000667,SUSPECT_IN,CASE-000263,true,true
TRUTH-002088,PERSON-000580,SUSPECT_IN,CASE-000263,true,true
TRUTH-002089,PERSON-001182,SUSPECT_IN,CASE-000263,true,true
TRUTH-002090,PERSON-001234,OBSERVED_IN,CASE-000263,true,true
TRUTH-002091,PERSON-000622,OBSERVED_IN,CASE-000263,true,true
TRUTH-002092,PERSON-002164,OBSERVED_IN,CASE-000263,true,true
TRUTH-002093,PERSON-002004,OBSERVED_IN,CASE-000263,true,true
TRUTH-002094,PERSON-002499,OBSERVED_IN,CASE-000263,true,true
TRUTH-002095,PERSON-001558,SUSPECT_IN,CASE-000264,true,true
TRUTH-002096,PERSON-000792,SUSPECT_IN,CASE-000264,true,true
TRUTH-002097,PERSON-001115,SUSPECT_IN,CASE-000264,true,true
TRUTH-002098,PERSON-000180,SUSPECT_IN,CASE-000264,true,true
TRUTH-002099,PERSON-000449,SUSPECT_IN,CASE-000264,true,true
TRUTH-002100,PERSON-001474,OBSERVED_IN,CASE-000264,true,true
TRUTH-002101,PERSON-002060,OBSERVED_IN,CASE-000264,true,true
TRUTH-002102,PERSON-000267,OBSERVED_IN,CASE-000264,true,true
TRUTH-002103,PERSON-000063,SUSPECT_IN,CASE-000265,true,true
TRUTH-002104,PERSON-001589,SUSPECT_IN,CASE-000265,true,true
TRUTH-002105,PERSON-002574,SUSPECT_IN,CASE-000265,true,true
TRUTH-002106,PERSON-001259,SUSPECT_IN,CASE-000265,true,true
TRUTH-002107,PERSON-002438,SUSPECT_IN,CASE-000265,true,true
TRUTH-002108,PERSON-000850,OBSERVED_IN,CASE-000265,true,true
TRUTH-002109,PERSON-001861,OBSERVED_IN,CASE-000265,true,true
TRUTH-002110,PERSON-000081,OBSERVED_IN,CASE-000265,true,true
TRUTH-002111,PERSON-000863,OBSERVED_IN,CASE-000265,true,true
TRUTH-002112,PERSON-000195,SUSPECT_IN,CASE-000266,true,true
TRUTH-002113,PERSON-002915,SUSPECT_IN,CASE-000266,true,true
TRUTH-002114,PERSON-001674,SUSPECT_IN,CASE-000266,true,true
TRUTH-002115,PERSON-002675,SUSPECT_IN,CASE-000266,true,true
TRUTH-002116,PERSON-001212,SUSPECT_IN,CASE-000266,true,true
TRUTH-002117,PERSON-001807,SUSPECT_IN,CASE-000266,true,true
TRUTH-002118,PERSON-001455,OBSERVED_IN,CASE-000266,true,true
TRUTH-002119,PERSON-002410,OBSERVED_IN,CASE-000266,true,true
TRUTH-002120,PERSON-001066,SUSPECT_IN,CASE-000267,true,true
TRUTH-002121,PERSON-001431,SUSPECT_IN,CASE-000267,true,true
TRUTH-002122,PERSON-000484,SUSPECT_IN,CASE-000267,true,true
TRUTH-002123,PERSON-000479,OBSERVED_IN,CASE-000267,true,true
TRUTH-002124,PERSON-001013,OBSERVED_IN,CASE-000267,true,true
TRUTH-002125,PERSON-002646,OBSERVED_IN,CASE-000267,true,true
TRUTH-002126,PERSON-002197,OBSERVED_IN,CASE-000267,true,true
TRUTH-002127,PERSON-002965,OBSERVED_IN,CASE-000267,true,true
TRUTH-002128,PERSON-001387,OBSERVED_IN,CASE-000267,true,true
TRUTH-002129,PERSON-002654,OBSERVED_IN,CASE-000267,true,true
TRUTH-002130,PERSON-000850,SUSPECT_IN,CASE-000268,true,true
TRUTH-002131,PERSON-001589,SUSPECT_IN,CASE-000268,true,true
TRUTH-002132,PERSON-000540,SUSPECT_IN,CASE-000268,true,true
TRUTH-002133,PERSON-001259,OBSERVED_IN,CASE-000268,true,true
TRUTH-002134,PERSON-002574,OBSERVED_IN,CASE-000268,true,true
TRUTH-002135,PERSON-000863,OBSERVED_IN,CASE-000268,true,true
TRUTH-002136,PERSON-000063,OBSERVED_IN,CASE-000268,true,true
TRUTH-002137,PERSON-002757,OBSERVED_IN,CASE-000268,true,true
TRUTH-002138,PERSON-001691,SUSPECT_IN,CASE-000269,true,true
TRUTH-002139,PERSON-001334,SUSPECT_IN,CASE-000269,true,true
TRUTH-002140,PERSON-001029,SUSPECT_IN,CASE-000269,true,true
TRUTH-002141,PERSON-001747,SUSPECT_IN,CASE-000269,true,true
TRUTH-002142,PERSON-000943,SUSPECT_IN,CASE-000269,true,true
TRUTH-002143,PERSON-001596,SUSPECT_IN,CASE-000269,true,true
TRUTH-002144,PERSON-000260,OBSERVED_IN,CASE-000269,true,true
TRUTH-002145,PERSON-000499,OBSERVED_IN,CASE-000269,true,true
TRUTH-002146,PERSON-000825,OBSERVED_IN,CASE-000269,true,true
TRUTH-002147,PERSON-000374,SUSPECT_IN,CASE-000270,true,true
TRUTH-002148,PERSON-001334,SUSPECT_IN,CASE-000270,true,true
TRUTH-002149,PERSON-001847,SUSPECT_IN,CASE-000270,true,true
TRUTH-002150,PERSON-002304,SUSPECT_IN,CASE-000270,true,true
TRUTH-002151,PERSON-000997,SUSPECT_IN,CASE-000270,true,true
TRUTH-002152,PERSON-000245,OBSERVED_IN,CASE-000270,true,true
TRUTH-002153,PERSON-000825,OBSERVED_IN,CASE-000270,true,true
TRUTH-002154,PERSON-001747,OBSERVED_IN,CASE-000270,true,true
TRUTH-002155,PERSON-001029,OBSERVED_IN,CASE-000270,true,true
TRUTH-002156,PERSON-000484,SUSPECT_IN,CASE-000271,true,true
TRUTH-002157,PERSON-001141,SUSPECT_IN,CASE-000271,true,true
TRUTH-002158,PERSON-000497,OBSERVED_IN,CASE-000271,true,true
TRUTH-002159,PERSON-002947,OBSERVED_IN,CASE-000271,true,true
TRUTH-002160,PERSON-001043,OBSERVED_IN,CASE-000271,true,true
TRUTH-002161,PERSON-002653,OBSERVED_IN,CASE-000271,true,true
TRUTH-002162,PERSON-002574,SUSPECT_IN,CASE-000272,true,true
TRUTH-002163,PERSON-000063,SUSPECT_IN,CASE-000272,true,true
TRUTH-002164,PERSON-001259,SUSPECT_IN,CASE-000272,true,true
TRUTH-002165,PERSON-000120,SUSPECT_IN,CASE-000272,true,true
TRUTH-002166,PERSON-000081,OBSERVED_IN,CASE-000272,true,true
TRUTH-002167,PERSON-001861,OBSERVED_IN,CASE-000272,true,true
TRUTH-002168,PERSON-000863,OBSERVED_IN,CASE-000272,true,true
TRUTH-002169,PERSON-002757,OBSERVED_IN,CASE-000272,true,true
TRUTH-002170,PERSON-001589,OBSERVED_IN,CASE-000272,true,true
TRUTH-002171,PERSON-000180,SUSPECT_IN,CASE-000273,true,true
TRUTH-002172,PERSON-000540,SUSPECT_IN,CASE-000273,true,true
TRUTH-002173,PERSON-001610,SUSPECT_IN,CASE-000273,true,true
TRUTH-002174,PERSON-001115,SUSPECT_IN,CASE-000273,true,true
TRUTH-002175,PERSON-001474,OBSERVED_IN,CASE-000273,true,true
TRUTH-002176,PERSON-002821,OBSERVED_IN,CASE-000273,true,true
TRUTH-002177,PERSON-002618,OBSERVED_IN,CASE-000273,true,true
TRUTH-002178,PERSON-001542,SUSPECT_IN,CASE-000274,true,true
TRUTH-002179,PERSON-002713,SUSPECT_IN,CASE-000274,true,true
TRUTH-002180,PERSON-000948,SUSPECT_IN,CASE-000274,true,true
TRUTH-002181,PERSON-000832,OBSERVED_IN,CASE-000274,true,true
TRUTH-002182,PERSON-000886,OBSERVED_IN,CASE-000274,true,true
TRUTH-002183,PERSON-001363,OBSERVED_IN,CASE-000274,true,true
TRUTH-002184,PERSON-001425,SUSPECT_IN,CASE-000275,true,true
TRUTH-002185,PERSON-002759,SUSPECT_IN,CASE-000275,true,true
TRUTH-002186,PERSON-001578,SUSPECT_IN,CASE-000275,true,true
TRUTH-002187,PERSON-000822,OBSERVED_IN,CASE-000275,true,true
TRUTH-002188,PERSON-002986,OBSERVED_IN,CASE-000275,true,true
TRUTH-002189,PERSON-001071,OBSERVED_IN,CASE-000275,true,true
TRUTH-002190,PERSON-000230,SUSPECT_IN,CASE-000276,true,true
TRUTH-002191,PERSON-002835,SUSPECT_IN,CASE-000276,true,true
TRUTH-002192,PERSON-000074,SUSPECT_IN,CASE-000276,true,true
TRUTH-002193,PERSON-001343,OBSERVED_IN,CASE-000276,true,true
TRUTH-002194,PERSON-002998,OBSERVED_IN,CASE-000276,true,true
TRUTH-002195,PERSON-001315,OBSERVED_IN,CASE-000276,true,true
TRUTH-002196,PERSON-000106,OBSERVED_IN,CASE-000276,true,true
TRUTH-002197,PERSON-000697,OBSERVED_IN,CASE-000276,true,true
TRUTH-002198,PERSON-002715,OBSERVED_IN,CASE-000276,true,true
TRUTH-002199,PERSON-000120,SUSPECT_IN,CASE-000277,true,true
TRUTH-002200,PERSON-002745,SUSPECT_IN,CASE-000277,true,true
TRUTH-002201,PERSON-002517,SUSPECT_IN,CASE-000277,true,true
TRUTH-002202,PERSON-002999,SUSPECT_IN,CASE-000277,true,true
TRUTH-002203,PERSON-001385,SUSPECT_IN,CASE-000277,true,true
TRUTH-002204,PERSON-001992,OBSERVED_IN,CASE-000277,true,true
TRUTH-002205,PERSON-002020,OBSERVED_IN,CASE-000277,true,true
TRUTH-002206,PERSON-001540,OBSERVED_IN,CASE-000277,true,true
TRUTH-002207,PERSON-001107,SUSPECT_IN,CASE-000278,true,true
TRUTH-002208,PERSON-001890,SUSPECT_IN,CASE-000278,true,true
TRUTH-002209,PERSON-002004,SUSPECT_IN,CASE-000278,true,true
TRUTH-002210,PERSON-000784,SUSPECT_IN,CASE-000278,true,true
TRUTH-002211,PERSON-001423,SUSPECT_IN,CASE-000278,true,true
TRUTH-002212,PERSON-002558,OBSERVED_IN,CASE-000278,true,true
TRUTH-002213,PERSON-000717,OBSERVED_IN,CASE-000278,true,true
TRUTH-002214,PERSON-000584,SUSPECT_IN,CASE-000279,true,true
TRUTH-002215,PERSON-002715,SUSPECT_IN,CASE-000279,true,true
TRUTH-002216,PERSON-000230,SUSPECT_IN,CASE-000279,true,true
TRUTH-002217,PERSON-000106,SUSPECT_IN,CASE-000279,true,true
TRUTH-002218,PERSON-002675,SUSPECT_IN,CASE-000279,true,true
TRUTH-002219,PERSON-002998,OBSERVED_IN,CASE-000279,true,true
TRUTH-002220,PERSON-000948,OBSERVED_IN,CASE-000279,true,true
TRUTH-002221,PERSON-001315,OBSERVED_IN,CASE-000279,true,true
TRUTH-002222,PERSON-002757,OBSERVED_IN,CASE-000279,true,true
TRUTH-002223,PERSON-000904,OBSERVED_IN,CASE-000279,true,true
TRUTH-002224,PERSON-000697,OBSERVED_IN,CASE-000279,true,true
TRUTH-002225,PERSON-000120,SUSPECT_IN,CASE-000280,true,true
TRUTH-002226,PERSON-001543,SUSPECT_IN,CASE-000280,true,true
TRUTH-002227,PERSON-001544,SUSPECT_IN,CASE-000280,true,true
TRUTH-002228,PERSON-000083,SUSPECT_IN,CASE-000280,true,true
TRUTH-002229,PERSON-000901,SUSPECT_IN,CASE-000280,true,true
TRUTH-002230,PERSON-000621,OBSERVED_IN,CASE-000280,true,true
TRUTH-002231,PERSON-000765,OBSERVED_IN,CASE-000280,true,true
TRUTH-002232,PERSON-001205,OBSERVED_IN,CASE-000280,true,true
TRUTH-002233,PERSON-002846,SUSPECT_IN,CASE-000281,true,true
TRUTH-002234,PERSON-002304,SUSPECT_IN,CASE-000281,true,true
TRUTH-002235,PERSON-001578,SUSPECT_IN,CASE-000281,true,true
TRUTH-002236,PERSON-001847,SUSPECT_IN,CASE-000281,true,true
TRUTH-002237,PERSON-001478,SUSPECT_IN,CASE-000281,true,true
TRUTH-002238,PERSON-002397,OBSERVED_IN,CASE-000281,true,true
TRUTH-002239,PERSON-001691,OBSERVED_IN,CASE-000281,true,true
TRUTH-002240,PERSON-002106,SUSPECT_IN,CASE-000282,true,true
TRUTH-002241,PERSON-001387,SUSPECT_IN,CASE-000282,true,true
TRUTH-002242,PERSON-002947,SUSPECT_IN,CASE-000282,true,true
TRUTH-002243,PERSON-001492,OBSERVED_IN,CASE-000282,true,true
TRUTH-002244,PERSON-001516,OBSERVED_IN,CASE-000282,true,true
TRUTH-002245,PERSON-000484,OBSERVED_IN,CASE-000282,true,true
TRUTH-002246,PERSON-001701,OBSERVED_IN,CASE-000282,true,true
TRUTH-002247,PERSON-001511,SUSPECT_IN,CASE-000283,true,true
TRUTH-002248,PERSON-001455,SUSPECT_IN,CASE-000283,true,true
TRUTH-002249,PERSON-002675,SUSPECT_IN,CASE-000283,true,true
TRUTH-002250,PERSON-000092,SUSPECT_IN,CASE-000283,true,true
TRUTH-002251,PERSON-001558,SUSPECT_IN,CASE-000283,true,true
TRUTH-002252,PERSON-001817,OBSERVED_IN,CASE-000283,true,true
TRUTH-002253,PERSON-001782,OBSERVED_IN,CASE-000283,true,true
TRUTH-002254,PERSON-002829,OBSERVED_IN,CASE-000283,true,true
TRUTH-002255,PERSON-002920,OBSERVED_IN,CASE-000283,true,true
TRUTH-002256,PERSON-000470,OBSERVED_IN,CASE-000283,true,true
TRUTH-002257,PERSON-001116,OBSERVED_IN,CASE-000283,true,true
TRUTH-002258,PERSON-001866,OBSERVED_IN,CASE-000283,true,true
TRUTH-002259,PERSON-000863,SUSPECT_IN,CASE-000284,true,true
TRUTH-002260,PERSON-002757,SUSPECT_IN,CASE-000284,true,true
TRUTH-002261,PERSON-002574,SUSPECT_IN,CASE-000284,true,true
TRUTH-002262,PERSON-001589,SUSPECT_IN,CASE-000284,true,true
TRUTH-002263,PERSON-000850,OBSERVED_IN,CASE-000284,true,true
TRUTH-002264,PERSON-000063,OBSERVED_IN,CASE-000284,true,true
TRUTH-002265,PERSON-000488,SUSPECT_IN,CASE-000285,true,true
TRUTH-002266,PERSON-000120,SUSPECT_IN,CASE-000285,true,true
TRUTH-002267,PERSON-000921,SUSPECT_IN,CASE-000285,true,true
TRUTH-002268,PERSON-001965,SUSPECT_IN,CASE-000285,true,true
TRUTH-002269,PERSON-001543,SUSPECT_IN,CASE-000285,true,true
TRUTH-002270,PERSON-002745,OBSERVED_IN,CASE-000285,true,true
TRUTH-002271,PERSON-001898,OBSERVED_IN,CASE-000285,true,true
TRUTH-002272,PERSON-001205,OBSERVED_IN,CASE-000285,true,true
TRUTH-002273,PERSON-001861,SUSPECT_IN,CASE-000286,true,true
TRUTH-002274,PERSON-001259,SUSPECT_IN,CASE-000286,true,true
TRUTH-002275,PERSON-000850,SUSPECT_IN,CASE-000286,true,true
TRUTH-002276,PERSON-000081,SUSPECT_IN,CASE-000286,true,true
TRUTH-002277,PERSON-002574,SUSPECT_IN,CASE-000286,true,true
TRUTH-002278,PERSON-001610,SUSPECT_IN,CASE-000286,true,true
TRUTH-002279,PERSON-002757,OBSERVED_IN,CASE-000286,true,true
TRUTH-002280,PERSON-001152,SUSPECT_IN,CASE-000287,true,true
TRUTH-002281,PERSON-002646,SUSPECT_IN,CASE-000287,true,true
TRUTH-002282,PERSON-000769,SUSPECT_IN,CASE-000287,true,true
TRUTH-002283,PERSON-000862,OBSERVED_IN,CASE-000287,true,true
TRUTH-002284,PERSON-002106,OBSERVED_IN,CASE-000287,true,true
TRUTH-002285,PERSON-001803,OBSERVED_IN,CASE-000287,true,true
TRUTH-002286,PERSON-002009,OBSERVED_IN,CASE-000287,true,true
TRUTH-002287,PERSON-001387,OBSERVED_IN,CASE-000287,true,true
TRUTH-002288,PERSON-000838,OBSERVED_IN,CASE-000287,true,true
TRUTH-002289,PERSON-000927,SUSPECT_IN,CASE-000288,true,true
TRUTH-002290,PERSON-000207,SUSPECT_IN,CASE-000288,true,true
TRUTH-002291,PERSON-000506,OBSERVED_IN,CASE-000288,true,true
TRUTH-002292,PERSON-000092,OBSERVED_IN,CASE-000288,true,true
TRUTH-002293,PERSON-001135,OBSERVED_IN,CASE-000288,true,true
TRUTH-002294,PERSON-000597,OBSERVED_IN,CASE-000288,true,true
TRUTH-002295,PERSON-002457,OBSERVED_IN,CASE-000288,true,true
TRUTH-002296,PERSON-002715,SUSPECT_IN,CASE-000289,true,true
TRUTH-002297,PERSON-002408,SUSPECT_IN,CASE-000289,true,true
TRUTH-002298,PERSON-001315,OBSERVED_IN,CASE-000289,true,true
TRUTH-002299,PERSON-000230,OBSERVED_IN,CASE-000289,true,true
TRUTH-002300,PERSON-002846,SUSPECT_IN,CASE-000290,true,true
TRUTH-002301,PERSON-002304,SUSPECT_IN,CASE-000290,true,true
TRUTH-002302,PERSON-002393,SUSPECT_IN,CASE-000290,true,true
TRUTH-002303,PERSON-001847,SUSPECT_IN,CASE-000290,true,true
TRUTH-002304,PERSON-002408,SUSPECT_IN,CASE-000290,true,true
TRUTH-002305,PERSON-000207,SUSPECT_IN,CASE-000290,true,true
TRUTH-002306,PERSON-001334,OBSERVED_IN,CASE-000290,true,true
TRUTH-002307,PERSON-000943,OBSERVED_IN,CASE-000290,true,true
TRUTH-002308,PERSON-002499,SUSPECT_IN,CASE-000291,true,true
TRUTH-002309,PERSON-001890,SUSPECT_IN,CASE-000291,true,true
TRUTH-002310,PERSON-000580,SUSPECT_IN,CASE-000291,true,true
TRUTH-002311,PERSON-002164,SUSPECT_IN,CASE-000291,true,true
TRUTH-002312,PERSON-001311,SUSPECT_IN,CASE-000291,true,true
TRUTH-002313,PERSON-002004,OBSERVED_IN,CASE-000291,true,true
TRUTH-002314,PERSON-002558,OBSERVED_IN,CASE-000291,true,true
TRUTH-002315,PERSON-001589,SUSPECT_IN,CASE-000292,true,true
TRUTH-002316,PERSON-000063,SUSPECT_IN,CASE-000292,true,true
TRUTH-002317,PERSON-002574,SUSPECT_IN,CASE-000292,true,true
TRUTH-002318,PERSON-002757,SUSPECT_IN,CASE-000292,true,true
TRUTH-002319,PERSON-000274,SUSPECT_IN,CASE-000292,true,true
TRUTH-002320,PERSON-001861,OBSERVED_IN,CASE-000292,true,true
TRUTH-002321,PERSON-000863,OBSERVED_IN,CASE-000292,true,true
TRUTH-002322,PERSON-001343,SUSPECT_IN,CASE-000293,true,true
TRUTH-002323,PERSON-001315,SUSPECT_IN,CASE-000293,true,true
TRUTH-002324,PERSON-002715,SUSPECT_IN,CASE-000293,true,true
TRUTH-002325,PERSON-000904,SUSPECT_IN,CASE-000293,true,true
TRUTH-002326,PERSON-002757,SUSPECT_IN,CASE-000293,true,true
TRUTH-002327,PERSON-000106,SUSPECT_IN,CASE-000293,true,true
TRUTH-002328,PERSON-001664,OBSERVED_IN,CASE-000293,true,true
TRUTH-002329,PERSON-000576,OBSERVED_IN,CASE-000293,true,true
TRUTH-002330,PERSON-002060,SUSPECT_IN,CASE-000294,true,true
TRUTH-002331,PERSON-002821,SUSPECT_IN,CASE-000294,true,true
TRUTH-002332,PERSON-001558,OBSERVED_IN,CASE-000294,true,true
TRUTH-002333,PERSON-001262,OBSERVED_IN,CASE-000294,true,true
TRUTH-002334,PERSON-001610,OBSERVED_IN,CASE-000294,true,true
TRUTH-002335,PERSON-000180,OBSERVED_IN,CASE-000294,true,true
TRUTH-002336,PERSON-000267,OBSERVED_IN,CASE-000294,true,true
TRUTH-002337,PERSON-002900,OBSERVED_IN,CASE-000294,true,true
TRUTH-002338,PERSON-001757,OBSERVED_IN,CASE-000294,true,true
TRUTH-002339,PERSON-002745,SUSPECT_IN,CASE-000295,true,true
TRUTH-002340,PERSON-000921,SUSPECT_IN,CASE-000295,true,true
TRUTH-002341,PERSON-000120,SUSPECT_IN,CASE-000295,true,true
TRUTH-002342,PERSON-000850,SUSPECT_IN,CASE-000295,true,true
TRUTH-002343,PERSON-002873,OBSERVED_IN,CASE-000295,true,true
TRUTH-002344,PERSON-000863,OBSERVED_IN,CASE-000295,true,true
TRUTH-002345,PERSON-001992,OBSERVED_IN,CASE-000295,true,true
TRUTH-002346,PERSON-000357,OBSERVED_IN,CASE-000295,true,true
TRUTH-002347,PERSON-001205,OBSERVED_IN,CASE-000295,true,true
TRUTH-002348,PERSON-000488,SUSPECT_IN,CASE-000296,true,true
TRUTH-002349,PERSON-002788,SUSPECT_IN,CASE-000296,true,true
TRUTH-002350,PERSON-002947,OBSERVED_IN,CASE-000296,true,true
TRUTH-002351,PERSON-001311,OBSERVED_IN,CASE-000296,true,true
TRUTH-002352,PERSON-002901,OBSERVED_IN,CASE-000296,true,true
TRUTH-002353,PERSON-000683,OBSERVED_IN,CASE-000296,true,true
TRUTH-002354,PERSON-000072,OBSERVED_IN,CASE-000296,true,true
TRUTH-002355,PERSON-002759,SUSPECT_IN,CASE-000297,true,true
TRUTH-002356,PERSON-002986,SUSPECT_IN,CASE-000297,true,true
TRUTH-002357,PERSON-001578,SUSPECT_IN,CASE-000297,true,true
TRUTH-002358,PERSON-001071,SUSPECT_IN,CASE-000297,true,true
TRUTH-002359,PERSON-002770,SUSPECT_IN,CASE-000297,true,true
TRUTH-002360,PERSON-000822,OBSERVED_IN,CASE-000297,true,true
TRUTH-002361,PERSON-001425,OBSERVED_IN,CASE-000297,true,true
TRUTH-002362,PERSON-000613,OBSERVED_IN,CASE-000297,true,true
TRUTH-002363,PERSON-002068,OBSERVED_IN,CASE-000297,true,true
TRUTH-002364,PERSON-001259,SUSPECT_IN,CASE-000298,true,true
TRUTH-002365,PERSON-000081,SUSPECT_IN,CASE-000298,true,true
TRUTH-002366,PERSON-001589,SUSPECT_IN,CASE-000298,true,true
TRUTH-002367,PERSON-002574,SUSPECT_IN,CASE-000298,true,true
TRUTH-002368,PERSON-001861,SUSPECT_IN,CASE-000298,true,true
TRUTH-002369,PERSON-001327,SUSPECT_IN,CASE-000298,true,true
TRUTH-002370,PERSON-000850,OBSERVED_IN,CASE-000298,true,true
TRUTH-002371,PERSON-000863,OBSERVED_IN,CASE-000298,true,true
TRUTH-002372,PERSON-000063,OBSERVED_IN,CASE-000298,true,true
TRUTH-002373,PERSON-000792,SUSPECT_IN,CASE-000299,true,true
TRUTH-002374,PERSON-001127,SUSPECT_IN,CASE-000299,true,true
TRUTH-002375,PERSON-001474,OBSERVED_IN,CASE-000299,true,true
TRUTH-002376,PERSON-001558,OBSERVED_IN,CASE-000299,true,true
TRUTH-002377,PERSON-002122,SUSPECT_IN,CASE-000300,true,true
TRUTH-002378,PERSON-000342,SUSPECT_IN,CASE-000300,true,true
TRUTH-002379,PERSON-000295,SUSPECT_IN,CASE-000300,true,true
TRUTH-002380,PERSON-000144,OBSERVED_IN,CASE-000300,true,true
TRUTH-002381,PERSON-000886,OBSERVED_IN,CASE-000300,true,true
TRUTH-002382,PERSON-000492,OBSERVED_IN,CASE-000300,true,true
TRUTH-002383,PERSON-002684,SUSPECT_IN,CASE-000301,true,true
TRUTH-002384,PERSON-000763,SUSPECT_IN,CASE-000301,true,true
TRUTH-002385,PERSON-002788,SUSPECT_IN,CASE-000301,true,true
TRUTH-002386,PERSON-002845,SUSPECT_IN,CASE-000301,true,true
TRUTH-002387,PERSON-000842,OBSERVED_IN,CASE-000301,true,true
TRUTH-002388,PERSON-002444,OBSERVED_IN,CASE-000301,true,true
TRUTH-002389,PERSON-001769,OBSERVED_IN,CASE-000301,true,true
TRUTH-002390,PERSON-001259,SUSPECT_IN,CASE-000302,true,true
TRUTH-002391,PERSON-001589,SUSPECT_IN,CASE-000302,true,true
TRUTH-002392,PERSON-001861,SUSPECT_IN,CASE-000302,true,true
TRUTH-002393,PERSON-000863,SUSPECT_IN,CASE-000302,true,true
TRUTH-002394,PERSON-000850,OBSERVED_IN,CASE-000302,true,true
TRUTH-002395,PERSON-000063,OBSERVED_IN,CASE-000302,true,true
TRUTH-002396,PERSON-000081,OBSERVED_IN,CASE-000302,true,true
TRUTH-002397,PERSON-002757,OBSERVED_IN,CASE-000302,true,true
TRUTH-002398,PERSON-000682,SUSPECT_IN,CASE-000303,true,true
TRUTH-002399,PERSON-002737,SUSPECT_IN,CASE-000303,true,true
TRUTH-002400,PERSON-000032,SUSPECT_IN,CASE-000303,true,true
TRUTH-002401,PERSON-001885,SUSPECT_IN,CASE-000303,true,true
TRUTH-002402,PERSON-000473,OBSERVED_IN,CASE-000303,true,true
TRUTH-002403,PERSON-000042,OBSERVED_IN,CASE-000303,true,true
TRUTH-002404,PERSON-002068,OBSERVED_IN,CASE-000303,true,true
TRUTH-002405,PERSON-002986,SUSPECT_IN,CASE-000304,true,true
TRUTH-002406,PERSON-000789,SUSPECT_IN,CASE-000304,true,true
TRUTH-002407,PERSON-001071,OBSERVED_IN,CASE-000304,true,true
TRUTH-002408,PERSON-002759,OBSERVED_IN,CASE-000304,true,true
TRUTH-002409,PERSON-000613,OBSERVED_IN,CASE-000304,true,true
TRUTH-002410,PERSON-002068,OBSERVED_IN,CASE-000304,true,true
TRUTH-002411,PERSON-000920,SUSPECT_IN,CASE-000305,true,true
TRUTH-002412,PERSON-000886,SUSPECT_IN,CASE-000305,true,true
TRUTH-002413,PERSON-002082,SUSPECT_IN,CASE-000305,true,true
TRUTH-002414,PERSON-001478,SUSPECT_IN,CASE-000305,true,true
TRUTH-002415,PERSON-000233,SUSPECT_IN,CASE-000305,true,true
TRUTH-002416,PERSON-002757,SUSPECT_IN,CASE-000305,true,true
TRUTH-002417,PERSON-001059,OBSERVED_IN,CASE-000305,true,true
TRUTH-002418,PERSON-000144,OBSERVED_IN,CASE-000305,true,true
TRUTH-002419,PERSON-000302,OBSERVED_IN,CASE-000305,true,true
TRUTH-002420,PERSON-001830,OBSERVED_IN,CASE-000305,true,true
TRUTH-002421,PERSON-001540,SUSPECT_IN,CASE-000306,true,true
TRUTH-002422,PERSON-002020,SUSPECT_IN,CASE-000306,true,true
TRUTH-002423,PERSON-002517,OBSERVED_IN,CASE-000306,true,true
TRUTH-002424,PERSON-002873,OBSERVED_IN,CASE-000306,true,true
TRUTH-002425,PERSON-001992,OBSERVED_IN,CASE-000306,true,true
TRUTH-002426,PERSON-000863,OBSERVED_IN,CASE-000306,true,true
TRUTH-002427,PERSON-000083,OBSERVED_IN,CASE-000306,true,true
TRUTH-002428,PERSON-002745,OBSERVED_IN,CASE-000306,true,true
TRUTH-002429,PERSON-000634,SUSPECT_IN,CASE-000307,true,true
TRUTH-002430,PERSON-001258,SUSPECT_IN,CASE-000307,true,true
TRUTH-002431,PERSON-000438,OBSERVED_IN,CASE-000307,true,true
TRUTH-002432,PERSON-000604,OBSERVED_IN,CASE-000307,true,true
TRUTH-002433,PERSON-000057,OBSERVED_IN,CASE-000307,true,true
TRUTH-002434,PERSON-002481,OBSERVED_IN,CASE-000307,true,true
TRUTH-002435,PERSON-002675,SUSPECT_IN,CASE-000308,true,true
TRUTH-002436,PERSON-000576,SUSPECT_IN,CASE-000308,true,true
TRUTH-002437,PERSON-002835,SUSPECT_IN,CASE-000308,true,true
TRUTH-002438,PERSON-000904,SUSPECT_IN,CASE-000308,true,true
TRUTH-002439,PERSON-000193,SUSPECT_IN,CASE-000308,true,true
TRUTH-002440,PERSON-001664,OBSERVED_IN,CASE-000308,true,true
TRUTH-002441,PERSON-002998,OBSERVED_IN,CASE-000308,true,true
TRUTH-002442,PERSON-002757,OBSERVED_IN,CASE-000308,true,true
TRUTH-002443,PERSON-000584,OBSERVED_IN,CASE-000308,true,true
TRUTH-002444,PERSON-000697,OBSERVED_IN,CASE-000308,true,true
TRUTH-002445,PERSON-000351,SUSPECT_IN,CASE-000309,true,true
TRUTH-002446,PERSON-001558,SUSPECT_IN,CASE-000309,true,true
TRUTH-002447,PERSON-002689,SUSPECT_IN,CASE-000309,true,true
TRUTH-002448,PERSON-000146,OBSERVED_IN,CASE-000309,true,true
TRUTH-002449,PERSON-001210,OBSERVED_IN,CASE-000309,true,true
TRUTH-002450,PERSON-001667,OBSERVED_IN,CASE-000309,true,true
TRUTH-002451,PERSON-002750,OBSERVED_IN,CASE-000309,true,true
TRUTH-002452,PERSON-001041,OBSERVED_IN,CASE-000309,true,true
TRUTH-002453,PERSON-001589,OBSERVED_IN,CASE-000309,true,true
TRUTH-002454,PERSON-001670,OBSERVED_IN,CASE-000309,true,true
TRUTH-002455,PERSON-001807,SUSPECT_IN,CASE-000310,true,true
TRUTH-002456,PERSON-001674,SUSPECT_IN,CASE-000310,true,true
TRUTH-002457,PERSON-000470,OBSERVED_IN,CASE-000310,true,true
TRUTH-002458,PERSON-000430,OBSERVED_IN,CASE-000310,true,true
TRUTH-002459,PERSON-001212,OBSERVED_IN,CASE-000310,true,true
TRUTH-002460,PERSON-000165,SUSPECT_IN,CASE-000311,true,true
TRUTH-002461,PERSON-000032,SUSPECT_IN,CASE-000311,true,true
TRUTH-002462,PERSON-000682,SUSPECT_IN,CASE-000311,true,true
TRUTH-002463,PERSON-002068,SUSPECT_IN,CASE-000311,true,true
TRUTH-002464,PERSON-002160,SUSPECT_IN,CASE-000311,true,true
TRUTH-002465,PERSON-001481,OBSERVED_IN,CASE-000311,true,true
TRUTH-002466,PERSON-000275,OBSERVED_IN,CASE-000311,true,true
TRUTH-002467,PERSON-001803,SUSPECT_IN,CASE-000312,true,true
TRUTH-002468,PERSON-002197,SUSPECT_IN,CASE-000312,true,true
TRUTH-002469,PERSON-000569,SUSPECT_IN,CASE-000312,true,true
TRUTH-002470,PERSON-000479,OBSERVED_IN,CASE-000312,true,true
TRUTH-002471,PERSON-000295,OBSERVED_IN,CASE-000312,true,true
TRUTH-002472,PERSON-001066,OBSERVED_IN,CASE-000312,true,true
TRUTH-002473,PERSON-000823,OBSERVED_IN,CASE-000312,true,true
TRUTH-002474,PERSON-000484,OBSERVED_IN,CASE-000312,true,true
TRUTH-002475,PERSON-000440,SUSPECT_IN,CASE-000313,true,true
TRUTH-002476,PERSON-000540,SUSPECT_IN,CASE-000313,true,true
TRUTH-002477,PERSON-000792,SUSPECT_IN,CASE-000313,true,true
TRUTH-002478,PERSON-000366,SUSPECT_IN,CASE-000313,true,true
TRUTH-002479,PERSON-001610,OBSERVED_IN,CASE-000313,true,true
TRUTH-002480,PERSON-002900,OBSERVED_IN,CASE-000313,true,true
TRUTH-002481,PERSON-001115,OBSERVED_IN,CASE-000313,true,true
TRUTH-002482,PERSON-002757,SUSPECT_IN,CASE-000314,true,true
TRUTH-002483,PERSON-000081,SUSPECT_IN,CASE-000314,true,true
TRUTH-002484,PERSON-001259,SUSPECT_IN,CASE-000314,true,true
TRUTH-002485,PERSON-002574,SUSPECT_IN,CASE-000314,true,true
TRUTH-002486,PERSON-001861,SUSPECT_IN,CASE-000314,true,true
TRUTH-002487,PERSON-000407,SUSPECT_IN,CASE-000314,true,true
TRUTH-002488,PERSON-000850,OBSERVED_IN,CASE-000314,true,true
TRUTH-002489,PERSON-000063,OBSERVED_IN,CASE-000314,true,true
TRUTH-002490,PERSON-000863,OBSERVED_IN,CASE-000314,true,true
TRUTH-002491,PERSON-001589,OBSERVED_IN,CASE-000314,true,true
TRUTH-002492,PERSON-002060,SUSPECT_IN,CASE-000315,true,true
TRUTH-002493,PERSON-001610,SUSPECT_IN,CASE-000315,true,true
TRUTH-002494,PERSON-000440,SUSPECT_IN,CASE-000315,true,true
TRUTH-002495,PERSON-001262,SUSPECT_IN,CASE-000315,true,true
TRUTH-002496,PERSON-001474,OBSERVED_IN,CASE-000315,true,true
TRUTH-002497,PERSON-001115,OBSERVED_IN,CASE-000315,true,true
TRUTH-002498,PERSON-000792,OBSERVED_IN,CASE-000315,true,true
TRUTH-002499,PERSON-002618,OBSERVED_IN,CASE-000315,true,true
TRUTH-002500,PERSON-001757,OBSERVED_IN,CASE-000315,true,true
TRUTH-002501,PERSON-002900,SUSPECT_IN,CASE-000316,true,true
TRUTH-002502,PERSON-000449,SUSPECT_IN,CASE-000316,true,true
TRUTH-002503,PERSON-000540,OBSERVED_IN,CASE-000316,true,true
TRUTH-002504,PERSON-001115,OBSERVED_IN,CASE-000316,true,true
TRUTH-002505,PERSON-001262,OBSERVED_IN,CASE-000316,true,true
TRUTH-002506,PERSON-001610,OBSERVED_IN,CASE-000316,true,true
TRUTH-002507,PERSON-000180,OBSERVED_IN,CASE-000316,true,true
TRUTH-002508,PERSON-000267,OBSERVED_IN,CASE-000316,true,true
TRUTH-002509,PERSON-001757,OBSERVED_IN,CASE-000316,true,true
TRUTH-002510,PERSON-001869,SUSPECT_IN,CASE-000317,true,true
TRUTH-002511,PERSON-001381,SUSPECT_IN,CASE-000317,true,true
TRUTH-002512,PERSON-001774,SUSPECT_IN,CASE-000317,true,true
TRUTH-002513,PERSON-001758,SUSPECT_IN,CASE-000317,true,true
TRUTH-002514,PERSON-000366,OBSERVED_IN,CASE-000317,true,true
TRUTH-002515,PERSON-000407,OBSERVED_IN,CASE-000317,true,true
TRUTH-002516,PERSON-002417,OBSERVED_IN,CASE-000317,true,true
TRUTH-002517,PERSON-002094,OBSERVED_IN,CASE-000317,true,true
TRUTH-002518,PERSON-000207,OBSERVED_IN,CASE-000317,true,true
TRUTH-002519,PERSON-002105,OBSERVED_IN,CASE-000317,true,true
TRUTH-002520,PERSON-001667,SUSPECT_IN,CASE-000318,true,true
TRUTH-002521,PERSON-001589,SUSPECT_IN,CASE-000318,true,true
TRUTH-002522,PERSON-002750,SUSPECT_IN,CASE-000318,true,true
TRUTH-002523,PERSON-001474,SUSPECT_IN,CASE-000318,true,true
TRUTH-002524,PERSON-001210,OBSERVED_IN,CASE-000318,true,true
TRUTH-002525,PERSON-001041,OBSERVED_IN,CASE-000318,true,true
TRUTH-002526,PERSON-001968,SUSPECT_IN,CASE-000319,true,true
TRUTH-002527,PERSON-001478,SUSPECT_IN,CASE-000319,true,true
TRUTH-002528,PERSON-001846,SUSPECT_IN,CASE-000319,true,true
TRUTH-002529,PERSON-002821,SUSPECT_IN,CASE-000319,true,true
TRUTH-002530,PERSON-002653,OBSERVED_IN,CASE-000319,true,true
TRUTH-002531,PERSON-001043,OBSERVED_IN,CASE-000319,true,true
TRUTH-002532,PERSON-002507,OBSERVED_IN,CASE-000319,true,true
TRUTH-002533,PERSON-001311,OBSERVED_IN,CASE-000319,true,true
TRUTH-002534,PERSON-002124,OBSERVED_IN,CASE-000319,true,true
TRUTH-002535,PERSON-002160,OBSERVED_IN,CASE-000319,true,true
TRUTH-002536,PERSON-000507,OBSERVED_IN,CASE-000319,true,true
TRUTH-002537,PERSON-002397,SUSPECT_IN,CASE-000320,true,true
TRUTH-002538,PERSON-001747,SUSPECT_IN,CASE-000320,true,true
TRUTH-002539,PERSON-000921,SUSPECT_IN,CASE-000320,true,true
TRUTH-002540,PERSON-001334,OBSERVED_IN,CASE-000320,true,true
TRUTH-002541,PERSON-000245,OBSERVED_IN,CASE-000320,true,true
TRUTH-002542,PERSON-000825,OBSERVED_IN,CASE-000320,true,true
TRUTH-002543,PERSON-000943,OBSERVED_IN,CASE-000320,true,true
TRUTH-002544,PERSON-002408,OBSERVED_IN,CASE-000320,true,true
TRUTH-002545,PERSON-002304,OBSERVED_IN,CASE-000320,true,true
TRUTH-002546,PERSON-001589,SUSPECT_IN,CASE-000321,true,true
TRUTH-002547,PERSON-001670,SUSPECT_IN,CASE-000321,true,true
TRUTH-002548,PERSON-002750,SUSPECT_IN,CASE-000321,true,true
TRUTH-002549,PERSON-000146,SUSPECT_IN,CASE-000321,true,true
TRUTH-002550,PERSON-001210,SUSPECT_IN,CASE-000321,true,true
TRUTH-002551,PERSON-000991,SUSPECT_IN,CASE-000321,true,true
TRUTH-002552,PERSON-001667,OBSERVED_IN,CASE-000321,true,true
TRUTH-002553,PERSON-001041,OBSERVED_IN,CASE-000321,true,true
TRUTH-002554,PERSON-001558,OBSERVED_IN,CASE-000321,true,true
TRUTH-002555,PERSON-000351,OBSERVED_IN,CASE-000321,true,true
TRUTH-002556,PERSON-001397,SUSPECT_IN,CASE-000322,true,true
TRUTH-002557,PERSON-002499,SUSPECT_IN,CASE-000322,true,true
TRUTH-002558,PERSON-000898,SUSPECT_IN,CASE-000322,true,true
TRUTH-002559,PERSON-001668,OBSERVED_IN,CASE-000322,true,true
TRUTH-002560,PERSON-001423,OBSERVED_IN,CASE-000322,true,true
TRUTH-002561,PERSON-002331,OBSERVED_IN,CASE-000322,true,true
TRUTH-002562,PERSON-002896,SUSPECT_IN,CASE-000323,true,true
TRUTH-002563,PERSON-000647,SUSPECT_IN,CASE-000323,true,true
TRUTH-002564,PERSON-002847,OBSERVED_IN,CASE-000323,true,true
TRUTH-002565,PERSON-000886,OBSERVED_IN,CASE-000323,true,true
TRUTH-002566,PERSON-001474,SUSPECT_IN,CASE-000324,true,true
TRUTH-002567,PERSON-000267,SUSPECT_IN,CASE-000324,true,true
TRUTH-002568,PERSON-000440,SUSPECT_IN,CASE-000324,true,true
TRUTH-002569,PERSON-000792,SUSPECT_IN,CASE-000324,true,true
TRUTH-002570,PERSON-000272,SUSPECT_IN,CASE-000324,true,true
TRUTH-002571,PERSON-000180,OBSERVED_IN,CASE-000324,true,true
TRUTH-002572,PERSON-001847,SUSPECT_IN,CASE-000325,true,true
TRUTH-002573,PERSON-001029,SUSPECT_IN,CASE-000325,true,true
TRUTH-002574,PERSON-000374,SUSPECT_IN,CASE-000325,true,true
TRUTH-002575,PERSON-001578,SUSPECT_IN,CASE-000325,true,true
TRUTH-002576,PERSON-000825,SUSPECT_IN,CASE-000325,true,true
TRUTH-002577,PERSON-000556,SUSPECT_IN,CASE-000325,true,true
TRUTH-002578,PERSON-002397,OBSERVED_IN,CASE-000325,true,true
TRUTH-002579,PERSON-001780,OBSERVED_IN,CASE-000325,true,true
TRUTH-002580,PERSON-002846,OBSERVED_IN,CASE-000325,true,true
TRUTH-002581,PERSON-002408,OBSERVED_IN,CASE-000325,true,true
TRUTH-002582,PERSON-001898,SUSPECT_IN,CASE-000326,true,true
TRUTH-002583,PERSON-000765,SUSPECT_IN,CASE-000326,true,true
TRUTH-002584,PERSON-001543,SUSPECT_IN,CASE-000326,true,true
TRUTH-002585,PERSON-000538,SUSPECT_IN,CASE-000326,true,true
TRUTH-002586,PERSON-000784,SUSPECT_IN,CASE-000326,true,true
TRUTH-002587,PERSON-002517,OBSERVED_IN,CASE-000326,true,true
TRUTH-002588,PERSON-000357,OBSERVED_IN,CASE-000326,true,true
TRUTH-002589,PERSON-001687,SUSPECT_IN,CASE-000327,true,true
TRUTH-002590,PERSON-000414,SUSPECT_IN,CASE-000327,true,true
TRUTH-002591,PERSON-001381,SUSPECT_IN,CASE-000327,true,true
TRUTH-002592,PERSON-001769,SUSPECT_IN,CASE-000327,true,true
TRUTH-002593,PERSON-001774,OBSERVED_IN,CASE-000327,true,true
TRUTH-002594,PERSON-002417,OBSERVED_IN,CASE-000327,true,true
TRUTH-002595,PERSON-002105,OBSERVED_IN,CASE-000327,true,true
TRUTH-002596,PERSON-000111,OBSERVED_IN,CASE-000327,true,true
TRUTH-002597,PERSON-000103,OBSERVED_IN,CASE-000327,true,true
TRUTH-002598,PERSON-001869,OBSERVED_IN,CASE-000327,true,true
TRUTH-002599,PERSON-000863,SUSPECT_IN,CASE-000328,true,true
TRUTH-002600,PERSON-001589,SUSPECT_IN,CASE-000328,true,true
TRUTH-002601,PERSON-000081,OBSERVED_IN,CASE-000328,true,true
TRUTH-002602,PERSON-001259,OBSERVED_IN,CASE-000328,true,true
TRUTH-002603,PERSON-001861,OBSERVED_IN,CASE-000328,true,true
TRUTH-002604,PERSON-002574,OBSERVED_IN,CASE-000328,true,true
TRUTH-002605,PERSON-000063,OBSERVED_IN,CASE-000328,true,true
TRUTH-002606,PERSON-002757,OBSERVED_IN,CASE-000328,true,true
TRUTH-002607,PERSON-000979,SUSPECT_IN,CASE-000329,true,true
TRUTH-002608,PERSON-001581,SUSPECT_IN,CASE-000329,true,true
TRUTH-002609,PERSON-001337,SUSPECT_IN,CASE-000329,true,true
TRUTH-002610,PERSON-002901,SUSPECT_IN,CASE-000329,true,true
TRUTH-002611,PERSON-001367,OBSERVED_IN,CASE-000329,true,true
TRUTH-002612,PERSON-000769,OBSERVED_IN,CASE-000329,true,true
TRUTH-002613,PERSON-002335,OBSERVED_IN,CASE-000329,true,true
TRUTH-002614,PERSON-001507,OBSERVED_IN,CASE-000329,true,true
TRUTH-002615,PERSON-000063,SUSPECT_IN,CASE-000330,true,true
TRUTH-002616,PERSON-002757,SUSPECT_IN,CASE-000330,true,true
TRUTH-002617,PERSON-001589,SUSPECT_IN,CASE-000330,true,true
TRUTH-002618,PERSON-000081,OBSERVED_IN,CASE-000330,true,true
TRUTH-002619,PERSON-001259,OBSERVED_IN,CASE-000330,true,true
TRUTH-002620,PERSON-000850,OBSERVED_IN,CASE-000330,true,true
TRUTH-002621,PERSON-002574,OBSERVED_IN,CASE-000330,true,true
TRUTH-002622,PERSON-000863,OBSERVED_IN,CASE-000330,true,true
TRUTH-002623,PERSON-001363,SUSPECT_IN,CASE-000331,true,true
TRUTH-002624,PERSON-001847,SUSPECT_IN,CASE-000331,true,true
TRUTH-002625,PERSON-000635,SUSPECT_IN,CASE-000331,true,true
TRUTH-002626,PERSON-002438,SUSPECT_IN,CASE-000331,true,true
TRUTH-002627,PERSON-000832,OBSERVED_IN,CASE-000331,true,true
TRUTH-002628,PERSON-002675,OBSERVED_IN,CASE-000331,true,true
TRUTH-002629,PERSON-002618,SUSPECT_IN,CASE-000332,true,true
TRUTH-002630,PERSON-000540,SUSPECT_IN,CASE-000332,true,true
TRUTH-002631,PERSON-001610,SUSPECT_IN,CASE-000332,true,true
TRUTH-002632,PERSON-001705,SUSPECT_IN,CASE-000332,true,true
TRUTH-002633,PERSON-002821,OBSERVED_IN,CASE-000332,true,true
TRUTH-002634,PERSON-001115,OBSERVED_IN,CASE-000332,true,true
TRUTH-002635,PERSON-000180,OBSERVED_IN,CASE-000332,true,true
TRUTH-002636,PERSON-000267,OBSERVED_IN,CASE-000332,true,true
TRUTH-002637,PERSON-000792,OBSERVED_IN,CASE-000332,true,true
TRUTH-002638,PERSON-002060,OBSERVED_IN,CASE-000332,true,true
TRUTH-002639,PERSON-001757,OBSERVED_IN,CASE-000332,true,true
TRUTH-002640,PERSON-002873,SUSPECT_IN,CASE-000333,true,true
TRUTH-002641,PERSON-001205,SUSPECT_IN,CASE-000333,true,true
TRUTH-002642,PERSON-001898,SUSPECT_IN,CASE-000333,true,true
TRUTH-002643,PERSON-000921,SUSPECT_IN,CASE-000333,true,true
TRUTH-002644,PERSON-000621,OBSERVED_IN,CASE-000333,true,true
TRUTH-002645,PERSON-000765,OBSERVED_IN,CASE-000333,true,true
TRUTH-002646,PERSON-000267,SUSPECT_IN,CASE-000334,true,true
TRUTH-002647,PERSON-000721,SUSPECT_IN,CASE-000334,true,true
TRUTH-002648,PERSON-001558,OBSERVED_IN,CASE-000334,true,true
TRUTH-002649,PERSON-000540,OBSERVED_IN,CASE-000334,true,true
TRUTH-002650,PERSON-001474,OBSERVED_IN,CASE-000334,true,true
TRUTH-002651,PERSON-002060,OBSERVED_IN,CASE-000334,true,true
TRUTH-002652,PERSON-000440,OBSERVED_IN,CASE-000334,true,true
TRUTH-002653,PERSON-001757,OBSERVED_IN,CASE-000334,true,true
TRUTH-002654,PERSON-002068,SUSPECT_IN,CASE-000335,true,true
TRUTH-002655,PERSON-000032,SUSPECT_IN,CASE-000335,true,true
TRUTH-002656,PERSON-000682,OBSERVED_IN,CASE-000335,true,true
TRUTH-002657,PERSON-000473,OBSERVED_IN,CASE-000335,true,true
TRUTH-002658,PERSON-000042,OBSERVED_IN,CASE-000335,true,true
TRUTH-002659,PERSON-000165,OBSERVED_IN,CASE-000335,true,true
TRUTH-002660,PERSON-000906,SUSPECT_IN,CASE-000336,true,true
TRUTH-002661,PERSON-000556,SUSPECT_IN,CASE-000336,true,true
TRUTH-002662,PERSON-002223,SUSPECT_IN,CASE-000336,true,true
TRUTH-002663,PERSON-002964,SUSPECT_IN,CASE-000336,true,true
TRUTH-002664,PERSON-002938,SUSPECT_IN,CASE-000336,true,true
TRUTH-002665,PERSON-002418,SUSPECT_IN,CASE-000336,true,true
TRUTH-002666,PERSON-000217,OBSERVED_IN,CASE-000336,true,true
TRUTH-002667,PERSON-001127,SUSPECT_IN,CASE-000337,true,true
TRUTH-002668,PERSON-001331,SUSPECT_IN,CASE-000337,true,true
TRUTH-002669,PERSON-001131,OBSERVED_IN,CASE-000337,true,true
TRUTH-002670,PERSON-001552,OBSERVED_IN,CASE-000337,true,true
TRUTH-002671,PERSON-000022,OBSERVED_IN,CASE-000337,true,true
TRUTH-002672,PERSON-002309,OBSERVED_IN,CASE-000337,true,true
TRUTH-002673,PERSON-002618,SUSPECT_IN,CASE-000338,true,true
TRUTH-002674,PERSON-002821,SUSPECT_IN,CASE-000338,true,true
TRUTH-002675,PERSON-001474,SUSPECT_IN,CASE-000338,true,true
TRUTH-002676,PERSON-001262,SUSPECT_IN,CASE-000338,true,true
TRUTH-002677,PERSON-001610,OBSERVED_IN,CASE-000338,true,true
TRUTH-002678,PERSON-000440,OBSERVED_IN,CASE-000338,true,true
TRUTH-002679,PERSON-000886,SUSPECT_IN,CASE-000339,true,true
TRUTH-002680,PERSON-002821,SUSPECT_IN,CASE-000339,true,true
TRUTH-002681,PERSON-000920,OBSERVED_IN,CASE-000339,true,true
TRUTH-002682,PERSON-000305,OBSERVED_IN,CASE-000339,true,true
TRUTH-002683,PERSON-001474,SUSPECT_IN,CASE-000340,true,true
TRUTH-002684,PERSON-001558,SUSPECT_IN,CASE-000340,true,true
TRUTH-002685,PERSON-002821,SUSPECT_IN,CASE-000340,true,true
TRUTH-002686,PERSON-002060,SUSPECT_IN,CASE-000340,true,true
TRUTH-002687,PERSON-002965,SUSPECT_IN,CASE-000340,true,true
TRUTH-002688,PERSON-001115,OBSERVED_IN,CASE-000340,true,true
TRUTH-002689,PERSON-000267,OBSERVED_IN,CASE-000340,true,true
TRUTH-002690,PERSON-000792,OBSERVED_IN,CASE-000340,true,true
TRUTH-002691,PERSON-001757,OBSERVED_IN,CASE-000340,true,true
TRUTH-002692,PERSON-000063,SUSPECT_IN,CASE-000341,true,true
TRUTH-002693,PERSON-002757,SUSPECT_IN,CASE-000341,true,true
TRUTH-002694,PERSON-001589,SUSPECT_IN,CASE-000341,true,true
TRUTH-002695,PERSON-001861,SUSPECT_IN,CASE-000341,true,true
TRUTH-002696,PERSON-000850,SUSPECT_IN,CASE-000341,true,true
TRUTH-002697,PERSON-000575,SUSPECT_IN,CASE-000341,true,true
TRUTH-002698,PERSON-000863,OBSERVED_IN,CASE-000341,true,true
TRUTH-002699,PERSON-000081,OBSERVED_IN,CASE-000341,true,true
TRUTH-002700,PERSON-002574,OBSERVED_IN,CASE-000341,true,true
TRUTH-002701,PERSON-001259,OBSERVED_IN,CASE-000341,true,true
TRUTH-002702,PERSON-002759,SUSPECT_IN,CASE-000342,true,true
TRUTH-002703,PERSON-001578,SUSPECT_IN,CASE-000342,true,true
TRUTH-002704,PERSON-002986,SUSPECT_IN,CASE-000342,true,true
TRUTH-002705,PERSON-001425,SUSPECT_IN,CASE-000342,true,true
TRUTH-002706,PERSON-000613,SUSPECT_IN,CASE-000342,true,true
TRUTH-002707,PERSON-002675,SUSPECT_IN,CASE-000342,true,true
TRUTH-002708,PERSON-000822,OBSERVED_IN,CASE-000342,true,true
TRUTH-002709,PERSON-001071,OBSERVED_IN,CASE-000342,true,true
TRUTH-002710,PERSON-002068,OBSERVED_IN,CASE-000342,true,true
TRUTH-002711,PERSON-001007,SUSPECT_IN,CASE-000343,true,true
TRUTH-002712,PERSON-002017,SUSPECT_IN,CASE-000343,true,true
TRUTH-002713,PERSON-002114,SUSPECT_IN,CASE-000343,true,true
TRUTH-002714,PERSON-000628,SUSPECT_IN,CASE-000343,true,true
TRUTH-002715,PERSON-000783,SUSPECT_IN,CASE-000343,true,true
TRUTH-002716,PERSON-001131,SUSPECT_IN,CASE-000343,true,true
TRUTH-002717,PERSON-000916,OBSERVED_IN,CASE-000343,true,true
TRUTH-002718,PERSON-000130,OBSERVED_IN,CASE-000343,true,true
TRUTH-002719,PERSON-001331,OBSERVED_IN,CASE-000343,true,true
TRUTH-002720,PERSON-002728,OBSERVED_IN,CASE-000343,true,true
TRUTH-002721,PERSON-001547,OBSERVED_IN,CASE-000343,true,true
TRUTH-002722,PERSON-001041,SUSPECT_IN,CASE-000344,true,true
TRUTH-002723,PERSON-001667,SUSPECT_IN,CASE-000344,true,true
TRUTH-002724,PERSON-000393,SUSPECT_IN,CASE-000344,true,true
TRUTH-002725,PERSON-001670,OBSERVED_IN,CASE-000344,true,true
TRUTH-002726,PERSON-001558,OBSERVED_IN,CASE-000344,true,true
TRUTH-002727,PERSON-000948,SUSPECT_IN,CASE-000345,true,true
TRUTH-002728,PERSON-000584,SUSPECT_IN,CASE-000345,true,true
TRUTH-002729,PERSON-002410,SUSPECT_IN,CASE-000345,true,true
TRUTH-002730,PERSON-001664,OBSERVED_IN,CASE-000345,true,true
TRUTH-002731,PERSON-002998,OBSERVED_IN,CASE-000345,true,true
TRUTH-002732,PERSON-002835,OBSERVED_IN,CASE-000345,true,true
TRUTH-002733,PERSON-000576,OBSERVED_IN,CASE-000345,true,true
TRUTH-002734,PERSON-002757,OBSERVED_IN,CASE-000345,true,true
TRUTH-002735,PERSON-000230,OBSERVED_IN,CASE-000345,true,true
TRUTH-002736,PERSON-002715,OBSERVED_IN,CASE-000345,true,true
TRUTH-002737,PERSON-001558,SUSPECT_IN,CASE-000346,true,true
TRUTH-002738,PERSON-002821,SUSPECT_IN,CASE-000346,true,true
TRUTH-002739,PERSON-002060,SUSPECT_IN,CASE-000346,true,true
TRUTH-002740,PERSON-002900,SUSPECT_IN,CASE-000346,true,true
TRUTH-002741,PERSON-000216,SUSPECT_IN,CASE-000346,true,true
TRUTH-002742,PERSON-000267,OBSERVED_IN,CASE-000346,true,true
TRUTH-002743,PERSON-000180,OBSERVED_IN,CASE-000346,true,true
TRUTH-002744,PERSON-001691,SUSPECT_IN,CASE-000347,true,true
TRUTH-002745,PERSON-002304,SUSPECT_IN,CASE-000347,true,true
TRUTH-002746,PERSON-001029,SUSPECT_IN,CASE-000347,true,true
TRUTH-002747,PERSON-001847,SUSPECT_IN,CASE-000347,true,true
TRUTH-002748,PERSON-001747,SUSPECT_IN,CASE-000347,true,true
TRUTH-002749,PERSON-001334,OBSERVED_IN,CASE-000347,true,true
TRUTH-002750,PERSON-000499,OBSERVED_IN,CASE-000347,true,true
TRUTH-002751,PERSON-000943,OBSERVED_IN,CASE-000347,true,true
TRUTH-002752,PERSON-000374,OBSERVED_IN,CASE-000347,true,true
TRUTH-002753,PERSON-001578,OBSERVED_IN,CASE-000347,true,true
TRUTH-002754,PERSON-002279,SUSPECT_IN,CASE-000348,true,true
TRUTH-002755,PERSON-001596,SUSPECT_IN,CASE-000348,true,true
TRUTH-002756,PERSON-002020,OBSERVED_IN,CASE-000348,true,true
TRUTH-002757,PERSON-000538,OBSERVED_IN,CASE-000348,true,true
TRUTH-002758,PERSON-000120,OBSERVED_IN,CASE-000348,true,true
TRUTH-002759,PERSON-000921,OBSERVED_IN,CASE-000348,true,true
TRUTH-002760,PERSON-001965,OBSERVED_IN,CASE-000348,true,true
TRUTH-002761,PERSON-002745,OBSERVED_IN,CASE-000348,true,true
TRUTH-002762,PERSON-001135,SUSPECT_IN,CASE-000349,true,true
TRUTH-002763,PERSON-000817,SUSPECT_IN,CASE-000349,true,true
TRUTH-002764,PERSON-002872,SUSPECT_IN,CASE-000349,true,true
TRUTH-002765,PERSON-000647,SUSPECT_IN,CASE-000349,true,true
TRUTH-002766,PERSON-002457,OBSERVED_IN,CASE-000349,true,true
TRUTH-002767,PERSON-000979,OBSERVED_IN,CASE-000349,true,true
TRUTH-002768,PERSON-001507,OBSERVED_IN,CASE-000349,true,true
TRUTH-002769,PERSON-001873,OBSERVED_IN,CASE-000349,true,true
TRUTH-002770,PERSON-002846,SUSPECT_IN,CASE-000350,true,true
TRUTH-002771,PERSON-000499,SUSPECT_IN,CASE-000350,true,true
TRUTH-002772,PERSON-000374,SUSPECT_IN,CASE-000350,true,true
TRUTH-002773,PERSON-001578,OBSERVED_IN,CASE-000350,true,true
TRUTH-002774,PERSON-002660,SUSPECT_IN,CASE-000351,true,true
TRUTH-002775,PERSON-001367,SUSPECT_IN,CASE-000351,true,true
TRUTH-002776,PERSON-001894,SUSPECT_IN,CASE-000351,true,true
TRUTH-002777,PERSON-000062,SUSPECT_IN,CASE-000351,true,true
TRUTH-002778,PERSON-001182,SUSPECT_IN,CASE-000351,true,true
TRUTH-002779,PERSON-002457,OBSERVED_IN,CASE-000351,true,true
TRUTH-002780,PERSON-001326,OBSERVED_IN,CASE-000351,true,true
TRUTH-002781,PERSON-001589,SUSPECT_IN,CASE-000352,true,true
TRUTH-002782,PERSON-000351,SUSPECT_IN,CASE-000352,true,true
TRUTH-002783,PERSON-001667,SUSPECT_IN,CASE-000352,true,true
TRUTH-002784,PERSON-001670,SUSPECT_IN,CASE-000352,true,true
TRUTH-002785,PERSON-001558,SUSPECT_IN,CASE-000352,true,true
TRUTH-002786,PERSON-000146,OBSERVED_IN,CASE-000352,true,true
TRUTH-002787,PERSON-001210,OBSERVED_IN,CASE-000352,true,true
TRUTH-002788,PERSON-001041,OBSERVED_IN,CASE-000352,true,true
TRUTH-002789,PERSON-001431,SUSPECT_IN,CASE-000353,true,true
TRUTH-002790,PERSON-002965,SUSPECT_IN,CASE-000353,true,true
TRUTH-002791,PERSON-002646,SUSPECT_IN,CASE-000353,true,true
TRUTH-002792,PERSON-000838,SUSPECT_IN,CASE-000353,true,true
TRUTH-002793,PERSON-000862,SUSPECT_IN,CASE-000353,true,true
TRUTH-002794,PERSON-001701,OBSERVED_IN,CASE-000353,true,true
TRUTH-002795,PERSON-000111,SUSPECT_IN,CASE-000354,true,true
TRUTH-002796,PERSON-000103,SUSPECT_IN,CASE-000354,true,true
TRUTH-002797,PERSON-001758,SUSPECT_IN,CASE-000354,true,true
TRUTH-002798,PERSON-002105,SUSPECT_IN,CASE-000354,true,true
TRUTH-002799,PERSON-002417,SUSPECT_IN,CASE-000354,true,true
TRUTH-002800,PERSON-002094,SUSPECT_IN,CASE-000354,true,true
TRUTH-002801,PERSON-001687,OBSERVED_IN,CASE-000354,true,true
TRUTH-002802,PERSON-001540,SUSPECT_IN,CASE-000355,true,true
TRUTH-002803,PERSON-000120,SUSPECT_IN,CASE-000355,true,true
TRUTH-002804,PERSON-001543,SUSPECT_IN,CASE-000355,true,true
TRUTH-002805,PERSON-000863,OBSERVED_IN,CASE-000355,true,true
TRUTH-002806,PERSON-000538,OBSERVED_IN,CASE-000355,true,true
TRUTH-002807,PERSON-002873,OBSERVED_IN,CASE-000355,true,true
TRUTH-002808,PERSON-000838,SUSPECT_IN,CASE-000356,true,true
TRUTH-002809,PERSON-002009,SUSPECT_IN,CASE-000356,true,true
TRUTH-002810,PERSON-002449,SUSPECT_IN,CASE-000356,true,true
TRUTH-002811,PERSON-001619,SUSPECT_IN,CASE-000356,true,true
TRUTH-002812,PERSON-000479,OBSERVED_IN,CASE-000356,true,true
TRUTH-002813,PERSON-001013,OBSERVED_IN,CASE-000356,true,true
TRUTH-002814,PERSON-000846,OBSERVED_IN,CASE-000356,true,true
TRUTH-002815,PERSON-002646,OBSERVED_IN,CASE-000356,true,true
TRUTH-002816,PERSON-001387,OBSERVED_IN,CASE-000356,true,true
TRUTH-002817,PERSON-001152,OBSERVED_IN,CASE-000356,true,true
TRUTH-002818,PERSON-000305,SUSPECT_IN,CASE-000357,true,true
TRUTH-002819,PERSON-001830,SUSPECT_IN,CASE-000357,true,true
TRUTH-002820,PERSON-000886,SUSPECT_IN,CASE-000357,true,true
TRUTH-002821,PERSON-002122,SUSPECT_IN,CASE-000357,true,true
TRUTH-002822,PERSON-001212,SUSPECT_IN,CASE-000357,true,true
TRUTH-002823,PERSON-000492,OBSERVED_IN,CASE-000357,true,true
TRUTH-002824,PERSON-001615,OBSERVED_IN,CASE-000357,true,true
TRUTH-002825,PERSON-000342,OBSERVED_IN,CASE-000357,true,true
TRUTH-002826,PERSON-000920,OBSERVED_IN,CASE-000357,true,true
TRUTH-002827,PERSON-000302,OBSERVED_IN,CASE-000357,true,true
TRUTH-002828,PERSON-000489,OBSERVED_IN,CASE-000357,true,true
TRUTH-002829,PERSON-002704,SUSPECT_IN,CASE-000358,true,true
TRUTH-002830,PERSON-002377,SUSPECT_IN,CASE-000358,true,true
TRUTH-002831,PERSON-000812,SUSPECT_IN,CASE-000358,true,true
TRUTH-002832,PERSON-000895,SUSPECT_IN,CASE-000358,true,true
TRUTH-002833,PERSON-002829,OBSERVED_IN,CASE-000358,true,true
TRUTH-002834,PERSON-000135,OBSERVED_IN,CASE-000358,true,true
TRUTH-002835,PERSON-000901,OBSERVED_IN,CASE-000358,true,true
TRUTH-002836,PERSON-000647,OBSERVED_IN,CASE-000358,true,true
TRUTH-002837,PERSON-001258,OBSERVED_IN,CASE-000358,true,true
TRUTH-002838,PERSON-000599,OBSERVED_IN,CASE-000358,true,true
TRUTH-002839,PERSON-000488,SUSPECT_IN,CASE-000359,true,true
TRUTH-002840,PERSON-000538,SUSPECT_IN,CASE-000359,true,true
TRUTH-002841,PERSON-002873,SUSPECT_IN,CASE-000359,true,true
TRUTH-002842,PERSON-002020,SUSPECT_IN,CASE-000359,true,true
TRUTH-002843,PERSON-002980,SUSPECT_IN,CASE-000359,true,true
TRUTH-002844,PERSON-001543,OBSERVED_IN,CASE-000359,true,true
TRUTH-002845,PERSON-001544,OBSERVED_IN,CASE-000359,true,true
TRUTH-002846,PERSON-001965,OBSERVED_IN,CASE-000359,true,true
TRUTH-002847,PERSON-001558,SUSPECT_IN,CASE-000360,true,true
TRUTH-002848,PERSON-001589,SUSPECT_IN,CASE-000360,true,true
TRUTH-002849,PERSON-000146,SUSPECT_IN,CASE-000360,true,true
TRUTH-002850,PERSON-001210,SUSPECT_IN,CASE-000360,true,true
TRUTH-002851,PERSON-000769,SUSPECT_IN,CASE-000360,true,true
TRUTH-002852,PERSON-001670,OBSERVED_IN,CASE-000360,true,true
TRUTH-002853,PERSON-000083,SUSPECT_IN,CASE-000361,true,true
TRUTH-002854,PERSON-000357,SUSPECT_IN,CASE-000361,true,true
TRUTH-002855,PERSON-001544,SUSPECT_IN,CASE-000361,true,true
TRUTH-002856,PERSON-002122,SUSPECT_IN,CASE-000361,true,true
TRUTH-002857,PERSON-000921,OBSERVED_IN,CASE-000361,true,true
TRUTH-002858,PERSON-001965,OBSERVED_IN,CASE-000361,true,true
TRUTH-002859,PERSON-002453,SUSPECT_IN,CASE-000362,true,true
TRUTH-002860,PERSON-000232,SUSPECT_IN,CASE-000362,true,true
TRUTH-002861,PERSON-002368,SUSPECT_IN,CASE-000362,true,true
TRUTH-002862,PERSON-000135,SUSPECT_IN,CASE-000362,true,true
TRUTH-002863,PERSON-002639,OBSERVED_IN,CASE-000362,true,true
TRUTH-002864,PERSON-001876,OBSERVED_IN,CASE-000362,true,true
TRUTH-002865,PERSON-000274,OBSERVED_IN,CASE-000362,true,true
TRUTH-002866,PERSON-001309,OBSERVED_IN,CASE-000362,true,true
TRUTH-002867,PERSON-000092,SUSPECT_IN,CASE-000363,true,true
TRUTH-002868,PERSON-001581,SUSPECT_IN,CASE-000363,true,true
TRUTH-002869,PERSON-000062,SUSPECT_IN,CASE-000363,true,true
TRUTH-002870,PERSON-002660,SUSPECT_IN,CASE-000363,true,true
TRUTH-002871,PERSON-001873,SUSPECT_IN,CASE-000363,true,true
TRUTH-002872,PERSON-002450,OBSERVED_IN,CASE-000363,true,true
TRUTH-002873,PERSON-001507,OBSERVED_IN,CASE-000363,true,true
TRUTH-002874,PERSON-002576,OBSERVED_IN,CASE-000363,true,true
TRUTH-002875,PERSON-002872,OBSERVED_IN,CASE-000363,true,true
TRUTH-002876,PERSON-002457,OBSERVED_IN,CASE-000363,true,true
TRUTH-002877,PERSON-001367,OBSERVED_IN,CASE-000363,true,true
TRUTH-002878,PERSON-001337,OBSERVED_IN,CASE-000363,true,true
TRUTH-002879,PERSON-000901,SUSPECT_IN,CASE-000364,true,true
TRUTH-002880,PERSON-000604,SUSPECT_IN,CASE-000364,true,true
TRUTH-002881,PERSON-000470,SUSPECT_IN,CASE-000364,true,true
TRUTH-002882,PERSON-000622,OBSERVED_IN,CASE-000364,true,true
TRUTH-002883,PERSON-000057,OBSERVED_IN,CASE-000364,true,true
TRUTH-002884,PERSON-001258,OBSERVED_IN,CASE-000364,true,true
TRUTH-002885,PERSON-000634,OBSERVED_IN,CASE-000364,true,true
TRUTH-002886,PERSON-001519,OBSERVED_IN,CASE-000364,true,true
TRUTH-002887,PERSON-000081,SUSPECT_IN,CASE-000365,true,true
TRUTH-002888,PERSON-001017,SUSPECT_IN,CASE-000365,true,true
TRUTH-002889,PERSON-001861,OBSERVED_IN,CASE-000365,true,true
TRUTH-002890,PERSON-000488,SUSPECT_IN,CASE-000366,true,true
TRUTH-002891,PERSON-002020,SUSPECT_IN,CASE-000366,true,true
TRUTH-002892,PERSON-001994,SUSPECT_IN,CASE-000366,true,true
TRUTH-002893,PERSON-001898,OBSERVED_IN,CASE-000366,true,true
TRUTH-002894,PERSON-001205,OBSERVED_IN,CASE-000366,true,true
TRUTH-002895,PERSON-000245,SUSPECT_IN,CASE-000367,true,true
TRUTH-002896,PERSON-001659,SUSPECT_IN,CASE-000367,true,true
TRUTH-002897,PERSON-001780,OBSERVED_IN,CASE-000367,true,true
TRUTH-002898,PERSON-002397,OBSERVED_IN,CASE-000367,true,true
TRUTH-002899,PERSON-001747,OBSERVED_IN,CASE-000367,true,true
TRUTH-002900,PERSON-002393,OBSERVED_IN,CASE-000367,true,true
TRUTH-002901,PERSON-001029,OBSERVED_IN,CASE-000367,true,true
TRUTH-002902,PERSON-000083,SUSPECT_IN,CASE-000368,true,true
TRUTH-002903,PERSON-002999,SUSPECT_IN,CASE-000368,true,true
TRUTH-002904,PERSON-000621,SUSPECT_IN,CASE-000368,true,true
TRUTH-002905,PERSON-001898,OBSERVED_IN,CASE-000368,true,true
TRUTH-002906,PERSON-000921,OBSERVED_IN,CASE-000368,true,true
TRUTH-002907,PERSON-001544,OBSERVED_IN,CASE-000368,true,true
TRUTH-002908,PERSON-002873,OBSERVED_IN,CASE-000368,true,true
TRUTH-002909,PERSON-002068,SUSPECT_IN,CASE-000369,true,true
TRUTH-002910,PERSON-001071,SUSPECT_IN,CASE-000369,true,true
TRUTH-002911,PERSON-000613,SUSPECT_IN,CASE-000369,true,true
TRUTH-002912,PERSON-001141,SUSPECT_IN,CASE-000369,true,true
TRUTH-002913,PERSON-001425,OBSERVED_IN,CASE-000369,true,true
TRUTH-002914,PERSON-002986,OBSERVED_IN,CASE-000369,true,true
TRUTH-002915,PERSON-000948,SUSPECT_IN,CASE-000370,true,true
TRUTH-002916,PERSON-000060,SUSPECT_IN,CASE-000370,true,true
TRUTH-002917,PERSON-002675,OBSERVED_IN,CASE-000370,true,true
TRUTH-002918,PERSON-001315,OBSERVED_IN,CASE-000370,true,true
TRUTH-002919,PERSON-000904,OBSERVED_IN,CASE-000370,true,true
TRUTH-002920,PERSON-000106,OBSERVED_IN,CASE-000370,true,true
TRUTH-002921,PERSON-000697,OBSERVED_IN,CASE-000370,true,true
TRUTH-002922,PERSON-000230,OBSERVED_IN,CASE-000370,true,true
TRUTH-002923,PERSON-000584,OBSERVED_IN,CASE-000370,true,true
TRUTH-002924,PERSON-000440,SUSPECT_IN,CASE-000371,true,true
TRUTH-002925,PERSON-002900,SUSPECT_IN,CASE-000371,true,true
TRUTH-002926,PERSON-001115,SUSPECT_IN,CASE-000371,true,true
TRUTH-002927,PERSON-002821,SUSPECT_IN,CASE-000371,true,true
TRUTH-002928,PERSON-002160,SUSPECT_IN,CASE-000371,true,true
TRUTH-002929,PERSON-002618,OBSERVED_IN,CASE-000371,true,true
TRUTH-002930,PERSON-000792,OBSERVED_IN,CASE-000371,true,true
TRUTH-002931,PERSON-001521,SUSPECT_IN,CASE-000372,true,true
TRUTH-002932,PERSON-002343,SUSPECT_IN,CASE-000372,true,true
TRUTH-002933,PERSON-002703,SUSPECT_IN,CASE-000372,true,true
TRUTH-002934,PERSON-000783,OBSERVED_IN,CASE-000372,true,true
TRUTH-002935,PERSON-000238,OBSERVED_IN,CASE-000372,true,true
TRUTH-002936,PERSON-000628,OBSERVED_IN,CASE-000372,true,true
TRUTH-002937,PERSON-001331,OBSERVED_IN,CASE-000372,true,true
TRUTH-002938,PERSON-002728,OBSERVED_IN,CASE-000372,true,true
TRUTH-002939,PERSON-000524,OBSERVED_IN,CASE-000372,true,true
TRUTH-002940,PERSON-001547,OBSERVED_IN,CASE-000372,true,true
TRUTH-002941,PERSON-001474,SUSPECT_IN,CASE-000373,true,true
TRUTH-002942,PERSON-001262,SUSPECT_IN,CASE-000373,true,true
TRUTH-002943,PERSON-000540,SUSPECT_IN,CASE-000373,true,true
TRUTH-002944,PERSON-001610,OBSERVED_IN,CASE-000373,true,true
TRUTH-002945,PERSON-002060,OBSERVED_IN,CASE-000373,true,true
TRUTH-002946,PERSON-001558,OBSERVED_IN,CASE-000373,true,true
TRUTH-002947,PERSON-000792,OBSERVED_IN,CASE-000373,true,true
TRUTH-002948,PERSON-002737,SUSPECT_IN,CASE-000374,true,true
TRUTH-002949,PERSON-002068,SUSPECT_IN,CASE-000374,true,true
TRUTH-002950,PERSON-000032,SUSPECT_IN,CASE-000374,true,true
TRUTH-002951,PERSON-002715,SUSPECT_IN,CASE-000374,true,true
TRUTH-002952,PERSON-000682,OBSERVED_IN,CASE-000374,true,true
TRUTH-002953,PERSON-001481,OBSERVED_IN,CASE-000374,true,true
TRUTH-002954,PERSON-001589,SUSPECT_IN,CASE-000375,true,true
TRUTH-002955,PERSON-002757,SUSPECT_IN,CASE-000375,true,true
TRUTH-002956,PERSON-000850,SUSPECT_IN,CASE-000375,true,true
TRUTH-002957,PERSON-000081,SUSPECT_IN,CASE-000375,true,true
TRUTH-002958,PERSON-001259,SUSPECT_IN,CASE-000375,true,true
TRUTH-002959,PERSON-002660,SUSPECT_IN,CASE-000375,true,true
TRUTH-002960,PERSON-000063,OBSERVED_IN,CASE-000375,true,true
TRUTH-002961,PERSON-002574,OBSERVED_IN,CASE-000375,true,true
TRUTH-002962,PERSON-000765,SUSPECT_IN,CASE-000376,true,true
TRUTH-002963,PERSON-001544,SUSPECT_IN,CASE-000376,true,true
TRUTH-002964,PERSON-002873,SUSPECT_IN,CASE-000376,true,true
TRUTH-002965,PERSON-000120,SUSPECT_IN,CASE-000376,true,true
TRUTH-002966,PERSON-001205,SUSPECT_IN,CASE-000376,true,true
TRUTH-002967,PERSON-002428,SUSPECT_IN,CASE-000376,true,true
TRUTH-002968,PERSON-002279,OBSERVED_IN,CASE-000376,true,true
TRUTH-002969,PERSON-000921,OBSERVED_IN,CASE-000376,true,true
TRUTH-002970,PERSON-000863,OBSERVED_IN,CASE-000376,true,true
TRUTH-002971,PERSON-001992,OBSERVED_IN,CASE-000376,true,true
TRUTH-002972,PERSON-001543,OBSERVED_IN,CASE-000376,true,true
TRUTH-002973,PERSON-002999,OBSERVED_IN,CASE-000376,true,true
TRUTH-002974,PERSON-000846,SUSPECT_IN,CASE-000377,true,true
TRUTH-002975,PERSON-000484,SUSPECT_IN,CASE-000377,true,true
TRUTH-002976,PERSON-002449,SUSPECT_IN,CASE-000377,true,true
TRUTH-002977,PERSON-002418,SUSPECT_IN,CASE-000377,true,true
TRUTH-002978,PERSON-001431,OBSERVED_IN,CASE-000377,true,true
TRUTH-002979,PERSON-000295,OBSERVED_IN,CASE-000377,true,true
TRUTH-002980,PERSON-001066,OBSERVED_IN,CASE-000377,true,true
TRUTH-002981,PERSON-002739,OBSERVED_IN,CASE-000377,true,true
TRUTH-002982,PERSON-001803,OBSERVED_IN,CASE-000377,true,true
TRUTH-002983,PERSON-000703,OBSERVED_IN,CASE-000377,true,true
TRUTH-002984,PERSON-001043,SUSPECT_IN,CASE-000378,true,true
TRUTH-002985,PERSON-000357,SUSPECT_IN,CASE-000378,true,true
TRUTH-002986,PERSON-000916,OBSERVED_IN,CASE-000378,true,true
TRUTH-002987,PERSON-000238,OBSERVED_IN,CASE-000378,true,true
TRUTH-002988,PERSON-000130,OBSERVED_IN,CASE-000378,true,true
TRUTH-002989,PERSON-000628,OBSERVED_IN,CASE-000378,true,true
TRUTH-002990,PERSON-000950,OBSERVED_IN,CASE-000378,true,true
TRUTH-002991,PERSON-002703,OBSERVED_IN,CASE-000378,true,true
TRUTH-002992,PERSON-001547,OBSERVED_IN,CASE-000378,true,true
TRUTH-002993,PERSON-000302,SUSPECT_IN,CASE-000379,true,true
TRUTH-002994,PERSON-000305,SUSPECT_IN,CASE-000379,true,true
TRUTH-002995,PERSON-001059,SUSPECT_IN,CASE-000379,true,true
TRUTH-002996,PERSON-002082,SUSPECT_IN,CASE-000379,true,true
TRUTH-002997,PERSON-000489,SUSPECT_IN,CASE-000379,true,true
TRUTH-002998,PERSON-000667,SUSPECT_IN,CASE-000379,true,true
TRUTH-002999,PERSON-002122,OBSERVED_IN,CASE-000379,true,true
TRUTH-003000,PERSON-001615,OBSERVED_IN,CASE-000379,true,true
TRUTH-003001,PERSON-000920,OBSERVED_IN,CASE-000379,true,true
TRUTH-003002,PERSON-001758,SUSPECT_IN,CASE-000380,true,true
TRUTH-003003,PERSON-002417,SUSPECT_IN,CASE-000380,true,true
TRUTH-003004,PERSON-000103,SUSPECT_IN,CASE-000380,true,true
TRUTH-003005,PERSON-002737,SUSPECT_IN,CASE-000380,true,true
TRUTH-003006,PERSON-002105,SUSPECT_IN,CASE-000380,true,true
TRUTH-003007,PERSON-001519,SUSPECT_IN,CASE-000380,true,true
TRUTH-003008,PERSON-001774,OBSERVED_IN,CASE-000380,true,true
TRUTH-003009,PERSON-000366,OBSERVED_IN,CASE-000380,true,true
TRUTH-003010,PERSON-000414,OBSERVED_IN,CASE-000380,true,true
TRUTH-003011,PERSON-000207,OBSERVED_IN,CASE-000380,true,true
TRUTH-003012,PERSON-001869,OBSERVED_IN,CASE-000380,true,true
TRUTH-003013,PERSON-001059,SUSPECT_IN,CASE-000381,true,true
TRUTH-003014,PERSON-000305,SUSPECT_IN,CASE-000381,true,true
TRUTH-003015,PERSON-002082,SUSPECT_IN,CASE-000381,true,true
TRUTH-003016,PERSON-000092,SUSPECT_IN,CASE-000381,true,true
TRUTH-003017,PERSON-000920,OBSERVED_IN,CASE-000381,true,true
TRUTH-003018,PERSON-001830,OBSERVED_IN,CASE-000381,true,true
TRUTH-003019,PERSON-000863,SUSPECT_IN,CASE-000382,true,true
TRUTH-003020,PERSON-000357,SUSPECT_IN,CASE-000382,true,true
TRUTH-003021,PERSON-002930,SUSPECT_IN,CASE-000382,true,true
TRUTH-003022,PERSON-002745,OBSERVED_IN,CASE-000382,true,true
TRUTH-003023,PERSON-002517,OBSERVED_IN,CASE-000382,true,true
TRUTH-003024,PERSON-000765,OBSERVED_IN,CASE-000382,true,true
TRUTH-003025,PERSON-001543,OBSERVED_IN,CASE-000382,true,true
TRUTH-003026,PERSON-001262,SUSPECT_IN,CASE-000383,true,true
TRUTH-003027,PERSON-000792,SUSPECT_IN,CASE-000383,true,true
TRUTH-003028,PERSON-001757,SUSPECT_IN,CASE-000383,true,true
TRUTH-003029,PERSON-001474,SUSPECT_IN,CASE-000383,true,true
TRUTH-003030,PERSON-001093,SUSPECT_IN,CASE-000383,true,true
TRUTH-003031,PERSON-000180,OBSERVED_IN,CASE-000383,true,true
TRUTH-003032,PERSON-000540,OBSERVED_IN,CASE-000383,true,true
TRUTH-003033,PERSON-002821,SUSPECT_IN,CASE-000384,true,true
TRUTH-003034,PERSON-002900,SUSPECT_IN,CASE-000384,true,true
TRUTH-003035,PERSON-002060,OBSERVED_IN,CASE-000384,true,true
TRUTH-003036,PERSON-000440,OBSERVED_IN,CASE-000384,true,true
TRUTH-003037,PERSON-000540,OBSERVED_IN,CASE-000384,true,true
TRUTH-003038,PERSON-001152,SUSPECT_IN,CASE-000385,true,true
TRUTH-003039,PERSON-000524,SUSPECT_IN,CASE-000385,true,true
TRUTH-003040,PERSON-001066,OBSERVED_IN,CASE-000385,true,true
TRUTH-003041,PERSON-002106,OBSERVED_IN,CASE-000385,true,true
TRUTH-003042,PERSON-001803,OBSERVED_IN,CASE-000385,true,true
TRUTH-003043,PERSON-000823,OBSERVED_IN,CASE-000385,true,true
TRUTH-003044,PERSON-000703,OBSERVED_IN,CASE-000385,true,true
TRUTH-003045,PERSON-002159,SUSPECT_IN,CASE-000386,true,true
TRUTH-003046,PERSON-000906,SUSPECT_IN,CASE-000386,true,true
TRUTH-003047,PERSON-000566,SUSPECT_IN,CASE-000386,true,true
TRUTH-003048,PERSON-000991,SUSPECT_IN,CASE-000386,true,true
TRUTH-003049,PERSON-002847,OBSERVED_IN,CASE-000386,true,true
TRUTH-003050,PERSON-002758,OBSERVED_IN,CASE-000386,true,true
TRUTH-003051,PERSON-001670,SUSPECT_IN,CASE-000387,true,true
TRUTH-003052,PERSON-001824,SUSPECT_IN,CASE-000387,true,true
TRUTH-003053,PERSON-001667,OBSERVED_IN,CASE-000387,true,true
TRUTH-003054,PERSON-001041,OBSERVED_IN,CASE-000387,true,true
TRUTH-003055,PERSON-001558,OBSERVED_IN,CASE-000387,true,true
TRUTH-003056,PERSON-001478,SUSPECT_IN,CASE-000388,true,true
TRUTH-003057,PERSON-000763,SUSPECT_IN,CASE-000388,true,true
TRUTH-003058,PERSON-000001,SUSPECT_IN,CASE-000388,true,true
TRUTH-003059,PERSON-002428,SUSPECT_IN,CASE-000388,true,true
TRUTH-003060,PERSON-002845,SUSPECT_IN,CASE-000388,true,true
TRUTH-003061,PERSON-001180,SUSPECT_IN,CASE-000388,true,true
TRUTH-003062,PERSON-002256,OBSERVED_IN,CASE-000388,true,true
TRUTH-003063,PERSON-000734,OBSERVED_IN,CASE-000388,true,true
TRUTH-003064,PERSON-002684,OBSERVED_IN,CASE-000388,true,true
TRUTH-003065,PERSON-002450,SUSPECT_IN,CASE-000389,true,true
TRUTH-003066,PERSON-000860,SUSPECT_IN,CASE-000389,true,true
TRUTH-003067,PERSON-000922,SUSPECT_IN,CASE-000389,true,true
TRUTH-003068,PERSON-000405,OBSERVED_IN,CASE-000389,true,true
TRUTH-003069,PERSON-001367,OBSERVED_IN,CASE-000389,true,true
TRUTH-003070,PERSON-000046,OBSERVED_IN,CASE-000389,true,true
TRUTH-003071,PERSON-001589,SUSPECT_IN,CASE-000390,true,true
TRUTH-003072,PERSON-001558,SUSPECT_IN,CASE-000390,true,true
TRUTH-003073,PERSON-001670,SUSPECT_IN,CASE-000390,true,true
TRUTH-003074,PERSON-000146,SUSPECT_IN,CASE-000390,true,true
TRUTH-003075,PERSON-001667,OBSERVED_IN,CASE-000390,true,true
TRUTH-003076,PERSON-002750,OBSERVED_IN,CASE-000390,true,true
TRUTH-003077,PERSON-001041,OBSERVED_IN,CASE-000390,true,true
TRUTH-003078,PERSON-000351,OBSERVED_IN,CASE-000390,true,true
TRUTH-003079,PERSON-000904,SUSPECT_IN,CASE-000391,true,true
TRUTH-003080,PERSON-002998,SUSPECT_IN,CASE-000391,true,true
TRUTH-003081,PERSON-002757,SUSPECT_IN,CASE-000391,true,true
TRUTH-003082,PERSON-001664,OBSERVED_IN,CASE-000391,true,true
TRUTH-003083,PERSON-002675,OBSERVED_IN,CASE-000391,true,true
TRUTH-003084,PERSON-000106,OBSERVED_IN,CASE-000391,true,true
TRUTH-003085,PERSON-000948,OBSERVED_IN,CASE-000391,true,true
TRUTH-003086,PERSON-000584,OBSERVED_IN,CASE-000391,true,true
TRUTH-003087,PERSON-000697,OBSERVED_IN,CASE-000391,true,true
TRUTH-003088,PERSON-002715,OBSERVED_IN,CASE-000391,true,true
TRUTH-003089,PERSON-001758,SUSPECT_IN,CASE-000392,true,true
TRUTH-003090,PERSON-001687,SUSPECT_IN,CASE-000392,true,true
TRUTH-003091,PERSON-001774,OBSERVED_IN,CASE-000392,true,true
TRUTH-003092,PERSON-000407,OBSERVED_IN,CASE-000392,true,true
TRUTH-003093,PERSON-002873,SUSPECT_IN,CASE-000393,true,true
TRUTH-003094,PERSON-000526,SUSPECT_IN,CASE-000393,true,true
TRUTH-003095,PERSON-002020,OBSERVED_IN,CASE-000393,true,true
TRUTH-003096,PERSON-000120,OBSERVED_IN,CASE-000393,true,true
TRUTH-003097,PERSON-000863,OBSERVED_IN,CASE-000393,true,true
TRUTH-003098,PERSON-001543,OBSERVED_IN,CASE-000393,true,true
TRUTH-003099,PERSON-000621,OBSERVED_IN,CASE-000393,true,true
TRUTH-003100,PERSON-000488,OBSERVED_IN,CASE-000393,true,true
TRUTH-003101,PERSON-002999,OBSERVED_IN,CASE-000393,true,true
TRUTH-003102,PERSON-001589,SUSPECT_IN,CASE-000394,true,true
TRUTH-003103,PERSON-001210,SUSPECT_IN,CASE-000394,true,true
TRUTH-003104,PERSON-001558,SUSPECT_IN,CASE-000394,true,true
TRUTH-003105,PERSON-000222,SUSPECT_IN,CASE-000394,true,true
TRUTH-003106,PERSON-001667,OBSERVED_IN,CASE-000394,true,true
TRUTH-003107,PERSON-002750,OBSERVED_IN,CASE-000394,true,true
TRUTH-003108,PERSON-000351,OBSERVED_IN,CASE-000394,true,true
TRUTH-003109,PERSON-001670,OBSERVED_IN,CASE-000394,true,true
TRUTH-003110,PERSON-002499,SUSPECT_IN,CASE-000395,true,true
TRUTH-003111,PERSON-000784,SUSPECT_IN,CASE-000395,true,true
TRUTH-003112,PERSON-002215,SUSPECT_IN,CASE-000395,true,true
TRUTH-003113,PERSON-001234,SUSPECT_IN,CASE-000395,true,true
TRUTH-003114,PERSON-000647,SUSPECT_IN,CASE-000395,true,true
TRUTH-003115,PERSON-002136,OBSERVED_IN,CASE-000395,true,true
TRUTH-003116,PERSON-000717,OBSERVED_IN,CASE-000395,true,true
TRUTH-003117,PERSON-001558,SUSPECT_IN,CASE-000396,true,true
TRUTH-003118,PERSON-002750,SUSPECT_IN,CASE-000396,true,true
TRUTH-003119,PERSON-001670,SUSPECT_IN,CASE-000396,true,true
TRUTH-003120,PERSON-002068,SUSPECT_IN,CASE-000396,true,true
TRUTH-003121,PERSON-001667,OBSERVED_IN,CASE-000396,true,true
TRUTH-003122,PERSON-001210,OBSERVED_IN,CASE-000396,true,true
TRUTH-003123,PERSON-000146,OBSERVED_IN,CASE-000396,true,true
TRUTH-003124,PERSON-001041,OBSERVED_IN,CASE-000396,true,true
TRUTH-003125,PERSON-000096,SUSPECT_IN,CASE-000397,true,true
TRUTH-003126,PERSON-001172,SUSPECT_IN,CASE-000397,true,true
TRUTH-003127,PERSON-002740,SUSPECT_IN,CASE-000397,true,true
TRUTH-003128,PERSON-000440,SUSPECT_IN,CASE-000397,true,true
TRUTH-003129,PERSON-002197,OBSERVED_IN,CASE-000397,true,true
TRUTH-003130,PERSON-002304,OBSERVED_IN,CASE-000397,true,true
TRUTH-003131,PERSON-001205,OBSERVED_IN,CASE-000397,true,true
TRUTH-003132,PERSON-000838,SUSPECT_IN,CASE-000398,true,true
TRUTH-003133,PERSON-000823,SUSPECT_IN,CASE-000398,true,true
TRUTH-003134,PERSON-001431,SUSPECT_IN,CASE-000398,true,true
TRUTH-003135,PERSON-001824,SUSPECT_IN,CASE-000398,true,true
TRUTH-003136,PERSON-000479,OBSERVED_IN,CASE-000398,true,true
TRUTH-003137,PERSON-002106,OBSERVED_IN,CASE-000398,true,true
TRUTH-003138,PERSON-001255,SUSPECT_IN,CASE-000399,true,true
TRUTH-003139,PERSON-000526,SUSPECT_IN,CASE-000399,true,true
TRUTH-003140,PERSON-000022,SUSPECT_IN,CASE-000399,true,true
TRUTH-003141,PERSON-002159,OBSERVED_IN,CASE-000399,true,true
TRUTH-003142,PERSON-002309,OBSERVED_IN,CASE-000399,true,true
TRUTH-003143,PERSON-001670,SUSPECT_IN,CASE-000400,true,true
TRUTH-003144,PERSON-000146,SUSPECT_IN,CASE-000400,true,true
TRUTH-003145,PERSON-001589,SUSPECT_IN,CASE-000400,true,true
TRUTH-003146,PERSON-001041,SUSPECT_IN,CASE-000400,true,true
TRUTH-003147,PERSON-001667,SUSPECT_IN,CASE-000400,true,true
TRUTH-003148,PERSON-001687,SUSPECT_IN,CASE-000400,true,true
TRUTH-003149,PERSON-001210,OBSERVED_IN,CASE-000400,true,true
TRUTH-003150,PERSON-002750,OBSERVED_IN,CASE-000400,true,true
TRUTH-003151,PERSON-000351,OBSERVED_IN,CASE-000400,true,true
TRUTH-003152,PERSON-000556,SUSPECT_IN,CASE-000401,true,true
TRUTH-003153,PERSON-002205,SUSPECT_IN,CASE-000401,true,true
TRUTH-003154,PERSON-001768,SUSPECT_IN,CASE-000401,true,true
TRUTH-003155,PERSON-002964,SUSPECT_IN,CASE-000401,true,true
TRUTH-003156,PERSON-000047,SUSPECT_IN,CASE-000401,true,true
TRUTH-003157,PERSON-000146,OBSERVED_IN,CASE-000401,true,true
TRUTH-003158,PERSON-002938,OBSERVED_IN,CASE-000401,true,true
TRUTH-003159,PERSON-000279,OBSERVED_IN,CASE-000401,true,true
TRUTH-003160,PERSON-000217,OBSERVED_IN,CASE-000401,true,true
TRUTH-003161,PERSON-002223,OBSERVED_IN,CASE-000401,true,true
TRUTH-003162,PERSON-000919,SUSPECT_IN,CASE-000402,true,true
TRUTH-003163,PERSON-002947,SUSPECT_IN,CASE-000402,true,true
TRUTH-003164,PERSON-002764,SUSPECT_IN,CASE-000402,true,true
TRUTH-003165,PERSON-001861,SUSPECT_IN,CASE-000402,true,true
TRUTH-003166,PERSON-000473,SUSPECT_IN,CASE-000402,true,true
TRUTH-003167,PERSON-000683,OBSERVED_IN,CASE-000402,true,true
TRUTH-003168,PERSON-001043,OBSERVED_IN,CASE-000402,true,true
TRUTH-003169,PERSON-000484,OBSERVED_IN,CASE-000402,true,true
TRUTH-003170,PERSON-001311,OBSERVED_IN,CASE-000402,true,true
TRUTH-003171,PERSON-002901,OBSERVED_IN,CASE-000402,true,true
TRUTH-003172,PERSON-002160,OBSERVED_IN,CASE-000402,true,true
TRUTH-003173,PERSON-000146,SUSPECT_IN,CASE-000403,true,true
TRUTH-003174,PERSON-001670,SUSPECT_IN,CASE-000403,true,true
TRUTH-003175,PERSON-001210,OBSERVED_IN,CASE-000403,true,true
TRUTH-003176,PERSON-001558,OBSERVED_IN,CASE-000403,true,true
TRUTH-003177,PERSON-000351,OBSERVED_IN,CASE-000403,true,true
TRUTH-003178,PERSON-002750,OBSERVED_IN,CASE-000403,true,true
TRUTH-003179,PERSON-001589,OBSERVED_IN,CASE-000403,true,true
TRUTH-003180,PERSON-001861,SUSPECT_IN,CASE-000404,true,true
TRUTH-003181,PERSON-000063,SUSPECT_IN,CASE-000404,true,true
TRUTH-003182,PERSON-001589,SUSPECT_IN,CASE-000404,true,true
TRUTH-003183,PERSON-000863,SUSPECT_IN,CASE-000404,true,true
TRUTH-003184,PERSON-000850,SUSPECT_IN,CASE-000404,true,true
TRUTH-003185,PERSON-000081,OBSERVED_IN,CASE-000404,true,true
TRUTH-003186,PERSON-002068,SUSPECT_IN,CASE-000405,true,true
TRUTH-003187,PERSON-002737,SUSPECT_IN,CASE-000405,true,true
TRUTH-003188,PERSON-000682,OBSERVED_IN,CASE-000405,true,true
TRUTH-003189,PERSON-000473,OBSERVED_IN,CASE-000405,true,true
TRUTH-003190,PERSON-000042,OBSERVED_IN,CASE-000405,true,true
TRUTH-003191,PERSON-000275,OBSERVED_IN,CASE-000405,true,true
TRUTH-003192,PERSON-001481,OBSERVED_IN,CASE-000405,true,true
TRUTH-003193,PERSON-000032,OBSERVED_IN,CASE-000405,true,true
TRUTH-003194,PERSON-002922,SUSPECT_IN,CASE-000406,true,true
TRUTH-003195,PERSON-002847,SUSPECT_IN,CASE-000406,true,true
TRUTH-003196,PERSON-000611,SUSPECT_IN,CASE-000406,true,true
TRUTH-003197,PERSON-000886,SUSPECT_IN,CASE-000406,true,true
TRUTH-003198,PERSON-002438,OBSERVED_IN,CASE-000406,true,true
TRUTH-003199,PERSON-001210,SUSPECT_IN,CASE-000407,true,true
TRUTH-003200,PERSON-000146,SUSPECT_IN,CASE-000407,true,true
TRUTH-003201,PERSON-001670,SUSPECT_IN,CASE-000407,true,true
TRUTH-003202,PERSON-002750,SUSPECT_IN,CASE-000407,true,true
TRUTH-003203,PERSON-000351,SUSPECT_IN,CASE-000407,true,true
TRUTH-003204,PERSON-001558,SUSPECT_IN,CASE-000407,true,true
TRUTH-003205,PERSON-001667,OBSERVED_IN,CASE-000407,true,true
TRUTH-003206,PERSON-001041,OBSERVED_IN,CASE-000407,true,true
TRUTH-003207,PERSON-001847,SUSPECT_IN,CASE-000408,true,true
TRUTH-003208,PERSON-000260,SUSPECT_IN,CASE-000408,true,true
TRUTH-003209,PERSON-001334,OBSERVED_IN,CASE-000408,true,true
TRUTH-003210,PERSON-000499,OBSERVED_IN,CASE-000408,true,true
TRUTH-003211,PERSON-001780,OBSERVED_IN,CASE-000408,true,true
TRUTH-003212,PERSON-002397,OBSERVED_IN,CASE-000408,true,true
TRUTH-003213,PERSON-001747,OBSERVED_IN,CASE-000408,true,true
TRUTH-003214,PERSON-001115,SUSPECT_IN,CASE-000409,true,true
TRUTH-003215,PERSON-001558,SUSPECT_IN,CASE-000409,true,true
TRUTH-003216,PERSON-000267,SUSPECT_IN,CASE-000409,true,true
TRUTH-003217,PERSON-001474,SUSPECT_IN,CASE-000409,true,true
TRUTH-003218,PERSON-001968,SUSPECT_IN,CASE-000409,true,true
TRUTH-003219,PERSON-002900,OBSERVED_IN,CASE-000409,true,true
TRUTH-003220,PERSON-000440,OBSERVED_IN,CASE-000409,true,true
TRUTH-003221,PERSON-000825,SUSPECT_IN,CASE-000410,true,true
TRUTH-003222,PERSON-001578,SUSPECT_IN,CASE-000410,true,true
TRUTH-003223,PERSON-002408,SUSPECT_IN,CASE-000410,true,true
TRUTH-003224,PERSON-000792,SUSPECT_IN,CASE-000410,true,true
TRUTH-003225,PERSON-000499,OBSERVED_IN,CASE-000410,true,true
TRUTH-003226,PERSON-001780,OBSERVED_IN,CASE-000410,true,true
TRUTH-003227,PERSON-002397,OBSERVED_IN,CASE-000410,true,true
TRUTH-003228,PERSON-001747,OBSERVED_IN,CASE-000410,true,true
TRUTH-003229,PERSON-002846,OBSERVED_IN,CASE-000410,true,true
TRUTH-003230,PERSON-000374,OBSERVED_IN,CASE-000410,true,true
TRUTH-003231,PERSON-001847,OBSERVED_IN,CASE-000410,true,true
TRUTH-003232,PERSON-001540,SUSPECT_IN,CASE-000411,true,true
TRUTH-003233,PERSON-001992,SUSPECT_IN,CASE-000411,true,true
TRUTH-003234,PERSON-000120,SUSPECT_IN,CASE-000411,true,true
TRUTH-003235,PERSON-001544,SUSPECT_IN,CASE-000411,true,true
TRUTH-003236,PERSON-001205,SUSPECT_IN,CASE-000411,true,true
TRUTH-003237,PERSON-000083,SUSPECT_IN,CASE-000411,true,true
TRUTH-003238,PERSON-001610,SUSPECT_IN,CASE-000412,true,true
TRUTH-003239,PERSON-001521,SUSPECT_IN,CASE-000412,true,true
TRUTH-003240,PERSON-002821,OBSERVED_IN,CASE-000412,true,true
TRUTH-003241,PERSON-002900,OBSERVED_IN,CASE-000412,true,true
TRUTH-003242,PERSON-001262,OBSERVED_IN,CASE-000412,true,true
TRUTH-003243,PERSON-000267,OBSERVED_IN,CASE-000412,true,true
TRUTH-003244,PERSON-000792,OBSERVED_IN,CASE-000412,true,true
TRUTH-003245,PERSON-002060,OBSERVED_IN,CASE-000412,true,true
TRUTH-003246,PERSON-000863,SUSPECT_IN,CASE-000413,true,true
TRUTH-003247,PERSON-000850,SUSPECT_IN,CASE-000413,true,true
TRUTH-003248,PERSON-001861,SUSPECT_IN,CASE-000413,true,true
TRUTH-003249,PERSON-002574,SUSPECT_IN,CASE-000413,true,true
TRUTH-003250,PERSON-000063,SUSPECT_IN,CASE-000413,true,true
TRUTH-003251,PERSON-000223,SUSPECT_IN,CASE-000413,true,true
TRUTH-003252,PERSON-001259,OBSERVED_IN,CASE-000413,true,true
TRUTH-003253,PERSON-000438,SUSPECT_IN,CASE-000414,true,true
TRUTH-003254,PERSON-002826,SUSPECT_IN,CASE-000414,true,true
TRUTH-003255,PERSON-000599,SUSPECT_IN,CASE-000414,true,true
TRUTH-003256,PERSON-000230,SUSPECT_IN,CASE-000414,true,true
TRUTH-003257,PERSON-000057,OBSERVED_IN,CASE-000414,true,true
TRUTH-003258,PERSON-002247,OBSERVED_IN,CASE-000414,true,true
TRUTH-003259,PERSON-000538,SUSPECT_IN,CASE-000415,true,true
TRUTH-003260,PERSON-000765,SUSPECT_IN,CASE-000415,true,true
TRUTH-003261,PERSON-000083,SUSPECT_IN,CASE-000415,true,true
TRUTH-003262,PERSON-000139,SUSPECT_IN,CASE-000415,true,true
TRUTH-003263,PERSON-001543,OBSERVED_IN,CASE-000415,true,true
TRUTH-003264,PERSON-002745,OBSERVED_IN,CASE-000415,true,true
TRUTH-003265,PERSON-001898,OBSERVED_IN,CASE-000415,true,true
TRUTH-003266,PERSON-001965,OBSERVED_IN,CASE-000415,true,true
TRUTH-003267,PERSON-002986,SUSPECT_IN,CASE-000416,true,true
TRUTH-003268,PERSON-001425,SUSPECT_IN,CASE-000416,true,true
TRUTH-003269,PERSON-000886,SUSPECT_IN,CASE-000416,true,true
TRUTH-003270,PERSON-000822,OBSERVED_IN,CASE-000416,true,true
TRUTH-003271,PERSON-001481,SUSPECT_IN,CASE-000417,true,true
TRUTH-003272,PERSON-002633,SUSPECT_IN,CASE-000417,true,true
TRUTH-003273,PERSON-000682,OBSERVED_IN,CASE-000417,true,true
TRUTH-003274,PERSON-002737,OBSERVED_IN,CASE-000417,true,true
TRUTH-003275,PERSON-000032,OBSERVED_IN,CASE-000417,true,true
TRUTH-003276,PERSON-000180,SUSPECT_IN,CASE-000418,true,true
TRUTH-003277,PERSON-002737,SUSPECT_IN,CASE-000418,true,true
TRUTH-003278,PERSON-001757,OBSERVED_IN,CASE-000418,true,true
TRUTH-003279,PERSON-000792,OBSERVED_IN,CASE-000418,true,true
TRUTH-003280,PERSON-000979,SUSPECT_IN,CASE-000419,true,true
TRUTH-003281,PERSON-002087,SUSPECT_IN,CASE-000419,true,true
TRUTH-003282,PERSON-001397,SUSPECT_IN,CASE-000419,true,true
TRUTH-003283,PERSON-002275,OBSERVED_IN,CASE-000419,true,true
TRUTH-003284,PERSON-002331,OBSERVED_IN,CASE-000419,true,true
TRUTH-003285,PERSON-001668,OBSERVED_IN,CASE-000419,true,true
TRUTH-003286,PERSON-002499,OBSERVED_IN,CASE-000419,true,true
TRUTH-003287,PERSON-002689,OBSERVED_IN,CASE-000419,true,true
TRUTH-003288,PERSON-001423,OBSERVED_IN,CASE-000419,true,true
TRUTH-003289,PERSON-001664,SUSPECT_IN,CASE-000420,true,true
TRUTH-003290,PERSON-000230,SUSPECT_IN,CASE-000420,true,true
TRUTH-003291,PERSON-002715,SUSPECT_IN,CASE-000420,true,true
TRUTH-003292,PERSON-000575,SUSPECT_IN,CASE-000420,true,true
TRUTH-003293,PERSON-001315,OBSERVED_IN,CASE-000420,true,true
TRUTH-003294,PERSON-002675,OBSERVED_IN,CASE-000420,true,true
TRUTH-003295,PERSON-000697,OBSERVED_IN,CASE-000420,true,true
TRUTH-003296,PERSON-000576,OBSERVED_IN,CASE-000420,true,true
TRUTH-003297,PERSON-000943,SUSPECT_IN,CASE-000421,true,true
TRUTH-003298,PERSON-001059,SUSPECT_IN,CASE-000421,true,true
TRUTH-003299,PERSON-000374,OBSERVED_IN,CASE-000421,true,true
TRUTH-003300,PERSON-000499,OBSERVED_IN,CASE-000421,true,true
TRUTH-003301,PERSON-000245,OBSERVED_IN,CASE-000421,true,true
TRUTH-003302,PERSON-002408,OBSERVED_IN,CASE-000421,true,true
TRUTH-003303,PERSON-002847,SUSPECT_IN,CASE-000422,true,true
TRUTH-003304,PERSON-002922,SUSPECT_IN,CASE-000422,true,true
TRUTH-003305,PERSON-001596,SUSPECT_IN,CASE-000422,true,true
TRUTH-003306,PERSON-002438,OBSERVED_IN,CASE-000422,true,true
TRUTH-003307,PERSON-001480,OBSERVED_IN,CASE-000422,true,true
TRUTH-003308,PERSON-001363,OBSERVED_IN,CASE-000422,true,true
TRUTH-003309,PERSON-000697,SUSPECT_IN,CASE-000423,true,true
TRUTH-003310,PERSON-000230,SUSPECT_IN,CASE-000423,true,true
TRUTH-003311,PERSON-001664,SUSPECT_IN,CASE-000423,true,true
TRUTH-003312,PERSON-002998,SUSPECT_IN,CASE-000423,true,true
TRUTH-003313,PERSON-000106,SUSPECT_IN,CASE-000423,true,true
TRUTH-003314,PERSON-000576,SUSPECT_IN,CASE-000423,true,true
TRUTH-003315,PERSON-002835,OBSERVED_IN,CASE-000423,true,true
TRUTH-003316,PERSON-002675,OBSERVED_IN,CASE-000423,true,true
TRUTH-003317,PERSON-002757,OBSERVED_IN,CASE-000423,true,true
TRUTH-003318,PERSON-000904,OBSERVED_IN,CASE-000423,true,true
TRUTH-003319,PERSON-002821,SUSPECT_IN,CASE-000424,true,true
TRUTH-003320,PERSON-001610,SUSPECT_IN,CASE-000424,true,true
TRUTH-003321,PERSON-000540,SUSPECT_IN,CASE-000424,true,true
TRUTH-003322,PERSON-000267,SUSPECT_IN,CASE-000424,true,true
TRUTH-003323,PERSON-001757,SUSPECT_IN,CASE-000424,true,true
TRUTH-003324,PERSON-001115,SUSPECT_IN,CASE-000424,true,true
TRUTH-003325,PERSON-000440,OBSERVED_IN,CASE-000424,true,true
TRUTH-003326,PERSON-001768,SUSPECT_IN,CASE-000425,true,true
TRUTH-003327,PERSON-002938,SUSPECT_IN,CASE-000425,true,true
TRUTH-003328,PERSON-000146,SUSPECT_IN,CASE-000425,true,true
TRUTH-003329,PERSON-002964,SUSPECT_IN,CASE-000425,true,true
TRUTH-003330,PERSON-000047,SUSPECT_IN,CASE-000425,true,true
TRUTH-003331,PERSON-002068,SUSPECT_IN,CASE-000425,true,true
TRUTH-003332,PERSON-000473,OBSERVED_IN,CASE-000425,true,true
TRUTH-003333,PERSON-000279,OBSERVED_IN,CASE-000425,true,true
TRUTH-003334,PERSON-000217,OBSERVED_IN,CASE-000425,true,true
TRUTH-003335,PERSON-002223,OBSERVED_IN,CASE-000425,true,true
TRUTH-003336,PERSON-002205,OBSERVED_IN,CASE-000425,true,true
TRUTH-003337,PERSON-002980,SUSPECT_IN,CASE-000426,true,true
TRUTH-003338,PERSON-002937,SUSPECT_IN,CASE-000426,true,true
TRUTH-003339,PERSON-000092,SUSPECT_IN,CASE-000426,true,true
TRUTH-003340,PERSON-002770,SUSPECT_IN,CASE-000426,true,true
TRUTH-003341,PERSON-000808,SUSPECT_IN,CASE-000426,true,true
TRUTH-003342,PERSON-001059,SUSPECT_IN,CASE-000426,true,true
TRUTH-003343,PERSON-001941,OBSERVED_IN,CASE-000426,true,true
TRUTH-003344,PERSON-000357,OBSERVED_IN,CASE-000426,true,true
TRUTH-003345,PERSON-000607,OBSERVED_IN,CASE-000426,true,true
TRUTH-003346,PERSON-001757,SUSPECT_IN,CASE-000427,true,true
TRUTH-003347,PERSON-002900,SUSPECT_IN,CASE-000427,true,true
TRUTH-003348,PERSON-001511,SUSPECT_IN,CASE-000427,true,true
TRUTH-003349,PERSON-000540,OBSERVED_IN,CASE-000427,true,true
TRUTH-003350,PERSON-001474,OBSERVED_IN,CASE-000427,true,true
TRUTH-003351,PERSON-001115,OBSERVED_IN,CASE-000427,true,true
TRUTH-003352,PERSON-000180,OBSERVED_IN,CASE-000427,true,true
TRUTH-003353,PERSON-001610,OBSERVED_IN,CASE-000427,true,true
TRUTH-003354,PERSON-001334,SUSPECT_IN,CASE-000428,true,true
TRUTH-003355,PERSON-000943,SUSPECT_IN,CASE-000428,true,true
TRUTH-003356,PERSON-002408,SUSPECT_IN,CASE-000428,true,true
TRUTH-003357,PERSON-001691,SUSPECT_IN,CASE-000428,true,true
TRUTH-003358,PERSON-000260,OBSERVED_IN,CASE-000428,true,true
TRUTH-003359,PERSON-000245,OBSERVED_IN,CASE-000428,true,true
TRUTH-003360,PERSON-000825,OBSERVED_IN,CASE-000428,true,true
TRUTH-003361,PERSON-001780,OBSERVED_IN,CASE-000428,true,true
TRUTH-003362,PERSON-002397,OBSERVED_IN,CASE-000428,true,true
TRUTH-003363,PERSON-002304,OBSERVED_IN,CASE-000428,true,true
TRUTH-003364,PERSON-002713,SUSPECT_IN,CASE-000429,true,true
TRUTH-003365,PERSON-001542,SUSPECT_IN,CASE-000429,true,true
TRUTH-003366,PERSON-000611,SUSPECT_IN,CASE-000429,true,true
TRUTH-003367,PERSON-001480,SUSPECT_IN,CASE-000429,true,true
TRUTH-003368,PERSON-000832,SUSPECT_IN,CASE-000429,true,true
TRUTH-003369,PERSON-002449,SUSPECT_IN,CASE-000429,true,true
TRUTH-003370,PERSON-002675,OBSERVED_IN,CASE-000429,true,true
TRUTH-003371,PERSON-001596,OBSERVED_IN,CASE-000429,true,true
TRUTH-003372,PERSON-002922,OBSERVED_IN,CASE-000429,true,true
TRUTH-003373,PERSON-002980,SUSPECT_IN,CASE-000430,true,true
TRUTH-003374,PERSON-002887,SUSPECT_IN,CASE-000430,true,true
TRUTH-003375,PERSON-000653,OBSERVED_IN,CASE-000430,true,true
TRUTH-003376,PERSON-001180,OBSERVED_IN,CASE-000430,true,true
TRUTH-003377,PERSON-000092,OBSERVED_IN,CASE-000430,true,true
TRUTH-003378,PERSON-000146,SUSPECT_IN,CASE-000431,true,true
TRUTH-003379,PERSON-002240,SUSPECT_IN,CASE-000431,true,true
TRUTH-003380,PERSON-001210,OBSERVED_IN,CASE-000431,true,true
TRUTH-003381,PERSON-001670,OBSERVED_IN,CASE-000431,true,true
TRUTH-003382,PERSON-001589,OBSERVED_IN,CASE-000431,true,true
TRUTH-003383,PERSON-001861,SUSPECT_IN,CASE-000432,true,true
TRUTH-003384,PERSON-000081,SUSPECT_IN,CASE-000432,true,true
TRUTH-003385,PERSON-000850,SUSPECT_IN,CASE-000432,true,true
TRUTH-003386,PERSON-001259,SUSPECT_IN,CASE-000432,true,true
TRUTH-003387,PERSON-001337,SUSPECT_IN,CASE-000432,true,true
TRUTH-003388,PERSON-000863,OBSERVED_IN,CASE-000432,true,true
TRUTH-003389,PERSON-002757,OBSERVED_IN,CASE-000432,true,true
TRUTH-003390,PERSON-002574,OBSERVED_IN,CASE-000432,true,true
TRUTH-003391,PERSON-000063,OBSERVED_IN,CASE-000432,true,true
TRUTH-003392,PERSON-002845,SUSPECT_IN,CASE-000433,true,true
TRUTH-003393,PERSON-002444,SUSPECT_IN,CASE-000433,true,true
TRUTH-003394,PERSON-002428,SUSPECT_IN,CASE-000433,true,true
TRUTH-003395,PERSON-001955,SUSPECT_IN,CASE-000433,true,true
TRUTH-003396,PERSON-001478,OBSERVED_IN,CASE-000433,true,true
TRUTH-003397,PERSON-000710,OBSERVED_IN,CASE-000433,true,true
TRUTH-003398,PERSON-001578,SUSPECT_IN,CASE-000434,true,true
TRUTH-003399,PERSON-001691,SUSPECT_IN,CASE-000434,true,true
TRUTH-003400,PERSON-002397,SUSPECT_IN,CASE-000434,true,true
TRUTH-003401,PERSON-002449,SUSPECT_IN,CASE-000434,true,true
TRUTH-003402,PERSON-000499,OBSERVED_IN,CASE-000434,true,true
TRUTH-003403,PERSON-000245,OBSERVED_IN,CASE-000434,true,true
TRUTH-003404,PERSON-001029,OBSERVED_IN,CASE-000434,true,true
TRUTH-003405,PERSON-001589,SUSPECT_IN,CASE-000435,true,true
TRUTH-003406,PERSON-002920,SUSPECT_IN,CASE-000435,true,true
TRUTH-003407,PERSON-000081,OBSERVED_IN,CASE-000435,true,true
TRUTH-003408,PERSON-001259,OBSERVED_IN,CASE-000435,true,true
TRUTH-003409,PERSON-000850,OBSERVED_IN,CASE-000435,true,true
TRUTH-003410,PERSON-001861,OBSERVED_IN,CASE-000435,true,true
TRUTH-003411,PERSON-002574,OBSERVED_IN,CASE-000435,true,true
TRUTH-003412,PERSON-000063,OBSERVED_IN,CASE-000435,true,true
TRUTH-003413,PERSON-002757,OBSERVED_IN,CASE-000435,true,true
TRUTH-003414,PERSON-000060,SUSPECT_IN,CASE-000436,true,true
TRUTH-003415,PERSON-000647,SUSPECT_IN,CASE-000436,true,true
TRUTH-003416,PERSON-000497,OBSERVED_IN,CASE-000436,true,true
TRUTH-003417,PERSON-001542,OBSERVED_IN,CASE-000436,true,true
TRUTH-003418,PERSON-001596,OBSERVED_IN,CASE-000436,true,true
TRUTH-003419,PERSON-001363,OBSERVED_IN,CASE-000436,true,true
TRUTH-003420,PERSON-000850,SUSPECT_IN,CASE-000437,true,true
TRUTH-003421,PERSON-002757,SUSPECT_IN,CASE-000437,true,true
TRUTH-003422,PERSON-001589,SUSPECT_IN,CASE-000437,true,true
TRUTH-003423,PERSON-000081,OBSERVED_IN,CASE-000437,true,true
TRUTH-003424,PERSON-001259,OBSERVED_IN,CASE-000437,true,true
TRUTH-003425,PERSON-002574,OBSERVED_IN,CASE-000437,true,true
TRUTH-003426,PERSON-000863,OBSERVED_IN,CASE-000437,true,true
TRUTH-003427,PERSON-000063,OBSERVED_IN,CASE-000437,true,true
TRUTH-003428,PERSON-001107,SUSPECT_IN,CASE-000438,true,true
TRUTH-003429,PERSON-000230,SUSPECT_IN,CASE-000438,true,true
TRUTH-003430,PERSON-002136,OBSERVED_IN,CASE-000438,true,true
TRUTH-003431,PERSON-002558,OBSERVED_IN,CASE-000438,true,true
TRUTH-003432,PERSON-000717,OBSERVED_IN,CASE-000438,true,true
TRUTH-003433,PERSON-000580,OBSERVED_IN,CASE-000438,true,true
TRUTH-003434,PERSON-001182,OBSERVED_IN,CASE-000438,true,true
TRUTH-003435,PERSON-002004,OBSERVED_IN,CASE-000438,true,true
TRUTH-003436,PERSON-002499,OBSERVED_IN,CASE-000438,true,true
TRUTH-003437,PERSON-002715,SUSPECT_IN,CASE-000439,true,true
TRUTH-003438,PERSON-002998,SUSPECT_IN,CASE-000439,true,true
TRUTH-003439,PERSON-002675,SUSPECT_IN,CASE-000439,true,true
TRUTH-003440,PERSON-000948,SUSPECT_IN,CASE-000439,true,true
TRUTH-003441,PERSON-000576,SUSPECT_IN,CASE-000439,true,true
TRUTH-003442,PERSON-000106,SUSPECT_IN,CASE-000439,true,true
TRUTH-003443,PERSON-001315,OBSERVED_IN,CASE-000439,true,true
TRUTH-003444,PERSON-002900,SUSPECT_IN,CASE-000440,true,true
TRUTH-003445,PERSON-001757,SUSPECT_IN,CASE-000440,true,true
TRUTH-003446,PERSON-001262,SUSPECT_IN,CASE-000440,true,true
TRUTH-003447,PERSON-001258,SUSPECT_IN,CASE-000440,true,true
TRUTH-003448,PERSON-000267,OBSERVED_IN,CASE-000440,true,true
TRUTH-003449,PERSON-002150,SUSPECT_IN,CASE-000441,true,true
TRUTH-003450,PERSON-002944,SUSPECT_IN,CASE-000441,true,true
TRUTH-003451,PERSON-000423,SUSPECT_IN,CASE-000441,true,true
TRUTH-003452,PERSON-001172,SUSPECT_IN,CASE-000441,true,true
TRUTH-003453,PERSON-000991,SUSPECT_IN,CASE-000441,true,true
TRUTH-003454,PERSON-000032,SUSPECT_IN,CASE-000441,true,true
TRUTH-003455,PERSON-000181,OBSERVED_IN,CASE-000441,true,true
TRUTH-003456,PERSON-001301,OBSERVED_IN,CASE-000441,true,true
TRUTH-003457,PERSON-001182,SUSPECT_IN,CASE-000442,true,true
TRUTH-003458,PERSON-000667,SUSPECT_IN,CASE-000442,true,true
TRUTH-003459,PERSON-002164,SUSPECT_IN,CASE-000442,true,true
TRUTH-003460,PERSON-001066,SUSPECT_IN,CASE-000442,true,true
TRUTH-003461,PERSON-002558,OBSERVED_IN,CASE-000442,true,true
TRUTH-003462,PERSON-000397,OBSERVED_IN,CASE-000442,true,true
TRUTH-003463,PERSON-000622,OBSERVED_IN,CASE-000442,true,true
TRUTH-003464,PERSON-002275,SUSPECT_IN,CASE-000443,true,true
TRUTH-003465,PERSON-002689,SUSPECT_IN,CASE-000443,true,true
TRUTH-003466,PERSON-001397,SUSPECT_IN,CASE-000443,true,true
TRUTH-003467,PERSON-002331,SUSPECT_IN,CASE-000443,true,true
TRUTH-003468,PERSON-000479,SUSPECT_IN,CASE-000443,true,true
TRUTH-003469,PERSON-000979,OBSERVED_IN,CASE-000443,true,true
TRUTH-003470,PERSON-001668,OBSERVED_IN,CASE-000443,true,true
TRUTH-003471,PERSON-002087,OBSERVED_IN,CASE-000443,true,true
TRUTH-003472,PERSON-002499,OBSERVED_IN,CASE-000443,true,true
TRUTH-003473,PERSON-001423,OBSERVED_IN,CASE-000443,true,true
TRUTH-003474,PERSON-000154,SUSPECT_IN,CASE-000444,true,true
TRUTH-003475,PERSON-001182,SUSPECT_IN,CASE-000444,true,true
TRUTH-003476,PERSON-001214,SUSPECT_IN,CASE-000444,true,true
TRUTH-003477,PERSON-002004,OBSERVED_IN,CASE-000444,true,true
TRUTH-003478,PERSON-000784,OBSERVED_IN,CASE-000444,true,true
TRUTH-003479,PERSON-002215,OBSERVED_IN,CASE-000444,true,true
TRUTH-003480,PERSON-002164,OBSERVED_IN,CASE-000444,true,true
TRUTH-003481,PERSON-002847,SUSPECT_IN,CASE-000445,true,true
TRUTH-003482,PERSON-000497,SUSPECT_IN,CASE-000445,true,true
TRUTH-003483,PERSON-001363,SUSPECT_IN,CASE-000445,true,true
TRUTH-003484,PERSON-002442,SUSPECT_IN,CASE-000445,true,true
TRUTH-003485,PERSON-002896,OBSERVED_IN,CASE-000445,true,true
TRUTH-003486,PERSON-002713,OBSERVED_IN,CASE-000445,true,true
TRUTH-003487,PERSON-000763,SUSPECT_IN,CASE-000446,true,true
TRUTH-003488,PERSON-001478,SUSPECT_IN,CASE-000446,true,true
TRUTH-003489,PERSON-002684,SUSPECT_IN,CASE-000446,true,true
TRUTH-003490,PERSON-001012,SUSPECT_IN,CASE-000446,true,true
TRUTH-003491,PERSON-001206,SUSPECT_IN,CASE-000446,true,true
TRUTH-003492,PERSON-001385,OBSERVED_IN,CASE-000446,true,true
TRUTH-003493,PERSON-002845,OBSERVED_IN,CASE-000446,true,true
TRUTH-003494,PERSON-001262,OBSERVED_IN,CASE-000446,true,true
TRUTH-003495,PERSON-002759,SUSPECT_IN,CASE-000447,true,true
TRUTH-003496,PERSON-001425,SUSPECT_IN,CASE-000447,true,true
TRUTH-003497,PERSON-001578,SUSPECT_IN,CASE-000447,true,true
TRUTH-003498,PERSON-000822,OBSERVED_IN,CASE-000447,true,true
TRUTH-003499,PERSON-002986,OBSERVED_IN,CASE-000447,true,true
TRUTH-003500,PERSON-001071,OBSERVED_IN,CASE-000447,true,true
TRUTH-003501,PERSON-000613,OBSERVED_IN,CASE-000447,true,true
TRUTH-003502,PERSON-002068,OBSERVED_IN,CASE-000447,true,true
TRUTH-003503,PERSON-002574,SUSPECT_IN,CASE-000448,true,true
TRUTH-003504,PERSON-002757,SUSPECT_IN,CASE-000448,true,true
TRUTH-003505,PERSON-000081,OBSERVED_IN,CASE-000448,true,true
TRUTH-003506,PERSON-001259,OBSERVED_IN,CASE-000448,true,true
TRUTH-003507,PERSON-001861,OBSERVED_IN,CASE-000448,true,true
TRUTH-003508,PERSON-000863,OBSERVED_IN,CASE-000448,true,true
TRUTH-003509,PERSON-000063,OBSERVED_IN,CASE-000448,true,true
TRUTH-003510,PERSON-001589,OBSERVED_IN,CASE-000448,true,true
TRUTH-003511,PERSON-001869,SUSPECT_IN,CASE-000449,true,true
TRUTH-003512,PERSON-001774,SUSPECT_IN,CASE-000449,true,true
TRUTH-003513,PERSON-001141,SUSPECT_IN,CASE-000449,true,true
TRUTH-003514,PERSON-002417,OBSERVED_IN,CASE-000449,true,true
TRUTH-003515,PERSON-002094,OBSERVED_IN,CASE-000449,true,true
TRUTH-003516,PERSON-001381,OBSERVED_IN,CASE-000449,true,true
TRUTH-003517,PERSON-002105,OBSERVED_IN,CASE-000449,true,true
TRUTH-003518,PERSON-000111,OBSERVED_IN,CASE-000449,true,true
TRUTH-003519,PERSON-000611,SUSPECT_IN,CASE-000450,true,true
TRUTH-003520,PERSON-002675,SUSPECT_IN,CASE-000450,true,true
TRUTH-003521,PERSON-001847,SUSPECT_IN,CASE-000450,true,true
TRUTH-003522,PERSON-000060,SUSPECT_IN,CASE-000450,true,true
TRUTH-003523,PERSON-000135,SUSPECT_IN,CASE-000450,true,true
TRUTH-003524,PERSON-001542,OBSERVED_IN,CASE-000450,true,true
TRUTH-003525,PERSON-001480,OBSERVED_IN,CASE-000450,true,true
TRUTH-003526,PERSON-000497,OBSERVED_IN,CASE-000450,true,true
TRUTH-003527,PERSON-000230,SUSPECT_IN,CASE-000451,true,true
TRUTH-003528,PERSON-001315,SUSPECT_IN,CASE-000451,true,true
TRUTH-003529,PERSON-002715,SUSPECT_IN,CASE-000451,true,true
TRUTH-003530,PERSON-002757,SUSPECT_IN,CASE-000451,true,true
TRUTH-003531,PERSON-002998,SUSPECT_IN,CASE-000451,true,true
TRUTH-003532,PERSON-000886,SUSPECT_IN,CASE-000451,true,true
TRUTH-003533,PERSON-002675,OBSERVED_IN,CASE-000451,true,true
TRUTH-003534,PERSON-001343,OBSERVED_IN,CASE-000451,true,true
TRUTH-003535,PERSON-000576,OBSERVED_IN,CASE-000451,true,true
TRUTH-003536,PERSON-000106,OBSERVED_IN,CASE-000451,true,true
TRUTH-003537,PERSON-000697,OBSERVED_IN,CASE-000451,true,true
TRUTH-003538,PERSON-000584,OBSERVED_IN,CASE-000451,true,true
TRUTH-003539,PERSON-000611,SUSPECT_IN,CASE-000452,true,true
TRUTH-003540,PERSON-002713,SUSPECT_IN,CASE-000452,true,true
TRUTH-003541,PERSON-001542,SUSPECT_IN,CASE-000452,true,true
TRUTH-003542,PERSON-002922,SUSPECT_IN,CASE-000452,true,true
TRUTH-003543,PERSON-001363,SUSPECT_IN,CASE-000452,true,true
TRUTH-003544,PERSON-001596,SUSPECT_IN,CASE-000452,true,true
TRUTH-003545,PERSON-000832,OBSERVED_IN,CASE-000452,true,true
TRUTH-003546,PERSON-000060,OBSERVED_IN,CASE-000452,true,true
TRUTH-003547,PERSON-002009,SUSPECT_IN,CASE-000453,true,true
TRUTH-003548,PERSON-001803,SUSPECT_IN,CASE-000453,true,true
TRUTH-003549,PERSON-002654,SUSPECT_IN,CASE-000453,true,true
TRUTH-003550,PERSON-000484,SUSPECT_IN,CASE-000453,true,true
TRUTH-003551,PERSON-000823,SUSPECT_IN,CASE-000453,true,true
TRUTH-003552,PERSON-000569,OBSERVED_IN,CASE-000453,true,true
TRUTH-003553,PERSON-002965,OBSERVED_IN,CASE-000453,true,true
TRUTH-003554,PERSON-000850,SUSPECT_IN,CASE-000454,true,true
TRUTH-003555,PERSON-000863,SUSPECT_IN,CASE-000454,true,true
TRUTH-003556,PERSON-001259,SUSPECT_IN,CASE-000454,true,true
TRUTH-003557,PERSON-001367,SUSPECT_IN,CASE-000454,true,true
TRUTH-003558,PERSON-001861,OBSERVED_IN,CASE-000454,true,true
TRUTH-003559,PERSON-002757,OBSERVED_IN,CASE-000454,true,true
TRUTH-003560,PERSON-001589,OBSERVED_IN,CASE-000454,true,true
TRUTH-003561,PERSON-002757,SUSPECT_IN,CASE-000455,true,true
TRUTH-003562,PERSON-000863,SUSPECT_IN,CASE-000455,true,true
TRUTH-003563,PERSON-001589,SUSPECT_IN,CASE-000455,true,true
TRUTH-003564,PERSON-001259,SUSPECT_IN,CASE-000455,true,true
TRUTH-003565,PERSON-001968,SUSPECT_IN,CASE-000455,true,true
TRUTH-003566,PERSON-000063,OBSERVED_IN,CASE-000455,true,true
TRUTH-003567,PERSON-000081,OBSERVED_IN,CASE-000455,true,true
TRUTH-003568,PERSON-000103,SUSPECT_IN,CASE-000456,true,true
TRUTH-003569,PERSON-001869,SUSPECT_IN,CASE-000456,true,true
TRUTH-003570,PERSON-002737,SUSPECT_IN,CASE-000456,true,true
TRUTH-003571,PERSON-000366,SUSPECT_IN,CASE-000456,true,true
TRUTH-003572,PERSON-000862,SUSPECT_IN,CASE-000456,true,true
TRUTH-003573,PERSON-001774,OBSERVED_IN,CASE-000456,true,true
TRUTH-003574,PERSON-002094,OBSERVED_IN,CASE-000456,true,true
TRUTH-003575,PERSON-001758,OBSERVED_IN,CASE-000456,true,true
TRUTH-003576,PERSON-000207,OBSERVED_IN,CASE-000456,true,true
TRUTH-003577,PERSON-002105,OBSERVED_IN,CASE-000456,true,true
TRUTH-003578,PERSON-002715,SUSPECT_IN,CASE-000457,true,true
TRUTH-003579,PERSON-001664,SUSPECT_IN,CASE-000457,true,true
TRUTH-003580,PERSON-001863,SUSPECT_IN,CASE-000457,true,true
TRUTH-003581,PERSON-000106,OBSERVED_IN,CASE-000457,true,true
TRUTH-003582,PERSON-000904,OBSERVED_IN,CASE-000457,true,true
TRUTH-003583,PERSON-002082,SUSPECT_IN,CASE-000458,true,true
TRUTH-003584,PERSON-000886,SUSPECT_IN,CASE-000458,true,true
TRUTH-003585,PERSON-001112,SUSPECT_IN,CASE-000458,true,true
TRUTH-003586,PERSON-000342,OBSERVED_IN,CASE-000458,true,true
TRUTH-003587,PERSON-000144,OBSERVED_IN,CASE-000458,true,true
TRUTH-003588,PERSON-002998,SUSPECT_IN,CASE-000459,true,true
TRUTH-003589,PERSON-000697,SUSPECT_IN,CASE-000459,true,true
TRUTH-003590,PERSON-000576,SUSPECT_IN,CASE-000459,true,true
TRUTH-003591,PERSON-001664,SUSPECT_IN,CASE-000459,true,true
TRUTH-003592,PERSON-002715,SUSPECT_IN,CASE-000459,true,true
TRUTH-003593,PERSON-000604,SUSPECT_IN,CASE-000459,true,true
TRUTH-003594,PERSON-002835,OBSERVED_IN,CASE-000459,true,true
TRUTH-003595,PERSON-000948,OBSERVED_IN,CASE-000459,true,true
TRUTH-003596,PERSON-002757,OBSERVED_IN,CASE-000459,true,true
TRUTH-003597,PERSON-000106,OBSERVED_IN,CASE-000459,true,true
TRUTH-003598,PERSON-000230,OBSERVED_IN,CASE-000459,true,true
TRUTH-003599,PERSON-002020,SUSPECT_IN,CASE-000460,true,true
TRUTH-003600,PERSON-001788,SUSPECT_IN,CASE-000460,true,true
TRUTH-003601,PERSON-002279,OBSERVED_IN,CASE-000460,true,true
TRUTH-003602,PERSON-000357,OBSERVED_IN,CASE-000460,true,true
TRUTH-003603,PERSON-000921,OBSERVED_IN,CASE-000460,true,true
TRUTH-003604,PERSON-002873,OBSERVED_IN,CASE-000460,true,true
TRUTH-003605,PERSON-002618,SUSPECT_IN,CASE-000461,true,true
TRUTH-003606,PERSON-001262,SUSPECT_IN,CASE-000461,true,true
TRUTH-003607,PERSON-001610,SUSPECT_IN,CASE-000461,true,true
TRUTH-003608,PERSON-000540,SUSPECT_IN,CASE-000461,true,true
TRUTH-003609,PERSON-000075,SUSPECT_IN,CASE-000461,true,true
TRUTH-003610,PERSON-001115,OBSERVED_IN,CASE-000461,true,true
TRUTH-003611,PERSON-000180,OBSERVED_IN,CASE-000461,true,true
TRUTH-003612,PERSON-001866,SUSPECT_IN,CASE-000462,true,true
TRUTH-003613,PERSON-001547,SUSPECT_IN,CASE-000462,true,true
TRUTH-003614,PERSON-000092,SUSPECT_IN,CASE-000462,true,true
TRUTH-003615,PERSON-001511,SUSPECT_IN,CASE-000462,true,true
TRUTH-003616,PERSON-001782,SUSPECT_IN,CASE-000462,true,true
TRUTH-003617,PERSON-001890,SUSPECT_IN,CASE-000462,true,true
TRUTH-003618,PERSON-001810,OBSERVED_IN,CASE-000462,true,true
TRUTH-003619,PERSON-002829,OBSERVED_IN,CASE-000462,true,true
TRUTH-003620,PERSON-001455,OBSERVED_IN,CASE-000462,true,true
TRUTH-003621,PERSON-002410,OBSERVED_IN,CASE-000462,true,true
TRUTH-003622,PERSON-001212,OBSERVED_IN,CASE-000462,true,true
TRUTH-003623,PERSON-000120,SUSPECT_IN,CASE-000463,true,true
TRUTH-003624,PERSON-001965,SUSPECT_IN,CASE-000463,true,true
TRUTH-003625,PERSON-001668,SUSPECT_IN,CASE-000463,true,true
TRUTH-003626,PERSON-002517,OBSERVED_IN,CASE-000463,true,true
TRUTH-003627,PERSON-001544,OBSERVED_IN,CASE-000463,true,true
TRUTH-003628,PERSON-001992,OBSERVED_IN,CASE-000463,true,true
TRUTH-003629,PERSON-000621,OBSERVED_IN,CASE-000463,true,true
TRUTH-003630,PERSON-000357,OBSERVED_IN,CASE-000463,true,true
TRUTH-003631,PERSON-002954,SUSPECT_IN,CASE-000464,true,true
TRUTH-003632,PERSON-002256,SUSPECT_IN,CASE-000464,true,true
TRUTH-003633,PERSON-002009,SUSPECT_IN,CASE-000464,true,true
TRUTH-003634,PERSON-001944,OBSERVED_IN,CASE-000464,true,true
TRUTH-003635,PERSON-001769,OBSERVED_IN,CASE-000464,true,true
TRUTH-003636,PERSON-000540,SUSPECT_IN,CASE-000465,true,true
TRUTH-003637,PERSON-000040,SUSPECT_IN,CASE-000465,true,true
TRUTH-003638,PERSON-000406,SUSPECT_IN,CASE-000465,true,true
TRUTH-003639,PERSON-002639,SUSPECT_IN,CASE-000465,true,true
TRUTH-003640,PERSON-001547,SUSPECT_IN,CASE-000465,true,true
TRUTH-003641,PERSON-002547,OBSERVED_IN,CASE-000465,true,true
TRUTH-003642,PERSON-001876,OBSERVED_IN,CASE-000465,true,true
TRUTH-003643,PERSON-002368,OBSERVED_IN,CASE-000465,true,true
TRUTH-003644,PERSON-000109,OBSERVED_IN,CASE-000465,true,true
TRUTH-003645,PERSON-001691,OBSERVED_IN,CASE-000465,true,true
TRUTH-003646,PERSON-000351,SUSPECT_IN,CASE-000466,true,true
TRUTH-003647,PERSON-001311,SUSPECT_IN,CASE-000466,true,true
TRUTH-003648,PERSON-000146,OBSERVED_IN,CASE-000466,true,true
TRUTH-003649,PERSON-001210,OBSERVED_IN,CASE-000466,true,true
TRUTH-003650,PERSON-001667,OBSERVED_IN,CASE-000466,true,true
TRUTH-003651,PERSON-001558,OBSERVED_IN,CASE-000466,true,true
TRUTH-003652,PERSON-002750,OBSERVED_IN,CASE-000466,true,true
TRUTH-003653,PERSON-001041,OBSERVED_IN,CASE-000466,true,true
TRUTH-003654,PERSON-001670,OBSERVED_IN,CASE-000466,true,true
TRUTH-003655,PERSON-002215,SUSPECT_IN,CASE-000467,true,true
TRUTH-003656,PERSON-001234,SUSPECT_IN,CASE-000467,true,true
TRUTH-003657,PERSON-002499,SUSPECT_IN,CASE-000467,true,true
TRUTH-003658,PERSON-002558,SUSPECT_IN,CASE-000467,true,true
TRUTH-003659,PERSON-000568,SUSPECT_IN,CASE-000467,true,true
TRUTH-003660,PERSON-000717,OBSERVED_IN,CASE-000467,true,true
TRUTH-003661,PERSON-000580,OBSERVED_IN,CASE-000467,true,true
TRUTH-003662,PERSON-001182,OBSERVED_IN,CASE-000467,true,true
TRUTH-003663,PERSON-000622,OBSERVED_IN,CASE-000467,true,true
TRUTH-003664,PERSON-000154,OBSERVED_IN,CASE-000467,true,true
TRUTH-003665,PERSON-002428,SUSPECT_IN,CASE-000468,true,true
TRUTH-003666,PERSON-002684,SUSPECT_IN,CASE-000468,true,true
TRUTH-003667,PERSON-002845,SUSPECT_IN,CASE-000468,true,true
TRUTH-003668,PERSON-000842,SUSPECT_IN,CASE-000468,true,true
TRUTH-003669,PERSON-001769,SUSPECT_IN,CASE-000468,true,true
TRUTH-003670,PERSON-002788,SUSPECT_IN,CASE-000468,true,true
TRUTH-003671,PERSON-001012,OBSERVED_IN,CASE-000468,true,true
TRUTH-003672,PERSON-002256,OBSERVED_IN,CASE-000468,true,true
TRUTH-003673,PERSON-001206,OBSERVED_IN,CASE-000468,true,true
TRUTH-003674,PERSON-000001,OBSERVED_IN,CASE-000468,true,true
TRUTH-003675,PERSON-000710,OBSERVED_IN,CASE-000468,true,true
TRUTH-003676,PERSON-000455,OBSERVED_IN,CASE-000468,true,true
TRUTH-003677,PERSON-001385,OBSERVED_IN,CASE-000468,true,true
TRUTH-003678,PERSON-002750,SUSPECT_IN,CASE-000469,true,true
TRUTH-003679,PERSON-000351,SUSPECT_IN,CASE-000469,true,true
TRUTH-003680,PERSON-001670,SUSPECT_IN,CASE-000469,true,true
TRUTH-003681,PERSON-001558,SUSPECT_IN,CASE-000469,true,true
TRUTH-003682,PERSON-001210,OBSERVED_IN,CASE-000469,true,true
TRUTH-003683,PERSON-000146,OBSERVED_IN,CASE-000469,true,true
TRUTH-003684,PERSON-001589,OBSERVED_IN,CASE-000469,true,true
TRUTH-003685,PERSON-001210,SUSPECT_IN,CASE-000470,true,true
TRUTH-003686,PERSON-000146,SUSPECT_IN,CASE-000470,true,true
TRUTH-003687,PERSON-001558,SUSPECT_IN,CASE-000470,true,true
TRUTH-003688,PERSON-001670,OBSERVED_IN,CASE-000470,true,true
TRUTH-003689,PERSON-002750,OBSERVED_IN,CASE-000470,true,true
TRUTH-003690,PERSON-001172,SUSPECT_IN,CASE-000471,true,true
TRUTH-003691,PERSON-000121,SUSPECT_IN,CASE-000471,true,true
TRUTH-003692,PERSON-000957,SUSPECT_IN,CASE-000471,true,true
TRUTH-003693,PERSON-000423,SUSPECT_IN,CASE-000471,true,true
TRUTH-003694,PERSON-000181,OBSERVED_IN,CASE-000471,true,true
TRUTH-003695,PERSON-002771,OBSERVED_IN,CASE-000471,true,true
TRUTH-003696,PERSON-001479,OBSERVED_IN,CASE-000471,true,true
TRUTH-003697,PERSON-002077,OBSERVED_IN,CASE-000471,true,true
TRUTH-003698,PERSON-002739,SUSPECT_IN,CASE-000472,true,true
TRUTH-003699,PERSON-000862,SUSPECT_IN,CASE-000472,true,true
TRUTH-003700,PERSON-002759,SUSPECT_IN,CASE-000472,true,true
TRUTH-003701,PERSON-000846,OBSERVED_IN,CASE-000472,true,true
TRUTH-003702,PERSON-002106,OBSERVED_IN,CASE-000472,true,true
TRUTH-003703,PERSON-000838,OBSERVED_IN,CASE-000472,true,true
TRUTH-003704,PERSON-000499,SUSPECT_IN,CASE-000473,true,true
TRUTH-003705,PERSON-002397,SUSPECT_IN,CASE-000473,true,true
TRUTH-003706,PERSON-001334,SUSPECT_IN,CASE-000473,true,true
TRUTH-003707,PERSON-001747,SUSPECT_IN,CASE-000473,true,true
TRUTH-003708,PERSON-000032,SUSPECT_IN,CASE-000473,true,true
TRUTH-003709,PERSON-000943,OBSERVED_IN,CASE-000473,true,true
TRUTH-003710,PERSON-001780,OBSERVED_IN,CASE-000473,true,true
TRUTH-003711,PERSON-001670,SUSPECT_IN,CASE-000474,true,true
TRUTH-003712,PERSON-000351,SUSPECT_IN,CASE-000474,true,true
TRUTH-003713,PERSON-002750,SUSPECT_IN,CASE-000474,true,true
TRUTH-003714,PERSON-000146,SUSPECT_IN,CASE-000474,true,true
TRUTH-003715,PERSON-001210,SUSPECT_IN,CASE-000474,true,true
TRUTH-003716,PERSON-002725,SUSPECT_IN,CASE-000474,true,true
TRUTH-003717,PERSON-001667,OBSERVED_IN,CASE-000474,true,true
TRUTH-003718,PERSON-001041,OBSERVED_IN,CASE-000474,true,true
TRUTH-003719,PERSON-001589,OBSERVED_IN,CASE-000474,true,true
TRUTH-003720,PERSON-002410,SUSPECT_IN,CASE-000475,true,true
TRUTH-003721,PERSON-000430,SUSPECT_IN,CASE-000475,true,true
TRUTH-003722,PERSON-001824,SUSPECT_IN,CASE-000475,true,true
TRUTH-003723,PERSON-001807,SUSPECT_IN,CASE-000475,true,true
TRUTH-003724,PERSON-000139,SUSPECT_IN,CASE-000475,true,true
TRUTH-003725,PERSON-002915,SUSPECT_IN,CASE-000475,true,true
TRUTH-003726,PERSON-001212,OBSERVED_IN,CASE-000475,true,true
TRUTH-003727,PERSON-002998,SUSPECT_IN,CASE-000476,true,true
TRUTH-003728,PERSON-002715,SUSPECT_IN,CASE-000476,true,true
TRUTH-003729,PERSON-001558,SUSPECT_IN,CASE-000476,true,true
TRUTH-003730,PERSON-001664,OBSERVED_IN,CASE-000476,true,true
TRUTH-003731,PERSON-001343,OBSERVED_IN,CASE-000476,true,true
TRUTH-003732,PERSON-000489,SUSPECT_IN,CASE-000477,true,true
TRUTH-003733,PERSON-000144,SUSPECT_IN,CASE-000477,true,true
TRUTH-003734,PERSON-002082,SUSPECT_IN,CASE-000477,true,true
TRUTH-003735,PERSON-002122,SUSPECT_IN,CASE-000477,true,true
TRUTH-003736,PERSON-001796,SUSPECT_IN,CASE-000477,true,true
TRUTH-003737,PERSON-000492,OBSERVED_IN,CASE-000477,true,true
TRUTH-003738,PERSON-001478,OBSERVED_IN,CASE-000477,true,true
TRUTH-003739,PERSON-000886,OBSERVED_IN,CASE-000477,true,true
TRUTH-003740,PERSON-001880,OBSERVED_IN,CASE-000477,true,true
TRUTH-003741,PERSON-000305,OBSERVED_IN,CASE-000477,true,true
TRUTH-003742,PERSON-001667,SUSPECT_IN,CASE-000478,true,true
TRUTH-003743,PERSON-000351,SUSPECT_IN,CASE-000478,true,true
TRUTH-003744,PERSON-001782,SUSPECT_IN,CASE-000478,true,true
TRUTH-003745,PERSON-000146,OBSERVED_IN,CASE-000478,true,true
TRUTH-003746,PERSON-002750,OBSERVED_IN,CASE-000478,true,true
TRUTH-003747,PERSON-001589,OBSERVED_IN,CASE-000478,true,true
TRUTH-003748,PERSON-001670,OBSERVED_IN,CASE-000478,true,true
TRUTH-003749,PERSON-002821,SUSPECT_IN,CASE-000479,true,true
TRUTH-003750,PERSON-000792,SUSPECT_IN,CASE-000479,true,true
TRUTH-003751,PERSON-001474,SUSPECT_IN,CASE-000479,true,true
TRUTH-003752,PERSON-000717,SUSPECT_IN,CASE-000479,true,true
TRUTH-003753,PERSON-002060,OBSERVED_IN,CASE-000479,true,true
TRUTH-003754,PERSON-002618,OBSERVED_IN,CASE-000479,true,true
TRUTH-003755,PERSON-000267,OBSERVED_IN,CASE-000479,true,true
TRUTH-003756,PERSON-001757,OBSERVED_IN,CASE-000479,true,true
TRUTH-003757,PERSON-002980,SUSPECT_IN,CASE-000480,true,true
TRUTH-003758,PERSON-002277,SUSPECT_IN,CASE-000480,true,true
TRUTH-003759,PERSON-000366,SUSPECT_IN,CASE-000480,true,true
TRUTH-003760,PERSON-001673,OBSERVED_IN,CASE-000480,true,true
TRUTH-003761,PERSON-001180,OBSERVED_IN,CASE-000480,true,true
TRUTH-003762,PERSON-000607,OBSERVED_IN,CASE-000480,true,true
TRUTH-003763,PERSON-000792,OBSERVED_IN,CASE-000480,true,true
TRUTH-003764,PERSON-001544,SUSPECT_IN,CASE-000481,true,true
TRUTH-003765,PERSON-001898,SUSPECT_IN,CASE-000481,true,true
TRUTH-003766,PERSON-001367,SUSPECT_IN,CASE-000481,true,true
TRUTH-003767,PERSON-000863,OBSERVED_IN,CASE-000481,true,true
TRUTH-003768,PERSON-002745,OBSERVED_IN,CASE-000481,true,true
TRUTH-003769,PERSON-000120,OBSERVED_IN,CASE-000481,true,true
TRUTH-003770,PERSON-001474,SUSPECT_IN,CASE-000482,true,true
TRUTH-003771,PERSON-001558,SUSPECT_IN,CASE-000482,true,true
TRUTH-003772,PERSON-000267,SUSPECT_IN,CASE-000482,true,true
TRUTH-003773,PERSON-002450,SUSPECT_IN,CASE-000482,true,true
TRUTH-003774,PERSON-002900,OBSERVED_IN,CASE-000482,true,true
TRUTH-003775,PERSON-002060,OBSERVED_IN,CASE-000482,true,true
TRUTH-003776,PERSON-000440,OBSERVED_IN,CASE-000482,true,true
TRUTH-003777,PERSON-001262,OBSERVED_IN,CASE-000482,true,true
TRUTH-003778,PERSON-002574,SUSPECT_IN,CASE-000483,true,true
TRUTH-003779,PERSON-000540,SUSPECT_IN,CASE-000483,true,true
TRUTH-003780,PERSON-000081,OBSERVED_IN,CASE-000483,true,true
TRUTH-003781,PERSON-000850,OBSERVED_IN,CASE-000483,true,true
TRUTH-003782,PERSON-001861,OBSERVED_IN,CASE-000483,true,true
TRUTH-003783,PERSON-000863,OBSERVED_IN,CASE-000483,true,true
TRUTH-003784,PERSON-000063,OBSERVED_IN,CASE-000483,true,true
TRUTH-003785,PERSON-001589,OBSERVED_IN,CASE-000483,true,true
TRUTH-003786,PERSON-002646,SUSPECT_IN,CASE-000484,true,true
TRUTH-003787,PERSON-001387,SUSPECT_IN,CASE-000484,true,true
TRUTH-003788,PERSON-000862,SUSPECT_IN,CASE-000484,true,true
TRUTH-003789,PERSON-001013,OBSERVED_IN,CASE-000484,true,true
TRUTH-003790,PERSON-002106,OBSERVED_IN,CASE-000484,true,true
TRUTH-003791,PERSON-000484,OBSERVED_IN,CASE-000484,true,true
TRUTH-003792,PERSON-002654,OBSERVED_IN,CASE-000484,true,true
TRUTH-003793,PERSON-001492,OBSERVED_IN,CASE-000484,true,true
TRUTH-003794,PERSON-002393,SUSPECT_IN,CASE-000485,true,true
TRUTH-003795,PERSON-000245,SUSPECT_IN,CASE-000485,true,true
TRUTH-003796,PERSON-001334,OBSERVED_IN,CASE-000485,true,true
TRUTH-003797,PERSON-000260,OBSERVED_IN,CASE-000485,true,true
TRUTH-003798,PERSON-001780,OBSERVED_IN,CASE-000485,true,true
TRUTH-003799,PERSON-002397,OBSERVED_IN,CASE-000485,true,true
TRUTH-003800,PERSON-000374,OBSERVED_IN,CASE-000485,true,true
TRUTH-003801,PERSON-002304,OBSERVED_IN,CASE-000485,true,true
TRUTH-003802,PERSON-002771,SUSPECT_IN,CASE-000486,true,true
TRUTH-003803,PERSON-001863,SUSPECT_IN,CASE-000486,true,true
TRUTH-003804,PERSON-001886,SUSPECT_IN,CASE-000486,true,true
TRUTH-003805,PERSON-002197,SUSPECT_IN,CASE-000486,true,true
TRUTH-003806,PERSON-001658,SUSPECT_IN,CASE-000486,true,true
TRUTH-003807,PERSON-002740,OBSERVED_IN,CASE-000486,true,true
TRUTH-003808,PERSON-001805,OBSERVED_IN,CASE-000486,true,true
TRUTH-003809,PERSON-001479,OBSERVED_IN,CASE-000486,true,true
TRUTH-003810,PERSON-000492,SUSPECT_IN,CASE-000487,true,true
TRUTH-003811,PERSON-001059,SUSPECT_IN,CASE-000487,true,true
TRUTH-003812,PERSON-002999,SUSPECT_IN,CASE-000487,true,true
TRUTH-003813,PERSON-001478,OBSERVED_IN,CASE-000487,true,true
TRUTH-003814,PERSON-002122,OBSERVED_IN,CASE-000487,true,true
TRUTH-003815,PERSON-000233,OBSERVED_IN,CASE-000487,true,true
TRUTH-003816,PERSON-000305,OBSERVED_IN,CASE-000487,true,true
TRUTH-003817,PERSON-000765,SUSPECT_IN,CASE-000488,true,true
TRUTH-003818,PERSON-001544,SUSPECT_IN,CASE-000488,true,true
TRUTH-003819,PERSON-000921,SUSPECT_IN,CASE-000488,true,true
TRUTH-003820,PERSON-002745,SUSPECT_IN,CASE-000488,true,true
TRUTH-003821,PERSON-000863,OBSERVED_IN,CASE-000488,true,true
TRUTH-003822,PERSON-002279,OBSERVED_IN,CASE-000488,true,true
TRUTH-003823,PERSON-002737,SUSPECT_IN,CASE-000489,true,true
TRUTH-003824,PERSON-002094,SUSPECT_IN,CASE-000489,true,true
TRUTH-003825,PERSON-000111,SUSPECT_IN,CASE-000489,true,true
TRUTH-003826,PERSON-000207,SUSPECT_IN,CASE-000489,true,true
TRUTH-003827,PERSON-000792,SUSPECT_IN,CASE-000489,true,true
TRUTH-003828,PERSON-000366,OBSERVED_IN,CASE-000489,true,true
TRUTH-003829,PERSON-000407,OBSERVED_IN,CASE-000489,true,true
TRUTH-003830,PERSON-001758,OBSERVED_IN,CASE-000489,true,true
TRUTH-003831,PERSON-002105,OBSERVED_IN,CASE-000489,true,true
TRUTH-003832,PERSON-000103,OBSERVED_IN,CASE-000489,true,true
TRUTH-003833,PERSON-000032,SUSPECT_IN,CASE-000490,true,true
TRUTH-003834,PERSON-002737,SUSPECT_IN,CASE-000490,true,true
TRUTH-003835,PERSON-000682,SUSPECT_IN,CASE-000490,true,true
TRUTH-003836,PERSON-000275,SUSPECT_IN,CASE-000490,true,true
TRUTH-003837,PERSON-001481,OBSERVED_IN,CASE-000490,true,true
TRUTH-003838,PERSON-000473,OBSERVED_IN,CASE-000490,true,true
TRUTH-003839,PERSON-000042,OBSERVED_IN,CASE-000490,true,true
TRUTH-003840,PERSON-000703,SUSPECT_IN,CASE-000491,true,true
TRUTH-003841,PERSON-001796,SUSPECT_IN,CASE-000491,true,true
TRUTH-003842,PERSON-000479,OBSERVED_IN,CASE-000491,true,true
TRUTH-003843,PERSON-000862,OBSERVED_IN,CASE-000491,true,true
TRUTH-003844,PERSON-001701,OBSERVED_IN,CASE-000491,true,true
TRUTH-003845,PERSON-002449,OBSERVED_IN,CASE-000491,true,true
TRUTH-003846,PERSON-002646,OBSERVED_IN,CASE-000491,true,true
TRUTH-003847,PERSON-001803,OBSERVED_IN,CASE-000491,true,true
TRUTH-003848,PERSON-002654,OBSERVED_IN,CASE-000491,true,true
TRUTH-003849,PERSON-001543,SUSPECT_IN,CASE-000492,true,true
TRUTH-003850,PERSON-002279,SUSPECT_IN,CASE-000492,true,true
TRUTH-003851,PERSON-001885,SUSPECT_IN,CASE-000492,true,true
TRUTH-003852,PERSON-000120,OBSERVED_IN,CASE-000492,true,true
TRUTH-003853,PERSON-000921,OBSERVED_IN,CASE-000492,true,true
TRUTH-003854,PERSON-000863,OBSERVED_IN,CASE-000492,true,true
TRUTH-003855,PERSON-000083,OBSERVED_IN,CASE-000492,true,true
TRUTH-003856,PERSON-001992,OBSERVED_IN,CASE-000492,true,true
TRUTH-003857,PERSON-000140,SUSPECT_IN,CASE-000493,true,true
TRUTH-003858,PERSON-001369,SUSPECT_IN,CASE-000493,true,true
TRUTH-003859,PERSON-001301,SUSPECT_IN,CASE-000493,true,true
TRUTH-003860,PERSON-002066,SUSPECT_IN,CASE-000493,true,true
TRUTH-003861,PERSON-001172,SUSPECT_IN,CASE-000493,true,true
TRUTH-003862,PERSON-002947,SUSPECT_IN,CASE-000493,true,true
TRUTH-003863,PERSON-001419,OBSERVED_IN,CASE-000493,true,true
TRUTH-003864,PERSON-000181,OBSERVED_IN,CASE-000493,true,true
TRUTH-003865,PERSON-001796,OBSERVED_IN,CASE-000493,true,true
TRUTH-003866,PERSON-002771,OBSERVED_IN,CASE-000493,true,true
TRUTH-003867,PERSON-002944,OBSERVED_IN,CASE-000493,true,true
TRUTH-003868,PERSON-002418,OBSERVED_IN,CASE-000493,true,true
TRUTH-003869,PERSON-001259,SUSPECT_IN,CASE-000494,true,true
TRUTH-003870,PERSON-002728,SUSPECT_IN,CASE-000494,true,true
TRUTH-003871,PERSON-000850,OBSERVED_IN,CASE-000494,true,true
TRUTH-003872,PERSON-001861,OBSERVED_IN,CASE-000494,true,true
TRUTH-003873,PERSON-001589,OBSERVED_IN,CASE-000494,true,true
TRUTH-003874,PERSON-002879,SUSPECT_IN,CASE-000495,true,true
TRUTH-003875,PERSON-000275,SUSPECT_IN,CASE-000495,true,true
TRUTH-003876,PERSON-002450,OBSERVED_IN,CASE-000495,true,true
TRUTH-003877,PERSON-000769,OBSERVED_IN,CASE-000495,true,true
TRUTH-003878,PERSON-000597,OBSERVED_IN,CASE-000495,true,true
TRUTH-003879,PERSON-001326,OBSERVED_IN,CASE-000495,true,true
TRUTH-003880,PERSON-001367,OBSERVED_IN,CASE-000495,true,true
TRUTH-003881,PERSON-000499,SUSPECT_IN,CASE-000496,true,true
TRUTH-003882,PERSON-002393,SUSPECT_IN,CASE-000496,true,true
TRUTH-003883,PERSON-000943,SUSPECT_IN,CASE-000496,true,true
TRUTH-003884,PERSON-001578,OBSERVED_IN,CASE-000496,true,true
TRUTH-003885,PERSON-002304,OBSERVED_IN,CASE-000496,true,true
TRUTH-003886,PERSON-002846,OBSERVED_IN,CASE-000496,true,true
TRUTH-003887,PERSON-001029,OBSERVED_IN,CASE-000496,true,true
TRUTH-003888,PERSON-000063,SUSPECT_IN,CASE-000497,true,true
TRUTH-003889,PERSON-002574,SUSPECT_IN,CASE-000497,true,true
TRUTH-003890,PERSON-000863,SUSPECT_IN,CASE-000497,true,true
TRUTH-003891,PERSON-001259,SUSPECT_IN,CASE-000497,true,true
TRUTH-003892,PERSON-002343,SUSPECT_IN,CASE-000497,true,true
TRUTH-003893,PERSON-000850,OBSERVED_IN,CASE-000497,true,true
TRUTH-003894,PERSON-001861,OBSERVED_IN,CASE-000497,true,true
TRUTH-003895,PERSON-000081,OBSERVED_IN,CASE-000497,true,true
TRUTH-003896,PERSON-000886,SUSPECT_IN,CASE-000498,true,true
TRUTH-003897,PERSON-000305,SUSPECT_IN,CASE-000498,true,true
TRUTH-003898,PERSON-002082,SUSPECT_IN,CASE-000498,true,true
TRUTH-003899,PERSON-000233,OBSERVED_IN,CASE-000498,true,true
TRUTH-003900,PERSON-000342,OBSERVED_IN,CASE-000498,true,true
TRUTH-003901,PERSON-000144,OBSERVED_IN,CASE-000498,true,true
TRUTH-003902,PERSON-000492,OBSERVED_IN,CASE-000498,true,true
TRUTH-003903,PERSON-000576,SUSPECT_IN,CASE-000499,true,true
TRUTH-003904,PERSON-000904,SUSPECT_IN,CASE-000499,true,true
TRUTH-003905,PERSON-000584,SUSPECT_IN,CASE-000499,true,true
TRUTH-003906,PERSON-002835,SUSPECT_IN,CASE-000499,true,true
TRUTH-003907,PERSON-002675,SUSPECT_IN,CASE-000499,true,true
TRUTH-003908,PERSON-000106,OBSERVED_IN,CASE-000499,true,true
TRUTH-003909,PERSON-000230,OBSERVED_IN,CASE-000499,true,true
TRUTH-003910,PERSON-002715,OBSERVED_IN,CASE-000499,true,true
TRUTH-003911,PERSON-000302,SUSPECT_IN,CASE-000500,true,true
TRUTH-003912,PERSON-001478,SUSPECT_IN,CASE-000500,true,true
TRUTH-003913,PERSON-002082,SUSPECT_IN,CASE-000500,true,true
TRUTH-003914,PERSON-001543,SUSPECT_IN,CASE-000500,true,true
TRUTH-003915,PERSON-000233,OBSERVED_IN,CASE-000500,true,true
TRUTH-003916,PERSON-000492,OBSERVED_IN,CASE-000500,true,true
TRUTH-003917,PERSON-001615,OBSERVED_IN,CASE-000500,true,true
TRUTH-003918,PERSON-000886,OBSERVED_IN,CASE-000500,true,true
TRUTH-003919,PERSON-000920,OBSERVED_IN,CASE-000500,true,true
TRUTH-003920,PERSON-001830,OBSERVED_IN,CASE-000500,true,true
TRUTH-003921,PERSON-000357,SUSPECT_IN,CASE-000501,true,true
TRUTH-003922,PERSON-000538,SUSPECT_IN,CASE-000501,true,true
TRUTH-003923,PERSON-000921,SUSPECT_IN,CASE-000501,true,true
TRUTH-003924,PERSON-001544,SUSPECT_IN,CASE-000501,true,true
TRUTH-003925,PERSON-001965,SUSPECT_IN,CASE-000501,true,true
TRUTH-003926,PERSON-000717,SUSPECT_IN,CASE-000501,true,true
TRUTH-003927,PERSON-002873,OBSERVED_IN,CASE-000501,true,true
TRUTH-003928,PERSON-000862,SUSPECT_IN,CASE-000502,true,true
TRUTH-003929,PERSON-001152,SUSPECT_IN,CASE-000502,true,true
TRUTH-003930,PERSON-000295,SUSPECT_IN,CASE-000502,true,true
TRUTH-003931,PERSON-002965,SUSPECT_IN,CASE-000502,true,true
TRUTH-003932,PERSON-000484,SUSPECT_IN,CASE-000502,true,true
TRUTH-003933,PERSON-002449,SUSPECT_IN,CASE-000502,true,true
TRUTH-003934,PERSON-001701,OBSERVED_IN,CASE-000502,true,true
TRUTH-003935,PERSON-000846,OBSERVED_IN,CASE-000502,true,true
TRUTH-003936,PERSON-002646,OBSERVED_IN,CASE-000502,true,true
TRUTH-003937,PERSON-002654,OBSERVED_IN,CASE-000502,true,true
TRUTH-003938,PERSON-001492,OBSERVED_IN,CASE-000502,true,true
TRUTH-003939,PERSON-000001,SUSPECT_IN,CASE-000503,true,true
TRUTH-003940,PERSON-001944,SUSPECT_IN,CASE-000503,true,true
TRUTH-003941,PERSON-001206,SUSPECT_IN,CASE-000503,true,true
TRUTH-003942,PERSON-000710,SUSPECT_IN,CASE-000503,true,true
TRUTH-003943,PERSON-000812,SUSPECT_IN,CASE-000503,true,true
TRUTH-003944,PERSON-002428,OBSERVED_IN,CASE-000503,true,true
TRUTH-003945,PERSON-000763,OBSERVED_IN,CASE-000503,true,true
TRUTH-003946,PERSON-002788,OBSERVED_IN,CASE-000503,true,true
TRUTH-003947,PERSON-000863,SUSPECT_IN,CASE-000504,true,true
TRUTH-003948,PERSON-001589,SUSPECT_IN,CASE-000504,true,true
TRUTH-003949,PERSON-002745,SUSPECT_IN,CASE-000504,true,true
TRUTH-003950,PERSON-001861,OBSERVED_IN,CASE-000504,true,true
TRUTH-003951,PERSON-000081,OBSERVED_IN,CASE-000504,true,true
TRUTH-003952,PERSON-002757,OBSERVED_IN,CASE-000504,true,true
TRUTH-003953,PERSON-000063,OBSERVED_IN,CASE-000504,true,true
TRUTH-003954,PERSON-002759,SUSPECT_IN,CASE-000505,true,true
TRUTH-003955,PERSON-002068,SUSPECT_IN,CASE-000505,true,true
TRUTH-003956,PERSON-000822,OBSERVED_IN,CASE-000505,true,true
TRUTH-003957,PERSON-001578,OBSERVED_IN,CASE-000505,true,true
TRUTH-003958,PERSON-000613,OBSERVED_IN,CASE-000505,true,true
TRUTH-003959,PERSON-001610,SUSPECT_IN,CASE-000506,true,true
TRUTH-003960,PERSON-000540,SUSPECT_IN,CASE-000506,true,true
TRUTH-003961,PERSON-001757,SUSPECT_IN,CASE-000506,true,true
TRUTH-003962,PERSON-001558,SUSPECT_IN,CASE-000506,true,true
TRUTH-003963,PERSON-000180,SUSPECT_IN,CASE-000506,true,true
TRUTH-003964,PERSON-001115,OBSERVED_IN,CASE-000506,true,true
TRUTH-003965,PERSON-001886,SUSPECT_IN,CASE-000507,true,true
TRUTH-003966,PERSON-000288,SUSPECT_IN,CASE-000507,true,true
TRUTH-003967,PERSON-000121,SUSPECT_IN,CASE-000507,true,true
TRUTH-003968,PERSON-001997,SUSPECT_IN,CASE-000507,true,true
TRUTH-003969,PERSON-001796,OBSERVED_IN,CASE-000507,true,true
TRUTH-003970,PERSON-000955,OBSERVED_IN,CASE-000507,true,true
TRUTH-003971,PERSON-002197,OBSERVED_IN,CASE-000507,true,true
TRUTH-003972,PERSON-000140,OBSERVED_IN,CASE-000507,true,true
TRUTH-003973,PERSON-002418,OBSERVED_IN,CASE-000507,true,true
TRUTH-003974,PERSON-000845,OBSERVED_IN,CASE-000507,true,true
TRUTH-003975,PERSON-000957,OBSERVED_IN,CASE-000507,true,true
TRUTH-003976,PERSON-000175,SUSPECT_IN,CASE-000508,true,true
TRUTH-003977,PERSON-001262,SUSPECT_IN,CASE-000508,true,true
TRUTH-003978,PERSON-002788,SUSPECT_IN,CASE-000508,true,true
TRUTH-003979,PERSON-001944,SUSPECT_IN,CASE-000508,true,true
TRUTH-003980,PERSON-000001,SUSPECT_IN,CASE-000508,true,true
TRUTH-003981,PERSON-001259,SUSPECT_IN,CASE-000508,true,true
TRUTH-003982,PERSON-000734,OBSERVED_IN,CASE-000508,true,true
TRUTH-003983,PERSON-001769,OBSERVED_IN,CASE-000508,true,true
TRUTH-003984,PERSON-000042,SUSPECT_IN,CASE-000509,true,true
TRUTH-003985,PERSON-002737,SUSPECT_IN,CASE-000509,true,true
TRUTH-003986,PERSON-002771,SUSPECT_IN,CASE-000509,true,true
TRUTH-003987,PERSON-000682,OBSERVED_IN,CASE-000509,true,true
TRUTH-003988,PERSON-000473,OBSERVED_IN,CASE-000509,true,true
TRUTH-003989,PERSON-000165,OBSERVED_IN,CASE-000509,true,true
TRUTH-003990,PERSON-001481,OBSERVED_IN,CASE-000509,true,true
TRUTH-003991,PERSON-000275,OBSERVED_IN,CASE-000509,true,true
TRUTH-003992,PERSON-002068,OBSERVED_IN,CASE-000509,true,true
TRUTH-003993,PERSON-000812,SUSPECT_IN,CASE-000510,true,true
TRUTH-003994,PERSON-000135,SUSPECT_IN,CASE-000510,true,true
TRUTH-003995,PERSON-000634,SUSPECT_IN,CASE-000510,true,true
TRUTH-003996,PERSON-000121,SUSPECT_IN,CASE-000510,true,true
TRUTH-003997,PERSON-000622,OBSERVED_IN,CASE-000510,true,true
TRUTH-003998,PERSON-002247,OBSERVED_IN,CASE-000510,true,true
TRUTH-003999,PERSON-001847,SUSPECT_IN,CASE-000511,true,true
TRUTH-004000,PERSON-001596,SUSPECT_IN,CASE-000511,true,true
TRUTH-004001,PERSON-002077,SUSPECT_IN,CASE-000511,true,true
TRUTH-004002,PERSON-000611,OBSERVED_IN,CASE-000511,true,true
TRUTH-004003,PERSON-002675,OBSERVED_IN,CASE-000511,true,true
TRUTH-004004,PERSON-001363,OBSERVED_IN,CASE-000511,true,true
TRUTH-004005,PERSON-000886,OBSERVED_IN,CASE-000511,true,true
TRUTH-004006,PERSON-000497,OBSERVED_IN,CASE-000511,true,true
TRUTH-004007,PERSON-002847,OBSERVED_IN,CASE-000511,true,true
TRUTH-004008,PERSON-002922,OBSERVED_IN,CASE-000511,true,true
TRUTH-004009,PERSON-000497,SUSPECT_IN,CASE-000512,true,true
TRUTH-004010,PERSON-001423,SUSPECT_IN,CASE-000512,true,true
TRUTH-004011,PERSON-002847,OBSERVED_IN,CASE-000512,true,true
TRUTH-004012,PERSON-001596,OBSERVED_IN,CASE-000512,true,true
TRUTH-004013,PERSON-001480,OBSERVED_IN,CASE-000512,true,true
TRUTH-004014,PERSON-000497,SUSPECT_IN,CASE-000513,true,true
TRUTH-004015,PERSON-002309,SUSPECT_IN,CASE-000513,true,true
TRUTH-004016,PERSON-000611,OBSERVED_IN,CASE-000513,true,true
TRUTH-004017,PERSON-000635,OBSERVED_IN,CASE-000513,true,true
TRUTH-004018,PERSON-000180,SUSPECT_IN,CASE-000514,true,true
TRUTH-004019,PERSON-002821,SUSPECT_IN,CASE-000514,true,true
TRUTH-004020,PERSON-001610,SUSPECT_IN,CASE-000514,true,true
TRUTH-004021,PERSON-001262,SUSPECT_IN,CASE-000514,true,true
TRUTH-004022,PERSON-000267,SUSPECT_IN,CASE-000514,true,true
TRUTH-004023,PERSON-001543,SUSPECT_IN,CASE-000514,true,true
TRUTH-004024,PERSON-002060,OBSERVED_IN,CASE-000514,true,true
TRUTH-004025,PERSON-001558,OBSERVED_IN,CASE-000514,true,true
TRUTH-004026,PERSON-000440,OBSERVED_IN,CASE-000514,true,true
TRUTH-004027,PERSON-000792,OBSERVED_IN,CASE-000514,true,true
TRUTH-004028,PERSON-002060,SUSPECT_IN,CASE-000515,true,true
TRUTH-004029,PERSON-002618,SUSPECT_IN,CASE-000515,true,true
TRUTH-004030,PERSON-000792,SUSPECT_IN,CASE-000515,true,true
TRUTH-004031,PERSON-002335,SUSPECT_IN,CASE-000515,true,true
TRUTH-004032,PERSON-001558,OBSERVED_IN,CASE-000515,true,true
TRUTH-004033,PERSON-000540,OBSERVED_IN,CASE-000515,true,true
TRUTH-004034,PERSON-001474,OBSERVED_IN,CASE-000515,true,true
TRUTH-004035,PERSON-001115,OBSERVED_IN,CASE-000515,true,true
TRUTH-004036,PERSON-001610,OBSERVED_IN,CASE-000515,true,true
TRUTH-004037,PERSON-000440,OBSERVED_IN,CASE-000515,true,true
TRUTH-004038,PERSON-000374,SUSPECT_IN,CASE-000516,true,true
TRUTH-004039,PERSON-001691,SUSPECT_IN,CASE-000516,true,true
TRUTH-004040,PERSON-002408,SUSPECT_IN,CASE-000516,true,true
TRUTH-004041,PERSON-002304,SUSPECT_IN,CASE-000516,true,true
TRUTH-004042,PERSON-002309,SUSPECT_IN,CASE-000516,true,true
TRUTH-004043,PERSON-000245,OBSERVED_IN,CASE-000516,true,true
TRUTH-004044,PERSON-000943,OBSERVED_IN,CASE-000516,true,true
TRUTH-004045,PERSON-001747,OBSERVED_IN,CASE-000516,true,true
TRUTH-004046,PERSON-002393,OBSERVED_IN,CASE-000516,true,true
TRUTH-004047,PERSON-001847,OBSERVED_IN,CASE-000516,true,true
TRUTH-004048,PERSON-000822,SUSPECT_IN,CASE-000517,true,true
TRUTH-004049,PERSON-002728,SUSPECT_IN,CASE-000517,true,true
TRUTH-004050,PERSON-001425,OBSERVED_IN,CASE-000517,true,true
TRUTH-004051,PERSON-002986,OBSERVED_IN,CASE-000517,true,true
TRUTH-004052,PERSON-000613,OBSERVED_IN,CASE-000517,true,true
TRUTH-004053,PERSON-001578,OBSERVED_IN,CASE-000517,true,true
TRUTH-004054,PERSON-000621,SUSPECT_IN,CASE-000518,true,true
TRUTH-004055,PERSON-000604,SUSPECT_IN,CASE-000518,true,true
TRUTH-004056,PERSON-000538,OBSERVED_IN,CASE-000518,true,true
TRUTH-004057,PERSON-001540,OBSERVED_IN,CASE-000518,true,true
TRUTH-004058,PERSON-000863,OBSERVED_IN,CASE-000518,true,true
TRUTH-004059,PERSON-002745,OBSERVED_IN,CASE-000518,true,true
TRUTH-004060,PERSON-000765,OBSERVED_IN,CASE-000518,true,true
TRUTH-004061,PERSON-001667,SUSPECT_IN,CASE-000519,true,true
TRUTH-004062,PERSON-001558,SUSPECT_IN,CASE-000519,true,true
TRUTH-004063,PERSON-000146,SUSPECT_IN,CASE-000519,true,true
TRUTH-004064,PERSON-002444,SUSPECT_IN,CASE-000519,true,true
TRUTH-004065,PERSON-001210,OBSERVED_IN,CASE-000519,true,true
TRUTH-004066,PERSON-002750,OBSERVED_IN,CASE-000519,true,true
TRUTH-004067,PERSON-001041,OBSERVED_IN,CASE-000519,true,true
TRUTH-004068,PERSON-001670,OBSERVED_IN,CASE-000519,true,true
TRUTH-004069,PERSON-002020,SUSPECT_IN,CASE-000520,true,true
TRUTH-004070,PERSON-002517,SUSPECT_IN,CASE-000520,true,true
TRUTH-004071,PERSON-000357,SUSPECT_IN,CASE-000520,true,true
TRUTH-004072,PERSON-000621,SUSPECT_IN,CASE-000520,true,true
TRUTH-004073,PERSON-002279,OBSERVED_IN,CASE-000520,true,true
TRUTH-004074,PERSON-000120,OBSERVED_IN,CASE-000520,true,true
TRUTH-004075,PERSON-001847,SUSPECT_IN,CASE-000521,true,true
TRUTH-004076,PERSON-001093,SUSPECT_IN,CASE-000521,true,true
TRUTH-004077,PERSON-002304,OBSERVED_IN,CASE-000521,true,true
TRUTH-004078,PERSON-001780,OBSERVED_IN,CASE-000521,true,true
TRUTH-004079,PERSON-002846,OBSERVED_IN,CASE-000521,true,true
TRUTH-004080,PERSON-000850,SUSPECT_IN,CASE-000522,true,true
TRUTH-004081,PERSON-000063,SUSPECT_IN,CASE-000522,true,true
TRUTH-004082,PERSON-000081,OBSERVED_IN,CASE-000522,true,true
TRUTH-004083,PERSON-001259,OBSERVED_IN,CASE-000522,true,true
TRUTH-004084,PERSON-002574,OBSERVED_IN,CASE-000522,true,true
TRUTH-004085,PERSON-000863,OBSERVED_IN,CASE-000522,true,true
TRUTH-004086,PERSON-001589,OBSERVED_IN,CASE-000522,true,true
TRUTH-004087,PERSON-002066,SUSPECT_IN,CASE-000523,true,true
TRUTH-004088,PERSON-001863,SUSPECT_IN,CASE-000523,true,true
TRUTH-004089,PERSON-002771,OBSERVED_IN,CASE-000523,true,true
TRUTH-004090,PERSON-000991,OBSERVED_IN,CASE-000523,true,true
TRUTH-004091,PERSON-000046,SUSPECT_IN,CASE-000524,true,true
TRUTH-004092,PERSON-002039,SUSPECT_IN,CASE-000524,true,true
TRUTH-004093,PERSON-000556,SUSPECT_IN,CASE-000524,true,true
TRUTH-004094,PERSON-000092,OBSERVED_IN,CASE-000524,true,true
TRUTH-004095,PERSON-001337,OBSERVED_IN,CASE-000524,true,true
TRUTH-004096,PERSON-000863,SUSPECT_IN,CASE-000525,true,true
TRUTH-004097,PERSON-001861,SUSPECT_IN,CASE-000525,true,true
TRUTH-004098,PERSON-001259,SUSPECT_IN,CASE-000525,true,true
TRUTH-004099,PERSON-000081,OBSERVED_IN,CASE-000525,true,true
TRUTH-004100,PERSON-001029,SUSPECT_IN,CASE-000526,true,true
TRUTH-004101,PERSON-000825,SUSPECT_IN,CASE-000526,true,true
TRUTH-004102,PERSON-000607,SUSPECT_IN,CASE-000526,true,true
TRUTH-004103,PERSON-000260,OBSERVED_IN,CASE-000526,true,true
TRUTH-004104,PERSON-001578,OBSERVED_IN,CASE-000526,true,true
TRUTH-004105,PERSON-001780,OBSERVED_IN,CASE-000526,true,true
TRUTH-004106,PERSON-002873,SUSPECT_IN,CASE-000527,true,true
TRUTH-004107,PERSON-000083,SUSPECT_IN,CASE-000527,true,true
TRUTH-004108,PERSON-000357,SUSPECT_IN,CASE-000527,true,true
TRUTH-004109,PERSON-000488,SUSPECT_IN,CASE-000527,true,true
TRUTH-004110,PERSON-000765,SUSPECT_IN,CASE-000527,true,true
TRUTH-004111,PERSON-000492,SUSPECT_IN,CASE-000527,true,true
TRUTH-004112,PERSON-002517,OBSERVED_IN,CASE-000527,true,true
TRUTH-004113,PERSON-000120,OBSERVED_IN,CASE-000527,true,true
TRUTH-004114,PERSON-000921,OBSERVED_IN,CASE-000527,true,true
TRUTH-004115,PERSON-001540,OBSERVED_IN,CASE-000527,true,true
TRUTH-004116,PERSON-001992,OBSERVED_IN,CASE-000527,true,true
TRUTH-004117,PERSON-002745,OBSERVED_IN,CASE-000527,true,true
TRUTH-004118,PERSON-000146,SUSPECT_IN,CASE-000528,true,true
TRUTH-004119,PERSON-001558,SUSPECT_IN,CASE-000528,true,true
TRUTH-004120,PERSON-000259,SUSPECT_IN,CASE-000528,true,true
TRUTH-004121,PERSON-001667,OBSERVED_IN,CASE-000528,true,true
TRUTH-004122,PERSON-002750,OBSERVED_IN,CASE-000528,true,true
TRUTH-004123,PERSON-001041,OBSERVED_IN,CASE-000528,true,true
TRUTH-004124,PERSON-001670,OBSERVED_IN,CASE-000528,true,true
TRUTH-004125,PERSON-001578,SUSPECT_IN,CASE-000529,true,true
TRUTH-004126,PERSON-002408,SUSPECT_IN,CASE-000529,true,true
TRUTH-004127,PERSON-000783,SUSPECT_IN,CASE-000529,true,true
TRUTH-004128,PERSON-000245,OBSERVED_IN,CASE-000529,true,true
TRUTH-004129,PERSON-000943,OBSERVED_IN,CASE-000529,true,true
TRUTH-004130,PERSON-001780,OBSERVED_IN,CASE-000529,true,true
TRUTH-004131,PERSON-002397,OBSERVED_IN,CASE-000529,true,true
TRUTH-004132,PERSON-000374,OBSERVED_IN,CASE-000529,true,true
TRUTH-004133,PERSON-001847,SUSPECT_IN,CASE-000530,true,true
TRUTH-004134,PERSON-000611,SUSPECT_IN,CASE-000530,true,true
TRUTH-004135,PERSON-001542,OBSERVED_IN,CASE-000530,true,true
TRUTH-004136,PERSON-002675,OBSERVED_IN,CASE-000530,true,true
TRUTH-004137,PERSON-002896,OBSERVED_IN,CASE-000530,true,true
TRUTH-004138,PERSON-000497,OBSERVED_IN,CASE-000530,true,true
TRUTH-004139,PERSON-002847,OBSERVED_IN,CASE-000530,true,true
TRUTH-004140,PERSON-000635,OBSERVED_IN,CASE-000530,true,true
TRUTH-004141,PERSON-001536,SUSPECT_IN,CASE-000531,true,true
TRUTH-004142,PERSON-000106,SUSPECT_IN,CASE-000531,true,true
TRUTH-004143,PERSON-001788,OBSERVED_IN,CASE-000531,true,true
TRUTH-004144,PERSON-000898,OBSERVED_IN,CASE-000531,true,true
TRUTH-004145,PERSON-001589,SUSPECT_IN,CASE-000532,true,true
TRUTH-004146,PERSON-000850,SUSPECT_IN,CASE-000532,true,true
TRUTH-004147,PERSON-001861,SUSPECT_IN,CASE-000532,true,true
TRUTH-004148,PERSON-000081,SUSPECT_IN,CASE-000532,true,true
TRUTH-004149,PERSON-001180,SUSPECT_IN,CASE-000532,true,true
TRUTH-004150,PERSON-001259,OBSERVED_IN,CASE-000532,true,true
TRUTH-004151,PERSON-002574,OBSERVED_IN,CASE-000532,true,true
TRUTH-004152,PERSON-000863,OBSERVED_IN,CASE-000532,true,true
TRUTH-004153,PERSON-000063,OBSERVED_IN,CASE-000532,true,true
TRUTH-004154,PERSON-002757,OBSERVED_IN,CASE-000532,true,true
TRUTH-004155,PERSON-001474,SUSPECT_IN,CASE-000533,true,true
TRUTH-004156,PERSON-002618,SUSPECT_IN,CASE-000533,true,true
TRUTH-004157,PERSON-001757,SUSPECT_IN,CASE-000533,true,true
TRUTH-004158,PERSON-001610,OBSERVED_IN,CASE-000533,true,true
TRUTH-004159,PERSON-001558,OBSERVED_IN,CASE-000533,true,true
TRUTH-004160,PERSON-000083,SUSPECT_IN,CASE-000534,true,true
TRUTH-004161,PERSON-000357,SUSPECT_IN,CASE-000534,true,true
TRUTH-004162,PERSON-000765,SUSPECT_IN,CASE-000534,true,true
TRUTH-004163,PERSON-002873,SUSPECT_IN,CASE-000534,true,true
TRUTH-004164,PERSON-000488,SUSPECT_IN,CASE-000534,true,true
TRUTH-004165,PERSON-002745,OBSERVED_IN,CASE-000534,true,true
TRUTH-004166,PERSON-000538,OBSERVED_IN,CASE-000534,true,true
TRUTH-004167,PERSON-001898,SUSPECT_IN,CASE-000535,true,true
TRUTH-004168,PERSON-001965,SUSPECT_IN,CASE-000535,true,true
TRUTH-004169,PERSON-000863,SUSPECT_IN,CASE-000535,true,true
TRUTH-004170,PERSON-000621,OBSERVED_IN,CASE-000535,true,true
TRUTH-004171,PERSON-000074,SUSPECT_IN,CASE-000536,true,true
TRUTH-004172,PERSON-002279,SUSPECT_IN,CASE-000536,true,true
TRUTH-004173,PERSON-002558,OBSERVED_IN,CASE-000536,true,true
TRUTH-004174,PERSON-000397,OBSERVED_IN,CASE-000536,true,true
TRUTH-004175,PERSON-000154,OBSERVED_IN,CASE-000536,true,true
TRUTH-004176,PERSON-000622,OBSERVED_IN,CASE-000536,true,true
TRUTH-004177,PERSON-000697,SUSPECT_IN,CASE-000537,true,true
TRUTH-004178,PERSON-000948,SUSPECT_IN,CASE-000537,true,true
TRUTH-004179,PERSON-001885,SUSPECT_IN,CASE-000537,true,true
TRUTH-004180,PERSON-001664,OBSERVED_IN,CASE-000537,true,true
TRUTH-004181,PERSON-000584,OBSERVED_IN,CASE-000537,true,true
TRUTH-004182,PERSON-000230,OBSERVED_IN,CASE-000537,true,true
TRUTH-004183,PERSON-001343,OBSERVED_IN,CASE-000537,true,true
TRUTH-004184,PERSON-001360,SUSPECT_IN,CASE-000538,true,true
TRUTH-004185,PERSON-001110,SUSPECT_IN,CASE-000538,true,true
TRUTH-004186,PERSON-001552,SUSPECT_IN,CASE-000538,true,true
TRUTH-004187,PERSON-002847,SUSPECT_IN,CASE-000538,true,true
TRUTH-004188,PERSON-000455,SUSPECT_IN,CASE-000538,true,true
TRUTH-004189,PERSON-000566,OBSERVED_IN,CASE-000538,true,true
TRUTH-004190,PERSON-001127,OBSERVED_IN,CASE-000538,true,true
TRUTH-004191,PERSON-002982,OBSERVED_IN,CASE-000538,true,true
TRUTH-004192,PERSON-002397,SUSPECT_IN,CASE-000539,true,true
TRUTH-004193,PERSON-002304,SUSPECT_IN,CASE-000539,true,true
TRUTH-004194,PERSON-000260,OBSERVED_IN,CASE-000539,true,true
TRUTH-004195,PERSON-000499,OBSERVED_IN,CASE-000539,true,true
TRUTH-004196,PERSON-000825,OBSERVED_IN,CASE-000539,true,true
TRUTH-004197,PERSON-001747,OBSERVED_IN,CASE-000539,true,true
TRUTH-004198,PERSON-002408,OBSERVED_IN,CASE-000539,true,true
TRUTH-004199,PERSON-001691,OBSERVED_IN,CASE-000539,true,true
TRUTH-004200,PERSON-001847,OBSERVED_IN,CASE-000539,true,true
TRUTH-004201,PERSON-001558,SUSPECT_IN,CASE-000540,true,true
TRUTH-004202,PERSON-000272,SUSPECT_IN,CASE-000540,true,true
TRUTH-004203,PERSON-001667,OBSERVED_IN,CASE-000540,true,true
TRUTH-004204,PERSON-001670,OBSERVED_IN,CASE-000540,true,true
TRUTH-004205,PERSON-001041,OBSERVED_IN,CASE-000540,true,true
TRUTH-004206,PERSON-000351,OBSERVED_IN,CASE-000540,true,true
TRUTH-004207,PERSON-000342,SUSPECT_IN,CASE-000541,true,true
TRUTH-004208,PERSON-000492,SUSPECT_IN,CASE-000541,true,true
TRUTH-004209,PERSON-000484,SUSPECT_IN,CASE-000541,true,true
TRUTH-004210,PERSON-001478,OBSERVED_IN,CASE-000541,true,true
TRUTH-004211,PERSON-000233,OBSERVED_IN,CASE-000541,true,true
TRUTH-004212,PERSON-000886,OBSERVED_IN,CASE-000541,true,true
TRUTH-004213,PERSON-002082,OBSERVED_IN,CASE-000541,true,true
TRUTH-004214,PERSON-000862,SUSPECT_IN,CASE-000542,true,true
TRUTH-004215,PERSON-002618,SUSPECT_IN,CASE-000542,true,true
TRUTH-004216,PERSON-000295,OBSERVED_IN,CASE-000542,true,true
TRUTH-004217,PERSON-001066,OBSERVED_IN,CASE-000542,true,true
TRUTH-004218,PERSON-001013,OBSERVED_IN,CASE-000542,true,true
TRUTH-004219,PERSON-000846,OBSERVED_IN,CASE-000542,true,true
TRUTH-004220,PERSON-002646,OBSERVED_IN,CASE-000542,true,true
TRUTH-004221,PERSON-000823,OBSERVED_IN,CASE-000542,true,true
TRUTH-004222,PERSON-000259,SUSPECT_IN,CASE-000543,true,true
TRUTH-004223,PERSON-000647,SUSPECT_IN,CASE-000543,true,true
TRUTH-004224,PERSON-001573,SUSPECT_IN,CASE-000543,true,true
TRUTH-004225,PERSON-000106,OBSERVED_IN,CASE-000543,true,true
TRUTH-004226,PERSON-000568,OBSERVED_IN,CASE-000543,true,true
TRUTH-004227,PERSON-000842,SUSPECT_IN,CASE-000544,true,true
TRUTH-004228,PERSON-000001,SUSPECT_IN,CASE-000544,true,true
TRUTH-004229,PERSON-000217,SUSPECT_IN,CASE-000544,true,true
TRUTH-004230,PERSON-002954,OBSERVED_IN,CASE-000544,true,true
TRUTH-004231,PERSON-002845,OBSERVED_IN,CASE-000544,true,true
TRUTH-004232,PERSON-002788,OBSERVED_IN,CASE-000544,true,true
TRUTH-004233,PERSON-000072,OBSERVED_IN,CASE-000544,true,true
TRUTH-004234,PERSON-001385,OBSERVED_IN,CASE-000544,true,true
TRUTH-004235,PERSON-000717,SUSPECT_IN,CASE-000545,true,true
TRUTH-004236,PERSON-000667,SUSPECT_IN,CASE-000545,true,true
TRUTH-004237,PERSON-000074,SUSPECT_IN,CASE-000545,true,true
TRUTH-004238,PERSON-002136,SUSPECT_IN,CASE-000545,true,true
TRUTH-004239,PERSON-002499,SUSPECT_IN,CASE-000545,true,true
TRUTH-004240,PERSON-000538,SUSPECT_IN,CASE-000545,true,true
TRUTH-004241,PERSON-001131,OBSERVED_IN,CASE-000545,true,true
TRUTH-004242,PERSON-000784,OBSERVED_IN,CASE-000545,true,true
TRUTH-004243,PERSON-000580,OBSERVED_IN,CASE-000545,true,true
TRUTH-004244,PERSON-001107,OBSERVED_IN,CASE-000545,true,true
TRUTH-004245,PERSON-000863,SUSPECT_IN,CASE-000546,true,true
TRUTH-004246,PERSON-002745,SUSPECT_IN,CASE-000546,true,true
TRUTH-004247,PERSON-000103,SUSPECT_IN,CASE-000546,true,true
TRUTH-004248,PERSON-001992,OBSERVED_IN,CASE-000546,true,true
TRUTH-004249,PERSON-000765,OBSERVED_IN,CASE-000546,true,true
TRUTH-004250,PERSON-000538,OBSERVED_IN,CASE-000546,true,true
TRUTH-004251,PERSON-000120,OBSERVED_IN,CASE-000546,true,true
TRUTH-004252,PERSON-001558,SUSPECT_IN,CASE-000547,true,true
TRUTH-004253,PERSON-002197,SUSPECT_IN,CASE-000547,true,true
TRUTH-004254,PERSON-001667,OBSERVED_IN,CASE-000547,true,true
TRUTH-004255,PERSON-000146,OBSERVED_IN,CASE-000547,true,true
TRUTH-004256,PERSON-000351,OBSERVED_IN,CASE-000547,true,true
TRUTH-004257,PERSON-002750,OBSERVED_IN,CASE-000547,true,true
TRUTH-004258,PERSON-001041,OBSERVED_IN,CASE-000547,true,true
TRUTH-004259,PERSON-001670,OBSERVED_IN,CASE-000547,true,true
TRUTH-004260,PERSON-000146,SUSPECT_IN,CASE-000548,true,true
TRUTH-004261,PERSON-001041,SUSPECT_IN,CASE-000548,true,true
TRUTH-004262,PERSON-002114,SUSPECT_IN,CASE-000548,true,true
TRUTH-004263,PERSON-001667,OBSERVED_IN,CASE-000548,true,true
TRUTH-004264,PERSON-001558,OBSERVED_IN,CASE-000548,true,true
TRUTH-004265,PERSON-000351,OBSERVED_IN,CASE-000548,true,true
TRUTH-004266,PERSON-001589,OBSERVED_IN,CASE-000548,true,true
TRUTH-004267,PERSON-001670,OBSERVED_IN,CASE-000548,true,true
TRUTH-004268,PERSON-001992,SUSPECT_IN,CASE-000549,true,true
TRUTH-004269,PERSON-001965,SUSPECT_IN,CASE-000549,true,true
TRUTH-004270,PERSON-000488,SUSPECT_IN,CASE-000549,true,true
TRUTH-004271,PERSON-002517,OBSERVED_IN,CASE-000549,true,true
TRUTH-004272,PERSON-002279,OBSERVED_IN,CASE-000549,true,true
TRUTH-004273,PERSON-000120,OBSERVED_IN,CASE-000549,true,true
TRUTH-004274,PERSON-001898,OBSERVED_IN,CASE-000549,true,true
TRUTH-004275,PERSON-000921,OBSERVED_IN,CASE-000549,true,true
TRUTH-004276,PERSON-000863,OBSERVED_IN,CASE-000549,true,true
TRUTH-004277,PERSON-001543,OBSERVED_IN,CASE-000549,true,true
TRUTH-004278,PERSON-002999,OBSERVED_IN,CASE-000549,true,true
TRUTH-004279,PERSON-002757,SUSPECT_IN,CASE-000550,true,true
TRUTH-004280,PERSON-002715,SUSPECT_IN,CASE-000550,true,true
TRUTH-004281,PERSON-000904,SUSPECT_IN,CASE-000550,true,true
TRUTH-004282,PERSON-002835,SUSPECT_IN,CASE-000550,true,true
TRUTH-004283,PERSON-001315,SUSPECT_IN,CASE-000550,true,true
TRUTH-004284,PERSON-002675,SUSPECT_IN,CASE-000550,true,true
TRUTH-004285,PERSON-000584,OBSERVED_IN,CASE-000550,true,true
TRUTH-004286,PERSON-000948,OBSERVED_IN,CASE-000550,true,true
TRUTH-004287,PERSON-002737,SUSPECT_IN,CASE-000551,true,true
TRUTH-004288,PERSON-000492,SUSPECT_IN,CASE-000551,true,true
TRUTH-004289,PERSON-000414,OBSERVED_IN,CASE-000551,true,true
TRUTH-004290,PERSON-002417,OBSERVED_IN,CASE-000551,true,true
TRUTH-004291,PERSON-000103,OBSERVED_IN,CASE-000551,true,true
TRUTH-004292,PERSON-000154,SUSPECT_IN,CASE-000552,true,true
TRUTH-004293,PERSON-000622,SUSPECT_IN,CASE-000552,true,true
TRUTH-004294,PERSON-000580,SUSPECT_IN,CASE-000552,true,true
TRUTH-004295,PERSON-000397,SUSPECT_IN,CASE-000552,true,true
TRUTH-004296,PERSON-002368,SUSPECT_IN,CASE-000552,true,true
TRUTH-004297,PERSON-000405,OBSERVED_IN,CASE-000552,true,true
TRUTH-004298,PERSON-002136,OBSERVED_IN,CASE-000552,true,true
TRUTH-004299,PERSON-000784,OBSERVED_IN,CASE-000552,true,true
TRUTH-004300,PERSON-001234,OBSERVED_IN,CASE-000552,true,true
TRUTH-004301,PERSON-001615,SUSPECT_IN,CASE-000553,true,true
TRUTH-004302,PERSON-000295,SUSPECT_IN,CASE-000553,true,true
TRUTH-004303,PERSON-002277,OBSERVED_IN,CASE-000553,true,true
TRUTH-004304,PERSON-002980,OBSERVED_IN,CASE-000553,true,true
TRUTH-004305,PERSON-001941,OBSERVED_IN,CASE-000553,true,true
TRUTH-004306,PERSON-000808,OBSERVED_IN,CASE-000553,true,true
TRUTH-004307,PERSON-001673,OBSERVED_IN,CASE-000553,true,true
TRUTH-004308,PERSON-000075,OBSERVED_IN,CASE-000553,true,true
TRUTH-004309,PERSON-000357,OBSERVED_IN,CASE-000553,true,true
TRUTH-004310,PERSON-002750,SUSPECT_IN,CASE-000554,true,true
TRUTH-004311,PERSON-001210,SUSPECT_IN,CASE-000554,true,true
TRUTH-004312,PERSON-001589,SUSPECT_IN,CASE-000554,true,true
TRUTH-004313,PERSON-001041,SUSPECT_IN,CASE-000554,true,true
TRUTH-004314,PERSON-000351,SUSPECT_IN,CASE-000554,true,true
TRUTH-004315,PERSON-001667,SUSPECT_IN,CASE-000554,true,true
TRUTH-004316,PERSON-001670,OBSERVED_IN,CASE-000554,true,true
TRUTH-004317,PERSON-002499,SUSPECT_IN,CASE-000555,true,true
TRUTH-004318,PERSON-000979,SUSPECT_IN,CASE-000555,true,true
TRUTH-004319,PERSON-001397,SUSPECT_IN,CASE-000555,true,true
TRUTH-004320,PERSON-001668,SUSPECT_IN,CASE-000555,true,true
TRUTH-004321,PERSON-002087,SUSPECT_IN,CASE-000555,true,true
TRUTH-004322,PERSON-001610,SUSPECT_IN,CASE-000555,true,true
TRUTH-004323,PERSON-002256,SUSPECT_IN,CASE-000556,true,true
TRUTH-004324,PERSON-001478,SUSPECT_IN,CASE-000556,true,true
TRUTH-004325,PERSON-000072,SUSPECT_IN,CASE-000556,true,true
TRUTH-004326,PERSON-000175,SUSPECT_IN,CASE-000556,true,true
TRUTH-004327,PERSON-000072,SUSPECT_IN,CASE-000556,true,true
TRUTH-004328,PERSON-002954,OBSERVED_IN,CASE-000556,true,true
TRUTH-004329,PERSON-002428,OBSERVED_IN,CASE-000556,true,true
TRUTH-004330,PERSON-001944,OBSERVED_IN,CASE-000556,true,true
TRUTH-004331,PERSON-000710,OBSERVED_IN,CASE-000556,true,true
TRUTH-004332,PERSON-000763,OBSERVED_IN,CASE-000556,true,true
TRUTH-004333,PERSON-001385,OBSERVED_IN,CASE-000556,true,true
TRUTH-004334,PERSON-000051,SUSPECT_IN,CASE-000557,true,true
TRUTH-004335,PERSON-001589,SUSPECT_IN,CASE-000557,true,true
TRUTH-004336,PERSON-000042,SUSPECT_IN,CASE-000557,true,true
TRUTH-004337,PERSON-001349,OBSERVED_IN,CASE-000557,true,true
TRUTH-004338,PERSON-002990,OBSERVED_IN,CASE-000557,true,true
TRUTH-004339,PERSON-001658,OBSERVED_IN,CASE-000557,true,true
TRUTH-004340,PERSON-002975,OBSERVED_IN,CASE-000557,true,true
TRUTH-004341,PERSON-001056,OBSERVED_IN,CASE-000557,true,true
TRUTH-004342,PERSON-000898,OBSERVED_IN,CASE-000557,true,true
TRUTH-004343,PERSON-001369,SUSPECT_IN,CASE-000558,true,true
TRUTH-004344,PERSON-000957,SUSPECT_IN,CASE-000558,true,true
TRUTH-004345,PERSON-001805,SUSPECT_IN,CASE-000558,true,true
TRUTH-004346,PERSON-001479,OBSERVED_IN,CASE-000558,true,true
TRUTH-004347,PERSON-000991,OBSERVED_IN,CASE-000558,true,true
TRUTH-004348,PERSON-002397,SUSPECT_IN,CASE-000559,true,true
TRUTH-004349,PERSON-000499,SUSPECT_IN,CASE-000559,true,true
TRUTH-004350,PERSON-002408,SUSPECT_IN,CASE-000559,true,true
TRUTH-004351,PERSON-001847,SUSPECT_IN,CASE-000559,true,true
TRUTH-004352,PERSON-000260,SUSPECT_IN,CASE-000559,true,true
TRUTH-004353,PERSON-001691,SUSPECT_IN,CASE-000559,true,true
TRUTH-004354,PERSON-001334,OBSERVED_IN,CASE-000559,true,true
TRUTH-004355,PERSON-002304,OBSERVED_IN,CASE-000559,true,true
TRUTH-004356,PERSON-002846,OBSERVED_IN,CASE-000559,true,true
TRUTH-004357,PERSON-000374,OBSERVED_IN,CASE-000559,true,true
TRUTH-004358,PERSON-000863,SUSPECT_IN,CASE-000560,true,true
TRUTH-004359,PERSON-000683,SUSPECT_IN,CASE-000560,true,true
TRUTH-004360,PERSON-000850,OBSERVED_IN,CASE-000560,true,true
TRUTH-004361,PERSON-001861,OBSERVED_IN,CASE-000560,true,true
TRUTH-004362,PERSON-000063,OBSERVED_IN,CASE-000560,true,true
TRUTH-004363,PERSON-000850,SUSPECT_IN,CASE-000561,true,true
TRUTH-004364,PERSON-000049,SUSPECT_IN,CASE-000561,true,true
TRUTH-004365,PERSON-000081,OBSERVED_IN,CASE-000561,true,true
TRUTH-004366,PERSON-001259,OBSERVED_IN,CASE-000561,true,true
TRUTH-004367,PERSON-001861,OBSERVED_IN,CASE-000561,true,true
TRUTH-004368,PERSON-002574,OBSERVED_IN,CASE-000561,true,true
TRUTH-004369,PERSON-000863,OBSERVED_IN,CASE-000561,true,true
TRUTH-004370,PERSON-000063,OBSERVED_IN,CASE-000561,true,true
TRUTH-004371,PERSON-001589,OBSERVED_IN,CASE-000561,true,true
TRUTH-004372,PERSON-000621,SUSPECT_IN,CASE-000562,true,true
TRUTH-004373,PERSON-001965,SUSPECT_IN,CASE-000562,true,true
TRUTH-004374,PERSON-001898,SUSPECT_IN,CASE-000562,true,true
TRUTH-004375,PERSON-000765,SUSPECT_IN,CASE-000562,true,true
TRUTH-004376,PERSON-000538,SUSPECT_IN,CASE-000562,true,true
TRUTH-004377,PERSON-001876,SUSPECT_IN,CASE-000562,true,true
TRUTH-004378,PERSON-002517,OBSERVED_IN,CASE-000562,true,true
TRUTH-004379,PERSON-000120,OBSERVED_IN,CASE-000562,true,true
TRUTH-004380,PERSON-002873,OBSERVED_IN,CASE-000562,true,true
TRUTH-004381,PERSON-001540,OBSERVED_IN,CASE-000562,true,true
TRUTH-004382,PERSON-000863,OBSERVED_IN,CASE-000562,true,true
TRUTH-004383,PERSON-001992,OBSERVED_IN,CASE-000562,true,true
TRUTH-004384,PERSON-002745,OBSERVED_IN,CASE-000562,true,true
TRUTH-004385,PERSON-001331,SUSPECT_IN,CASE-000563,true,true
TRUTH-004386,PERSON-001642,SUSPECT_IN,CASE-000563,true,true
TRUTH-004387,PERSON-000628,SUSPECT_IN,CASE-000563,true,true
TRUTH-004388,PERSON-000207,SUSPECT_IN,CASE-000563,true,true
TRUTH-004389,PERSON-000783,OBSERVED_IN,CASE-000563,true,true
TRUTH-004390,PERSON-002343,OBSERVED_IN,CASE-000563,true,true
TRUTH-004391,PERSON-001112,OBSERVED_IN,CASE-000563,true,true
TRUTH-004392,PERSON-001521,OBSERVED_IN,CASE-000563,true,true
TRUTH-004393,PERSON-002728,OBSERVED_IN,CASE-000563,true,true
TRUTH-004394,PERSON-002735,OBSERVED_IN,CASE-000563,true,true
TRUTH-004395,PERSON-002017,OBSERVED_IN,CASE-000563,true,true
TRUTH-004396,PERSON-000895,SUSPECT_IN,CASE-000564,true,true
TRUTH-004397,PERSON-000648,SUSPECT_IN,CASE-000564,true,true
TRUTH-004398,PERSON-000898,SUSPECT_IN,CASE-000564,true,true
TRUTH-004399,PERSON-000647,SUSPECT_IN,CASE-000564,true,true
TRUTH-004400,PERSON-001536,SUSPECT_IN,CASE-000564,true,true
TRUTH-004401,PERSON-000062,SUSPECT_IN,CASE-000564,true,true
TRUTH-004402,PERSON-001318,OBSERVED_IN,CASE-000564,true,true
TRUTH-004403,PERSON-000259,OBSERVED_IN,CASE-000564,true,true
TRUTH-004404,PERSON-000568,OBSERVED_IN,CASE-000564,true,true
TRUTH-004405,PERSON-001670,SUSPECT_IN,CASE-000565,true,true
TRUTH-004406,PERSON-001558,SUSPECT_IN,CASE-000565,true,true
TRUTH-004407,PERSON-001210,SUSPECT_IN,CASE-000565,true,true
TRUTH-004408,PERSON-000146,OBSERVED_IN,CASE-000565,true,true
TRUTH-004409,PERSON-001041,OBSERVED_IN,CASE-000565,true,true
TRUTH-004410,PERSON-001589,OBSERVED_IN,CASE-000565,true,true
TRUTH-004411,PERSON-001474,SUSPECT_IN,CASE-000566,true,true
TRUTH-004412,PERSON-000180,SUSPECT_IN,CASE-000566,true,true
TRUTH-004413,PERSON-000792,SUSPECT_IN,CASE-000566,true,true
TRUTH-004414,PERSON-001115,SUSPECT_IN,CASE-000566,true,true
TRUTH-004415,PERSON-002164,SUSPECT_IN,CASE-000566,true,true
TRUTH-004416,PERSON-001558,OBSERVED_IN,CASE-000566,true,true
TRUTH-004417,PERSON-000540,OBSERVED_IN,CASE-000566,true,true
TRUTH-004418,PERSON-001262,OBSERVED_IN,CASE-000566,true,true
TRUTH-004419,PERSON-000267,OBSERVED_IN,CASE-000566,true,true
TRUTH-004420,PERSON-002060,OBSERVED_IN,CASE-000566,true,true
TRUTH-004421,PERSON-001172,SUSPECT_IN,CASE-000567,true,true
TRUTH-004422,PERSON-002418,SUSPECT_IN,CASE-000567,true,true
TRUTH-004423,PERSON-000049,SUSPECT_IN,CASE-000567,true,true
TRUTH-004424,PERSON-001205,SUSPECT_IN,CASE-000567,true,true
TRUTH-004425,PERSON-000769,SUSPECT_IN,CASE-000567,true,true
TRUTH-004426,PERSON-002132,OBSERVED_IN,CASE-000567,true,true
TRUTH-004427,PERSON-002066,OBSERVED_IN,CASE-000567,true,true
TRUTH-004428,PERSON-002517,SUSPECT_IN,CASE-000568,true,true
TRUTH-004429,PERSON-000863,SUSPECT_IN,CASE-000568,true,true
TRUTH-004430,PERSON-000948,SUSPECT_IN,CASE-000568,true,true
TRUTH-004431,PERSON-002999,OBSERVED_IN,CASE-000568,true,true
TRUTH-004432,PERSON-002020,OBSERVED_IN,CASE-000568,true,true
TRUTH-004433,PERSON-002745,OBSERVED_IN,CASE-000568,true,true
TRUTH-004434,PERSON-002873,OBSERVED_IN,CASE-000568,true,true
TRUTH-004435,PERSON-000146,SUSPECT_IN,CASE-000569,true,true
TRUTH-004436,PERSON-001041,SUSPECT_IN,CASE-000569,true,true
TRUTH-004437,PERSON-000351,SUSPECT_IN,CASE-000569,true,true
TRUTH-004438,PERSON-000622,SUSPECT_IN,CASE-000569,true,true
TRUTH-004439,PERSON-001210,OBSERVED_IN,CASE-000569,true,true
TRUTH-004440,PERSON-001589,OBSERVED_IN,CASE-000569,true,true
TRUTH-004441,PERSON-002675,SUSPECT_IN,CASE-000570,true,true
TRUTH-004442,PERSON-001664,SUSPECT_IN,CASE-000570,true,true
TRUTH-004443,PERSON-001343,SUSPECT_IN,CASE-000570,true,true
TRUTH-004444,PERSON-001315,SUSPECT_IN,CASE-000570,true,true
TRUTH-004445,PERSON-002835,SUSPECT_IN,CASE-000570,true,true
TRUTH-004446,PERSON-000568,SUSPECT_IN,CASE-000570,true,true
TRUTH-004447,PERSON-000106,OBSERVED_IN,CASE-000570,true,true
TRUTH-004448,PERSON-000230,OBSERVED_IN,CASE-000570,true,true
TRUTH-004449,PERSON-000904,OBSERVED_IN,CASE-000570,true,true
TRUTH-004450,PERSON-000948,OBSERVED_IN,CASE-000570,true,true
TRUTH-004451,PERSON-002986,SUSPECT_IN,CASE-000571,true,true
TRUTH-004452,PERSON-002068,SUSPECT_IN,CASE-000571,true,true
TRUTH-004453,PERSON-001071,SUSPECT_IN,CASE-000571,true,true
TRUTH-004454,PERSON-000613,SUSPECT_IN,CASE-000571,true,true
TRUTH-004455,PERSON-001425,SUSPECT_IN,CASE-000571,true,true
TRUTH-004456,PERSON-002004,SUSPECT_IN,CASE-000571,true,true
TRUTH-004457,PERSON-001578,OBSERVED_IN,CASE-000571,true,true
TRUTH-004458,PERSON-001115,SUSPECT_IN,CASE-000572,true,true
TRUTH-004459,PERSON-002821,SUSPECT_IN,CASE-000572,true,true
TRUTH-004460,PERSON-000540,SUSPECT_IN,CASE-000572,true,true
TRUTH-004461,PERSON-001107,SUSPECT_IN,CASE-000572,true,true
TRUTH-004462,PERSON-001474,OBSERVED_IN,CASE-000572,true,true
TRUTH-004463,PERSON-000267,OBSERVED_IN,CASE-000572,true,true
TRUTH-004464,PERSON-002900,OBSERVED_IN,CASE-000572,true,true
TRUTH-004465,PERSON-002618,OBSERVED_IN,CASE-000572,true,true
TRUTH-004466,PERSON-000440,OBSERVED_IN,CASE-000572,true,true
TRUTH-004467,PERSON-001478,SUSPECT_IN,CASE-000573,true,true
TRUTH-004468,PERSON-001206,SUSPECT_IN,CASE-000573,true,true
TRUTH-004469,PERSON-002256,SUSPECT_IN,CASE-000573,true,true
TRUTH-004470,PERSON-002845,SUSPECT_IN,CASE-000573,true,true
TRUTH-004471,PERSON-002428,SUSPECT_IN,CASE-000573,true,true
TRUTH-004472,PERSON-002788,SUSPECT_IN,CASE-000573,true,true
TRUTH-004473,PERSON-002954,OBSERVED_IN,CASE-000573,true,true
TRUTH-004474,PERSON-001769,OBSERVED_IN,CASE-000573,true,true
TRUTH-004475,PERSON-000734,OBSERVED_IN,CASE-000573,true,true
TRUTH-004476,PERSON-000001,OBSERVED_IN,CASE-000573,true,true
TRUTH-004477,PERSON-000712,OBSERVED_IN,CASE-000573,true,true
TRUTH-004478,PERSON-002684,OBSERVED_IN,CASE-000573,true,true
TRUTH-004479,PERSON-001212,SUSPECT_IN,CASE-000574,true,true
TRUTH-004480,PERSON-001782,SUSPECT_IN,CASE-000574,true,true
TRUTH-004481,PERSON-001455,SUSPECT_IN,CASE-000574,true,true
TRUTH-004482,PERSON-001116,SUSPECT_IN,CASE-000574,true,true
TRUTH-004483,PERSON-000712,SUSPECT_IN,CASE-000574,true,true
TRUTH-004484,PERSON-001817,OBSERVED_IN,CASE-000574,true,true
TRUTH-004485,PERSON-002920,OBSERVED_IN,CASE-000574,true,true
TRUTH-004486,PERSON-000139,OBSERVED_IN,CASE-000574,true,true
TRUTH-004487,PERSON-002006,OBSERVED_IN,CASE-000574,true,true
TRUTH-004488,PERSON-001547,OBSERVED_IN,CASE-000574,true,true
TRUTH-004489,PERSON-002964,SUSPECT_IN,CASE-000575,true,true
TRUTH-004490,PERSON-002223,SUSPECT_IN,CASE-000575,true,true
TRUTH-004491,PERSON-001619,SUSPECT_IN,CASE-000575,true,true
TRUTH-004492,PERSON-000146,OBSERVED_IN,CASE-000575,true,true
TRUTH-004493,PERSON-000473,OBSERVED_IN,CASE-000575,true,true
TRUTH-004494,PERSON-000906,OBSERVED_IN,CASE-000575,true,true
TRUTH-004495,PERSON-000047,OBSERVED_IN,CASE-000575,true,true
TRUTH-004496,PERSON-000279,OBSERVED_IN,CASE-000575,true,true
TRUTH-004497,PERSON-000556,OBSERVED_IN,CASE-000575,true,true
TRUTH-004498,PERSON-002205,OBSERVED_IN,CASE-000575,true,true
TRUTH-004499,PERSON-001830,SUSPECT_IN,CASE-000576,true,true
TRUTH-004500,PERSON-000233,SUSPECT_IN,CASE-000576,true,true
TRUTH-004501,PERSON-000470,SUSPECT_IN,CASE-000576,true,true
TRUTH-004502,PERSON-002082,OBSERVED_IN,CASE-000576,true,true
TRUTH-004503,PERSON-000305,OBSERVED_IN,CASE-000576,true,true
TRUTH-004504,PERSON-001658,SUSPECT_IN,CASE-000577,true,true
TRUTH-004505,PERSON-001043,SUSPECT_IN,CASE-000577,true,true
TRUTH-004506,PERSON-001056,OBSERVED_IN,CASE-000577,true,true
TRUTH-004507,PERSON-001589,OBSERVED_IN,CASE-000577,true,true
TRUTH-004508,PERSON-000647,SUSPECT_IN,CASE-000578,true,true
TRUTH-004509,PERSON-001337,SUSPECT_IN,CASE-000578,true,true
TRUTH-004510,PERSON-002039,SUSPECT_IN,CASE-000578,true,true
TRUTH-004511,PERSON-002660,SUSPECT_IN,CASE-000578,true,true
TRUTH-004512,PERSON-002457,SUSPECT_IN,CASE-000578,true,true
TRUTH-004513,PERSON-000390,SUSPECT_IN,CASE-000578,true,true
TRUTH-004514,PERSON-000405,OBSERVED_IN,CASE-000578,true,true
TRUTH-004515,PERSON-000979,OBSERVED_IN,CASE-000578,true,true
TRUTH-004516,PERSON-000769,OBSERVED_IN,CASE-000578,true,true
TRUTH-004517,PERSON-000597,OBSERVED_IN,CASE-000578,true,true
TRUTH-004518,PERSON-001337,SUSPECT_IN,CASE-000579,true,true
TRUTH-004519,PERSON-002980,SUSPECT_IN,CASE-000579,true,true
TRUTH-004520,PERSON-000092,OBSERVED_IN,CASE-000579,true,true
TRUTH-004521,PERSON-000920,OBSERVED_IN,CASE-000579,true,true
TRUTH-004522,PERSON-000390,OBSERVED_IN,CASE-000579,true,true
TRUTH-004523,PERSON-001326,OBSERVED_IN,CASE-000579,true,true
TRUTH-004524,PERSON-002457,OBSERVED_IN,CASE-000579,true,true
TRUTH-004525,PERSON-000357,SUSPECT_IN,CASE-000580,true,true
TRUTH-004526,PERSON-002020,SUSPECT_IN,CASE-000580,true,true
TRUTH-004527,PERSON-001544,SUSPECT_IN,CASE-000580,true,true
TRUTH-004528,PERSON-002517,SUSPECT_IN,CASE-000580,true,true
TRUTH-004529,PERSON-000621,SUSPECT_IN,CASE-000580,true,true
TRUTH-004530,PERSON-002393,SUSPECT_IN,CASE-000580,true,true
TRUTH-004531,PERSON-001992,OBSERVED_IN,CASE-000580,true,true
TRUTH-004532,PERSON-001965,OBSERVED_IN,CASE-000580,true,true
TRUTH-004533,PERSON-000850,SUSPECT_IN,CASE-000581,true,true
TRUTH-004534,PERSON-001110,SUSPECT_IN,CASE-000581,true,true
TRUTH-004535,PERSON-000081,OBSERVED_IN,CASE-000581,true,true
TRUTH-004536,PERSON-001259,OBSERVED_IN,CASE-000581,true,true
TRUTH-004537,PERSON-001861,OBSERVED_IN,CASE-000581,true,true
TRUTH-004538,PERSON-000863,OBSERVED_IN,CASE-000581,true,true
TRUTH-004539,PERSON-002757,OBSERVED_IN,CASE-000581,true,true
TRUTH-004540,PERSON-001589,OBSERVED_IN,CASE-000581,true,true
TRUTH-004541,PERSON-002998,SUSPECT_IN,CASE-000582,true,true
TRUTH-004542,PERSON-000697,SUSPECT_IN,CASE-000582,true,true
TRUTH-004543,PERSON-000230,OBSERVED_IN,CASE-000582,true,true
TRUTH-004544,PERSON-000904,OBSERVED_IN,CASE-000582,true,true
TRUTH-004545,PERSON-002499,SUSPECT_IN,CASE-000583,true,true
TRUTH-004546,PERSON-001131,SUSPECT_IN,CASE-000583,true,true
TRUTH-004547,PERSON-002558,OBSERVED_IN,CASE-000583,true,true
TRUTH-004548,PERSON-000784,OBSERVED_IN,CASE-000583,true,true
TRUTH-004549,PERSON-000667,OBSERVED_IN,CASE-000583,true,true
TRUTH-004550,PERSON-000580,OBSERVED_IN,CASE-000583,true,true
TRUTH-004551,PERSON-001182,OBSERVED_IN,CASE-000583,true,true
TRUTH-004552,PERSON-002164,OBSERVED_IN,CASE-000583,true,true
TRUTH-004553,PERSON-001210,SUSPECT_IN,CASE-000584,true,true
TRUTH-004554,PERSON-000634,SUSPECT_IN,CASE-000584,true,true
TRUTH-004555,PERSON-001667,OBSERVED_IN,CASE-000584,true,true
TRUTH-004556,PERSON-001670,OBSERVED_IN,CASE-000584,true,true
TRUTH-004557,PERSON-001041,OBSERVED_IN,CASE-000584,true,true
TRUTH-004558,PERSON-000351,OBSERVED_IN,CASE-000584,true,true
TRUTH-004559,PERSON-001259,SUSPECT_IN,CASE-000585,true,true
TRUTH-004560,PERSON-002757,SUSPECT_IN,CASE-000585,true,true
TRUTH-004561,PERSON-000063,SUSPECT_IN,CASE-000585,true,true
TRUTH-004562,PERSON-000863,SUSPECT_IN,CASE-000585,true,true
TRUTH-004563,PERSON-002574,SUSPECT_IN,CASE-000585,true,true
TRUTH-004564,PERSON-000092,SUSPECT_IN,CASE-000585,true,true
TRUTH-004565,PERSON-000414,SUSPECT_IN,CASE-000586,true,true
TRUTH-004566,PERSON-000103,SUSPECT_IN,CASE-000586,true,true
TRUTH-004567,PERSON-001869,SUSPECT_IN,CASE-000586,true,true
TRUTH-004568,PERSON-002417,SUSPECT_IN,CASE-000586,true,true
TRUTH-004569,PERSON-002737,SUSPECT_IN,CASE-000586,true,true
TRUTH-004570,PERSON-000092,SUSPECT_IN,CASE-000586,true,true
TRUTH-004571,PERSON-000111,OBSERVED_IN,CASE-000586,true,true
TRUTH-004572,PERSON-002094,OBSERVED_IN,CASE-000586,true,true
TRUTH-004573,PERSON-001757,SUSPECT_IN,CASE-000587,true,true
TRUTH-004574,PERSON-001610,SUSPECT_IN,CASE-000587,true,true
TRUTH-004575,PERSON-001262,SUSPECT_IN,CASE-000587,true,true
TRUTH-004576,PERSON-000440,SUSPECT_IN,CASE-000587,true,true
TRUTH-004577,PERSON-000267,SUSPECT_IN,CASE-000587,true,true
TRUTH-004578,PERSON-002215,SUSPECT_IN,CASE-000587,true,true
TRUTH-004579,PERSON-000180,OBSERVED_IN,CASE-000587,true,true
TRUTH-004580,PERSON-002397,SUSPECT_IN,CASE-000588,true,true
TRUTH-004581,PERSON-001780,SUSPECT_IN,CASE-000588,true,true
TRUTH-004582,PERSON-002846,SUSPECT_IN,CASE-000588,true,true
TRUTH-004583,PERSON-001691,SUSPECT_IN,CASE-000588,true,true
TRUTH-004584,PERSON-000825,SUSPECT_IN,CASE-000588,true,true
TRUTH-004585,PERSON-000538,SUSPECT_IN,CASE-000588,true,true
TRUTH-004586,PERSON-000374,OBSERVED_IN,CASE-000588,true,true
TRUTH-004587,PERSON-000943,OBSERVED_IN,CASE-000588,true,true
TRUTH-004588,PERSON-001847,OBSERVED_IN,CASE-000588,true,true
TRUTH-004589,PERSON-001768,SUSPECT_IN,CASE-000589,true,true
TRUTH-004590,PERSON-000146,SUSPECT_IN,CASE-000589,true,true
TRUTH-004591,PERSON-002205,OBSERVED_IN,CASE-000589,true,true
TRUTH-004592,PERSON-000217,OBSERVED_IN,CASE-000589,true,true
TRUTH-004593,PERSON-000473,OBSERVED_IN,CASE-000589,true,true
TRUTH-004594,PERSON-001558,SUSPECT_IN,CASE-000590,true,true
TRUTH-004595,PERSON-000440,SUSPECT_IN,CASE-000590,true,true
TRUTH-004596,PERSON-001258,SUSPECT_IN,CASE-000590,true,true
TRUTH-004597,PERSON-000540,OBSERVED_IN,CASE-000590,true,true
TRUTH-004598,PERSON-002060,OBSERVED_IN,CASE-000590,true,true
TRUTH-004599,PERSON-000267,OBSERVED_IN,CASE-000590,true,true
TRUTH-004600,PERSON-000792,OBSERVED_IN,CASE-000590,true,true
TRUTH-004601,PERSON-002900,OBSERVED_IN,CASE-000590,true,true
TRUTH-004602,PERSON-002618,OBSERVED_IN,CASE-000590,true,true
TRUTH-004603,PERSON-002034,SUSPECT_IN,CASE-000591,true,true
TRUTH-004604,PERSON-000449,SUSPECT_IN,CASE-000591,true,true
TRUTH-004605,PERSON-002900,SUSPECT_IN,CASE-000591,true,true
TRUTH-004606,PERSON-001617,OBSERVED_IN,CASE-000591,true,true
TRUTH-004607,PERSON-000341,OBSERVED_IN,CASE-000591,true,true
TRUTH-004608,PERSON-002930,OBSERVED_IN,CASE-000591,true,true
TRUTH-004609,PERSON-001899,OBSERVED_IN,CASE-000591,true,true
TRUTH-004610,PERSON-002454,OBSERVED_IN,CASE-000591,true,true
TRUTH-004611,PERSON-002246,OBSERVED_IN,CASE-000591,true,true
TRUTH-004612,PERSON-000233,SUSPECT_IN,CASE-000592,true,true
TRUTH-004613,PERSON-001615,SUSPECT_IN,CASE-000592,true,true
TRUTH-004614,PERSON-001807,SUSPECT_IN,CASE-000592,true,true
TRUTH-004615,PERSON-001478,OBSERVED_IN,CASE-000592,true,true
TRUTH-004616,PERSON-000886,OBSERVED_IN,CASE-000592,true,true
TRUTH-004617,PERSON-000302,OBSERVED_IN,CASE-000592,true,true
TRUTH-004618,PERSON-002122,OBSERVED_IN,CASE-000592,true,true
TRUTH-004619,PERSON-000489,OBSERVED_IN,CASE-000592,true,true
TRUTH-004620,PERSON-002082,OBSERVED_IN,CASE-000592,true,true
TRUTH-004621,PERSON-001830,OBSERVED_IN,CASE-000592,true,true
TRUTH-004622,PERSON-002847,SUSPECT_IN,CASE-000593,true,true
TRUTH-004623,PERSON-001596,SUSPECT_IN,CASE-000593,true,true
TRUTH-004624,PERSON-002675,OBSERVED_IN,CASE-000593,true,true
TRUTH-004625,PERSON-001363,OBSERVED_IN,CASE-000593,true,true
TRUTH-004626,PERSON-000886,OBSERVED_IN,CASE-000593,true,true
TRUTH-004627,PERSON-002896,OBSERVED_IN,CASE-000593,true,true
TRUTH-004628,PERSON-002922,OBSERVED_IN,CASE-000593,true,true
TRUTH-004629,PERSON-001558,SUSPECT_IN,CASE-000594,true,true
TRUTH-004630,PERSON-000180,SUSPECT_IN,CASE-000594,true,true
TRUTH-004631,PERSON-001610,SUSPECT_IN,CASE-000594,true,true
TRUTH-004632,PERSON-000267,SUSPECT_IN,CASE-000594,true,true
TRUTH-004633,PERSON-002821,SUSPECT_IN,CASE-000594,true,true
TRUTH-004634,PERSON-002618,SUSPECT_IN,CASE-000594,true,true
TRUTH-004635,PERSON-002060,OBSERVED_IN,CASE-000594,true,true
TRUTH-004636,PERSON-002900,OBSERVED_IN,CASE-000594,true,true
TRUTH-004637,PERSON-001115,OBSERVED_IN,CASE-000594,true,true
TRUTH-004638,PERSON-000440,OBSERVED_IN,CASE-000594,true,true
TRUTH-004639,PERSON-000111,SUSPECT_IN,CASE-000595,true,true
TRUTH-004640,PERSON-002737,SUSPECT_IN,CASE-000595,true,true
TRUTH-004641,PERSON-001774,SUSPECT_IN,CASE-000595,true,true
TRUTH-004642,PERSON-002417,SUSPECT_IN,CASE-000595,true,true
TRUTH-004643,PERSON-000414,OBSERVED_IN,CASE-000595,true,true
TRUTH-004644,PERSON-002343,SUSPECT_IN,CASE-000596,true,true
TRUTH-004645,PERSON-000130,SUSPECT_IN,CASE-000596,true,true
TRUTH-004646,PERSON-000804,SUSPECT_IN,CASE-000596,true,true
TRUTH-004647,PERSON-000783,OBSERVED_IN,CASE-000596,true,true
TRUTH-004648,PERSON-000628,OBSERVED_IN,CASE-000596,true,true
TRUTH-004649,PERSON-001007,OBSERVED_IN,CASE-000596,true,true
TRUTH-004650,PERSON-002703,OBSERVED_IN,CASE-000596,true,true
TRUTH-004651,PERSON-000524,OBSERVED_IN,CASE-000596,true,true
TRUTH-004652,PERSON-001654,OBSERVED_IN,CASE-000596,true,true
TRUTH-004653,PERSON-002114,OBSERVED_IN,CASE-000596,true,true
TRUTH-004654,PERSON-000233,SUSPECT_IN,CASE-000597,true,true
TRUTH-004655,PERSON-001478,SUSPECT_IN,CASE-000597,true,true
TRUTH-004656,PERSON-000920,SUSPECT_IN,CASE-000597,true,true
TRUTH-004657,PERSON-001894,SUSPECT_IN,CASE-000597,true,true
TRUTH-004658,PERSON-002122,OBSERVED_IN,CASE-000597,true,true
TRUTH-004659,PERSON-000489,OBSERVED_IN,CASE-000597,true,true
TRUTH-004660,PERSON-000492,OBSERVED_IN,CASE-000597,true,true
TRUTH-004661,PERSON-001830,OBSERVED_IN,CASE-000597,true,true
TRUTH-004662,PERSON-001994,SUSPECT_IN,CASE-000598,true,true
TRUTH-004663,PERSON-001457,SUSPECT_IN,CASE-000598,true,true
TRUTH-004664,PERSON-001654,SUSPECT_IN,CASE-000598,true,true
TRUTH-004665,PERSON-001782,SUSPECT_IN,CASE-000598,true,true
TRUTH-004666,PERSON-002343,OBSERVED_IN,CASE-000598,true,true
TRUTH-004667,PERSON-001112,OBSERVED_IN,CASE-000598,true,true
TRUTH-004668,PERSON-000628,OBSERVED_IN,CASE-000598,true,true
TRUTH-004669,PERSON-001331,OBSERVED_IN,CASE-000598,true,true
TRUTH-004670,PERSON-000272,OBSERVED_IN,CASE-000598,true,true
TRUTH-004671,PERSON-002728,OBSERVED_IN,CASE-000598,true,true
TRUTH-004672,PERSON-000524,OBSERVED_IN,CASE-000598,true,true
TRUTH-004673,PERSON-002998,SUSPECT_IN,CASE-000599,true,true
TRUTH-004674,PERSON-001315,SUSPECT_IN,CASE-000599,true,true
TRUTH-004675,PERSON-002715,SUSPECT_IN,CASE-000599,true,true
TRUTH-004676,PERSON-002835,OBSERVED_IN,CASE-000599,true,true
TRUTH-004677,PERSON-002675,OBSERVED_IN,CASE-000599,true,true
TRUTH-004678,PERSON-000584,OBSERVED_IN,CASE-000599,true,true
TRUTH-004679,PERSON-000106,OBSERVED_IN,CASE-000599,true,true
TRUTH-004680,PERSON-000621,SUSPECT_IN,CASE-000600,true,true
TRUTH-004681,PERSON-000921,SUSPECT_IN,CASE-000600,true,true
TRUTH-004682,PERSON-001205,SUSPECT_IN,CASE-000600,true,true
TRUTH-004683,PERSON-002999,SUSPECT_IN,CASE-000600,true,true
TRUTH-004684,PERSON-002517,SUSPECT_IN,CASE-000600,true,true
TRUTH-004685,PERSON-000703,SUSPECT_IN,CASE-000600,true,true
TRUTH-004686,PERSON-002020,OBSERVED_IN,CASE-000600,true,true
TRUTH-004687,PERSON-000538,OBSERVED_IN,CASE-000600,true,true
TRUTH-004688,PERSON-001544,OBSERVED_IN,CASE-000600,true,true
TRUTH-004689,PERSON-001992,OBSERVED_IN,CASE-000600,true,true
TRUTH-004690,PERSON-000083,OBSERVED_IN,CASE-000600,true,true
TRUTH-004691,PERSON-000245,SUSPECT_IN,CASE-000601,true,true
TRUTH-004692,PERSON-001747,SUSPECT_IN,CASE-000601,true,true
TRUTH-004693,PERSON-001334,SUSPECT_IN,CASE-000601,true,true
TRUTH-004694,PERSON-000825,SUSPECT_IN,CASE-000601,true,true
TRUTH-004695,PERSON-001691,SUSPECT_IN,CASE-000601,true,true
TRUTH-004696,PERSON-002397,SUSPECT_IN,CASE-000601,true,true
TRUTH-004697,PERSON-001578,OBSERVED_IN,CASE-000601,true,true
TRUTH-004698,PERSON-000943,OBSERVED_IN,CASE-000601,true,true
TRUTH-004699,PERSON-001780,OBSERVED_IN,CASE-000601,true,true
TRUTH-004700,PERSON-002408,OBSERVED_IN,CASE-000601,true,true
TRUTH-004701,PERSON-001478,SUSPECT_IN,CASE-000602,true,true
TRUTH-004702,PERSON-001686,SUSPECT_IN,CASE-000602,true,true
TRUTH-004703,PERSON-002377,SUSPECT_IN,CASE-000602,true,true
TRUTH-004704,PERSON-000683,OBSERVED_IN,CASE-000602,true,true
TRUTH-004705,PERSON-002764,OBSERVED_IN,CASE-000602,true,true
TRUTH-004706,PERSON-002653,OBSERVED_IN,CASE-000602,true,true
TRUTH-004707,PERSON-002124,OBSERVED_IN,CASE-000602,true,true
TRUTH-004708,PERSON-001311,OBSERVED_IN,CASE-000602,true,true
TRUTH-004709,PERSON-001860,OBSERVED_IN,CASE-000602,true,true
TRUTH-004710,PERSON-000146,SUSPECT_IN,CASE-000603,true,true
TRUTH-004711,PERSON-001670,SUSPECT_IN,CASE-000603,true,true
TRUTH-004712,PERSON-001210,SUSPECT_IN,CASE-000603,true,true
TRUTH-004713,PERSON-000351,SUSPECT_IN,CASE-000603,true,true
TRUTH-004714,PERSON-001992,SUSPECT_IN,CASE-000603,true,true
TRUTH-004715,PERSON-001041,OBSERVED_IN,CASE-000603,true,true
TRUTH-004716,PERSON-001558,OBSERVED_IN,CASE-000603,true,true
TRUTH-004717,PERSON-001589,OBSERVED_IN,CASE-000603,true,true
TRUTH-004718,PERSON-001667,SUSPECT_IN,CASE-000604,true,true
TRUTH-004719,PERSON-001589,SUSPECT_IN,CASE-000604,true,true
TRUTH-004720,PERSON-000146,SUSPECT_IN,CASE-000604,true,true
TRUTH-004721,PERSON-001670,OBSERVED_IN,CASE-000604,true,true
TRUTH-004722,PERSON-002750,OBSERVED_IN,CASE-000604,true,true
TRUTH-004723,PERSON-001041,OBSERVED_IN,CASE-000604,true,true
TRUTH-004724,PERSON-002408,SUSPECT_IN,CASE-000605,true,true
TRUTH-004725,PERSON-000260,SUSPECT_IN,CASE-000605,true,true
TRUTH-004726,PERSON-001578,SUSPECT_IN,CASE-000605,true,true
TRUTH-004727,PERSON-001029,SUSPECT_IN,CASE-000605,true,true
TRUTH-004728,PERSON-000825,SUSPECT_IN,CASE-000605,true,true
TRUTH-004729,PERSON-001610,SUSPECT_IN,CASE-000605,true,true
TRUTH-004730,PERSON-001334,OBSERVED_IN,CASE-000605,true,true
TRUTH-004731,PERSON-002393,OBSERVED_IN,CASE-000605,true,true
TRUTH-004732,PERSON-000374,OBSERVED_IN,CASE-000605,true,true
TRUTH-004733,PERSON-000506,SUSPECT_IN,CASE-000606,true,true
TRUTH-004734,PERSON-001873,SUSPECT_IN,CASE-000606,true,true
TRUTH-004735,PERSON-001326,SUSPECT_IN,CASE-000606,true,true
TRUTH-004736,PERSON-002450,SUSPECT_IN,CASE-000606,true,true
TRUTH-004737,PERSON-001894,SUSPECT_IN,CASE-000606,true,true
TRUTH-004738,PERSON-000063,SUSPECT_IN,CASE-000606,true,true
TRUTH-004739,PERSON-002039,OBSERVED_IN,CASE-000606,true,true
TRUTH-004740,PERSON-000769,OBSERVED_IN,CASE-000606,true,true
TRUTH-004741,PERSON-000405,OBSERVED_IN,CASE-000606,true,true
TRUTH-004742,PERSON-002879,OBSERVED_IN,CASE-000606,true,true
TRUTH-004743,PERSON-002457,OBSERVED_IN,CASE-000606,true,true
TRUTH-004744,PERSON-002574,SUSPECT_IN,CASE-000607,true,true
TRUTH-004745,PERSON-001259,SUSPECT_IN,CASE-000607,true,true
TRUTH-004746,PERSON-002757,SUSPECT_IN,CASE-000607,true,true
TRUTH-004747,PERSON-000072,SUSPECT_IN,CASE-000607,true,true
TRUTH-004748,PERSON-000850,OBSERVED_IN,CASE-000607,true,true
TRUTH-004749,PERSON-001861,OBSERVED_IN,CASE-000607,true,true
TRUTH-004750,PERSON-000081,OBSERVED_IN,CASE-000607,true,true
TRUTH-004751,PERSON-001589,OBSERVED_IN,CASE-000607,true,true
TRUTH-004752,PERSON-002408,SUSPECT_IN,CASE-000608,true,true
TRUTH-004753,PERSON-001780,SUSPECT_IN,CASE-000608,true,true
TRUTH-004754,PERSON-001747,SUSPECT_IN,CASE-000608,true,true
TRUTH-004755,PERSON-000822,SUSPECT_IN,CASE-000608,true,true
TRUTH-004756,PERSON-002304,OBSERVED_IN,CASE-000608,true,true
TRUTH-004757,PERSON-002846,OBSERVED_IN,CASE-000608,true,true
TRUTH-004758,PERSON-001334,SUSPECT_IN,CASE-000609,true,true
TRUTH-004759,PERSON-001780,SUSPECT_IN,CASE-000609,true,true
TRUTH-004760,PERSON-002393,SUSPECT_IN,CASE-000609,true,true
TRUTH-004761,PERSON-002304,SUSPECT_IN,CASE-000609,true,true
TRUTH-004762,PERSON-001747,SUSPECT_IN,CASE-000609,true,true
TRUTH-004763,PERSON-000374,OBSERVED_IN,CASE-000609,true,true
TRUTH-004764,PERSON-000943,OBSERVED_IN,CASE-000609,true,true
TRUTH-004765,PERSON-001847,OBSERVED_IN,CASE-000609,true,true
TRUTH-004766,PERSON-001691,OBSERVED_IN,CASE-000609,true,true
TRUTH-004767,PERSON-001210,SUSPECT_IN,CASE-000610,true,true
TRUTH-004768,PERSON-000351,SUSPECT_IN,CASE-000610,true,true
TRUTH-004769,PERSON-001589,SUSPECT_IN,CASE-000610,true,true
TRUTH-004770,PERSON-001667,SUSPECT_IN,CASE-000610,true,true
TRUTH-004771,PERSON-000146,SUSPECT_IN,CASE-000610,true,true
TRUTH-004772,PERSON-002750,SUSPECT_IN,CASE-000610,true,true
TRUTH-004773,PERSON-001670,OBSERVED_IN,CASE-000610,true,true
TRUTH-004774,PERSON-001041,OBSERVED_IN,CASE-000610,true,true
TRUTH-004775,PERSON-001558,OBSERVED_IN,CASE-000610,true,true
TRUTH-004776,PERSON-002517,SUSPECT_IN,CASE-000611,true,true
TRUTH-004777,PERSON-001544,SUSPECT_IN,CASE-000611,true,true
TRUTH-004778,PERSON-001898,SUSPECT_IN,CASE-000611,true,true
TRUTH-004779,PERSON-002279,SUSPECT_IN,CASE-000611,true,true
TRUTH-004780,PERSON-002124,SUSPECT_IN,CASE-000611,true,true
TRUTH-004781,PERSON-000621,OBSERVED_IN,CASE-000611,true,true
TRUTH-004782,PERSON-000120,OBSERVED_IN,CASE-000611,true,true
TRUTH-004783,PERSON-002873,OBSERVED_IN,CASE-000611,true,true
TRUTH-004784,PERSON-001311,SUSPECT_IN,CASE-000612,true,true
TRUTH-004785,PERSON-000022,SUSPECT_IN,CASE-000612,true,true
TRUTH-004786,PERSON-000193,OBSERVED_IN,CASE-000612,true,true
TRUTH-004787,PERSON-001861,OBSERVED_IN,CASE-000612,true,true
TRUTH-004788,PERSON-002725,OBSERVED_IN,CASE-000612,true,true
TRUTH-004789,PERSON-001846,OBSERVED_IN,CASE-000612,true,true
TRUTH-004790,PERSON-002901,OBSERVED_IN,CASE-000612,true,true
TRUTH-004791,PERSON-002160,OBSERVED_IN,CASE-000612,true,true
TRUTH-004792,PERSON-000072,OBSERVED_IN,CASE-000612,true,true
TRUTH-004793,PERSON-001578,SUSPECT_IN,CASE-000613,true,true
TRUTH-004794,PERSON-001334,SUSPECT_IN,CASE-000613,true,true
TRUTH-004795,PERSON-002304,SUSPECT_IN,CASE-000613,true,true
TRUTH-004796,PERSON-000499,SUSPECT_IN,CASE-000613,true,true
TRUTH-004797,PERSON-000488,SUSPECT_IN,CASE-000613,true,true
TRUTH-004798,PERSON-002397,OBSERVED_IN,CASE-000613,true,true
TRUTH-004799,PERSON-002122,SUSPECT_IN,CASE-000614,true,true
TRUTH-004800,PERSON-000233,SUSPECT_IN,CASE-000614,true,true
TRUTH-004801,PERSON-002964,SUSPECT_IN,CASE-000614,true,true
TRUTH-004802,PERSON-000144,OBSERVED_IN,CASE-000614,true,true
TRUTH-004803,PERSON-000492,OBSERVED_IN,CASE-000614,true,true
TRUTH-004804,PERSON-000305,OBSERVED_IN,CASE-000614,true,true
TRUTH-004805,PERSON-002821,SUSPECT_IN,CASE-000615,true,true
TRUTH-004806,PERSON-000792,SUSPECT_IN,CASE-000615,true,true
TRUTH-004807,PERSON-002060,SUSPECT_IN,CASE-000615,true,true
TRUTH-004808,PERSON-001558,SUSPECT_IN,CASE-000615,true,true
TRUTH-004809,PERSON-000484,SUSPECT_IN,CASE-000615,true,true
TRUTH-004810,PERSON-001474,OBSERVED_IN,CASE-000615,true,true
TRUTH-004811,PERSON-001262,OBSERVED_IN,CASE-000615,true,true
TRUTH-004812,PERSON-000267,OBSERVED_IN,CASE-000615,true,true
TRUTH-004813,PERSON-000440,OBSERVED_IN,CASE-000615,true,true
TRUTH-004814,PERSON-001757,OBSERVED_IN,CASE-000615,true,true
TRUTH-004815,PERSON-000792,SUSPECT_IN,CASE-000616,true,true
TRUTH-004816,PERSON-000440,SUSPECT_IN,CASE-000616,true,true
TRUTH-004817,PERSON-001757,SUSPECT_IN,CASE-000616,true,true
TRUTH-004818,PERSON-001212,SUSPECT_IN,CASE-000616,true,true
TRUTH-004819,PERSON-000180,OBSERVED_IN,CASE-000616,true,true
TRUTH-004820,PERSON-001558,OBSERVED_IN,CASE-000616,true,true
TRUTH-004821,PERSON-002821,OBSERVED_IN,CASE-000616,true,true
TRUTH-004822,PERSON-001262,OBSERVED_IN,CASE-000616,true,true
TRUTH-004823,PERSON-000120,SUSPECT_IN,CASE-000617,true,true
TRUTH-004824,PERSON-001540,SUSPECT_IN,CASE-000617,true,true
TRUTH-004825,PERSON-002873,SUSPECT_IN,CASE-000617,true,true
TRUTH-004826,PERSON-000957,SUSPECT_IN,CASE-000617,true,true
TRUTH-004827,PERSON-002517,OBSERVED_IN,CASE-000617,true,true
TRUTH-004828,PERSON-001898,OBSERVED_IN,CASE-000617,true,true
TRUTH-004829,PERSON-000083,OBSERVED_IN,CASE-000617,true,true
TRUTH-004830,PERSON-000357,OBSERVED_IN,CASE-000617,true,true
TRUTH-004831,PERSON-001205,OBSERVED_IN,CASE-000617,true,true
TRUTH-004832,PERSON-002675,SUSPECT_IN,CASE-000618,true,true
TRUTH-004833,PERSON-002715,SUSPECT_IN,CASE-000618,true,true
TRUTH-004834,PERSON-001664,OBSERVED_IN,CASE-000618,true,true
TRUTH-004835,PERSON-001343,OBSERVED_IN,CASE-000618,true,true
TRUTH-004836,PERSON-000948,OBSERVED_IN,CASE-000618,true,true
TRUTH-004837,PERSON-000576,OBSERVED_IN,CASE-000618,true,true
TRUTH-004838,PERSON-002757,OBSERVED_IN,CASE-000618,true,true
TRUTH-004839,PERSON-000584,OBSERVED_IN,CASE-000618,true,true
TRUTH-004840,PERSON-000120,SUSPECT_IN,CASE-000619,true,true
TRUTH-004841,PERSON-000440,SUSPECT_IN,CASE-000619,true,true
TRUTH-004842,PERSON-002745,OBSERVED_IN,CASE-000619,true,true
TRUTH-004843,PERSON-001540,OBSERVED_IN,CASE-000619,true,true
TRUTH-004844,PERSON-000921,OBSERVED_IN,CASE-000619,true,true
TRUTH-004845,PERSON-002846,SUSPECT_IN,CASE-000620,true,true
TRUTH-004846,PERSON-002408,SUSPECT_IN,CASE-000620,true,true
TRUTH-004847,PERSON-001747,OBSERVED_IN,CASE-000620,true,true
TRUTH-004848,PERSON-001029,OBSERVED_IN,CASE-000620,true,true
TRUTH-004849,PERSON-002704,SUSPECT_IN,CASE-000621,true,true
TRUTH-004850,PERSON-000997,SUSPECT_IN,CASE-000621,true,true
TRUTH-004851,PERSON-000604,OBSERVED_IN,CASE-000621,true,true
TRUTH-004852,PERSON-001908,OBSERVED_IN,CASE-000621,true,true
TRUTH-004853,PERSON-000647,OBSERVED_IN,CASE-000621,true,true
TRUTH-004854,PERSON-001258,OBSERVED_IN,CASE-000621,true,true
TRUTH-004855,PERSON-000599,OBSERVED_IN,CASE-000621,true,true
TRUTH-004856,PERSON-001259,SUSPECT_IN,CASE-000622,true,true
TRUTH-004857,PERSON-002574,SUSPECT_IN,CASE-000622,true,true
TRUTH-004858,PERSON-000863,SUSPECT_IN,CASE-000622,true,true
TRUTH-004859,PERSON-001861,SUSPECT_IN,CASE-000622,true,true
TRUTH-004860,PERSON-002757,SUSPECT_IN,CASE-000622,true,true
TRUTH-004861,PERSON-000049,SUSPECT_IN,CASE-000622,true,true
TRUTH-004862,PERSON-000850,OBSERVED_IN,CASE-000622,true,true
TRUTH-004863,PERSON-000063,OBSERVED_IN,CASE-000622,true,true
TRUTH-004864,PERSON-001589,OBSERVED_IN,CASE-000622,true,true
TRUTH-004865,PERSON-002715,SUSPECT_IN,CASE-000623,true,true
TRUTH-004866,PERSON-001664,SUSPECT_IN,CASE-000623,true,true
TRUTH-004867,PERSON-001315,OBSERVED_IN,CASE-000623,true,true
TRUTH-004868,PERSON-002757,OBSERVED_IN,CASE-000623,true,true
TRUTH-004869,PERSON-001343,OBSERVED_IN,CASE-000623,true,true
TRUTH-004870,PERSON-001071,SUSPECT_IN,CASE-000624,true,true
TRUTH-004871,PERSON-000613,SUSPECT_IN,CASE-000624,true,true
TRUTH-004872,PERSON-001425,SUSPECT_IN,CASE-000624,true,true
TRUTH-004873,PERSON-000822,SUSPECT_IN,CASE-000624,true,true
TRUTH-004874,PERSON-001578,OBSERVED_IN,CASE-000624,true,true
TRUTH-004875,PERSON-002986,OBSERVED_IN,CASE-000624,true,true
TRUTH-004876,PERSON-002060,SUSPECT_IN,CASE-000625,true,true
TRUTH-004877,PERSON-000274,SUSPECT_IN,CASE-000625,true,true
TRUTH-004878,PERSON-001115,OBSERVED_IN,CASE-000625,true,true
TRUTH-004879,PERSON-000540,OBSERVED_IN,CASE-000625,true,true
TRUTH-004880,PERSON-000488,SUSPECT_IN,CASE-000626,true,true
TRUTH-004881,PERSON-001544,SUSPECT_IN,CASE-000626,true,true
TRUTH-004882,PERSON-000120,SUSPECT_IN,CASE-000626,true,true
TRUTH-004883,PERSON-000357,SUSPECT_IN,CASE-000626,true,true
TRUTH-004884,PERSON-000083,SUSPECT_IN,CASE-000626,true,true
TRUTH-004885,PERSON-002887,SUSPECT_IN,CASE-000626,true,true
TRUTH-004886,PERSON-002517,OBSERVED_IN,CASE-000626,true,true
TRUTH-004887,PERSON-002279,OBSERVED_IN,CASE-000626,true,true
TRUTH-004888,PERSON-001965,OBSERVED_IN,CASE-000626,true,true
TRUTH-004889,PERSON-000863,OBSERVED_IN,CASE-000626,true,true
TRUTH-004890,PERSON-002999,OBSERVED_IN,CASE-000626,true,true
TRUTH-004891,PERSON-000765,OBSERVED_IN,CASE-000626,true,true
TRUTH-004892,PERSON-002745,OBSERVED_IN,CASE-000626,true,true
TRUTH-004893,PERSON-001830,SUSPECT_IN,CASE-000627,true,true
TRUTH-004894,PERSON-000144,SUSPECT_IN,CASE-000627,true,true
TRUTH-004895,PERSON-002920,SUSPECT_IN,CASE-000627,true,true
TRUTH-004896,PERSON-001478,OBSERVED_IN,CASE-000627,true,true
TRUTH-004897,PERSON-001615,OBSERVED_IN,CASE-000627,true,true
TRUTH-004898,PERSON-000302,OBSERVED_IN,CASE-000627,true,true
TRUTH-004899,PERSON-000489,OBSERVED_IN,CASE-000627,true,true
TRUTH-004900,PERSON-000305,OBSERVED_IN,CASE-000627,true,true
TRUTH-004901,PERSON-002771,SUSPECT_IN,CASE-000628,true,true
TRUTH-004902,PERSON-001262,SUSPECT_IN,CASE-000628,true,true
TRUTH-004903,PERSON-000181,OBSERVED_IN,CASE-000628,true,true
TRUTH-004904,PERSON-001369,OBSERVED_IN,CASE-000628,true,true
TRUTH-004905,PERSON-002132,OBSERVED_IN,CASE-000628,true,true
TRUTH-004906,PERSON-000765,SUSPECT_IN,CASE-000629,true,true
TRUTH-004907,PERSON-001898,SUSPECT_IN,CASE-000629,true,true
TRUTH-004908,PERSON-002020,OBSERVED_IN,CASE-000629,true,true
TRUTH-004909,PERSON-002517,OBSERVED_IN,CASE-000629,true,true
TRUTH-004910,PERSON-000921,OBSERVED_IN,CASE-000629,true,true
TRUTH-004911,PERSON-001992,OBSERVED_IN,CASE-000629,true,true
TRUTH-004912,PERSON-001543,OBSERVED_IN,CASE-000629,true,true
TRUTH-004913,PERSON-002999,OBSERVED_IN,CASE-000629,true,true
TRUTH-004914,PERSON-000488,OBSERVED_IN,CASE-000629,true,true
TRUTH-004915,PERSON-000921,SUSPECT_IN,CASE-000630,true,true
TRUTH-004916,PERSON-001054,SUSPECT_IN,CASE-000630,true,true
TRUTH-004917,PERSON-002020,OBSERVED_IN,CASE-000630,true,true
TRUTH-004918,PERSON-001544,OBSERVED_IN,CASE-000630,true,true
TRUTH-004919,PERSON-002873,OBSERVED_IN,CASE-000630,true,true
TRUTH-004920,PERSON-000863,OBSERVED_IN,CASE-000630,true,true
TRUTH-004921,PERSON-001543,OBSERVED_IN,CASE-000630,true,true
TRUTH-004922,PERSON-000765,OBSERVED_IN,CASE-000630,true,true
TRUTH-004923,PERSON-001205,OBSERVED_IN,CASE-000630,true,true
TRUTH-004924,PERSON-000850,SUSPECT_IN,CASE-000631,true,true
TRUTH-004925,PERSON-001965,SUSPECT_IN,CASE-000631,true,true
TRUTH-004926,PERSON-001861,OBSERVED_IN,CASE-000631,true,true
TRUTH-004927,PERSON-001589,OBSERVED_IN,CASE-000631,true,true
TRUTH-004928,PERSON-002574,OBSERVED_IN,CASE-000631,true,true
TRUTH-004929,PERSON-001259,OBSERVED_IN,CASE-000631,true,true
TRUTH-004930,PERSON-000074,SUSPECT_IN,CASE-000632,true,true
TRUTH-004931,PERSON-002004,SUSPECT_IN,CASE-000632,true,true
TRUTH-004932,PERSON-002499,SUSPECT_IN,CASE-000632,true,true
TRUTH-004933,PERSON-000022,SUSPECT_IN,CASE-000632,true,true
TRUTH-004934,PERSON-000405,OBSERVED_IN,CASE-000632,true,true
TRUTH-004935,PERSON-001131,OBSERVED_IN,CASE-000632,true,true
TRUTH-004936,PERSON-002558,OBSERVED_IN,CASE-000632,true,true
TRUTH-004937,PERSON-002215,OBSERVED_IN,CASE-000632,true,true
TRUTH-004938,PERSON-001115,SUSPECT_IN,CASE-000633,true,true
TRUTH-004939,PERSON-001043,SUSPECT_IN,CASE-000633,true,true
TRUTH-004940,PERSON-001558,OBSERVED_IN,CASE-000633,true,true
TRUTH-004941,PERSON-002821,OBSERVED_IN,CASE-000633,true,true
TRUTH-004942,PERSON-001610,OBSERVED_IN,CASE-000633,true,true
TRUTH-004943,PERSON-002900,OBSERVED_IN,CASE-000633,true,true
TRUTH-004944,PERSON-001757,OBSERVED_IN,CASE-000633,true,true
TRUTH-004945,PERSON-001965,SUSPECT_IN,CASE-000634,true,true
TRUTH-004946,PERSON-001992,SUSPECT_IN,CASE-000634,true,true
TRUTH-004947,PERSON-000863,SUSPECT_IN,CASE-000634,true,true
TRUTH-004948,PERSON-001521,SUSPECT_IN,CASE-000634,true,true
TRUTH-004949,PERSON-002999,OBSERVED_IN,CASE-000634,true,true
TRUTH-004950,PERSON-002745,OBSERVED_IN,CASE-000634,true,true
TRUTH-004951,PERSON-002279,OBSERVED_IN,CASE-000634,true,true
TRUTH-004952,PERSON-000904,SUSPECT_IN,CASE-000635,true,true
TRUTH-004953,PERSON-000576,SUSPECT_IN,CASE-000635,true,true
TRUTH-004954,PERSON-000584,SUSPECT_IN,CASE-000635,true,true
TRUTH-004955,PERSON-000634,SUSPECT_IN,CASE-000635,true,true
TRUTH-004956,PERSON-001664,OBSERVED_IN,CASE-000635,true,true
TRUTH-004957,PERSON-002998,OBSERVED_IN,CASE-000635,true,true
TRUTH-004958,PERSON-000948,OBSERVED_IN,CASE-000635,true,true
TRUTH-004959,PERSON-001315,OBSERVED_IN,CASE-000635,true,true
TRUTH-004960,PERSON-002757,OBSERVED_IN,CASE-000635,true,true
TRUTH-004961,PERSON-002499,SUSPECT_IN,CASE-000636,true,true
TRUTH-004962,PERSON-002331,SUSPECT_IN,CASE-000636,true,true
TRUTH-004963,PERSON-002087,SUSPECT_IN,CASE-000636,true,true
TRUTH-004964,PERSON-002689,SUSPECT_IN,CASE-000636,true,true
TRUTH-004965,PERSON-002275,SUSPECT_IN,CASE-000636,true,true
TRUTH-004966,PERSON-000979,OBSERVED_IN,CASE-000636,true,true
TRUTH-004967,PERSON-001397,OBSERVED_IN,CASE-000636,true,true
TRUTH-004968,PERSON-000850,SUSPECT_IN,CASE-000637,true,true
TRUTH-004969,PERSON-002574,SUSPECT_IN,CASE-000637,true,true
TRUTH-004970,PERSON-000921,SUSPECT_IN,CASE-000637,true,true
TRUTH-004971,PERSON-001861,OBSERVED_IN,CASE-000637,true,true
TRUTH-004972,PERSON-001589,OBSERVED_IN,CASE-000637,true,true
TRUTH-004973,PERSON-000063,OBSERVED_IN,CASE-000637,true,true
TRUTH-004974,PERSON-000822,SUSPECT_IN,CASE-000638,true,true
TRUTH-004975,PERSON-001885,SUSPECT_IN,CASE-000638,true,true
TRUTH-004976,PERSON-002986,OBSERVED_IN,CASE-000638,true,true
TRUTH-004977,PERSON-002759,OBSERVED_IN,CASE-000638,true,true
TRUTH-004978,PERSON-001071,OBSERVED_IN,CASE-000638,true,true
TRUTH-004979,PERSON-000613,OBSERVED_IN,CASE-000638,true,true
TRUTH-004980,PERSON-002068,OBSERVED_IN,CASE-000638,true,true
TRUTH-004981,PERSON-001578,OBSERVED_IN,CASE-000638,true,true
TRUTH-004982,PERSON-001326,SUSPECT_IN,CASE-000639,true,true
TRUTH-004983,PERSON-000850,SUSPECT_IN,CASE-000639,true,true
TRUTH-004984,PERSON-000046,OBSERVED_IN,CASE-000639,true,true
TRUTH-004985,PERSON-002872,OBSERVED_IN,CASE-000639,true,true
TRUTH-004986,PERSON-002879,OBSERVED_IN,CASE-000639,true,true
TRUTH-004987,PERSON-001894,OBSERVED_IN,CASE-000639,true,true
TRUTH-004988,PERSON-000074,SUSPECT_IN,CASE-000640,true,true
TRUTH-004989,PERSON-000717,SUSPECT_IN,CASE-000640,true,true
TRUTH-004990,PERSON-002136,SUSPECT_IN,CASE-000640,true,true
TRUTH-004991,PERSON-000784,SUSPECT_IN,CASE-000640,true,true
TRUTH-004992,PERSON-002164,SUSPECT_IN,CASE-000640,true,true
TRUTH-004993,PERSON-001131,OBSERVED_IN,CASE-000640,true,true
TRUTH-004994,PERSON-000580,OBSERVED_IN,CASE-000640,true,true
TRUTH-004995,PERSON-002499,SUSPECT_IN,CASE-000641,true,true
TRUTH-004996,PERSON-000405,SUSPECT_IN,CASE-000641,true,true
TRUTH-004997,PERSON-000397,SUSPECT_IN,CASE-000641,true,true
TRUTH-004998,PERSON-000154,SUSPECT_IN,CASE-000641,true,true
TRUTH-004999,PERSON-000904,SUSPECT_IN,CASE-000641,true,true
TRUTH-005000,PERSON-000074,OBSERVED_IN,CASE-000641,true,true
TRUTH-005001,PERSON-002558,OBSERVED_IN,CASE-000641,true,true
TRUTH-005002,PERSON-000032,SUSPECT_IN,CASE-000642,true,true
TRUTH-005003,PERSON-002068,SUSPECT_IN,CASE-000642,true,true
TRUTH-005004,PERSON-000473,SUSPECT_IN,CASE-000642,true,true
TRUTH-005005,PERSON-002737,SUSPECT_IN,CASE-000642,true,true
TRUTH-005006,PERSON-000042,SUSPECT_IN,CASE-000642,true,true
TRUTH-005007,PERSON-000682,SUSPECT_IN,CASE-000642,true,true
TRUTH-005008,PERSON-000165,OBSERVED_IN,CASE-000642,true,true
TRUTH-005009,PERSON-001543,SUSPECT_IN,CASE-000643,true,true
TRUTH-005010,PERSON-002745,SUSPECT_IN,CASE-000643,true,true
TRUTH-005011,PERSON-001540,SUSPECT_IN,CASE-000643,true,true
TRUTH-005012,PERSON-002999,SUSPECT_IN,CASE-000643,true,true
TRUTH-005013,PERSON-001205,SUSPECT_IN,CASE-000643,true,true
TRUTH-005014,PERSON-001043,SUSPECT_IN,CASE-000643,true,true
TRUTH-005015,PERSON-002020,OBSERVED_IN,CASE-000643,true,true
TRUTH-005016,PERSON-001965,OBSERVED_IN,CASE-000643,true,true
TRUTH-005017,PERSON-001311,SUSPECT_IN,CASE-000644,true,true
TRUTH-005018,PERSON-000072,SUSPECT_IN,CASE-000644,true,true
TRUTH-005019,PERSON-002507,SUSPECT_IN,CASE-000644,true,true
TRUTH-005020,PERSON-001846,SUSPECT_IN,CASE-000644,true,true
TRUTH-005021,PERSON-001478,OBSERVED_IN,CASE-000644,true,true
TRUTH-005022,PERSON-001861,OBSERVED_IN,CASE-000644,true,true
TRUTH-005023,PERSON-000484,OBSERVED_IN,CASE-000644,true,true
TRUTH-005024,PERSON-000676,OBSERVED_IN,CASE-000644,true,true
TRUTH-005025,PERSON-002901,OBSERVED_IN,CASE-000644,true,true
TRUTH-005026,PERSON-001679,SUSPECT_IN,CASE-000645,true,true
TRUTH-005027,PERSON-000906,SUSPECT_IN,CASE-000645,true,true
TRUTH-005028,PERSON-001112,OBSERVED_IN,CASE-000645,true,true
TRUTH-005029,PERSON-001007,OBSERVED_IN,CASE-000645,true,true
TRUTH-005030,PERSON-002442,OBSERVED_IN,CASE-000645,true,true
TRUTH-005031,PERSON-000272,OBSERVED_IN,CASE-000645,true,true
TRUTH-005032,PERSON-002728,OBSERVED_IN,CASE-000645,true,true
TRUTH-005033,PERSON-000524,OBSERVED_IN,CASE-000645,true,true
TRUTH-005034,PERSON-002998,SUSPECT_IN,CASE-000646,true,true
TRUTH-005035,PERSON-001664,SUSPECT_IN,CASE-000646,true,true
TRUTH-005036,PERSON-000948,SUSPECT_IN,CASE-000646,true,true
TRUTH-005037,PERSON-000260,SUSPECT_IN,CASE-000646,true,true
TRUTH-005038,PERSON-002675,OBSERVED_IN,CASE-000646,true,true
TRUTH-005039,PERSON-001343,OBSERVED_IN,CASE-000646,true,true
TRUTH-005040,PERSON-002835,OBSERVED_IN,CASE-000646,true,true
TRUTH-005041,PERSON-002757,OBSERVED_IN,CASE-000646,true,true
TRUTH-005042,PERSON-000697,OBSERVED_IN,CASE-000646,true,true
TRUTH-005043,PERSON-001803,SUSPECT_IN,CASE-000647,true,true
TRUTH-005044,PERSON-001670,SUSPECT_IN,CASE-000647,true,true
TRUTH-005045,PERSON-000862,OBSERVED_IN,CASE-000647,true,true
TRUTH-005046,PERSON-000846,OBSERVED_IN,CASE-000647,true,true
TRUTH-005047,PERSON-000823,OBSERVED_IN,CASE-000647,true,true
TRUTH-005048,PERSON-001701,OBSERVED_IN,CASE-000647,true,true
TRUTH-005049,PERSON-000092,SUSPECT_IN,CASE-000648,true,true
TRUTH-005050,PERSON-001817,SUSPECT_IN,CASE-000648,true,true
TRUTH-005051,PERSON-001824,SUSPECT_IN,CASE-000648,true,true
TRUTH-005052,PERSON-001547,SUSPECT_IN,CASE-000648,true,true
TRUTH-005053,PERSON-001674,OBSERVED_IN,CASE-000648,true,true
TRUTH-005054,PERSON-002675,OBSERVED_IN,CASE-000648,true,true
TRUTH-005055,PERSON-002829,OBSERVED_IN,CASE-000648,true,true
TRUTH-005056,PERSON-000909,OBSERVED_IN,CASE-000648,true,true
TRUTH-005057,PERSON-001212,OBSERVED_IN,CASE-000648,true,true
TRUTH-005058,PERSON-000047,SUSPECT_IN,CASE-000649,true,true
TRUTH-005059,PERSON-001817,SUSPECT_IN,CASE-000649,true,true
TRUTH-005060,PERSON-002938,OBSERVED_IN,CASE-000649,true,true
TRUTH-005061,PERSON-002205,OBSERVED_IN,CASE-000649,true,true
TRUTH-005062,PERSON-000217,OBSERVED_IN,CASE-000649,true,true
TRUTH-005063,PERSON-002576,SUSPECT_IN,CASE-000650,true,true
TRUTH-005064,PERSON-001326,SUSPECT_IN,CASE-000650,true,true
TRUTH-005065,PERSON-002457,SUSPECT_IN,CASE-000650,true,true
TRUTH-005066,PERSON-000046,SUSPECT_IN,CASE-000650,true,true
TRUTH-005067,PERSON-000682,SUSPECT_IN,CASE-000650,true,true
TRUTH-005068,PERSON-000390,OBSERVED_IN,CASE-000650,true,true
TRUTH-005069,PERSON-000544,OBSERVED_IN,CASE-000650,true,true
TRUTH-005070,PERSON-002160,SUSPECT_IN,CASE-000651,true,true
TRUTH-005071,PERSON-000193,SUSPECT_IN,CASE-000651,true,true
TRUTH-005072,PERSON-000484,SUSPECT_IN,CASE-000651,true,true
TRUTH-005073,PERSON-001861,SUSPECT_IN,CASE-000651,true,true
TRUTH-005074,PERSON-000919,SUSPECT_IN,CASE-000651,true,true
TRUTH-005075,PERSON-000132,SUSPECT_IN,CASE-000651,true,true
TRUTH-005076,PERSON-002947,OBSERVED_IN,CASE-000651,true,true
TRUTH-005077,PERSON-002725,OBSERVED_IN,CASE-000651,true,true
TRUTH-005078,PERSON-000488,OBSERVED_IN,CASE-000651,true,true
TRUTH-005079,PERSON-000683,OBSERVED_IN,CASE-000651,true,true
TRUTH-005080,PERSON-000393,OBSERVED_IN,CASE-000651,true,true
TRUTH-005081,PERSON-001041,SUSPECT_IN,CASE-000652,true,true
TRUTH-005082,PERSON-002256,SUSPECT_IN,CASE-000652,true,true
TRUTH-005083,PERSON-001210,OBSERVED_IN,CASE-000652,true,true
TRUTH-005084,PERSON-001670,OBSERVED_IN,CASE-000652,true,true
TRUTH-005085,PERSON-002408,SUSPECT_IN,CASE-000653,true,true
TRUTH-005086,PERSON-001691,SUSPECT_IN,CASE-000653,true,true
TRUTH-005087,PERSON-001578,SUSPECT_IN,CASE-000653,true,true
TRUTH-005088,PERSON-001847,SUSPECT_IN,CASE-000653,true,true
TRUTH-005089,PERSON-001747,SUSPECT_IN,CASE-000653,true,true
TRUTH-005090,PERSON-002009,SUSPECT_IN,CASE-000653,true,true
TRUTH-005091,PERSON-000374,OBSERVED_IN,CASE-000653,true,true
TRUTH-005092,PERSON-000825,OBSERVED_IN,CASE-000653,true,true
TRUTH-005093,PERSON-002393,OBSERVED_IN,CASE-000653,true,true
TRUTH-005094,PERSON-002846,OBSERVED_IN,CASE-000653,true,true
TRUTH-005095,PERSON-000423,SUSPECT_IN,CASE-000654,true,true
TRUTH-005096,PERSON-000140,SUSPECT_IN,CASE-000654,true,true
TRUTH-005097,PERSON-001172,SUSPECT_IN,CASE-000654,true,true
TRUTH-005098,PERSON-000845,SUSPECT_IN,CASE-000654,true,true
TRUTH-005099,PERSON-000288,SUSPECT_IN,CASE-000654,true,true
TRUTH-005100,PERSON-001994,SUSPECT_IN,CASE-000654,true,true
TRUTH-005101,PERSON-002740,OBSERVED_IN,CASE-000654,true,true
TRUTH-005102,PERSON-000181,OBSERVED_IN,CASE-000654,true,true
TRUTH-005103,PERSON-002197,OBSERVED_IN,CASE-000654,true,true
TRUTH-005104,PERSON-000955,OBSERVED_IN,CASE-000654,true,true
TRUTH-005105,PERSON-000991,OBSERVED_IN,CASE-000654,true,true
TRUTH-005106,PERSON-000957,OBSERVED_IN,CASE-000654,true,true
TRUTH-005107,PERSON-001890,SUSPECT_IN,CASE-000655,true,true
TRUTH-005108,PERSON-001234,SUSPECT_IN,CASE-000655,true,true
TRUTH-005109,PERSON-001885,SUSPECT_IN,CASE-000655,true,true
TRUTH-005110,PERSON-001131,OBSERVED_IN,CASE-000655,true,true
TRUTH-005111,PERSON-000667,OBSERVED_IN,CASE-000655,true,true
TRUTH-005112,PERSON-000047,SUSPECT_IN,CASE-000656,true,true
TRUTH-005113,PERSON-002938,SUSPECT_IN,CASE-000656,true,true
TRUTH-005114,PERSON-000556,SUSPECT_IN,CASE-000656,true,true
TRUTH-005115,PERSON-000146,OBSERVED_IN,CASE-000656,true,true
TRUTH-005116,PERSON-000279,OBSERVED_IN,CASE-000656,true,true
TRUTH-005117,PERSON-000217,OBSERVED_IN,CASE-000656,true,true
TRUTH-005118,PERSON-002223,OBSERVED_IN,CASE-000656,true,true
TRUTH-005119,PERSON-002964,OBSERVED_IN,CASE-000656,true,true
TRUTH-005120,PERSON-001262,SUSPECT_IN,CASE-000657,true,true
TRUTH-005121,PERSON-002034,SUSPECT_IN,CASE-000657,true,true
TRUTH-005122,PERSON-002246,SUSPECT_IN,CASE-000657,true,true
TRUTH-005123,PERSON-002633,SUSPECT_IN,CASE-000657,true,true
TRUTH-005124,PERSON-000804,SUSPECT_IN,CASE-000657,true,true
TRUTH-005125,PERSON-000233,SUSPECT_IN,CASE-000657,true,true
TRUTH-005126,PERSON-001194,OBSERVED_IN,CASE-000657,true,true
TRUTH-005127,PERSON-000009,OBSERVED_IN,CASE-000657,true,true
TRUTH-005128,PERSON-000341,OBSERVED_IN,CASE-000657,true,true
TRUTH-005129,PERSON-002759,SUSPECT_IN,CASE-000658,true,true
TRUTH-005130,PERSON-001425,SUSPECT_IN,CASE-000658,true,true
TRUTH-005131,PERSON-002986,OBSERVED_IN,CASE-000658,true,true
TRUTH-005132,PERSON-001071,OBSERVED_IN,CASE-000658,true,true
TRUTH-005133,PERSON-000613,OBSERVED_IN,CASE-000658,true,true
TRUTH-005134,PERSON-002068,OBSERVED_IN,CASE-000658,true,true
TRUTH-005135,PERSON-001578,OBSERVED_IN,CASE-000658,true,true
TRUTH-005136,PERSON-000144,SUSPECT_IN,CASE-000659,true,true
TRUTH-005137,PERSON-000233,SUSPECT_IN,CASE-000659,true,true
TRUTH-005138,PERSON-000920,SUSPECT_IN,CASE-000659,true,true
TRUTH-005139,PERSON-002122,SUSPECT_IN,CASE-000659,true,true
TRUTH-005140,PERSON-000528,SUSPECT_IN,CASE-000659,true,true
TRUTH-005141,PERSON-001478,OBSERVED_IN,CASE-000659,true,true
TRUTH-005142,PERSON-001880,OBSERVED_IN,CASE-000659,true,true
TRUTH-005143,PERSON-001589,SUSPECT_IN,CASE-000660,true,true
TRUTH-005144,PERSON-002574,SUSPECT_IN,CASE-000660,true,true
TRUTH-005145,PERSON-001861,SUSPECT_IN,CASE-000660,true,true
TRUTH-005146,PERSON-000063,SUSPECT_IN,CASE-000660,true,true
TRUTH-005147,PERSON-002757,OBSERVED_IN,CASE-000660,true,true
TRUTH-005148,PERSON-001259,OBSERVED_IN,CASE-000660,true,true
TRUTH-005149,PERSON-001262,SUSPECT_IN,CASE-000661,true,true
TRUTH-005150,PERSON-002618,SUSPECT_IN,CASE-000661,true,true
TRUTH-005151,PERSON-002060,SUSPECT_IN,CASE-000661,true,true
TRUTH-005152,PERSON-000540,SUSPECT_IN,CASE-000661,true,true
TRUTH-005153,PERSON-001757,OBSERVED_IN,CASE-000661,true,true
TRUTH-005154,PERSON-000063,SUSPECT_IN,CASE-000662,true,true
TRUTH-005155,PERSON-000842,SUSPECT_IN,CASE-000662,true,true
TRUTH-005156,PERSON-000081,OBSERVED_IN,CASE-000662,true,true
TRUTH-005157,PERSON-000850,OBSERVED_IN,CASE-000662,true,true
TRUTH-005158,PERSON-001861,OBSERVED_IN,CASE-000662,true,true
TRUTH-005159,PERSON-002574,OBSERVED_IN,CASE-000662,true,true
TRUTH-005160,PERSON-001589,OBSERVED_IN,CASE-000662,true,true
TRUTH-005161,PERSON-001589,SUSPECT_IN,CASE-000663,true,true
TRUTH-005162,PERSON-002757,SUSPECT_IN,CASE-000663,true,true
TRUTH-005163,PERSON-000863,OBSERVED_IN,CASE-000663,true,true
TRUTH-005164,PERSON-000081,OBSERVED_IN,CASE-000663,true,true
TRUTH-005165,PERSON-002574,OBSERVED_IN,CASE-000663,true,true
TRUTH-005166,PERSON-000063,SUSPECT_IN,CASE-000664,true,true
TRUTH-005167,PERSON-000850,SUSPECT_IN,CASE-000664,true,true
TRUTH-005168,PERSON-002757,SUSPECT_IN,CASE-000664,true,true
TRUTH-005169,PERSON-002574,SUSPECT_IN,CASE-000664,true,true
TRUTH-005170,PERSON-001861,SUSPECT_IN,CASE-000664,true,true
TRUTH-005171,PERSON-000081,SUSPECT_IN,CASE-000664,true,true
TRUTH-005172,PERSON-000863,OBSERVED_IN,CASE-000664,true,true
TRUTH-005173,PERSON-001589,OBSERVED_IN,CASE-000664,true,true
TRUTH-005174,PERSON-002020,SUSPECT_IN,CASE-000665,true,true
TRUTH-005175,PERSON-001205,SUSPECT_IN,CASE-000665,true,true
TRUTH-005176,PERSON-002517,SUSPECT_IN,CASE-000665,true,true
TRUTH-005177,PERSON-000488,SUSPECT_IN,CASE-000665,true,true
TRUTH-005178,PERSON-000921,SUSPECT_IN,CASE-000665,true,true
TRUTH-005179,PERSON-000106,SUSPECT_IN,CASE-000665,true,true
TRUTH-005180,PERSON-000538,OBSERVED_IN,CASE-000665,true,true
TRUTH-005181,PERSON-000083,OBSERVED_IN,CASE-000665,true,true
TRUTH-005182,PERSON-001543,OBSERVED_IN,CASE-000665,true,true
TRUTH-005183,PERSON-002745,OBSERVED_IN,CASE-000665,true,true
TRUTH-005184,PERSON-000357,OBSERVED_IN,CASE-000665,true,true
TRUTH-005185,PERSON-001780,SUSPECT_IN,CASE-000666,true,true
TRUTH-005186,PERSON-001847,SUSPECT_IN,CASE-000666,true,true
TRUTH-005187,PERSON-001578,SUSPECT_IN,CASE-000666,true,true
TRUTH-005188,PERSON-002408,SUSPECT_IN,CASE-000666,true,true
TRUTH-005189,PERSON-000130,SUSPECT_IN,CASE-000666,true,true
TRUTH-005190,PERSON-002304,OBSERVED_IN,CASE-000666,true,true
TRUTH-005191,PERSON-000943,OBSERVED_IN,CASE-000666,true,true
TRUTH-005192,PERSON-001596,SUSPECT_IN,CASE-000667,true,true
TRUTH-005193,PERSON-000635,SUSPECT_IN,CASE-000667,true,true
TRUTH-005194,PERSON-000832,SUSPECT_IN,CASE-000667,true,true
TRUTH-005195,PERSON-002847,SUSPECT_IN,CASE-000667,true,true
TRUTH-005196,PERSON-000886,SUSPECT_IN,CASE-000667,true,true
TRUTH-005197,PERSON-000611,OBSERVED_IN,CASE-000667,true,true
TRUTH-005198,PERSON-001542,OBSERVED_IN,CASE-000667,true,true
TRUTH-005199,PERSON-002438,OBSERVED_IN,CASE-000667,true,true
TRUTH-005200,PERSON-002675,OBSERVED_IN,CASE-000667,true,true
TRUTH-005201,PERSON-002713,OBSERVED_IN,CASE-000667,true,true
TRUTH-005202,PERSON-001480,OBSERVED_IN,CASE-000667,true,true
TRUTH-005203,PERSON-002922,OBSERVED_IN,CASE-000667,true,true
TRUTH-005204,PERSON-002788,SUSPECT_IN,CASE-000668,true,true
TRUTH-005205,PERSON-000842,SUSPECT_IN,CASE-000668,true,true
TRUTH-005206,PERSON-001262,SUSPECT_IN,CASE-000668,true,true
TRUTH-005207,PERSON-002444,SUSPECT_IN,CASE-000668,true,true
TRUTH-005208,PERSON-000175,OBSERVED_IN,CASE-000668,true,true
TRUTH-005209,PERSON-001012,OBSERVED_IN,CASE-000668,true,true
TRUTH-005210,PERSON-002428,OBSERVED_IN,CASE-000668,true,true
TRUTH-005211,PERSON-002256,OBSERVED_IN,CASE-000668,true,true
TRUTH-005212,PERSON-000001,OBSERVED_IN,CASE-000668,true,true
TRUTH-005213,PERSON-000943,SUSPECT_IN,CASE-000669,true,true
TRUTH-005214,PERSON-002846,SUSPECT_IN,CASE-000669,true,true
TRUTH-005215,PERSON-000374,SUSPECT_IN,CASE-000669,true,true
TRUTH-005216,PERSON-000245,SUSPECT_IN,CASE-000669,true,true
TRUTH-005217,PERSON-000825,OBSERVED_IN,CASE-000669,true,true
TRUTH-005218,PERSON-001747,OBSERVED_IN,CASE-000669,true,true
TRUTH-005219,PERSON-002304,OBSERVED_IN,CASE-000669,true,true
TRUTH-005220,PERSON-001847,OBSERVED_IN,CASE-000669,true,true
TRUTH-005221,PERSON-001029,OBSERVED_IN,CASE-000669,true,true
TRUTH-005222,PERSON-002750,SUSPECT_IN,CASE-000670,true,true
TRUTH-005223,PERSON-001589,SUSPECT_IN,CASE-000670,true,true
TRUTH-005224,PERSON-001558,SUSPECT_IN,CASE-000670,true,true
TRUTH-005225,PERSON-000146,SUSPECT_IN,CASE-000670,true,true
TRUTH-005226,PERSON-001210,SUSPECT_IN,CASE-000670,true,true
TRUTH-005227,PERSON-001385,SUSPECT_IN,CASE-000670,true,true
TRUTH-005228,PERSON-001670,OBSERVED_IN,CASE-000670,true,true
TRUTH-005229,PERSON-001041,OBSERVED_IN,CASE-000670,true,true
TRUTH-005230,PERSON-000351,OBSERVED_IN,CASE-000670,true,true
TRUTH-005231,PERSON-001343,SUSPECT_IN,CASE-000671,true,true
TRUTH-005232,PERSON-002675,SUSPECT_IN,CASE-000671,true,true
TRUTH-005233,PERSON-001664,SUSPECT_IN,CASE-000671,true,true
TRUTH-005234,PERSON-000230,SUSPECT_IN,CASE-000671,true,true
TRUTH-005235,PERSON-002745,SUSPECT_IN,CASE-000671,true,true
TRUTH-005236,PERSON-002835,OBSERVED_IN,CASE-000671,true,true
TRUTH-005237,PERSON-000576,OBSERVED_IN,CASE-000671,true,true
TRUTH-005238,PERSON-002715,OBSERVED_IN,CASE-000671,true,true
TRUTH-005239,PERSON-002998,OBSERVED_IN,CASE-000671,true,true
TRUTH-005240,PERSON-000103,SUSPECT_IN,CASE-000672,true,true
TRUTH-005241,PERSON-000111,SUSPECT_IN,CASE-000672,true,true
TRUTH-005242,PERSON-001687,SUSPECT_IN,CASE-000672,true,true
TRUTH-005243,PERSON-000366,SUSPECT_IN,CASE-000672,true,true
TRUTH-005244,PERSON-002105,SUSPECT_IN,CASE-000672,true,true
TRUTH-005245,PERSON-000817,SUSPECT_IN,CASE-000672,true,true
TRUTH-005246,PERSON-000414,OBSERVED_IN,CASE-000672,true,true
TRUTH-005247,PERSON-001381,OBSERVED_IN,CASE-000672,true,true
TRUTH-005248,PERSON-000222,SUSPECT_IN,CASE-000673,true,true
TRUTH-005249,PERSON-002256,SUSPECT_IN,CASE-000673,true,true
TRUTH-005250,PERSON-000763,SUSPECT_IN,CASE-000673,true,true
TRUTH-005251,PERSON-000712,SUSPECT_IN,CASE-000673,true,true
TRUTH-005252,PERSON-002770,SUSPECT_IN,CASE-000673,true,true
TRUTH-005253,PERSON-002954,OBSERVED_IN,CASE-000673,true,true
TRUTH-005254,PERSON-000734,OBSERVED_IN,CASE-000673,true,true
TRUTH-005255,PERSON-001478,OBSERVED_IN,CASE-000673,true,true
TRUTH-005256,PERSON-001262,OBSERVED_IN,CASE-000673,true,true
TRUTH-005257,PERSON-000081,SUSPECT_IN,CASE-000674,true,true
TRUTH-005258,PERSON-002574,SUSPECT_IN,CASE-000674,true,true
TRUTH-005259,PERSON-002757,SUSPECT_IN,CASE-000674,true,true
TRUTH-005260,PERSON-001259,OBSERVED_IN,CASE-000674,true,true
TRUTH-005261,PERSON-001861,OBSERVED_IN,CASE-000674,true,true
TRUTH-005262,PERSON-000863,OBSERVED_IN,CASE-000674,true,true
TRUTH-005263,PERSON-000063,OBSERVED_IN,CASE-000674,true,true
TRUTH-005264,PERSON-001589,OBSERVED_IN,CASE-000674,true,true
TRUTH-005265,PERSON-002068,SUSPECT_IN,CASE-000675,true,true
TRUTH-005266,PERSON-001071,SUSPECT_IN,CASE-000675,true,true
TRUTH-005267,PERSON-000822,SUSPECT_IN,CASE-000675,true,true
TRUTH-005268,PERSON-002759,SUSPECT_IN,CASE-000675,true,true
TRUTH-005269,PERSON-002986,SUSPECT_IN,CASE-000675,true,true
TRUTH-005270,PERSON-000613,SUSPECT_IN,CASE-000675,true,true
TRUTH-005271,PERSON-001425,OBSERVED_IN,CASE-000675,true,true
TRUTH-005272,PERSON-001589,SUSPECT_IN,CASE-000676,true,true
TRUTH-005273,PERSON-000622,SUSPECT_IN,CASE-000676,true,true
TRUTH-005274,PERSON-001670,OBSERVED_IN,CASE-000676,true,true
TRUTH-005275,PERSON-001041,OBSERVED_IN,CASE-000676,true,true
TRUTH-005276,PERSON-001558,OBSERVED_IN,CASE-000676,true,true
TRUTH-005277,PERSON-000886,SUSPECT_IN,CASE-000677,true,true
TRUTH-005278,PERSON-000920,SUSPECT_IN,CASE-000677,true,true
TRUTH-005279,PERSON-001478,SUSPECT_IN,CASE-000677,true,true
TRUTH-005280,PERSON-001830,SUSPECT_IN,CASE-000677,true,true
TRUTH-005281,PERSON-001059,SUSPECT_IN,CASE-000677,true,true
TRUTH-005282,PERSON-002277,SUSPECT_IN,CASE-000677,true,true
TRUTH-005283,PERSON-000233,OBSERVED_IN,CASE-000677,true,true
TRUTH-005284,PERSON-000492,OBSERVED_IN,CASE-000677,true,true
TRUTH-005285,PERSON-000342,OBSERVED_IN,CASE-000677,true,true
TRUTH-005286,PERSON-000302,OBSERVED_IN,CASE-000677,true,true
TRUTH-005287,PERSON-002082,OBSERVED_IN,CASE-000677,true,true
TRUTH-005288,PERSON-001610,SUSPECT_IN,CASE-000678,true,true
TRUTH-005289,PERSON-002821,SUSPECT_IN,CASE-000678,true,true
TRUTH-005290,PERSON-001474,SUSPECT_IN,CASE-000678,true,true
TRUTH-005291,PERSON-000622,SUSPECT_IN,CASE-000678,true,true
TRUTH-005292,PERSON-001115,OBSERVED_IN,CASE-000678,true,true
TRUTH-005293,PERSON-001670,SUSPECT_IN,CASE-000679,true,true
TRUTH-005294,PERSON-002750,SUSPECT_IN,CASE-000679,true,true
TRUTH-005295,PERSON-000146,SUSPECT_IN,CASE-000679,true,true
TRUTH-005296,PERSON-001589,SUSPECT_IN,CASE-000679,true,true
TRUTH-005297,PERSON-001210,SUSPECT_IN,CASE-000679,true,true
TRUTH-005298,PERSON-001830,SUSPECT_IN,CASE-000679,true,true
TRUTH-005299,PERSON-001667,OBSERVED_IN,CASE-000679,true,true
TRUTH-005300,PERSON-001041,OBSERVED_IN,CASE-000679,true,true
TRUTH-005301,PERSON-001558,OBSERVED_IN,CASE-000679,true,true
TRUTH-005302,PERSON-000351,OBSERVED_IN,CASE-000679,true,true
TRUTH-005303,PERSON-000449,SUSPECT_IN,CASE-000680,true,true
TRUTH-005304,PERSON-000341,SUSPECT_IN,CASE-000680,true,true
TRUTH-005305,PERSON-002454,SUSPECT_IN,CASE-000680,true,true
TRUTH-005306,PERSON-001066,OBSERVED_IN,CASE-000680,true,true
TRUTH-005307,PERSON-000009,OBSERVED_IN,CASE-000680,true,true
TRUTH-005308,PERSON-001899,OBSERVED_IN,CASE-000680,true,true
TRUTH-005309,PERSON-000721,OBSERVED_IN,CASE-000680,true,true
TRUTH-005310,PERSON-002900,OBSERVED_IN,CASE-000680,true,true
TRUTH-005311,PERSON-001124,SUSPECT_IN,CASE-000681,true,true
TRUTH-005312,PERSON-002675,SUSPECT_IN,CASE-000681,true,true
TRUTH-005313,PERSON-001810,SUSPECT_IN,CASE-000681,true,true
TRUTH-005314,PERSON-000139,SUSPECT_IN,CASE-000681,true,true
TRUTH-005315,PERSON-002915,SUSPECT_IN,CASE-000681,true,true
TRUTH-005316,PERSON-002279,SUSPECT_IN,CASE-000681,true,true
TRUTH-005317,PERSON-001782,OBSERVED_IN,CASE-000681,true,true
TRUTH-005318,PERSON-001547,OBSERVED_IN,CASE-000681,true,true
TRUTH-005319,PERSON-001116,OBSERVED_IN,CASE-000681,true,true
TRUTH-005320,PERSON-000092,OBSERVED_IN,CASE-000681,true,true
TRUTH-005321,PERSON-001610,SUSPECT_IN,CASE-000682,true,true
TRUTH-005322,PERSON-001474,SUSPECT_IN,CASE-000682,true,true
TRUTH-005323,PERSON-000540,SUSPECT_IN,CASE-000682,true,true
TRUTH-005324,PERSON-002900,SUSPECT_IN,CASE-000682,true,true
TRUTH-005325,PERSON-000259,SUSPECT_IN,CASE-000682,true,true
TRUTH-005326,PERSON-001558,OBSERVED_IN,CASE-000682,true,true
TRUTH-005327,PERSON-002821,OBSERVED_IN,CASE-000682,true,true
TRUTH-005328,PERSON-001115,OBSERVED_IN,CASE-000682,true,true
TRUTH-005329,PERSON-002060,OBSERVED_IN,CASE-000682,true,true
TRUTH-005330,PERSON-002618,OBSERVED_IN,CASE-000682,true,true
TRUTH-005331,PERSON-002574,SUSPECT_IN,CASE-000683,true,true
TRUTH-005332,PERSON-000081,SUSPECT_IN,CASE-000683,true,true
TRUTH-005333,PERSON-000850,SUSPECT_IN,CASE-000683,true,true
TRUTH-005334,PERSON-002558,SUSPECT_IN,CASE-000683,true,true
TRUTH-005335,PERSON-001861,OBSERVED_IN,CASE-000683,true,true
TRUTH-005336,PERSON-002757,OBSERVED_IN,CASE-000683,true,true
TRUTH-005337,PERSON-001589,OBSERVED_IN,CASE-000683,true,true
TRUTH-005338,PERSON-000063,OBSERVED_IN,CASE-000683,true,true
TRUTH-005339,PERSON-000042,SUSPECT_IN,CASE-000684,true,true
TRUTH-005340,PERSON-000682,SUSPECT_IN,CASE-000684,true,true
TRUTH-005341,PERSON-002737,SUSPECT_IN,CASE-000684,true,true
TRUTH-005342,PERSON-001205,SUSPECT_IN,CASE-000684,true,true
TRUTH-005343,PERSON-001481,OBSERVED_IN,CASE-000684,true,true
TRUTH-005344,PERSON-000473,OBSERVED_IN,CASE-000684,true,true
TRUTH-005345,PERSON-000275,OBSERVED_IN,CASE-000684,true,true
TRUTH-005346,PERSON-002068,OBSERVED_IN,CASE-000684,true,true
TRUTH-005347,PERSON-000863,SUSPECT_IN,CASE-000685,true,true
TRUTH-005348,PERSON-001992,SUSPECT_IN,CASE-000685,true,true
TRUTH-005349,PERSON-000120,SUSPECT_IN,CASE-000685,true,true
TRUTH-005350,PERSON-002517,OBSERVED_IN,CASE-000685,true,true
TRUTH-005351,PERSON-001205,OBSERVED_IN,CASE-000685,true,true
TRUTH-005352,PERSON-001965,OBSERVED_IN,CASE-000685,true,true
TRUTH-005353,PERSON-002986,SUSPECT_IN,CASE-000686,true,true
TRUTH-005354,PERSON-002759,SUSPECT_IN,CASE-000686,true,true
TRUTH-005355,PERSON-001071,SUSPECT_IN,CASE-000686,true,true
TRUTH-005356,PERSON-002068,SUSPECT_IN,CASE-000686,true,true
TRUTH-005357,PERSON-000613,SUSPECT_IN,CASE-000686,true,true
TRUTH-005358,PERSON-000357,SUSPECT_IN,CASE-000686,true,true
TRUTH-005359,PERSON-000822,OBSERVED_IN,CASE-000686,true,true
TRUTH-005360,PERSON-001578,OBSERVED_IN,CASE-000686,true,true
TRUTH-005361,PERSON-000419,SUSPECT_IN,CASE-000687,true,true
TRUTH-005362,PERSON-000111,SUSPECT_IN,CASE-000687,true,true
TRUTH-005363,PERSON-000366,OBSERVED_IN,CASE-000687,true,true
TRUTH-005364,PERSON-000414,OBSERVED_IN,CASE-000687,true,true
TRUTH-005365,PERSON-000407,OBSERVED_IN,CASE-000687,true,true
TRUTH-005366,PERSON-002094,OBSERVED_IN,CASE-000687,true,true
TRUTH-005367,PERSON-000207,OBSERVED_IN,CASE-000687,true,true
TRUTH-005368,PERSON-000103,OBSERVED_IN,CASE-000687,true,true
TRUTH-005369,PERSON-000063,SUSPECT_IN,CASE-000688,true,true
TRUTH-005370,PERSON-001861,SUSPECT_IN,CASE-000688,true,true
TRUTH-005371,PERSON-000081,SUSPECT_IN,CASE-000688,true,true
TRUTH-005372,PERSON-002757,SUSPECT_IN,CASE-000688,true,true
TRUTH-005373,PERSON-000850,OBSERVED_IN,CASE-000688,true,true
TRUTH-005374,PERSON-002574,OBSERVED_IN,CASE-000688,true,true
TRUTH-005375,PERSON-000653,SUSPECT_IN,CASE-000689,true,true
TRUTH-005376,PERSON-002887,SUSPECT_IN,CASE-000689,true,true
TRUTH-005377,PERSON-001941,SUSPECT_IN,CASE-000689,true,true
TRUTH-005378,PERSON-000792,SUSPECT_IN,CASE-000689,true,true
TRUTH-005379,PERSON-002915,SUSPECT_IN,CASE-000689,true,true
TRUTH-005380,PERSON-002277,OBSERVED_IN,CASE-000689,true,true
TRUTH-005381,PERSON-001615,OBSERVED_IN,CASE-000689,true,true
TRUTH-005382,PERSON-002980,OBSERVED_IN,CASE-000689,true,true
TRUTH-005383,PERSON-000607,OBSERVED_IN,CASE-000689,true,true
TRUTH-005384,PERSON-000697,SUSPECT_IN,CASE-000690,true,true
TRUTH-005385,PERSON-000230,SUSPECT_IN,CASE-000690,true,true
TRUTH-005386,PERSON-002998,SUSPECT_IN,CASE-000690,true,true
TRUTH-005387,PERSON-001664,SUSPECT_IN,CASE-000690,true,true
TRUTH-005388,PERSON-000948,SUSPECT_IN,CASE-000690,true,true
TRUTH-005389,PERSON-000683,SUSPECT_IN,CASE-000690,true,true
TRUTH-005390,PERSON-002675,OBSERVED_IN,CASE-000690,true,true
TRUTH-005391,PERSON-002757,OBSERVED_IN,CASE-000690,true,true
TRUTH-005392,PERSON-000904,OBSERVED_IN,CASE-000690,true,true
TRUTH-005393,PERSON-000106,OBSERVED_IN,CASE-000690,true,true
TRUTH-005394,PERSON-002715,OBSERVED_IN,CASE-000690,true,true
TRUTH-005395,PERSON-000440,SUSPECT_IN,CASE-000691,true,true
TRUTH-005396,PERSON-001262,SUSPECT_IN,CASE-000691,true,true
TRUTH-005397,PERSON-000774,SUSPECT_IN,CASE-000691,true,true
TRUTH-005398,PERSON-001610,OBSERVED_IN,CASE-000691,true,true
TRUTH-005399,PERSON-002618,OBSERVED_IN,CASE-000691,true,true
TRUTH-005400,PERSON-000792,OBSERVED_IN,CASE-000691,true,true
TRUTH-005401,PERSON-000683,SUSPECT_IN,CASE-000692,true,true
TRUTH-005402,PERSON-002764,SUSPECT_IN,CASE-000692,true,true
TRUTH-005403,PERSON-000676,SUSPECT_IN,CASE-000692,true,true
TRUTH-005404,PERSON-001686,SUSPECT_IN,CASE-000692,true,true
TRUTH-005405,PERSON-001659,SUSPECT_IN,CASE-000692,true,true
TRUTH-005406,PERSON-002653,OBSERVED_IN,CASE-000692,true,true
TRUTH-005407,PERSON-000216,OBSERVED_IN,CASE-000692,true,true
TRUTH-005408,PERSON-002901,OBSERVED_IN,CASE-000692,true,true
TRUTH-005409,PERSON-002160,OBSERVED_IN,CASE-000692,true,true
TRUTH-005410,PERSON-000072,OBSERVED_IN,CASE-000692,true,true
TRUTH-005411,PERSON-000792,SUSPECT_IN,CASE-000693,true,true
TRUTH-005412,PERSON-002900,SUSPECT_IN,CASE-000693,true,true
TRUTH-005413,PERSON-000440,SUSPECT_IN,CASE-000693,true,true
TRUTH-005414,PERSON-001558,OBSERVED_IN,CASE-000693,true,true
TRUTH-005415,PERSON-002821,OBSERVED_IN,CASE-000693,true,true
TRUTH-005416,PERSON-001262,OBSERVED_IN,CASE-000693,true,true
TRUTH-005417,PERSON-001610,OBSERVED_IN,CASE-000693,true,true
TRUTH-005418,PERSON-000267,OBSERVED_IN,CASE-000693,true,true
TRUTH-005419,PERSON-002060,OBSERVED_IN,CASE-000693,true,true
TRUTH-005420,PERSON-001757,OBSERVED_IN,CASE-000693,true,true
TRUTH-005421,PERSON-002922,SUSPECT_IN,CASE-000694,true,true
TRUTH-005422,PERSON-001847,SUSPECT_IN,CASE-000694,true,true
TRUTH-005423,PERSON-002675,SUSPECT_IN,CASE-000694,true,true
TRUTH-005424,PERSON-001542,SUSPECT_IN,CASE-000694,true,true
TRUTH-005425,PERSON-002106,SUSPECT_IN,CASE-000694,true,true
TRUTH-005426,PERSON-002438,OBSERVED_IN,CASE-000694,true,true
TRUTH-005427,PERSON-000060,OBSERVED_IN,CASE-000694,true,true
TRUTH-005428,PERSON-000832,OBSERVED_IN,CASE-000694,true,true
TRUTH-005429,PERSON-002713,OBSERVED_IN,CASE-000694,true,true
TRUTH-005430,PERSON-000497,OBSERVED_IN,CASE-000694,true,true
TRUTH-005431,PERSON-000081,SUSPECT_IN,CASE-000695,true,true
TRUTH-005432,PERSON-001259,SUSPECT_IN,CASE-000695,true,true
TRUTH-005433,PERSON-001861,SUSPECT_IN,CASE-000695,true,true
TRUTH-005434,PERSON-001589,SUSPECT_IN,CASE-000695,true,true
TRUTH-005435,PERSON-001774,SUSPECT_IN,CASE-000695,true,true
TRUTH-005436,PERSON-000850,OBSERVED_IN,CASE-000695,true,true
TRUTH-005437,PERSON-002757,OBSERVED_IN,CASE-000695,true,true
TRUTH-005438,PERSON-000648,SUSPECT_IN,CASE-000696,true,true
TRUTH-005439,PERSON-000568,SUSPECT_IN,CASE-000696,true,true
TRUTH-005440,PERSON-000259,SUSPECT_IN,CASE-000696,true,true
TRUTH-005441,PERSON-001318,SUSPECT_IN,CASE-000696,true,true
TRUTH-005442,PERSON-000943,SUSPECT_IN,CASE-000696,true,true
TRUTH-005443,PERSON-001536,OBSERVED_IN,CASE-000696,true,true
TRUTH-005444,PERSON-000647,OBSERVED_IN,CASE-000696,true,true
TRUTH-005445,PERSON-000895,OBSERVED_IN,CASE-000696,true,true
TRUTH-005446,PERSON-001788,OBSERVED_IN,CASE-000696,true,true
TRUTH-005447,PERSON-000898,OBSERVED_IN,CASE-000696,true,true
TRUTH-005448,PERSON-000106,OBSERVED_IN,CASE-000696,true,true
TRUTH-005449,PERSON-001861,SUSPECT_IN,CASE-000697,true,true
TRUTH-005450,PERSON-002980,SUSPECT_IN,CASE-000697,true,true
TRUTH-005451,PERSON-000081,OBSERVED_IN,CASE-000697,true,true
TRUTH-005452,PERSON-001259,OBSERVED_IN,CASE-000697,true,true
TRUTH-005453,PERSON-000850,OBSERVED_IN,CASE-000697,true,true
TRUTH-005454,PERSON-002574,OBSERVED_IN,CASE-000697,true,true
TRUTH-005455,PERSON-000063,OBSERVED_IN,CASE-000697,true,true
TRUTH-005456,PERSON-000697,SUSPECT_IN,CASE-000698,true,true
TRUTH-005457,PERSON-001667,SUSPECT_IN,CASE-000698,true,true
TRUTH-005458,PERSON-001664,OBSERVED_IN,CASE-000698,true,true
TRUTH-005459,PERSON-000584,OBSERVED_IN,CASE-000698,true,true
TRUTH-005460,PERSON-000948,OBSERVED_IN,CASE-000698,true,true
TRUTH-005461,PERSON-000921,SUSPECT_IN,CASE-000699,true,true
TRUTH-005462,PERSON-002873,SUSPECT_IN,CASE-000699,true,true
TRUTH-005463,PERSON-001540,SUSPECT_IN,CASE-000699,true,true
TRUTH-005464,PERSON-001543,SUSPECT_IN,CASE-000699,true,true
TRUTH-005465,PERSON-001898,SUSPECT_IN,CASE-000699,true,true
TRUTH-005466,PERSON-002017,SUSPECT_IN,CASE-000699,true,true
TRUTH-005467,PERSON-000538,OBSERVED_IN,CASE-000699,true,true
TRUTH-005468,PERSON-001544,OBSERVED_IN,CASE-000699,true,true
TRUTH-005469,PERSON-000120,OBSERVED_IN,CASE-000699,true,true
TRUTH-005470,PERSON-000083,OBSERVED_IN,CASE-000699,true,true
TRUTH-005471,PERSON-000765,OBSERVED_IN,CASE-000699,true,true
TRUTH-005472,PERSON-001205,OBSERVED_IN,CASE-000699,true,true
TRUTH-005473,PERSON-000832,SUSPECT_IN,CASE-000700,true,true
TRUTH-005474,PERSON-002922,SUSPECT_IN,CASE-000700,true,true
TRUTH-005475,PERSON-000611,SUSPECT_IN,CASE-000700,true,true
TRUTH-005476,PERSON-001367,SUSPECT_IN,CASE-000700,true,true
TRUTH-005477,PERSON-002847,OBSERVED_IN,CASE-000700,true,true
TRUTH-005478,PERSON-002675,OBSERVED_IN,CASE-000700,true,true
TRUTH-005479,PERSON-000635,OBSERVED_IN,CASE-000700,true,true
TRUTH-005480,PERSON-000060,OBSERVED_IN,CASE-000700,true,true
TRUTH-005481,PERSON-000074,SUSPECT_IN,CASE-000701,true,true
TRUTH-005482,PERSON-002499,SUSPECT_IN,CASE-000701,true,true
TRUTH-005483,PERSON-001234,SUSPECT_IN,CASE-000701,true,true
TRUTH-005484,PERSON-002558,SUSPECT_IN,CASE-000701,true,true
TRUTH-005485,PERSON-000622,SUSPECT_IN,CASE-000701,true,true
TRUTH-005486,PERSON-000106,SUSPECT_IN,CASE-000701,true,true
TRUTH-005487,PERSON-002136,OBSERVED_IN,CASE-000701,true,true
TRUTH-005488,PERSON-000154,OBSERVED_IN,CASE-000701,true,true
TRUTH-005489,PERSON-001890,OBSERVED_IN,CASE-000701,true,true
TRUTH-005490,PERSON-002684,SUSPECT_IN,CASE-000702,true,true
TRUTH-005491,PERSON-002937,SUSPECT_IN,CASE-000702,true,true
TRUTH-005492,PERSON-002954,OBSERVED_IN,CASE-000702,true,true
TRUTH-005493,PERSON-000222,OBSERVED_IN,CASE-000702,true,true
TRUTH-005494,PERSON-001107,SUSPECT_IN,CASE-000703,true,true
TRUTH-005495,PERSON-002223,SUSPECT_IN,CASE-000703,true,true
TRUTH-005496,PERSON-002558,OBSERVED_IN,CASE-000703,true,true
TRUTH-005497,PERSON-000397,OBSERVED_IN,CASE-000703,true,true
TRUTH-005498,PERSON-000784,OBSERVED_IN,CASE-000703,true,true
TRUTH-005499,PERSON-001234,OBSERVED_IN,CASE-000703,true,true
TRUTH-005500,PERSON-001182,OBSERVED_IN,CASE-000703,true,true
TRUTH-005501,PERSON-000103,SUSPECT_IN,CASE-000704,true,true
TRUTH-005502,PERSON-002684,SUSPECT_IN,CASE-000704,true,true
TRUTH-005503,PERSON-000419,OBSERVED_IN,CASE-000704,true,true
TRUTH-005504,PERSON-002737,OBSERVED_IN,CASE-000704,true,true
TRUTH-005505,PERSON-001758,OBSERVED_IN,CASE-000704,true,true
TRUTH-005506,PERSON-002105,OBSERVED_IN,CASE-000704,true,true
TRUTH-005507,PERSON-000111,OBSERVED_IN,CASE-000704,true,true
TRUTH-005508,PERSON-001869,OBSERVED_IN,CASE-000704,true,true
TRUTH-005509,PERSON-001847,SUSPECT_IN,CASE-000705,true,true
TRUTH-005510,PERSON-001747,SUSPECT_IN,CASE-000705,true,true
TRUTH-005511,PERSON-000943,SUSPECT_IN,CASE-000705,true,true
TRUTH-005512,PERSON-000473,SUSPECT_IN,CASE-000705,true,true
TRUTH-005513,PERSON-001334,OBSERVED_IN,CASE-000705,true,true
TRUTH-005514,PERSON-002846,OBSERVED_IN,CASE-000705,true,true
TRUTH-005515,PERSON-000499,OBSERVED_IN,CASE-000705,true,true
TRUTH-005516,PERSON-002397,OBSERVED_IN,CASE-000705,true,true
TRUTH-005517,PERSON-001543,SUSPECT_IN,CASE-000706,true,true
TRUTH-005518,PERSON-000120,SUSPECT_IN,CASE-000706,true,true
TRUTH-005519,PERSON-000765,SUSPECT_IN,CASE-000706,true,true
TRUTH-005520,PERSON-002999,SUSPECT_IN,CASE-000706,true,true
TRUTH-005521,PERSON-002873,SUSPECT_IN,CASE-000706,true,true
TRUTH-005522,PERSON-002764,SUSPECT_IN,CASE-000706,true,true
TRUTH-005523,PERSON-000538,OBSERVED_IN,CASE-000706,true,true
TRUTH-005524,PERSON-001540,OBSERVED_IN,CASE-000706,true,true
TRUTH-005525,PERSON-001965,OBSERVED_IN,CASE-000706,true,true
TRUTH-005526,PERSON-001992,OBSERVED_IN,CASE-000706,true,true
TRUTH-005527,PERSON-001205,OBSERVED_IN,CASE-000706,true,true
TRUTH-005528,PERSON-001552,SUSPECT_IN,CASE-000707,true,true
TRUTH-005529,PERSON-002159,SUSPECT_IN,CASE-000707,true,true
TRUTH-005530,PERSON-002847,SUSPECT_IN,CASE-000707,true,true
TRUTH-005531,PERSON-001131,SUSPECT_IN,CASE-000707,true,true
TRUTH-005532,PERSON-000622,SUSPECT_IN,CASE-000707,true,true
TRUTH-005533,PERSON-000566,OBSERVED_IN,CASE-000707,true,true
TRUTH-005534,PERSON-001110,OBSERVED_IN,CASE-000707,true,true
TRUTH-005535,PERSON-000906,OBSERVED_IN,CASE-000707,true,true
TRUTH-005536,PERSON-000955,OBSERVED_IN,CASE-000707,true,true
TRUTH-005537,PERSON-000667,SUSPECT_IN,CASE-000708,true,true
TRUTH-005538,PERSON-002240,SUSPECT_IN,CASE-000708,true,true
TRUTH-005539,PERSON-002499,OBSERVED_IN,CASE-000708,true,true
TRUTH-005540,PERSON-002558,OBSERVED_IN,CASE-000708,true,true
TRUTH-005541,PERSON-000622,OBSERVED_IN,CASE-000708,true,true
TRUTH-005542,PERSON-001890,OBSERVED_IN,CASE-000708,true,true
TRUTH-005543,PERSON-001205,SUSPECT_IN,CASE-000709,true,true
TRUTH-005544,PERSON-001543,SUSPECT_IN,CASE-000709,true,true
TRUTH-005545,PERSON-000863,SUSPECT_IN,CASE-000709,true,true
TRUTH-005546,PERSON-001992,SUSPECT_IN,CASE-000709,true,true
TRUTH-005547,PERSON-002020,SUSPECT_IN,CASE-000709,true,true
TRUTH-005548,PERSON-002873,OBSERVED_IN,CASE-000709,true,true
TRUTH-005549,PERSON-000621,OBSERVED_IN,CASE-000709,true,true
TRUTH-005550,PERSON-002999,OBSERVED_IN,CASE-000709,true,true
TRUTH-005551,PERSON-002745,OBSERVED_IN,CASE-000709,true,true
TRUTH-005552,PERSON-000357,OBSERVED_IN,CASE-000709,true,true
TRUTH-005553,PERSON-002574,SUSPECT_IN,CASE-000710,true,true
TRUTH-005554,PERSON-000081,SUSPECT_IN,CASE-000710,true,true
TRUTH-005555,PERSON-002839,SUSPECT_IN,CASE-000710,true,true
TRUTH-005556,PERSON-000850,OBSERVED_IN,CASE-000710,true,true
TRUTH-005557,PERSON-001589,OBSERVED_IN,CASE-000710,true,true
TRUTH-005558,PERSON-001474,SUSPECT_IN,CASE-000711,true,true
TRUTH-005559,PERSON-001757,SUSPECT_IN,CASE-000711,true,true
TRUTH-005560,PERSON-002060,OBSERVED_IN,CASE-000711,true,true
TRUTH-005561,PERSON-001558,OBSERVED_IN,CASE-000711,true,true
TRUTH-005562,PERSON-000440,OBSERVED_IN,CASE-000711,true,true
TRUTH-005563,PERSON-002750,SUSPECT_IN,CASE-000712,true,true
TRUTH-005564,PERSON-001210,SUSPECT_IN,CASE-000712,true,true
TRUTH-005565,PERSON-000146,SUSPECT_IN,CASE-000712,true,true
TRUTH-005566,PERSON-000351,SUSPECT_IN,CASE-000712,true,true
TRUTH-005567,PERSON-001589,SUSPECT_IN,CASE-000712,true,true
TRUTH-005568,PERSON-000647,SUSPECT_IN,CASE-000712,true,true
TRUTH-005569,PERSON-001041,OBSERVED_IN,CASE-000712,true,true
TRUTH-005570,PERSON-001558,OBSERVED_IN,CASE-000712,true,true
TRUTH-005571,PERSON-001059,SUSPECT_IN,CASE-000713,true,true
TRUTH-005572,PERSON-000233,SUSPECT_IN,CASE-000713,true,true
TRUTH-005573,PERSON-000886,SUSPECT_IN,CASE-000713,true,true
TRUTH-005574,PERSON-002068,SUSPECT_IN,CASE-000713,true,true
TRUTH-005575,PERSON-001478,OBSERVED_IN,CASE-000713,true,true
TRUTH-005576,PERSON-000144,OBSERVED_IN,CASE-000713,true,true
TRUTH-005577,PERSON-000302,OBSERVED_IN,CASE-000713,true,true
TRUTH-005578,PERSON-002122,OBSERVED_IN,CASE-000713,true,true
TRUTH-005579,PERSON-000305,OBSERVED_IN,CASE-000713,true,true
TRUTH-005580,PERSON-002082,SUSPECT_IN,CASE-000714,true,true
TRUTH-005581,PERSON-000233,SUSPECT_IN,CASE-000714,true,true
TRUTH-005582,PERSON-000886,SUSPECT_IN,CASE-000714,true,true
TRUTH-005583,PERSON-002122,SUSPECT_IN,CASE-000714,true,true
TRUTH-005584,PERSON-001059,SUSPECT_IN,CASE-000714,true,true
TRUTH-005585,PERSON-001478,SUSPECT_IN,CASE-000714,true,true
TRUTH-005586,PERSON-001830,OBSERVED_IN,CASE-000714,true,true
TRUTH-005587,PERSON-002388,SUSPECT_IN,CASE-000715,true,true
TRUTH-005588,PERSON-001589,SUSPECT_IN,CASE-000715,true,true
TRUTH-005589,PERSON-000922,SUSPECT_IN,CASE-000715,true,true
TRUTH-005590,PERSON-001508,SUSPECT_IN,CASE-000715,true,true
TRUTH-005591,PERSON-000233,SUSPECT_IN,CASE-000715,true,true
TRUTH-005592,PERSON-001619,OBSERVED_IN,CASE-000715,true,true
TRUTH-005593,PERSON-002990,OBSERVED_IN,CASE-000715,true,true
TRUTH-005594,PERSON-001667,SUSPECT_IN,CASE-000716,true,true
TRUTH-005595,PERSON-001041,SUSPECT_IN,CASE-000716,true,true
TRUTH-005596,PERSON-002750,SUSPECT_IN,CASE-000716,true,true
TRUTH-005597,PERSON-000146,SUSPECT_IN,CASE-000716,true,true
TRUTH-005598,PERSON-000576,SUSPECT_IN,CASE-000716,true,true
TRUTH-005599,PERSON-001558,OBSERVED_IN,CASE-000716,true,true
TRUTH-005600,PERSON-002757,SUSPECT_IN,CASE-000717,true,true
TRUTH-005601,PERSON-001664,SUSPECT_IN,CASE-000717,true,true
TRUTH-005602,PERSON-000948,SUSPECT_IN,CASE-000717,true,true
TRUTH-005603,PERSON-001315,SUSPECT_IN,CASE-000717,true,true
TRUTH-005604,PERSON-002998,SUSPECT_IN,CASE-000717,true,true
TRUTH-005605,PERSON-000230,SUSPECT_IN,CASE-000717,true,true
TRUTH-005606,PERSON-002675,OBSERVED_IN,CASE-000717,true,true
TRUTH-005607,PERSON-002715,OBSERVED_IN,CASE-000717,true,true
TRUTH-005608,PERSON-000106,OBSERVED_IN,CASE-000717,true,true
TRUTH-005609,PERSON-000734,SUSPECT_IN,CASE-000718,true,true
TRUTH-005610,PERSON-001944,SUSPECT_IN,CASE-000718,true,true
TRUTH-005611,PERSON-000455,SUSPECT_IN,CASE-000718,true,true
TRUTH-005612,PERSON-002256,SUSPECT_IN,CASE-000718,true,true
TRUTH-005613,PERSON-001769,SUSPECT_IN,CASE-000718,true,true
TRUTH-005614,PERSON-000842,OBSERVED_IN,CASE-000718,true,true
TRUTH-005615,PERSON-002684,OBSERVED_IN,CASE-000718,true,true
TRUTH-005616,PERSON-000222,OBSERVED_IN,CASE-000718,true,true
TRUTH-005617,PERSON-002788,OBSERVED_IN,CASE-000718,true,true
TRUTH-005618,PERSON-001769,SUSPECT_IN,CASE-000719,true,true
TRUTH-005619,PERSON-000072,SUSPECT_IN,CASE-000719,true,true
TRUTH-005620,PERSON-001478,SUSPECT_IN,CASE-000719,true,true
TRUTH-005621,PERSON-001419,SUSPECT_IN,CASE-000719,true,true
TRUTH-005622,PERSON-002954,OBSERVED_IN,CASE-000719,true,true
TRUTH-005623,PERSON-000842,OBSERVED_IN,CASE-000719,true,true
TRUTH-005624,PERSON-001944,OBSERVED_IN,CASE-000719,true,true
TRUTH-005625,PERSON-002256,OBSERVED_IN,CASE-000719,true,true
TRUTH-005626,PERSON-001206,OBSERVED_IN,CASE-000719,true,true
TRUTH-005627,PERSON-000712,OBSERVED_IN,CASE-000719,true,true
TRUTH-005628,PERSON-002684,OBSERVED_IN,CASE-000719,true,true
TRUTH-005629,PERSON-001481,SUSPECT_IN,CASE-000720,true,true
TRUTH-005630,PERSON-001511,SUSPECT_IN,CASE-000720,true,true
TRUTH-005631,PERSON-000682,OBSERVED_IN,CASE-000720,true,true
TRUTH-005632,PERSON-000165,OBSERVED_IN,CASE-000720,true,true
TRUTH-005633,PERSON-002737,OBSERVED_IN,CASE-000720,true,true
TRUTH-005634,PERSON-001059,SUSPECT_IN,CASE-000721,true,true
TRUTH-005635,PERSON-000886,SUSPECT_IN,CASE-000721,true,true
TRUTH-005636,PERSON-000302,SUSPECT_IN,CASE-000721,true,true
TRUTH-005637,PERSON-001615,OBSERVED_IN,CASE-000721,true,true
TRUTH-005638,PERSON-000342,OBSERVED_IN,CASE-000721,true,true
TRUTH-005639,PERSON-002082,OBSERVED_IN,CASE-000721,true,true
TRUTH-005640,PERSON-001880,OBSERVED_IN,CASE-000721,true,true
TRUTH-005641,PERSON-000081,SUSPECT_IN,CASE-000722,true,true
TRUTH-005642,PERSON-002757,SUSPECT_IN,CASE-000722,true,true
TRUTH-005643,PERSON-001589,SUSPECT_IN,CASE-000722,true,true
TRUTH-005644,PERSON-000063,SUSPECT_IN,CASE-000722,true,true
TRUTH-005645,PERSON-002574,SUSPECT_IN,CASE-000722,true,true
TRUTH-005646,PERSON-001861,OBSERVED_IN,CASE-000722,true,true
TRUTH-005647,PERSON-001259,OBSERVED_IN,CASE-000722,true,true
TRUTH-005648,PERSON-001705,SUSPECT_IN,CASE-000723,true,true
TRUTH-005649,PERSON-002408,SUSPECT_IN,CASE-000723,true,true
TRUTH-005650,PERSON-001876,OBSERVED_IN,CASE-000723,true,true
TRUTH-005651,PERSON-002547,OBSERVED_IN,CASE-000723,true,true
TRUTH-005652,PERSON-000040,OBSERVED_IN,CASE-000723,true,true
TRUTH-005653,PERSON-000232,OBSERVED_IN,CASE-000723,true,true
TRUTH-005654,PERSON-001861,SUSPECT_IN,CASE-000724,true,true
TRUTH-005655,PERSON-001259,SUSPECT_IN,CASE-000724,true,true
TRUTH-005656,PERSON-002574,SUSPECT_IN,CASE-000724,true,true
TRUTH-005657,PERSON-000850,SUSPECT_IN,CASE-000724,true,true
TRUTH-005658,PERSON-002428,SUSPECT_IN,CASE-000724,true,true
TRUTH-005659,PERSON-000063,OBSERVED_IN,CASE-000724,true,true
TRUTH-005660,PERSON-002757,OBSERVED_IN,CASE-000724,true,true
TRUTH-005661,PERSON-000863,OBSERVED_IN,CASE-000724,true,true
TRUTH-005662,PERSON-001589,OBSERVED_IN,CASE-000724,true,true
TRUTH-005663,PERSON-001478,SUSPECT_IN,CASE-000725,true,true
TRUTH-005664,PERSON-000886,SUSPECT_IN,CASE-000725,true,true
TRUTH-005665,PERSON-000492,OBSERVED_IN,CASE-000725,true,true
TRUTH-005666,PERSON-000920,OBSERVED_IN,CASE-000725,true,true
TRUTH-005667,PERSON-000144,OBSERVED_IN,CASE-000725,true,true
TRUTH-005668,PERSON-001880,OBSERVED_IN,CASE-000725,true,true
TRUTH-005669,PERSON-002082,OBSERVED_IN,CASE-000725,true,true
TRUTH-005670,PERSON-000305,OBSERVED_IN,CASE-000725,true,true
TRUTH-005671,PERSON-001830,OBSERVED_IN,CASE-000725,true,true
TRUTH-005672,PERSON-000584,SUSPECT_IN,CASE-000726,true,true
TRUTH-005673,PERSON-000576,SUSPECT_IN,CASE-000726,true,true
TRUTH-005674,PERSON-002835,SUSPECT_IN,CASE-000726,true,true
TRUTH-005675,PERSON-000238,SUSPECT_IN,CASE-000726,true,true
TRUTH-005676,PERSON-002715,OBSERVED_IN,CASE-000726,true,true
TRUTH-005677,PERSON-000697,OBSERVED_IN,CASE-000726,true,true
TRUTH-005678,PERSON-002998,OBSERVED_IN,CASE-000726,true,true
TRUTH-005679,PERSON-000484,SUSPECT_IN,CASE-000727,true,true
TRUTH-005680,PERSON-000479,SUSPECT_IN,CASE-000727,true,true
TRUTH-005681,PERSON-001127,SUSPECT_IN,CASE-000727,true,true
TRUTH-005682,PERSON-000862,OBSERVED_IN,CASE-000727,true,true
TRUTH-005683,PERSON-002449,OBSERVED_IN,CASE-000727,true,true
TRUTH-005684,PERSON-000703,OBSERVED_IN,CASE-000727,true,true
TRUTH-005685,PERSON-002004,SUSPECT_IN,CASE-000728,true,true
TRUTH-005686,PERSON-001131,SUSPECT_IN,CASE-000728,true,true
TRUTH-005687,PERSON-000580,SUSPECT_IN,CASE-000728,true,true
TRUTH-005688,PERSON-002215,SUSPECT_IN,CASE-000728,true,true
TRUTH-005689,PERSON-000074,SUSPECT_IN,CASE-000728,true,true
TRUTH-005690,PERSON-000717,SUSPECT_IN,CASE-000728,true,true
TRUTH-005691,PERSON-000622,OBSERVED_IN,CASE-000728,true,true
TRUTH-005692,PERSON-000397,OBSERVED_IN,CASE-000728,true,true
TRUTH-005693,PERSON-001107,OBSERVED_IN,CASE-000728,true,true
TRUTH-005694,PERSON-000538,SUSPECT_IN,CASE-000729,true,true
TRUTH-005695,PERSON-000863,SUSPECT_IN,CASE-000729,true,true
TRUTH-005696,PERSON-002335,SUSPECT_IN,CASE-000729,true,true
TRUTH-005697,PERSON-002517,OBSERVED_IN,CASE-000729,true,true
TRUTH-005698,PERSON-002279,OBSERVED_IN,CASE-000729,true,true
TRUTH-005699,PERSON-001540,OBSERVED_IN,CASE-000729,true,true
TRUTH-005700,PERSON-000621,OBSERVED_IN,CASE-000729,true,true
TRUTH-005701,PERSON-000765,OBSERVED_IN,CASE-000729,true,true
TRUTH-005702,PERSON-002745,OBSERVED_IN,CASE-000729,true,true
TRUTH-005703,PERSON-001205,OBSERVED_IN,CASE-000729,true,true
TRUTH-005704,PERSON-000440,SUSPECT_IN,CASE-000730,true,true
TRUTH-005705,PERSON-002900,SUSPECT_IN,CASE-000730,true,true
TRUTH-005706,PERSON-001558,OBSERVED_IN,CASE-000730,true,true
TRUTH-005707,PERSON-000540,OBSERVED_IN,CASE-000730,true,true
TRUTH-005708,PERSON-001474,OBSERVED_IN,CASE-000730,true,true
TRUTH-005709,PERSON-001262,OBSERVED_IN,CASE-000730,true,true
TRUTH-005710,PERSON-000267,OBSERVED_IN,CASE-000730,true,true
TRUTH-005711,PERSON-000792,OBSERVED_IN,CASE-000730,true,true
TRUTH-005712,PERSON-002618,OBSERVED_IN,CASE-000730,true,true
TRUTH-005713,PERSON-000233,SUSPECT_IN,CASE-000731,true,true
TRUTH-005714,PERSON-001880,SUSPECT_IN,CASE-000731,true,true
TRUTH-005715,PERSON-000144,SUSPECT_IN,CASE-000731,true,true
TRUTH-005716,PERSON-001589,SUSPECT_IN,CASE-000731,true,true
TRUTH-005717,PERSON-000886,OBSERVED_IN,CASE-000731,true,true
TRUTH-005718,PERSON-000305,OBSERVED_IN,CASE-000731,true,true
TRUTH-005719,PERSON-001131,SUSPECT_IN,CASE-000732,true,true
TRUTH-005720,PERSON-000528,SUSPECT_IN,CASE-000732,true,true
TRUTH-005721,PERSON-002136,OBSERVED_IN,CASE-000732,true,true
TRUTH-005722,PERSON-000667,OBSERVED_IN,CASE-000732,true,true
TRUTH-005723,PERSON-001234,OBSERVED_IN,CASE-000732,true,true
TRUTH-005724,PERSON-001182,OBSERVED_IN,CASE-000732,true,true
TRUTH-005725,PERSON-002164,OBSERVED_IN,CASE-000732,true,true
TRUTH-005726,PERSON-002215,OBSERVED_IN,CASE-000732,true,true
TRUTH-005727,PERSON-002757,SUSPECT_IN,CASE-000733,true,true
TRUTH-005728,PERSON-000904,SUSPECT_IN,CASE-000733,true,true
TRUTH-005729,PERSON-001343,SUSPECT_IN,CASE-000733,true,true
TRUTH-005730,PERSON-000697,SUSPECT_IN,CASE-000733,true,true
TRUTH-005731,PERSON-002788,SUSPECT_IN,CASE-000733,true,true
TRUTH-005732,PERSON-000106,OBSERVED_IN,CASE-000733,true,true
TRUTH-005733,PERSON-000230,OBSERVED_IN,CASE-000733,true,true
TRUTH-005734,PERSON-000245,SUSPECT_IN,CASE-000734,true,true
TRUTH-005735,PERSON-002846,SUSPECT_IN,CASE-000734,true,true
TRUTH-005736,PERSON-002304,OBSERVED_IN,CASE-000734,true,true
TRUTH-005737,PERSON-001847,OBSERVED_IN,CASE-000734,true,true
TRUTH-005738,PERSON-001480,SUSPECT_IN,CASE-000735,true,true
TRUTH-005739,PERSON-001596,SUSPECT_IN,CASE-000735,true,true
TRUTH-005740,PERSON-001847,SUSPECT_IN,CASE-000735,true,true
TRUTH-005741,PERSON-000497,SUSPECT_IN,CASE-000735,true,true
TRUTH-005742,PERSON-002438,SUSPECT_IN,CASE-000735,true,true
TRUTH-005743,PERSON-001792,SUSPECT_IN,CASE-000735,true,true
TRUTH-005744,PERSON-000886,OBSERVED_IN,CASE-000735,true,true
TRUTH-005745,PERSON-000635,OBSERVED_IN,CASE-000735,true,true
TRUTH-005746,PERSON-001363,OBSERVED_IN,CASE-000735,true,true
TRUTH-005747,PERSON-000060,OBSERVED_IN,CASE-000735,true,true
TRUTH-005748,PERSON-000667,SUSPECT_IN,CASE-000736,true,true
TRUTH-005749,PERSON-000405,SUSPECT_IN,CASE-000736,true,true
TRUTH-005750,PERSON-002558,SUSPECT_IN,CASE-000736,true,true
TRUTH-005751,PERSON-000397,SUSPECT_IN,CASE-000736,true,true
TRUTH-005752,PERSON-002900,SUSPECT_IN,CASE-000736,true,true
TRUTH-005753,PERSON-002136,OBSERVED_IN,CASE-000736,true,true
TRUTH-005754,PERSON-000784,OBSERVED_IN,CASE-000736,true,true
TRUTH-005755,PERSON-002986,SUSPECT_IN,CASE-000737,true,true
TRUTH-005756,PERSON-002068,SUSPECT_IN,CASE-000737,true,true
TRUTH-005757,PERSON-000613,SUSPECT_IN,CASE-000737,true,true
TRUTH-005758,PERSON-001578,SUSPECT_IN,CASE-000737,true,true
TRUTH-005759,PERSON-000822,SUSPECT_IN,CASE-000737,true,true
TRUTH-005760,PERSON-001425,OBSERVED_IN,CASE-000737,true,true
TRUTH-005761,PERSON-001071,OBSERVED_IN,CASE-000737,true,true
TRUTH-005762,PERSON-002759,OBSERVED_IN,CASE-000737,true,true
TRUTH-005763,PERSON-001363,SUSPECT_IN,CASE-000738,true,true
TRUTH-005764,PERSON-001255,SUSPECT_IN,CASE-000738,true,true
TRUTH-005765,PERSON-002438,OBSERVED_IN,CASE-000738,true,true
TRUTH-005766,PERSON-001480,OBSERVED_IN,CASE-000738,true,true
TRUTH-005767,PERSON-002896,OBSERVED_IN,CASE-000738,true,true
TRUTH-005768,PERSON-002998,SUSPECT_IN,CASE-000739,true,true
TRUTH-005769,PERSON-000697,SUSPECT_IN,CASE-000739,true,true
TRUTH-005770,PERSON-002675,SUSPECT_IN,CASE-000739,true,true
TRUTH-005771,PERSON-000948,SUSPECT_IN,CASE-000739,true,true
TRUTH-005772,PERSON-000063,SUSPECT_IN,CASE-000739,true,true
TRUTH-005773,PERSON-001664,OBSERVED_IN,CASE-000739,true,true
TRUTH-005774,PERSON-001343,OBSERVED_IN,CASE-000739,true,true
TRUTH-005775,PERSON-000576,OBSERVED_IN,CASE-000739,true,true
TRUTH-005776,PERSON-000904,OBSERVED_IN,CASE-000739,true,true
TRUTH-005777,PERSON-000584,OBSERVED_IN,CASE-000739,true,true
TRUTH-005778,PERSON-000230,OBSERVED_IN,CASE-000739,true,true
TRUTH-005779,PERSON-002574,SUSPECT_IN,CASE-000740,true,true
TRUTH-005780,PERSON-000081,SUSPECT_IN,CASE-000740,true,true
TRUTH-005781,PERSON-002757,SUSPECT_IN,CASE-000740,true,true
TRUTH-005782,PERSON-000063,SUSPECT_IN,CASE-000740,true,true
TRUTH-005783,PERSON-001259,SUSPECT_IN,CASE-000740,true,true
TRUTH-005784,PERSON-001861,SUSPECT_IN,CASE-000740,true,true
TRUTH-005785,PERSON-000850,OBSERVED_IN,CASE-000740,true,true
TRUTH-005786,PERSON-002393,SUSPECT_IN,CASE-000741,true,true
TRUTH-005787,PERSON-001847,SUSPECT_IN,CASE-000741,true,true
TRUTH-005788,PERSON-002017,SUSPECT_IN,CASE-000741,true,true
TRUTH-005789,PERSON-001578,OBSERVED_IN,CASE-000741,true,true
TRUTH-005790,PERSON-000825,OBSERVED_IN,CASE-000741,true,true
TRUTH-005791,PERSON-001029,OBSERVED_IN,CASE-000741,true,true
TRUTH-005792,PERSON-001780,SUSPECT_IN,CASE-000742,true,true
TRUTH-005793,PERSON-002846,SUSPECT_IN,CASE-000742,true,true
TRUTH-005794,PERSON-002304,SUSPECT_IN,CASE-000742,true,true
TRUTH-005795,PERSON-000488,SUSPECT_IN,CASE-000742,true,true
TRUTH-005796,PERSON-001691,OBSERVED_IN,CASE-000742,true,true
TRUTH-005797,PERSON-002393,OBSERVED_IN,CASE-000742,true,true
TRUTH-005798,PERSON-002408,OBSERVED_IN,CASE-000742,true,true
TRUTH-005799,PERSON-002618,SUSPECT_IN,CASE-000743,true,true
TRUTH-005800,PERSON-000440,SUSPECT_IN,CASE-000743,true,true
TRUTH-005801,PERSON-002060,SUSPECT_IN,CASE-000743,true,true
TRUTH-005802,PERSON-000540,SUSPECT_IN,CASE-000743,true,true
TRUTH-005803,PERSON-001610,SUSPECT_IN,CASE-000743,true,true
TRUTH-005804,PERSON-000180,SUSPECT_IN,CASE-000743,true,true
TRUTH-005805,PERSON-001558,OBSERVED_IN,CASE-000743,true,true
TRUTH-005806,PERSON-002821,OBSERVED_IN,CASE-000743,true,true
TRUTH-005807,PERSON-001474,OBSERVED_IN,CASE-000743,true,true
TRUTH-005808,PERSON-002900,OBSERVED_IN,CASE-000743,true,true
TRUTH-005809,PERSON-001757,OBSERVED_IN,CASE-000743,true,true
TRUTH-005810,PERSON-000676,SUSPECT_IN,CASE-000744,true,true
TRUTH-005811,PERSON-002124,SUSPECT_IN,CASE-000744,true,true
TRUTH-005812,PERSON-001311,SUSPECT_IN,CASE-000744,true,true
TRUTH-005813,PERSON-000575,SUSPECT_IN,CASE-000744,true,true
TRUTH-005814,PERSON-001589,SUSPECT_IN,CASE-000744,true,true
TRUTH-005815,PERSON-000479,OBSERVED_IN,CASE-000744,true,true
TRUTH-005816,PERSON-000497,OBSERVED_IN,CASE-000744,true,true
TRUTH-005817,PERSON-002507,OBSERVED_IN,CASE-000744,true,true
TRUTH-005818,PERSON-001686,OBSERVED_IN,CASE-000744,true,true
TRUTH-005819,PERSON-002901,OBSERVED_IN,CASE-000744,true,true
TRUTH-005820,PERSON-000393,OBSERVED_IN,CASE-000744,true,true
TRUTH-005821,PERSON-000488,SUSPECT_IN,CASE-000745,true,true
TRUTH-005822,PERSON-000621,SUSPECT_IN,CASE-000745,true,true
TRUTH-005823,PERSON-001992,SUSPECT_IN,CASE-000745,true,true
TRUTH-005824,PERSON-001544,SUSPECT_IN,CASE-000745,true,true
TRUTH-005825,PERSON-002745,SUSPECT_IN,CASE-000745,true,true
TRUTH-005826,PERSON-000083,OBSERVED_IN,CASE-000745,true,true
TRUTH-005827,PERSON-001890,SUSPECT_IN,CASE-000746,true,true
TRUTH-005828,PERSON-002164,SUSPECT_IN,CASE-000746,true,true
TRUTH-005829,PERSON-002847,SUSPECT_IN,CASE-000746,true,true
TRUTH-005830,PERSON-001182,OBSERVED_IN,CASE-000746,true,true
TRUTH-005831,PERSON-002197,SUSPECT_IN,CASE-000747,true,true
TRUTH-005832,PERSON-002132,SUSPECT_IN,CASE-000747,true,true
TRUTH-005833,PERSON-001863,SUSPECT_IN,CASE-000747,true,true
TRUTH-005834,PERSON-001301,SUSPECT_IN,CASE-000747,true,true
TRUTH-005835,PERSON-001419,OBSERVED_IN,CASE-000747,true,true
TRUTH-005836,PERSON-000121,OBSERVED_IN,CASE-000747,true,true
TRUTH-005837,PERSON-001172,OBSERVED_IN,CASE-000747,true,true
TRUTH-005838,PERSON-002066,OBSERVED_IN,CASE-000747,true,true
TRUTH-005839,PERSON-001805,OBSERVED_IN,CASE-000747,true,true
TRUTH-005840,PERSON-000096,OBSERVED_IN,CASE-000747,true,true
TRUTH-005841,PERSON-000106,SUSPECT_IN,CASE-000748,true,true
TRUTH-005842,PERSON-001343,SUSPECT_IN,CASE-000748,true,true
TRUTH-005843,PERSON-000584,SUSPECT_IN,CASE-000748,true,true
TRUTH-005844,PERSON-000230,SUSPECT_IN,CASE-000748,true,true
TRUTH-005845,PERSON-000682,SUSPECT_IN,CASE-000748,true,true
TRUTH-005846,PERSON-000948,OBSERVED_IN,CASE-000748,true,true
TRUTH-005847,PERSON-001007,SUSPECT_IN,CASE-000749,true,true
TRUTH-005848,PERSON-002017,SUSPECT_IN,CASE-000749,true,true
TRUTH-005849,PERSON-000524,SUSPECT_IN,CASE-000749,true,true
TRUTH-005850,PERSON-000763,SUSPECT_IN,CASE-000749,true,true
TRUTH-005851,PERSON-001679,OBSERVED_IN,CASE-000749,true,true
TRUTH-005852,PERSON-000783,OBSERVED_IN,CASE-000749,true,true
TRUTH-005853,PERSON-002900,SUSPECT_IN,CASE-000750,true,true
TRUTH-005854,PERSON-001474,SUSPECT_IN,CASE-000750,true,true
TRUTH-005855,PERSON-000440,SUSPECT_IN,CASE-000750,true,true
TRUTH-005856,PERSON-001384,SUSPECT_IN,CASE-000750,true,true
TRUTH-005857,PERSON-001115,OBSERVED_IN,CASE-000750,true,true
TRUTH-005858,PERSON-002060,OBSERVED_IN,CASE-000750,true,true
TRUTH-005859,PERSON-002821,OBSERVED_IN,CASE-000750,true,true
TRUTH-005860,PERSON-001343,SUSPECT_IN,CASE-000751,true,true
TRUTH-005861,PERSON-000106,SUSPECT_IN,CASE-000751,true,true
TRUTH-005862,PERSON-000697,SUSPECT_IN,CASE-000751,true,true
TRUTH-005863,PERSON-002675,SUSPECT_IN,CASE-000751,true,true
TRUTH-005864,PERSON-000948,SUSPECT_IN,CASE-000751,true,true
TRUTH-005865,PERSON-002006,SUSPECT_IN,CASE-000751,true,true
TRUTH-005866,PERSON-002835,OBSERVED_IN,CASE-000751,true,true
TRUTH-005867,PERSON-000576,OBSERVED_IN,CASE-000751,true,true
TRUTH-005868,PERSON-002757,OBSERVED_IN,CASE-000751,true,true
TRUTH-005869,PERSON-002715,OBSERVED_IN,CASE-000751,true,true
TRUTH-005870,PERSON-002418,SUSPECT_IN,CASE-000752,true,true
TRUTH-005871,PERSON-002771,SUSPECT_IN,CASE-000752,true,true
TRUTH-005872,PERSON-000288,SUSPECT_IN,CASE-000752,true,true
TRUTH-005873,PERSON-002077,SUSPECT_IN,CASE-000752,true,true
TRUTH-005874,PERSON-000092,SUSPECT_IN,CASE-000752,true,true
TRUTH-005875,PERSON-001419,OBSERVED_IN,CASE-000752,true,true
TRUTH-005876,PERSON-000423,OBSERVED_IN,CASE-000752,true,true
TRUTH-005877,PERSON-000792,SUSPECT_IN,CASE-000753,true,true
TRUTH-005878,PERSON-002900,SUSPECT_IN,CASE-000753,true,true
TRUTH-005879,PERSON-001610,SUSPECT_IN,CASE-000753,true,true
TRUTH-005880,PERSON-000267,SUSPECT_IN,CASE-000753,true,true
TRUTH-005881,PERSON-000180,OBSERVED_IN,CASE-000753,true,true
TRUTH-005882,PERSON-000540,OBSERVED_IN,CASE-000753,true,true
TRUTH-005883,PERSON-002750,SUSPECT_IN,CASE-000754,true,true
TRUTH-005884,PERSON-001589,SUSPECT_IN,CASE-000754,true,true
TRUTH-005885,PERSON-000351,SUSPECT_IN,CASE-000754,true,true
TRUTH-005886,PERSON-001667,SUSPECT_IN,CASE-000754,true,true
TRUTH-005887,PERSON-001558,SUSPECT_IN,CASE-000754,true,true
TRUTH-005888,PERSON-000146,SUSPECT_IN,CASE-000754,true,true
TRUTH-005889,PERSON-000106,SUSPECT_IN,CASE-000755,true,true
TRUTH-005890,PERSON-001706,SUSPECT_IN,CASE-000755,true,true
TRUTH-005891,PERSON-000895,SUSPECT_IN,CASE-000755,true,true
TRUTH-005892,PERSON-001536,SUSPECT_IN,CASE-000755,true,true
TRUTH-005893,PERSON-000647,SUSPECT_IN,CASE-000755,true,true
TRUTH-005894,PERSON-002846,SUSPECT_IN,CASE-000755,true,true
TRUTH-005895,PERSON-000648,OBSERVED_IN,CASE-000755,true,true
TRUTH-005896,PERSON-001788,OBSERVED_IN,CASE-000755,true,true
TRUTH-005897,PERSON-000259,OBSERVED_IN,CASE-000755,true,true
TRUTH-005898,PERSON-000898,OBSERVED_IN,CASE-000755,true,true
TRUTH-005899,PERSON-000544,SUSPECT_IN,CASE-000756,true,true
TRUTH-005900,PERSON-000832,SUSPECT_IN,CASE-000756,true,true
TRUTH-005901,PERSON-000506,OBSERVED_IN,CASE-000756,true,true
TRUTH-005902,PERSON-002576,OBSERVED_IN,CASE-000756,true,true
TRUTH-005903,PERSON-000046,OBSERVED_IN,CASE-000756,true,true
TRUTH-005904,PERSON-000920,OBSERVED_IN,CASE-000756,true,true
TRUTH-005905,PERSON-000390,OBSERVED_IN,CASE-000756,true,true
TRUTH-005906,PERSON-002660,OBSERVED_IN,CASE-000756,true,true
TRUTH-005907,PERSON-001337,OBSERVED_IN,CASE-000756,true,true
TRUTH-005908,PERSON-001847,SUSPECT_IN,CASE-000757,true,true
TRUTH-005909,PERSON-001334,SUSPECT_IN,CASE-000757,true,true
TRUTH-005910,PERSON-002122,SUSPECT_IN,CASE-000757,true,true
TRUTH-005911,PERSON-000943,OBSERVED_IN,CASE-000757,true,true
TRUTH-005912,PERSON-002846,OBSERVED_IN,CASE-000757,true,true
TRUTH-005913,PERSON-000622,SUSPECT_IN,CASE-000758,true,true
TRUTH-005914,PERSON-001131,SUSPECT_IN,CASE-000758,true,true
TRUTH-005915,PERSON-002215,SUSPECT_IN,CASE-000758,true,true
TRUTH-005916,PERSON-001182,SUSPECT_IN,CASE-000758,true,true
TRUTH-005917,PERSON-000074,SUSPECT_IN,CASE-000758,true,true
TRUTH-005918,PERSON-000784,SUSPECT_IN,CASE-000758,true,true
TRUTH-005919,PERSON-002499,OBSERVED_IN,CASE-000758,true,true
TRUTH-005920,PERSON-000850,SUSPECT_IN,CASE-000759,true,true
TRUTH-005921,PERSON-000063,SUSPECT_IN,CASE-000759,true,true
TRUTH-005922,PERSON-001757,SUSPECT_IN,CASE-000759,true,true
TRUTH-005923,PERSON-000081,OBSERVED_IN,CASE-000759,true,true
TRUTH-005924,PERSON-001259,OBSERVED_IN,CASE-000759,true,true
TRUTH-005925,PERSON-001861,OBSERVED_IN,CASE-000759,true,true
TRUTH-005926,PERSON-002574,OBSERVED_IN,CASE-000759,true,true
TRUTH-005927,PERSON-000863,OBSERVED_IN,CASE-000759,true,true
TRUTH-005928,PERSON-002757,OBSERVED_IN,CASE-000759,true,true
TRUTH-005929,PERSON-001589,OBSERVED_IN,CASE-000759,true,true
TRUTH-005930,PERSON-002873,SUSPECT_IN,CASE-000760,true,true
TRUTH-005931,PERSON-001544,SUSPECT_IN,CASE-000760,true,true
TRUTH-005932,PERSON-001543,SUSPECT_IN,CASE-000760,true,true
TRUTH-005933,PERSON-001780,SUSPECT_IN,CASE-000760,true,true
TRUTH-005934,PERSON-000921,OBSERVED_IN,CASE-000760,true,true
TRUTH-005935,PERSON-001965,OBSERVED_IN,CASE-000760,true,true
TRUTH-005936,PERSON-000083,OBSERVED_IN,CASE-000760,true,true
TRUTH-005937,PERSON-002999,OBSERVED_IN,CASE-000760,true,true
TRUTH-005938,PERSON-000765,OBSERVED_IN,CASE-000760,true,true
TRUTH-005939,PERSON-002745,OBSERVED_IN,CASE-000760,true,true
TRUTH-005940,PERSON-001780,SUSPECT_IN,CASE-000761,true,true
TRUTH-005941,PERSON-002368,SUSPECT_IN,CASE-000761,true,true
TRUTH-005942,PERSON-000260,OBSERVED_IN,CASE-000761,true,true
TRUTH-005943,PERSON-000245,OBSERVED_IN,CASE-000761,true,true
TRUTH-005944,PERSON-002846,OBSERVED_IN,CASE-000761,true,true
TRUTH-005945,PERSON-000374,OBSERVED_IN,CASE-000761,true,true
TRUTH-005946,PERSON-001578,OBSERVED_IN,CASE-000761,true,true
TRUTH-005947,PERSON-002304,OBSERVED_IN,CASE-000761,true,true
TRUTH-005948,PERSON-000074,SUSPECT_IN,CASE-000762,true,true
TRUTH-005949,PERSON-000130,SUSPECT_IN,CASE-000762,true,true
TRUTH-005950,PERSON-002558,OBSERVED_IN,CASE-000762,true,true
TRUTH-005951,PERSON-000717,OBSERVED_IN,CASE-000762,true,true
TRUTH-005952,PERSON-000667,OBSERVED_IN,CASE-000762,true,true
TRUTH-005953,PERSON-001234,OBSERVED_IN,CASE-000762,true,true
TRUTH-005954,PERSON-001890,OBSERVED_IN,CASE-000762,true,true
TRUTH-005955,PERSON-000405,OBSERVED_IN,CASE-000762,true,true
TRUTH-005956,PERSON-001115,SUSPECT_IN,CASE-000763,true,true
TRUTH-005957,PERSON-000267,SUSPECT_IN,CASE-000763,true,true
TRUTH-005958,PERSON-002275,SUSPECT_IN,CASE-000763,true,true
TRUTH-005959,PERSON-000540,OBSERVED_IN,CASE-000763,true,true
TRUTH-005960,PERSON-001474,OBSERVED_IN,CASE-000763,true,true
TRUTH-005961,PERSON-000180,OBSERVED_IN,CASE-000763,true,true
TRUTH-005962,PERSON-001610,OBSERVED_IN,CASE-000763,true,true
TRUTH-005963,PERSON-000792,OBSERVED_IN,CASE-000763,true,true
TRUTH-005964,PERSON-000697,SUSPECT_IN,CASE-000764,true,true
TRUTH-005965,PERSON-001315,SUSPECT_IN,CASE-000764,true,true
TRUTH-005966,PERSON-001343,SUSPECT_IN,CASE-000764,true,true
TRUTH-005967,PERSON-001664,SUSPECT_IN,CASE-000764,true,true
TRUTH-005968,PERSON-002998,OBSERVED_IN,CASE-000764,true,true
TRUTH-005969,PERSON-002835,OBSERVED_IN,CASE-000764,true,true
TRUTH-005970,PERSON-000904,OBSERVED_IN,CASE-000764,true,true
TRUTH-005971,PERSON-000230,OBSERVED_IN,CASE-000764,true,true
TRUTH-005972,PERSON-002715,OBSERVED_IN,CASE-000764,true,true
TRUTH-005973,PERSON-002737,SUSPECT_IN,CASE-000765,true,true
TRUTH-005974,PERSON-001481,SUSPECT_IN,CASE-000765,true,true
TRUTH-005975,PERSON-000032,SUSPECT_IN,CASE-000765,true,true
TRUTH-005976,PERSON-001805,SUSPECT_IN,CASE-000765,true,true
TRUTH-005977,PERSON-000682,OBSERVED_IN,CASE-000765,true,true
TRUTH-005978,PERSON-000275,OBSERVED_IN,CASE-000765,true,true
TRUTH-005979,PERSON-002068,OBSERVED_IN,CASE-000765,true,true
TRUTH-005980,PERSON-002896,SUSPECT_IN,CASE-000766,true,true
TRUTH-005981,PERSON-000060,SUSPECT_IN,CASE-000766,true,true
TRUTH-005982,PERSON-002675,SUSPECT_IN,CASE-000766,true,true
TRUTH-005983,PERSON-001107,SUSPECT_IN,CASE-000766,true,true
TRUTH-005984,PERSON-002438,OBSERVED_IN,CASE-000766,true,true
TRUTH-005985,PERSON-001363,OBSERVED_IN,CASE-000766,true,true
TRUTH-005986,PERSON-001558,SUSPECT_IN,CASE-000767,true,true
TRUTH-005987,PERSON-000440,SUSPECT_IN,CASE-000767,true,true
TRUTH-005988,PERSON-001367,SUSPECT_IN,CASE-000767,true,true
TRUTH-005989,PERSON-002900,OBSERVED_IN,CASE-000767,true,true
TRUTH-005990,PERSON-002060,OBSERVED_IN,CASE-000767,true,true
TRUTH-005991,PERSON-000180,OBSERVED_IN,CASE-000767,true,true
TRUTH-005992,PERSON-001343,SUSPECT_IN,CASE-000768,true,true
TRUTH-005993,PERSON-001664,SUSPECT_IN,CASE-000768,true,true
TRUTH-005994,PERSON-002675,SUSPECT_IN,CASE-000768,true,true
TRUTH-005995,PERSON-000576,SUSPECT_IN,CASE-000768,true,true
TRUTH-005996,PERSON-002408,SUSPECT_IN,CASE-000768,true,true
TRUTH-005997,PERSON-000948,OBSERVED_IN,CASE-000768,true,true
TRUTH-005998,PERSON-001041,SUSPECT_IN,CASE-000769,true,true
TRUTH-005999,PERSON-001558,SUSPECT_IN,CASE-000769,true,true
TRUTH-006000,PERSON-001670,SUSPECT_IN,CASE-000769,true,true
TRUTH-006001,PERSON-000146,SUSPECT_IN,CASE-000769,true,true
TRUTH-006002,PERSON-002750,SUSPECT_IN,CASE-000769,true,true
TRUTH-006003,PERSON-001258,SUSPECT_IN,CASE-000769,true,true
TRUTH-006004,PERSON-001210,OBSERVED_IN,CASE-000769,true,true
TRUTH-006005,PERSON-001589,OBSERVED_IN,CASE-000769,true,true
TRUTH-006006,PERSON-002618,SUSPECT_IN,CASE-000770,true,true
TRUTH-006007,PERSON-000540,SUSPECT_IN,CASE-000770,true,true
TRUTH-006008,PERSON-000267,SUSPECT_IN,CASE-000770,true,true
TRUTH-006009,PERSON-000792,SUSPECT_IN,CASE-000770,true,true
TRUTH-006010,PERSON-000440,SUSPECT_IN,CASE-000770,true,true
TRUTH-006011,PERSON-000180,SUSPECT_IN,CASE-000770,true,true
TRUTH-006012,PERSON-001115,OBSERVED_IN,CASE-000770,true,true
TRUTH-006013,PERSON-001558,OBSERVED_IN,CASE-000770,true,true
TRUTH-006014,PERSON-002821,OBSERVED_IN,CASE-000770,true,true
TRUTH-006015,PERSON-000611,SUSPECT_IN,CASE-000771,true,true
TRUTH-006016,PERSON-000140,SUSPECT_IN,CASE-000771,true,true
TRUTH-006017,PERSON-002847,OBSERVED_IN,CASE-000771,true,true
TRUTH-006018,PERSON-000886,OBSERVED_IN,CASE-000771,true,true
TRUTH-006019,PERSON-001480,OBSERVED_IN,CASE-000771,true,true
TRUTH-006020,PERSON-002922,OBSERVED_IN,CASE-000771,true,true
TRUTH-006021,PERSON-000635,SUSPECT_IN,CASE-000772,true,true
TRUTH-006022,PERSON-002713,SUSPECT_IN,CASE-000772,true,true
TRUTH-006023,PERSON-000886,SUSPECT_IN,CASE-000772,true,true
TRUTH-006024,PERSON-001480,SUSPECT_IN,CASE-000772,true,true
TRUTH-006025,PERSON-001131,SUSPECT_IN,CASE-000772,true,true
TRUTH-006026,PERSON-000611,OBSERVED_IN,CASE-000772,true,true
TRUTH-006027,PERSON-002438,OBSERVED_IN,CASE-000772,true,true
TRUTH-006028,PERSON-001596,OBSERVED_IN,CASE-000772,true,true
TRUTH-006029,PERSON-002896,OBSERVED_IN,CASE-000772,true,true
TRUTH-006030,PERSON-002847,OBSERVED_IN,CASE-000772,true,true
TRUTH-006031,PERSON-001648,SUSPECT_IN,CASE-000773,true,true
TRUTH-006032,PERSON-000449,SUSPECT_IN,CASE-000773,true,true
TRUTH-006033,PERSON-000540,SUSPECT_IN,CASE-000773,true,true
TRUTH-006034,PERSON-001066,OBSERVED_IN,CASE-000773,true,true
TRUTH-006035,PERSON-001194,OBSERVED_IN,CASE-000773,true,true
TRUTH-006036,PERSON-002034,OBSERVED_IN,CASE-000773,true,true
TRUTH-006037,PERSON-002970,OBSERVED_IN,CASE-000773,true,true
TRUTH-006038,PERSON-002371,OBSERVED_IN,CASE-000773,true,true
TRUTH-006039,PERSON-000488,SUSPECT_IN,CASE-000774,true,true
TRUTH-006040,PERSON-002279,SUSPECT_IN,CASE-000774,true,true
TRUTH-006041,PERSON-000863,SUSPECT_IN,CASE-000774,true,true
TRUTH-006042,PERSON-001898,SUSPECT_IN,CASE-000774,true,true
TRUTH-006043,PERSON-002999,SUSPECT_IN,CASE-000774,true,true
TRUTH-006044,PERSON-000863,SUSPECT_IN,CASE-000774,true,true
TRUTH-006045,PERSON-002517,OBSERVED_IN,CASE-000774,true,true
TRUTH-006046,PERSON-000538,OBSERVED_IN,CASE-000774,true,true
TRUTH-006047,PERSON-001544,OBSERVED_IN,CASE-000774,true,true
TRUTH-006048,PERSON-001540,OBSERVED_IN,CASE-000774,true,true
TRUTH-006049,PERSON-002745,OBSERVED_IN,CASE-000774,true,true
TRUTH-006050,PERSON-002020,SUSPECT_IN,CASE-000775,true,true
TRUTH-006051,PERSON-002873,SUSPECT_IN,CASE-000775,true,true
TRUTH-006052,PERSON-000083,SUSPECT_IN,CASE-000775,true,true
TRUTH-006053,PERSON-000357,SUSPECT_IN,CASE-000775,true,true
TRUTH-006054,PERSON-001992,SUSPECT_IN,CASE-000775,true,true
TRUTH-006055,PERSON-002745,OBSERVED_IN,CASE-000775,true,true
TRUTH-006056,PERSON-002517,OBSERVED_IN,CASE-000775,true,true
TRUTH-006057,PERSON-001543,OBSERVED_IN,CASE-000775,true,true
TRUTH-006058,PERSON-000063,SUSPECT_IN,CASE-000776,true,true
TRUTH-006059,PERSON-000081,SUSPECT_IN,CASE-000776,true,true
TRUTH-006060,PERSON-002757,SUSPECT_IN,CASE-000776,true,true
TRUTH-006061,PERSON-000863,SUSPECT_IN,CASE-000776,true,true
TRUTH-006062,PERSON-001589,SUSPECT_IN,CASE-000776,true,true
TRUTH-006063,PERSON-002034,SUSPECT_IN,CASE-000776,true,true
TRUTH-006064,PERSON-000850,OBSERVED_IN,CASE-000776,true,true
TRUTH-006065,PERSON-001259,OBSERVED_IN,CASE-000776,true,true
TRUTH-006066,PERSON-001898,SUSPECT_IN,CASE-000777,true,true
TRUTH-006067,PERSON-000765,SUSPECT_IN,CASE-000777,true,true
TRUTH-006068,PERSON-001107,SUSPECT_IN,CASE-000777,true,true
TRUTH-006069,PERSON-000357,OBSERVED_IN,CASE-000777,true,true
TRUTH-006070,PERSON-001543,OBSERVED_IN,CASE-000777,true,true
TRUTH-006071,PERSON-001540,OBSERVED_IN,CASE-000777,true,true
TRUTH-006072,PERSON-001544,OBSERVED_IN,CASE-000777,true,true
TRUTH-006073,PERSON-001873,SUSPECT_IN,CASE-000778,true,true
TRUTH-006074,PERSON-000597,SUSPECT_IN,CASE-000778,true,true
TRUTH-006075,PERSON-002660,SUSPECT_IN,CASE-000778,true,true
TRUTH-006076,PERSON-002879,SUSPECT_IN,CASE-000778,true,true
TRUTH-006077,PERSON-000769,SUSPECT_IN,CASE-000778,true,true
TRUTH-006078,PERSON-001861,SUSPECT_IN,CASE-000778,true,true
TRUTH-006079,PERSON-001507,OBSERVED_IN,CASE-000778,true,true
TRUTH-006080,PERSON-000046,OBSERVED_IN,CASE-000778,true,true
TRUTH-006081,PERSON-000390,OBSERVED_IN,CASE-000778,true,true
TRUTH-006082,PERSON-000927,OBSERVED_IN,CASE-000778,true,true
TRUTH-006083,PERSON-002335,OBSERVED_IN,CASE-000778,true,true
TRUTH-006084,PERSON-000042,SUSPECT_IN,CASE-000779,true,true
TRUTH-006085,PERSON-000032,SUSPECT_IN,CASE-000779,true,true
TRUTH-006086,PERSON-000473,SUSPECT_IN,CASE-000779,true,true
TRUTH-006087,PERSON-002068,SUSPECT_IN,CASE-000779,true,true
TRUTH-006088,PERSON-001589,SUSPECT_IN,CASE-000779,true,true
TRUTH-006089,PERSON-000682,OBSERVED_IN,CASE-000779,true,true
TRUTH-006090,PERSON-000165,OBSERVED_IN,CASE-000779,true,true
TRUTH-006091,PERSON-002737,OBSERVED_IN,CASE-000779,true,true
TRUTH-006092,PERSON-001578,SUSPECT_IN,CASE-000780,true,true
TRUTH-006093,PERSON-000374,SUSPECT_IN,CASE-000780,true,true
TRUTH-006094,PERSON-002393,SUSPECT_IN,CASE-000780,true,true
TRUTH-006095,PERSON-001747,SUSPECT_IN,CASE-000780,true,true
TRUTH-006096,PERSON-002304,SUSPECT_IN,CASE-000780,true,true
TRUTH-006097,PERSON-000245,OBSERVED_IN,CASE-000780,true,true
TRUTH-006098,PERSON-001780,OBSERVED_IN,CASE-000780,true,true
TRUTH-006099,PERSON-002846,OBSERVED_IN,CASE-000780,true,true
TRUTH-006100,PERSON-002408,OBSERVED_IN,CASE-000780,true,true
TRUTH-006101,PERSON-001847,OBSERVED_IN,CASE-000780,true,true
TRUTH-006102,PERSON-001029,OBSERVED_IN,CASE-000780,true,true
TRUTH-006103,PERSON-001667,SUSPECT_IN,CASE-000781,true,true
TRUTH-006104,PERSON-001589,SUSPECT_IN,CASE-000781,true,true
TRUTH-006105,PERSON-001210,SUSPECT_IN,CASE-000781,true,true
TRUTH-006106,PERSON-002750,SUSPECT_IN,CASE-000781,true,true
TRUTH-006107,PERSON-001558,SUSPECT_IN,CASE-000781,true,true
TRUTH-006108,PERSON-002215,SUSPECT_IN,CASE-000781,true,true
TRUTH-006109,PERSON-001670,OBSERVED_IN,CASE-000781,true,true
TRUTH-006110,PERSON-000351,OBSERVED_IN,CASE-000781,true,true
TRUTH-006111,PERSON-001861,SUSPECT_IN,CASE-000782,true,true
TRUTH-006112,PERSON-000081,SUSPECT_IN,CASE-000782,true,true
TRUTH-006113,PERSON-001589,SUSPECT_IN,CASE-000782,true,true
TRUTH-006114,PERSON-002574,SUSPECT_IN,CASE-000782,true,true
TRUTH-006115,PERSON-000850,SUSPECT_IN,CASE-000782,true,true
TRUTH-006116,PERSON-000863,OBSERVED_IN,CASE-000782,true,true
TRUTH-006117,PERSON-002757,OBSERVED_IN,CASE-000782,true,true
TRUTH-006118,PERSON-000063,OBSERVED_IN,CASE-000782,true,true
TRUTH-006119,PERSON-002873,SUSPECT_IN,CASE-000783,true,true
TRUTH-006120,PERSON-000538,SUSPECT_IN,CASE-000783,true,true
TRUTH-006121,PERSON-002517,SUSPECT_IN,CASE-000783,true,true
TRUTH-006122,PERSON-001205,SUSPECT_IN,CASE-000783,true,true
TRUTH-006123,PERSON-002020,SUSPECT_IN,CASE-000783,true,true
TRUTH-006124,PERSON-002745,SUSPECT_IN,CASE-000783,true,true
TRUTH-006125,PERSON-001898,OBSERVED_IN,CASE-000783,true,true
TRUTH-006126,PERSON-001544,OBSERVED_IN,CASE-000783,true,true
TRUTH-006127,PERSON-002998,SUSPECT_IN,CASE-000784,true,true
TRUTH-006128,PERSON-001343,SUSPECT_IN,CASE-000784,true,true
TRUTH-006129,PERSON-000106,SUSPECT_IN,CASE-000784,true,true
TRUTH-006130,PERSON-002835,SUSPECT_IN,CASE-000784,true,true
TRUTH-006131,PERSON-000697,SUSPECT_IN,CASE-000784,true,true
TRUTH-006132,PERSON-000948,OBSERVED_IN,CASE-000784,true,true
TRUTH-006133,PERSON-001480,SUSPECT_IN,CASE-000785,true,true
TRUTH-006134,PERSON-001758,SUSPECT_IN,CASE-000785,true,true
TRUTH-006135,PERSON-001596,OBSERVED_IN,CASE-000785,true,true
TRUTH-006136,PERSON-001363,OBSERVED_IN,CASE-000785,true,true
TRUTH-006137,PERSON-002896,OBSERVED_IN,CASE-000785,true,true
TRUTH-006138,PERSON-002847,OBSERVED_IN,CASE-000785,true,true
TRUTH-006139,PERSON-000635,OBSERVED_IN,CASE-000785,true,true
TRUTH-006140,PERSON-000351,SUSPECT_IN,CASE-000786,true,true
TRUTH-006141,PERSON-001589,SUSPECT_IN,CASE-000786,true,true
TRUTH-006142,PERSON-002835,SUSPECT_IN,CASE-000786,true,true
TRUTH-006143,PERSON-000146,OBSERVED_IN,CASE-000786,true,true
TRUTH-006144,PERSON-001210,OBSERVED_IN,CASE-000786,true,true
TRUTH-006145,PERSON-001667,OBSERVED_IN,CASE-000786,true,true
TRUTH-006146,PERSON-001558,OBSERVED_IN,CASE-000786,true,true
TRUTH-006147,PERSON-002750,OBSERVED_IN,CASE-000786,true,true
TRUTH-006148,PERSON-001041,OBSERVED_IN,CASE-000786,true,true
TRUTH-006149,PERSON-001670,OBSERVED_IN,CASE-000786,true,true
TRUTH-006150,PERSON-002757,SUSPECT_IN,CASE-000787,true,true
TRUTH-006151,PERSON-001521,SUSPECT_IN,CASE-000787,true,true
TRUTH-006152,PERSON-001861,OBSERVED_IN,CASE-000787,true,true
TRUTH-006153,PERSON-001589,OBSERVED_IN,CASE-000787,true,true
TRUTH-006154,PERSON-000863,OBSERVED_IN,CASE-000787,true,true
TRUTH-006155,PERSON-001259,OBSERVED_IN,CASE-000787,true,true
TRUTH-006156,PERSON-001115,SUSPECT_IN,CASE-000788,true,true
TRUTH-006157,PERSON-002618,SUSPECT_IN,CASE-000788,true,true
TRUTH-006158,PERSON-001059,SUSPECT_IN,CASE-000788,true,true
TRUTH-006159,PERSON-001558,OBSERVED_IN,CASE-000788,true,true
TRUTH-006160,PERSON-000440,OBSERVED_IN,CASE-000788,true,true
TRUTH-006161,PERSON-002821,OBSERVED_IN,CASE-000788,true,true
TRUTH-006162,PERSON-000180,OBSERVED_IN,CASE-000788,true,true
TRUTH-006163,PERSON-001544,SUSPECT_IN,CASE-000789,true,true
TRUTH-006164,PERSON-000032,SUSPECT_IN,CASE-000789,true,true
TRUTH-006165,PERSON-002517,OBSERVED_IN,CASE-000789,true,true
TRUTH-006166,PERSON-000538,OBSERVED_IN,CASE-000789,true,true
TRUTH-006167,PERSON-001540,OBSERVED_IN,CASE-000789,true,true
TRUTH-006168,PERSON-001965,OBSERVED_IN,CASE-000789,true,true
TRUTH-006169,PERSON-001992,OBSERVED_IN,CASE-000789,true,true
TRUTH-006170,PERSON-000863,OBSERVED_IN,CASE-000789,true,true
TRUTH-006171,PERSON-002745,OBSERVED_IN,CASE-000789,true,true
TRUTH-006172,PERSON-002713,SUSPECT_IN,CASE-000790,true,true
TRUTH-006173,PERSON-002438,SUSPECT_IN,CASE-000790,true,true
TRUTH-006174,PERSON-001363,SUSPECT_IN,CASE-000790,true,true
TRUTH-006175,PERSON-000222,SUSPECT_IN,CASE-000790,true,true
TRUTH-006176,PERSON-001480,OBSERVED_IN,CASE-000790,true,true
TRUTH-006177,PERSON-000144,SUSPECT_IN,CASE-000791,true,true
TRUTH-006178,PERSON-001059,SUSPECT_IN,CASE-000791,true,true
TRUTH-006179,PERSON-002122,SUSPECT_IN,CASE-000791,true,true
TRUTH-006180,PERSON-000492,SUSPECT_IN,CASE-000791,true,true
TRUTH-006181,PERSON-000342,SUSPECT_IN,CASE-000791,true,true
TRUTH-006182,PERSON-000305,SUSPECT_IN,CASE-000791,true,true
TRUTH-006183,PERSON-001830,OBSERVED_IN,CASE-000791,true,true
TRUTH-006184,PERSON-002205,SUSPECT_IN,CASE-000792,true,true
TRUTH-006185,PERSON-002938,SUSPECT_IN,CASE-000792,true,true
TRUTH-006186,PERSON-000217,SUSPECT_IN,CASE-000792,true,true
TRUTH-006187,PERSON-000146,SUSPECT_IN,CASE-000792,true,true
TRUTH-006188,PERSON-000047,SUSPECT_IN,CASE-000792,true,true
TRUTH-006189,PERSON-000613,SUSPECT_IN,CASE-000792,true,true
TRUTH-006190,PERSON-000906,OBSERVED_IN,CASE-000792,true,true
TRUTH-006191,PERSON-001768,OBSERVED_IN,CASE-000792,true,true
TRUTH-006192,PERSON-002689,SUSPECT_IN,CASE-000793,true,true
TRUTH-006193,PERSON-000979,SUSPECT_IN,CASE-000793,true,true
TRUTH-006194,PERSON-001542,SUSPECT_IN,CASE-000793,true,true
TRUTH-006195,PERSON-002499,OBSERVED_IN,CASE-000793,true,true
TRUTH-006196,PERSON-002087,OBSERVED_IN,CASE-000793,true,true
TRUTH-006197,PERSON-002331,OBSERVED_IN,CASE-000793,true,true
TRUTH-006198,PERSON-002873,SUSPECT_IN,CASE-000794,true,true
TRUTH-006199,PERSON-000765,SUSPECT_IN,CASE-000794,true,true
TRUTH-006200,PERSON-002517,SUSPECT_IN,CASE-000794,true,true
TRUTH-006201,PERSON-000538,SUSPECT_IN,CASE-000794,true,true
TRUTH-006202,PERSON-002745,OBSERVED_IN,CASE-000794,true,true
TRUTH-006203,PERSON-001898,OBSERVED_IN,CASE-000794,true,true
TRUTH-006204,PERSON-000357,OBSERVED_IN,CASE-000794,true,true
TRUTH-006205,PERSON-000544,SUSPECT_IN,CASE-000795,true,true
TRUTH-006206,PERSON-002872,SUSPECT_IN,CASE-000795,true,true
TRUTH-006207,PERSON-002039,SUSPECT_IN,CASE-000795,true,true
TRUTH-006208,PERSON-000817,SUSPECT_IN,CASE-000795,true,true
TRUTH-006209,PERSON-000979,SUSPECT_IN,CASE-000795,true,true
TRUTH-006210,PERSON-000906,SUSPECT_IN,CASE-000795,true,true
TRUTH-006211,PERSON-000506,OBSERVED_IN,CASE-000795,true,true
TRUTH-006212,PERSON-000769,OBSERVED_IN,CASE-000795,true,true
TRUTH-006213,PERSON-000860,OBSERVED_IN,CASE-000795,true,true
TRUTH-006214,PERSON-000062,OBSERVED_IN,CASE-000795,true,true
TRUTH-006215,PERSON-002879,OBSERVED_IN,CASE-000795,true,true
TRUTH-006216,PERSON-000405,OBSERVED_IN,CASE-000795,true,true
TRUTH-006217,PERSON-001873,OBSERVED_IN,CASE-000795,true,true
TRUTH-006218,PERSON-001581,OBSERVED_IN,CASE-000795,true,true
TRUTH-006219,PERSON-001774,SUSPECT_IN,CASE-000796,true,true
TRUTH-006220,PERSON-000366,SUSPECT_IN,CASE-000796,true,true
TRUTH-006221,PERSON-002105,SUSPECT_IN,CASE-000796,true,true
TRUTH-006222,PERSON-002737,SUSPECT_IN,CASE-000796,true,true
TRUTH-006223,PERSON-000096,SUSPECT_IN,CASE-000796,true,true
TRUTH-006224,PERSON-000407,OBSERVED_IN,CASE-000796,true,true
TRUTH-006225,PERSON-000419,OBSERVED_IN,CASE-000796,true,true
TRUTH-006226,PERSON-002094,OBSERVED_IN,CASE-000796,true,true
TRUTH-006227,PERSON-002499,SUSPECT_IN,CASE-000797,true,true
TRUTH-006228,PERSON-002164,SUSPECT_IN,CASE-000797,true,true
TRUTH-006229,PERSON-000784,OBSERVED_IN,CASE-000797,true,true
TRUTH-006230,PERSON-000717,OBSERVED_IN,CASE-000797,true,true
TRUTH-006231,PERSON-000580,OBSERVED_IN,CASE-000797,true,true
TRUTH-006232,PERSON-000405,OBSERVED_IN,CASE-000797,true,true
TRUTH-006233,PERSON-000622,OBSERVED_IN,CASE-000797,true,true
TRUTH-006234,PERSON-000154,OBSERVED_IN,CASE-000797,true,true
TRUTH-006235,PERSON-000948,SUSPECT_IN,CASE-000798,true,true
TRUTH-006236,PERSON-001807,SUSPECT_IN,CASE-000798,true,true
TRUTH-006237,PERSON-002675,OBSERVED_IN,CASE-000798,true,true
TRUTH-006238,PERSON-002835,OBSERVED_IN,CASE-000798,true,true
TRUTH-006239,PERSON-001315,OBSERVED_IN,CASE-000798,true,true
TRUTH-006240,PERSON-002757,OBSERVED_IN,CASE-000798,true,true
TRUTH-006241,PERSON-000904,OBSERVED_IN,CASE-000798,true,true
TRUTH-006242,PERSON-000106,OBSERVED_IN,CASE-000798,true,true
TRUTH-006243,PERSON-000697,OBSERVED_IN,CASE-000798,true,true
TRUTH-006244,PERSON-000584,OBSERVED_IN,CASE-000798,true,true
TRUTH-006245,PERSON-000407,SUSPECT_IN,CASE-000799,true,true
TRUTH-006246,PERSON-001381,SUSPECT_IN,CASE-000799,true,true
TRUTH-006247,PERSON-001774,SUSPECT_IN,CASE-000799,true,true
TRUTH-006248,PERSON-000111,SUSPECT_IN,CASE-000799,true,true
TRUTH-006249,PERSON-002068,SUSPECT_IN,CASE-000799,true,true
TRUTH-006250,PERSON-000207,OBSERVED_IN,CASE-000799,true,true
TRUTH-006251,PERSON-001262,SUSPECT_IN,CASE-000800,true,true
TRUTH-006252,PERSON-000180,SUSPECT_IN,CASE-000800,true,true
TRUTH-006253,PERSON-000207,SUSPECT_IN,CASE-000800,true,true
TRUTH-006254,PERSON-001558,OBSERVED_IN,CASE-000800,true,true
TRUTH-006255,PERSON-000267,OBSERVED_IN,CASE-000800,true,true
TRUTH-006256,PERSON-000792,OBSERVED_IN,CASE-000800,true,true
TRUTH-006257,PERSON-002900,OBSERVED_IN,CASE-000800,true,true
TRUTH-006258,PERSON-000440,OBSERVED_IN,CASE-000800,true,true
TRUTH-006259,PERSON-001610,SUSPECT_IN,CASE-000801,true,true
TRUTH-006260,PERSON-002060,SUSPECT_IN,CASE-000801,true,true
TRUTH-006261,PERSON-000540,SUSPECT_IN,CASE-000801,true,true
TRUTH-006262,PERSON-000180,SUSPECT_IN,CASE-000801,true,true
TRUTH-006263,PERSON-000792,SUSPECT_IN,CASE-000801,true,true
TRUTH-006264,PERSON-002835,SUSPECT_IN,CASE-000801,true,true
TRUTH-006265,PERSON-002900,OBSERVED_IN,CASE-000801,true,true
TRUTH-006266,PERSON-001558,OBSERVED_IN,CASE-000801,true,true
TRUTH-006267,PERSON-001596,SUSPECT_IN,CASE-000802,true,true
TRUTH-006268,PERSON-002847,SUSPECT_IN,CASE-000802,true,true
TRUTH-006269,PERSON-000497,SUSPECT_IN,CASE-000802,true,true
TRUTH-006270,PERSON-001847,SUSPECT_IN,CASE-000802,true,true
TRUTH-006271,PERSON-000886,SUSPECT_IN,CASE-000802,true,true
TRUTH-006272,PERSON-002770,SUSPECT_IN,CASE-000802,true,true
TRUTH-006273,PERSON-000611,OBSERVED_IN,CASE-000802,true,true
TRUTH-006274,PERSON-001480,OBSERVED_IN,CASE-000802,true,true
TRUTH-006275,PERSON-002713,OBSERVED_IN,CASE-000802,true,true
TRUTH-006276,PERSON-000374,SUSPECT_IN,CASE-000803,true,true
TRUTH-006277,PERSON-002846,SUSPECT_IN,CASE-000803,true,true
TRUTH-006278,PERSON-000943,SUSPECT_IN,CASE-000803,true,true
TRUTH-006279,PERSON-001780,SUSPECT_IN,CASE-000803,true,true
TRUTH-006280,PERSON-002304,SUSPECT_IN,CASE-000803,true,true
TRUTH-006281,PERSON-002393,SUSPECT_IN,CASE-000803,true,true
TRUTH-006282,PERSON-001847,OBSERVED_IN,CASE-000803,true,true
TRUTH-006283,PERSON-000832,SUSPECT_IN,CASE-000804,true,true
TRUTH-006284,PERSON-000886,SUSPECT_IN,CASE-000804,true,true
TRUTH-006285,PERSON-000497,SUSPECT_IN,CASE-000804,true,true
TRUTH-006286,PERSON-000635,SUSPECT_IN,CASE-000804,true,true
TRUTH-006287,PERSON-002713,SUSPECT_IN,CASE-000804,true,true
TRUTH-006288,PERSON-002438,SUSPECT_IN,CASE-000804,true,true
TRUTH-006289,PERSON-002847,OBSERVED_IN,CASE-000804,true,true
TRUTH-006290,PERSON-001542,OBSERVED_IN,CASE-000804,true,true
TRUTH-006291,PERSON-002675,OBSERVED_IN,CASE-000804,true,true
TRUTH-006292,PERSON-002922,OBSERVED_IN,CASE-000804,true,true
TRUTH-006293,PERSON-002335,SUSPECT_IN,CASE-000805,true,true
TRUTH-006294,PERSON-002879,SUSPECT_IN,CASE-000805,true,true
TRUTH-006295,PERSON-000920,SUSPECT_IN,CASE-000805,true,true
TRUTH-006296,PERSON-000927,SUSPECT_IN,CASE-000805,true,true
TRUTH-006297,PERSON-000216,SUSPECT_IN,CASE-000805,true,true
TRUTH-006298,PERSON-000769,OBSERVED_IN,CASE-000805,true,true
TRUTH-006299,PERSON-000390,OBSERVED_IN,CASE-000805,true,true
TRUTH-006300,PERSON-000544,OBSERVED_IN,CASE-000805,true,true
TRUTH-006301,PERSON-001326,OBSERVED_IN,CASE-000805,true,true
TRUTH-006302,PERSON-001480,SUSPECT_IN,CASE-000806,true,true
TRUTH-006303,PERSON-000497,SUSPECT_IN,CASE-000806,true,true
TRUTH-006304,PERSON-002675,SUSPECT_IN,CASE-000806,true,true
TRUTH-006305,PERSON-001363,SUSPECT_IN,CASE-000806,true,true
TRUTH-006306,PERSON-002847,SUSPECT_IN,CASE-000806,true,true
TRUTH-006307,PERSON-000366,SUSPECT_IN,CASE-000806,true,true
TRUTH-006308,PERSON-000611,OBSERVED_IN,CASE-000806,true,true
TRUTH-006309,PERSON-002922,OBSERVED_IN,CASE-000806,true,true
TRUTH-006310,PERSON-001542,OBSERVED_IN,CASE-000806,true,true
TRUTH-006311,PERSON-002164,SUSPECT_IN,CASE-000807,true,true
TRUTH-006312,PERSON-001890,SUSPECT_IN,CASE-000807,true,true
TRUTH-006313,PERSON-002499,SUSPECT_IN,CASE-000807,true,true
TRUTH-006314,PERSON-002136,SUSPECT_IN,CASE-000807,true,true
TRUTH-006315,PERSON-000784,SUSPECT_IN,CASE-000807,true,true
TRUTH-006316,PERSON-002704,SUSPECT_IN,CASE-000807,true,true
TRUTH-006317,PERSON-000405,OBSERVED_IN,CASE-000807,true,true
TRUTH-006318,PERSON-002558,OBSERVED_IN,CASE-000807,true,true
TRUTH-006319,PERSON-000154,OBSERVED_IN,CASE-000807,true,true
TRUTH-006320,PERSON-000556,SUSPECT_IN,CASE-000808,true,true
TRUTH-006321,PERSON-002205,SUSPECT_IN,CASE-000808,true,true
TRUTH-006322,PERSON-002938,SUSPECT_IN,CASE-000808,true,true
TRUTH-006323,PERSON-002609,OBSERVED_IN,CASE-000808,true,true
TRUTH-006324,PERSON-000473,OBSERVED_IN,CASE-000808,true,true
TRUTH-006325,PERSON-000047,OBSERVED_IN,CASE-000808,true,true
TRUTH-006326,PERSON-000279,OBSERVED_IN,CASE-000808,true,true
TRUTH-006327,PERSON-000217,OBSERVED_IN,CASE-000808,true,true
TRUTH-006328,PERSON-002223,OBSERVED_IN,CASE-000808,true,true
TRUTH-006329,PERSON-001768,OBSERVED_IN,CASE-000808,true,true
TRUTH-006330,PERSON-000042,SUSPECT_IN,CASE-000809,true,true
TRUTH-006331,PERSON-002737,SUSPECT_IN,CASE-000809,true,true
TRUTH-006332,PERSON-000032,SUSPECT_IN,CASE-000809,true,true
TRUTH-006333,PERSON-001141,SUSPECT_IN,CASE-000809,true,true
TRUTH-006334,PERSON-000275,OBSERVED_IN,CASE-000809,true,true
TRUTH-006335,PERSON-000473,OBSERVED_IN,CASE-000809,true,true
TRUTH-006336,PERSON-001262,SUSPECT_IN,CASE-000810,true,true
TRUTH-006337,PERSON-001757,SUSPECT_IN,CASE-000810,true,true
TRUTH-006338,PERSON-000540,SUSPECT_IN,CASE-000810,true,true
TRUTH-006339,PERSON-002618,OBSERVED_IN,CASE-000810,true,true
TRUTH-006340,PERSON-000792,OBSERVED_IN,CASE-000810,true,true
TRUTH-006341,PERSON-000622,SUSPECT_IN,CASE-000811,true,true
TRUTH-006342,PERSON-002558,SUSPECT_IN,CASE-000811,true,true
TRUTH-006343,PERSON-000667,SUSPECT_IN,CASE-000811,true,true
TRUTH-006344,PERSON-000717,SUSPECT_IN,CASE-000811,true,true
TRUTH-006345,PERSON-002215,SUSPECT_IN,CASE-000811,true,true
TRUTH-006346,PERSON-001425,SUSPECT_IN,CASE-000811,true,true
TRUTH-006347,PERSON-002004,OBSERVED_IN,CASE-000811,true,true
TRUTH-006348,PERSON-000397,OBSERVED_IN,CASE-000811,true,true
TRUTH-006349,PERSON-001234,OBSERVED_IN,CASE-000811,true,true
TRUTH-006350,PERSON-000540,SUSPECT_IN,CASE-000812,true,true
TRUTH-006351,PERSON-001262,SUSPECT_IN,CASE-000812,true,true
TRUTH-006352,PERSON-001115,SUSPECT_IN,CASE-000812,true,true
TRUTH-006353,PERSON-001474,SUSPECT_IN,CASE-000812,true,true
TRUTH-006354,PERSON-002900,OBSERVED_IN,CASE-000812,true,true
TRUTH-006355,PERSON-001558,OBSERVED_IN,CASE-000812,true,true
TRUTH-006356,PERSON-000267,OBSERVED_IN,CASE-000812,true,true
TRUTH-006357,PERSON-001757,OBSERVED_IN,CASE-000812,true,true
TRUTH-006358,PERSON-002715,SUSPECT_IN,CASE-000813,true,true
TRUTH-006359,PERSON-001805,SUSPECT_IN,CASE-000813,true,true
TRUTH-006360,PERSON-001664,OBSERVED_IN,CASE-000813,true,true
TRUTH-006361,PERSON-002675,OBSERVED_IN,CASE-000813,true,true
TRUTH-006362,PERSON-002835,OBSERVED_IN,CASE-000813,true,true
TRUTH-006363,PERSON-000948,OBSERVED_IN,CASE-000813,true,true
TRUTH-006364,PERSON-002757,OBSERVED_IN,CASE-000813,true,true
TRUTH-006365,PERSON-000106,OBSERVED_IN,CASE-000813,true,true
TRUTH-006366,PERSON-000230,OBSERVED_IN,CASE-000813,true,true
TRUTH-006367,PERSON-002417,SUSPECT_IN,CASE-000814,true,true
TRUTH-006368,PERSON-000207,SUSPECT_IN,CASE-000814,true,true
TRUTH-006369,PERSON-000407,SUSPECT_IN,CASE-000814,true,true
TRUTH-006370,PERSON-001758,SUSPECT_IN,CASE-000814,true,true
TRUTH-006371,PERSON-001687,SUSPECT_IN,CASE-000814,true,true
TRUTH-006372,PERSON-000862,SUSPECT_IN,CASE-000814,true,true
TRUTH-006373,PERSON-000111,OBSERVED_IN,CASE-000814,true,true
TRUTH-006374,PERSON-000103,OBSERVED_IN,CASE-000814,true,true
TRUTH-006375,PERSON-001869,OBSERVED_IN,CASE-000814,true,true
TRUTH-006376,PERSON-002105,OBSERVED_IN,CASE-000814,true,true
TRUTH-006377,PERSON-001589,SUSPECT_IN,CASE-000815,true,true
TRUTH-006378,PERSON-001457,SUSPECT_IN,CASE-000815,true,true
TRUTH-006379,PERSON-000898,SUSPECT_IN,CASE-000815,true,true
TRUTH-006380,PERSON-002748,SUSPECT_IN,CASE-000815,true,true
TRUTH-006381,PERSON-000819,SUSPECT_IN,CASE-000815,true,true
TRUTH-006382,PERSON-001326,SUSPECT_IN,CASE-000815,true,true
TRUTH-006383,PERSON-001349,OBSERVED_IN,CASE-000815,true,true
TRUTH-006384,PERSON-001955,OBSERVED_IN,CASE-000815,true,true
TRUTH-006385,PERSON-002466,OBSERVED_IN,CASE-000815,true,true
TRUTH-006386,PERSON-000943,SUSPECT_IN,CASE-000816,true,true
TRUTH-006387,PERSON-001747,SUSPECT_IN,CASE-000816,true,true
TRUTH-006388,PERSON-002304,SUSPECT_IN,CASE-000816,true,true
TRUTH-006389,PERSON-001691,SUSPECT_IN,CASE-000816,true,true
TRUTH-006390,PERSON-002004,SUSPECT_IN,CASE-000816,true,true
TRUTH-006391,PERSON-002397,OBSERVED_IN,CASE-000816,true,true
TRUTH-006392,PERSON-001847,OBSERVED_IN,CASE-000816,true,true
TRUTH-006393,PERSON-002846,OBSERVED_IN,CASE-000816,true,true
TRUTH-006394,PERSON-001029,OBSERVED_IN,CASE-000816,true,true
TRUTH-006395,PERSON-000497,SUSPECT_IN,CASE-000817,true,true
TRUTH-006396,PERSON-000635,SUSPECT_IN,CASE-000817,true,true
TRUTH-006397,PERSON-002896,SUSPECT_IN,CASE-000817,true,true
TRUTH-006398,PERSON-001542,SUSPECT_IN,CASE-000817,true,true
TRUTH-006399,PERSON-002438,SUSPECT_IN,CASE-000817,true,true
TRUTH-006400,PERSON-001363,SUSPECT_IN,CASE-000817,true,true
TRUTH-006401,PERSON-000060,OBSERVED_IN,CASE-000817,true,true
TRUTH-006402,PERSON-000832,OBSERVED_IN,CASE-000817,true,true
TRUTH-006403,PERSON-000886,OBSERVED_IN,CASE-000817,true,true
TRUTH-006404,PERSON-002847,OBSERVED_IN,CASE-000817,true,true
TRUTH-006405,PERSON-001847,OBSERVED_IN,CASE-000817,true,true
TRUTH-006406,PERSON-001259,SUSPECT_IN,CASE-000818,true,true
TRUTH-006407,PERSON-001861,SUSPECT_IN,CASE-000818,true,true
TRUTH-006408,PERSON-002132,SUSPECT_IN,CASE-000818,true,true
TRUTH-006409,PERSON-000081,OBSERVED_IN,CASE-000818,true,true
TRUTH-006410,PERSON-002574,OBSERVED_IN,CASE-000818,true,true
TRUTH-006411,PERSON-000063,OBSERVED_IN,CASE-000818,true,true
TRUTH-006412,PERSON-002757,OBSERVED_IN,CASE-000818,true,true
TRUTH-006413,PERSON-001589,OBSERVED_IN,CASE-000818,true,true
TRUTH-006414,PERSON-000092,SUSPECT_IN,CASE-000819,true,true
TRUTH-006415,PERSON-000647,SUSPECT_IN,CASE-000819,true,true
TRUTH-006416,PERSON-000506,SUSPECT_IN,CASE-000819,true,true
TRUTH-006417,PERSON-001337,SUSPECT_IN,CASE-000819,true,true
TRUTH-006418,PERSON-001873,SUSPECT_IN,CASE-000819,true,true
TRUTH-006419,PERSON-000106,SUSPECT_IN,CASE-000819,true,true
TRUTH-006420,PERSON-001894,OBSERVED_IN,CASE-000819,true,true
TRUTH-006421,PERSON-000979,OBSERVED_IN,CASE-000819,true,true
TRUTH-006422,PERSON-001367,OBSERVED_IN,CASE-000819,true,true
TRUTH-006423,PERSON-002576,OBSERVED_IN,CASE-000819,true,true
TRUTH-006424,PERSON-001425,SUSPECT_IN,CASE-000820,true,true
TRUTH-006425,PERSON-000822,SUSPECT_IN,CASE-000820,true,true
TRUTH-006426,PERSON-001071,SUSPECT_IN,CASE-000820,true,true
TRUTH-006427,PERSON-001507,SUSPECT_IN,CASE-000820,true,true
TRUTH-006428,PERSON-001578,OBSERVED_IN,CASE-000820,true,true
TRUTH-006429,PERSON-002986,OBSERVED_IN,CASE-000820,true,true
TRUTH-006430,PERSON-002759,OBSERVED_IN,CASE-000820,true,true
TRUTH-006431,PERSON-002068,OBSERVED_IN,CASE-000820,true,true
TRUTH-006432,PERSON-001847,SUSPECT_IN,CASE-000821,true,true
TRUTH-006433,PERSON-001667,SUSPECT_IN,CASE-000821,true,true
TRUTH-006434,PERSON-000260,OBSERVED_IN,CASE-000821,true,true
TRUTH-006435,PERSON-002393,OBSERVED_IN,CASE-000821,true,true
TRUTH-006436,PERSON-000943,OBSERVED_IN,CASE-000821,true,true
TRUTH-006437,PERSON-000374,OBSERVED_IN,CASE-000821,true,true
TRUTH-006438,PERSON-001029,SUSPECT_IN,CASE-000822,true,true
TRUTH-006439,PERSON-002397,SUSPECT_IN,CASE-000822,true,true
TRUTH-006440,PERSON-002574,SUSPECT_IN,CASE-000822,true,true
TRUTH-006441,PERSON-001334,OBSERVED_IN,CASE-000822,true,true
TRUTH-006442,PERSON-000825,OBSERVED_IN,CASE-000822,true,true
TRUTH-006443,PERSON-001780,OBSERVED_IN,CASE-000822,true,true
TRUTH-006444,PERSON-000374,OBSERVED_IN,CASE-000822,true,true
TRUTH-006445,PERSON-001691,OBSERVED_IN,CASE-000822,true,true
TRUTH-006446,PERSON-001847,OBSERVED_IN,CASE-000822,true,true
TRUTH-006447,PERSON-002517,SUSPECT_IN,CASE-000823,true,true
TRUTH-006448,PERSON-000488,SUSPECT_IN,CASE-000823,true,true
TRUTH-006449,PERSON-000921,SUSPECT_IN,CASE-000823,true,true
TRUTH-006450,PERSON-000357,SUSPECT_IN,CASE-000823,true,true
TRUTH-006451,PERSON-000120,SUSPECT_IN,CASE-000823,true,true
TRUTH-006452,PERSON-001992,SUSPECT_IN,CASE-000823,true,true
TRUTH-006453,PERSON-000863,OBSERVED_IN,CASE-000823,true,true
TRUTH-006454,PERSON-001478,SUSPECT_IN,CASE-000824,true,true
TRUTH-006455,PERSON-002256,SUSPECT_IN,CASE-000824,true,true
TRUTH-006456,PERSON-000789,SUSPECT_IN,CASE-000824,true,true
TRUTH-006457,PERSON-002684,OBSERVED_IN,CASE-000824,true,true
TRUTH-006458,PERSON-001944,OBSERVED_IN,CASE-000824,true,true
TRUTH-006459,PERSON-000712,OBSERVED_IN,CASE-000824,true,true
TRUTH-006460,PERSON-000850,SUSPECT_IN,CASE-000825,true,true
TRUTH-006461,PERSON-000863,SUSPECT_IN,CASE-000825,true,true
TRUTH-006462,PERSON-001664,SUSPECT_IN,CASE-000825,true,true
TRUTH-006463,PERSON-000063,OBSERVED_IN,CASE-000825,true,true
TRUTH-006464,PERSON-002574,OBSERVED_IN,CASE-000825,true,true
TRUTH-006465,PERSON-001259,OBSERVED_IN,CASE-000825,true,true
TRUTH-006466,PERSON-000576,SUSPECT_IN,CASE-000826,true,true
TRUTH-006467,PERSON-001315,SUSPECT_IN,CASE-000826,true,true
TRUTH-006468,PERSON-002998,SUSPECT_IN,CASE-000826,true,true
TRUTH-006469,PERSON-001664,SUSPECT_IN,CASE-000826,true,true
TRUTH-006470,PERSON-001043,SUSPECT_IN,CASE-000826,true,true
TRUTH-006471,PERSON-002675,OBSERVED_IN,CASE-000826,true,true
TRUTH-006472,PERSON-000230,OBSERVED_IN,CASE-000826,true,true
TRUTH-006473,PERSON-000863,SUSPECT_IN,CASE-000827,true,true
TRUTH-006474,PERSON-000063,SUSPECT_IN,CASE-000827,true,true
TRUTH-006475,PERSON-001861,SUSPECT_IN,CASE-000827,true,true
TRUTH-006476,PERSON-000081,SUSPECT_IN,CASE-000827,true,true
TRUTH-006477,PERSON-000302,SUSPECT_IN,CASE-000827,true,true
TRUTH-006478,PERSON-002574,OBSERVED_IN,CASE-000827,true,true
TRUTH-006479,PERSON-001259,OBSERVED_IN,CASE-000827,true,true
TRUTH-006480,PERSON-002068,SUSPECT_IN,CASE-000828,true,true
TRUTH-006481,PERSON-000473,SUSPECT_IN,CASE-000828,true,true
TRUTH-006482,PERSON-000275,SUSPECT_IN,CASE-000828,true,true
TRUTH-006483,PERSON-001481,SUSPECT_IN,CASE-000828,true,true
TRUTH-006484,PERSON-000165,SUSPECT_IN,CASE-000828,true,true
TRUTH-006485,PERSON-000682,SUSPECT_IN,CASE-000828,true,true
TRUTH-006486,PERSON-002060,SUSPECT_IN,CASE-000829,true,true
TRUTH-006487,PERSON-001757,SUSPECT_IN,CASE-000829,true,true
TRUTH-006488,PERSON-000267,SUSPECT_IN,CASE-000829,true,true
TRUTH-006489,PERSON-000540,SUSPECT_IN,CASE-000829,true,true
TRUTH-006490,PERSON-000180,SUSPECT_IN,CASE-000829,true,true
TRUTH-006491,PERSON-002017,SUSPECT_IN,CASE-000829,true,true
TRUTH-006492,PERSON-002900,OBSERVED_IN,CASE-000829,true,true
TRUTH-006493,PERSON-001558,OBSERVED_IN,CASE-000829,true,true
TRUTH-006494,PERSON-000792,OBSERVED_IN,CASE-000829,true,true
TRUTH-006495,PERSON-001262,OBSERVED_IN,CASE-000829,true,true
TRUTH-006496,PERSON-000063,SUSPECT_IN,CASE-000830,true,true
TRUTH-006497,PERSON-000863,SUSPECT_IN,CASE-000830,true,true
TRUTH-006498,PERSON-001259,SUSPECT_IN,CASE-000830,true,true
TRUTH-006499,PERSON-000850,OBSERVED_IN,CASE-000830,true,true
TRUTH-006500,PERSON-001861,OBSERVED_IN,CASE-000830,true,true
TRUTH-006501,PERSON-000081,OBSERVED_IN,CASE-000830,true,true
TRUTH-006502,PERSON-000440,SUSPECT_IN,CASE-000831,true,true
TRUTH-006503,PERSON-001558,SUSPECT_IN,CASE-000831,true,true
TRUTH-006504,PERSON-002618,SUSPECT_IN,CASE-000831,true,true
TRUTH-006505,PERSON-002900,SUSPECT_IN,CASE-000831,true,true
TRUTH-006506,PERSON-001115,SUSPECT_IN,CASE-000831,true,true
TRUTH-006507,PERSON-000180,SUSPECT_IN,CASE-000831,true,true
TRUTH-006508,PERSON-002060,OBSERVED_IN,CASE-000831,true,true
TRUTH-006509,PERSON-001262,OBSERVED_IN,CASE-000831,true,true
TRUTH-006510,PERSON-002004,SUSPECT_IN,CASE-000832,true,true
TRUTH-006511,PERSON-000405,SUSPECT_IN,CASE-000832,true,true
TRUTH-006512,PERSON-002136,OBSERVED_IN,CASE-000832,true,true
TRUTH-006513,PERSON-002558,OBSERVED_IN,CASE-000832,true,true
TRUTH-006514,PERSON-001234,OBSERVED_IN,CASE-000832,true,true
TRUTH-006515,PERSON-000580,OBSERVED_IN,CASE-000832,true,true
TRUTH-006516,PERSON-001890,OBSERVED_IN,CASE-000832,true,true
TRUTH-006517,PERSON-000154,OBSERVED_IN,CASE-000832,true,true
TRUTH-006518,PERSON-000230,SUSPECT_IN,CASE-000833,true,true
TRUTH-006519,PERSON-002835,SUSPECT_IN,CASE-000833,true,true
TRUTH-006520,PERSON-000904,SUSPECT_IN,CASE-000833,true,true
TRUTH-006521,PERSON-001664,SUSPECT_IN,CASE-000833,true,true
TRUTH-006522,PERSON-002150,SUSPECT_IN,CASE-000833,true,true
TRUTH-006523,PERSON-002715,OBSERVED_IN,CASE-000833,true,true
TRUTH-006524,PERSON-001343,OBSERVED_IN,CASE-000833,true,true
TRUTH-006525,PERSON-000948,OBSERVED_IN,CASE-000833,true,true
TRUTH-006526,PERSON-002998,OBSERVED_IN,CASE-000833,true,true
TRUTH-006527,PERSON-002068,SUSPECT_IN,CASE-000834,true,true
TRUTH-006528,PERSON-000275,SUSPECT_IN,CASE-000834,true,true
TRUTH-006529,PERSON-002737,OBSERVED_IN,CASE-000834,true,true
TRUTH-006530,PERSON-000473,OBSERVED_IN,CASE-000834,true,true
TRUTH-006531,PERSON-000165,OBSERVED_IN,CASE-000834,true,true
TRUTH-006532,PERSON-000106,SUSPECT_IN,CASE-000835,true,true
TRUTH-006533,PERSON-001648,SUSPECT_IN,CASE-000835,true,true
TRUTH-006534,PERSON-002454,SUSPECT_IN,CASE-000835,true,true
TRUTH-006535,PERSON-002900,SUSPECT_IN,CASE-000835,true,true
TRUTH-006536,PERSON-001803,SUSPECT_IN,CASE-000835,true,true
TRUTH-006537,PERSON-001194,OBSERVED_IN,CASE-000835,true,true
TRUTH-006538,PERSON-001191,OBSERVED_IN,CASE-000835,true,true
TRUTH-006539,PERSON-001899,OBSERVED_IN,CASE-000835,true,true
TRUTH-006540,PERSON-000721,OBSERVED_IN,CASE-000835,true,true
TRUTH-006541,PERSON-002371,OBSERVED_IN,CASE-000835,true,true
TRUTH-006542,PERSON-000863,SUSPECT_IN,CASE-000836,true,true
TRUTH-006543,PERSON-000081,SUSPECT_IN,CASE-000836,true,true
TRUTH-006544,PERSON-001259,SUSPECT_IN,CASE-000836,true,true
TRUTH-006545,PERSON-000063,SUSPECT_IN,CASE-000836,true,true
TRUTH-006546,PERSON-002574,SUSPECT_IN,CASE-000836,true,true
TRUTH-006547,PERSON-001885,SUSPECT_IN,CASE-000836,true,true
TRUTH-006548,PERSON-002757,OBSERVED_IN,CASE-000836,true,true
TRUTH-006549,PERSON-001589,OBSERVED_IN,CASE-000836,true,true
TRUTH-006550,PERSON-000047,SUSPECT_IN,CASE-000837,true,true
TRUTH-006551,PERSON-002938,SUSPECT_IN,CASE-000837,true,true
TRUTH-006552,PERSON-002964,SUSPECT_IN,CASE-000837,true,true
TRUTH-006553,PERSON-002970,SUSPECT_IN,CASE-000837,true,true
TRUTH-006554,PERSON-001768,OBSERVED_IN,CASE-000837,true,true
TRUTH-006555,PERSON-002004,SUSPECT_IN,CASE-000838,true,true
TRUTH-006556,PERSON-002136,SUSPECT_IN,CASE-000838,true,true
TRUTH-006557,PERSON-000405,SUSPECT_IN,CASE-000838,true,true
TRUTH-006558,PERSON-000717,SUSPECT_IN,CASE-000838,true,true
TRUTH-006559,PERSON-001107,SUSPECT_IN,CASE-000838,true,true
TRUTH-006560,PERSON-000721,SUSPECT_IN,CASE-000838,true,true
TRUTH-006561,PERSON-000622,OBSERVED_IN,CASE-000838,true,true
TRUTH-006562,PERSON-000154,OBSERVED_IN,CASE-000838,true,true
TRUTH-006563,PERSON-001381,SUSPECT_IN,CASE-000839,true,true
TRUTH-006564,PERSON-002105,SUSPECT_IN,CASE-000839,true,true
TRUTH-006565,PERSON-002077,SUSPECT_IN,CASE-000839,true,true
TRUTH-006566,PERSON-000419,OBSERVED_IN,CASE-000839,true,true
TRUTH-006567,PERSON-002737,OBSERVED_IN,CASE-000839,true,true
TRUTH-006568,PERSON-002417,OBSERVED_IN,CASE-000839,true,true
TRUTH-006569,PERSON-002094,OBSERVED_IN,CASE-000839,true,true
TRUTH-006570,PERSON-001869,OBSERVED_IN,CASE-000839,true,true
TRUTH-006571,PERSON-001861,SUSPECT_IN,CASE-000840,true,true
TRUTH-006572,PERSON-000850,SUSPECT_IN,CASE-000840,true,true
TRUTH-006573,PERSON-001259,SUSPECT_IN,CASE-000840,true,true
TRUTH-006574,PERSON-000063,SUSPECT_IN,CASE-000840,true,true
TRUTH-006575,PERSON-001387,SUSPECT_IN,CASE-000840,true,true
TRUTH-006576,PERSON-000863,OBSERVED_IN,CASE-000840,true,true
TRUTH-006577,PERSON-000081,OBSERVED_IN,CASE-000840,true,true
TRUTH-006578,PERSON-002574,OBSERVED_IN,CASE-000840,true,true
TRUTH-006579,PERSON-001589,OBSERVED_IN,CASE-000840,true,true
TRUTH-006580,PERSON-000260,SUSPECT_IN,CASE-000841,true,true
TRUTH-006581,PERSON-000825,SUSPECT_IN,CASE-000841,true,true
TRUTH-006582,PERSON-000245,SUSPECT_IN,CASE-000841,true,true
TRUTH-006583,PERSON-001780,OBSERVED_IN,CASE-000841,true,true
TRUTH-006584,PERSON-001664,SUSPECT_IN,CASE-000842,true,true
TRUTH-006585,PERSON-002998,SUSPECT_IN,CASE-000842,true,true
TRUTH-006586,PERSON-000230,SUSPECT_IN,CASE-000842,true,true
TRUTH-006587,PERSON-000584,SUSPECT_IN,CASE-000842,true,true
TRUTH-006588,PERSON-002675,SUSPECT_IN,CASE-000842,true,true
TRUTH-006589,PERSON-002835,OBSERVED_IN,CASE-000842,true,true
TRUTH-006590,PERSON-000697,OBSERVED_IN,CASE-000842,true,true
TRUTH-006591,PERSON-001343,OBSERVED_IN,CASE-000842,true,true
TRUTH-006592,PERSON-002896,SUSPECT_IN,CASE-000843,true,true
TRUTH-006593,PERSON-001172,SUSPECT_IN,CASE-000843,true,true
TRUTH-006594,PERSON-000611,OBSERVED_IN,CASE-000843,true,true
TRUTH-006595,PERSON-002438,OBSERVED_IN,CASE-000843,true,true
TRUTH-006596,PERSON-001542,OBSERVED_IN,CASE-000843,true,true
TRUTH-006597,PERSON-000886,OBSERVED_IN,CASE-000843,true,true
TRUTH-006598,PERSON-000497,OBSERVED_IN,CASE-000843,true,true
TRUTH-006599,PERSON-001847,OBSERVED_IN,CASE-000843,true,true
TRUTH-006600,PERSON-001758,SUSPECT_IN,CASE-000844,true,true
TRUTH-006601,PERSON-000207,SUSPECT_IN,CASE-000844,true,true
TRUTH-006602,PERSON-002417,SUSPECT_IN,CASE-000844,true,true
TRUTH-006603,PERSON-001774,OBSERVED_IN,CASE-000844,true,true
TRUTH-006604,PERSON-000419,OBSERVED_IN,CASE-000844,true,true
TRUTH-006605,PERSON-001687,OBSERVED_IN,CASE-000844,true,true
TRUTH-006606,PERSON-002105,OBSERVED_IN,CASE-000844,true,true
TRUTH-006607,PERSON-000060,SUSPECT_IN,CASE-000845,true,true
TRUTH-006608,PERSON-002094,SUSPECT_IN,CASE-000845,true,true
TRUTH-006609,PERSON-002438,OBSERVED_IN,CASE-000845,true,true
TRUTH-006610,PERSON-000832,OBSERVED_IN,CASE-000845,true,true
TRUTH-006611,PERSON-002896,OBSERVED_IN,CASE-000845,true,true
TRUTH-006612,PERSON-002713,OBSERVED_IN,CASE-000845,true,true
TRUTH-006613,PERSON-001480,OBSERVED_IN,CASE-000845,true,true
TRUTH-006614,PERSON-000302,SUSPECT_IN,CASE-000846,true,true
TRUTH-006615,PERSON-002481,SUSPECT_IN,CASE-000846,true,true
TRUTH-006616,PERSON-000233,OBSERVED_IN,CASE-000846,true,true
TRUTH-006617,PERSON-000886,OBSERVED_IN,CASE-000846,true,true
TRUTH-006618,PERSON-001059,OBSERVED_IN,CASE-000846,true,true
TRUTH-006619,PERSON-002122,OBSERVED_IN,CASE-000846,true,true
TRUTH-006620,PERSON-000305,OBSERVED_IN,CASE-000846,true,true
TRUTH-006621,PERSON-002954,SUSPECT_IN,CASE-000847,true,true
TRUTH-006622,PERSON-001385,SUSPECT_IN,CASE-000847,true,true
TRUTH-006623,PERSON-002788,SUSPECT_IN,CASE-000847,true,true
TRUTH-006624,PERSON-001419,SUSPECT_IN,CASE-000847,true,true
TRUTH-006625,PERSON-000842,OBSERVED_IN,CASE-000847,true,true
TRUTH-006626,PERSON-002845,OBSERVED_IN,CASE-000847,true,true
TRUTH-006627,PERSON-001478,OBSERVED_IN,CASE-000847,true,true
TRUTH-006628,PERSON-001262,OBSERVED_IN,CASE-000847,true,true
TRUTH-006629,PERSON-000763,OBSERVED_IN,CASE-000847,true,true
TRUTH-006630,PERSON-000455,OBSERVED_IN,CASE-000847,true,true
TRUTH-006631,PERSON-000538,SUSPECT_IN,CASE-000848,true,true
TRUTH-006632,PERSON-001543,SUSPECT_IN,CASE-000848,true,true
TRUTH-006633,PERSON-001544,SUSPECT_IN,CASE-000848,true,true
TRUTH-006634,PERSON-002757,SUSPECT_IN,CASE-000848,true,true
TRUTH-006635,PERSON-000621,OBSERVED_IN,CASE-000848,true,true
TRUTH-006636,PERSON-002517,OBSERVED_IN,CASE-000848,true,true
TRUTH-006637,PERSON-002873,OBSERVED_IN,CASE-000848,true,true
TRUTH-006638,PERSON-000120,OBSERVED_IN,CASE-000848,true,true
TRUTH-006639,PERSON-001596,SUSPECT_IN,CASE-000849,true,true
TRUTH-006640,PERSON-000832,SUSPECT_IN,CASE-000849,true,true
TRUTH-006641,PERSON-000635,SUSPECT_IN,CASE-000849,true,true
TRUTH-006642,PERSON-001542,SUSPECT_IN,CASE-000849,true,true
TRUTH-006643,PERSON-001873,SUSPECT_IN,CASE-000849,true,true
TRUTH-006644,PERSON-002675,OBSERVED_IN,CASE-000849,true,true
TRUTH-006645,PERSON-001363,OBSERVED_IN,CASE-000849,true,true
TRUTH-006646,PERSON-002713,OBSERVED_IN,CASE-000849,true,true
TRUTH-006647,PERSON-002896,OBSERVED_IN,CASE-000849,true,true
TRUTH-006648,PERSON-002847,OBSERVED_IN,CASE-000849,true,true
TRUTH-006649,PERSON-001847,OBSERVED_IN,CASE-000849,true,true
TRUTH-006650,PERSON-002922,OBSERVED_IN,CASE-000849,true,true
TRUTH-006651,PERSON-001578,SUSPECT_IN,CASE-000850,true,true
TRUTH-006652,PERSON-001071,SUSPECT_IN,CASE-000850,true,true
TRUTH-006653,PERSON-001425,OBSERVED_IN,CASE-000850,true,true
TRUTH-006654,PERSON-002986,OBSERVED_IN,CASE-000850,true,true
TRUTH-006655,PERSON-002068,OBSERVED_IN,CASE-000850,true,true
TRUTH-006656,PERSON-001792,SUSPECT_IN,CASE-000851,true,true
TRUTH-006657,PERSON-002948,SUSPECT_IN,CASE-000851,true,true
TRUTH-006658,PERSON-000135,SUSPECT_IN,CASE-000851,true,true
TRUTH-006659,PERSON-001885,SUSPECT_IN,CASE-000851,true,true
TRUTH-006660,PERSON-000438,SUSPECT_IN,CASE-000851,true,true
TRUTH-006661,PERSON-002826,SUSPECT_IN,CASE-000851,true,true
TRUTH-006662,PERSON-000647,OBSERVED_IN,CASE-000851,true,true
TRUTH-006663,PERSON-002481,OBSERVED_IN,CASE-000851,true,true
TRUTH-006664,PERSON-000140,SUSPECT_IN,CASE-000852,true,true
TRUTH-006665,PERSON-001886,SUSPECT_IN,CASE-000852,true,true
TRUTH-006666,PERSON-001369,SUSPECT_IN,CASE-000852,true,true
TRUTH-006667,PERSON-000121,SUSPECT_IN,CASE-000852,true,true
TRUTH-006668,PERSON-000943,SUSPECT_IN,CASE-000852,true,true
TRUTH-006669,PERSON-001419,OBSERVED_IN,CASE-000852,true,true
TRUTH-006670,PERSON-001479,OBSERVED_IN,CASE-000852,true,true
TRUTH-006671,PERSON-002944,OBSERVED_IN,CASE-000852,true,true
TRUTH-006672,PERSON-000845,OBSERVED_IN,CASE-000852,true,true
TRUTH-006673,PERSON-001301,OBSERVED_IN,CASE-000852,true,true
TRUTH-006674,PERSON-000397,SUSPECT_IN,CASE-000853,true,true
TRUTH-006675,PERSON-002136,SUSPECT_IN,CASE-000853,true,true
TRUTH-006676,PERSON-000784,SUSPECT_IN,CASE-000853,true,true
TRUTH-006677,PERSON-000622,SUSPECT_IN,CASE-000853,true,true
TRUTH-006678,PERSON-002770,SUSPECT_IN,CASE-000853,true,true
TRUTH-006679,PERSON-001107,OBSERVED_IN,CASE-000853,true,true
TRUTH-006680,PERSON-000154,OBSERVED_IN,CASE-000853,true,true
TRUTH-006681,PERSON-002164,OBSERVED_IN,CASE-000853,true,true
TRUTH-006682,PERSON-000479,SUSPECT_IN,CASE-000854,true,true
TRUTH-006683,PERSON-001860,SUSPECT_IN,CASE-000854,true,true
TRUTH-006684,PERSON-000919,SUSPECT_IN,CASE-000854,true,true
TRUTH-006685,PERSON-000393,OBSERVED_IN,CASE-000854,true,true
TRUTH-006686,PERSON-000683,OBSERVED_IN,CASE-000854,true,true
TRUTH-006687,PERSON-001968,OBSERVED_IN,CASE-000854,true,true
TRUTH-006688,PERSON-001664,SUSPECT_IN,CASE-000855,true,true
TRUTH-006689,PERSON-002998,SUSPECT_IN,CASE-000855,true,true
TRUTH-006690,PERSON-000948,SUSPECT_IN,CASE-000855,true,true
TRUTH-006691,PERSON-001508,SUSPECT_IN,CASE-000855,true,true
TRUTH-006692,PERSON-000576,OBSERVED_IN,CASE-000855,true,true
TRUTH-006693,PERSON-000904,OBSERVED_IN,CASE-000855,true,true
TRUTH-006694,PERSON-001578,SUSPECT_IN,CASE-000856,true,true
TRUTH-006695,PERSON-002304,SUSPECT_IN,CASE-000856,true,true
TRUTH-006696,PERSON-002393,OBSERVED_IN,CASE-000856,true,true
TRUTH-006697,PERSON-001691,OBSERVED_IN,CASE-000856,true,true
TRUTH-006698,PERSON-001847,OBSERVED_IN,CASE-000856,true,true
TRUTH-006699,PERSON-002408,OBSERVED_IN,CASE-000856,true,true
TRUTH-006700,PERSON-001670,SUSPECT_IN,CASE-000857,true,true
TRUTH-006701,PERSON-002750,SUSPECT_IN,CASE-000857,true,true
TRUTH-006702,PERSON-001041,SUSPECT_IN,CASE-000857,true,true
TRUTH-006703,PERSON-001210,OBSERVED_IN,CASE-000857,true,true
TRUTH-006704,PERSON-001667,OBSERVED_IN,CASE-000857,true,true
TRUTH-006705,PERSON-000146,OBSERVED_IN,CASE-000857,true,true
TRUTH-006706,PERSON-001589,OBSERVED_IN,CASE-000857,true,true
TRUTH-006707,PERSON-001474,SUSPECT_IN,CASE-000858,true,true
TRUTH-006708,PERSON-002900,SUSPECT_IN,CASE-000858,true,true
TRUTH-006709,PERSON-000267,SUSPECT_IN,CASE-000858,true,true
TRUTH-006710,PERSON-002060,SUSPECT_IN,CASE-000858,true,true
TRUTH-006711,PERSON-000540,SUSPECT_IN,CASE-000858,true,true
TRUTH-006712,PERSON-002618,SUSPECT_IN,CASE-000858,true,true
TRUTH-006713,PERSON-001558,OBSERVED_IN,CASE-000858,true,true
TRUTH-006714,PERSON-001115,OBSERVED_IN,CASE-000858,true,true
TRUTH-006715,PERSON-001262,OBSERVED_IN,CASE-000858,true,true
TRUTH-006716,PERSON-000440,OBSERVED_IN,CASE-000858,true,true
TRUTH-006717,PERSON-001757,OBSERVED_IN,CASE-000858,true,true
TRUTH-006718,PERSON-002740,SUSPECT_IN,CASE-000859,true,true
TRUTH-006719,PERSON-000181,SUSPECT_IN,CASE-000859,true,true
TRUTH-006720,PERSON-002197,SUSPECT_IN,CASE-000859,true,true
TRUTH-006721,PERSON-000049,SUSPECT_IN,CASE-000859,true,true
TRUTH-006722,PERSON-002197,SUSPECT_IN,CASE-000859,true,true
TRUTH-006723,PERSON-000096,OBSERVED_IN,CASE-000859,true,true
TRUTH-006724,PERSON-001172,OBSERVED_IN,CASE-000859,true,true
TRUTH-006725,PERSON-002020,SUSPECT_IN,CASE-000860,true,true
TRUTH-006726,PERSON-000621,SUSPECT_IN,CASE-000860,true,true
TRUTH-006727,PERSON-000921,SUSPECT_IN,CASE-000860,true,true
TRUTH-006728,PERSON-000765,SUSPECT_IN,CASE-000860,true,true
TRUTH-006729,PERSON-001898,SUSPECT_IN,CASE-000860,true,true
TRUTH-006730,PERSON-000488,SUSPECT_IN,CASE-000860,true,true
TRUTH-006731,PERSON-002517,OBSERVED_IN,CASE-000860,true,true
TRUTH-006732,PERSON-000538,OBSERVED_IN,CASE-000860,true,true
TRUTH-006733,PERSON-000635,SUSPECT_IN,CASE-000861,true,true
TRUTH-006734,PERSON-000497,SUSPECT_IN,CASE-000861,true,true
TRUTH-006735,PERSON-001542,SUSPECT_IN,CASE-000861,true,true
TRUTH-006736,PERSON-002922,SUSPECT_IN,CASE-000861,true,true
TRUTH-006737,PERSON-000886,SUSPECT_IN,CASE-000861,true,true
TRUTH-006738,PERSON-000906,SUSPECT_IN,CASE-000861,true,true
TRUTH-006739,PERSON-000611,OBSERVED_IN,CASE-000861,true,true
TRUTH-006740,PERSON-001363,OBSERVED_IN,CASE-000861,true,true
TRUTH-006741,PERSON-000832,OBSERVED_IN,CASE-000861,true,true
TRUTH-006742,PERSON-002713,OBSERVED_IN,CASE-000861,true,true
TRUTH-006743,PERSON-002896,OBSERVED_IN,CASE-000861,true,true
TRUTH-006744,PERSON-000488,SUSPECT_IN,CASE-000862,true,true
TRUTH-006745,PERSON-000863,SUSPECT_IN,CASE-000862,true,true
TRUTH-006746,PERSON-001578,SUSPECT_IN,CASE-000862,true,true
TRUTH-006747,PERSON-002020,OBSERVED_IN,CASE-000862,true,true
TRUTH-006748,PERSON-001540,OBSERVED_IN,CASE-000862,true,true
TRUTH-006749,PERSON-000060,SUSPECT_IN,CASE-000863,true,true
TRUTH-006750,PERSON-000497,SUSPECT_IN,CASE-000863,true,true
TRUTH-006751,PERSON-000576,SUSPECT_IN,CASE-000863,true,true
TRUTH-006752,PERSON-001596,OBSERVED_IN,CASE-000863,true,true
TRUTH-006753,PERSON-001480,OBSERVED_IN,CASE-000863,true,true
TRUTH-006754,PERSON-000374,SUSPECT_IN,CASE-000864,true,true
TRUTH-006755,PERSON-002304,SUSPECT_IN,CASE-000864,true,true
TRUTH-006756,PERSON-000825,SUSPECT_IN,CASE-000864,true,true
TRUTH-006757,PERSON-001029,SUSPECT_IN,CASE-000864,true,true
TRUTH-006758,PERSON-000245,SUSPECT_IN,CASE-000864,true,true
TRUTH-006759,PERSON-002930,SUSPECT_IN,CASE-000864,true,true
TRUTH-006760,PERSON-000260,OBSERVED_IN,CASE-000864,true,true
TRUTH-006761,PERSON-000943,OBSERVED_IN,CASE-000864,true,true
TRUTH-006762,PERSON-002397,OBSERVED_IN,CASE-000864,true,true
TRUTH-006763,PERSON-001747,OBSERVED_IN,CASE-000864,true,true
TRUTH-006764,PERSON-002408,OBSERVED_IN,CASE-000864,true,true
TRUTH-006765,PERSON-000181,SUSPECT_IN,CASE-000865,true,true
TRUTH-006766,PERSON-000140,SUSPECT_IN,CASE-000865,true,true
TRUTH-006767,PERSON-000991,SUSPECT_IN,CASE-000865,true,true
TRUTH-006768,PERSON-000390,SUSPECT_IN,CASE-000865,true,true
TRUTH-006769,PERSON-001369,OBSERVED_IN,CASE-000865,true,true
TRUTH-006770,PERSON-001805,OBSERVED_IN,CASE-000865,true,true
TRUTH-006771,PERSON-002150,OBSERVED_IN,CASE-000865,true,true
TRUTH-006772,PERSON-001863,OBSERVED_IN,CASE-000865,true,true
TRUTH-006773,PERSON-002077,OBSERVED_IN,CASE-000865,true,true
TRUTH-006774,PERSON-002771,OBSERVED_IN,CASE-000865,true,true
TRUTH-006775,PERSON-000957,OBSERVED_IN,CASE-000865,true,true
TRUTH-006776,PERSON-002442,SUSPECT_IN,CASE-000866,true,true
TRUTH-006777,PERSON-000792,SUSPECT_IN,CASE-000866,true,true
TRUTH-006778,PERSON-000438,OBSERVED_IN,CASE-000866,true,true
TRUTH-006779,PERSON-000285,OBSERVED_IN,CASE-000866,true,true
TRUTH-006780,PERSON-000135,OBSERVED_IN,CASE-000866,true,true
TRUTH-006781,PERSON-002704,OBSERVED_IN,CASE-000866,true,true
TRUTH-006782,PERSON-002829,OBSERVED_IN,CASE-000866,true,true
TRUTH-006783,PERSON-002948,OBSERVED_IN,CASE-000866,true,true
TRUTH-006784,PERSON-001885,OBSERVED_IN,CASE-000866,true,true
TRUTH-006785,PERSON-000599,OBSERVED_IN,CASE-000866,true,true
TRUTH-006786,PERSON-000032,SUSPECT_IN,CASE-000867,true,true
TRUTH-006787,PERSON-002737,SUSPECT_IN,CASE-000867,true,true
TRUTH-006788,PERSON-002896,SUSPECT_IN,CASE-000867,true,true
TRUTH-006789,PERSON-000165,OBSERVED_IN,CASE-000867,true,true
TRUTH-006790,PERSON-000042,OBSERVED_IN,CASE-000867,true,true
TRUTH-006791,PERSON-002068,OBSERVED_IN,CASE-000867,true,true
TRUTH-006792,PERSON-000712,SUSPECT_IN,CASE-000868,true,true
TRUTH-006793,PERSON-002788,SUSPECT_IN,CASE-000868,true,true
TRUTH-006794,PERSON-001206,SUSPECT_IN,CASE-000868,true,true
TRUTH-006795,PERSON-000001,SUSPECT_IN,CASE-000868,true,true
TRUTH-006796,PERSON-001385,SUSPECT_IN,CASE-000868,true,true
TRUTH-006797,PERSON-002684,SUSPECT_IN,CASE-000868,true,true
TRUTH-006798,PERSON-000175,OBSERVED_IN,CASE-000868,true,true
TRUTH-006799,PERSON-001012,OBSERVED_IN,CASE-000868,true,true
TRUTH-006800,PERSON-000734,OBSERVED_IN,CASE-000868,true,true
TRUTH-006801,PERSON-000710,OBSERVED_IN,CASE-000868,true,true
TRUTH-006802,PERSON-000357,SUSPECT_IN,CASE-000869,true,true
TRUTH-006803,PERSON-001992,SUSPECT_IN,CASE-000869,true,true
TRUTH-006804,PERSON-001965,SUSPECT_IN,CASE-000869,true,true
TRUTH-006805,PERSON-001810,SUSPECT_IN,CASE-000869,true,true
TRUTH-006806,PERSON-002020,OBSERVED_IN,CASE-000869,true,true
TRUTH-006807,PERSON-002279,OBSERVED_IN,CASE-000869,true,true
TRUTH-006808,PERSON-001898,OBSERVED_IN,CASE-000869,true,true
TRUTH-006809,PERSON-000060,SUSPECT_IN,CASE-000870,true,true
TRUTH-006810,PERSON-001542,SUSPECT_IN,CASE-000870,true,true
TRUTH-006811,PERSON-001480,SUSPECT_IN,CASE-000870,true,true
TRUTH-006812,PERSON-001846,SUSPECT_IN,CASE-000870,true,true
TRUTH-006813,PERSON-000832,OBSERVED_IN,CASE-000870,true,true
TRUTH-006814,PERSON-000886,OBSERVED_IN,CASE-000870,true,true
TRUTH-006815,PERSON-000032,SUSPECT_IN,CASE-000871,true,true
TRUTH-006816,PERSON-000275,SUSPECT_IN,CASE-000871,true,true
TRUTH-006817,PERSON-000165,SUSPECT_IN,CASE-000871,true,true
TRUTH-006818,PERSON-002068,SUSPECT_IN,CASE-000871,true,true
TRUTH-006819,PERSON-002737,SUSPECT_IN,CASE-000871,true,true
TRUTH-006820,PERSON-000274,SUSPECT_IN,CASE-000871,true,true
TRUTH-006821,PERSON-000473,OBSERVED_IN,CASE-000871,true,true
TRUTH-006822,PERSON-000042,OBSERVED_IN,CASE-000871,true,true
TRUTH-006823,PERSON-000556,SUSPECT_IN,CASE-000872,true,true
TRUTH-006824,PERSON-002609,SUSPECT_IN,CASE-000872,true,true
TRUTH-006825,PERSON-000279,SUSPECT_IN,CASE-000872,true,true
TRUTH-006826,PERSON-001768,SUSPECT_IN,CASE-000872,true,true
TRUTH-006827,PERSON-002938,SUSPECT_IN,CASE-000872,true,true
TRUTH-006828,PERSON-000146,OBSERVED_IN,CASE-000872,true,true
TRUTH-006829,PERSON-000906,OBSERVED_IN,CASE-000872,true,true
TRUTH-006830,PERSON-000047,OBSERVED_IN,CASE-000872,true,true
TRUTH-006831,PERSON-000217,OBSERVED_IN,CASE-000872,true,true
TRUTH-006832,PERSON-002223,OBSERVED_IN,CASE-000872,true,true
TRUTH-006833,PERSON-002964,OBSERVED_IN,CASE-000872,true,true
TRUTH-006834,PERSON-000556,SUSPECT_IN,CASE-000873,true,true
TRUTH-006835,PERSON-002205,SUSPECT_IN,CASE-000873,true,true
TRUTH-006836,PERSON-000146,SUSPECT_IN,CASE-000873,true,true
TRUTH-006837,PERSON-000473,SUSPECT_IN,CASE-000873,true,true
TRUTH-006838,PERSON-001706,SUSPECT_IN,CASE-000873,true,true
TRUTH-006839,PERSON-000279,OBSERVED_IN,CASE-000873,true,true
TRUTH-006840,PERSON-002964,OBSERVED_IN,CASE-000873,true,true
TRUTH-006841,PERSON-002223,OBSERVED_IN,CASE-000873,true,true
TRUTH-006842,PERSON-001768,OBSERVED_IN,CASE-000873,true,true
TRUTH-006843,PERSON-000544,SUSPECT_IN,CASE-000874,true,true
TRUTH-006844,PERSON-000274,SUSPECT_IN,CASE-000874,true,true
TRUTH-006845,PERSON-001894,OBSERVED_IN,CASE-000874,true,true
TRUTH-006846,PERSON-002335,OBSERVED_IN,CASE-000874,true,true
TRUTH-006847,PERSON-002039,OBSERVED_IN,CASE-000874,true,true
TRUTH-006848,PERSON-001135,OBSERVED_IN,CASE-000874,true,true
TRUTH-006849,PERSON-001182,SUSPECT_IN,CASE-000875,true,true
TRUTH-006850,PERSON-001234,SUSPECT_IN,CASE-000875,true,true
TRUTH-006851,PERSON-000717,SUSPECT_IN,CASE-000875,true,true
TRUTH-006852,PERSON-001479,SUSPECT_IN,CASE-000875,true,true
TRUTH-006853,PERSON-000667,OBSERVED_IN,CASE-000875,true,true
TRUTH-006854,PERSON-001131,OBSERVED_IN,CASE-000875,true,true
TRUTH-006855,PERSON-001890,OBSERVED_IN,CASE-000875,true,true
TRUTH-006856,PERSON-000405,OBSERVED_IN,CASE-000875,true,true
TRUTH-006857,PERSON-000074,OBSERVED_IN,CASE-000875,true,true
TRUTH-006858,PERSON-000154,OBSERVED_IN,CASE-000875,true,true
TRUTH-006859,PERSON-000676,SUSPECT_IN,CASE-000876,true,true
TRUTH-006860,PERSON-000575,SUSPECT_IN,CASE-000876,true,true
TRUTH-006861,PERSON-000497,SUSPECT_IN,CASE-000876,true,true
TRUTH-006862,PERSON-001941,SUSPECT_IN,CASE-000876,true,true
TRUTH-006863,PERSON-002901,OBSERVED_IN,CASE-000876,true,true
TRUTH-006864,PERSON-000132,OBSERVED_IN,CASE-000876,true,true
TRUTH-006865,PERSON-000507,OBSERVED_IN,CASE-000876,true,true
TRUTH-006866,PERSON-000072,OBSERVED_IN,CASE-000876,true,true
TRUTH-006867,PERSON-002737,SUSPECT_IN,CASE-000877,true,true
TRUTH-006868,PERSON-001481,SUSPECT_IN,CASE-000877,true,true
TRUTH-006869,PERSON-002068,SUSPECT_IN,CASE-000877,true,true
TRUTH-006870,PERSON-000165,SUSPECT_IN,CASE-000877,true,true
TRUTH-006871,PERSON-000272,SUSPECT_IN,CASE-000877,true,true
TRUTH-006872,PERSON-000682,OBSERVED_IN,CASE-000877,true,true
TRUTH-006873,PERSON-000473,OBSERVED_IN,CASE-000877,true,true
TRUTH-006874,PERSON-000042,OBSERVED_IN,CASE-000877,true,true
TRUTH-006875,PERSON-000275,OBSERVED_IN,CASE-000877,true,true
TRUTH-006876,PERSON-000032,OBSERVED_IN,CASE-000877,true,true
TRUTH-006877,PERSON-001861,SUSPECT_IN,CASE-000878,true,true
TRUTH-006878,PERSON-002574,SUSPECT_IN,CASE-000878,true,true
TRUTH-006879,PERSON-001589,SUSPECT_IN,CASE-000878,true,true
TRUTH-006880,PERSON-000063,SUSPECT_IN,CASE-000878,true,true
TRUTH-006881,PERSON-000081,SUSPECT_IN,CASE-000878,true,true
TRUTH-006882,PERSON-002757,SUSPECT_IN,CASE-000878,true,true
TRUTH-006883,PERSON-000850,OBSERVED_IN,CASE-000878,true,true
TRUTH-006884,PERSON-001259,OBSERVED_IN,CASE-000878,true,true
TRUTH-006885,PERSON-000092,SUSPECT_IN,CASE-000879,true,true
TRUTH-006886,PERSON-002872,SUSPECT_IN,CASE-000879,true,true
TRUTH-006887,PERSON-000817,OBSERVED_IN,CASE-000879,true,true
TRUTH-006888,PERSON-001507,OBSERVED_IN,CASE-000879,true,true
TRUTH-006889,PERSON-002879,OBSERVED_IN,CASE-000879,true,true
TRUTH-006890,PERSON-000979,OBSERVED_IN,CASE-000879,true,true
TRUTH-006891,PERSON-000405,OBSERVED_IN,CASE-000879,true,true
TRUTH-006892,PERSON-000647,OBSERVED_IN,CASE-000879,true,true
TRUTH-006893,PERSON-001367,OBSERVED_IN,CASE-000879,true,true
TRUTH-006894,PERSON-002410,SUSPECT_IN,CASE-000880,true,true
TRUTH-006895,PERSON-002915,SUSPECT_IN,CASE-000880,true,true
TRUTH-006896,PERSON-002020,SUSPECT_IN,CASE-000880,true,true
TRUTH-006897,PERSON-001817,OBSERVED_IN,CASE-000880,true,true
TRUTH-006898,PERSON-002920,OBSERVED_IN,CASE-000880,true,true
TRUTH-006899,PERSON-000139,OBSERVED_IN,CASE-000880,true,true
TRUTH-006900,PERSON-001116,OBSERVED_IN,CASE-000880,true,true
TRUTH-006901,PERSON-002006,OBSERVED_IN,CASE-000880,true,true
TRUTH-006902,PERSON-000195,OBSERVED_IN,CASE-000880,true,true
TRUTH-006903,PERSON-000488,SUSPECT_IN,CASE-000881,true,true
TRUTH-006904,PERSON-002020,SUSPECT_IN,CASE-000881,true,true
TRUTH-006905,PERSON-000765,SUSPECT_IN,CASE-000881,true,true
TRUTH-006906,PERSON-001992,SUSPECT_IN,CASE-000881,true,true
TRUTH-006907,PERSON-000621,SUSPECT_IN,CASE-000881,true,true
TRUTH-006908,PERSON-001007,SUSPECT_IN,CASE-000881,true,true
TRUTH-006909,PERSON-000921,OBSERVED_IN,CASE-000881,true,true
TRUTH-006910,PERSON-000357,OBSERVED_IN,CASE-000881,true,true
TRUTH-006911,PERSON-001540,OBSERVED_IN,CASE-000881,true,true
TRUTH-006912,PERSON-000499,SUSPECT_IN,CASE-000882,true,true
TRUTH-006913,PERSON-001908,SUSPECT_IN,CASE-000882,true,true
TRUTH-006914,PERSON-000245,OBSERVED_IN,CASE-000882,true,true
TRUTH-006915,PERSON-000825,OBSERVED_IN,CASE-000882,true,true
TRUTH-006916,PERSON-001780,OBSERVED_IN,CASE-000882,true,true
TRUTH-006917,PERSON-002397,OBSERVED_IN,CASE-000882,true,true
TRUTH-006918,PERSON-002846,OBSERVED_IN,CASE-000882,true,true
TRUTH-006919,PERSON-001578,OBSERVED_IN,CASE-000882,true,true
TRUTH-006920,PERSON-001029,OBSERVED_IN,CASE-000882,true,true
TRUTH-006921,PERSON-002900,SUSPECT_IN,CASE-000883,true,true
TRUTH-006922,PERSON-001474,SUSPECT_IN,CASE-000883,true,true
TRUTH-006923,PERSON-002821,SUSPECT_IN,CASE-000883,true,true
TRUTH-006924,PERSON-002060,OBSERVED_IN,CASE-000883,true,true
TRUTH-006925,PERSON-000267,OBSERVED_IN,CASE-000883,true,true
TRUTH-006926,PERSON-001757,OBSERVED_IN,CASE-000883,true,true
TRUTH-006927,PERSON-002821,SUSPECT_IN,CASE-000884,true,true
TRUTH-006928,PERSON-000267,SUSPECT_IN,CASE-000884,true,true
TRUTH-006929,PERSON-002739,SUSPECT_IN,CASE-000884,true,true
TRUTH-006930,PERSON-001474,OBSERVED_IN,CASE-000884,true,true
TRUTH-006931,PERSON-001115,OBSERVED_IN,CASE-000884,true,true
TRUTH-006932,PERSON-000440,OBSERVED_IN,CASE-000884,true,true
TRUTH-006933,PERSON-002517,SUSPECT_IN,CASE-000885,true,true
TRUTH-006934,PERSON-001992,SUSPECT_IN,CASE-000885,true,true
TRUTH-006935,PERSON-000449,SUSPECT_IN,CASE-000885,true,true
TRUTH-006936,PERSON-002020,OBSERVED_IN,CASE-000885,true,true
TRUTH-006937,PERSON-000538,OBSERVED_IN,CASE-000885,true,true
TRUTH-006938,PERSON-002873,OBSERVED_IN,CASE-000885,true,true
TRUTH-006939,PERSON-001540,OBSERVED_IN,CASE-000885,true,true
TRUTH-006940,PERSON-001205,OBSERVED_IN,CASE-000885,true,true
TRUTH-006941,PERSON-002106,SUSPECT_IN,CASE-000886,true,true
TRUTH-006942,PERSON-001066,SUSPECT_IN,CASE-000886,true,true
TRUTH-006943,PERSON-000217,SUSPECT_IN,CASE-000886,true,true
TRUTH-006944,PERSON-001803,OBSERVED_IN,CASE-000886,true,true
TRUTH-006945,PERSON-001431,OBSERVED_IN,CASE-000886,true,true
TRUTH-006946,PERSON-001492,OBSERVED_IN,CASE-000886,true,true
TRUTH-006947,PERSON-000846,OBSERVED_IN,CASE-000886,true,true
TRUTH-006948,PERSON-000556,SUSPECT_IN,CASE-000887,true,true
TRUTH-006949,PERSON-000146,SUSPECT_IN,CASE-000887,true,true
TRUTH-006950,PERSON-002944,SUSPECT_IN,CASE-000887,true,true
TRUTH-006951,PERSON-002609,OBSERVED_IN,CASE-000887,true,true
TRUTH-006952,PERSON-000906,OBSERVED_IN,CASE-000887,true,true
TRUTH-006953,PERSON-000279,OBSERVED_IN,CASE-000887,true,true
TRUTH-006954,PERSON-002223,OBSERVED_IN,CASE-000887,true,true
TRUTH-006955,PERSON-002205,OBSERVED_IN,CASE-000887,true,true
TRUTH-006956,PERSON-001492,SUSPECT_IN,CASE-000888,true,true
TRUTH-006957,PERSON-002739,SUSPECT_IN,CASE-000888,true,true
TRUTH-006958,PERSON-000653,SUSPECT_IN,CASE-000888,true,true
TRUTH-006959,PERSON-000479,OBSERVED_IN,CASE-000888,true,true
TRUTH-006960,PERSON-000295,OBSERVED_IN,CASE-000888,true,true
TRUTH-006961,PERSON-002449,OBSERVED_IN,CASE-000888,true,true
TRUTH-006962,PERSON-000846,OBSERVED_IN,CASE-000888,true,true
TRUTH-006963,PERSON-002106,OBSERVED_IN,CASE-000888,true,true
TRUTH-006964,PERSON-002646,OBSERVED_IN,CASE-000888,true,true
TRUTH-006965,PERSON-000823,OBSERVED_IN,CASE-000888,true,true
TRUTH-006966,PERSON-000838,OBSERVED_IN,CASE-000888,true,true
TRUTH-006967,PERSON-001965,SUSPECT_IN,CASE-000889,true,true
TRUTH-006968,PERSON-000921,SUSPECT_IN,CASE-000889,true,true
TRUTH-006969,PERSON-002999,SUSPECT_IN,CASE-000889,true,true
TRUTH-006970,PERSON-001992,SUSPECT_IN,CASE-000889,true,true
TRUTH-006971,PERSON-000121,SUSPECT_IN,CASE-000889,true,true
TRUTH-006972,PERSON-002847,SUSPECT_IN,CASE-000890,true,true
TRUTH-006973,PERSON-000635,SUSPECT_IN,CASE-000890,true,true
TRUTH-006974,PERSON-000789,SUSPECT_IN,CASE-000890,true,true
TRUTH-006975,PERSON-001542,OBSERVED_IN,CASE-000890,true,true
TRUTH-006976,PERSON-001363,OBSERVED_IN,CASE-000890,true,true
TRUTH-006977,PERSON-001480,OBSERVED_IN,CASE-000890,true,true
TRUTH-006978,PERSON-000886,OBSERVED_IN,CASE-000890,true,true
TRUTH-006979,PERSON-002896,OBSERVED_IN,CASE-000890,true,true
TRUTH-006980,PERSON-001847,OBSERVED_IN,CASE-000890,true,true
TRUTH-006981,PERSON-001343,SUSPECT_IN,CASE-000891,true,true
TRUTH-006982,PERSON-000919,SUSPECT_IN,CASE-000891,true,true
TRUTH-006983,PERSON-001664,OBSERVED_IN,CASE-000891,true,true
TRUTH-006984,PERSON-002675,OBSERVED_IN,CASE-000891,true,true
TRUTH-006985,PERSON-002998,OBSERVED_IN,CASE-000891,true,true
TRUTH-006986,PERSON-002835,OBSERVED_IN,CASE-000891,true,true
TRUTH-006987,PERSON-001315,OBSERVED_IN,CASE-000891,true,true
TRUTH-006988,PERSON-000106,OBSERVED_IN,CASE-000891,true,true
TRUTH-006989,PERSON-000697,OBSERVED_IN,CASE-000891,true,true
TRUTH-006990,PERSON-000584,OBSERVED_IN,CASE-000891,true,true
TRUTH-006991,PERSON-000083,SUSPECT_IN,CASE-000892,true,true
TRUTH-006992,PERSON-002873,SUSPECT_IN,CASE-000892,true,true
TRUTH-006993,PERSON-002020,SUSPECT_IN,CASE-000892,true,true
TRUTH-006994,PERSON-001880,SUSPECT_IN,CASE-000892,true,true
TRUTH-006995,PERSON-001965,OBSERVED_IN,CASE-000892,true,true
TRUTH-006996,PERSON-001543,OBSERVED_IN,CASE-000892,true,true
TRUTH-006997,PERSON-001205,OBSERVED_IN,CASE-000892,true,true
TRUTH-006998,PERSON-000621,OBSERVED_IN,CASE-000892,true,true
TRUTH-006999,PERSON-000357,OBSERVED_IN,CASE-000892,true,true
TRUTH-007000,PERSON-002068,SUSPECT_IN,CASE-000893,true,true
TRUTH-007001,PERSON-002759,SUSPECT_IN,CASE-000893,true,true
TRUTH-007002,PERSON-001955,SUSPECT_IN,CASE-000893,true,true
TRUTH-007003,PERSON-002986,OBSERVED_IN,CASE-000893,true,true
TRUTH-007004,PERSON-001071,OBSERVED_IN,CASE-000893,true,true
TRUTH-007005,PERSON-001343,SUSPECT_IN,CASE-000894,true,true
TRUTH-007006,PERSON-000576,SUSPECT_IN,CASE-000894,true,true
TRUTH-007007,PERSON-001664,SUSPECT_IN,CASE-000894,true,true
TRUTH-007008,PERSON-000106,SUSPECT_IN,CASE-000894,true,true
TRUTH-007009,PERSON-000904,SUSPECT_IN,CASE-000894,true,true
TRUTH-007010,PERSON-002750,SUSPECT_IN,CASE-000894,true,true
TRUTH-007011,PERSON-002998,OBSERVED_IN,CASE-000894,true,true
TRUTH-007012,PERSON-000948,OBSERVED_IN,CASE-000894,true,true
TRUTH-007013,PERSON-001315,OBSERVED_IN,CASE-000894,true,true
TRUTH-007014,PERSON-002757,OBSERVED_IN,CASE-000894,true,true
TRUTH-007015,PERSON-002715,OBSERVED_IN,CASE-000894,true,true
TRUTH-007016,PERSON-002020,SUSPECT_IN,CASE-000895,true,true
TRUTH-007017,PERSON-000921,SUSPECT_IN,CASE-000895,true,true
TRUTH-007018,PERSON-002873,SUSPECT_IN,CASE-000895,true,true
TRUTH-007019,PERSON-001543,SUSPECT_IN,CASE-000895,true,true
TRUTH-007020,PERSON-002517,SUSPECT_IN,CASE-000895,true,true
TRUTH-007021,PERSON-002829,SUSPECT_IN,CASE-000895,true,true
TRUTH-007022,PERSON-000621,OBSERVED_IN,CASE-000895,true,true
TRUTH-007023,PERSON-000765,OBSERVED_IN,CASE-000895,true,true
TRUTH-007024,PERSON-000538,OBSERVED_IN,CASE-000895,true,true
TRUTH-007025,PERSON-000120,OBSERVED_IN,CASE-000895,true,true
TRUTH-007026,PERSON-000060,SUSPECT_IN,CASE-000896,true,true
TRUTH-007027,PERSON-001363,SUSPECT_IN,CASE-000896,true,true
TRUTH-007028,PERSON-001480,SUSPECT_IN,CASE-000896,true,true
TRUTH-007029,PERSON-002675,SUSPECT_IN,CASE-000896,true,true
TRUTH-007030,PERSON-001847,SUSPECT_IN,CASE-000896,true,true
TRUTH-007031,PERSON-000635,SUSPECT_IN,CASE-000896,true,true
TRUTH-007032,PERSON-000832,OBSERVED_IN,CASE-000896,true,true
TRUTH-007033,PERSON-001596,OBSERVED_IN,CASE-000896,true,true
TRUTH-007034,PERSON-000497,OBSERVED_IN,CASE-000896,true,true
TRUTH-007035,PERSON-002713,OBSERVED_IN,CASE-000896,true,true
TRUTH-007036,PERSON-000146,SUSPECT_IN,CASE-000897,true,true
TRUTH-007037,PERSON-001041,SUSPECT_IN,CASE-000897,true,true
TRUTH-007038,PERSON-001664,SUSPECT_IN,CASE-000897,true,true
TRUTH-007039,PERSON-001670,OBSERVED_IN,CASE-000897,true,true
TRUTH-007040,PERSON-002750,OBSERVED_IN,CASE-000897,true,true
TRUTH-007041,PERSON-000351,OBSERVED_IN,CASE-000897,true,true
TRUTH-007042,PERSON-002417,SUSPECT_IN,CASE-000898,true,true
TRUTH-007043,PERSON-000207,SUSPECT_IN,CASE-000898,true,true
TRUTH-007044,PERSON-000710,SUSPECT_IN,CASE-000898,true,true
TRUTH-007045,PERSON-000111,OBSERVED_IN,CASE-000898,true,true
TRUTH-007046,PERSON-002737,OBSERVED_IN,CASE-000898,true,true
TRUTH-007047,PERSON-001687,OBSERVED_IN,CASE-000898,true,true
TRUTH-007048,PERSON-000366,OBSERVED_IN,CASE-000898,true,true
TRUTH-007049,PERSON-000245,SUSPECT_IN,CASE-000899,true,true
TRUTH-007050,PERSON-000943,SUSPECT_IN,CASE-000899,true,true
TRUTH-007051,PERSON-002150,SUSPECT_IN,CASE-000899,true,true
TRUTH-007052,PERSON-002304,OBSERVED_IN,CASE-000899,true,true
TRUTH-007053,PERSON-001691,OBSERVED_IN,CASE-000899,true,true
TRUTH-007054,PERSON-001847,OBSERVED_IN,CASE-000899,true,true
TRUTH-007055,PERSON-001343,SUSPECT_IN,CASE-000900,true,true
TRUTH-007056,PERSON-000584,SUSPECT_IN,CASE-000900,true,true
TRUTH-007057,PERSON-000904,SUSPECT_IN,CASE-000900,true,true
TRUTH-007058,PERSON-002715,SUSPECT_IN,CASE-000900,true,true
TRUTH-007059,PERSON-000576,SUSPECT_IN,CASE-000900,true,true
TRUTH-007060,PERSON-002998,OBSERVED_IN,CASE-000900,true,true
TRUTH-007061,PERSON-002835,OBSERVED_IN,CASE-000900,true,true
TRUTH-007062,PERSON-000948,OBSERVED_IN,CASE-000900,true,true
TRUTH-007063,PERSON-001315,OBSERVED_IN,CASE-000900,true,true
TRUTH-007064,PERSON-000697,OBSERVED_IN,CASE-000900,true,true
TRUTH-007065,PERSON-000230,OBSERVED_IN,CASE-000900,true,true
TRUTH-007066,PERSON-001747,SUSPECT_IN,CASE-000901,true,true
TRUTH-007067,PERSON-000260,SUSPECT_IN,CASE-000901,true,true
TRUTH-007068,PERSON-001691,SUSPECT_IN,CASE-000901,true,true
TRUTH-007069,PERSON-001334,SUSPECT_IN,CASE-000901,true,true
TRUTH-007070,PERSON-000825,OBSERVED_IN,CASE-000901,true,true
TRUTH-007071,PERSON-000943,OBSERVED_IN,CASE-000901,true,true
TRUTH-007072,PERSON-002397,OBSERVED_IN,CASE-000901,true,true
TRUTH-007073,PERSON-002408,OBSERVED_IN,CASE-000901,true,true
TRUTH-007074,PERSON-001578,OBSERVED_IN,CASE-000901,true,true
TRUTH-007075,PERSON-002304,SUSPECT_IN,CASE-000902,true,true
TRUTH-007076,PERSON-000825,SUSPECT_IN,CASE-000902,true,true
TRUTH-007077,PERSON-000260,SUSPECT_IN,CASE-000902,true,true
TRUTH-007078,PERSON-001847,SUSPECT_IN,CASE-000902,true,true
TRUTH-007079,PERSON-000207,SUSPECT_IN,CASE-000902,true,true
TRUTH-007080,PERSON-001780,OBSERVED_IN,CASE-000902,true,true
TRUTH-007081,PERSON-002846,OBSERVED_IN,CASE-000902,true,true
TRUTH-007082,PERSON-001363,SUSPECT_IN,CASE-000903,true,true
TRUTH-007083,PERSON-002675,SUSPECT_IN,CASE-000903,true,true
TRUTH-007084,PERSON-001596,SUSPECT_IN,CASE-000903,true,true
TRUTH-007085,PERSON-002922,SUSPECT_IN,CASE-000903,true,true
TRUTH-007086,PERSON-001847,SUSPECT_IN,CASE-000903,true,true
TRUTH-007087,PERSON-001141,SUSPECT_IN,CASE-000903,true,true
TRUTH-007088,PERSON-000060,OBSERVED_IN,CASE-000903,true,true
TRUTH-007089,PERSON-001363,SUSPECT_IN,CASE-000904,true,true
TRUTH-007090,PERSON-001596,SUSPECT_IN,CASE-000904,true,true
TRUTH-007091,PERSON-002896,SUSPECT_IN,CASE-000904,true,true
TRUTH-007092,PERSON-001334,SUSPECT_IN,CASE-000904,true,true
TRUTH-007093,PERSON-002675,OBSERVED_IN,CASE-000904,true,true
TRUTH-007094,PERSON-002922,OBSERVED_IN,CASE-000904,true,true
TRUTH-007095,PERSON-000635,SUSPECT_IN,CASE-000905,true,true
TRUTH-007096,PERSON-001480,SUSPECT_IN,CASE-000905,true,true
TRUTH-007097,PERSON-000611,SUSPECT_IN,CASE-000905,true,true
TRUTH-007098,PERSON-002847,SUSPECT_IN,CASE-000905,true,true
TRUTH-007099,PERSON-000470,SUSPECT_IN,CASE-000905,true,true
TRUTH-007100,PERSON-000832,OBSERVED_IN,CASE-000905,true,true
TRUTH-007101,PERSON-002922,OBSERVED_IN,CASE-000905,true,true
TRUTH-007102,PERSON-001861,SUSPECT_IN,CASE-000906,true,true
TRUTH-007103,PERSON-000863,SUSPECT_IN,CASE-000906,true,true
TRUTH-007104,PERSON-000580,SUSPECT_IN,CASE-000906,true,true
TRUTH-007105,PERSON-001259,OBSERVED_IN,CASE-000906,true,true
TRUTH-007106,PERSON-000850,OBSERVED_IN,CASE-000906,true,true
TRUTH-007107,PERSON-002574,OBSERVED_IN,CASE-000906,true,true
TRUTH-007108,PERSON-000063,OBSERVED_IN,CASE-000906,true,true
TRUTH-007109,PERSON-002757,OBSERVED_IN,CASE-000906,true,true
TRUTH-007110,PERSON-001589,OBSERVED_IN,CASE-000906,true,true
TRUTH-007111,PERSON-002846,SUSPECT_IN,CASE-000907,true,true
TRUTH-007112,PERSON-001747,SUSPECT_IN,CASE-000907,true,true
TRUTH-007113,PERSON-000305,SUSPECT_IN,CASE-000907,true,true
TRUTH-007114,PERSON-002304,OBSERVED_IN,CASE-000907,true,true
TRUTH-007115,PERSON-000825,OBSERVED_IN,CASE-000907,true,true
TRUTH-007116,PERSON-001029,OBSERVED_IN,CASE-000907,true,true
TRUTH-007117,PERSON-000081,SUSPECT_IN,CASE-000908,true,true
TRUTH-007118,PERSON-000863,SUSPECT_IN,CASE-000908,true,true
TRUTH-007119,PERSON-001589,SUSPECT_IN,CASE-000908,true,true
TRUTH-007120,PERSON-000850,SUSPECT_IN,CASE-000908,true,true
TRUTH-007121,PERSON-001259,SUSPECT_IN,CASE-000908,true,true
TRUTH-007122,PERSON-001861,OBSERVED_IN,CASE-000908,true,true
TRUTH-007123,PERSON-000063,OBSERVED_IN,CASE-000908,true,true
TRUTH-007124,PERSON-000792,SUSPECT_IN,CASE-000909,true,true
TRUTH-007125,PERSON-000540,SUSPECT_IN,CASE-000909,true,true
TRUTH-007126,PERSON-002900,SUSPECT_IN,CASE-000909,true,true
TRUTH-007127,PERSON-002393,SUSPECT_IN,CASE-000909,true,true
TRUTH-007128,PERSON-001558,OBSERVED_IN,CASE-000909,true,true
TRUTH-007129,PERSON-002821,OBSERVED_IN,CASE-000909,true,true
TRUTH-007130,PERSON-001474,OBSERVED_IN,CASE-000909,true,true
TRUTH-007131,PERSON-000180,OBSERVED_IN,CASE-000909,true,true
TRUTH-007132,PERSON-000267,OBSERVED_IN,CASE-000909,true,true
TRUTH-007133,PERSON-002618,OBSERVED_IN,CASE-000909,true,true
TRUTH-007134,PERSON-001757,OBSERVED_IN,CASE-000909,true,true
TRUTH-007135,PERSON-002223,SUSPECT_IN,CASE-000910,true,true
TRUTH-007136,PERSON-001768,SUSPECT_IN,CASE-000910,true,true
TRUTH-007137,PERSON-000556,SUSPECT_IN,CASE-000910,true,true
TRUTH-007138,PERSON-000146,OBSERVED_IN,CASE-000910,true,true
TRUTH-007139,PERSON-000217,OBSERVED_IN,CASE-000910,true,true
TRUTH-007140,PERSON-000473,OBSERVED_IN,CASE-000910,true,true
TRUTH-007141,PERSON-000047,OBSERVED_IN,CASE-000910,true,true
TRUTH-007142,PERSON-002757,SUSPECT_IN,CASE-000911,true,true
TRUTH-007143,PERSON-002574,SUSPECT_IN,CASE-000911,true,true
TRUTH-007144,PERSON-000850,SUSPECT_IN,CASE-000911,true,true
TRUTH-007145,PERSON-000863,SUSPECT_IN,CASE-000911,true,true
TRUTH-007146,PERSON-000063,SUSPECT_IN,CASE-000911,true,true
TRUTH-007147,PERSON-000898,SUSPECT_IN,CASE-000911,true,true
TRUTH-007148,PERSON-001861,OBSERVED_IN,CASE-000911,true,true
TRUTH-007149,PERSON-001589,OBSERVED_IN,CASE-000911,true,true
TRUTH-007150,PERSON-002517,SUSPECT_IN,CASE-000912,true,true
TRUTH-007151,PERSON-000765,SUSPECT_IN,CASE-000912,true,true
TRUTH-007152,PERSON-001898,SUSPECT_IN,CASE-000912,true,true
TRUTH-007153,PERSON-002020,SUSPECT_IN,CASE-000912,true,true
TRUTH-007154,PERSON-002873,OBSERVED_IN,CASE-000912,true,true
TRUTH-007155,PERSON-001992,OBSERVED_IN,CASE-000912,true,true
TRUTH-007156,PERSON-000863,OBSERVED_IN,CASE-000912,true,true
TRUTH-007157,PERSON-001205,OBSERVED_IN,CASE-000912,true,true
TRUTH-007158,PERSON-002745,OBSERVED_IN,CASE-000912,true,true
TRUTH-007159,PERSON-000488,OBSERVED_IN,CASE-000912,true,true
TRUTH-007160,PERSON-000357,OBSERVED_IN,CASE-000912,true,true
TRUTH-007161,PERSON-000440,SUSPECT_IN,CASE-000913,true,true
TRUTH-007162,PERSON-000180,SUSPECT_IN,CASE-000913,true,true
TRUTH-007163,PERSON-001474,SUSPECT_IN,CASE-000913,true,true
TRUTH-007164,PERSON-001610,SUSPECT_IN,CASE-000913,true,true
TRUTH-007165,PERSON-001757,SUSPECT_IN,CASE-000913,true,true
TRUTH-007166,PERSON-002821,OBSERVED_IN,CASE-000913,true,true
TRUTH-007167,PERSON-000540,OBSERVED_IN,CASE-000913,true,true
TRUTH-007168,PERSON-001262,OBSERVED_IN,CASE-000913,true,true
TRUTH-007169,PERSON-000792,OBSERVED_IN,CASE-000913,true,true
TRUTH-007170,PERSON-002900,OBSERVED_IN,CASE-000913,true,true
TRUTH-007171,PERSON-002618,OBSERVED_IN,CASE-000913,true,true
TRUTH-007172,PERSON-001861,SUSPECT_IN,CASE-000914,true,true
TRUTH-007173,PERSON-000863,SUSPECT_IN,CASE-000914,true,true
TRUTH-007174,PERSON-000063,SUSPECT_IN,CASE-000914,true,true
TRUTH-007175,PERSON-002757,SUSPECT_IN,CASE-000914,true,true
TRUTH-007176,PERSON-000081,SUSPECT_IN,CASE-000914,true,true
TRUTH-007177,PERSON-000850,OBSERVED_IN,CASE-000914,true,true
TRUTH-007178,PERSON-002847,SUSPECT_IN,CASE-000915,true,true
TRUTH-007179,PERSON-001131,SUSPECT_IN,CASE-000915,true,true
TRUTH-007180,PERSON-001127,SUSPECT_IN,CASE-000915,true,true
TRUTH-007181,PERSON-001552,SUSPECT_IN,CASE-000915,true,true
TRUTH-007182,PERSON-000566,OBSERVED_IN,CASE-000915,true,true
TRUTH-007183,PERSON-002758,OBSERVED_IN,CASE-000915,true,true
TRUTH-007184,PERSON-001029,SUSPECT_IN,CASE-000916,true,true
TRUTH-007185,PERSON-002304,SUSPECT_IN,CASE-000916,true,true
TRUTH-007186,PERSON-000245,SUSPECT_IN,CASE-000916,true,true
TRUTH-007187,PERSON-001578,SUSPECT_IN,CASE-000916,true,true
TRUTH-007188,PERSON-002393,SUSPECT_IN,CASE-000916,true,true
TRUTH-007189,PERSON-001182,SUSPECT_IN,CASE-000916,true,true
TRUTH-007190,PERSON-000648,SUSPECT_IN,CASE-000917,true,true
TRUTH-007191,PERSON-001071,SUSPECT_IN,CASE-000917,true,true
TRUTH-007192,PERSON-000106,OBSERVED_IN,CASE-000917,true,true
TRUTH-007193,PERSON-001788,OBSERVED_IN,CASE-000917,true,true
TRUTH-007194,PERSON-000898,OBSERVED_IN,CASE-000917,true,true
TRUTH-007195,PERSON-002750,SUSPECT_IN,CASE-000918,true,true
TRUTH-007196,PERSON-000351,SUSPECT_IN,CASE-000918,true,true
TRUTH-007197,PERSON-001670,SUSPECT_IN,CASE-000918,true,true
TRUTH-007198,PERSON-000092,SUSPECT_IN,CASE-000918,true,true
TRUTH-007199,PERSON-001667,OBSERVED_IN,CASE-000918,true,true
TRUTH-007200,PERSON-000146,OBSERVED_IN,CASE-000918,true,true
TRUTH-007201,PERSON-001558,OBSERVED_IN,CASE-000918,true,true
TRUTH-007202,PERSON-001041,OBSERVED_IN,CASE-000918,true,true
TRUTH-007203,PERSON-001589,OBSERVED_IN,CASE-000918,true,true
TRUTH-007204,PERSON-001687,SUSPECT_IN,CASE-000919,true,true
TRUTH-007205,PERSON-001869,SUSPECT_IN,CASE-000919,true,true
TRUTH-007206,PERSON-002417,SUSPECT_IN,CASE-000919,true,true
TRUTH-007207,PERSON-000414,SUSPECT_IN,CASE-000919,true,true
TRUTH-007208,PERSON-000473,SUSPECT_IN,CASE-000919,true,true
TRUTH-007209,PERSON-001381,OBSERVED_IN,CASE-000919,true,true
TRUTH-007210,PERSON-002105,OBSERVED_IN,CASE-000919,true,true
TRUTH-007211,PERSON-001182,SUSPECT_IN,CASE-000920,true,true
TRUTH-007212,PERSON-002164,SUSPECT_IN,CASE-000920,true,true
TRUTH-007213,PERSON-000717,SUSPECT_IN,CASE-000920,true,true
TRUTH-007214,PERSON-000784,SUSPECT_IN,CASE-000920,true,true
TRUTH-007215,PERSON-001519,SUSPECT_IN,CASE-000920,true,true
TRUTH-007216,PERSON-000622,OBSERVED_IN,CASE-000920,true,true
TRUTH-007217,PERSON-001234,OBSERVED_IN,CASE-000920,true,true
TRUTH-007218,PERSON-002279,SUSPECT_IN,CASE-000921,true,true
TRUTH-007219,PERSON-000621,SUSPECT_IN,CASE-000921,true,true
TRUTH-007220,PERSON-000063,SUSPECT_IN,CASE-000921,true,true
TRUTH-007221,PERSON-002020,OBSERVED_IN,CASE-000921,true,true
TRUTH-007222,PERSON-002517,OBSERVED_IN,CASE-000921,true,true
TRUTH-007223,PERSON-001544,OBSERVED_IN,CASE-000921,true,true
TRUTH-007224,PERSON-001898,OBSERVED_IN,CASE-000921,true,true
TRUTH-007225,PERSON-001965,OBSERVED_IN,CASE-000921,true,true
TRUTH-007226,PERSON-000083,OBSERVED_IN,CASE-000921,true,true
TRUTH-007227,PERSON-002999,OBSERVED_IN,CASE-000921,true,true
TRUTH-007228,PERSON-000357,OBSERVED_IN,CASE-000921,true,true
TRUTH-007229,PERSON-001757,SUSPECT_IN,CASE-000922,true,true
TRUTH-007230,PERSON-000267,SUSPECT_IN,CASE-000922,true,true
TRUTH-007231,PERSON-002821,SUSPECT_IN,CASE-000922,true,true
TRUTH-007232,PERSON-002689,SUSPECT_IN,CASE-000922,true,true
TRUTH-007233,PERSON-001262,OBSERVED_IN,CASE-000922,true,true
TRUTH-007234,PERSON-000540,OBSERVED_IN,CASE-000922,true,true
TRUTH-007235,PERSON-000230,SUSPECT_IN,CASE-000923,true,true
TRUTH-007236,PERSON-001664,SUSPECT_IN,CASE-000923,true,true
TRUTH-007237,PERSON-000576,SUSPECT_IN,CASE-000923,true,true
TRUTH-007238,PERSON-002715,SUSPECT_IN,CASE-000923,true,true
TRUTH-007239,PERSON-001315,SUSPECT_IN,CASE-000923,true,true
TRUTH-007240,PERSON-002728,SUSPECT_IN,CASE-000923,true,true
TRUTH-007241,PERSON-002835,OBSERVED_IN,CASE-000923,true,true
TRUTH-007242,PERSON-002675,OBSERVED_IN,CASE-000923,true,true
TRUTH-007243,PERSON-000920,SUSPECT_IN,CASE-000924,true,true
TRUTH-007244,PERSON-001315,SUSPECT_IN,CASE-000924,true,true
TRUTH-007245,PERSON-000046,OBSERVED_IN,CASE-000924,true,true
TRUTH-007246,PERSON-000390,OBSERVED_IN,CASE-000924,true,true
TRUTH-007247,PERSON-001135,OBSERVED_IN,CASE-000924,true,true
TRUTH-007248,PERSON-002444,SUSPECT_IN,CASE-000925,true,true
TRUTH-007249,PERSON-002757,SUSPECT_IN,CASE-000925,true,true
TRUTH-007250,PERSON-002788,OBSERVED_IN,CASE-000925,true,true
TRUTH-007251,PERSON-000712,OBSERVED_IN,CASE-000925,true,true
TRUTH-007252,PERSON-000948,SUSPECT_IN,CASE-000926,true,true
TRUTH-007253,PERSON-000230,SUSPECT_IN,CASE-000926,true,true
TRUTH-007254,PERSON-001343,SUSPECT_IN,CASE-000926,true,true
TRUTH-007255,PERSON-000106,SUSPECT_IN,CASE-000926,true,true
TRUTH-007256,PERSON-001214,SUSPECT_IN,CASE-000926,true,true
TRUTH-007257,PERSON-002835,OBSERVED_IN,CASE-000926,true,true
TRUTH-007258,PERSON-002757,OBSERVED_IN,CASE-000926,true,true
TRUTH-007259,PERSON-000904,OBSERVED_IN,CASE-000926,true,true
TRUTH-007260,PERSON-002998,OBSERVED_IN,CASE-000926,true,true
TRUTH-007261,PERSON-001334,SUSPECT_IN,CASE-000927,true,true
TRUTH-007262,PERSON-001214,SUSPECT_IN,CASE-000927,true,true
TRUTH-007263,PERSON-000499,OBSERVED_IN,CASE-000927,true,true
TRUTH-007264,PERSON-000245,OBSERVED_IN,CASE-000927,true,true
TRUTH-007265,PERSON-000825,OBSERVED_IN,CASE-000927,true,true
TRUTH-007266,PERSON-001780,OBSERVED_IN,CASE-000927,true,true
TRUTH-007267,PERSON-000943,OBSERVED_IN,CASE-000927,true,true
TRUTH-007268,PERSON-001578,OBSERVED_IN,CASE-000927,true,true
TRUTH-007269,PERSON-001691,OBSERVED_IN,CASE-000927,true,true
TRUTH-007270,PERSON-001847,OBSERVED_IN,CASE-000927,true,true
TRUTH-007271,PERSON-002986,SUSPECT_IN,CASE-000928,true,true
TRUTH-007272,PERSON-001425,SUSPECT_IN,CASE-000928,true,true
TRUTH-007273,PERSON-001093,SUSPECT_IN,CASE-000928,true,true
TRUTH-007274,PERSON-000822,OBSERVED_IN,CASE-000928,true,true
TRUTH-007275,PERSON-001071,OBSERVED_IN,CASE-000928,true,true
TRUTH-007276,PERSON-000613,OBSERVED_IN,CASE-000928,true,true
TRUTH-007277,PERSON-002068,OBSERVED_IN,CASE-000928,true,true
TRUTH-007278,PERSON-001880,SUSPECT_IN,CASE-000929,true,true
TRUTH-007279,PERSON-001615,SUSPECT_IN,CASE-000929,true,true
TRUTH-007280,PERSON-002122,SUSPECT_IN,CASE-000929,true,true
TRUTH-007281,PERSON-001059,SUSPECT_IN,CASE-000929,true,true
TRUTH-007282,PERSON-000233,SUSPECT_IN,CASE-000929,true,true
TRUTH-007283,PERSON-000792,SUSPECT_IN,CASE-000929,true,true
TRUTH-007284,PERSON-000948,SUSPECT_IN,CASE-000930,true,true
TRUTH-007285,PERSON-002757,SUSPECT_IN,CASE-000930,true,true
TRUTH-007286,PERSON-002675,SUSPECT_IN,CASE-000930,true,true
TRUTH-007287,PERSON-001668,SUSPECT_IN,CASE-000930,true,true
TRUTH-007288,PERSON-001664,OBSERVED_IN,CASE-000930,true,true
TRUTH-007289,PERSON-000230,OBSERVED_IN,CASE-000930,true,true
TRUTH-007290,PERSON-001542,SUSPECT_IN,CASE-000931,true,true
TRUTH-007291,PERSON-001363,SUSPECT_IN,CASE-000931,true,true
TRUTH-007292,PERSON-002922,SUSPECT_IN,CASE-000931,true,true
TRUTH-007293,PERSON-002105,SUSPECT_IN,CASE-000931,true,true
TRUTH-007294,PERSON-002438,OBSERVED_IN,CASE-000931,true,true
TRUTH-007295,PERSON-000886,OBSERVED_IN,CASE-000931,true,true
TRUTH-007296,PERSON-002713,OBSERVED_IN,CASE-000931,true,true
TRUTH-007297,PERSON-002393,SUSPECT_IN,CASE-000932,true,true
TRUTH-007298,PERSON-002304,SUSPECT_IN,CASE-000932,true,true
TRUTH-007299,PERSON-001691,SUSPECT_IN,CASE-000932,true,true
TRUTH-007300,PERSON-002846,SUSPECT_IN,CASE-000932,true,true
TRUTH-007301,PERSON-001747,SUSPECT_IN,CASE-000932,true,true
TRUTH-007302,PERSON-001584,SUSPECT_IN,CASE-000932,true,true
TRUTH-007303,PERSON-000260,OBSERVED_IN,CASE-000932,true,true
TRUTH-007304,PERSON-000245,OBSERVED_IN,CASE-000932,true,true
TRUTH-007305,PERSON-002397,OBSERVED_IN,CASE-000932,true,true
TRUTH-007306,PERSON-002408,OBSERVED_IN,CASE-000932,true,true
TRUTH-007307,PERSON-001578,OBSERVED_IN,CASE-000932,true,true
TRUTH-007308,PERSON-001847,OBSERVED_IN,CASE-000932,true,true
TRUTH-007309,PERSON-000860,SUSPECT_IN,CASE-000933,true,true
TRUTH-007310,PERSON-001135,SUSPECT_IN,CASE-000933,true,true
TRUTH-007311,PERSON-000390,SUSPECT_IN,CASE-000933,true,true
TRUTH-007312,PERSON-000597,SUSPECT_IN,CASE-000933,true,true
TRUTH-007313,PERSON-001337,SUSPECT_IN,CASE-000933,true,true
TRUTH-007314,PERSON-002335,OBSERVED_IN,CASE-000933,true,true
TRUTH-007315,PERSON-002660,OBSERVED_IN,CASE-000933,true,true
TRUTH-007316,PERSON-000717,SUSPECT_IN,CASE-000934,true,true
TRUTH-007317,PERSON-001890,SUSPECT_IN,CASE-000934,true,true
TRUTH-007318,PERSON-002164,SUSPECT_IN,CASE-000934,true,true
TRUTH-007319,PERSON-002215,SUSPECT_IN,CASE-000934,true,true
TRUTH-007320,PERSON-002558,SUSPECT_IN,CASE-000934,true,true
TRUTH-007321,PERSON-001658,SUSPECT_IN,CASE-000934,true,true
TRUTH-007322,PERSON-000667,OBSERVED_IN,CASE-000934,true,true
TRUTH-007323,PERSON-002499,OBSERVED_IN,CASE-000934,true,true
TRUTH-007324,PERSON-000927,SUSPECT_IN,CASE-000935,true,true
TRUTH-007325,PERSON-001589,SUSPECT_IN,CASE-000935,true,true
TRUTH-007326,PERSON-001337,OBSERVED_IN,CASE-000935,true,true
TRUTH-007327,PERSON-001873,OBSERVED_IN,CASE-000935,true,true
TRUTH-007328,PERSON-002020,SUSPECT_IN,CASE-000936,true,true
TRUTH-007329,PERSON-001898,SUSPECT_IN,CASE-000936,true,true
TRUTH-007330,PERSON-000120,SUSPECT_IN,CASE-000936,true,true
TRUTH-007331,PERSON-000765,SUSPECT_IN,CASE-000936,true,true
TRUTH-007332,PERSON-002745,OBSERVED_IN,CASE-000936,true,true
TRUTH-007333,PERSON-002999,OBSERVED_IN,CASE-000936,true,true
TRUTH-007334,PERSON-000245,SUSPECT_IN,CASE-000937,true,true
TRUTH-007335,PERSON-001747,SUSPECT_IN,CASE-000937,true,true
TRUTH-007336,PERSON-002304,SUSPECT_IN,CASE-000937,true,true
TRUTH-007337,PERSON-000260,SUSPECT_IN,CASE-000937,true,true
TRUTH-007338,PERSON-000825,SUSPECT_IN,CASE-000937,true,true
TRUTH-007339,PERSON-000374,SUSPECT_IN,CASE-000937,true,true
TRUTH-007340,PERSON-002393,OBSERVED_IN,CASE-000937,true,true
TRUTH-007341,PERSON-000440,SUSPECT_IN,CASE-000938,true,true
TRUTH-007342,PERSON-000792,SUSPECT_IN,CASE-000938,true,true
TRUTH-007343,PERSON-001474,SUSPECT_IN,CASE-000938,true,true
TRUTH-007344,PERSON-000955,SUSPECT_IN,CASE-000938,true,true
TRUTH-007345,PERSON-001262,OBSERVED_IN,CASE-000938,true,true
TRUTH-007346,PERSON-002821,OBSERVED_IN,CASE-000938,true,true
TRUTH-007347,PERSON-001757,OBSERVED_IN,CASE-000938,true,true
TRUTH-007348,PERSON-000180,OBSERVED_IN,CASE-000938,true,true
TRUTH-007349,PERSON-002438,SUSPECT_IN,CASE-000939,true,true
TRUTH-007350,PERSON-002922,SUSPECT_IN,CASE-000939,true,true
TRUTH-007351,PERSON-002847,SUSPECT_IN,CASE-000939,true,true
TRUTH-007352,PERSON-001596,SUSPECT_IN,CASE-000939,true,true
TRUTH-007353,PERSON-001210,SUSPECT_IN,CASE-000939,true,true
TRUTH-007354,PERSON-000611,OBSERVED_IN,CASE-000939,true,true
TRUTH-007355,PERSON-000060,OBSERVED_IN,CASE-000939,true,true
TRUTH-007356,PERSON-001480,OBSERVED_IN,CASE-000939,true,true
TRUTH-007357,PERSON-002896,OBSERVED_IN,CASE-000939,true,true
TRUTH-007358,PERSON-002713,OBSERVED_IN,CASE-000939,true,true
TRUTH-007359,PERSON-001847,OBSERVED_IN,CASE-000939,true,true
TRUTH-007360,PERSON-000267,SUSPECT_IN,CASE-000940,true,true
TRUTH-007361,PERSON-002574,SUSPECT_IN,CASE-000940,true,true
TRUTH-007362,PERSON-002821,OBSERVED_IN,CASE-000940,true,true
TRUTH-007363,PERSON-001474,OBSERVED_IN,CASE-000940,true,true
TRUTH-007364,PERSON-001115,OBSERVED_IN,CASE-000940,true,true
TRUTH-007365,PERSON-001610,OBSERVED_IN,CASE-000940,true,true
TRUTH-007366,PERSON-002060,OBSERVED_IN,CASE-000940,true,true
TRUTH-007367,PERSON-001757,OBSERVED_IN,CASE-000940,true,true
TRUTH-007368,PERSON-001861,SUSPECT_IN,CASE-000941,true,true
TRUTH-007369,PERSON-001944,SUSPECT_IN,CASE-000941,true,true
TRUTH-007370,PERSON-000081,OBSERVED_IN,CASE-000941,true,true
TRUTH-007371,PERSON-001259,OBSERVED_IN,CASE-000941,true,true
TRUTH-007372,PERSON-000850,OBSERVED_IN,CASE-000941,true,true
TRUTH-007373,PERSON-002574,OBSERVED_IN,CASE-000941,true,true
TRUTH-007374,PERSON-000863,OBSERVED_IN,CASE-000941,true,true
TRUTH-007375,PERSON-000063,OBSERVED_IN,CASE-000941,true,true
TRUTH-007376,PERSON-002757,OBSERVED_IN,CASE-000941,true,true
TRUTH-007377,PERSON-002713,SUSPECT_IN,CASE-000942,true,true
TRUTH-007378,PERSON-000497,SUSPECT_IN,CASE-000942,true,true
TRUTH-007379,PERSON-001327,SUSPECT_IN,CASE-000942,true,true
TRUTH-007380,PERSON-000611,OBSERVED_IN,CASE-000942,true,true
TRUTH-007381,PERSON-001542,OBSERVED_IN,CASE-000942,true,true
TRUTH-007382,PERSON-000060,OBSERVED_IN,CASE-000942,true,true
TRUTH-007383,PERSON-000832,OBSERVED_IN,CASE-000942,true,true
TRUTH-007384,PERSON-000886,OBSERVED_IN,CASE-000942,true,true
TRUTH-007385,PERSON-000635,OBSERVED_IN,CASE-000942,true,true
TRUTH-007386,PERSON-002922,OBSERVED_IN,CASE-000942,true,true
TRUTH-007387,PERSON-001059,SUSPECT_IN,CASE-000943,true,true
TRUTH-007388,PERSON-000342,SUSPECT_IN,CASE-000943,true,true
TRUTH-007389,PERSON-001880,SUSPECT_IN,CASE-000943,true,true
TRUTH-007390,PERSON-002082,SUSPECT_IN,CASE-000943,true,true
TRUTH-007391,PERSON-001363,SUSPECT_IN,CASE-000943,true,true
TRUTH-007392,PERSON-000233,OBSERVED_IN,CASE-000943,true,true
TRUTH-007393,PERSON-000886,OBSERVED_IN,CASE-000943,true,true
TRUTH-007394,PERSON-000144,OBSERVED_IN,CASE-000943,true,true
TRUTH-007395,PERSON-002122,OBSERVED_IN,CASE-000943,true,true
TRUTH-007396,PERSON-000305,OBSERVED_IN,CASE-000943,true,true
TRUTH-007397,PERSON-001115,SUSPECT_IN,CASE-000944,true,true
TRUTH-007398,PERSON-001757,SUSPECT_IN,CASE-000944,true,true
TRUTH-007399,PERSON-000792,SUSPECT_IN,CASE-000944,true,true
TRUTH-007400,PERSON-000440,SUSPECT_IN,CASE-000944,true,true
TRUTH-007401,PERSON-001558,SUSPECT_IN,CASE-000944,true,true
TRUTH-007402,PERSON-000906,SUSPECT_IN,CASE-000944,true,true
TRUTH-007403,PERSON-001610,OBSERVED_IN,CASE-000944,true,true
TRUTH-007404,PERSON-001474,OBSERVED_IN,CASE-000944,true,true
TRUTH-007405,PERSON-002060,OBSERVED_IN,CASE-000944,true,true
TRUTH-007406,PERSON-002618,OBSERVED_IN,CASE-000944,true,true
TRUTH-007407,PERSON-000232,SUSPECT_IN,CASE-000945,true,true
TRUTH-007408,PERSON-000109,SUSPECT_IN,CASE-000945,true,true
TRUTH-007409,PERSON-001691,SUSPECT_IN,CASE-000945,true,true
TRUTH-007410,PERSON-002839,SUSPECT_IN,CASE-000945,true,true
TRUTH-007411,PERSON-000406,SUSPECT_IN,CASE-000945,true,true
TRUTH-007412,PERSON-000274,OBSERVED_IN,CASE-000945,true,true
TRUTH-007413,PERSON-001876,OBSERVED_IN,CASE-000945,true,true
TRUTH-007414,PERSON-000789,OBSERVED_IN,CASE-000945,true,true
TRUTH-007415,PERSON-001277,OBSERVED_IN,CASE-000945,true,true
TRUTH-007416,PERSON-001259,SUSPECT_IN,CASE-000946,true,true
TRUTH-007417,PERSON-002937,SUSPECT_IN,CASE-000946,true,true
TRUTH-007418,PERSON-000063,OBSERVED_IN,CASE-000946,true,true
TRUTH-007419,PERSON-000081,OBSERVED_IN,CASE-000946,true,true
TRUTH-007420,PERSON-002900,SUSPECT_IN,CASE-000947,true,true
TRUTH-007421,PERSON-000180,SUSPECT_IN,CASE-000947,true,true
TRUTH-007422,PERSON-000792,SUSPECT_IN,CASE-000947,true,true
TRUTH-007423,PERSON-002371,SUSPECT_IN,CASE-000947,true,true
TRUTH-007424,PERSON-002618,OBSERVED_IN,CASE-000947,true,true
TRUTH-007425,PERSON-000440,OBSERVED_IN,CASE-000947,true,true
TRUTH-007426,PERSON-000540,OBSERVED_IN,CASE-000947,true,true
TRUTH-007427,PERSON-000081,SUSPECT_IN,CASE-000948,true,true
TRUTH-007428,PERSON-001431,SUSPECT_IN,CASE-000948,true,true
TRUTH-007429,PERSON-001259,OBSERVED_IN,CASE-000948,true,true
TRUTH-007430,PERSON-001861,OBSERVED_IN,CASE-000948,true,true
TRUTH-007431,PERSON-000863,OBSERVED_IN,CASE-000948,true,true
TRUTH-007432,PERSON-000063,OBSERVED_IN,CASE-000948,true,true
TRUTH-007433,PERSON-002757,OBSERVED_IN,CASE-000948,true,true
TRUTH-007434,PERSON-001992,SUSPECT_IN,CASE-000949,true,true
TRUTH-007435,PERSON-000765,SUSPECT_IN,CASE-000949,true,true
TRUTH-007436,PERSON-002873,SUSPECT_IN,CASE-000949,true,true
TRUTH-007437,PERSON-000357,SUSPECT_IN,CASE-000949,true,true
TRUTH-007438,PERSON-000083,SUSPECT_IN,CASE-000949,true,true
TRUTH-007439,PERSON-002999,OBSERVED_IN,CASE-000949,true,true
TRUTH-007440,PERSON-002517,OBSERVED_IN,CASE-000949,true,true
TRUTH-007441,PERSON-001131,SUSPECT_IN,CASE-000950,true,true
TRUTH-007442,PERSON-001110,SUSPECT_IN,CASE-000950,true,true
TRUTH-007443,PERSON-002159,SUSPECT_IN,CASE-000950,true,true
TRUTH-007444,PERSON-000223,SUSPECT_IN,CASE-000950,true,true
TRUTH-007445,PERSON-000955,SUSPECT_IN,CASE-000950,true,true
TRUTH-007446,PERSON-001172,SUSPECT_IN,CASE-000950,true,true
TRUTH-007447,PERSON-002847,OBSERVED_IN,CASE-000950,true,true
TRUTH-007448,PERSON-000566,OBSERVED_IN,CASE-000950,true,true
TRUTH-007449,PERSON-001127,OBSERVED_IN,CASE-000950,true,true
TRUTH-007450,PERSON-000906,OBSERVED_IN,CASE-000950,true,true
TRUTH-007451,PERSON-000275,SUSPECT_IN,CASE-000951,true,true
TRUTH-007452,PERSON-000473,SUSPECT_IN,CASE-000951,true,true
TRUTH-007453,PERSON-002737,SUSPECT_IN,CASE-000951,true,true
TRUTH-007454,PERSON-002114,SUSPECT_IN,CASE-000951,true,true
TRUTH-007455,PERSON-000682,OBSERVED_IN,CASE-000951,true,true
TRUTH-007456,PERSON-000042,OBSERVED_IN,CASE-000951,true,true
TRUTH-007457,PERSON-000032,OBSERVED_IN,CASE-000951,true,true
TRUTH-007458,PERSON-002279,SUSPECT_IN,CASE-000952,true,true
TRUTH-007459,PERSON-001540,SUSPECT_IN,CASE-000952,true,true
TRUTH-007460,PERSON-000357,SUSPECT_IN,CASE-000952,true,true
TRUTH-007461,PERSON-001992,SUSPECT_IN,CASE-000952,true,true
TRUTH-007462,PERSON-001898,SUSPECT_IN,CASE-000952,true,true
TRUTH-007463,PERSON-000765,OBSERVED_IN,CASE-000952,true,true
TRUTH-007464,PERSON-001543,OBSERVED_IN,CASE-000952,true,true
TRUTH-007465,PERSON-002759,SUSPECT_IN,CASE-000953,true,true
TRUTH-007466,PERSON-002068,SUSPECT_IN,CASE-000953,true,true
TRUTH-007467,PERSON-000822,SUSPECT_IN,CASE-000953,true,true
TRUTH-007468,PERSON-000846,SUSPECT_IN,CASE-000953,true,true
TRUTH-007469,PERSON-001071,OBSERVED_IN,CASE-000953,true,true
TRUTH-007470,PERSON-001589,SUSPECT_IN,CASE-000954,true,true
TRUTH-007471,PERSON-001210,SUSPECT_IN,CASE-000954,true,true
TRUTH-007472,PERSON-001670,SUSPECT_IN,CASE-000954,true,true
TRUTH-007473,PERSON-002887,SUSPECT_IN,CASE-000954,true,true
TRUTH-007474,PERSON-001667,OBSERVED_IN,CASE-000954,true,true
TRUTH-007475,PERSON-000351,OBSERVED_IN,CASE-000954,true,true
TRUTH-007476,PERSON-000146,OBSERVED_IN,CASE-000954,true,true
TRUTH-007477,PERSON-000062,SUSPECT_IN,CASE-000955,true,true
TRUTH-007478,PERSON-000597,SUSPECT_IN,CASE-000955,true,true
TRUTH-007479,PERSON-000920,SUSPECT_IN,CASE-000955,true,true
TRUTH-007480,PERSON-000927,SUSPECT_IN,CASE-000955,true,true
TRUTH-007481,PERSON-000405,OBSERVED_IN,CASE-000955,true,true
TRUTH-007482,PERSON-002879,OBSERVED_IN,CASE-000955,true,true
TRUTH-007483,PERSON-001873,OBSERVED_IN,CASE-000955,true,true
TRUTH-007484,PERSON-001318,SUSPECT_IN,CASE-000956,true,true
TRUTH-007485,PERSON-000611,SUSPECT_IN,CASE-000956,true,true
TRUTH-007486,PERSON-000648,OBSERVED_IN,CASE-000956,true,true
TRUTH-007487,PERSON-000647,OBSERVED_IN,CASE-000956,true,true
TRUTH-007488,PERSON-000895,OBSERVED_IN,CASE-000956,true,true
TRUTH-007489,PERSON-000259,OBSERVED_IN,CASE-000956,true,true
TRUTH-007490,PERSON-000898,OBSERVED_IN,CASE-000956,true,true
TRUTH-007491,PERSON-000568,OBSERVED_IN,CASE-000956,true,true
TRUTH-007492,PERSON-001788,OBSERVED_IN,CASE-000956,true,true
TRUTH-007493,PERSON-001747,SUSPECT_IN,CASE-000957,true,true
TRUTH-007494,PERSON-001578,SUSPECT_IN,CASE-000957,true,true
TRUTH-007495,PERSON-000245,SUSPECT_IN,CASE-000957,true,true
TRUTH-007496,PERSON-001029,SUSPECT_IN,CASE-000957,true,true
TRUTH-007497,PERSON-001885,SUSPECT_IN,CASE-000957,true,true
TRUTH-007498,PERSON-000374,OBSERVED_IN,CASE-000957,true,true
TRUTH-007499,PERSON-002393,OBSERVED_IN,CASE-000957,true,true
TRUTH-007500,PERSON-000295,SUSPECT_IN,CASE-000958,true,true
TRUTH-007501,PERSON-001387,SUSPECT_IN,CASE-000958,true,true
TRUTH-007502,PERSON-000569,SUSPECT_IN,CASE-000958,true,true
TRUTH-007503,PERSON-002739,SUSPECT_IN,CASE-000958,true,true
TRUTH-007504,PERSON-000901,SUSPECT_IN,CASE-000958,true,true
TRUTH-007505,PERSON-001701,OBSERVED_IN,CASE-000958,true,true
TRUTH-007506,PERSON-001152,OBSERVED_IN,CASE-000958,true,true
TRUTH-007507,PERSON-001066,OBSERVED_IN,CASE-000958,true,true
TRUTH-007508,PERSON-000223,SUSPECT_IN,CASE-000959,true,true
TRUTH-007509,PERSON-000955,SUSPECT_IN,CASE-000959,true,true
TRUTH-007510,PERSON-002159,SUSPECT_IN,CASE-000959,true,true
TRUTH-007511,PERSON-001131,SUSPECT_IN,CASE-000959,true,true
TRUTH-007512,PERSON-000245,SUSPECT_IN,CASE-000959,true,true
TRUTH-007513,PERSON-001110,OBSERVED_IN,CASE-000959,true,true
TRUTH-007514,PERSON-000792,SUSPECT_IN,CASE-000960,true,true
TRUTH-007515,PERSON-002060,SUSPECT_IN,CASE-000960,true,true
TRUTH-007516,PERSON-001757,SUSPECT_IN,CASE-000960,true,true
TRUTH-007517,PERSON-002821,SUSPECT_IN,CASE-000960,true,true
TRUTH-007518,PERSON-001474,SUSPECT_IN,CASE-000960,true,true
TRUTH-007519,PERSON-002639,SUSPECT_IN,CASE-000960,true,true
TRUTH-007520,PERSON-001115,OBSERVED_IN,CASE-000960,true,true
TRUTH-007521,PERSON-001262,OBSERVED_IN,CASE-000960,true,true
TRUTH-007522,PERSON-000180,OBSERVED_IN,CASE-000960,true,true
TRUTH-007523,PERSON-002618,OBSERVED_IN,CASE-000960,true,true
TRUTH-007524,PERSON-000440,OBSERVED_IN,CASE-000960,true,true
TRUTH-007525,PERSON-002980,SUSPECT_IN,CASE-000961,true,true
TRUTH-007526,PERSON-002770,SUSPECT_IN,CASE-000961,true,true
TRUTH-007527,PERSON-000092,SUSPECT_IN,CASE-000961,true,true
TRUTH-007528,PERSON-001384,SUSPECT_IN,CASE-000961,true,true
TRUTH-007529,PERSON-000808,SUSPECT_IN,CASE-000961,true,true
TRUTH-007530,PERSON-001615,SUSPECT_IN,CASE-000961,true,true
TRUTH-007531,PERSON-000075,OBSERVED_IN,CASE-000961,true,true
TRUTH-007532,PERSON-001259,SUSPECT_IN,CASE-000962,true,true
TRUTH-007533,PERSON-002574,SUSPECT_IN,CASE-000962,true,true
TRUTH-007534,PERSON-000063,SUSPECT_IN,CASE-000962,true,true
TRUTH-007535,PERSON-002417,SUSPECT_IN,CASE-000962,true,true
TRUTH-007536,PERSON-000850,OBSERVED_IN,CASE-000962,true,true
TRUTH-007537,PERSON-002757,OBSERVED_IN,CASE-000962,true,true
TRUTH-007538,PERSON-001589,OBSERVED_IN,CASE-000962,true,true
TRUTH-007539,PERSON-002060,SUSPECT_IN,CASE-000963,true,true
TRUTH-007540,PERSON-002900,SUSPECT_IN,CASE-000963,true,true
TRUTH-007541,PERSON-001056,SUSPECT_IN,CASE-000963,true,true
TRUTH-007542,PERSON-001115,OBSERVED_IN,CASE-000963,true,true
TRUTH-007543,PERSON-001262,OBSERVED_IN,CASE-000963,true,true
TRUTH-007544,PERSON-000792,OBSERVED_IN,CASE-000963,true,true
TRUTH-007545,PERSON-002618,OBSERVED_IN,CASE-000963,true,true
TRUTH-007546,PERSON-000440,OBSERVED_IN,CASE-000963,true,true
TRUTH-007547,PERSON-001757,OBSERVED_IN,CASE-000963,true,true
TRUTH-007548,PERSON-001540,SUSPECT_IN,CASE-000964,true,true
TRUTH-007549,PERSON-000405,SUSPECT_IN,CASE-000964,true,true
TRUTH-007550,PERSON-000538,OBSERVED_IN,CASE-000964,true,true
TRUTH-007551,PERSON-001544,OBSERVED_IN,CASE-000964,true,true
TRUTH-007552,PERSON-002873,OBSERVED_IN,CASE-000964,true,true
TRUTH-007553,PERSON-001898,OBSERVED_IN,CASE-000964,true,true
TRUTH-007554,PERSON-000083,OBSERVED_IN,CASE-000964,true,true
TRUTH-007555,PERSON-001205,OBSERVED_IN,CASE-000964,true,true
TRUTH-007556,PERSON-000083,SUSPECT_IN,CASE-000965,true,true
TRUTH-007557,PERSON-001205,SUSPECT_IN,CASE-000965,true,true
TRUTH-007558,PERSON-002020,OBSERVED_IN,CASE-000965,true,true
TRUTH-007559,PERSON-002517,OBSERVED_IN,CASE-000965,true,true
TRUTH-007560,PERSON-001898,OBSERVED_IN,CASE-000965,true,true
TRUTH-007561,PERSON-000621,OBSERVED_IN,CASE-000965,true,true
TRUTH-007562,PERSON-002999,OBSERVED_IN,CASE-000965,true,true
TRUTH-007563,PERSON-000765,OBSERVED_IN,CASE-000965,true,true
TRUTH-007564,PERSON-000357,OBSERVED_IN,CASE-000965,true,true
TRUTH-007565,PERSON-001431,SUSPECT_IN,CASE-000966,true,true
TRUTH-007566,PERSON-002197,SUSPECT_IN,CASE-000966,true,true
TRUTH-007567,PERSON-002646,SUSPECT_IN,CASE-000966,true,true
TRUTH-007568,PERSON-000060,SUSPECT_IN,CASE-000966,true,true
TRUTH-007569,PERSON-000838,OBSERVED_IN,CASE-000966,true,true
TRUTH-007570,PERSON-001516,OBSERVED_IN,CASE-000966,true,true
TRUTH-007571,PERSON-000823,OBSERVED_IN,CASE-000966,true,true
TRUTH-007572,PERSON-000295,OBSERVED_IN,CASE-000966,true,true
TRUTH-007573,PERSON-000556,SUSPECT_IN,CASE-000967,true,true
TRUTH-007574,PERSON-000279,SUSPECT_IN,CASE-000967,true,true
TRUTH-007575,PERSON-000703,SUSPECT_IN,CASE-000967,true,true
TRUTH-007576,PERSON-000146,OBSERVED_IN,CASE-000967,true,true
TRUTH-007577,PERSON-002609,OBSERVED_IN,CASE-000967,true,true
TRUTH-007578,PERSON-000906,OBSERVED_IN,CASE-000967,true,true
TRUTH-007579,PERSON-002938,OBSERVED_IN,CASE-000967,true,true
TRUTH-007580,PERSON-000217,OBSERVED_IN,CASE-000967,true,true
TRUTH-007581,PERSON-001768,OBSERVED_IN,CASE-000967,true,true
TRUTH-007582,PERSON-002205,OBSERVED_IN,CASE-000967,true,true
TRUTH-007583,PERSON-001944,SUSPECT_IN,CASE-000968,true,true
TRUTH-007584,PERSON-002845,SUSPECT_IN,CASE-000968,true,true
TRUTH-007585,PERSON-001385,SUSPECT_IN,CASE-000968,true,true
TRUTH-007586,PERSON-000001,SUSPECT_IN,CASE-000968,true,true
TRUTH-007587,PERSON-002453,SUSPECT_IN,CASE-000968,true,true
TRUTH-007588,PERSON-000175,OBSERVED_IN,CASE-000968,true,true
TRUTH-007589,PERSON-001478,OBSERVED_IN,CASE-000968,true,true
TRUTH-007590,PERSON-002788,OBSERVED_IN,CASE-000968,true,true
TRUTH-007591,PERSON-001262,OBSERVED_IN,CASE-000968,true,true
TRUTH-007592,PERSON-000072,OBSERVED_IN,CASE-000968,true,true
TRUTH-007593,PERSON-002684,SUSPECT_IN,CASE-000969,true,true
TRUTH-007594,PERSON-000222,SUSPECT_IN,CASE-000969,true,true
TRUTH-007595,PERSON-001769,SUSPECT_IN,CASE-000969,true,true
TRUTH-007596,PERSON-000175,SUSPECT_IN,CASE-000969,true,true
TRUTH-007597,PERSON-002954,SUSPECT_IN,CASE-000969,true,true
TRUTH-007598,PERSON-001478,OBSERVED_IN,CASE-000969,true,true
TRUTH-007599,PERSON-000734,OBSERVED_IN,CASE-000969,true,true
TRUTH-007600,PERSON-000712,OBSERVED_IN,CASE-000969,true,true
TRUTH-007601,PERSON-000710,OBSERVED_IN,CASE-000969,true,true
TRUTH-007602,PERSON-000072,OBSERVED_IN,CASE-000969,true,true
TRUTH-007603,PERSON-002444,OBSERVED_IN,CASE-000969,true,true
TRUTH-007604,PERSON-000540,SUSPECT_IN,CASE-000970,true,true
TRUTH-007605,PERSON-001474,SUSPECT_IN,CASE-000970,true,true
TRUTH-007606,PERSON-001757,SUSPECT_IN,CASE-000970,true,true
TRUTH-007607,PERSON-002821,SUSPECT_IN,CASE-000970,true,true
TRUTH-007608,PERSON-001584,SUSPECT_IN,CASE-000970,true,true
TRUTH-007609,PERSON-000440,OBSERVED_IN,CASE-000970,true,true
TRUTH-007610,PERSON-001558,OBSERVED_IN,CASE-000970,true,true
TRUTH-007611,PERSON-000267,OBSERVED_IN,CASE-000970,true,true
TRUTH-007612,PERSON-002618,OBSERVED_IN,CASE-000970,true,true
TRUTH-007613,PERSON-000146,SUSPECT_IN,CASE-000971,true,true
TRUTH-007614,PERSON-001041,SUSPECT_IN,CASE-000971,true,true
TRUTH-007615,PERSON-001674,SUSPECT_IN,CASE-000971,true,true
TRUTH-007616,PERSON-001667,OBSERVED_IN,CASE-000971,true,true
TRUTH-007617,PERSON-001210,OBSERVED_IN,CASE-000971,true,true
TRUTH-007618,PERSON-001558,OBSERVED_IN,CASE-000971,true,true
TRUTH-007619,PERSON-000351,OBSERVED_IN,CASE-000971,true,true
TRUTH-007620,PERSON-001670,OBSERVED_IN,CASE-000971,true,true
TRUTH-007621,PERSON-000765,SUSPECT_IN,CASE-000972,true,true
TRUTH-007622,PERSON-001544,SUSPECT_IN,CASE-000972,true,true
TRUTH-007623,PERSON-000120,SUSPECT_IN,CASE-000972,true,true
TRUTH-007624,PERSON-002517,SUSPECT_IN,CASE-000972,true,true
TRUTH-007625,PERSON-002279,OBSERVED_IN,CASE-000972,true,true
TRUTH-007626,PERSON-000538,OBSERVED_IN,CASE-000972,true,true
TRUTH-007627,PERSON-002873,OBSERVED_IN,CASE-000972,true,true
TRUTH-007628,PERSON-000083,OBSERVED_IN,CASE-000972,true,true
TRUTH-007629,PERSON-001543,OBSERVED_IN,CASE-000972,true,true
TRUTH-007630,PERSON-002999,OBSERVED_IN,CASE-000972,true,true
TRUTH-007631,PERSON-001043,SUSPECT_IN,CASE-000973,true,true
TRUTH-007632,PERSON-001968,SUSPECT_IN,CASE-000973,true,true
TRUTH-007633,PERSON-000584,SUSPECT_IN,CASE-000973,true,true
TRUTH-007634,PERSON-001861,OBSERVED_IN,CASE-000973,true,true
TRUTH-007635,PERSON-001686,OBSERVED_IN,CASE-000973,true,true
TRUTH-007636,PERSON-002060,SUSPECT_IN,CASE-000974,true,true
TRUTH-007637,PERSON-000440,SUSPECT_IN,CASE-000974,true,true
TRUTH-007638,PERSON-001115,SUSPECT_IN,CASE-000974,true,true
TRUTH-007639,PERSON-000180,SUSPECT_IN,CASE-000974,true,true
TRUTH-007640,PERSON-001262,SUSPECT_IN,CASE-000974,true,true
TRUTH-007641,PERSON-002990,SUSPECT_IN,CASE-000974,true,true
TRUTH-007642,PERSON-001610,OBSERVED_IN,CASE-000974,true,true
TRUTH-007643,PERSON-001558,OBSERVED_IN,CASE-000974,true,true
TRUTH-007644,PERSON-000792,OBSERVED_IN,CASE-000974,true,true
TRUTH-007645,PERSON-000540,OBSERVED_IN,CASE-000974,true,true
TRUTH-007646,PERSON-000341,SUSPECT_IN,CASE-000975,true,true
TRUTH-007647,PERSON-001899,SUSPECT_IN,CASE-000975,true,true
TRUTH-007648,PERSON-001617,SUSPECT_IN,CASE-000975,true,true
TRUTH-007649,PERSON-002277,OBSERVED_IN,CASE-000975,true,true
TRUTH-007650,PERSON-002900,OBSERVED_IN,CASE-000975,true,true
TRUTH-007651,PERSON-002930,OBSERVED_IN,CASE-000975,true,true
TRUTH-007652,PERSON-001066,OBSERVED_IN,CASE-000975,true,true
TRUTH-007653,PERSON-000979,SUSPECT_IN,CASE-000976,true,true
TRUTH-007654,PERSON-001397,SUSPECT_IN,CASE-000976,true,true
TRUTH-007655,PERSON-002275,SUSPECT_IN,CASE-000976,true,true
TRUTH-007656,PERSON-002499,SUSPECT_IN,CASE-000976,true,true
TRUTH-007657,PERSON-002900,SUSPECT_IN,CASE-000976,true,true
TRUTH-007658,PERSON-001668,OBSERVED_IN,CASE-000976,true,true
TRUTH-007659,PERSON-002873,SUSPECT_IN,CASE-000977,true,true
TRUTH-007660,PERSON-002999,SUSPECT_IN,CASE-000977,true,true
TRUTH-007661,PERSON-000863,SUSPECT_IN,CASE-000977,true,true
TRUTH-007662,PERSON-000083,SUSPECT_IN,CASE-000977,true,true
TRUTH-007663,PERSON-000120,SUSPECT_IN,CASE-000977,true,true
TRUTH-007664,PERSON-002020,OBSERVED_IN,CASE-000977,true,true
TRUTH-007665,PERSON-002517,OBSERVED_IN,CASE-000977,true,true
TRUTH-007666,PERSON-001544,OBSERVED_IN,CASE-000977,true,true
TRUTH-007667,PERSON-000259,SUSPECT_IN,CASE-000978,true,true
TRUTH-007668,PERSON-000568,SUSPECT_IN,CASE-000978,true,true
TRUTH-007669,PERSON-001788,SUSPECT_IN,CASE-000978,true,true
TRUTH-007670,PERSON-000165,SUSPECT_IN,CASE-000978,true,true
TRUTH-007671,PERSON-000898,OBSERVED_IN,CASE-000978,true,true
TRUTH-007672,PERSON-002675,SUSPECT_IN,CASE-000979,true,true
TRUTH-007673,PERSON-000676,SUSPECT_IN,CASE-000979,true,true
TRUTH-007674,PERSON-002835,OBSERVED_IN,CASE-000979,true,true
TRUTH-007675,PERSON-000230,OBSERVED_IN,CASE-000979,true,true
TRUTH-007676,PERSON-001343,OBSERVED_IN,CASE-000979,true,true
TRUTH-007677,PERSON-001589,SUSPECT_IN,CASE-000980,true,true
TRUTH-007678,PERSON-001558,SUSPECT_IN,CASE-000980,true,true
TRUTH-007679,PERSON-000351,SUSPECT_IN,CASE-000980,true,true
TRUTH-007680,PERSON-001041,OBSERVED_IN,CASE-000980,true,true
TRUTH-007681,PERSON-000703,SUSPECT_IN,CASE-000981,true,true
TRUTH-007682,PERSON-000846,SUSPECT_IN,CASE-000981,true,true
TRUTH-007683,PERSON-002106,SUSPECT_IN,CASE-000981,true,true
TRUTH-007684,PERSON-002965,SUSPECT_IN,CASE-000981,true,true
TRUTH-007685,PERSON-000717,SUSPECT_IN,CASE-000981,true,true
TRUTH-007686,PERSON-001701,OBSERVED_IN,CASE-000981,true,true
TRUTH-007687,PERSON-001803,OBSERVED_IN,CASE-000981,true,true
TRUTH-007688,PERSON-001387,OBSERVED_IN,CASE-000981,true,true
TRUTH-007689,PERSON-001492,OBSERVED_IN,CASE-000981,true,true
TRUTH-007690,PERSON-001152,OBSERVED_IN,CASE-000981,true,true
TRUTH-007691,PERSON-000682,SUSPECT_IN,CASE-000982,true,true
TRUTH-007692,PERSON-000032,SUSPECT_IN,CASE-000982,true,true
TRUTH-007693,PERSON-002068,SUSPECT_IN,CASE-000982,true,true
TRUTH-007694,PERSON-000499,SUSPECT_IN,CASE-000982,true,true
TRUTH-007695,PERSON-000275,OBSERVED_IN,CASE-000982,true,true
TRUTH-007696,PERSON-002737,OBSERVED_IN,CASE-000982,true,true
TRUTH-007697,PERSON-000473,OBSERVED_IN,CASE-000982,true,true
TRUTH-007698,PERSON-000042,OBSERVED_IN,CASE-000982,true,true
TRUTH-007699,PERSON-002574,SUSPECT_IN,CASE-000983,true,true
TRUTH-007700,PERSON-000042,SUSPECT_IN,CASE-000983,true,true
TRUTH-007701,PERSON-000063,OBSERVED_IN,CASE-000983,true,true
TRUTH-007702,PERSON-002757,OBSERVED_IN,CASE-000983,true,true
TRUTH-007703,PERSON-001589,OBSERVED_IN,CASE-000983,true,true
TRUTH-007704,PERSON-001847,SUSPECT_IN,CASE-000984,true,true
TRUTH-007705,PERSON-000611,SUSPECT_IN,CASE-000984,true,true
TRUTH-007706,PERSON-000832,SUSPECT_IN,CASE-000984,true,true
TRUTH-007707,PERSON-000635,SUSPECT_IN,CASE-000984,true,true
TRUTH-007708,PERSON-000628,SUSPECT_IN,CASE-000984,true,true
TRUTH-007709,PERSON-001363,OBSERVED_IN,CASE-000984,true,true
TRUTH-007710,PERSON-000886,OBSERVED_IN,CASE-000984,true,true
TRUTH-007711,PERSON-002713,OBSERVED_IN,CASE-000984,true,true
TRUTH-007712,PERSON-002896,OBSERVED_IN,CASE-000984,true,true
TRUTH-007713,PERSON-002922,OBSERVED_IN,CASE-000984,true,true
TRUTH-007714,PERSON-002713,SUSPECT_IN,CASE-000985,true,true
TRUTH-007715,PERSON-000611,SUSPECT_IN,CASE-000985,true,true
TRUTH-007716,PERSON-002922,SUSPECT_IN,CASE-000985,true,true
TRUTH-007717,PERSON-002675,SUSPECT_IN,CASE-000985,true,true
TRUTH-007718,PERSON-001480,SUSPECT_IN,CASE-000985,true,true
TRUTH-007719,PERSON-000792,SUSPECT_IN,CASE-000985,true,true
TRUTH-007720,PERSON-002438,OBSERVED_IN,CASE-000985,true,true
TRUTH-007721,PERSON-002745,SUSPECT_IN,CASE-000986,true,true
TRUTH-007722,PERSON-000621,SUSPECT_IN,CASE-000986,true,true
TRUTH-007723,PERSON-001141,SUSPECT_IN,CASE-000986,true,true
TRUTH-007724,PERSON-001544,OBSERVED_IN,CASE-000986,true,true
TRUTH-007725,PERSON-001965,OBSERVED_IN,CASE-000986,true,true
TRUTH-007726,PERSON-002999,OBSERVED_IN,CASE-000986,true,true
TRUTH-007727,PERSON-000488,OBSERVED_IN,CASE-000986,true,true
TRUTH-007728,PERSON-001205,OBSERVED_IN,CASE-000986,true,true
TRUTH-007729,PERSON-001670,SUSPECT_IN,CASE-000987,true,true
TRUTH-007730,PERSON-001558,SUSPECT_IN,CASE-000987,true,true
TRUTH-007731,PERSON-002750,SUSPECT_IN,CASE-000987,true,true
TRUTH-007732,PERSON-001589,SUSPECT_IN,CASE-000987,true,true
TRUTH-007733,PERSON-001474,SUSPECT_IN,CASE-000988,true,true
TRUTH-007734,PERSON-001659,SUSPECT_IN,CASE-000988,true,true
TRUTH-007735,PERSON-001610,OBSERVED_IN,CASE-000988,true,true
TRUTH-007736,PERSON-002618,OBSERVED_IN,CASE-000988,true,true
TRUTH-007737,PERSON-000267,SUSPECT_IN,CASE-000989,true,true
TRUTH-007738,PERSON-002060,SUSPECT_IN,CASE-000989,true,true
TRUTH-007739,PERSON-001558,SUSPECT_IN,CASE-000989,true,true
TRUTH-007740,PERSON-001610,SUSPECT_IN,CASE-000989,true,true
TRUTH-007741,PERSON-001017,SUSPECT_IN,CASE-000989,true,true
TRUTH-007742,PERSON-002900,OBSERVED_IN,CASE-000989,true,true
TRUTH-007743,PERSON-002821,OBSERVED_IN,CASE-000989,true,true
TRUTH-007744,PERSON-001757,OBSERVED_IN,CASE-000989,true,true
TRUTH-007745,PERSON-000792,OBSERVED_IN,CASE-000989,true,true
TRUTH-007746,PERSON-001041,SUSPECT_IN,CASE-000990,true,true
TRUTH-007747,PERSON-001670,SUSPECT_IN,CASE-000990,true,true
TRUTH-007748,PERSON-002750,SUSPECT_IN,CASE-000990,true,true
TRUTH-007749,PERSON-000146,SUSPECT_IN,CASE-000990,true,true
TRUTH-007750,PERSON-000455,SUSPECT_IN,CASE-000990,true,true
TRUTH-007751,PERSON-001210,OBSERVED_IN,CASE-000990,true,true
TRUTH-007752,PERSON-001558,OBSERVED_IN,CASE-000990,true,true
TRUTH-007753,PERSON-001589,OBSERVED_IN,CASE-000990,true,true
TRUTH-007754,PERSON-000351,OBSERVED_IN,CASE-000990,true,true
TRUTH-007755,PERSON-002998,SUSPECT_IN,CASE-000991,true,true
TRUTH-007756,PERSON-002450,SUSPECT_IN,CASE-000991,true,true
TRUTH-007757,PERSON-002835,OBSERVED_IN,CASE-000991,true,true
TRUTH-007758,PERSON-002675,OBSERVED_IN,CASE-000991,true,true
TRUTH-007759,PERSON-000230,SUSPECT_IN,CASE-000992,true,true
TRUTH-007760,PERSON-001343,SUSPECT_IN,CASE-000992,true,true
TRUTH-007761,PERSON-000904,SUSPECT_IN,CASE-000992,true,true
TRUTH-007762,PERSON-002675,SUSPECT_IN,CASE-000992,true,true
TRUTH-007763,PERSON-000576,SUSPECT_IN,CASE-000992,true,true
TRUTH-007764,PERSON-002757,SUSPECT_IN,CASE-000992,true,true
TRUTH-007765,PERSON-001664,OBSERVED_IN,CASE-000992,true,true
TRUTH-007766,PERSON-000106,OBSERVED_IN,CASE-000992,true,true
TRUTH-007767,PERSON-000697,OBSERVED_IN,CASE-000992,true,true
TRUTH-007768,PERSON-000948,OBSERVED_IN,CASE-000992,true,true
TRUTH-007769,PERSON-001334,SUSPECT_IN,CASE-000993,true,true
TRUTH-007770,PERSON-000825,SUSPECT_IN,CASE-000993,true,true
TRUTH-007771,PERSON-000943,OBSERVED_IN,CASE-000993,true,true
TRUTH-007772,PERSON-001780,OBSERVED_IN,CASE-000993,true,true
TRUTH-007773,PERSON-001747,OBSERVED_IN,CASE-000993,true,true
TRUTH-007774,PERSON-002846,OBSERVED_IN,CASE-000993,true,true
TRUTH-007775,PERSON-002408,OBSERVED_IN,CASE-000993,true,true
TRUTH-007776,PERSON-001578,OBSERVED_IN,CASE-000993,true,true
TRUTH-007777,PERSON-002068,SUSPECT_IN,CASE-000994,true,true
TRUTH-007778,PERSON-000473,SUSPECT_IN,CASE-000994,true,true
TRUTH-007779,PERSON-002737,SUSPECT_IN,CASE-000994,true,true
TRUTH-007780,PERSON-002068,SUSPECT_IN,CASE-000994,true,true
TRUTH-007781,PERSON-000165,OBSERVED_IN,CASE-000994,true,true
TRUTH-007782,PERSON-000042,OBSERVED_IN,CASE-000994,true,true
TRUTH-007783,PERSON-000275,OBSERVED_IN,CASE-000994,true,true
TRUTH-007784,PERSON-000032,OBSERVED_IN,CASE-000994,true,true
TRUTH-007785,PERSON-000613,SUSPECT_IN,CASE-000995,true,true
TRUTH-007786,PERSON-001071,SUSPECT_IN,CASE-000995,true,true
TRUTH-007787,PERSON-002986,SUSPECT_IN,CASE-000995,true,true
TRUTH-007788,PERSON-001578,SUSPECT_IN,CASE-000995,true,true
TRUTH-007789,PERSON-002759,SUSPECT_IN,CASE-000995,true,true
TRUTH-007790,PERSON-001757,SUSPECT_IN,CASE-000995,true,true
TRUTH-007791,PERSON-002068,OBSERVED_IN,CASE-000995,true,true
TRUTH-007792,PERSON-000217,SUSPECT_IN,CASE-000996,true,true
TRUTH-007793,PERSON-000906,SUSPECT_IN,CASE-000996,true,true
TRUTH-007794,PERSON-000047,SUSPECT_IN,CASE-000996,true,true
TRUTH-007795,PERSON-000279,SUSPECT_IN,CASE-000996,true,true
TRUTH-007796,PERSON-002223,SUSPECT_IN,CASE-000996,true,true
TRUTH-007797,PERSON-001642,SUSPECT_IN,CASE-000996,true,true
TRUTH-007798,PERSON-002938,OBSERVED_IN,CASE-000996,true,true
TRUTH-007799,PERSON-002279,SUSPECT_IN,CASE-000997,true,true
TRUTH-007800,PERSON-000120,SUSPECT_IN,CASE-000997,true,true
TRUTH-007801,PERSON-002020,SUSPECT_IN,CASE-000997,true,true
TRUTH-007802,PERSON-000863,OBSERVED_IN,CASE-000997,true,true
TRUTH-007803,PERSON-001540,OBSERVED_IN,CASE-000997,true,true
TRUTH-007804,PERSON-002835,SUSPECT_IN,CASE-000998,true,true
TRUTH-007805,PERSON-000919,SUSPECT_IN,CASE-000998,true,true
TRUTH-007806,PERSON-001664,OBSERVED_IN,CASE-000998,true,true
TRUTH-007807,PERSON-002675,OBSERVED_IN,CASE-000998,true,true
TRUTH-007808,PERSON-001343,OBSERVED_IN,CASE-000998,true,true
TRUTH-007809,PERSON-001205,SUSPECT_IN,CASE-000999,true,true
TRUTH-007810,PERSON-001898,SUSPECT_IN,CASE-000999,true,true
TRUTH-007811,PERSON-001540,SUSPECT_IN,CASE-000999,true,true
TRUTH-007812,PERSON-001492,SUSPECT_IN,CASE-000999,true,true
TRUTH-007813,PERSON-002745,OBSERVED_IN,CASE-000999,true,true
TRUTH-007814,PERSON-002020,OBSERVED_IN,CASE-000999,true,true
TRUTH-007815,PERSON-000488,OBSERVED_IN,CASE-000999,true,true
TRUTH-007816,PERSON-001544,OBSERVED_IN,CASE-000999,true,true
TRUTH-007817,PERSON-001259,SUSPECT_IN,CASE-001000,true,true
TRUTH-007818,PERSON-001589,SUSPECT_IN,CASE-001000,true,true
TRUTH-007819,PERSON-000979,SUSPECT_IN,CASE-001000,true,true
TRUTH-007820,PERSON-000850,OBSERVED_IN,CASE-001000,true,true
TRUTH-007821,PERSON-001861,OBSERVED_IN,CASE-001000,true,true
TRUTH-007822,PERSON-000863,OBSERVED_IN,CASE-001000,true,true
TRUTH-007823,PERSON-000063,OBSERVED_IN,CASE-001000,true,true
