case_id,case_number,title,case_type,status,description,created_date,incident_date,location_id,priority
C0001,CASE-2024-0001,Investigation into Identity Fraud Activities in Lucknow,Identity Fraud,Under Investigation,"investigation into suspected identity fraud activity centered around Lucknow, Uttar Pradesh, involving multiple persons of interest and associated entities identified through communication, financial and location analysis.",2024-05-07,2024-05-06,L0325,Medium
C0002,CASE-2024-0002,Organized Fraud Case Linked to Thane Region,Organized Fraud,Under Investigation,"investigation into suspected organized fraud activity centered around Thane, Maharashtra, involving multiple persons of interest and associated entities identified through communication, financial and location analysis.",2024-08-15,2024-08-11,L0159,Medium
C0003,CASE-2024-0003,Organized Fraud Case Linked to Bengaluru Region,Organized Fraud,Pending Review,"investigation into suspected organized fraud activity centered around Bengaluru, Karnataka, involving multiple persons of interest and associated entities identified through communication, financial and location analysis.",2024-09-23,2024-09-22,L0599,High
C0004,CASE-2024-0004,Nashik Banking Fraud Case,Banking Fraud,Pending Review,"This case tracks a suspected banking fraud matter reported in Nashik, Maharashtra. Investigators are examining phone records, financial transactions and location data connected to the individuals involved.",2024-08-13,2024-08-10,L0399,Critical
C0005,CASE-2024-0005,Thane-based Payment Fraud Inquiry,Payment Fraud,Closed,"A demonstration investigation record covering a payment fraud incident in Thane, Maharashtra, with linked persons, organizations and evidentiary material collected during the inquiry.",2024-08-21,2024-08-20,L0480,Low
C0006,CASE-2024-0006,Large Organized Crime Network Investigation - Kochi Sector,Large Organized Crime Network,Pending Review,"investigation into suspected large organized crime network activity centered around Kochi, Kerala, involving multiple persons of interest and associated entities identified through communication, financial and location analysis.",2024-03-13,2024-03-12,L0141,High
C0007,CASE-2024-0007,Individual Cyber Fraud Case Linked to Noida Region,Individual Cyber Fraud,Open,"record of a individual cyber fraud case based in Noida, Uttar Pradesh, developed to demonstrate cross-referenced trace-graph, CDR and financial analytics for the RAKSHAK platform.",2024-03-07,2024-03-06,L0029,Medium
C0008,CASE-2024-0008,Kidnapping Case Linked to Noida Region,Kidnapping,Pending Review,"record of a kidnapping case based in Noida, Uttar Pradesh, developed to demonstrate cross-referenced trace-graph, CDR and financial analytics for the RAKSHAK platform.",2024-05-01,2024-05-01,L0025,High
C0009,CASE-2024-0009,Bhopal-based Payment Fraud Inquiry,Payment Fraud,Closed,"record of a payment fraud case based in Bhopal, Madhya Pradesh, developed to demonstrate cross-referenced trace-graph, CDR and financial analytics for the RAKSHAK platform.",2024-06-22,2024-06-19,L0237,Critical
C0010,CASE-2024-0010,Logistics Fraud Network Probe - Lucknow,Logistics Fraud,Open,"Case file documenting a logistics fraud investigation originating in Lucknow, Uttar Pradesh, including associated communications, financial trails and physical evidence gathered by the investigating team.",2024-01-28,2024-01-26,L0294,Medium
C0011,CASE-2024-0011,Ahmedabad-based Murder Investigation Inquiry,Murder Investigation,Closed,"investigation into suspected murder investigation activity centered around Ahmedabad, Gujarat, involving multiple persons of interest and associated entities identified through communication, financial and location analysis.",2024-07-14,2024-07-11,L0594,Medium
C0012,CASE-2024-0012,Insurance Fraud Network Probe - Noida,Insurance Fraud,Under Investigation,"Case file documenting a insurance fraud investigation originating in Noida, Uttar Pradesh, including associated communications, financial trails and physical evidence gathered by the investigating team.",2024-01-11,2024-01-08,L0398,High
C0013,CASE-2024-0013,Simple Robbery Case Linked to Thane Region,Simple Robbery,Closed,"Case file documenting a simple robbery investigation originating in Thane, Maharashtra, including associated communications, financial trails and physical evidence gathered by the investigating team.",2024-03-18,2024-03-13,L0395,Low
C0014,CASE-2024-0014,Large Organized Crime Network Case Linked to Delhi Region,Large Organized Crime Network,Pending Review,"Case file documenting a large organized crime network investigation originating in Delhi, Delhi, including associated communications, financial trails and physical evidence gathered by the investigating team.",2024-02-12,2024-02-11,L0124,High
C0015,CASE-2024-0015,Property Fraud Case Linked to Gurugram Region,Property Fraud,Closed,"A demonstration investigation record covering a property fraud incident in Gurugram, Haryana, with linked persons, organizations and evidentiary material collected during the inquiry.",2024-07-26,2024-07-23,L0427,Critical
C0016,CASE-2024-0016,Financial Crime Investigation Case Linked to Nagpur Region,Financial Crime Investigation,Under Investigation,"Case file documenting a financial crime investigation investigation originating in Nagpur, Maharashtra, including associated communications, financial trails and physical evidence gathered by the investigating team.",2024-08-27,2024-08-24,L0230,Medium
C0017,CASE-2024-0017,Burglary Investigation - Coimbatore Sector,Burglary,Pending Review,"investigation into suspected burglary activity centered around Coimbatore, Tamil Nadu, involving multiple persons of interest and associated entities identified through communication, financial and location analysis.",2024-02-24,2024-02-23,L0161,Critical
C0018,CASE-2024-0018,Procurement Fraud Network Probe - Coimbatore,Procurement Fraud,Open,"investigation into suspected procurement fraud activity centered around Coimbatore, Tamil Nadu, involving multiple persons of interest and associated entities identified through communication, financial and location analysis.",2024-03-22,2024-03-22,L0545,Medium
C0019,CASE-2024-0019,Theft Case Linked to Indore Region,Theft,Closed,"investigation into suspected theft activity centered around Indore, Madhya Pradesh, involving multiple persons of interest and associated entities identified through communication, financial and location analysis.",2024-02-19,2024-02-15,L0204,Medium
C0020,CASE-2024-0020,Money Laundering Investigation Ring Operating from Lucknow,Money Laundering Investigation,Under Investigation,"record of a money laundering investigation case based in Lucknow, Uttar Pradesh, developed to demonstrate cross-referenced trace-graph, CDR and financial analytics for the RAKSHAK platform.",2024-03-26,2024-03-26,L0435,Critical
C0021,CASE-2024-0021,Pune-based Vehicle Theft Inquiry,Vehicle Theft,Under Investigation,"investigation into suspected vehicle theft activity centered around Pune, Maharashtra, involving multiple persons of interest and associated entities identified through communication, financial and location analysis.",2024-06-11,2024-06-07,L0243,Medium
C0022,CASE-2024-0022,Vehicle Theft Network Probe - Mumbai,Vehicle Theft,Closed,"Case file documenting a vehicle theft investigation originating in Mumbai, Maharashtra, including associated communications, financial trails and physical evidence gathered by the investigating team.",2024-06-11,2024-06-11,L0495,High
C0023,CASE-2024-0023,Payment Fraud Case Linked to Hyderabad Region,Payment Fraud,Open,"A demonstration investigation record covering a payment fraud incident in Hyderabad, Telangana, with linked persons, organizations and evidentiary material collected during the inquiry.",2024-06-15,2024-06-15,L0574,High
C0024,CASE-2024-0024,Kochi Kidnapping Case,Kidnapping,Closed,"Case file documenting a kidnapping investigation originating in Kochi, Kerala, including associated communications, financial trails and physical evidence gathered by the investigating team.",2024-12-25,2024-12-23,L0285,Medium
C0025,CASE-2024-0025,Assault Case Linked to Mumbai Region,Assault,Pending Review,"investigation into suspected assault activity centered around Mumbai, Maharashtra, involving multiple persons of interest and associated entities identified through communication, financial and location analysis.",2024-09-26,2024-09-25,L0525,High
C0026,CASE-2024-0026,Individual Cyber Fraud Ring Operating from Surat,Individual Cyber Fraud,Closed,"record of a individual cyber fraud case based in Surat, Gujarat, developed to demonstrate cross-referenced trace-graph, CDR and financial analytics for the RAKSHAK platform.",2024-05-04,2024-04-30,L0352,High
C0027,CASE-2024-0027,Unauthorized Access Ring Operating from Kolkata,Unauthorized Access,Pending Review,"A demonstration investigation record covering a unauthorized access incident in Kolkata, West Bengal, with linked persons, organizations and evidentiary material collected during the inquiry.",2024-01-26,2024-01-22,L0590,High
C0028,CASE-2024-0028,Minor Fraud Investigation - Kolkata Sector,Minor Fraud,Pending Review,"Case file documenting a minor fraud investigation originating in Kolkata, West Bengal, including associated communications, financial trails and physical evidence gathered by the investigating team.",2024-08-24,2024-08-24,L0356,Medium
C0029,CASE-2024-0029,Large Financial Crime Network Investigation - Chennai Sector,Large Financial Crime Network,Closed,"A demonstration investigation record covering a large financial crime network incident in Chennai, Tamil Nadu, with linked persons, organizations and evidentiary material collected during the inquiry.",2024-11-23,2024-11-20,L0187,High
C0030,CASE-2024-0030,Nashik Individual Cyber Fraud Case,Individual Cyber Fraud,Closed,"Case file documenting a individual cyber fraud investigation originating in Nashik, Maharashtra, including associated communications, financial trails and physical evidence gathered by the investigating team.",2024-02-18,2024-02-13,L0313,Low
C0031,CASE-2024-0031,Hyderabad-based Money Laundering Investigation Inquiry,Money Laundering Investigation,Under Investigation,"This case tracks a suspected money laundering investigation matter reported in Hyderabad, Telangana. Investigators are examining phone records, financial transactions and location data connected to the individuals involved.",2024-08-13,2024-08-11,L0347,Critical
C0032,CASE-2024-0032,Hyderabad Unauthorized Access Case,Unauthorized Access,Under Investigation,"This case tracks a suspected unauthorized access matter reported in Hyderabad, Telangana. Investigators are examining phone records, financial transactions and location data connected to the individuals involved.",2024-09-03,2024-08-29,L0164,High
C0033,CASE-2024-0033,Vehicle Theft Investigation - Coimbatore Sector,Vehicle Theft,Open,"Case file documenting a vehicle theft investigation originating in Coimbatore, Tamil Nadu, including associated communications, financial trails and physical evidence gathered by the investigating team.",2024-01-01,2024-12-31,L0559,Low
C0034,CASE-2024-0034,Investigation into Theft Activities in Gurugram,Theft,Closed,"record of a theft case based in Gurugram, Haryana, developed to demonstrate cross-referenced trace-graph, CDR and financial analytics for the RAKSHAK platform.",2024-02-16,2024-02-13,L0247,Medium
C0035,CASE-2024-0035,Procurement Fraud Case Linked to Bengaluru Region,Procurement Fraud,Pending Review,"This case tracks a suspected procurement fraud matter reported in Bengaluru, Karnataka. Investigators are examining phone records, financial transactions and location data connected to the individuals involved.",2024-06-10,2024-06-08,L0013,Medium
C0036,CASE-2024-0036,Investigation into Document Fraud Activities in Bhopal,Document Fraud,Open,"This case tracks a suspected document fraud matter reported in Bhopal, Madhya Pradesh. Investigators are examining phone records, financial transactions and location data connected to the individuals involved.",2024-05-09,2024-05-05,L0288,Medium
C0037,CASE-2024-0037,Noida Vehicle Theft Network Case,Vehicle Theft Network,Open,"Case file documenting a vehicle theft network investigation originating in Noida, Uttar Pradesh, including associated communications, financial trails and physical evidence gathered by the investigating team.",2024-04-19,2024-04-17,L0591,Low
C0038,CASE-2024-0038,Vehicle Theft Network Network Probe - Surat,Vehicle Theft Network,Closed,"This case tracks a suspected vehicle theft network matter reported in Surat, Gujarat. Investigators are examining phone records, financial transactions and location data connected to the individuals involved.",2024-01-10,2024-01-06,L0355,Medium
C0039,CASE-2024-0039,Coimbatore Vehicle Theft Case,Vehicle Theft,Under Investigation,"Case file documenting a vehicle theft investigation originating in Coimbatore, Tamil Nadu, including associated communications, financial trails and physical evidence gathered by the investigating team.",2024-12-20,2024-12-18,L0302,High
C0040,CASE-2024-0040,Property Fraud Case Linked to Indore Region,Property Fraud,Under Investigation,"This case tracks a suspected property fraud matter reported in Indore, Madhya Pradesh. Investigators are examining phone records, financial transactions and location data connected to the individuals involved.",2024-10-17,2024-10-14,L0198,High
C0041,CASE-2024-0041,Delhi Unauthorized Access Case,Unauthorized Access,Pending Review,"This case tracks a suspected unauthorized access matter reported in Delhi, Delhi. Investigators are examining phone records, financial transactions and location data connected to the individuals involved.",2024-09-03,2024-08-30,L0084,High
C0042,CASE-2024-0042,Identity Fraud Ring Operating from Mumbai,Identity Fraud,Pending Review,"record of a identity fraud case based in Mumbai, Maharashtra, developed to demonstrate cross-referenced trace-graph, CDR and financial analytics for the RAKSHAK platform.",2024-07-03,2024-06-30,L0538,Low
C0043,CASE-2024-0043,Unauthorized Access Case Linked to Surat Region,Unauthorized Access,Closed,"investigation into suspected unauthorized access activity centered around Surat, Gujarat, involving multiple persons of interest and associated entities identified through communication, financial and location analysis.",2024-05-16,2024-05-14,L0500,High
C0044,CASE-2024-0044,Bengaluru-based Simple Robbery Inquiry,Simple Robbery,Closed,"investigation into suspected simple robbery activity centered around Bengaluru, Karnataka, involving multiple persons of interest and associated entities identified through communication, financial and location analysis.",2024-03-04,2024-03-03,L0385,Medium
C0045,CASE-2024-0045,Organized Cybercrime Ring Operating from Surat,Organized Cybercrime,Closed,"A demonstration investigation record covering a organized cybercrime incident in Surat, Gujarat, with linked persons, organizations and evidentiary material collected during the inquiry.",2024-09-26,2024-09-24,L0445,High
C0046,CASE-2024-0046,Bhopal-based Organized Fraud Inquiry,Organized Fraud,Under Investigation,"record of a organized fraud case based in Bhopal, Madhya Pradesh, developed to demonstrate cross-referenced trace-graph, CDR and financial analytics for the RAKSHAK platform.",2024-05-07,2024-05-05,L0079,High
C0047,CASE-2024-0047,Investigation into Individual Cyber Fraud Activities in Jaipur,Individual Cyber Fraud,Pending Review,"investigation into suspected individual cyber fraud activity centered around Jaipur, Rajasthan, involving multiple persons of interest and associated entities identified through communication, financial and location analysis.",2024-12-04,2024-11-29,L0357,High
C0048,CASE-2024-0048,Ahmedabad-based Payment Fraud Inquiry,Payment Fraud,Under Investigation,"A demonstration investigation record covering a payment fraud incident in Ahmedabad, Gujarat, with linked persons, organizations and evidentiary material collected during the inquiry.",2024-04-25,2024-04-20,L0438,High
C0049,CASE-2024-0049,Data Theft Network Probe - Coimbatore,Data Theft,Open,"This case tracks a suspected data theft matter reported in Coimbatore, Tamil Nadu. Investigators are examining phone records, financial transactions and location data connected to the individuals involved.",2024-08-12,2024-08-09,L0287,Low
C0050,CASE-2024-0050,Investigation into Money Laundering Investigation Activities in Ahmedabad,Money Laundering Investigation,Pending Review,"A demonstration investigation record covering a money laundering investigation incident in Ahmedabad, Gujarat, with linked persons, organizations and evidentiary material collected during the inquiry.",2024-10-05,2024-10-01,L0594,High
C0051,CASE-2024-0051,Bhopal Minor Fraud Case,Minor Fraud,Open,"A demonstration investigation record covering a minor fraud incident in Bhopal, Madhya Pradesh, with linked persons, organizations and evidentiary material collected during the inquiry.",2024-06-22,2024-06-21,L0556,Medium
C0052,CASE-2024-0052,Investigation into Murder Investigation Activities in Hyderabad,Murder Investigation,Open,"record of a murder investigation case based in Hyderabad, Telangana, developed to demonstrate cross-referenced trace-graph, CDR and financial analytics for the RAKSHAK platform.",2024-06-23,2024-06-20,L0036,Low
C0053,CASE-2024-0053,Indore Theft Case,Theft,Open,"investigation into suspected theft activity centered around Indore, Madhya Pradesh, involving multiple persons of interest and associated entities identified through communication, financial and location analysis.",2024-06-21,2024-06-21,L0498,Low
C0054,CASE-2024-0054,Ahmedabad Corporate Fraud Case,Corporate Fraud,Closed,"This case tracks a suspected corporate fraud matter reported in Ahmedabad, Gujarat. Investigators are examining phone records, financial transactions and location data connected to the individuals involved.",2024-08-24,2024-08-23,L0594,Medium
C0055,CASE-2024-0055,Corporate Fraud Network Probe - Mumbai,Corporate Fraud,Closed,"Case file documenting a corporate fraud investigation originating in Mumbai, Maharashtra, including associated communications, financial trails and physical evidence gathered by the investigating team.",2024-02-10,2024-02-05,L0513,Critical
C0056,CASE-2024-0056,Delhi-based Kidnapping Inquiry,Kidnapping,Under Investigation,"record of a kidnapping case based in Delhi, Delhi, developed to demonstrate cross-referenced trace-graph, CDR and financial analytics for the RAKSHAK platform.",2024-07-19,2024-07-16,L0124,Critical
C0057,CASE-2024-0057,Coimbatore-based Large Organized Crime Network Inquiry,Large Organized Crime Network,Pending Review,"record of a large organized crime network case based in Coimbatore, Tamil Nadu, developed to demonstrate cross-referenced trace-graph, CDR and financial analytics for the RAKSHAK platform.",2024-04-18,2024-04-13,L0280,High
C0058,CASE-2024-0058,Money Laundering Investigation Network Probe - Lucknow,Money Laundering Investigation,Open,"Case file documenting a money laundering investigation investigation originating in Lucknow, Uttar Pradesh, including associated communications, financial trails and physical evidence gathered by the investigating team.",2024-07-08,2024-07-07,L0401,High
C0059,CASE-2024-0059,Investigation into Murder Investigation Activities in Ahmedabad,Murder Investigation,Under Investigation,"record of a murder investigation case based in Ahmedabad, Gujarat, developed to demonstrate cross-referenced trace-graph, CDR and financial analytics for the RAKSHAK platform.",2024-01-11,2024-01-11,L0027,High
C0060,CASE-2024-0060,Procurement Fraud Case Linked to Lucknow Region,Procurement Fraud,Pending Review,"This case tracks a suspected procurement fraud matter reported in Lucknow, Uttar Pradesh. Investigators are examining phone records, financial transactions and location data connected to the individuals involved.",2024-11-03,2024-11-03,L0053,High
C0061,CASE-2024-0061,Jaipur Kidnapping Case,Kidnapping,Pending Review,"Case file documenting a kidnapping investigation originating in Jaipur, Rajasthan, including associated communications, financial trails and physical evidence gathered by the investigating team.",2024-07-16,2024-07-13,L0560,Medium
C0062,CASE-2024-0062,Money Laundering Investigation Case Linked to Chennai Region,Money Laundering Investigation,Pending Review,"record of a money laundering investigation case based in Chennai, Tamil Nadu, developed to demonstrate cross-referenced trace-graph, CDR and financial analytics for the RAKSHAK platform.",2024-09-27,2024-09-27,L0206,Critical
C0063,CASE-2024-0063,Gurugram Banking Fraud Case,Banking Fraud,Under Investigation,"This case tracks a suspected banking fraud matter reported in Gurugram, Haryana. Investigators are examining phone records, financial transactions and location data connected to the individuals involved.",2024-10-06,2024-10-03,L0264,Critical
C0064,CASE-2024-0064,Simple Robbery Investigation - Kolkata Sector,Simple Robbery,Pending Review,"This case tracks a suspected simple robbery matter reported in Kolkata, West Bengal. Investigators are examining phone records, financial transactions and location data connected to the individuals involved.",2024-04-11,2024-04-09,L0037,Low
C0065,CASE-2024-0065,Mumbai-based Document Fraud Inquiry,Document Fraud,Closed,"Case file documenting a document fraud investigation originating in Mumbai, Maharashtra, including associated communications, financial trails and physical evidence gathered by the investigating team.",2024-07-10,2024-07-10,L0066,Low
C0066,CASE-2024-0066,Investigation into Financial Fraud Activities in Nashik,Financial Fraud,Pending Review,"A demonstration investigation record covering a financial fraud incident in Nashik, Maharashtra, with linked persons, organizations and evidentiary material collected during the inquiry.",2024-06-04,2024-06-04,L0526,Medium
C0067,CASE-2024-0067,Kolkata Burglary Case,Burglary,Open,"investigation into suspected burglary activity centered around Kolkata, West Bengal, involving multiple persons of interest and associated entities identified through communication, financial and location analysis.",2024-02-04,2024-02-02,L0120,High
C0068,CASE-2024-0068,Major Cybercrime Ring Operating from Indore,Major Cybercrime,Pending Review,"A demonstration investigation record covering a major cybercrime incident in Indore, Madhya Pradesh, with linked persons, organizations and evidentiary material collected during the inquiry.",2024-03-19,2024-03-15,L0450,Medium
C0069,CASE-2024-0069,Theft Investigation - Nagpur Sector,Theft,Pending Review,"This case tracks a suspected theft matter reported in Nagpur, Maharashtra. Investigators are examining phone records, financial transactions and location data connected to the individuals involved.",2024-09-15,2024-09-12,L0278,Low
C0070,CASE-2024-0070,Nagpur-based Unauthorized Access Inquiry,Unauthorized Access,Under Investigation,"A demonstration investigation record covering a unauthorized access incident in Nagpur, Maharashtra, with linked persons, organizations and evidentiary material collected during the inquiry.",2024-06-23,2024-06-18,L0230,High
C0071,CASE-2024-0071,Pune-based Minor Fraud Inquiry,Minor Fraud,Open,"A demonstration investigation record covering a minor fraud incident in Pune, Maharashtra, with linked persons, organizations and evidentiary material collected during the inquiry.",2024-07-21,2024-07-17,L0157,Low
C0072,CASE-2024-0072,Property Fraud Network Probe - Pune,Property Fraud,Under Investigation,"investigation into suspected property fraud activity centered around Pune, Maharashtra, involving multiple persons of interest and associated entities identified through communication, financial and location analysis.",2024-08-12,2024-08-12,L0134,High
C0073,CASE-2024-0073,Large Organized Crime Network Investigation - Kochi Sector,Large Organized Crime Network,Under Investigation,"record of a large organized crime network case based in Kochi, Kerala, developed to demonstrate cross-referenced trace-graph, CDR and financial analytics for the RAKSHAK platform.",2024-05-06,2024-05-03,L0575,Low
C0074,CASE-2024-0074,Investigation into Data Theft Activities in Lucknow,Data Theft,Open,"investigation into suspected data theft activity centered around Lucknow, Uttar Pradesh, involving multiple persons of interest and associated entities identified through communication, financial and location analysis.",2024-06-10,2024-06-08,L0496,Medium
C0075,CASE-2024-0075,Document Fraud Ring Operating from Pune,Document Fraud,Under Investigation,"investigation into suspected document fraud activity centered around Pune, Maharashtra, involving multiple persons of interest and associated entities identified through communication, financial and location analysis.",2024-03-05,2024-03-03,L0089,High
C0076,CASE-2024-0076,Investigation into Vehicle Theft Activities in Chennai,Vehicle Theft,Closed,"This case tracks a suspected vehicle theft matter reported in Chennai, Tamil Nadu. Investigators are examining phone records, financial transactions and location data connected to the individuals involved.",2024-11-25,2024-11-21,L0017,High
C0077,CASE-2024-0077,Major Cybercrime Investigation - Indore Sector,Major Cybercrime,Under Investigation,"Case file documenting a major cybercrime investigation originating in Indore, Madhya Pradesh, including associated communications, financial trails and physical evidence gathered by the investigating team.",2024-01-07,2024-01-02,L0578,High
C0078,CASE-2024-0078,Gurugram Identity Fraud Case,Identity Fraud,Pending Review,"record of a identity fraud case based in Gurugram, Haryana, developed to demonstrate cross-referenced trace-graph, CDR and financial analytics for the RAKSHAK platform.",2024-11-02,2024-10-29,L0405,Low
C0079,CASE-2024-0079,Kolkata Kidnapping Case,Kidnapping,Under Investigation,"Case file documenting a kidnapping investigation originating in Kolkata, West Bengal, including associated communications, financial trails and physical evidence gathered by the investigating team.",2024-10-13,2024-10-09,L0167,Low
C0080,CASE-2024-0080,Online Fraud Case Linked to Gurugram Region,Online Fraud,Open,"Case file documenting a online fraud investigation originating in Gurugram, Haryana, including associated communications, financial trails and physical evidence gathered by the investigating team.",2024-01-14,2024-01-11,L0165,High
C0081,CASE-2024-0081,Theft Investigation - Coimbatore Sector,Theft,Under Investigation,"record of a theft case based in Coimbatore, Tamil Nadu, developed to demonstrate cross-referenced trace-graph, CDR and financial analytics for the RAKSHAK platform.",2024-01-12,2024-01-08,L0311,Low
C0082,CASE-2024-0082,Vehicle Theft Network Probe - Noida,Vehicle Theft,Under Investigation,"Case file documenting a vehicle theft investigation originating in Noida, Uttar Pradesh, including associated communications, financial trails and physical evidence gathered by the investigating team.",2024-05-29,2024-05-25,L0376,Medium
C0083,CASE-2024-0083,Nagpur Simple Robbery Case,Simple Robbery,Open,"This case tracks a suspected simple robbery matter reported in Nagpur, Maharashtra. Investigators are examining phone records, financial transactions and location data connected to the individuals involved.",2024-06-25,2024-06-20,L0002,Low
C0084,CASE-2024-0084,Nagpur-based Large Financial Crime Network Inquiry,Large Financial Crime Network,Open,"Case file documenting a large financial crime network investigation originating in Nagpur, Maharashtra, including associated communications, financial trails and physical evidence gathered by the investigating team.",2024-05-14,2024-05-13,L0454,Low
C0085,CASE-2024-0085,Noida-based Vehicle Theft Inquiry,Vehicle Theft,Closed,"investigation into suspected vehicle theft activity centered around Noida, Uttar Pradesh, involving multiple persons of interest and associated entities identified through communication, financial and location analysis.",2024-09-20,2024-09-20,L0025,Medium
C0086,CASE-2024-0086,Lucknow-based Organized Cybercrime Inquiry,Organized Cybercrime,Open,"Case file documenting a organized cybercrime investigation originating in Lucknow, Uttar Pradesh, including associated communications, financial trails and physical evidence gathered by the investigating team.",2024-03-26,2024-03-23,L0505,Medium
C0087,CASE-2024-0087,Major Cybercrime Ring Operating from Coimbatore,Major Cybercrime,Open,"A demonstration investigation record covering a major cybercrime incident in Coimbatore, Tamil Nadu, with linked persons, organizations and evidentiary material collected during the inquiry.",2024-10-04,2024-09-30,L0031,High
C0088,CASE-2024-0088,Noida Organized Cybercrime Case,Organized Cybercrime,Under Investigation,"This case tracks a suspected organized cybercrime matter reported in Noida, Uttar Pradesh. Investigators are examining phone records, financial transactions and location data connected to the individuals involved.",2024-04-10,2024-04-10,L0541,High
C0089,CASE-2024-0089,Financial Fraud Ring Operating from Kochi,Financial Fraud,Pending Review,"record of a financial fraud case based in Kochi, Kerala, developed to demonstrate cross-referenced trace-graph, CDR and financial analytics for the RAKSHAK platform.",2024-07-07,2024-07-03,L0268,High
C0090,CASE-2024-0090,Data Theft Case Linked to Kolkata Region,Data Theft,Under Investigation,"Case file documenting a data theft investigation originating in Kolkata, West Bengal, including associated communications, financial trails and physical evidence gathered by the investigating team.",2024-03-14,2024-03-14,L0320,High
C0091,CASE-2024-0091,Kidnapping Network Probe - Bengaluru,Kidnapping,Pending Review,"record of a kidnapping case based in Bengaluru, Karnataka, developed to demonstrate cross-referenced trace-graph, CDR and financial analytics for the RAKSHAK platform.",2024-07-05,2024-07-01,L0282,Critical
C0092,CASE-2024-0092,Large Organized Crime Network Case Linked to Bhopal Region,Large Organized Crime Network,Closed,"record of a large organized crime network case based in Bhopal, Madhya Pradesh, developed to demonstrate cross-referenced trace-graph, CDR and financial analytics for the RAKSHAK platform.",2024-03-22,2024-03-17,L0087,Critical
C0093,CASE-2024-0093,Investigation into Theft Activities in Gurugram,Theft,Pending Review,"investigation into suspected theft activity centered around Gurugram, Haryana, involving multiple persons of interest and associated entities identified through communication, financial and location analysis.",2024-09-20,2024-09-18,L0049,Medium
C0094,CASE-2024-0094,Digital Fraud Network Probe - Coimbatore,Digital Fraud,Under Investigation,"investigation into suspected digital fraud activity centered around Coimbatore, Tamil Nadu, involving multiple persons of interest and associated entities identified through communication, financial and location analysis.",2024-01-21,2024-01-17,L0280,Critical
C0095,CASE-2024-0095,Vehicle Theft Case Linked to Hyderabad Region,Vehicle Theft,Closed,"record of a vehicle theft case based in Hyderabad, Telangana, developed to demonstrate cross-referenced trace-graph, CDR and financial analytics for the RAKSHAK platform.",2024-11-19,2024-11-19,L0420,High
C0096,CASE-2024-0096,Thane Assault Case,Assault,Pending Review,"A demonstration investigation record covering a assault incident in Thane, Maharashtra, with linked persons, organizations and evidentiary material collected during the inquiry.",2024-04-07,2024-04-07,L0395,Medium
C0097,CASE-2024-0097,Investigation into Payment Fraud Activities in Chennai,Payment Fraud,Closed,"record of a payment fraud case based in Chennai, Tamil Nadu, developed to demonstrate cross-referenced trace-graph, CDR and financial analytics for the RAKSHAK platform.",2024-08-29,2024-08-27,L0160,Low
C0098,CASE-2024-0098,Nashik-based Unauthorized Access Inquiry,Unauthorized Access,Under Investigation,"record of a unauthorized access case based in Nashik, Maharashtra, developed to demonstrate cross-referenced trace-graph, CDR and financial analytics for the RAKSHAK platform.",2024-12-02,2024-11-29,L0098,Medium
C0099,CASE-2024-0099,Payment Fraud Investigation - Ahmedabad Sector,Payment Fraud,Pending Review,"A demonstration investigation record covering a payment fraud incident in Ahmedabad, Gujarat, with linked persons, organizations and evidentiary material collected during the inquiry.",2024-02-13,2024-02-08,L0390,Low
C0100,CASE-2024-0100,Bhopal-based Assault Inquiry,Assault,Open,"Case file documenting a assault investigation originating in Bhopal, Madhya Pradesh, including associated communications, financial trails and physical evidence gathered by the investigating team.",2024-05-05,2024-05-04,L0005,Medium
C0101,CASE-2024-0101,Noida-based Individual Cyber Fraud Inquiry,Individual Cyber Fraud,Under Investigation,"This case tracks a suspected individual cyber fraud matter reported in Noida, Uttar Pradesh. Investigators are examining phone records, financial transactions and location data connected to the individuals involved.",2024-02-14,2024-02-12,L0152,Low
C0102,CASE-2024-0102,Major Cybercrime Network Probe - Indore,Major Cybercrime,Open,"Case file documenting a major cybercrime investigation originating in Indore, Madhya Pradesh, including associated communications, financial trails and physical evidence gathered by the investigating team.",2024-04-06,2024-04-02,L0203,Medium
C0103,CASE-2024-0103,Property Fraud Network Probe - Surat,Property Fraud,Open,"investigation into suspected property fraud activity centered around Surat, Gujarat, involving multiple persons of interest and associated entities identified through communication, financial and location analysis.",2024-03-29,2024-03-26,L0500,High
C0104,CASE-2024-0104,Investigation into Individual Cyber Fraud Activities in Bhopal,Individual Cyber Fraud,Pending Review,"Case file documenting a individual cyber fraud investigation originating in Bhopal, Madhya Pradesh, including associated communications, financial trails and physical evidence gathered by the investigating team.",2024-05-15,2024-05-14,L0414,High
C0105,CASE-2024-0105,Payment Fraud Network Probe - Hyderabad,Payment Fraud,Under Investigation,"Case file documenting a payment fraud investigation originating in Hyderabad, Telangana, including associated communications, financial trails and physical evidence gathered by the investigating team.",2024-08-02,2024-07-29,L0245,Low
C0106,CASE-2024-0106,Assault Network Probe - Nashik,Assault,Pending Review,"This case tracks a suspected assault matter reported in Nashik, Maharashtra. Investigators are examining phone records, financial transactions and location data connected to the individuals involved.",2024-05-01,2024-04-26,L0313,Medium
C0107,CASE-2024-0107,Burglary Case Linked to Coimbatore Region,Burglary,Under Investigation,"Case file documenting a burglary investigation originating in Coimbatore, Tamil Nadu, including associated communications, financial trails and physical evidence gathered by the investigating team.",2024-01-27,2024-01-25,L0559,Critical
C0108,CASE-2024-0108,Kolkata Financial Crime Investigation Case,Financial Crime Investigation,Under Investigation,"investigation into suspected financial crime investigation activity centered around Kolkata, West Bengal, involving multiple persons of interest and associated entities identified through communication, financial and location analysis.",2024-02-16,2024-02-15,L0052,High
C0109,CASE-2024-0109,Unauthorized Access Ring Operating from Pune,Unauthorized Access,Under Investigation,"A demonstration investigation record covering a unauthorized access incident in Pune, Maharashtra, with linked persons, organizations and evidentiary material collected during the inquiry.",2024-09-10,2024-09-06,L0011,High
C0110,CASE-2024-0110,Nagpur Burglary Case,Burglary,Pending Review,"record of a burglary case based in Nagpur, Maharashtra, developed to demonstrate cross-referenced trace-graph, CDR and financial analytics for the RAKSHAK platform.",2024-11-12,2024-11-09,L0181,Low
C0111,CASE-2024-0111,Gurugram Vehicle Theft Case,Vehicle Theft,Pending Review,"investigation into suspected vehicle theft activity centered around Gurugram, Haryana, involving multiple persons of interest and associated entities identified through communication, financial and location analysis.",2024-06-22,2024-06-20,L0423,Medium
C0112,CASE-2024-0112,Noida Assault Case,Assault,Under Investigation,"record of a assault case based in Noida, Uttar Pradesh, developed to demonstrate cross-referenced trace-graph, CDR and financial analytics for the RAKSHAK platform.",2024-02-16,2024-02-14,L0327,Low
C0113,CASE-2024-0113,Kolkata-based Online Fraud Inquiry,Online Fraud,Pending Review,"A demonstration investigation record covering a online fraud incident in Kolkata, West Bengal, with linked persons, organizations and evidentiary material collected during the inquiry.",2024-01-09,2024-01-09,L0547,High
C0114,CASE-2024-0114,Investigation into Simple Robbery Activities in Mumbai,Simple Robbery,Pending Review,"record of a simple robbery case based in Mumbai, Maharashtra, developed to demonstrate cross-referenced trace-graph, CDR and financial analytics for the RAKSHAK platform.",2024-11-01,2024-10-27,L0115,Low
C0115,CASE-2024-0115,Investigation into Kidnapping Activities in Lucknow,Kidnapping,Under Investigation,"record of a kidnapping case based in Lucknow, Uttar Pradesh, developed to demonstrate cross-referenced trace-graph, CDR and financial analytics for the RAKSHAK platform.",2024-06-29,2024-06-29,L0055,Medium
C0116,CASE-2024-0116,Chennai-based Major Cybercrime Inquiry,Major Cybercrime,Closed,"This case tracks a suspected major cybercrime matter reported in Chennai, Tamil Nadu. Investigators are examining phone records, financial transactions and location data connected to the individuals involved.",2024-06-29,2024-06-27,L0017,High
C0117,CASE-2024-0117,Property Fraud Case Linked to Jaipur Region,Property Fraud,Closed,"A demonstration investigation record covering a property fraud incident in Jaipur, Rajasthan, with linked persons, organizations and evidentiary material collected during the inquiry.",2024-01-04,2024-12-30,L0536,Medium
C0118,CASE-2024-0118,Theft Network Probe - Delhi,Theft,Closed,"Case file documenting a theft investigation originating in Delhi, Delhi, including associated communications, financial trails and physical evidence gathered by the investigating team.",2024-02-01,2024-02-01,L0600,Low
C0119,CASE-2024-0119,Minor Fraud Case Linked to Nashik Region,Minor Fraud,Under Investigation,"This case tracks a suspected minor fraud matter reported in Nashik, Maharashtra. Investigators are examining phone records, financial transactions and location data connected to the individuals involved.",2024-01-31,2024-01-27,L0466,Medium
C0120,CASE-2024-0120,Coimbatore Individual Cyber Fraud Case,Individual Cyber Fraud,Under Investigation,"record of a individual cyber fraud case based in Coimbatore, Tamil Nadu, developed to demonstrate cross-referenced trace-graph, CDR and financial analytics for the RAKSHAK platform.",2024-12-07,2024-12-04,L0478,Low
C0121,CASE-2024-0121,Payment Fraud Ring Operating from Hyderabad,Payment Fraud,Under Investigation,"This case tracks a suspected payment fraud matter reported in Hyderabad, Telangana. Investigators are examining phone records, financial transactions and location data connected to the individuals involved.",2024-05-24,2024-05-22,L0494,Medium
C0122,CASE-2024-0122,Payment Fraud Ring Operating from Bengaluru,Payment Fraud,Open,"This case tracks a suspected payment fraud matter reported in Bengaluru, Karnataka. Investigators are examining phone records, financial transactions and location data connected to the individuals involved.",2024-11-22,2024-11-22,L0599,Low
C0123,CASE-2024-0123,Financial Fraud Ring Operating from Surat,Financial Fraud,Closed,"A demonstration investigation record covering a financial fraud incident in Surat, Gujarat, with linked persons, organizations and evidentiary material collected during the inquiry.",2024-03-03,2024-02-28,L0208,Medium
C0124,CASE-2024-0124,Vehicle Theft Case Linked to Nagpur Region,Vehicle Theft,Open,"record of a vehicle theft case based in Nagpur, Maharashtra, developed to demonstrate cross-referenced trace-graph, CDR and financial analytics for the RAKSHAK platform.",2024-05-16,2024-05-15,L0216,High
C0125,CASE-2024-0125,Identity Fraud Investigation - Kochi Sector,Identity Fraud,Under Investigation,"A demonstration investigation record covering a identity fraud incident in Kochi, Kerala, with linked persons, organizations and evidentiary material collected during the inquiry.",2024-08-29,2024-08-25,L0059,Medium
C0126,CASE-2024-0126,Unauthorized Access Network Probe - Lucknow,Unauthorized Access,Pending Review,"This case tracks a suspected unauthorized access matter reported in Lucknow, Uttar Pradesh. Investigators are examining phone records, financial transactions and location data connected to the individuals involved.",2024-05-22,2024-05-18,L0507,Medium
C0127,CASE-2024-0127,Investigation into Vehicle Theft Activities in Lucknow,Vehicle Theft,Under Investigation,"investigation into suspected vehicle theft activity centered around Lucknow, Uttar Pradesh, involving multiple persons of interest and associated entities identified through communication, financial and location analysis.",2024-05-22,2024-05-21,L0422,Medium
C0128,CASE-2024-0128,Investigation into Simple Robbery Activities in Chennai,Simple Robbery,Open,"record of a simple robbery case based in Chennai, Tamil Nadu, developed to demonstrate cross-referenced trace-graph, CDR and financial analytics for the RAKSHAK platform.",2024-07-28,2024-07-27,L0477,Medium
C0129,CASE-2024-0129,Unauthorized Access Investigation - Surat Sector,Unauthorized Access,Pending Review,"record of a unauthorized access case based in Surat, Gujarat, developed to demonstrate cross-referenced trace-graph, CDR and financial analytics for the RAKSHAK platform.",2024-04-15,2024-04-14,L0486,Medium
C0130,CASE-2024-0130,Investigation into Major Cybercrime Activities in Surat,Major Cybercrime,Open,"Case file documenting a major cybercrime investigation originating in Surat, Gujarat, including associated communications, financial trails and physical evidence gathered by the investigating team.",2024-02-12,2024-02-08,L0096,High
C0131,CASE-2024-0131,Vehicle Theft Case Linked to Noida Region,Vehicle Theft,Open,"investigation into suspected vehicle theft activity centered around Noida, Uttar Pradesh, involving multiple persons of interest and associated entities identified through communication, financial and location analysis.",2024-07-08,2024-07-05,L0251,Medium
C0132,CASE-2024-0132,Investigation into Financial Crime Investigation Activities in Kolkata,Financial Crime Investigation,Closed,"A demonstration investigation record covering a financial crime investigation incident in Kolkata, West Bengal, with linked persons, organizations and evidentiary material collected during the inquiry.",2024-02-14,2024-02-12,L0345,High
C0133,CASE-2024-0133,Theft Case Linked to Noida Region,Theft,Pending Review,"investigation into suspected theft activity centered around Noida, Uttar Pradesh, involving multiple persons of interest and associated entities identified through communication, financial and location analysis.",2024-05-29,2024-05-26,L0250,Low
C0134,CASE-2024-0134,Assault Investigation - Gurugram Sector,Assault,Pending Review,"This case tracks a suspected assault matter reported in Gurugram, Haryana. Investigators are examining phone records, financial transactions and location data connected to the individuals involved.",2024-05-22,2024-05-19,L0502,Medium
C0135,CASE-2024-0135,Hyderabad-based Payment Fraud Inquiry,Payment Fraud,Closed,"This case tracks a suspected payment fraud matter reported in Hyderabad, Telangana. Investigators are examining phone records, financial transactions and location data connected to the individuals involved.",2024-04-11,2024-04-11,L0573,Low
C0136,CASE-2024-0136,Vehicle Theft Network Investigation - Nashik Sector,Vehicle Theft Network,Pending Review,"record of a vehicle theft network case based in Nashik, Maharashtra, developed to demonstrate cross-referenced trace-graph, CDR and financial analytics for the RAKSHAK platform.",2024-05-02,2024-04-27,L0359,High
C0137,CASE-2024-0137,Coimbatore Digital Fraud Case,Digital Fraud,Pending Review,"A demonstration investigation record covering a digital fraud incident in Coimbatore, Tamil Nadu, with linked persons, organizations and evidentiary material collected during the inquiry.",2024-06-16,2024-06-13,L0516,Low
C0138,CASE-2024-0138,Payment Fraud Investigation - Thane Sector,Payment Fraud,Under Investigation,"Case file documenting a payment fraud investigation originating in Thane, Maharashtra, including associated communications, financial trails and physical evidence gathered by the investigating team.",2024-06-17,2024-06-16,L0309,High
C0139,CASE-2024-0139,Kolkata Large Organized Crime Network Case,Large Organized Crime Network,Under Investigation,"This case tracks a suspected large organized crime network matter reported in Kolkata, West Bengal. Investigators are examining phone records, financial transactions and location data connected to the individuals involved.",2024-10-28,2024-10-23,L0015,Medium
C0140,CASE-2024-0140,Online Fraud Investigation - Mumbai Sector,Online Fraud,Pending Review,"record of a online fraud case based in Mumbai, Maharashtra, developed to demonstrate cross-referenced trace-graph, CDR and financial analytics for the RAKSHAK platform.",2024-04-18,2024-04-15,L0520,High
C0141,CASE-2024-0141,Investigation into Financial Fraud Activities in Hyderabad,Financial Fraud,Pending Review,"investigation into suspected financial fraud activity centered around Hyderabad, Telangana, involving multiple persons of interest and associated entities identified through communication, financial and location analysis.",2024-08-31,2024-08-26,L0426,High
C0142,CASE-2024-0142,Payment Fraud Case Linked to Mumbai Region,Payment Fraud,Closed,"This case tracks a suspected payment fraud matter reported in Mumbai, Maharashtra. Investigators are examining phone records, financial transactions and location data connected to the individuals involved.",2024-09-12,2024-09-08,L0073,Medium
C0143,CASE-2024-0143,Minor Fraud Ring Operating from Thane,Minor Fraud,Closed,"investigation into suspected minor fraud activity centered around Thane, Maharashtra, involving multiple persons of interest and associated entities identified through communication, financial and location analysis.",2024-03-03,2024-02-26,L0309,Low
C0144,CASE-2024-0144,Nashik Insurance Fraud Case,Insurance Fraud,Pending Review,"A demonstration investigation record covering a insurance fraud incident in Nashik, Maharashtra, with linked persons, organizations and evidentiary material collected during the inquiry.",2024-02-20,2024-02-20,L0140,Critical
C0145,CASE-2024-0145,Major Organized Crime Network Probe - Kochi,Major Organized Crime,Open,"A demonstration investigation record covering a major organized crime incident in Kochi, Kerala, with linked persons, organizations and evidentiary material collected during the inquiry.",2024-01-04,2024-01-04,L0285,Critical
C0146,CASE-2024-0146,Simple Robbery Investigation - Bhopal Sector,Simple Robbery,Closed,"A demonstration investigation record covering a simple robbery incident in Bhopal, Madhya Pradesh, with linked persons, organizations and evidentiary material collected during the inquiry.",2024-07-18,2024-07-18,L0145,Medium
C0147,CASE-2024-0147,Large Financial Crime Network Investigation - Bhopal Sector,Large Financial Crime Network,Under Investigation,"record of a large financial crime network case based in Bhopal, Madhya Pradesh, developed to demonstrate cross-referenced trace-graph, CDR and financial analytics for the RAKSHAK platform.",2024-06-23,2024-06-22,L0556,Critical
C0148,CASE-2024-0148,Data Theft Ring Operating from Noida,Data Theft,Closed,"A demonstration investigation record covering a data theft incident in Noida, Uttar Pradesh, with linked persons, organizations and evidentiary material collected during the inquiry.",2024-04-03,2024-03-31,L0304,Medium
C0149,CASE-2024-0149,Kochi-based Individual Cyber Fraud Inquiry,Individual Cyber Fraud,Pending Review,"Case file documenting a individual cyber fraud investigation originating in Kochi, Kerala, including associated communications, financial trails and physical evidence gathered by the investigating team.",2024-12-30,2024-12-29,L0379,High
C0150,CASE-2024-0150,Large Financial Crime Network Investigation - Coimbatore Sector,Large Financial Crime Network,Closed,"investigation into suspected large financial crime network activity centered around Coimbatore, Tamil Nadu, involving multiple persons of interest and associated entities identified through communication, financial and location analysis.",2024-09-01,2024-08-27,L0008,Critical
C0151,CASE-2024-0151,Logistics Fraud Network Probe - Nagpur,Logistics Fraud,Pending Review,"A demonstration investigation record covering a logistics fraud incident in Nagpur, Maharashtra, with linked persons, organizations and evidentiary material collected during the inquiry.",2024-08-05,2024-08-01,L0316,Medium
C0152,CASE-2024-0152,Data Theft Network Probe - Hyderabad,Data Theft,Under Investigation,"investigation into suspected data theft activity centered around Hyderabad, Telangana, involving multiple persons of interest and associated entities identified through communication, financial and location analysis.",2024-01-17,2024-01-12,L0244,Medium
C0153,CASE-2024-0153,Financial Crime Investigation Network Probe - Noida,Financial Crime Investigation,Open,"A demonstration investigation record covering a financial crime investigation incident in Noida, Uttar Pradesh, with linked persons, organizations and evidentiary material collected during the inquiry.",2024-07-20,2024-07-18,L0410,Medium
C0154,CASE-2024-0154,Assault Network Probe - Coimbatore,Assault,Under Investigation,"Case file documenting a assault investigation originating in Coimbatore, Tamil Nadu, including associated communications, financial trails and physical evidence gathered by the investigating team.",2024-01-31,2024-01-30,L0424,Medium
C0155,CASE-2024-0155,Online Fraud Case Linked to Thane Region,Online Fraud,Pending Review,"A demonstration investigation record covering a online fraud incident in Thane, Maharashtra, with linked persons, organizations and evidentiary material collected during the inquiry.",2024-05-10,2024-05-09,L0480,Critical
C0156,CASE-2024-0156,Simple Robbery Investigation - Pune Sector,Simple Robbery,Closed,"This case tracks a suspected simple robbery matter reported in Pune, Maharashtra. Investigators are examining phone records, financial transactions and location data connected to the individuals involved.",2024-06-20,2024-06-18,L0350,High
C0157,CASE-2024-0157,Data Theft Investigation - Surat Sector,Data Theft,Under Investigation,"A demonstration investigation record covering a data theft incident in Surat, Gujarat, with linked persons, organizations and evidentiary material collected during the inquiry.",2024-12-29,2024-12-29,L0486,Low
C0158,CASE-2024-0158,Data Theft Investigation - Gurugram Sector,Data Theft,Pending Review,"A demonstration investigation record covering a data theft incident in Gurugram, Haryana, with linked persons, organizations and evidentiary material collected during the inquiry.",2024-06-23,2024-06-19,L0337,Low
C0159,CASE-2024-0159,Pune Data Theft Case,Data Theft,Open,"A demonstration investigation record covering a data theft incident in Pune, Maharashtra, with linked persons, organizations and evidentiary material collected during the inquiry.",2024-10-09,2024-10-06,L0276,High
C0160,CASE-2024-0160,Individual Cyber Fraud Ring Operating from Hyderabad,Individual Cyber Fraud,Under Investigation,"investigation into suspected individual cyber fraud activity centered around Hyderabad, Telangana, involving multiple persons of interest and associated entities identified through communication, financial and location analysis.",2024-06-24,2024-06-22,L0596,Low
C0161,CASE-2024-0161,Vehicle Theft Network Case Linked to Nashik Region,Vehicle Theft Network,Open,"This case tracks a suspected vehicle theft network matter reported in Nashik, Maharashtra. Investigators are examining phone records, financial transactions and location data connected to the individuals involved.",2024-04-04,2024-03-31,L0178,Critical
C0162,CASE-2024-0162,Insurance Fraud Ring Operating from Lucknow,Insurance Fraud,Closed,"investigation into suspected insurance fraud activity centered around Lucknow, Uttar Pradesh, involving multiple persons of interest and associated entities identified through communication, financial and location analysis.",2024-06-23,2024-06-21,L0148,Medium
C0163,CASE-2024-0163,Vehicle Theft Investigation - Pune Sector,Vehicle Theft,Open,"record of a vehicle theft case based in Pune, Maharashtra, developed to demonstrate cross-referenced trace-graph, CDR and financial analytics for the RAKSHAK platform.",2024-04-19,2024-04-16,L0522,Low
C0164,CASE-2024-0164,Surat-based Simple Robbery Inquiry,Simple Robbery,Open,"A demonstration investigation record covering a simple robbery incident in Surat, Gujarat, with linked persons, organizations and evidentiary material collected during the inquiry.",2024-04-24,2024-04-24,L0085,Medium
C0165,CASE-2024-0165,Organized Cybercrime Network Probe - Ahmedabad,Organized Cybercrime,Under Investigation,"record of a organized cybercrime case based in Ahmedabad, Gujarat, developed to demonstrate cross-referenced trace-graph, CDR and financial analytics for the RAKSHAK platform.",2024-08-05,2024-08-03,L0382,Medium
C0166,CASE-2024-0166,Logistics Fraud Investigation - Nagpur Sector,Logistics Fraud,Under Investigation,"record of a logistics fraud case based in Nagpur, Maharashtra, developed to demonstrate cross-referenced trace-graph, CDR and financial analytics for the RAKSHAK platform.",2024-10-08,2024-10-07,L0316,Medium
C0167,CASE-2024-0167,Document Fraud Network Probe - Nagpur,Document Fraud,Closed,"This case tracks a suspected document fraud matter reported in Nagpur, Maharashtra. Investigators are examining phone records, financial transactions and location data connected to the individuals involved.",2024-08-04,2024-07-31,L0515,Medium
C0168,CASE-2024-0168,Individual Cyber Fraud Network Probe - Kochi,Individual Cyber Fraud,Open,"record of a individual cyber fraud case based in Kochi, Kerala, developed to demonstrate cross-referenced trace-graph, CDR and financial analytics for the RAKSHAK platform.",2024-09-09,2024-09-08,L0364,Low
C0169,CASE-2024-0169,Theft Investigation - Thane Sector,Theft,Open,"investigation into suspected theft activity centered around Thane, Maharashtra, involving multiple persons of interest and associated entities identified through communication, financial and location analysis.",2024-02-02,2024-01-30,L0449,Low
C0170,CASE-2024-0170,Theft Ring Operating from Bengaluru,Theft,Closed,"This case tracks a suspected theft matter reported in Bengaluru, Karnataka. Investigators are examining phone records, financial transactions and location data connected to the individuals involved.",2024-04-06,2024-04-02,L0572,Medium
C0171,CASE-2024-0171,Payment Fraud Ring Operating from Gurugram,Payment Fraud,Under Investigation,"Case file documenting a payment fraud investigation originating in Gurugram, Haryana, including associated communications, financial trails and physical evidence gathered by the investigating team.",2024-03-25,2024-03-22,L0074,Low
C0172,CASE-2024-0172,Ahmedabad Identity Fraud Case,Identity Fraud,Under Investigation,"record of a identity fraud case based in Ahmedabad, Gujarat, developed to demonstrate cross-referenced trace-graph, CDR and financial analytics for the RAKSHAK platform.",2024-04-25,2024-04-22,L0323,High
C0173,CASE-2024-0173,Burglary Network Probe - Indore,Burglary,Closed,"Case file documenting a burglary investigation originating in Indore, Madhya Pradesh, including associated communications, financial trails and physical evidence gathered by the investigating team.",2024-07-12,2024-07-07,L0470,High
C0174,CASE-2024-0174,Organized Fraud Ring Operating from Nashik,Organized Fraud,Closed,"This case tracks a suspected organized fraud matter reported in Nashik, Maharashtra. Investigators are examining phone records, financial transactions and location data connected to the individuals involved.",2024-05-02,2024-05-02,L0275,High
C0175,CASE-2024-0175,Coimbatore-based Burglary Inquiry,Burglary,Open,"investigation into suspected burglary activity centered around Coimbatore, Tamil Nadu, involving multiple persons of interest and associated entities identified through communication, financial and location analysis.",2024-08-13,2024-08-12,L0287,Medium
C0176,CASE-2024-0176,Investigation into Document Fraud Activities in Nashik,Document Fraud,Pending Review,"This case tracks a suspected document fraud matter reported in Nashik, Maharashtra. Investigators are examining phone records, financial transactions and location data connected to the individuals involved.",2024-11-10,2024-11-06,L0255,Medium
C0177,CASE-2024-0177,Organized Cybercrime Ring Operating from Bengaluru,Organized Cybercrime,Open,"record of a organized cybercrime case based in Bengaluru, Karnataka, developed to demonstrate cross-referenced trace-graph, CDR and financial analytics for the RAKSHAK platform.",2024-05-12,2024-05-09,L0381,High
C0178,CASE-2024-0178,Kochi-based Simple Robbery Inquiry,Simple Robbery,Under Investigation,"investigation into suspected simple robbery activity centered around Kochi, Kerala, involving multiple persons of interest and associated entities identified through communication, financial and location analysis.",2024-12-21,2024-12-17,L0557,Medium
C0179,CASE-2024-0179,Unauthorized Access Investigation - Kochi Sector,Unauthorized Access,Pending Review,"Case file documenting a unauthorized access investigation originating in Kochi, Kerala, including associated communications, financial trails and physical evidence gathered by the investigating team.",2024-05-14,2024-05-14,L0131,Low
C0180,CASE-2024-0180,Individual Cyber Fraud Case Linked to Indore Region,Individual Cyber Fraud,Open,"Case file documenting a individual cyber fraud investigation originating in Indore, Madhya Pradesh, including associated communications, financial trails and physical evidence gathered by the investigating team.",2024-03-17,2024-03-13,L0411,Medium
C0181,CASE-2024-0181,Major Organized Crime Ring Operating from Pune,Major Organized Crime,Under Investigation,"investigation into suspected major organized crime activity centered around Pune, Maharashtra, involving multiple persons of interest and associated entities identified through communication, financial and location analysis.",2024-04-04,2024-04-03,L0468,Critical
C0182,CASE-2024-0182,Minor Fraud Case Linked to Thane Region,Minor Fraud,Closed,"Case file documenting a minor fraud investigation originating in Thane, Maharashtra, including associated communications, financial trails and physical evidence gathered by the investigating team.",2024-04-13,2024-04-09,L0194,Medium
C0183,CASE-2024-0183,Investigation into Vehicle Theft Network Activities in Surat,Vehicle Theft Network,Closed,"A demonstration investigation record covering a vehicle theft network incident in Surat, Gujarat, with linked persons, organizations and evidentiary material collected during the inquiry.",2024-11-07,2024-11-03,L0142,Critical
C0184,CASE-2024-0184,Payment Fraud Investigation - Mumbai Sector,Payment Fraud,Under Investigation,"A demonstration investigation record covering a payment fraud incident in Mumbai, Maharashtra, with linked persons, organizations and evidentiary material collected during the inquiry.",2024-06-10,2024-06-07,L0538,High
C0185,CASE-2025-0001,Organized Fraud Ring Operating from Mumbai,Organized Fraud,Open,"investigation into suspected organized fraud activity centered around Mumbai, Maharashtra, involving multiple persons of interest and associated entities identified through communication, financial and location analysis.",2025-07-30,2025-07-28,L0218,Critical
C0186,CASE-2025-0002,Investigation into Assault Activities in Kochi,Assault,Closed,"Case file documenting a assault investigation originating in Kochi, Kerala, including associated communications, financial trails and physical evidence gathered by the investigating team.",2025-02-13,2025-02-08,L0295,Medium
C0187,CASE-2025-0003,Investigation into Burglary Activities in Hyderabad,Burglary,Under Investigation,"A demonstration investigation record covering a burglary incident in Hyderabad, Telangana, with linked persons, organizations and evidentiary material collected during the inquiry.",2025-06-30,2025-06-27,L0322,Medium
C0188,CASE-2025-0004,Property Fraud Investigation - Ahmedabad Sector,Property Fraud,Open,"This case tracks a suspected property fraud matter reported in Ahmedabad, Gujarat. Investigators are examining phone records, financial transactions and location data connected to the individuals involved.",2025-05-10,2025-05-09,L0565,Low
C0189,CASE-2025-0005,Investigation into Money Laundering Investigation Activities in Bhopal,Money Laundering Investigation,Under Investigation,"Case file documenting a money laundering investigation investigation originating in Bhopal, Madhya Pradesh, including associated communications, financial trails and physical evidence gathered by the investigating team.",2025-05-20,2025-05-20,L0583,Critical
C0190,CASE-2025-0006,Investigation into Unauthorized Access Activities in Coimbatore,Unauthorized Access,Under Investigation,"record of a unauthorized access case based in Coimbatore, Tamil Nadu, developed to demonstrate cross-referenced trace-graph, CDR and financial analytics for the RAKSHAK platform.",2025-03-16,2025-03-12,L0388,Medium
C0191,CASE-2025-0007,Assault Case Linked to Jaipur Region,Assault,Pending Review,"Case file documenting a assault investigation originating in Jaipur, Rajasthan, including associated communications, financial trails and physical evidence gathered by the investigating team.",2025-08-21,2025-08-20,L0566,Medium
C0192,CASE-2025-0008,Organized Cybercrime Case Linked to Chennai Region,Organized Cybercrime,Pending Review,"A demonstration investigation record covering a organized cybercrime incident in Chennai, Tamil Nadu, with linked persons, organizations and evidentiary material collected during the inquiry.",2025-05-31,2025-05-29,L0039,Critical
C0193,CASE-2025-0009,Investigation into Organized Fraud Activities in Kochi,Organized Fraud,Closed,"investigation into suspected organized fraud activity centered around Kochi, Kerala, involving multiple persons of interest and associated entities identified through communication, financial and location analysis.",2025-05-15,2025-05-10,L0102,Medium
C0194,CASE-2025-0010,Unauthorized Access Case Linked to Noida Region,Unauthorized Access,Open,"investigation into suspected unauthorized access activity centered around Noida, Uttar Pradesh, involving multiple persons of interest and associated entities identified through communication, financial and location analysis.",2025-10-17,2025-10-14,L0291,Medium
C0195,CASE-2025-0011,Identity Fraud Network Probe - Nashik,Identity Fraud,Closed,"record of a identity fraud case based in Nashik, Maharashtra, developed to demonstrate cross-referenced trace-graph, CDR and financial analytics for the RAKSHAK platform.",2025-07-11,2025-07-07,L0018,Medium
C0196,CASE-2025-0012,Major Organized Crime Ring Operating from Kolkata,Major Organized Crime,Closed,"A demonstration investigation record covering a major organized crime incident in Kolkata, West Bengal, with linked persons, organizations and evidentiary material collected during the inquiry.",2025-06-12,2025-06-09,L0167,High
C0197,CASE-2025-0013,Investigation into Corporate Fraud Activities in Pune,Corporate Fraud,Closed,"record of a corporate fraud case based in Pune, Maharashtra, developed to demonstrate cross-referenced trace-graph, CDR and financial analytics for the RAKSHAK platform.",2025-11-13,2025-11-08,L0134,Low
C0198,CASE-2025-0014,Assault Investigation - Pune Sector,Assault,Open,"This case tracks a suspected assault matter reported in Pune, Maharashtra. Investigators are examining phone records, financial transactions and location data connected to the individuals involved.",2025-10-31,2025-10-26,L0307,Medium
C0199,CASE-2025-0015,Banking Fraud Network Probe - Delhi,Banking Fraud,Closed,"investigation into suspected banking fraud activity centered around Delhi, Delhi, involving multiple persons of interest and associated entities identified through communication, financial and location analysis.",2025-09-17,2025-09-16,L0071,Medium
C0200,CASE-2025-0016,Bengaluru Payment Fraud Case,Payment Fraud,Pending Review,"A demonstration investigation record covering a payment fraud incident in Bengaluru, Karnataka, with linked persons, organizations and evidentiary material collected during the inquiry.",2025-06-09,2025-06-04,L0572,Medium
C0201,CASE-2025-0017,Vehicle Theft Network Investigation - Lucknow Sector,Vehicle Theft Network,Open,"This case tracks a suspected vehicle theft network matter reported in Lucknow, Uttar Pradesh. Investigators are examining phone records, financial transactions and location data connected to the individuals involved.",2025-07-09,2025-07-05,L0166,High
C0202,CASE-2025-0018,Bhopal Procurement Fraud Case,Procurement Fraud,Pending Review,"This case tracks a suspected procurement fraud matter reported in Bhopal, Madhya Pradesh. Investigators are examining phone records, financial transactions and location data connected to the individuals involved.",2025-01-29,2025-01-28,L0391,High
C0203,CASE-2025-0019,Unauthorized Access Investigation - Jaipur Sector,Unauthorized Access,Closed,"investigation into suspected unauthorized access activity centered around Jaipur, Rajasthan, involving multiple persons of interest and associated entities identified through communication, financial and location analysis.",2025-03-02,2025-02-25,L0239,High
C0204,CASE-2025-0020,Minor Fraud Ring Operating from Indore,Minor Fraud,Pending Review,"record of a minor fraud case based in Indore, Madhya Pradesh, developed to demonstrate cross-referenced trace-graph, CDR and financial analytics for the RAKSHAK platform.",2025-05-05,2025-05-03,L0257,High
C0205,CASE-2025-0021,Investigation into Theft Activities in Indore,Theft,Under Investigation,"investigation into suspected theft activity centered around Indore, Madhya Pradesh, involving multiple persons of interest and associated entities identified through communication, financial and location analysis.",2025-05-03,2025-05-01,L0393,High
C0206,CASE-2025-0022,Identity Fraud Case Linked to Indore Region,Identity Fraud,Open,"A demonstration investigation record covering a identity fraud incident in Indore, Madhya Pradesh, with linked persons, organizations and evidentiary material collected during the inquiry.",2025-11-24,2025-11-20,L0453,Low
C0207,CASE-2025-0023,Identity Fraud Network Probe - Delhi,Identity Fraud,Closed,"record of a identity fraud case based in Delhi, Delhi, developed to demonstrate cross-referenced trace-graph, CDR and financial analytics for the RAKSHAK platform.",2025-12-12,2025-12-10,L0297,High
C0208,CASE-2025-0024,Chennai Identity Fraud Case,Identity Fraud,Closed,"A demonstration investigation record covering a identity fraud incident in Chennai, Tamil Nadu, with linked persons, organizations and evidentiary material collected during the inquiry.",2025-08-27,2025-08-26,L0529,Medium
C0209,CASE-2025-0025,Organized Fraud Investigation - Mumbai Sector,Organized Fraud,Pending Review,"Case file documenting a organized fraud investigation originating in Mumbai, Maharashtra, including associated communications, financial trails and physical evidence gathered by the investigating team.",2025-03-11,2025-03-11,L0473,Low
C0210,CASE-2025-0026,Financial Fraud Investigation - Ahmedabad Sector,Financial Fraud,Open,"investigation into suspected financial fraud activity centered around Ahmedabad, Gujarat, involving multiple persons of interest and associated entities identified through communication, financial and location analysis.",2025-09-16,2025-09-15,L0286,Low
C0211,CASE-2025-0027,Identity Fraud Ring Operating from Nagpur,Identity Fraud,Under Investigation,"record of a identity fraud case based in Nagpur, Maharashtra, developed to demonstrate cross-referenced trace-graph, CDR and financial analytics for the RAKSHAK platform.",2025-05-03,2025-05-03,L0171,Medium
C0212,CASE-2025-0028,Simple Robbery Investigation - Bengaluru Sector,Simple Robbery,Pending Review,"Case file documenting a simple robbery investigation originating in Bengaluru, Karnataka, including associated communications, financial trails and physical evidence gathered by the investigating team.",2025-09-19,2025-09-17,L0186,Medium
C0213,CASE-2025-0029,Simple Robbery Investigation - Surat Sector,Simple Robbery,Open,"Case file documenting a simple robbery investigation originating in Surat, Gujarat, including associated communications, financial trails and physical evidence gathered by the investigating team.",2025-09-22,2025-09-21,L0486,Medium
C0214,CASE-2025-0030,Investigation into Burglary Activities in Pune,Burglary,Under Investigation,"This case tracks a suspected burglary matter reported in Pune, Maharashtra. Investigators are examining phone records, financial transactions and location data connected to the individuals involved.",2025-09-24,2025-09-22,L0361,Medium
C0215,CASE-2025-0031,Investigation into Assault Activities in Bengaluru,Assault,Under Investigation,"This case tracks a suspected assault matter reported in Bengaluru, Karnataka. Investigators are examining phone records, financial transactions and location data connected to the individuals involved.",2025-05-19,2025-05-19,L0487,Medium
C0216,CASE-2025-0032,Data Theft Investigation - Nagpur Sector,Data Theft,Closed,"investigation into suspected data theft activity centered around Nagpur, Maharashtra, involving multiple persons of interest and associated entities identified through communication, financial and location analysis.",2025-04-03,2025-03-29,L0326,Low
C0217,CASE-2025-0033,Delhi-based Unauthorized Access Inquiry,Unauthorized Access,Pending Review,"investigation into suspected unauthorized access activity centered around Delhi, Delhi, involving multiple persons of interest and associated entities identified through communication, financial and location analysis.",2025-04-02,2025-04-02,L0035,Low
C0218,CASE-2025-0034,Payment Fraud Case Linked to Indore Region,Payment Fraud,Closed,"investigation into suspected payment fraud activity centered around Indore, Madhya Pradesh, involving multiple persons of interest and associated entities identified through communication, financial and location analysis.",2025-10-01,2025-09-30,L0472,Critical
C0219,CASE-2025-0035,Major Cybercrime Ring Operating from Lucknow,Major Cybercrime,Pending Review,"investigation into suspected major cybercrime activity centered around Lucknow, Uttar Pradesh, involving multiple persons of interest and associated entities identified through communication, financial and location analysis.",2025-05-08,2025-05-05,L0294,Critical
C0220,CASE-2025-0036,Theft Network Probe - Indore,Theft,Closed,"Case file documenting a theft investigation originating in Indore, Madhya Pradesh, including associated communications, financial trails and physical evidence gathered by the investigating team.",2025-05-09,2025-05-09,L0147,Low
C0221,CASE-2025-0037,Investigation into Data Theft Activities in Nashik,Data Theft,Closed,"A demonstration investigation record covering a data theft incident in Nashik, Maharashtra, with linked persons, organizations and evidentiary material collected during the inquiry.",2025-01-14,2025-01-10,L0178,Low
C0222,CASE-2025-0038,Investigation into Money Laundering Investigation Activities in Gurugram,Money Laundering Investigation,Under Investigation,"investigation into suspected money laundering investigation activity centered around Gurugram, Haryana, involving multiple persons of interest and associated entities identified through communication, financial and location analysis.",2025-02-13,2025-02-10,L0405,Medium
C0223,CASE-2025-0039,Nashik Vehicle Theft Case,Vehicle Theft,Under Investigation,"investigation into suspected vehicle theft activity centered around Nashik, Maharashtra, involving multiple persons of interest and associated entities identified through communication, financial and location analysis.",2025-03-30,2025-03-25,L0255,Medium
C0224,CASE-2025-0040,Vehicle Theft Ring Operating from Indore,Vehicle Theft,Closed,"Case file documenting a vehicle theft investigation originating in Indore, Madhya Pradesh, including associated communications, financial trails and physical evidence gathered by the investigating team.",2025-03-10,2025-03-06,L0121,High
C0225,CASE-2025-0041,Surat Theft Case,Theft,Open,"record of a theft case based in Surat, Gujarat, developed to demonstrate cross-referenced trace-graph, CDR and financial analytics for the RAKSHAK platform.",2025-03-01,2025-02-27,L0561,Medium
C0226,CASE-2025-0042,Data Theft Investigation - Gurugram Sector,Data Theft,Under Investigation,"This case tracks a suspected data theft matter reported in Gurugram, Haryana. Investigators are examining phone records, financial transactions and location data connected to the individuals involved.",2025-06-07,2025-06-02,L0527,High
C0227,CASE-2025-0043,Mumbai-based Money Laundering Investigation Inquiry,Money Laundering Investigation,Open,"This case tracks a suspected money laundering investigation matter reported in Mumbai, Maharashtra. Investigators are examining phone records, financial transactions and location data connected to the individuals involved.",2025-05-02,2025-04-28,L0066,High
C0228,CASE-2025-0044,Money Laundering Investigation Ring Operating from Pune,Money Laundering Investigation,Pending Review,"record of a money laundering investigation case based in Pune, Maharashtra, developed to demonstrate cross-referenced trace-graph, CDR and financial analytics for the RAKSHAK platform.",2025-11-11,2025-11-11,L0051,High
C0229,CASE-2025-0045,Nagpur Major Organized Crime Case,Major Organized Crime,Under Investigation,"Case file documenting a major organized crime investigation originating in Nagpur, Maharashtra, including associated communications, financial trails and physical evidence gathered by the investigating team.",2025-05-29,2025-05-25,L0230,Medium
C0230,CASE-2025-0046,Unauthorized Access Ring Operating from Indore,Unauthorized Access,Under Investigation,"This case tracks a suspected unauthorized access matter reported in Indore, Madhya Pradesh. Investigators are examining phone records, financial transactions and location data connected to the individuals involved.",2025-11-29,2025-11-29,L0147,Low
C0231,CASE-2025-0047,Large Organized Crime Network Ring Operating from Bengaluru,Large Organized Crime Network,Open,"Case file documenting a large organized crime network investigation originating in Bengaluru, Karnataka, including associated communications, financial trails and physical evidence gathered by the investigating team.",2025-12-10,2025-12-10,L0130,High
C0232,CASE-2025-0048,Data Theft Case Linked to Jaipur Region,Data Theft,Pending Review,"investigation into suspected data theft activity centered around Jaipur, Rajasthan, involving multiple persons of interest and associated entities identified through communication, financial and location analysis.",2025-07-22,2025-07-21,L0229,Medium
C0233,CASE-2025-0049,Insurance Fraud Investigation - Coimbatore Sector,Insurance Fraud,Open,"investigation into suspected insurance fraud activity centered around Coimbatore, Tamil Nadu, involving multiple persons of interest and associated entities identified through communication, financial and location analysis.",2025-01-22,2025-01-21,L0004,Critical
C0234,CASE-2025-0050,Nashik Minor Fraud Case,Minor Fraud,Pending Review,"This case tracks a suspected minor fraud matter reported in Nashik, Maharashtra. Investigators are examining phone records, financial transactions and location data connected to the individuals involved.",2025-10-21,2025-10-18,L0272,Medium
C0235,CASE-2025-0051,Document Fraud Investigation - Kolkata Sector,Document Fraud,Under Investigation,"record of a document fraud case based in Kolkata, West Bengal, developed to demonstrate cross-referenced trace-graph, CDR and financial analytics for the RAKSHAK platform.",2025-02-27,2025-02-26,L0062,Medium
C0236,CASE-2025-0052,Unauthorized Access Investigation - Lucknow Sector,Unauthorized Access,Closed,"record of a unauthorized access case based in Lucknow, Uttar Pradesh, developed to demonstrate cross-referenced trace-graph, CDR and financial analytics for the RAKSHAK platform.",2025-04-06,2025-04-01,L0325,Low
C0237,CASE-2025-0053,Vehicle Theft Network Case Linked to Nagpur Region,Vehicle Theft Network,Closed,"record of a vehicle theft network case based in Nagpur, Maharashtra, developed to demonstrate cross-referenced trace-graph, CDR and financial analytics for the RAKSHAK platform.",2025-06-27,2025-06-27,L0200,Critical
C0238,CASE-2025-0054,Hyderabad Logistics Fraud Case,Logistics Fraud,Under Investigation,"Case file documenting a logistics fraud investigation originating in Hyderabad, Telangana, including associated communications, financial trails and physical evidence gathered by the investigating team.",2025-10-11,2025-10-11,L0347,Medium
C0239,CASE-2025-0055,Investigation into Murder Investigation Activities in Bengaluru,Murder Investigation,Closed,"A demonstration investigation record covering a murder investigation incident in Bengaluru, Karnataka, with linked persons, organizations and evidentiary material collected during the inquiry.",2025-02-14,2025-02-14,L0282,High
C0240,CASE-2025-0056,Kolkata Payment Fraud Case,Payment Fraud,Open,"This case tracks a suspected payment fraud matter reported in Kolkata, West Bengal. Investigators are examining phone records, financial transactions and location data connected to the individuals involved.",2025-02-14,2025-02-14,L0491,High
C0241,CASE-2025-0057,Lucknow-based Financial Fraud Inquiry,Financial Fraud,Open,"Case file documenting a financial fraud investigation originating in Lucknow, Uttar Pradesh, including associated communications, financial trails and physical evidence gathered by the investigating team.",2025-06-12,2025-06-12,L0462,Critical
C0242,CASE-2025-0058,Cyber Extortion Investigation - Hyderabad Sector,Cyber Extortion,Open,"This case tracks a suspected cyber extortion matter reported in Hyderabad, Telangana. Investigators are examining phone records, financial transactions and location data connected to the individuals involved.",2025-12-01,2025-11-30,L0574,Medium
C0243,CASE-2025-0059,Investigation into Simple Robbery Activities in Hyderabad,Simple Robbery,Open,"investigation into suspected simple robbery activity centered around Hyderabad, Telangana, involving multiple persons of interest and associated entities identified through communication, financial and location analysis.",2025-01-21,2025-01-20,L0322,High
C0244,CASE-2025-0060,Investigation into Large Financial Crime Network Activities in Hyderabad,Large Financial Crime Network,Pending Review,"This case tracks a suspected large financial crime network matter reported in Hyderabad, Telangana. Investigators are examining phone records, financial transactions and location data connected to the individuals involved.",2025-04-12,2025-04-11,L0494,High
C0245,CASE-2025-0061,Property Fraud Case Linked to Delhi Region,Property Fraud,Under Investigation,"investigation into suspected property fraud activity centered around Delhi, Delhi, involving multiple persons of interest and associated entities identified through communication, financial and location analysis.",2025-07-29,2025-07-27,L0177,Low
C0246,CASE-2025-0062,Property Fraud Network Probe - Nagpur,Property Fraud,Pending Review,"This case tracks a suspected property fraud matter reported in Nagpur, Maharashtra. Investigators are examining phone records, financial transactions and location data connected to the individuals involved.",2025-04-25,2025-04-22,L0222,Medium
C0247,CASE-2025-0063,Payment Fraud Ring Operating from Bengaluru,Payment Fraud,Under Investigation,"record of a payment fraud case based in Bengaluru, Karnataka, developed to demonstrate cross-referenced trace-graph, CDR and financial analytics for the RAKSHAK platform.",2025-06-28,2025-06-24,L0436,Low
C0248,CASE-2025-0064,Investigation into Vehicle Theft Activities in Kochi,Vehicle Theft,Closed,"This case tracks a suspected vehicle theft matter reported in Kochi, Kerala. Investigators are examining phone records, financial transactions and location data connected to the individuals involved.",2025-05-03,2025-04-30,L0156,Low
C0249,CASE-2025-0065,Insurance Fraud Investigation - Bhopal Sector,Insurance Fraud,Under Investigation,"Case file documenting a insurance fraud investigation originating in Bhopal, Madhya Pradesh, including associated communications, financial trails and physical evidence gathered by the investigating team.",2025-08-18,2025-08-17,L0005,Critical
C0250,CASE-2025-0066,Investigation into Major Cybercrime Activities in Lucknow,Major Cybercrime,Pending Review,"investigation into suspected major cybercrime activity centered around Lucknow, Uttar Pradesh, involving multiple persons of interest and associated entities identified through communication, financial and location analysis.",2025-06-01,2025-06-01,L0550,High
C0251,CASE-2025-0067,Investigation into Procurement Fraud Activities in Chennai,Procurement Fraud,Open,"This case tracks a suspected procurement fraud matter reported in Chennai, Tamil Nadu. Investigators are examining phone records, financial transactions and location data connected to the individuals involved.",2025-03-31,2025-03-27,L0080,High
C0252,CASE-2025-0068,Ahmedabad-based Property Fraud Inquiry,Property Fraud,Open,"A demonstration investigation record covering a property fraud incident in Ahmedabad, Gujarat, with linked persons, organizations and evidentiary material collected during the inquiry.",2025-09-07,2025-09-02,L0234,Low
C0253,CASE-2025-0069,Kochi Logistics Fraud Case,Logistics Fraud,Pending Review,"Case file documenting a logistics fraud investigation originating in Kochi, Kerala, including associated communications, financial trails and physical evidence gathered by the investigating team.",2025-08-21,2025-08-21,L0131,High
C0254,CASE-2025-0070,Kolkata-based Property Fraud Inquiry,Property Fraud,Open,"A demonstration investigation record covering a property fraud incident in Kolkata, West Bengal, with linked persons, organizations and evidentiary material collected during the inquiry.",2025-01-07,2025-01-02,L0320,Medium
C0255,CASE-2025-0071,Major Cybercrime Investigation - Ahmedabad Sector,Major Cybercrime,Under Investigation,"record of a major cybercrime case based in Ahmedabad, Gujarat, developed to demonstrate cross-referenced trace-graph, CDR and financial analytics for the RAKSHAK platform.",2025-03-15,2025-03-13,L0389,High
C0256,CASE-2025-0072,Unauthorized Access Investigation - Pune Sector,Unauthorized Access,Closed,"Case file documenting a unauthorized access investigation originating in Pune, Maharashtra, including associated communications, financial trails and physical evidence gathered by the investigating team.",2025-06-17,2025-06-12,L0243,High
C0257,CASE-2025-0073,Logistics Fraud Case Linked to Coimbatore Region,Logistics Fraud,Closed,"investigation into suspected logistics fraud activity centered around Coimbatore, Tamil Nadu, involving multiple persons of interest and associated entities identified through communication, financial and location analysis.",2025-02-13,2025-02-11,L0511,Medium
C0258,CASE-2025-0074,Hyderabad-based Unauthorized Access Inquiry,Unauthorized Access,Under Investigation,"Case file documenting a unauthorized access investigation originating in Hyderabad, Telangana, including associated communications, financial trails and physical evidence gathered by the investigating team.",2025-05-24,2025-05-22,L0574,Medium
C0259,CASE-2025-0075,Organized Cybercrime Case Linked to Hyderabad Region,Organized Cybercrime,Closed,"Case file documenting a organized cybercrime investigation originating in Hyderabad, Telangana, including associated communications, financial trails and physical evidence gathered by the investigating team.",2025-08-21,2025-08-19,L0184,Critical
C0260,CASE-2025-0076,Online Fraud Case Linked to Nashik Region,Online Fraud,Pending Review,"investigation into suspected online fraud activity centered around Nashik, Maharashtra, involving multiple persons of interest and associated entities identified through communication, financial and location analysis.",2025-01-19,2025-01-17,L0519,High
C0261,CASE-2025-0077,Unauthorized Access Ring Operating from Gurugram,Unauthorized Access,Pending Review,"investigation into suspected unauthorized access activity centered around Gurugram, Haryana, involving multiple persons of interest and associated entities identified through communication, financial and location analysis.",2025-07-02,2025-06-30,L0180,Medium
C0262,CASE-2025-0078,Major Organized Crime Investigation - Nashik Sector,Major Organized Crime,Under Investigation,"investigation into suspected major organized crime activity centered around Nashik, Maharashtra, involving multiple persons of interest and associated entities identified through communication, financial and location analysis.",2025-03-27,2025-03-24,L0132,High
C0263,CASE-2025-0079,Online Fraud Case Linked to Nagpur Region,Online Fraud,Under Investigation,"investigation into suspected online fraud activity centered around Nagpur, Maharashtra, involving multiple persons of interest and associated entities identified through communication, financial and location analysis.",2025-06-04,2025-06-01,L0222,Critical
C0264,CASE-2025-0080,Gurugram-based Money Laundering Investigation Inquiry,Money Laundering Investigation,Closed,"investigation into suspected money laundering investigation activity centered around Gurugram, Haryana, involving multiple persons of interest and associated entities identified through communication, financial and location analysis.",2025-05-19,2025-05-16,L0264,High
C0265,CASE-2025-0081,Vehicle Theft Network Probe - Nashik,Vehicle Theft,Closed,"A demonstration investigation record covering a vehicle theft incident in Nashik, Maharashtra, with linked persons, organizations and evidentiary material collected during the inquiry.",2025-01-24,2025-01-23,L0526,Medium
C0266,CASE-2025-0082,Noida Payment Fraud Case,Payment Fraud,Pending Review,"A demonstration investigation record covering a payment fraud incident in Noida, Uttar Pradesh, with linked persons, organizations and evidentiary material collected during the inquiry.",2025-07-19,2025-07-16,L0172,Low
C0267,CASE-2025-0083,Individual Cyber Fraud Investigation - Chennai Sector,Individual Cyber Fraud,Closed,"This case tracks a suspected individual cyber fraud matter reported in Chennai, Tamil Nadu. Investigators are examining phone records, financial transactions and location data connected to the individuals involved.",2025-05-13,2025-05-11,L0290,High
C0268,CASE-2025-0084,Financial Crime Investigation Network Probe - Kolkata,Financial Crime Investigation,Under Investigation,"This case tracks a suspected financial crime investigation matter reported in Kolkata, West Bengal. Investigators are examining phone records, financial transactions and location data connected to the individuals involved.",2025-06-24,2025-06-20,L0062,Critical
C0269,CASE-2025-0085,Data Theft Network Probe - Thane,Data Theft,Open,"record of a data theft case based in Thane, Maharashtra, developed to demonstrate cross-referenced trace-graph, CDR and financial analytics for the RAKSHAK platform.",2025-06-16,2025-06-15,L0155,Low
C0270,CASE-2025-0086,Identity Fraud Investigation - Delhi Sector,Identity Fraud,Under Investigation,"A demonstration investigation record covering a identity fraud incident in Delhi, Delhi, with linked persons, organizations and evidentiary material collected during the inquiry.",2025-01-15,2025-01-14,L0281,Medium
C0271,CASE-2025-0087,Property Fraud Investigation - Jaipur Sector,Property Fraud,Under Investigation,"investigation into suspected property fraud activity centered around Jaipur, Rajasthan, involving multiple persons of interest and associated entities identified through communication, financial and location analysis.",2025-04-09,2025-04-05,L0357,High
C0272,CASE-2025-0088,Thane-based Procurement Fraud Inquiry,Procurement Fraud,Under Investigation,"record of a procurement fraud case based in Thane, Maharashtra, developed to demonstrate cross-referenced trace-graph, CDR and financial analytics for the RAKSHAK platform.",2025-04-17,2025-04-15,L0534,Low
C0273,CASE-2025-0089,Ahmedabad-based Kidnapping Inquiry,Kidnapping,Under Investigation,"Case file documenting a kidnapping investigation originating in Ahmedabad, Gujarat, including associated communications, financial trails and physical evidence gathered by the investigating team.",2025-05-03,2025-05-01,L0389,High
C0274,CASE-2025-0090,Major Cybercrime Investigation - Nagpur Sector,Major Cybercrime,Under Investigation,"A demonstration investigation record covering a major cybercrime incident in Nagpur, Maharashtra, with linked persons, organizations and evidentiary material collected during the inquiry.",2025-05-06,2025-05-06,L0001,Critical
C0275,CASE-2025-0091,Theft Investigation - Coimbatore Sector,Theft,Closed,"record of a theft case based in Coimbatore, Tamil Nadu, developed to demonstrate cross-referenced trace-graph, CDR and financial analytics for the RAKSHAK platform.",2025-08-17,2025-08-14,L0580,Low
C0276,CASE-2025-0092,Cyber Extortion Investigation - Kochi Sector,Cyber Extortion,Closed,"record of a cyber extortion case based in Kochi, Kerala, developed to demonstrate cross-referenced trace-graph, CDR and financial analytics for the RAKSHAK platform.",2025-06-25,2025-06-24,L0364,Medium
C0277,CASE-2025-0093,Data Theft Case Linked to Nashik Region,Data Theft,Under Investigation,"record of a data theft case based in Nashik, Maharashtra, developed to demonstrate cross-referenced trace-graph, CDR and financial analytics for the RAKSHAK platform.",2025-06-12,2025-06-09,L0540,Medium
C0278,CASE-2025-0094,Major Cybercrime Network Probe - Jaipur,Major Cybercrime,Pending Review,"investigation into suspected major cybercrime activity centered around Jaipur, Rajasthan, involving multiple persons of interest and associated entities identified through communication, financial and location analysis.",2025-02-13,2025-02-12,L0314,Medium
C0279,CASE-2025-0095,Investigation into Property Fraud Activities in Jaipur,Property Fraud,Open,"Case file documenting a property fraud investigation originating in Jaipur, Rajasthan, including associated communications, financial trails and physical evidence gathered by the investigating team.",2025-11-15,2025-11-12,L0536,Medium
C0280,CASE-2025-0096,Investigation into Identity Fraud Activities in Ahmedabad,Identity Fraud,Pending Review,"This case tracks a suspected identity fraud matter reported in Ahmedabad, Gujarat. Investigators are examining phone records, financial transactions and location data connected to the individuals involved.",2025-06-22,2025-06-17,L0153,Medium
C0281,CASE-2025-0097,Minor Fraud Case Linked to Hyderabad Region,Minor Fraud,Closed,"Case file documenting a minor fraud investigation originating in Hyderabad, Telangana, including associated communications, financial trails and physical evidence gathered by the investigating team.",2025-11-10,2025-11-07,L0043,Low
C0282,CASE-2025-0098,Bhopal-based Theft Inquiry,Theft,Under Investigation,"record of a theft case based in Bhopal, Madhya Pradesh, developed to demonstrate cross-referenced trace-graph, CDR and financial analytics for the RAKSHAK platform.",2025-10-10,2025-10-07,L0571,Medium
C0283,CASE-2025-0099,Minor Fraud Investigation - Hyderabad Sector,Minor Fraud,Closed,"A demonstration investigation record covering a minor fraud incident in Hyderabad, Telangana, with linked persons, organizations and evidentiary material collected during the inquiry.",2025-07-13,2025-07-10,L0420,Medium
C0284,CASE-2025-0100,Individual Cyber Fraud Ring Operating from Lucknow,Individual Cyber Fraud,Pending Review,"investigation into suspected individual cyber fraud activity centered around Lucknow, Uttar Pradesh, involving multiple persons of interest and associated entities identified through communication, financial and location analysis.",2025-08-01,2025-07-27,L0166,Low
C0285,CASE-2025-0101,Investigation into Financial Crime Investigation Activities in Ahmedabad,Financial Crime Investigation,Closed,"This case tracks a suspected financial crime investigation matter reported in Ahmedabad, Gujarat. Investigators are examining phone records, financial transactions and location data connected to the individuals involved.",2025-04-29,2025-04-29,L0032,High
C0286,CASE-2025-0102,Vehicle Theft Network Case Linked to Delhi Region,Vehicle Theft Network,Closed,"Case file documenting a vehicle theft network investigation originating in Delhi, Delhi, including associated communications, financial trails and physical evidence gathered by the investigating team.",2025-05-20,2025-05-20,L0177,High
C0287,CASE-2025-0103,Lucknow Major Cybercrime Case,Major Cybercrime,Open,"record of a major cybercrime case based in Lucknow, Uttar Pradesh, developed to demonstrate cross-referenced trace-graph, CDR and financial analytics for the RAKSHAK platform.",2025-05-05,2025-05-03,L0101,Critical
C0288,CASE-2025-0104,Minor Fraud Investigation - Surat Sector,Minor Fraud,Under Investigation,"A demonstration investigation record covering a minor fraud incident in Surat, Gujarat, with linked persons, organizations and evidentiary material collected during the inquiry.",2025-04-23,2025-04-18,L0481,Medium
C0289,CASE-2025-0105,Organized Cybercrime Investigation - Jaipur Sector,Organized Cybercrime,Closed,"record of a organized cybercrime case based in Jaipur, Rajasthan, developed to demonstrate cross-referenced trace-graph, CDR and financial analytics for the RAKSHAK platform.",2025-02-21,2025-02-19,L0263,High
C0290,CASE-2025-0106,Document Fraud Ring Operating from Bengaluru,Document Fraud,Under Investigation,"A demonstration investigation record covering a document fraud incident in Bengaluru, Karnataka, with linked persons, organizations and evidentiary material collected during the inquiry.",2025-04-11,2025-04-07,L0532,High
C0291,CASE-2025-0107,Banking Fraud Investigation - Delhi Sector,Banking Fraud,Closed,"This case tracks a suspected banking fraud matter reported in Delhi, Delhi. Investigators are examining phone records, financial transactions and location data connected to the individuals involved.",2025-01-07,2025-01-07,L0432,High
C0292,CASE-2025-0108,Jaipur Individual Cyber Fraud Case,Individual Cyber Fraud,Closed,"investigation into suspected individual cyber fraud activity centered around Jaipur, Rajasthan, involving multiple persons of interest and associated entities identified through communication, financial and location analysis.",2025-05-15,2025-05-12,L0263,High
C0293,CASE-2025-0109,Minor Fraud Investigation - Noida Sector,Minor Fraud,Open,"investigation into suspected minor fraud activity centered around Noida, Uttar Pradesh, involving multiple persons of interest and associated entities identified through communication, financial and location analysis.",2025-08-16,2025-08-15,L0135,Medium
C0294,CASE-2025-0110,Investigation into Financial Fraud Activities in Lucknow,Financial Fraud,Closed,"record of a financial fraud case based in Lucknow, Uttar Pradesh, developed to demonstrate cross-referenced trace-graph, CDR and financial analytics for the RAKSHAK platform.",2025-12-25,2025-12-23,L0496,Medium
C0295,CASE-2025-0111,Money Laundering Investigation Ring Operating from Ahmedabad,Money Laundering Investigation,Open,"This case tracks a suspected money laundering investigation matter reported in Ahmedabad, Gujarat. Investigators are examining phone records, financial transactions and location data connected to the individuals involved.",2025-02-04,2025-01-30,L0306,Medium
C0296,CASE-2025-0112,Digital Fraud Ring Operating from Thane,Digital Fraud,Open,"investigation into suspected digital fraud activity centered around Thane, Maharashtra, involving multiple persons of interest and associated entities identified through communication, financial and location analysis.",2025-08-04,2025-08-03,L0122,Medium
C0297,CASE-2025-0113,Theft Ring Operating from Lucknow,Theft,Under Investigation,"record of a theft case based in Lucknow, Uttar Pradesh, developed to demonstrate cross-referenced trace-graph, CDR and financial analytics for the RAKSHAK platform.",2025-03-18,2025-03-18,L0101,Low
C0298,CASE-2025-0114,Identity Fraud Investigation - Nagpur Sector,Identity Fraud,Open,"investigation into suspected identity fraud activity centered around Nagpur, Maharashtra, involving multiple persons of interest and associated entities identified through communication, financial and location analysis.",2025-09-17,2025-09-17,L0012,Low
C0299,CASE-2025-0115,Payment Fraud Investigation - Hyderabad Sector,Payment Fraud,Under Investigation,"investigation into suspected payment fraud activity centered around Hyderabad, Telangana, involving multiple persons of interest and associated entities identified through communication, financial and location analysis.",2025-08-26,2025-08-25,L0090,Medium
C0300,CASE-2025-0116,Unauthorized Access Case Linked to Delhi Region,Unauthorized Access,Closed,"record of a unauthorized access case based in Delhi, Delhi, developed to demonstrate cross-referenced trace-graph, CDR and financial analytics for the RAKSHAK platform.",2025-08-19,2025-08-17,L0169,Low
C0301,CASE-2025-0117,Kochi-based Document Fraud Inquiry,Document Fraud,Open,"This case tracks a suspected document fraud matter reported in Kochi, Kerala. Investigators are examining phone records, financial transactions and location data connected to the individuals involved.",2025-03-11,2025-03-11,L0231,Medium
C0302,CASE-2025-0118,Corporate Fraud Case Linked to Gurugram Region,Corporate Fraud,Open,"Case file documenting a corporate fraud investigation originating in Gurugram, Haryana, including associated communications, financial trails and physical evidence gathered by the investigating team.",2025-01-10,2025-01-05,L0407,Critical
C0303,CASE-2025-0119,Unauthorized Access Network Probe - Kochi,Unauthorized Access,Open,"Case file documenting a unauthorized access investigation originating in Kochi, Kerala, including associated communications, financial trails and physical evidence gathered by the investigating team.",2025-07-12,2025-07-09,L0295,Low
C0304,CASE-2025-0120,Organized Cybercrime Network Probe - Noida,Organized Cybercrime,Open,"investigation into suspected organized cybercrime activity centered around Noida, Uttar Pradesh, involving multiple persons of interest and associated entities identified through communication, financial and location analysis.",2025-08-25,2025-08-22,L0461,High
C0305,CASE-2025-0121,Insurance Fraud Case Linked to Noida Region,Insurance Fraud,Closed,"investigation into suspected insurance fraud activity centered around Noida, Uttar Pradesh, involving multiple persons of interest and associated entities identified through communication, financial and location analysis.",2025-05-23,2025-05-20,L0092,High
C0306,CASE-2025-0122,Lucknow-based Burglary Inquiry,Burglary,Closed,"A demonstration investigation record covering a burglary incident in Lucknow, Uttar Pradesh, with linked persons, organizations and evidentiary material collected during the inquiry.",2025-05-02,2025-04-29,L0550,Medium
C0307,CASE-2025-0123,Logistics Fraud Investigation - Gurugram Sector,Logistics Fraud,Pending Review,"Case file documenting a logistics fraud investigation originating in Gurugram, Haryana, including associated communications, financial trails and physical evidence gathered by the investigating team.",2025-02-24,2025-02-22,L0407,Medium
C0308,CASE-2025-0124,Minor Fraud Case Linked to Mumbai Region,Minor Fraud,Open,"investigation into suspected minor fraud activity centered around Mumbai, Maharashtra, involving multiple persons of interest and associated entities identified through communication, financial and location analysis.",2025-05-24,2025-05-19,L0115,Medium
C0309,CASE-2025-0125,Indore Minor Fraud Case,Minor Fraud,Open,"investigation into suspected minor fraud activity centered around Indore, Madhya Pradesh, involving multiple persons of interest and associated entities identified through communication, financial and location analysis.",2025-02-20,2025-02-15,L0441,Medium
C0310,CASE-2025-0126,Cyber Extortion Ring Operating from Surat,Cyber Extortion,Pending Review,"Case file documenting a cyber extortion investigation originating in Surat, Gujarat, including associated communications, financial trails and physical evidence gathered by the investigating team.",2025-07-29,2025-07-25,L0576,Medium
C0311,CASE-2025-0127,Kochi-based Individual Cyber Fraud Inquiry,Individual Cyber Fraud,Pending Review,"record of a individual cyber fraud case based in Kochi, Kerala, developed to demonstrate cross-referenced trace-graph, CDR and financial analytics for the RAKSHAK platform.",2025-10-12,2025-10-07,L0285,Medium
C0312,CASE-2025-0128,Vehicle Theft Network Probe - Noida,Vehicle Theft,Pending Review,"Case file documenting a vehicle theft investigation originating in Noida, Uttar Pradesh, including associated communications, financial trails and physical evidence gathered by the investigating team.",2025-10-14,2025-10-13,L0514,Medium
C0313,CASE-2025-0129,Investigation into Vehicle Theft Network Activities in Thane,Vehicle Theft Network,Open,"investigation into suspected vehicle theft network activity centered around Thane, Maharashtra, involving multiple persons of interest and associated entities identified through communication, financial and location analysis.",2025-01-31,2025-01-31,L0191,Critical
C0314,CASE-2025-0130,Assault Investigation - Coimbatore Sector,Assault,Closed,"investigation into suspected assault activity centered around Coimbatore, Tamil Nadu, involving multiple persons of interest and associated entities identified through communication, financial and location analysis.",2025-12-02,2025-12-01,L0458,Medium
C0315,CASE-2025-0131,Identity Fraud Network Probe - Kolkata,Identity Fraud,Pending Review,"record of a identity fraud case based in Kolkata, West Bengal, developed to demonstrate cross-referenced trace-graph, CDR and financial analytics for the RAKSHAK platform.",2025-07-28,2025-07-26,L0207,Medium
C0316,CASE-2025-0132,Major Cybercrime Investigation - Gurugram Sector,Major Cybercrime,Open,"Case file documenting a major cybercrime investigation originating in Gurugram, Haryana, including associated communications, financial trails and physical evidence gathered by the investigating team.",2025-07-14,2025-07-14,L0489,Critical
C0317,CASE-2025-0133,Large Organized Crime Network Case Linked to Indore Region,Large Organized Crime Network,Open,"A demonstration investigation record covering a large organized crime network incident in Indore, Madhya Pradesh, with linked persons, organizations and evidentiary material collected during the inquiry.",2025-04-02,2025-03-30,L0578,Low
C0318,CASE-2025-0134,Investigation into Minor Fraud Activities in Lucknow,Minor Fraud,Closed,"investigation into suspected minor fraud activity centered around Lucknow, Uttar Pradesh, involving multiple persons of interest and associated entities identified through communication, financial and location analysis.",2025-03-19,2025-03-18,L0587,Medium
C0319,CASE-2025-0135,Money Laundering Investigation Ring Operating from Gurugram,Money Laundering Investigation,Pending Review,"This case tracks a suspected money laundering investigation matter reported in Gurugram, Haryana. Investigators are examining phone records, financial transactions and location data connected to the individuals involved.",2025-07-11,2025-07-07,L0558,High
C0320,CASE-2025-0136,Major Organized Crime Network Probe - Indore,Major Organized Crime,Pending Review,"A demonstration investigation record covering a major organized crime incident in Indore, Madhya Pradesh, with linked persons, organizations and evidentiary material collected during the inquiry.",2025-09-30,2025-09-27,L0411,Critical
C0321,CASE-2025-0137,Mumbai-based Online Fraud Inquiry,Online Fraud,Closed,"record of a online fraud case based in Mumbai, Maharashtra, developed to demonstrate cross-referenced trace-graph, CDR and financial analytics for the RAKSHAK platform.",2025-02-17,2025-02-16,L0066,Medium
C0322,CASE-2025-0138,Document Fraud Network Probe - Surat,Document Fraud,Pending Review,"Case file documenting a document fraud investigation originating in Surat, Gujarat, including associated communications, financial trails and physical evidence gathered by the investigating team.",2025-01-25,2025-01-25,L0445,Medium
C0323,CASE-2025-0139,Chennai-based Online Fraud Inquiry,Online Fraud,Closed,"investigation into suspected online fraud activity centered around Chennai, Tamil Nadu, involving multiple persons of interest and associated entities identified through communication, financial and location analysis.",2025-09-12,2025-09-11,L0220,High
C0324,CASE-2025-0140,Surat-based Insurance Fraud Inquiry,Insurance Fraud,Closed,"Case file documenting a insurance fraud investigation originating in Surat, Gujarat, including associated communications, financial trails and physical evidence gathered by the investigating team.",2025-06-23,2025-06-23,L0521,Low
C0325,CASE-2025-0141,Investigation into Financial Crime Investigation Activities in Mumbai,Financial Crime Investigation,Open,"record of a financial crime investigation case based in Mumbai, Maharashtra, developed to demonstrate cross-referenced trace-graph, CDR and financial analytics for the RAKSHAK platform.",2025-04-30,2025-04-26,L0495,Critical
C0326,CASE-2025-0142,Kochi Burglary Case,Burglary,Open,"A demonstration investigation record covering a burglary incident in Kochi, Kerala, with linked persons, organizations and evidentiary material collected during the inquiry.",2025-04-14,2025-04-11,L0379,Medium
C0327,CASE-2025-0143,Investigation into Document Fraud Activities in Surat,Document Fraud,Closed,"This case tracks a suspected document fraud matter reported in Surat, Gujarat. Investigators are examining phone records, financial transactions and location data connected to the individuals involved.",2025-06-24,2025-06-20,L0576,Medium
C0328,CASE-2025-0144,Major Cybercrime Network Probe - Nashik,Major Cybercrime,Closed,"record of a major cybercrime case based in Nashik, Maharashtra, developed to demonstrate cross-referenced trace-graph, CDR and financial analytics for the RAKSHAK platform.",2025-07-04,2025-07-03,L0375,High
C0329,CASE-2025-0145,Vehicle Theft Network Probe - Coimbatore,Vehicle Theft,Open,"investigation into suspected vehicle theft activity centered around Coimbatore, Tamil Nadu, involving multiple persons of interest and associated entities identified through communication, financial and location analysis.",2025-04-10,2025-04-05,L0516,Medium
C0330,CASE-2025-0146,Lucknow-based Document Fraud Inquiry,Document Fraud,Closed,"A demonstration investigation record covering a document fraud incident in Lucknow, Uttar Pradesh, with linked persons, organizations and evidentiary material collected during the inquiry.",2025-03-15,2025-03-14,L0588,High
C0331,CASE-2025-0147,Individual Cyber Fraud Network Probe - Bhopal,Individual Cyber Fraud,Under Investigation,"record of a individual cyber fraud case based in Bhopal, Madhya Pradesh, developed to demonstrate cross-referenced trace-graph, CDR and financial analytics for the RAKSHAK platform.",2025-07-09,2025-07-07,L0351,Medium
C0332,CASE-2025-0148,Gurugram Major Organized Crime Case,Major Organized Crime,Under Investigation,"Case file documenting a major organized crime investigation originating in Gurugram, Haryana, including associated communications, financial trails and physical evidence gathered by the investigating team.",2025-07-04,2025-07-04,L0247,High
C0333,CASE-2025-0149,Data Theft Network Probe - Gurugram,Data Theft,Open,"Case file documenting a data theft investigation originating in Gurugram, Haryana, including associated communications, financial trails and physical evidence gathered by the investigating team.",2025-03-25,2025-03-21,L0117,Medium
C0334,CASE-2025-0150,Vehicle Theft Ring Operating from Thane,Vehicle Theft,Pending Review,"investigation into suspected vehicle theft activity centered around Thane, Maharashtra, involving multiple persons of interest and associated entities identified through communication, financial and location analysis.",2025-11-07,2025-11-04,L0209,Low
C0335,CASE-2025-0151,Simple Robbery Case Linked to Delhi Region,Simple Robbery,Under Investigation,"This case tracks a suspected simple robbery matter reported in Delhi, Delhi. Investigators are examining phone records, financial transactions and location data connected to the individuals involved.",2025-10-26,2025-10-21,L0297,Medium
C0336,CASE-2025-0152,Logistics Fraud Ring Operating from Nagpur,Logistics Fraud,Open,"A demonstration investigation record covering a logistics fraud incident in Nagpur, Maharashtra, with linked persons, organizations and evidentiary material collected during the inquiry.",2025-06-04,2025-06-03,L0278,Medium
C0337,CASE-2025-0153,Procurement Fraud Network Probe - Gurugram,Procurement Fraud,Open,"This case tracks a suspected procurement fraud matter reported in Gurugram, Haryana. Investigators are examining phone records, financial transactions and location data connected to the individuals involved.",2025-03-26,2025-03-23,L0030,Medium
C0338,CASE-2025-0154,Investigation into Procurement Fraud Activities in Delhi,Procurement Fraud,Open,"investigation into suspected procurement fraud activity centered around Delhi, Delhi, involving multiple persons of interest and associated entities identified through communication, financial and location analysis.",2025-07-19,2025-07-18,L0035,Critical
C0339,CASE-2025-0155,Surat-based Simple Robbery Inquiry,Simple Robbery,Pending Review,"investigation into suspected simple robbery activity centered around Surat, Gujarat, involving multiple persons of interest and associated entities identified through communication, financial and location analysis.",2025-11-02,2025-11-02,L0500,High
C0340,CASE-2025-0156,Unauthorized Access Ring Operating from Thane,Unauthorized Access,Open,"record of a unauthorized access case based in Thane, Maharashtra, developed to demonstrate cross-referenced trace-graph, CDR and financial analytics for the RAKSHAK platform.",2025-08-30,2025-08-30,L0548,Medium
C0341,CASE-2025-0157,Procurement Fraud Network Probe - Lucknow,Procurement Fraud,Open,"A demonstration investigation record covering a procurement fraud incident in Lucknow, Uttar Pradesh, with linked persons, organizations and evidentiary material collected during the inquiry.",2025-04-04,2025-04-03,L0507,High
C0342,CASE-2025-0158,Chennai Major Cybercrime Case,Major Cybercrime,Under Investigation,"A demonstration investigation record covering a major cybercrime incident in Chennai, Tamil Nadu, with linked persons, organizations and evidentiary material collected during the inquiry.",2025-03-11,2025-03-10,L0439,Medium
C0343,CASE-2025-0159,Cyber Extortion Investigation - Delhi Sector,Cyber Extortion,Closed,"A demonstration investigation record covering a cyber extortion incident in Delhi, Delhi, with linked persons, organizations and evidentiary material collected during the inquiry.",2025-03-02,2025-02-27,L0543,High
C0344,CASE-2025-0160,Lucknow-based Simple Robbery Inquiry,Simple Robbery,Under Investigation,"A demonstration investigation record covering a simple robbery incident in Lucknow, Uttar Pradesh, with linked persons, organizations and evidentiary material collected during the inquiry.",2025-09-12,2025-09-10,L0437,Medium
C0345,CASE-2025-0161,Organized Fraud Ring Operating from Coimbatore,Organized Fraud,Open,"This case tracks a suspected organized fraud matter reported in Coimbatore, Tamil Nadu. Investigators are examining phone records, financial transactions and location data connected to the individuals involved.",2025-02-10,2025-02-05,L0246,Critical
C0346,CASE-2025-0162,Indore-based Burglary Inquiry,Burglary,Closed,"investigation into suspected burglary activity centered around Indore, Madhya Pradesh, involving multiple persons of interest and associated entities identified through communication, financial and location analysis.",2025-11-18,2025-11-13,L0479,Critical
C0347,CASE-2025-0163,Logistics Fraud Network Probe - Kolkata,Logistics Fraud,Pending Review,"A demonstration investigation record covering a logistics fraud incident in Kolkata, West Bengal, with linked persons, organizations and evidentiary material collected during the inquiry.",2025-02-02,2025-02-02,L0048,Critical
C0348,CASE-2025-0164,Vehicle Theft Ring Operating from Ahmedabad,Vehicle Theft,Pending Review,"Case file documenting a vehicle theft investigation originating in Ahmedabad, Gujarat, including associated communications, financial trails and physical evidence gathered by the investigating team.",2025-08-05,2025-08-04,L0095,Medium
C0349,CASE-2025-0165,Procurement Fraud Network Probe - Nashik,Procurement Fraud,Pending Review,"Case file documenting a procurement fraud investigation originating in Nashik, Maharashtra, including associated communications, financial trails and physical evidence gathered by the investigating team.",2025-05-22,2025-05-19,L0098,Critical
C0350,CASE-2025-0166,Delhi-based Minor Fraud Inquiry,Minor Fraud,Closed,"record of a minor fraud case based in Delhi, Delhi, developed to demonstrate cross-referenced trace-graph, CDR and financial analytics for the RAKSHAK platform.",2025-06-03,2025-06-03,L0226,Medium
C0351,CASE-2025-0167,Logistics Fraud Ring Operating from Mumbai,Logistics Fraud,Under Investigation,"This case tracks a suspected logistics fraud matter reported in Mumbai, Maharashtra. Investigators are examining phone records, financial transactions and location data connected to the individuals involved.",2025-02-28,2025-02-23,L0066,High
C0352,CASE-2025-0168,Hyderabad Corporate Fraud Case,Corporate Fraud,Open,"record of a corporate fraud case based in Hyderabad, Telangana, developed to demonstrate cross-referenced trace-graph, CDR and financial analytics for the RAKSHAK platform.",2025-11-11,2025-11-09,L0573,Medium
C0353,CASE-2025-0169,Thane-based Major Cybercrime Inquiry,Major Cybercrime,Pending Review,"This case tracks a suspected major cybercrime matter reported in Thane, Maharashtra. Investigators are examining phone records, financial transactions and location data connected to the individuals involved.",2025-02-27,2025-02-25,L0256,High
C0354,CASE-2025-0170,Minor Fraud Network Probe - Kochi,Minor Fraud,Under Investigation,"This case tracks a suspected minor fraud matter reported in Kochi, Kerala. Investigators are examining phone records, financial transactions and location data connected to the individuals involved.",2025-12-04,2025-12-02,L0285,Low
C0355,CASE-2025-0171,Kochi-based Assault Inquiry,Assault,Open,"record of a assault case based in Kochi, Kerala, developed to demonstrate cross-referenced trace-graph, CDR and financial analytics for the RAKSHAK platform.",2025-08-18,2025-08-18,L0416,High
C0356,CASE-2025-0172,Nashik Vehicle Theft Network Case,Vehicle Theft Network,Closed,"investigation into suspected vehicle theft network activity centered around Nashik, Maharashtra, involving multiple persons of interest and associated entities identified through communication, financial and location analysis.",2025-04-20,2025-04-19,L0375,Critical
C0357,CASE-2025-0173,Bhopal Organized Cybercrime Case,Organized Cybercrime,Open,"record of a organized cybercrime case based in Bhopal, Madhya Pradesh, developed to demonstrate cross-referenced trace-graph, CDR and financial analytics for the RAKSHAK platform.",2025-09-25,2025-09-24,L0044,Critical
C0358,CASE-2025-0174,Noida-based Theft Inquiry,Theft,Pending Review,"This case tracks a suspected theft matter reported in Noida, Uttar Pradesh. Investigators are examining phone records, financial transactions and location data connected to the individuals involved.",2025-03-25,2025-03-22,L0251,Low
C0359,CASE-2025-0175,Ahmedabad Online Fraud Case,Online Fraud,Under Investigation,"record of a online fraud case based in Ahmedabad, Gujarat, developed to demonstrate cross-referenced trace-graph, CDR and financial analytics for the RAKSHAK platform.",2025-05-25,2025-05-22,L0286,Medium
C0360,CASE-2025-0176,Individual Cyber Fraud Investigation - Hyderabad Sector,Individual Cyber Fraud,Pending Review,"A demonstration investigation record covering a individual cyber fraud incident in Hyderabad, Telangana, with linked persons, organizations and evidentiary material collected during the inquiry.",2025-03-06,2025-03-05,L0184,High
C0361,CASE-2025-0177,Coimbatore-based Financial Fraud Inquiry,Financial Fraud,Closed,"Case file documenting a financial fraud investigation originating in Coimbatore, Tamil Nadu, including associated communications, financial trails and physical evidence gathered by the investigating team.",2025-04-08,2025-04-07,L0091,High
C0362,CASE-2025-0178,Lucknow-based Theft Inquiry,Theft,Pending Review,"Case file documenting a theft investigation originating in Lucknow, Uttar Pradesh, including associated communications, financial trails and physical evidence gathered by the investigating team.",2025-05-19,2025-05-17,L0549,Medium
C0363,CASE-2025-0179,Organized Cybercrime Investigation - Coimbatore Sector,Organized Cybercrime,Open,"A demonstration investigation record covering a organized cybercrime incident in Coimbatore, Tamil Nadu, with linked persons, organizations and evidentiary material collected during the inquiry.",2025-09-20,2025-09-20,L0233,High
C0364,CASE-2025-0180,Investigation into Procurement Fraud Activities in Jaipur,Procurement Fraud,Closed,"A demonstration investigation record covering a procurement fraud incident in Jaipur, Rajasthan, with linked persons, organizations and evidentiary material collected during the inquiry.",2025-02-16,2025-02-16,L0357,High
C0365,CASE-2025-0181,Payment Fraud Network Probe - Jaipur,Payment Fraud,Open,"This case tracks a suspected payment fraud matter reported in Jaipur, Rajasthan. Investigators are examining phone records, financial transactions and location data connected to the individuals involved.",2025-05-20,2025-05-16,L0374,High
C0366,CASE-2025-0182,Major Organized Crime Case Linked to Surat Region,Major Organized Crime,Open,"Case file documenting a major organized crime investigation originating in Surat, Gujarat, including associated communications, financial trails and physical evidence gathered by the investigating team.",2025-04-26,2025-04-25,L0208,High
C0367,CASE-2025-0183,Individual Cyber Fraud Ring Operating from Nagpur,Individual Cyber Fraud,Under Investigation,"A demonstration investigation record covering a individual cyber fraud incident in Nagpur, Maharashtra, with linked persons, organizations and evidentiary material collected during the inquiry.",2025-11-17,2025-11-17,L0238,Medium
C0368,CASE-2025-0184,Investigation into Assault Activities in Ahmedabad,Assault,Closed,"This case tracks a suspected assault matter reported in Ahmedabad, Gujarat. Investigators are examining phone records, financial transactions and location data connected to the individuals involved.",2025-10-01,2025-09-27,L0382,Medium
C0369,CASE-2026-0001,Lucknow Unauthorized Access Case,Unauthorized Access,Pending Review,"investigation into suspected unauthorized access activity centered around Lucknow, Uttar Pradesh, involving multiple persons of interest and associated entities identified through communication, financial and location analysis.",2026-06-08,2026-06-04,L0294,Low
C0370,CASE-2026-0002,Investigation into Murder Investigation Activities in Pune,Murder Investigation,Under Investigation,"investigation into suspected murder investigation activity centered around Pune, Maharashtra, involving multiple persons of interest and associated entities identified through communication, financial and location analysis.",2026-04-29,2026-04-27,L0598,Critical
C0371,CASE-2026-0003,Identity Fraud Investigation - Pune Sector,Identity Fraud,Pending Review,"This case tracks a suspected identity fraud matter reported in Pune, Maharashtra. Investigators are examining phone records, financial transactions and location data connected to the individuals involved.",2026-03-31,2026-03-29,L0081,Medium
C0372,CASE-2026-0004,Nashik-based Money Laundering Investigation Inquiry,Money Laundering Investigation,Under Investigation,"record of a money laundering investigation case based in Nashik, Maharashtra, developed to demonstrate cross-referenced trace-graph, CDR and financial analytics for the RAKSHAK platform.",2026-07-30,2026-07-28,L0272,Critical
C0373,CASE-2026-0005,Payment Fraud Case Linked to Kochi Region,Payment Fraud,Open,"This case tracks a suspected payment fraud matter reported in Kochi, Kerala. Investigators are examining phone records, financial transactions and location data connected to the individuals involved.",2026-08-10,2026-08-06,L0295,Medium
C0374,CASE-2026-0006,Banking Fraud Investigation - Chennai Sector,Banking Fraud,Open,"A demonstration investigation record covering a banking fraud incident in Chennai, Tamil Nadu, with linked persons, organizations and evidentiary material collected during the inquiry.",2026-05-31,2026-05-26,L0078,Critical
C0375,CASE-2026-0007,Investigation into Corporate Fraud Activities in Jaipur,Corporate Fraud,Under Investigation,"Case file documenting a corporate fraud investigation originating in Jaipur, Rajasthan, including associated communications, financial trails and physical evidence gathered by the investigating team.",2026-04-21,2026-04-19,L0370,Low
C0376,CASE-2026-0008,Investigation into Document Fraud Activities in Delhi,Document Fraud,Open,"A demonstration investigation record covering a document fraud incident in Delhi, Delhi, with linked persons, organizations and evidentiary material collected during the inquiry.",2026-01-08,2026-01-06,L0544,High
C0377,CASE-2026-0009,Minor Fraud Investigation - Hyderabad Sector,Minor Fraud,Closed,"investigation into suspected minor fraud activity centered around Hyderabad, Telangana, involving multiple persons of interest and associated entities identified through communication, financial and location analysis.",2026-02-24,2026-02-19,L0419,Low
C0378,CASE-2026-0010,Identity Fraud Ring Operating from Indore,Identity Fraud,Closed,"Case file documenting a identity fraud investigation originating in Indore, Madhya Pradesh, including associated communications, financial trails and physical evidence gathered by the investigating team.",2026-04-08,2026-04-05,L0158,Medium
C0379,CASE-2026-0011,Theft Ring Operating from Hyderabad,Theft,Pending Review,"This case tracks a suspected theft matter reported in Hyderabad, Telangana. Investigators are examining phone records, financial transactions and location data connected to the individuals involved.",2026-06-19,2026-06-16,L0069,Low
C0380,CASE-2026-0012,Banking Fraud Case Linked to Lucknow Region,Banking Fraud,Closed,"This case tracks a suspected banking fraud matter reported in Lucknow, Uttar Pradesh. Investigators are examining phone records, financial transactions and location data connected to the individuals involved.",2026-03-24,2026-03-19,L0504,Critical
C0381,CASE-2026-0013,Investigation into Data Theft Activities in Nagpur,Data Theft,Under Investigation,"Case file documenting a data theft investigation originating in Nagpur, Maharashtra, including associated communications, financial trails and physical evidence gathered by the investigating team.",2026-01-16,2026-01-12,L0216,Medium
C0382,CASE-2026-0014,Assault Case Linked to Coimbatore Region,Assault,Pending Review,"This case tracks a suspected assault matter reported in Coimbatore, Tamil Nadu. Investigators are examining phone records, financial transactions and location data connected to the individuals involved.",2026-03-10,2026-03-10,L0358,High
C0383,CASE-2026-0015,Bhopal-based Money Laundering Investigation Inquiry,Money Laundering Investigation,Closed,"This case tracks a suspected money laundering investigation matter reported in Bhopal, Madhya Pradesh. Investigators are examining phone records, financial transactions and location data connected to the individuals involved.",2026-04-06,2026-04-06,L0414,Critical
C0384,CASE-2026-0016,Investigation into Money Laundering Investigation Activities in Thane,Money Laundering Investigation,Open,"investigation into suspected money laundering investigation activity centered around Thane, Maharashtra, involving multiple persons of interest and associated entities identified through communication, financial and location analysis.",2026-05-27,2026-05-23,L0503,High
C0385,CASE-2026-0017,Banking Fraud Case Linked to Thane Region,Banking Fraud,Closed,"Case file documenting a banking fraud investigation originating in Thane, Maharashtra, including associated communications, financial trails and physical evidence gathered by the investigating team.",2026-05-16,2026-05-11,L0296,High
C0386,CASE-2026-0018,Assault Case Linked to Pune Region,Assault,Open,"Case file documenting a assault investigation originating in Pune, Maharashtra, including associated communications, financial trails and physical evidence gathered by the investigating team.",2026-07-19,2026-07-19,L0265,High
C0387,CASE-2026-0019,Simple Robbery Investigation - Kolkata Sector,Simple Robbery,Closed,"record of a simple robbery case based in Kolkata, West Bengal, developed to demonstrate cross-referenced trace-graph, CDR and financial analytics for the RAKSHAK platform.",2026-08-08,2026-08-06,L0015,Low
C0388,CASE-2026-0020,Investigation into Insurance Fraud Activities in Kolkata,Insurance Fraud,Pending Review,"A demonstration investigation record covering a insurance fraud incident in Kolkata, West Bengal, with linked persons, organizations and evidentiary material collected during the inquiry.",2026-07-04,2026-07-03,L0207,Low
C0389,CASE-2026-0021,Assault Ring Operating from Kolkata,Assault,Closed,"This case tracks a suspected assault matter reported in Kolkata, West Bengal. Investigators are examining phone records, financial transactions and location data connected to the individuals involved.",2026-04-10,2026-04-06,L0105,Medium
C0390,CASE-2026-0022,Murder Investigation Investigation - Nashik Sector,Murder Investigation,Open,"investigation into suspected murder investigation activity centered around Nashik, Maharashtra, involving multiple persons of interest and associated entities identified through communication, financial and location analysis.",2026-09-28,2026-09-23,L0375,High
C0391,CASE-2026-0023,Investigation into Simple Robbery Activities in Mumbai,Simple Robbery,Pending Review,"record of a simple robbery case based in Mumbai, Maharashtra, developed to demonstrate cross-referenced trace-graph, CDR and financial analytics for the RAKSHAK platform.",2026-06-30,2026-06-25,L0520,Medium
C0392,CASE-2026-0024,Banking Fraud Investigation - Coimbatore Sector,Banking Fraud,Pending Review,"This case tracks a suspected banking fraud matter reported in Coimbatore, Tamil Nadu. Investigators are examining phone records, financial transactions and location data connected to the individuals involved.",2026-01-10,2026-01-05,L0138,High
C0393,CASE-2026-0025,Hyderabad Organized Fraud Case,Organized Fraud,Under Investigation,"Case file documenting a organized fraud investigation originating in Hyderabad, Telangana, including associated communications, financial trails and physical evidence gathered by the investigating team.",2026-04-25,2026-04-25,L0494,Critical
C0394,CASE-2026-0026,Murder Investigation Ring Operating from Chennai,Murder Investigation,Under Investigation,"Case file documenting a murder investigation investigation originating in Chennai, Tamil Nadu, including associated communications, financial trails and physical evidence gathered by the investigating team.",2026-03-28,2026-03-23,L0100,Medium
C0395,CASE-2026-0027,Bhopal-based Vehicle Theft Inquiry,Vehicle Theft,Under Investigation,"Case file documenting a vehicle theft investigation originating in Bhopal, Madhya Pradesh, including associated communications, financial trails and physical evidence gathered by the investigating team.",2026-01-23,2026-01-23,L0339,Critical
C0396,CASE-2026-0028,Vehicle Theft Case Linked to Mumbai Region,Vehicle Theft,Under Investigation,"Case file documenting a vehicle theft investigation originating in Mumbai, Maharashtra, including associated communications, financial trails and physical evidence gathered by the investigating team.",2026-04-10,2026-04-06,L0073,Medium
C0397,CASE-2026-0029,Money Laundering Investigation Ring Operating from Mumbai,Money Laundering Investigation,Pending Review,"Case file documenting a money laundering investigation investigation originating in Mumbai, Maharashtra, including associated communications, financial trails and physical evidence gathered by the investigating team.",2026-04-21,2026-04-16,L0553,Critical
C0398,CASE-2026-0030,Identity Fraud Case Linked to Gurugram Region,Identity Fraud,Pending Review,"record of a identity fraud case based in Gurugram, Haryana, developed to demonstrate cross-referenced trace-graph, CDR and financial analytics for the RAKSHAK platform.",2026-10-25,2026-10-25,L0527,Medium
C0399,CASE-2026-0031,Logistics Fraud Case Linked to Pune Region,Logistics Fraud,Pending Review,"investigation into suspected logistics fraud activity centered around Pune, Maharashtra, involving multiple persons of interest and associated entities identified through communication, financial and location analysis.",2026-06-25,2026-06-25,L0197,High
C0400,CASE-2026-0032,Bhopal-based Document Fraud Inquiry,Document Fraud,Pending Review,"A demonstration investigation record covering a document fraud incident in Bhopal, Madhya Pradesh, with linked persons, organizations and evidentiary material collected during the inquiry.",2026-04-30,2026-04-30,L0288,High
C0401,CASE-2026-0033,Investigation into Unauthorized Access Activities in Bhopal,Unauthorized Access,Closed,"A demonstration investigation record covering a unauthorized access incident in Bhopal, Madhya Pradesh, with linked persons, organizations and evidentiary material collected during the inquiry.",2026-01-23,2026-01-22,L0288,Medium
C0402,CASE-2026-0034,Logistics Fraud Ring Operating from Noida,Logistics Fraud,Closed,"Case file documenting a logistics fraud investigation originating in Noida, Uttar Pradesh, including associated communications, financial trails and physical evidence gathered by the investigating team.",2026-08-17,2026-08-13,L0135,Critical
C0403,CASE-2026-0035,Large Organized Crime Network Ring Operating from Indore,Large Organized Crime Network,Closed,"This case tracks a suspected large organized crime network matter reported in Indore, Madhya Pradesh. Investigators are examining phone records, financial transactions and location data connected to the individuals involved.",2026-03-08,2026-03-03,L0497,Critical
C0404,CASE-2026-0036,Ahmedabad Vehicle Theft Case,Vehicle Theft,Pending Review,"This case tracks a suspected vehicle theft matter reported in Ahmedabad, Gujarat. Investigators are examining phone records, financial transactions and location data connected to the individuals involved.",2026-04-04,2026-03-30,L0565,Low
C0405,CASE-2026-0037,Simple Robbery Investigation - Bhopal Sector,Simple Robbery,Under Investigation,"investigation into suspected simple robbery activity centered around Bhopal, Madhya Pradesh, involving multiple persons of interest and associated entities identified through communication, financial and location analysis.",2026-05-23,2026-05-21,L0173,Low
C0406,CASE-2026-0038,Individual Cyber Fraud Network Probe - Jaipur,Individual Cyber Fraud,Open,"Case file documenting a individual cyber fraud investigation originating in Jaipur, Rajasthan, including associated communications, financial trails and physical evidence gathered by the investigating team.",2026-06-13,2026-06-12,L0225,High
C0407,CASE-2026-0039,Financial Fraud Network Probe - Nagpur,Financial Fraud,Pending Review,"A demonstration investigation record covering a financial fraud incident in Nagpur, Maharashtra, with linked persons, organizations and evidentiary material collected during the inquiry.",2026-07-31,2026-07-30,L0002,Medium
C0408,CASE-2026-0040,Investigation into Major Cybercrime Activities in Gurugram,Major Cybercrime,Open,"Case file documenting a major cybercrime investigation originating in Gurugram, Haryana, including associated communications, financial trails and physical evidence gathered by the investigating team.",2026-10-02,2026-10-01,L0077,Critical
C0409,CASE-2026-0041,Coimbatore Vehicle Theft Network Case,Vehicle Theft Network,Open,"investigation into suspected vehicle theft network activity centered around Coimbatore, Tamil Nadu, involving multiple persons of interest and associated entities identified through communication, financial and location analysis.",2026-04-19,2026-04-15,L0219,High
C0410,CASE-2026-0042,Investigation into Burglary Activities in Bengaluru,Burglary,Pending Review,"investigation into suspected burglary activity centered around Bengaluru, Karnataka, involving multiple persons of interest and associated entities identified through communication, financial and location analysis.",2026-11-01,2026-10-27,L0072,High
C0411,CASE-2026-0043,Investigation into Property Fraud Activities in Surat,Property Fraud,Under Investigation,"investigation into suspected property fraud activity centered around Surat, Gujarat, involving multiple persons of interest and associated entities identified through communication, financial and location analysis.",2026-05-22,2026-05-22,L0344,Medium
C0412,CASE-2026-0044,Identity Fraud Network Probe - Surat,Identity Fraud,Under Investigation,"Case file documenting a identity fraud investigation originating in Surat, Gujarat, including associated communications, financial trails and physical evidence gathered by the investigating team.",2026-10-25,2026-10-21,L0481,Low
C0413,CASE-2026-0045,Chennai Document Fraud Case,Document Fraud,Pending Review,"Case file documenting a document fraud investigation originating in Chennai, Tamil Nadu, including associated communications, financial trails and physical evidence gathered by the investigating team.",2026-06-09,2026-06-05,L0373,High
C0414,CASE-2026-0046,Investigation into Simple Robbery Activities in Kolkata,Simple Robbery,Closed,"This case tracks a suspected simple robbery matter reported in Kolkata, West Bengal. Investigators are examining phone records, financial transactions and location data connected to the individuals involved.",2026-06-18,2026-06-13,L0463,Critical
C0415,CASE-2026-0047,Theft Ring Operating from Noida,Theft,Closed,"This case tracks a suspected theft matter reported in Noida, Uttar Pradesh. Investigators are examining phone records, financial transactions and location data connected to the individuals involved.",2026-03-13,2026-03-13,L0448,Low
C0416,CASE-2026-0048,Major Cybercrime Investigation - Indore Sector,Major Cybercrime,Under Investigation,"record of a major cybercrime case based in Indore, Madhya Pradesh, developed to demonstrate cross-referenced trace-graph, CDR and financial analytics for the RAKSHAK platform.",2026-02-12,2026-02-07,L0393,Critical
C0417,CASE-2026-0049,Cyber Extortion Investigation - Indore Sector,Cyber Extortion,Closed,"A demonstration investigation record covering a cyber extortion incident in Indore, Madhya Pradesh, with linked persons, organizations and evidentiary material collected during the inquiry.",2026-07-23,2026-07-21,L0472,Critical
C0418,CASE-2026-0050,Identity Fraud Case Linked to Thane Region,Identity Fraud,Under Investigation,"record of a identity fraud case based in Thane, Maharashtra, developed to demonstrate cross-referenced trace-graph, CDR and financial analytics for the RAKSHAK platform.",2026-02-21,2026-02-18,L0471,Critical
C0419,CASE-2026-0051,Organized Cybercrime Case Linked to Jaipur Region,Organized Cybercrime,Closed,"A demonstration investigation record covering a organized cybercrime incident in Jaipur, Rajasthan, with linked persons, organizations and evidentiary material collected during the inquiry.",2026-02-20,2026-02-19,L0357,Medium
C0420,CASE-2026-0052,Unauthorized Access Case Linked to Thane Region,Unauthorized Access,Closed,"record of a unauthorized access case based in Thane, Maharashtra, developed to demonstrate cross-referenced trace-graph, CDR and financial analytics for the RAKSHAK platform.",2026-06-21,2026-06-17,L0309,Low
C0421,CASE-2026-0053,Document Fraud Case Linked to Surat Region,Document Fraud,Open,"record of a document fraud case based in Surat, Gujarat, developed to demonstrate cross-referenced trace-graph, CDR and financial analytics for the RAKSHAK platform.",2026-06-13,2026-06-13,L0352,High
C0422,CASE-2026-0054,Financial Fraud Ring Operating from Ahmedabad,Financial Fraud,Open,"A demonstration investigation record covering a financial fraud incident in Ahmedabad, Gujarat, with linked persons, organizations and evidentiary material collected during the inquiry.",2026-03-13,2026-03-09,L0323,High
C0423,CASE-2026-0055,Digital Fraud Case Linked to Jaipur Region,Digital Fraud,Open,"investigation into suspected digital fraud activity centered around Jaipur, Rajasthan, involving multiple persons of interest and associated entities identified through communication, financial and location analysis.",2026-05-07,2026-05-07,L0370,Medium
C0424,CASE-2026-0056,Large Organized Crime Network Network Probe - Chennai,Large Organized Crime Network,Under Investigation,"record of a large organized crime network case based in Chennai, Tamil Nadu, developed to demonstrate cross-referenced trace-graph, CDR and financial analytics for the RAKSHAK platform.",2026-08-23,2026-08-19,L0080,High
C0425,CASE-2026-0057,Noida Corporate Fraud Case,Corporate Fraud,Closed,"A demonstration investigation record covering a corporate fraud incident in Noida, Uttar Pradesh, with linked persons, organizations and evidentiary material collected during the inquiry.",2026-09-11,2026-09-11,L0461,High
C0426,CASE-2026-0058,Investigation into Insurance Fraud Activities in Thane,Insurance Fraud,Open,"This case tracks a suspected insurance fraud matter reported in Thane, Maharashtra. Investigators are examining phone records, financial transactions and location data connected to the individuals involved.",2026-03-15,2026-03-12,L0503,Low
C0427,CASE-2026-0059,Cyber Extortion Case Linked to Kolkata Region,Cyber Extortion,Pending Review,"Case file documenting a cyber extortion investigation originating in Kolkata, West Bengal, including associated communications, financial trails and physical evidence gathered by the investigating team.",2026-03-23,2026-03-21,L0547,High
C0428,CASE-2026-0060,Kochi-based Procurement Fraud Inquiry,Procurement Fraud,Pending Review,"Case file documenting a procurement fraud investigation originating in Kochi, Kerala, including associated communications, financial trails and physical evidence gathered by the investigating team.",2026-05-31,2026-05-26,L0557,Critical
C0429,CASE-2026-0061,Investigation into Simple Robbery Activities in Bengaluru,Simple Robbery,Under Investigation,"This case tracks a suspected simple robbery matter reported in Bengaluru, Karnataka. Investigators are examining phone records, financial transactions and location data connected to the individuals involved.",2026-06-01,2026-05-28,L0572,High
C0430,CASE-2026-0062,Individual Cyber Fraud Investigation - Noida Sector,Individual Cyber Fraud,Under Investigation,"This case tracks a suspected individual cyber fraud matter reported in Noida, Uttar Pradesh. Investigators are examining phone records, financial transactions and location data connected to the individuals involved.",2026-05-06,2026-05-01,L0577,High
C0431,CASE-2026-0063,Assault Network Probe - Nagpur,Assault,Open,"investigation into suspected assault activity centered around Nagpur, Maharashtra, involving multiple persons of interest and associated entities identified through communication, financial and location analysis.",2026-02-23,2026-02-23,L0308,Medium
C0432,CASE-2026-0064,Investigation into Property Fraud Activities in Nagpur,Property Fraud,Closed,"investigation into suspected property fraud activity centered around Nagpur, Maharashtra, involving multiple persons of interest and associated entities identified through communication, financial and location analysis.",2026-01-18,2026-01-16,L0136,Medium
C0433,CASE-2026-0065,Kochi Property Fraud Case,Property Fraud,Closed,"This case tracks a suspected property fraud matter reported in Kochi, Kerala. Investigators are examining phone records, financial transactions and location data connected to the individuals involved.",2026-03-08,2026-03-08,L0557,Critical
C0434,CASE-2026-0066,Identity Fraud Investigation - Mumbai Sector,Identity Fraud,Closed,"Case file documenting a identity fraud investigation originating in Mumbai, Maharashtra, including associated communications, financial trails and physical evidence gathered by the investigating team.",2026-05-10,2026-05-06,L0520,Low
C0435,CASE-2026-0067,Investigation into Payment Fraud Activities in Ahmedabad,Payment Fraud,Closed,"record of a payment fraud case based in Ahmedabad, Gujarat, developed to demonstrate cross-referenced trace-graph, CDR and financial analytics for the RAKSHAK platform.",2026-08-06,2026-08-03,L0213,High
C0436,CASE-2026-0068,Noida-based Minor Fraud Inquiry,Minor Fraud,Pending Review,"A demonstration investigation record covering a minor fraud incident in Noida, Uttar Pradesh, with linked persons, organizations and evidentiary material collected during the inquiry.",2026-04-20,2026-04-17,L0092,Low
C0437,CASE-2026-0069,Major Cybercrime Network Probe - Coimbatore,Major Cybercrime,Under Investigation,"record of a major cybercrime case based in Coimbatore, Tamil Nadu, developed to demonstrate cross-referenced trace-graph, CDR and financial analytics for the RAKSHAK platform.",2026-02-27,2026-02-24,L0010,Critical
C0438,CASE-2026-0070,Kolkata-based Data Theft Inquiry,Data Theft,Open,"investigation into suspected data theft activity centered around Kolkata, West Bengal, involving multiple persons of interest and associated entities identified through communication, financial and location analysis.",2026-10-17,2026-10-12,L0336,High
C0439,CASE-2026-0071,Banking Fraud Case Linked to Gurugram Region,Banking Fraud,Open,"record of a banking fraud case based in Gurugram, Haryana, developed to demonstrate cross-referenced trace-graph, CDR and financial analytics for the RAKSHAK platform.",2026-05-12,2026-05-07,L0054,Medium
C0440,CASE-2026-0072,Payment Fraud Case Linked to Noida Region,Payment Fraud,Open,"This case tracks a suspected payment fraud matter reported in Noida, Uttar Pradesh. Investigators are examining phone records, financial transactions and location data connected to the individuals involved.",2026-07-16,2026-07-13,L0028,Low
C0441,CASE-2026-0073,Individual Cyber Fraud Case Linked to Hyderabad Region,Individual Cyber Fraud,Pending Review,"record of a individual cyber fraud case based in Hyderabad, Telangana, developed to demonstrate cross-referenced trace-graph, CDR and financial analytics for the RAKSHAK platform.",2026-09-14,2026-09-09,L0245,Low
C0442,CASE-2026-0074,Kochi Assault Case,Assault,Open,"Case file documenting a assault investigation originating in Kochi, Kerala, including associated communications, financial trails and physical evidence gathered by the investigating team.",2026-02-19,2026-02-16,L0042,Low
C0443,CASE-2026-0075,Document Fraud Investigation - Surat Sector,Document Fraud,Open,"record of a document fraud case based in Surat, Gujarat, developed to demonstrate cross-referenced trace-graph, CDR and financial analytics for the RAKSHAK platform.",2026-01-29,2026-01-27,L0224,Low
C0444,CASE-2026-0076,Investigation into Digital Fraud Activities in Thane,Digital Fraud,Open,"This case tracks a suspected digital fraud matter reported in Thane, Maharashtra. Investigators are examining phone records, financial transactions and location data connected to the individuals involved.",2026-07-09,2026-07-07,L0068,Medium
C0445,CASE-2026-0077,Identity Fraud Investigation - Surat Sector,Identity Fraud,Open,"A demonstration investigation record covering a identity fraud incident in Surat, Gujarat, with linked persons, organizations and evidentiary material collected during the inquiry.",2026-07-05,2026-07-05,L0208,Medium
C0446,CASE-2026-0078,Surat Assault Case,Assault,Open,"record of a assault case based in Surat, Gujarat, developed to demonstrate cross-referenced trace-graph, CDR and financial analytics for the RAKSHAK platform.",2026-09-25,2026-09-22,L0344,Low
C0447,CASE-2026-0079,Procurement Fraud Network Probe - Noida,Procurement Fraud,Open,"Case file documenting a procurement fraud investigation originating in Noida, Uttar Pradesh, including associated communications, financial trails and physical evidence gathered by the investigating team.",2026-06-04,2026-06-01,L0577,Medium
C0448,CASE-2026-0080,Simple Robbery Investigation - Nashik Sector,Simple Robbery,Pending Review,"A demonstration investigation record covering a simple robbery incident in Nashik, Maharashtra, with linked persons, organizations and evidentiary material collected during the inquiry.",2026-05-11,2026-05-11,L0098,High
C0449,CASE-2026-0081,Logistics Fraud Ring Operating from Gurugram,Logistics Fraud,Pending Review,"record of a logistics fraud case based in Gurugram, Haryana, developed to demonstrate cross-referenced trace-graph, CDR and financial analytics for the RAKSHAK platform.",2026-05-11,2026-05-09,L0182,Medium
C0450,CASE-2026-0082,Investigation into Property Fraud Activities in Jaipur,Property Fraud,Under Investigation,"record of a property fraud case based in Jaipur, Rajasthan, developed to demonstrate cross-referenced trace-graph, CDR and financial analytics for the RAKSHAK platform.",2026-07-09,2026-07-08,L0370,High
C0451,CASE-2026-0083,Mumbai Major Organized Crime Case,Major Organized Crime,Closed,"investigation into suspected major organized crime activity centered around Mumbai, Maharashtra, involving multiple persons of interest and associated entities identified through communication, financial and location analysis.",2026-04-25,2026-04-21,L0073,Critical
C0452,CASE-2026-0084,Procurement Fraud Ring Operating from Delhi,Procurement Fraud,Pending Review,"This case tracks a suspected procurement fraud matter reported in Delhi, Delhi. Investigators are examining phone records, financial transactions and location data connected to the individuals involved.",2026-09-19,2026-09-14,L0544,Critical
C0453,CASE-2026-0085,Investigation into Document Fraud Activities in Ahmedabad,Document Fraud,Open,"investigation into suspected document fraud activity centered around Ahmedabad, Gujarat, involving multiple persons of interest and associated entities identified through communication, financial and location analysis.",2026-02-17,2026-02-16,L0213,Low
C0454,CASE-2026-0086,Kidnapping Network Probe - Delhi,Kidnapping,Closed,"A demonstration investigation record covering a kidnapping incident in Delhi, Delhi, with linked persons, organizations and evidentiary material collected during the inquiry.",2026-03-20,2026-03-19,L0383,Critical
C0455,CASE-2026-0087,Individual Cyber Fraud Case Linked to Chennai Region,Individual Cyber Fraud,Under Investigation,"A demonstration investigation record covering a individual cyber fraud incident in Chennai, Tamil Nadu, with linked persons, organizations and evidentiary material collected during the inquiry.",2026-11-28,2026-11-26,L0017,Medium
C0456,CASE-2026-0088,Unauthorized Access Investigation - Thane Sector,Unauthorized Access,Pending Review,"This case tracks a suspected unauthorized access matter reported in Thane, Maharashtra. Investigators are examining phone records, financial transactions and location data connected to the individuals involved.",2026-01-07,2026-01-03,L0444,Low
C0457,CASE-2026-0089,Lucknow-based Burglary Inquiry,Burglary,Open,"investigation into suspected burglary activity centered around Lucknow, Uttar Pradesh, involving multiple persons of interest and associated entities identified through communication, financial and location analysis.",2026-02-11,2026-02-07,L0055,High
C0458,CASE-2026-0090,Data Theft Network Probe - Kolkata,Data Theft,Pending Review,"Case file documenting a data theft investigation originating in Kolkata, West Bengal, including associated communications, financial trails and physical evidence gathered by the investigating team.",2026-05-09,2026-05-07,L0062,High
C0459,CASE-2026-0091,Investigation into Unauthorized Access Activities in Mumbai,Unauthorized Access,Closed,"investigation into suspected unauthorized access activity centered around Mumbai, Maharashtra, involving multiple persons of interest and associated entities identified through communication, financial and location analysis.",2026-05-11,2026-05-08,L0218,High
C0460,CASE-2026-0092,Unauthorized Access Ring Operating from Mumbai,Unauthorized Access,Closed,"record of a unauthorized access case based in Mumbai, Maharashtra, developed to demonstrate cross-referenced trace-graph, CDR and financial analytics for the RAKSHAK platform.",2026-10-20,2026-10-15,L0360,Medium
C0461,CASE-2026-0093,Investigation into Data Theft Activities in Chennai,Data Theft,Closed,"record of a data theft case based in Chennai, Tamil Nadu, developed to demonstrate cross-referenced trace-graph, CDR and financial analytics for the RAKSHAK platform.",2026-08-31,2026-08-28,L0160,Low
C0462,CASE-2026-0094,Investigation into Financial Fraud Activities in Hyderabad,Financial Fraud,Closed,"This case tracks a suspected financial fraud matter reported in Hyderabad, Telangana. Investigators are examining phone records, financial transactions and location data connected to the individuals involved.",2026-02-10,2026-02-10,L0419,High
C0463,CASE-2026-0095,Kochi-based Vehicle Theft Inquiry,Vehicle Theft,Open,"investigation into suspected vehicle theft activity centered around Kochi, Kerala, involving multiple persons of interest and associated entities identified through communication, financial and location analysis.",2026-08-03,2026-08-02,L0102,Medium
C0464,CASE-2026-0096,Kochi-based Procurement Fraud Inquiry,Procurement Fraud,Closed,"investigation into suspected procurement fraud activity centered around Kochi, Kerala, involving multiple persons of interest and associated entities identified through communication, financial and location analysis.",2026-08-26,2026-08-22,L0501,Medium
C0465,CASE-2026-0097,Investigation into Data Theft Activities in Gurugram,Data Theft,Pending Review,"investigation into suspected data theft activity centered around Gurugram, Haryana, involving multiple persons of interest and associated entities identified through communication, financial and location analysis.",2026-09-21,2026-09-16,L0337,Low
C0466,CASE-2026-0098,Assault Case Linked to Bhopal Region,Assault,Pending Review,"investigation into suspected assault activity centered around Bhopal, Madhya Pradesh, involving multiple persons of interest and associated entities identified through communication, financial and location analysis.",2026-10-08,2026-10-08,L0556,Medium
C0467,CASE-2026-0099,Investigation into Financial Fraud Activities in Pune,Financial Fraud,Pending Review,"This case tracks a suspected financial fraud matter reported in Pune, Maharashtra. Investigators are examining phone records, financial transactions and location data connected to the individuals involved.",2026-10-15,2026-10-12,L0241,Medium
C0468,CASE-2026-0100,Investigation into Simple Robbery Activities in Kochi,Simple Robbery,Under Investigation,"investigation into suspected simple robbery activity centered around Kochi, Kerala, involving multiple persons of interest and associated entities identified through communication, financial and location analysis.",2026-01-31,2026-01-26,L0156,Critical
C0469,CASE-2026-0101,Cyber Extortion Investigation - Bengaluru Sector,Cyber Extortion,Open,"investigation into suspected cyber extortion activity centered around Bengaluru, Karnataka, involving multiple persons of interest and associated entities identified through communication, financial and location analysis.",2026-12-06,2026-12-04,L0436,High
C0470,CASE-2026-0102,Mumbai Assault Case,Assault,Under Investigation,"A demonstration investigation record covering a assault incident in Mumbai, Maharashtra, with linked persons, organizations and evidentiary material collected during the inquiry.",2026-12-11,2026-12-09,L0073,Low
C0471,CASE-2026-0103,Noida-based Kidnapping Inquiry,Kidnapping,Pending Review,"Case file documenting a kidnapping investigation originating in Noida, Uttar Pradesh, including associated communications, financial trails and physical evidence gathered by the investigating team.",2026-08-31,2026-08-31,L0591,High
C0472,CASE-2026-0104,Vehicle Theft Network Ring Operating from Nashik,Vehicle Theft Network,Pending Review,"investigation into suspected vehicle theft network activity centered around Nashik, Maharashtra, involving multiple persons of interest and associated entities identified through communication, financial and location analysis.",2026-03-04,2026-03-04,L0112,Medium
C0473,CASE-2026-0105,Kolkata-based Theft Inquiry,Theft,Pending Review,"investigation into suspected theft activity centered around Kolkata, West Bengal, involving multiple persons of interest and associated entities identified through communication, financial and location analysis.",2026-02-28,2026-02-26,L0328,Low
C0474,CASE-2026-0106,Investigation into Major Cybercrime Activities in Ahmedabad,Major Cybercrime,Open,"This case tracks a suspected major cybercrime matter reported in Ahmedabad, Gujarat. Investigators are examining phone records, financial transactions and location data connected to the individuals involved.",2026-01-29,2026-01-26,L0027,High
C0475,CASE-2026-0107,Indore-based Major Organized Crime Inquiry,Major Organized Crime,Open,"investigation into suspected major organized crime activity centered around Indore, Madhya Pradesh, involving multiple persons of interest and associated entities identified through communication, financial and location analysis.",2026-04-24,2026-04-21,L0465,High
C0476,CASE-2026-0108,Digital Fraud Case Linked to Surat Region,Digital Fraud,Open,"investigation into suspected digital fraud activity centered around Surat, Gujarat, involving multiple persons of interest and associated entities identified through communication, financial and location analysis.",2026-08-26,2026-08-25,L0249,Medium
C0477,CASE-2026-0109,Thane-based Assault Inquiry,Assault,Closed,"record of a assault case based in Thane, Maharashtra, developed to demonstrate cross-referenced trace-graph, CDR and financial analytics for the RAKSHAK platform.",2026-06-08,2026-06-06,L0471,Medium
C0478,CASE-2026-0110,Corporate Fraud Case Linked to Chennai Region,Corporate Fraud,Open,"Case file documenting a corporate fraud investigation originating in Chennai, Tamil Nadu, including associated communications, financial trails and physical evidence gathered by the investigating team.",2026-05-21,2026-05-21,L0482,Medium
C0479,CASE-2026-0111,Property Fraud Network Probe - Ahmedabad,Property Fraud,Under Investigation,"record of a property fraud case based in Ahmedabad, Gujarat, developed to demonstrate cross-referenced trace-graph, CDR and financial analytics for the RAKSHAK platform.",2026-08-25,2026-08-21,L0389,Medium
C0480,CASE-2026-0112,Banking Fraud Case Linked to Jaipur Region,Banking Fraud,Under Investigation,"record of a banking fraud case based in Jaipur, Rajasthan, developed to demonstrate cross-referenced trace-graph, CDR and financial analytics for the RAKSHAK platform.",2026-01-13,2026-01-09,L0566,Low
C0481,CASE-2026-0113,Bhopal Theft Case,Theft,Under Investigation,"investigation into suspected theft activity centered around Bhopal, Madhya Pradesh, involving multiple persons of interest and associated entities identified through communication, financial and location analysis.",2026-12-20,2026-12-19,L0145,Medium
C0482,CASE-2026-0114,Organized Cybercrime Case Linked to Lucknow Region,Organized Cybercrime,Closed,"A demonstration investigation record covering a organized cybercrime incident in Lucknow, Uttar Pradesh, with linked persons, organizations and evidentiary material collected during the inquiry.",2026-04-28,2026-04-24,L0437,Critical
C0483,CASE-2026-0115,Simple Robbery Investigation - Surat Sector,Simple Robbery,Pending Review,"Case file documenting a simple robbery investigation originating in Surat, Gujarat, including associated communications, financial trails and physical evidence gathered by the investigating team.",2026-06-16,2026-06-16,L0312,Critical
C0484,CASE-2026-0116,Chennai-based Financial Fraud Inquiry,Financial Fraud,Under Investigation,"A demonstration investigation record covering a financial fraud incident in Chennai, Tamil Nadu, with linked persons, organizations and evidentiary material collected during the inquiry.",2026-08-27,2026-08-24,L0330,Medium
C0485,CASE-2026-0117,Cyber Extortion Network Probe - Indore,Cyber Extortion,Closed,"investigation into suspected cyber extortion activity centered around Indore, Madhya Pradesh, involving multiple persons of interest and associated entities identified through communication, financial and location analysis.",2026-07-08,2026-07-08,L0479,Low
C0486,CASE-2026-0118,Simple Robbery Ring Operating from Thane,Simple Robbery,Under Investigation,"A demonstration investigation record covering a simple robbery incident in Thane, Maharashtra, with linked persons, organizations and evidentiary material collected during the inquiry.",2026-10-28,2026-10-25,L0067,Medium
C0487,CASE-2026-0119,Financial Fraud Network Probe - Hyderabad,Financial Fraud,Under Investigation,"This case tracks a suspected financial fraud matter reported in Hyderabad, Telangana. Investigators are examining phone records, financial transactions and location data connected to the individuals involved.",2026-07-24,2026-07-22,L0245,Medium
C0488,CASE-2026-0120,Kidnapping Network Probe - Chennai,Kidnapping,Open,"investigation into suspected kidnapping activity centered around Chennai, Tamil Nadu, involving multiple persons of interest and associated entities identified through communication, financial and location analysis.",2026-07-03,2026-07-02,L0017,Medium
C0489,CASE-2026-0121,Thane Payment Fraud Case,Payment Fraud,Open,"A demonstration investigation record covering a payment fraud incident in Thane, Maharashtra, with linked persons, organizations and evidentiary material collected during the inquiry.",2026-01-29,2026-01-24,L0480,Medium
C0490,CASE-2026-0122,Logistics Fraud Ring Operating from Jaipur,Logistics Fraud,Under Investigation,"record of a logistics fraud case based in Jaipur, Rajasthan, developed to demonstrate cross-referenced trace-graph, CDR and financial analytics for the RAKSHAK platform.",2026-01-22,2026-01-17,L0592,Critical
C0491,CASE-2026-0123,Nashik Assault Case,Assault,Under Investigation,"record of a assault case based in Nashik, Maharashtra, developed to demonstrate cross-referenced trace-graph, CDR and financial analytics for the RAKSHAK platform.",2026-05-03,2026-05-02,L0359,High
C0492,CASE-2026-0124,Jaipur Data Theft Case,Data Theft,Pending Review,"investigation into suspected data theft activity centered around Jaipur, Rajasthan, involving multiple persons of interest and associated entities identified through communication, financial and location analysis.",2026-11-26,2026-11-22,L0499,Critical
C0493,CASE-2026-0125,Assault Investigation - Hyderabad Sector,Assault,Under Investigation,"A demonstration investigation record covering a assault incident in Hyderabad, Telangana, with linked persons, organizations and evidentiary material collected during the inquiry.",2026-07-05,2026-07-03,L0090,Medium
C0494,CASE-2026-0126,Document Fraud Ring Operating from Kochi,Document Fraud,Open,"record of a document fraud case based in Kochi, Kerala, developed to demonstrate cross-referenced trace-graph, CDR and financial analytics for the RAKSHAK platform.",2026-05-17,2026-05-16,L0059,High
C0495,CASE-2026-0127,Investigation into Minor Fraud Activities in Noida,Minor Fraud,Closed,"This case tracks a suspected minor fraud matter reported in Noida, Uttar Pradesh. Investigators are examining phone records, financial transactions and location data connected to the individuals involved.",2026-02-07,2026-02-02,L0376,Medium
C0496,CASE-2026-0128,Investigation into Organized Cybercrime Activities in Jaipur,Organized Cybercrime,Pending Review,"Case file documenting a organized cybercrime investigation originating in Jaipur, Rajasthan, including associated communications, financial trails and physical evidence gathered by the investigating team.",2026-06-28,2026-06-23,L0274,Critical
C0497,CASE-2026-0129,Indore Payment Fraud Case,Payment Fraud,Open,"Case file documenting a payment fraud investigation originating in Indore, Madhya Pradesh, including associated communications, financial trails and physical evidence gathered by the investigating team.",2026-08-26,2026-08-21,L0257,Low
C0498,CASE-2026-0130,Corporate Fraud Ring Operating from Hyderabad,Corporate Fraud,Pending Review,"A demonstration investigation record covering a corporate fraud incident in Hyderabad, Telangana, with linked persons, organizations and evidentiary material collected during the inquiry.",2026-11-13,2026-11-10,L0184,High
C0499,CASE-2026-0131,Kidnapping Network Probe - Nashik,Kidnapping,Closed,"This case tracks a suspected kidnapping matter reported in Nashik, Maharashtra. Investigators are examining phone records, financial transactions and location data connected to the individuals involved.",2026-05-18,2026-05-18,L0033,Medium
C0500,CASE-2026-0132,Investigation into Major Organized Crime Activities in Noida,Major Organized Crime,Pending Review,"A demonstration investigation record covering a major organized crime incident in Noida, Uttar Pradesh, with linked persons, organizations and evidentiary material collected during the inquiry.",2026-12-14,2026-12-11,L0514,High
C0501,CASE-2026-0133,Kidnapping Network Probe - Delhi,Kidnapping,Under Investigation,"investigation into suspected kidnapping activity centered around Delhi, Delhi, involving multiple persons of interest and associated entities identified through communication, financial and location analysis.",2026-01-27,2026-01-27,L0281,Medium
C0502,CASE-2026-0134,Ahmedabad Simple Robbery Case,Simple Robbery,Open,"investigation into suspected simple robbery activity centered around Ahmedabad, Gujarat, involving multiple persons of interest and associated entities identified through communication, financial and location analysis.",2026-06-02,2026-05-29,L0193,High
C0503,CASE-2026-0135,Jaipur-based Simple Robbery Inquiry,Simple Robbery,Under Investigation,"A demonstration investigation record covering a simple robbery incident in Jaipur, Rajasthan, with linked persons, organizations and evidentiary material collected during the inquiry.",2026-02-13,2026-02-09,L0274,Low
C0504,CASE-2026-0136,Financial Crime Investigation Ring Operating from Delhi,Financial Crime Investigation,Under Investigation,"record of a financial crime investigation case based in Delhi, Delhi, developed to demonstrate cross-referenced trace-graph, CDR and financial analytics for the RAKSHAK platform.",2026-07-20,2026-07-15,L0177,Critical
C0505,CASE-2026-0137,Financial Fraud Ring Operating from Ahmedabad,Financial Fraud,Pending Review,"record of a financial fraud case based in Ahmedabad, Gujarat, developed to demonstrate cross-referenced trace-graph, CDR and financial analytics for the RAKSHAK platform.",2026-10-18,2026-10-16,L0027,Critical
C0506,CASE-2026-0138,Noida-based Vehicle Theft Inquiry,Vehicle Theft,Under Investigation,"This case tracks a suspected vehicle theft matter reported in Noida, Uttar Pradesh. Investigators are examining phone records, financial transactions and location data connected to the individuals involved.",2026-06-05,2026-06-02,L0508,Medium
C0507,CASE-2026-0139,Investigation into Vehicle Theft Activities in Noida,Vehicle Theft,Pending Review,"A demonstration investigation record covering a vehicle theft incident in Noida, Uttar Pradesh, with linked persons, organizations and evidentiary material collected during the inquiry.",2026-08-29,2026-08-25,L0092,Medium
C0508,CASE-2026-0140,Investigation into Burglary Activities in Hyderabad,Burglary,Pending Review,"record of a burglary case based in Hyderabad, Telangana, developed to demonstrate cross-referenced trace-graph, CDR and financial analytics for the RAKSHAK platform.",2026-03-21,2026-03-16,L0019,Low
C0509,CASE-2026-0141,Property Fraud Investigation - Thane Sector,Property Fraud,Closed,"Case file documenting a property fraud investigation originating in Thane, Maharashtra, including associated communications, financial trails and physical evidence gathered by the investigating team.",2026-08-16,2026-08-15,L0377,Critical
C0510,CASE-2026-0142,Chennai-based Burglary Inquiry,Burglary,Pending Review,"record of a burglary case based in Chennai, Tamil Nadu, developed to demonstrate cross-referenced trace-graph, CDR and financial analytics for the RAKSHAK platform.",2026-03-09,2026-03-06,L0220,High
C0511,CASE-2026-0143,Kochi Large Organized Crime Network Case,Large Organized Crime Network,Open,"A demonstration investigation record covering a large organized crime network incident in Kochi, Kerala, with linked persons, organizations and evidentiary material collected during the inquiry.",2026-01-28,2026-01-24,L0397,Critical
C0512,CASE-2026-0144,Investigation into Money Laundering Investigation Activities in Coimbatore,Money Laundering Investigation,Pending Review,"investigation into suspected money laundering investigation activity centered around Coimbatore, Tamil Nadu, involving multiple persons of interest and associated entities identified through communication, financial and location analysis.",2026-08-14,2026-08-11,L0478,High
C0513,CASE-2026-0145,Investigation into Theft Activities in Hyderabad,Theft,Closed,"A demonstration investigation record covering a theft incident in Hyderabad, Telangana, with linked persons, organizations and evidentiary material collected during the inquiry.",2026-05-02,2026-05-02,L0043,High
C0514,CASE-2026-0146,Minor Fraud Case Linked to Nagpur Region,Minor Fraud,Open,"Case file documenting a minor fraud investigation originating in Nagpur, Maharashtra, including associated communications, financial trails and physical evidence gathered by the investigating team.",2026-07-22,2026-07-21,L0001,High
C0515,CASE-2026-0147,Corporate Fraud Network Probe - Hyderabad,Corporate Fraud,Closed,"record of a corporate fraud case based in Hyderabad, Telangana, developed to demonstrate cross-referenced trace-graph, CDR and financial analytics for the RAKSHAK platform.",2026-03-16,2026-03-13,L0043,Medium
C0516,CASE-2026-0148,Identity Fraud Ring Operating from Pune,Identity Fraud,Open,"Case file documenting a identity fraud investigation originating in Pune, Maharashtra, including associated communications, financial trails and physical evidence gathered by the investigating team.",2026-01-17,2026-01-13,L0252,Low
C0517,CASE-2026-0149,Money Laundering Investigation Investigation - Nagpur Sector,Money Laundering Investigation,Pending Review,"Case file documenting a money laundering investigation investigation originating in Nagpur, Maharashtra, including associated communications, financial trails and physical evidence gathered by the investigating team.",2026-05-17,2026-05-13,L0181,High
C0518,CASE-2026-0150,Financial Crime Investigation Case Linked to Hyderabad Region,Financial Crime Investigation,Pending Review,"A demonstration investigation record covering a financial crime investigation incident in Hyderabad, Telangana, with linked persons, organizations and evidentiary material collected during the inquiry.",2026-11-17,2026-11-14,L0420,Medium
C0519,CASE-2026-0151,Noida Vehicle Theft Network Case,Vehicle Theft Network,Under Investigation,"Case file documenting a vehicle theft network investigation originating in Noida, Uttar Pradesh, including associated communications, financial trails and physical evidence gathered by the investigating team.",2026-04-17,2026-04-15,L0088,Low
C0520,CASE-2026-0152,Investigation into Assault Activities in Coimbatore,Assault,Closed,"Case file documenting a assault investigation originating in Coimbatore, Tamil Nadu, including associated communications, financial trails and physical evidence gathered by the investigating team.",2026-09-14,2026-09-10,L0415,High
C0521,CASE-2026-0153,Organized Cybercrime Ring Operating from Pune,Organized Cybercrime,Pending Review,"A demonstration investigation record covering a organized cybercrime incident in Pune, Maharashtra, with linked persons, organizations and evidentiary material collected during the inquiry.",2026-04-06,2026-04-04,L0252,High
C0522,CASE-2026-0154,Bengaluru-based Payment Fraud Inquiry,Payment Fraud,Under Investigation,"Case file documenting a payment fraud investigation originating in Bengaluru, Karnataka, including associated communications, financial trails and physical evidence gathered by the investigating team.",2026-03-03,2026-03-02,L0385,High
C0523,CASE-2026-0155,Organized Cybercrime Investigation - Bengaluru Sector,Organized Cybercrime,Pending Review,"This case tracks a suspected organized cybercrime matter reported in Bengaluru, Karnataka. Investigators are examining phone records, financial transactions and location data connected to the individuals involved.",2026-08-06,2026-08-06,L0130,Critical
C0524,CASE-2026-0156,Gurugram-based Individual Cyber Fraud Inquiry,Individual Cyber Fraud,Open,"This case tracks a suspected individual cyber fraud matter reported in Gurugram, Haryana. Investigators are examining phone records, financial transactions and location data connected to the individuals involved.",2026-10-31,2026-10-26,L0527,Medium
C0525,CASE-2026-0157,Cyber Extortion Case Linked to Gurugram Region,Cyber Extortion,Open,"A demonstration investigation record covering a cyber extortion incident in Gurugram, Haryana, with linked persons, organizations and evidentiary material collected during the inquiry.",2026-05-07,2026-05-05,L0457,High
C0526,CASE-2026-0158,Identity Fraud Investigation - Bengaluru Sector,Identity Fraud,Open,"Case file documenting a identity fraud investigation originating in Bengaluru, Karnataka, including associated communications, financial trails and physical evidence gathered by the investigating team.",2026-09-17,2026-09-16,L0371,Medium
C0527,CASE-2026-0159,Kidnapping Investigation - Indore Sector,Kidnapping,Open,"This case tracks a suspected kidnapping matter reported in Indore, Madhya Pradesh. Investigators are examining phone records, financial transactions and location data connected to the individuals involved.",2026-07-22,2026-07-19,L0411,Low
C0528,CASE-2026-0160,Kolkata-based Data Theft Inquiry,Data Theft,Open,"This case tracks a suspected data theft matter reported in Kolkata, West Bengal. Investigators are examining phone records, financial transactions and location data connected to the individuals involved.",2026-05-15,2026-05-12,L0367,Low
C0529,CASE-2026-0161,Minor Fraud Investigation - Thane Sector,Minor Fraud,Under Investigation,"record of a minor fraud case based in Thane, Maharashtra, developed to demonstrate cross-referenced trace-graph, CDR and financial analytics for the RAKSHAK platform.",2026-04-30,2026-04-28,L0137,Medium
C0530,CASE-2026-0162,Ahmedabad-based Minor Fraud Inquiry,Minor Fraud,Pending Review,"investigation into suspected minor fraud activity centered around Ahmedabad, Gujarat, involving multiple persons of interest and associated entities identified through communication, financial and location analysis.",2026-05-12,2026-05-08,L0335,Low
C0531,CASE-2026-0163,Kolkata-based Minor Fraud Inquiry,Minor Fraud,Under Investigation,"record of a minor fraud case based in Kolkata, West Bengal, developed to demonstrate cross-referenced trace-graph, CDR and financial analytics for the RAKSHAK platform.",2026-01-03,2026-01-02,L0105,Medium
C0532,CASE-2026-0164,Money Laundering Investigation Network Probe - Pune,Money Laundering Investigation,Open,"Case file documenting a money laundering investigation investigation originating in Pune, Maharashtra, including associated communications, financial trails and physical evidence gathered by the investigating team.",2026-06-25,2026-06-20,L0045,High
C0533,CASE-2026-0165,Identity Fraud Network Probe - Mumbai,Identity Fraud,Under Investigation,"This case tracks a suspected identity fraud matter reported in Mumbai, Maharashtra. Investigators are examining phone records, financial transactions and location data connected to the individuals involved.",2026-02-22,2026-02-19,L0201,Critical
C0534,CASE-2026-0166,Mumbai Banking Fraud Case,Banking Fraud,Open,"investigation into suspected banking fraud activity centered around Mumbai, Maharashtra, involving multiple persons of interest and associated entities identified through communication, financial and location analysis.",2026-03-08,2026-03-08,L0218,Medium
C0535,CASE-2026-0167,Insurance Fraud Ring Operating from Bengaluru,Insurance Fraud,Pending Review,"A demonstration investigation record covering a insurance fraud incident in Bengaluru, Karnataka, with linked persons, organizations and evidentiary material collected during the inquiry.",2026-06-21,2026-06-21,L0282,High
C0536,CASE-2026-0168,Document Fraud Investigation - Hyderabad Sector,Document Fraud,Pending Review,"This case tracks a suspected document fraud matter reported in Hyderabad, Telangana. Investigators are examining phone records, financial transactions and location data connected to the individuals involved.",2026-08-05,2026-08-01,L0164,High
C0537,CASE-2026-0169,Major Cybercrime Network Probe - Jaipur,Major Cybercrime,Open,"investigation into suspected major cybercrime activity centered around Jaipur, Rajasthan, involving multiple persons of interest and associated entities identified through communication, financial and location analysis.",2026-11-29,2026-11-28,L0357,High
C0538,CASE-2026-0170,Vehicle Theft Network Probe - Kolkata,Vehicle Theft,Closed,"investigation into suspected vehicle theft activity centered around Kolkata, West Bengal, involving multiple persons of interest and associated entities identified through communication, financial and location analysis.",2026-08-14,2026-08-14,L0048,Medium
C0539,CASE-2026-0171,Cyber Extortion Investigation - Bhopal Sector,Cyber Extortion,Pending Review,"record of a cyber extortion case based in Bhopal, Madhya Pradesh, developed to demonstrate cross-referenced trace-graph, CDR and financial analytics for the RAKSHAK platform.",2026-11-09,2026-11-05,L0583,Critical
C0540,CASE-2026-0172,Bengaluru-based Large Organized Crime Network Inquiry,Large Organized Crime Network,Closed,"Case file documenting a large organized crime network investigation originating in Bengaluru, Karnataka, including associated communications, financial trails and physical evidence gathered by the investigating team.",2026-09-15,2026-09-15,L0532,Critical
C0541,CASE-2026-0173,Thane-based Unauthorized Access Inquiry,Unauthorized Access,Closed,"Case file documenting a unauthorized access investigation originating in Thane, Maharashtra, including associated communications, financial trails and physical evidence gathered by the investigating team.",2026-12-08,2026-12-07,L0122,Critical
C0542,CASE-2026-0174,Mumbai-based Burglary Inquiry,Burglary,Pending Review,"This case tracks a suspected burglary matter reported in Mumbai, Maharashtra. Investigators are examining phone records, financial transactions and location data connected to the individuals involved.",2026-08-26,2026-08-23,L0525,Medium
C0543,CASE-2026-0175,Mumbai-based Organized Cybercrime Inquiry,Organized Cybercrime,Open,"Case file documenting a organized cybercrime investigation originating in Mumbai, Maharashtra, including associated communications, financial trails and physical evidence gathered by the investigating team.",2026-08-27,2026-08-27,L0218,High
C0544,CASE-2026-0176,Nashik Identity Fraud Case,Identity Fraud,Closed,"This case tracks a suspected identity fraud matter reported in Nashik, Maharashtra. Investigators are examining phone records, financial transactions and location data connected to the individuals involved.",2026-03-04,2026-03-03,L0359,High
C0545,CASE-2026-0177,Organized Cybercrime Network Probe - Pune,Organized Cybercrime,Pending Review,"This case tracks a suspected organized cybercrime matter reported in Pune, Maharashtra. Investigators are examining phone records, financial transactions and location data connected to the individuals involved.",2026-09-06,2026-09-01,L0197,High
C0546,CASE-2026-0178,Pune Money Laundering Investigation Case,Money Laundering Investigation,Closed,"A demonstration investigation record covering a money laundering investigation incident in Pune, Maharashtra, with linked persons, organizations and evidentiary material collected during the inquiry.",2026-06-21,2026-06-18,L0241,Critical
C0547,CASE-2026-0179,Hyderabad-based Logistics Fraud Inquiry,Logistics Fraud,Under Investigation,"This case tracks a suspected logistics fraud matter reported in Hyderabad, Telangana. Investigators are examining phone records, financial transactions and location data connected to the individuals involved.",2026-07-07,2026-07-07,L0426,High
C0548,CASE-2026-0180,Assault Investigation - Noida Sector,Assault,Pending Review,"Case file documenting a assault investigation originating in Noida, Uttar Pradesh, including associated communications, financial trails and physical evidence gathered by the investigating team.",2026-11-27,2026-11-26,L0088,Medium
C0549,CASE-2026-0181,Cyber Extortion Case Linked to Pune Region,Cyber Extortion,Under Investigation,"record of a cyber extortion case based in Pune, Maharashtra, developed to demonstrate cross-referenced trace-graph, CDR and financial analytics for the RAKSHAK platform.",2026-05-26,2026-05-25,L0492,Low
C0550,CASE-2026-0182,Large Financial Crime Network Network Probe - Chennai,Large Financial Crime Network,Pending Review,"This case tracks a suspected large financial crime network matter reported in Chennai, Tamil Nadu. Investigators are examining phone records, financial transactions and location data connected to the individuals involved.",2026-06-04,2026-06-04,L0150,Critical
C0551,CASE-2026-0183,Vehicle Theft Case Linked to Bhopal Region,Vehicle Theft,Under Investigation,"Case file documenting a vehicle theft investigation originating in Bhopal, Madhya Pradesh, including associated communications, financial trails and physical evidence gathered by the investigating team.",2026-07-04,2026-06-30,L0414,Low
C0552,CASE-2026-0184,Delhi Cyber Extortion Case,Cyber Extortion,Closed,"Case file documenting a cyber extortion investigation originating in Delhi, Delhi, including associated communications, financial trails and physical evidence gathered by the investigating team.",2026-05-08,2026-05-08,L0383,Medium
