device_id,device_type,identifier,owner_person_id,phone_id,first_seen,last_seen,status,case_id
D00001,Laptop,-IMEI-651506825,P00002,PH00003,2024-10-28,2024-01-25,Active,C0001
D00002,Tablet,-IMEI-870503340,P00008,PH00007,2024-10-19,2024-04-25,Inactive,C0002
D00003,Mobile,-IMEI-063970728,P00010,PH00009,2024-08-28,2024-11-04,Inactive,C0002
D00004,Mobile,-IMEI-648726462,P00012,PH00010,2024-11-16,2024-01-16,Active,C0002
D00005,Laptop,-IMEI-416851266,P00021,PH00018,2024-03-28,2024-06-10,Inactive,C0002
D00006,Desktop,-IMEI-367240263,P00023,PH00020,2024-04-21,2024-10-27,Inactive,C0002
D00007,Tablet,-IMEI-962775883,P00026,PH00021,2024-01-15,2024-01-31,Active,C0002
D00008,Desktop,-IMEI-122944626,P00028,PH00022,2024-07-20,2024-04-28,Active,C0002
D00009,Workstation,-IMEI-304517929,P00029,nan,2024-02-06,2024-09-23,Active,C0002
D00010,Mobile,-IMEI-522393962,P00032,PH00024,2024-02-14,2024-06-10,Inactive,C0002
D00011,Laptop,-IMEI-881894010,P00035,PH00026,2024-11-08,2024-12-01,Inactive,C0003
D00012,Workstation,-IMEI-793805940,P00037,nan,2024-05-25,2024-09-23,Active,C0003
D00013,Desktop,-IMEI-985768647,P00038,PH00028,2024-02-01,2024-01-17,Active,C0003
D00014,Tablet,-IMEI-963833796,P00039,PH00029,2024-02-26,2024-07-16,Inactive,C0003
D00015,Tablet,-IMEI-778366992,P00040,PH00031,2024-03-07,2024-07-10,Active,C0003
D00016,Desktop,-IMEI-193062983,P00044,PH00034,2024-10-05,2024-12-09,Active,C0003
D00017,Workstation,-IMEI-247336252,P00048,nan,2024-01-11,2024-05-21,Active,C0003
D00018,Tablet,-IMEI-821959627,P00049,nan,2024-09-05,2024-01-09,Active,C0003
D00019,Desktop,-IMEI-786075025,P00053,PH00040,2024-07-31,2024-03-07,Active,C0003
D00020,Tablet,-IMEI-486903322,P00054,PH00041,2024-11-04,2024-04-24,Active,C0003
D00021,Laptop,-IMEI-146968057,P00055,nan,2024-03-14,2024-03-30,Active,C0003
D00022,Desktop,-IMEI-892652034,P00058,nan,2024-08-25,2024-08-02,Active,C0004
D00023,Desktop,-IMEI-201831842,P00059,PH00044,2024-04-16,2024-09-04,Active,C0004
D00024,Tablet,-IMEI-191907920,P00061,PH00047,2024-02-18,2024-03-05,Active,C0004
D00025,Workstation,-IMEI-848533297,P00064,nan,2024-06-30,2024-10-16,Inactive,C0004
D00026,Desktop,-IMEI-989105500,P00067,nan,2024-10-02,2024-01-30,Active,C0004
D00027,Workstation,-IMEI-688675739,P00071,nan,2024-12-29,2024-04-14,Active,C0004
D00028,Mobile,-IMEI-470858471,P00072,PH00054,2024-12-29,2024-06-29,Active,C0004
D00029,Desktop,-IMEI-704951238,P00073,PH00055,2024-12-13,2024-12-22,Active,C0004
D00030,Laptop,-IMEI-206055421,P00075,PH00056,2024-11-13,2024-10-09,Active,C0005
D00031,Tablet,-IMEI-398133949,P00076,nan,2024-06-22,2024-10-18,Active,C0005
D00032,Laptop,-IMEI-663095528,P00077,nan,2024-02-13,2024-05-09,Active,C0005
D00033,Workstation,-IMEI-586891329,P00079,PH00057,2024-05-17,2024-04-17,Active,C0005
D00034,Workstation,-IMEI-079375305,P00081,PH00059,2024-03-14,2024-05-11,Active,C0006
D00035,Laptop,-IMEI-233193248,P00085,nan,2024-04-24,2024-05-20,Active,C0006
D00036,Desktop,-IMEI-507679187,P00087,PH00063,2024-03-22,2024-12-24,Active,C0006
D00037,Mobile,-IMEI-165362816,P00091,PH00067,2024-12-29,2024-01-14,Active,C0006
D00038,Workstation,-IMEI-281789907,P00096,nan,2024-01-10,2024-03-18,Active,C0006
D00039,Mobile,-IMEI-789731609,P00102,PH00074,2024-09-04,2024-05-01,Inactive,C0006
D00040,Workstation,-IMEI-821988751,P00106,PH00078,2024-03-21,2024-04-09,Active,C0006
D00041,Desktop,-IMEI-058376718,P00108,PH00080,2024-09-13,2024-09-17,Active,C0006
D00042,Mobile,-IMEI-057485822,P00110,nan,2024-02-20,2024-08-02,Active,C0006
D00043,Mobile,-IMEI-206808785,P00113,PH00084,2024-10-18,2024-11-26,Active,C0007
D00044,Mobile,-IMEI-396770295,P00114,nan,2024-06-23,2024-04-16,Active,C0007
D00045,Tablet,-IMEI-555845816,P00116,PH00086,2024-09-19,2024-04-03,Active,C0007
D00046,Workstation,-IMEI-626618123,P00117,PH00087,2024-10-10,2024-05-30,Active,C0007
D00047,Tablet,-IMEI-467285228,P00120,nan,2024-01-07,2024-05-10,Active,C0007
D00048,Tablet,-IMEI-935238482,P00014,nan,2024-10-18,2024-03-28,Inactive,C0008
D00049,Tablet,-IMEI-288888289,P00131,PH00094,2024-05-10,2024-06-26,Active,C0008
D00050,Workstation,-IMEI-939602204,P00132,PH00096,2024-04-15,2024-04-17,Active,C0008
D00051,Tablet,-IMEI-172290781,P00136,PH00098,2024-09-03,2024-03-21,Active,C0008
D00052,Mobile,-IMEI-110182184,P00139,PH00100,2024-04-24,2024-01-22,Active,C0008
D00053,Laptop,-IMEI-993008314,P00140,PH00101,2024-10-28,2024-08-22,Active,C0008
D00054,Mobile,-IMEI-895092299,P00141,PH00102,2024-06-03,2024-08-20,Inactive,C0008
D00055,Workstation,-IMEI-338307926,P00142,PH00104,2024-12-13,2024-04-23,Inactive,C0009
D00056,Mobile,-IMEI-870468743,P00144,nan,2024-01-14,2024-08-14,Active,C0009
D00057,Desktop,-IMEI-467476314,P00147,PH00107,2024-10-05,2024-04-25,Inactive,C0009
D00058,Tablet,-IMEI-311815504,P00148,PH00108,2024-03-07,2024-08-26,Active,C0009
D00059,Workstation,-IMEI-769605587,P00151,PH00111,2024-06-06,2024-06-09,Active,C0010
D00060,Laptop,-IMEI-733930010,P00155,PH00114,2024-05-20,2024-02-28,Active,C0010
D00061,Mobile,-IMEI-981271602,P00158,nan,2024-11-15,2024-12-23,Active,C0010
D00062,Desktop,-IMEI-133491252,P00163,PH00122,2024-09-21,2024-08-28,Inactive,C0011
D00063,Mobile,-IMEI-873666467,P00165,PH00124,2024-06-18,2024-06-03,Active,C0011
D00064,Mobile,-IMEI-071935975,P00166,PH00126,2024-07-02,2024-08-19,Active,C0011
D00065,Mobile,-IMEI-586926776,P00168,PH00127,2024-11-06,2024-11-21,Inactive,C0011
D00066,Laptop,-IMEI-659363642,P00172,PH00130,2024-03-30,2024-08-25,Active,C0011
D00067,Laptop,-IMEI-767440618,P00173,PH00131,2024-12-01,2024-03-20,Active,C0011
D00068,Tablet,-IMEI-638390187,P00175,nan,2024-11-22,2024-01-25,Active,C0011
D00069,Mobile,-IMEI-907116937,P00177,PH00134,2024-10-04,2024-10-07,Active,C0011
D00070,Mobile,-IMEI-093389201,P00183,PH00141,2024-04-29,2024-09-05,Active,C0012
D00071,Tablet,-IMEI-521952950,P00185,PH00143,2024-12-10,2024-10-06,Active,C0012
D00072,Desktop,-IMEI-558528979,P00186,PH00144,2024-04-30,2024-10-29,Active,C0012
D00073,Desktop,-IMEI-951237091,P00187,nan,2024-12-31,2024-05-13,Active,C0012
D00074,Desktop,-IMEI-898005043,P00189,PH00146,2024-08-25,2024-10-23,Active,C0012
D00075,Mobile,-IMEI-529601973,P00193,nan,2024-12-13,2024-12-24,Active,C0013
D00076,Tablet,-IMEI-604559978,P00198,PH00153,2024-02-13,2024-11-18,Active,C0014
D00077,Workstation,-IMEI-260337356,P00200,PH00155,2024-05-15,2024-06-25,Active,C0014
D00078,Workstation,-IMEI-625601600,P00201,nan,2024-12-27,2024-06-09,Inactive,C0014
D00079,Desktop,-IMEI-357897966,P00202,PH00156,2024-08-24,2024-10-14,Inactive,C0014
D00080,Laptop,-IMEI-215867040,P00205,PH00159,2024-11-20,2024-05-02,Active,C0014
D00081,Laptop,-IMEI-788895427,P00206,PH00160,2024-06-10,2024-05-29,Active,C0014
D00082,Desktop,-IMEI-866877318,P00209,PH00161,2024-12-10,2024-06-29,Inactive,C0014
D00083,Tablet,-IMEI-160689244,P00210,PH00162,2024-02-13,2024-02-20,Active,C0014
D00084,Workstation,-IMEI-776014547,P00214,nan,2024-04-16,2024-07-13,Active,C0014
D00085,Mobile,-IMEI-478131746,P00218,PH00166,2024-12-08,2024-04-09,Active,C0015
D00086,Tablet,-IMEI-046013804,P00223,PH00171,2024-09-05,2024-10-29,Inactive,C0015
D00087,Desktop,-IMEI-285488676,P00224,PH00172,2024-10-02,2024-12-04,Inactive,C0015
D00088,Mobile,-IMEI-532585515,P00227,PH00174,2024-12-30,2024-01-15,Active,C0015
D00089,Desktop,-IMEI-856670202,P00230,PH00178,2024-07-10,2024-05-18,Active,C0015
D00090,Desktop,-IMEI-813303658,P00231,PH00179,2024-05-30,2024-03-02,Active,C0015
D00091,Mobile,-IMEI-178777701,P00233,PH00181,2024-01-20,2024-12-30,Active,C0015
D00092,Desktop,-IMEI-127496852,P00236,PH00183,2024-03-24,2024-12-04,Inactive,C0015
D00093,Tablet,-IMEI-279290514,P00240,PH00186,2024-03-08,2024-05-30,Active,C0016
D00094,Laptop,-IMEI-828549908,P00243,PH00188,2024-04-06,2024-03-10,Active,C0016
D00095,Desktop,-IMEI-142015997,P00244,PH00189,2024-12-01,2024-07-29,Active,C0016
D00096,Laptop,-IMEI-070401522,P00245,PH00190,2024-01-31,2024-11-11,Inactive,C0016
D00097,Mobile,-IMEI-324818833,P00248,nan,2024-01-05,2024-01-27,Active,C0016
D00098,Laptop,-IMEI-378675189,P00251,PH00194,2024-08-06,2024-08-02,Active,C0016
D00099,Workstation,-IMEI-190735809,P00253,PH00196,2024-02-16,2024-08-20,Active,C0016
D00100,Desktop,-IMEI-123121891,P00255,PH00197,2024-02-10,2024-04-25,Active,C0016
D00101,Tablet,-IMEI-938607628,P00258,PH00198,2024-01-23,2024-12-27,Active,C0016
D00102,Laptop,-IMEI-344979381,P00259,PH00199,2024-03-11,2024-12-21,Active,C0016
D00103,Laptop,-IMEI-476963669,P00262,PH00202,2024-03-16,2024-06-24,Active,C0016
D00104,Mobile,-IMEI-415764458,P00263,PH00203,2024-11-05,2024-07-10,Active,C0016
D00105,Laptop,-IMEI-749902580,P00265,nan,2024-12-21,2024-12-19,Active,C0017
D00106,Tablet,-IMEI-130371635,P00269,PH00206,2024-06-07,2024-06-13,Active,C0017
D00107,Desktop,-IMEI-998522176,P00270,nan,2024-09-01,2024-10-21,Active,C0017
D00108,Laptop,-IMEI-554680203,P00271,nan,2024-08-31,2024-10-04,Active,C0017
D00109,Desktop,-IMEI-707468896,P00272,PH00207,2024-01-09,2024-07-02,Active,C0017
D00110,Laptop,-IMEI-014810549,P00273,PH00209,2024-05-30,2024-07-29,Active,C0018
D00111,Desktop,-IMEI-767867606,P00276,PH00212,2024-11-27,2024-11-10,Active,C0018
D00112,Desktop,-IMEI-001170123,P00282,nan,2024-04-03,2024-01-15,Active,C0018
D00113,Desktop,-IMEI-450960830,P00285,PH00220,2024-07-27,2024-01-12,Active,C0018
D00114,Desktop,-IMEI-337112192,P00287,PH00222,2024-06-30,2024-01-31,Active,C0018
D00115,Laptop,-IMEI-122960934,P00288,PH00223,2024-03-28,2024-07-17,Inactive,C0018
D00116,Mobile,-IMEI-699436182,P00291,PH00226,2024-09-23,2024-01-30,Inactive,C0018
D00117,Desktop,-IMEI-698610241,P00295,PH00227,2024-05-14,2024-08-08,Active,C0019
D00118,Desktop,-IMEI-439007575,P00297,PH00231,2024-11-11,2024-01-05,Active,C0019
D00119,Desktop,-IMEI-683605674,P00300,nan,2024-06-14,2024-07-03,Active,C0019
D00120,Tablet,-IMEI-610163726,P00301,nan,2024-01-28,2024-04-02,Active,C0020
D00121,Desktop,-IMEI-554393971,P00303,nan,2024-01-25,2024-08-24,Inactive,C0020
D00122,Laptop,-IMEI-169211291,P00306,PH00236,2024-11-07,2024-10-05,Inactive,C0020
D00123,Desktop,-IMEI-974313353,P00308,PH00238,2024-05-06,2024-05-23,Active,C0020
D00124,Desktop,-IMEI-872194552,P00318,PH00250,2024-02-28,2024-09-28,Active,C0020
D00125,Workstation,-IMEI-396594605,P00320,PH00252,2024-01-20,2024-08-11,Inactive,C0020
D00126,Tablet,-IMEI-680344392,P00323,PH00254,2024-07-28,2024-05-30,Active,C0020
D00127,Workstation,-IMEI-576018658,P00326,nan,2024-02-18,2024-05-03,Active,C0020
D00128,Workstation,-IMEI-336285028,P00327,PH00256,2024-03-13,2024-01-13,Active,C0020
D00129,Laptop,-IMEI-256624948,P00329,PH00259,2024-07-25,2024-03-09,Active,C0020
D00130,Tablet,-IMEI-367457545,P00330,nan,2024-12-17,2024-12-08,Inactive,C0020
D00131,Desktop,-IMEI-584011182,P00336,PH00267,2024-04-02,2024-04-27,Active,C0021
D00132,Mobile,-IMEI-645281780,P00337,PH00268,2024-11-13,2024-03-09,Active,C0021
D00133,Tablet,-IMEI-007862868,P00341,PH00271,2024-07-26,2024-04-02,Active,C0022
D00134,Desktop,-IMEI-343087332,P00343,PH00273,2024-02-13,2024-01-03,Active,C0022
D00135,Tablet,-IMEI-136168242,P00344,nan,2024-04-17,2024-06-28,Active,C0022
D00136,Workstation,-IMEI-189617493,P00345,PH00274,2024-08-05,2024-04-17,Active,C0022
D00137,Mobile,-IMEI-028257520,P00060,nan,2024-06-20,2024-08-01,Inactive,C0023
D00138,Laptop,-IMEI-415850822,P00347,PH00276,2024-08-30,2024-09-23,Active,C0023
D00139,Desktop,-IMEI-801946435,P00349,PH00277,2024-12-15,2024-07-07,Active,C0024
D00140,Tablet,-IMEI-696474230,P00353,PH00280,2024-09-12,2024-06-01,Active,C0024
D00141,Workstation,-IMEI-361600240,P00355,PH00282,2024-01-18,2024-05-12,Active,C0024
D00142,Mobile,-IMEI-470652648,P00359,PH00285,2024-03-05,2024-05-24,Active,C0024
D00143,Desktop,-IMEI-452118030,P00367,PH00292,2024-02-03,2024-02-05,Active,C0024
D00144,Workstation,-IMEI-012814508,P00371,PH00296,2024-09-14,2024-06-30,Inactive,C0024
D00145,Tablet,-IMEI-580755413,P00372,PH00297,2024-07-10,2024-09-20,Active,C0024
D00146,Tablet,-IMEI-011379275,P00376,nan,2024-04-28,2024-06-14,Active,C0025
D00147,Tablet,-IMEI-814060565,P00379,nan,2024-01-02,2024-06-06,Active,C0025
D00148,Mobile,-IMEI-720857649,P00381,nan,2024-04-20,2024-06-27,Active,C0025
D00149,Laptop,-IMEI-780773239,P00384,nan,2024-08-12,2024-05-03,Active,C0025
D00150,Workstation,-IMEI-037923057,P00385,PH00303,2024-09-11,2024-01-23,Inactive,C0025
D00151,Mobile,-IMEI-212605333,P00391,PH00309,2024-06-10,2024-01-05,Active,C0026
D00152,Mobile,-IMEI-187695309,P00395,nan,2024-04-03,2024-07-12,Active,C0028
D00153,Mobile,-IMEI-738836853,P00397,PH00313,2024-12-30,2024-08-12,Active,C0028
D00154,Tablet,-IMEI-950263498,P00400,PH00317,2024-02-09,2024-03-18,Active,C0028
D00155,Desktop,-IMEI-237418852,P00401,PH00318,2024-08-18,2024-12-16,Active,C0028
D00156,Desktop,-IMEI-803712640,P00403,nan,2024-11-23,2024-02-16,Active,C0029
D00157,Mobile,-IMEI-099552871,P00404,PH00320,2024-04-17,2024-04-24,Active,C0029
D00158,Tablet,-IMEI-481542718,P00407,PH00324,2024-08-04,2024-05-17,Active,C0029
D00159,Tablet,-IMEI-871957926,P00414,PH00330,2024-08-30,2024-01-23,Active,C0029
D00160,Laptop,-IMEI-733150716,P00418,nan,2024-04-22,2024-06-10,Active,C0029
D00161,Laptop,-IMEI-443831544,P00426,PH00340,2024-06-24,2024-10-08,Active,C0029
D00162,Tablet,-IMEI-375884257,P00427,nan,2024-08-09,2024-09-07,Active,C0029
D00163,Tablet,-IMEI-559563145,P00432,PH00344,2024-09-11,2024-01-14,Active,C0029
D00164,Laptop,-IMEI-918658251,P00433,PH00345,2024-03-05,2024-07-23,Active,C0029
D00165,Desktop,-IMEI-087492688,P00434,PH00346,2024-04-23,2024-01-20,Active,C0029
D00166,Mobile,-IMEI-165032227,P00435,nan,2024-07-27,2024-12-08,Inactive,C0029
D00167,Laptop,-IMEI-810175127,P00437,PH00349,2024-07-02,2024-11-12,Active,C0029
D00168,Mobile,-IMEI-941073267,P00438,nan,2024-04-13,2024-06-16,Active,C0029
D00169,Desktop,-IMEI-888731573,P00439,PH00351,2024-10-24,2024-11-10,Active,C0029
D00170,Workstation,-IMEI-866121044,P00441,PH00352,2024-03-04,2024-07-14,Active,C0029
D00171,Workstation,-IMEI-091480006,P00443,PH00355,2024-09-11,2024-09-24,Inactive,C0029
D00172,Desktop,-IMEI-369156341,P00445,nan,2024-09-28,2024-03-13,Inactive,C0029
D00173,Tablet,-IMEI-125364840,P00446,nan,2024-10-21,2024-05-16,Active,C0029
D00174,Workstation,-IMEI-643869646,P00449,nan,2024-08-26,2024-06-30,Active,C0029
D00175,Desktop,-IMEI-143519877,P00452,nan,2024-06-19,2024-08-08,Active,C0029
D00176,Tablet,-IMEI-220744105,P00453,PH00361,2024-02-19,2024-11-03,Inactive,C0029
D00177,Workstation,-IMEI-865962558,P00454,PH00362,2024-12-17,2024-12-22,Active,C0029
D00178,Laptop,-IMEI-816302219,P00460,nan,2024-01-20,2024-08-30,Active,C0031
D00179,Tablet,-IMEI-584516122,P00462,nan,2024-05-13,2024-03-04,Active,C0031
D00180,Desktop,-IMEI-827928911,P00463,PH00368,2024-07-31,2024-11-30,Inactive,C0031
D00181,Desktop,-IMEI-406509182,P00464,PH00369,2024-12-19,2024-02-12,Active,C0031
D00182,Desktop,-IMEI-376223587,P00466,PH00370,2024-09-06,2024-10-20,Active,C0031
D00183,Laptop,-IMEI-039641299,P00469,PH00373,2024-08-18,2024-07-25,Active,C0031
D00184,Mobile,-IMEI-904470072,P00471,PH00376,2024-12-19,2024-05-16,Active,C0031
D00185,Laptop,-IMEI-057191022,P00472,PH00377,2024-05-17,2024-05-05,Active,C0031
D00186,Laptop,-IMEI-831087680,P00474,PH00380,2024-03-29,2024-01-01,Inactive,C0031
D00187,Desktop,-IMEI-054464221,P00478,nan,2024-04-12,2024-07-24,Active,C0031
D00188,Mobile,-IMEI-352980995,P00479,PH00384,2024-11-28,2024-08-01,Inactive,C0031
D00189,Mobile,-IMEI-116042108,P00480,PH00385,2024-11-29,2024-03-18,Active,C0031
D00190,Desktop,-IMEI-490766724,P00481,nan,2024-09-13,2024-01-31,Inactive,C0031
D00191,Workstation,-IMEI-702905154,P00482,nan,2024-11-03,2024-06-22,Active,C0031
D00192,Laptop,-IMEI-422051047,P00483,nan,2024-05-30,2024-07-08,Active,C0031
D00193,Mobile,-IMEI-028723725,P00486,PH00386,2024-06-15,2024-05-05,Active,C0032
D00194,Desktop,-IMEI-688837037,P00487,PH00387,2024-08-21,2024-05-20,Active,C0032
D00195,Mobile,-IMEI-441692789,P00488,nan,2024-09-23,2024-04-23,Active,C0032
D00196,Mobile,-IMEI-138290091,P00489,PH00388,2024-09-10,2024-05-05,Active,C0032
D00197,Laptop,-IMEI-823782647,P00491,PH00390,2024-09-18,2024-05-26,Active,C0032
D00198,Workstation,-IMEI-705158768,P00231,nan,2024-02-08,2024-05-22,Active,C0033
D00199,Mobile,-IMEI-483372357,P00237,nan,2024-06-30,2024-04-15,Active,C0033
D00200,Tablet,-IMEI-866222423,P00493,nan,2024-09-18,2024-11-29,Active,C0034
D00201,Mobile,-IMEI-023771897,P00494,PH00391,2024-07-26,2024-05-07,Inactive,C0034
D00202,Workstation,-IMEI-895352080,P00495,nan,2024-06-08,2024-07-08,Inactive,C0034
D00203,Desktop,-IMEI-597871037,P00496,PH00392,2024-07-01,2024-12-06,Active,C0034
D00204,Laptop,-IMEI-423202761,P00498,PH00394,2024-03-12,2024-11-16,Inactive,C0034
D00205,Laptop,-IMEI-812275905,P00500,PH00395,2024-11-03,2024-07-08,Inactive,C0035
D00206,Desktop,-IMEI-269708459,P00503,PH00399,2024-05-29,2024-12-09,Inactive,C0035
D00207,Mobile,-IMEI-877918968,P00505,PH00401,2024-02-22,2024-01-08,Inactive,C0035
D00208,Workstation,-IMEI-423186408,P00508,PH00403,2024-06-28,2024-03-14,Inactive,C0035
D00209,Laptop,-IMEI-333615729,P00509,PH00404,2024-06-16,2024-03-01,Active,C0035
D00210,Workstation,-IMEI-073140087,P00515,PH00407,2024-08-18,2024-03-21,Active,C0035
D00211,Workstation,-IMEI-106736562,P00516,nan,2024-11-10,2024-03-16,Active,C0035
D00212,Tablet,-IMEI-428265116,P00517,PH00408,2024-07-23,2024-03-28,Inactive,C0035
D00213,Workstation,-IMEI-278590698,P00522,nan,2024-10-16,2024-10-18,Active,C0035
D00214,Workstation,-IMEI-356965281,P00526,PH00415,2024-06-26,2024-04-22,Active,C0036
D00215,Tablet,-IMEI-499867161,P00528,PH00416,2024-04-25,2024-06-13,Active,C0036
D00216,Tablet,-IMEI-678502132,P00529,nan,2024-04-08,2024-08-31,Active,C0036
D00217,Workstation,-IMEI-372243531,P00531,PH00418,2024-07-05,2024-07-26,Active,C0037
D00218,Mobile,-IMEI-954524518,P00537,PH00421,2024-05-25,2024-08-24,Inactive,C0037
D00219,Tablet,-IMEI-645494620,P00538,PH00422,2024-03-27,2024-05-02,Active,C0037
D00220,Mobile,-IMEI-193660640,P00541,PH00425,2024-07-05,2024-07-01,Active,C0037
D00221,Workstation,-IMEI-459911623,P00546,nan,2024-09-20,2024-03-02,Active,C0037
D00222,Desktop,-IMEI-169326272,P00552,PH00432,2024-03-27,2024-10-24,Active,C0037
D00223,Mobile,-IMEI-416814957,P00553,PH00433,2024-07-14,2024-11-16,Active,C0037
D00224,Laptop,-IMEI-968004734,P00554,PH00434,2024-08-05,2024-09-20,Active,C0037
D00225,Tablet,-IMEI-996847179,P00556,PH00436,2024-09-17,2024-10-12,Active,C0038
D00226,Tablet,-IMEI-566963041,P00558,PH00437,2024-01-05,2024-08-12,Active,C0038
D00227,Workstation,-IMEI-927659290,P00561,PH00439,2024-12-11,2024-07-13,Active,C0038
D00228,Tablet,-IMEI-527173574,P00562,PH00440,2024-05-09,2024-11-25,Inactive,C0038
D00229,Laptop,-IMEI-667099579,P00568,nan,2024-07-31,2024-07-14,Active,C0038
D00230,Mobile,-IMEI-591958415,P00569,nan,2024-05-06,2024-12-30,Active,C0038
D00231,Desktop,-IMEI-355650804,P00572,nan,2024-02-02,2024-09-08,Inactive,C0038
D00232,Laptop,-IMEI-340625805,P00573,nan,2024-09-25,2024-01-14,Active,C0038
D00233,Tablet,-IMEI-630821388,P00581,PH00452,2024-06-05,2024-12-08,Active,C0039
D00234,Workstation,-IMEI-419084745,P00299,nan,2024-06-21,2024-03-18,Active,C0040
D00235,Tablet,-IMEI-694607708,P00582,PH00453,2024-01-12,2024-10-04,Active,C0040
D00236,Workstation,-IMEI-622286638,P00583,nan,2024-06-15,2024-07-11,Active,C0040
D00237,Laptop,-IMEI-505531663,P00590,nan,2024-01-28,2024-07-14,Active,C0040
D00238,Tablet,-IMEI-651865463,P00591,PH00459,2024-11-06,2024-06-20,Active,C0040
D00239,Desktop,-IMEI-963752489,P00592,nan,2024-04-08,2024-03-06,Active,C0040
D00240,Laptop,-IMEI-253060024,P00594,PH00462,2024-05-10,2024-07-17,Active,C0040
D00241,Workstation,-IMEI-533026260,P00531,nan,2024-09-10,2024-07-21,Inactive,C0041
D00242,Tablet,-IMEI-435622933,P00596,PH00464,2024-04-10,2024-09-27,Active,C0041
D00243,Laptop,-IMEI-917035884,P00601,PH00469,2024-11-05,2024-07-28,Active,C0043
D00244,Desktop,-IMEI-826936366,P00602,PH00470,2024-05-24,2024-06-22,Active,C0043
D00245,Mobile,-IMEI-419998167,P00604,PH00473,2024-09-03,2024-11-15,Active,C0043
D00246,Laptop,-IMEI-949471117,P00608,PH00477,2024-02-19,2024-07-15,Active,C0043
D00247,Mobile,-IMEI-314486890,P00609,PH00478,2024-08-24,2024-10-01,Active,C0043
D00248,Laptop,-IMEI-116876235,P00086,nan,2024-02-16,2024-11-08,Active,C0044
D00249,Workstation,-IMEI-166072502,P00611,nan,2024-04-09,2024-08-07,Active,C0044
D00250,Workstation,-IMEI-302982335,P00235,nan,2024-07-31,2024-04-19,Active,C0045
D00251,Desktop,-IMEI-985628155,P00613,nan,2024-10-13,2024-04-18,Active,C0045
D00252,Laptop,-IMEI-470613542,P00617,PH00484,2024-04-11,2024-09-22,Active,C0045
D00253,Tablet,-IMEI-533904819,P00618,PH00485,2024-01-08,2024-02-23,Active,C0045
D00254,Desktop,-IMEI-381841879,P00620,PH00486,2024-08-06,2024-01-02,Active,C0045
D00255,Mobile,-IMEI-804752137,P00621,PH00487,2024-03-29,2024-07-15,Active,C0045
D00256,Tablet,-IMEI-065361069,P00622,PH00488,2024-06-01,2024-05-11,Active,C0045
D00257,Mobile,-IMEI-722741746,P00623,PH00489,2024-06-17,2024-06-28,Active,C0045
D00258,Tablet,-IMEI-729183712,P00624,PH00490,2024-10-25,2024-07-19,Active,C0045
D00259,Laptop,-IMEI-454913291,P00626,PH00491,2024-09-21,2024-07-16,Active,C0045
D00260,Laptop,-IMEI-417474073,P00630,PH00494,2024-06-09,2024-08-10,Active,C0045
D00261,Tablet,-IMEI-711796110,P00632,PH00495,2024-12-18,2024-07-23,Active,C0045
D00262,Mobile,-IMEI-477249237,P00634,nan,2024-10-04,2024-12-11,Active,C0045
D00263,Desktop,-IMEI-140209359,P00636,nan,2024-12-24,2024-04-14,Inactive,C0045
D00264,Mobile,-IMEI-465167115,P00638,nan,2024-05-01,2024-03-22,Active,C0045
D00265,Desktop,-IMEI-427434285,P00639,nan,2024-08-17,2024-11-28,Active,C0045
D00266,Workstation,-IMEI-381106175,P00641,PH00500,2024-09-26,2024-03-15,Active,C0045
D00267,Mobile,-IMEI-539023245,P00643,PH00502,2024-11-27,2024-01-26,Active,C0046
D00268,Desktop,-IMEI-807540343,P00645,PH00504,2024-08-05,2024-12-17,Active,C0046
D00269,Mobile,-IMEI-836393617,P00650,PH00510,2024-09-08,2024-08-26,Active,C0046
D00270,Tablet,-IMEI-443618266,P00652,nan,2024-08-27,2024-06-07,Active,C0046
D00271,Workstation,-IMEI-699947941,P00653,nan,2024-07-07,2024-01-26,Inactive,C0046
D00272,Tablet,-IMEI-782635707,P00654,nan,2024-05-07,2024-08-02,Active,C0046
D00273,Desktop,-IMEI-896036219,P00657,PH00512,2024-07-25,2024-11-13,Active,C0046
D00274,Desktop,-IMEI-433431407,P00659,PH00514,2024-08-27,2024-05-20,Active,C0046
D00275,Desktop,-IMEI-040165455,P00663,PH00516,2024-07-26,2024-08-24,Inactive,C0046
D00276,Desktop,-IMEI-598430434,P00664,PH00517,2024-05-16,2024-09-18,Active,C0046
D00277,Desktop,-IMEI-407641326,P00669,PH00521,2024-09-21,2024-05-12,Inactive,C0047
D00278,Mobile,-IMEI-245229455,P00670,PH00522,2024-12-11,2024-07-05,Active,C0048
D00279,Laptop,-IMEI-308096939,P00676,PH00528,2024-06-08,2024-06-14,Active,C0050
D00280,Tablet,-IMEI-913991043,P00681,PH00531,2024-07-05,2024-09-13,Inactive,C0050
D00281,Workstation,-IMEI-427168972,P00685,PH00535,2024-01-12,2024-07-30,Active,C0050
D00282,Desktop,-IMEI-940203297,P00690,PH00539,2024-10-09,2024-05-09,Active,C0050
D00283,Workstation,-IMEI-507852867,P00691,PH00540,2024-03-31,2024-02-11,Active,C0050
D00284,Workstation,-IMEI-300013064,P00693,PH00542,2024-12-14,2024-11-12,Active,C0050
D00285,Laptop,-IMEI-406968278,P00694,PH00543,2024-08-01,2024-12-29,Active,C0050
D00286,Mobile,-IMEI-579462904,P00288,nan,2024-10-09,2024-03-29,Active,C0051
D00287,Mobile,-IMEI-616492956,P00696,PH00545,2024-03-28,2024-11-27,Active,C0051
D00288,Workstation,-IMEI-917130636,P00701,PH00550,2024-11-25,2024-07-20,Active,C0051
D00289,Desktop,-IMEI-576835232,P00707,PH00556,2024-12-06,2024-09-23,Inactive,C0052
D00290,Tablet,-IMEI-593096726,P00708,PH00557,2024-01-26,2024-04-02,Active,C0052
D00291,Desktop,-IMEI-861969543,P00712,nan,2024-12-17,2024-01-10,Inactive,C0052
D00292,Tablet,-IMEI-369958091,P00716,PH00561,2024-08-22,2024-10-23,Active,C0052
D00293,Tablet,-IMEI-470335651,P00718,PH00562,2024-04-11,2024-07-08,Active,C0052
D00294,Tablet,-IMEI-880608312,P00720,nan,2024-11-16,2024-08-07,Inactive,C0052
D00295,Tablet,-IMEI-366272908,P00725,PH00566,2024-06-23,2024-10-23,Active,C0052
D00296,Desktop,-IMEI-793117693,P00728,nan,2024-06-02,2024-11-01,Inactive,C0054
D00297,Laptop,-IMEI-777284108,P00729,PH00569,2024-03-06,2024-04-22,Active,C0054
D00298,Mobile,-IMEI-307726198,P00731,PH00570,2024-03-09,2024-05-21,Active,C0054
D00299,Mobile,-IMEI-341071542,P00732,PH00571,2024-11-23,2024-08-16,Active,C0054
D00300,Tablet,-IMEI-846235895,P00734,PH00572,2024-01-21,2024-01-30,Active,C0054
D00301,Tablet,-IMEI-551417911,P00735,PH00573,2024-05-07,2024-12-11,Active,C0054
D00302,Desktop,-IMEI-083106878,P00740,PH00578,2024-09-01,2024-07-19,Active,C0054
D00303,Desktop,-IMEI-363689252,P00745,PH00580,2024-05-24,2024-06-10,Active,C0055
D00304,Tablet,-IMEI-369925726,P00748,PH00582,2024-08-28,2024-06-17,Active,C0055
D00305,Tablet,-IMEI-993475194,P00751,PH00585,2024-02-04,2024-10-16,Active,C0055
D00306,Laptop,-IMEI-407890161,P00757,PH00591,2024-06-21,2024-01-11,Active,C0056
D00307,Laptop,-IMEI-925055661,P00761,PH00594,2024-11-29,2024-04-28,Active,C0056
D00308,Desktop,-IMEI-616299042,P00763,nan,2024-05-02,2024-03-31,Active,C0056
D00309,Workstation,-IMEI-315407343,P00767,nan,2024-06-18,2024-02-16,Active,C0056
D00310,Mobile,-IMEI-929760322,P00771,PH00602,2024-02-06,2024-06-02,Active,C0056
D00311,Tablet,-IMEI-238038940,P00773,PH00605,2024-12-25,2024-06-18,Inactive,C0057
D00312,Mobile,-IMEI-005739907,P00775,PH00606,2024-03-05,2024-04-25,Inactive,C0057
D00313,Desktop,-IMEI-400952886,P00780,PH00610,2024-09-27,2024-08-09,Active,C0057
D00314,Desktop,-IMEI-487636043,P00782,PH00612,2024-02-08,2024-05-05,Active,C0057
D00315,Laptop,-IMEI-685709830,P00785,nan,2024-02-08,2024-08-08,Active,C0057
D00316,Laptop,-IMEI-042237581,P00787,PH00614,2024-07-17,2024-01-25,Active,C0057
D00317,Workstation,-IMEI-673162209,P00790,nan,2024-02-09,2024-12-21,Active,C0057
D00318,Tablet,-IMEI-807952713,P00798,PH00619,2024-05-13,2024-11-30,Active,C0057
D00319,Laptop,-IMEI-743191092,P00803,PH00623,2024-03-09,2024-03-18,Active,C0057
D00320,Laptop,-IMEI-370162396,P00332,nan,2024-10-27,2024-06-23,Active,C0058
D00321,Tablet,-IMEI-109159545,P00805,PH00625,2024-07-29,2024-04-01,Active,C0058
D00322,Desktop,-IMEI-956280288,P00807,PH00627,2024-03-01,2024-07-28,Active,C0058
D00323,Desktop,-IMEI-312416302,P00809,nan,2024-05-11,2024-09-05,Active,C0058
D00324,Mobile,-IMEI-859875700,P00815,PH00633,2024-04-06,2024-09-10,Active,C0058
D00325,Mobile,-IMEI-095449079,P00821,nan,2024-07-04,2024-02-06,Active,C0058
D00326,Mobile,-IMEI-281045724,P00822,PH00638,2024-11-26,2024-06-05,Active,C0058
D00327,Desktop,-IMEI-273436961,P00823,PH00640,2024-04-02,2024-11-12,Active,C0058
D00328,Desktop,-IMEI-362758241,P00831,PH00646,2024-12-28,2024-07-21,Inactive,C0059
D00329,Laptop,-IMEI-493366889,P00837,PH00649,2024-02-14,2024-12-01,Active,C0059
D00330,Laptop,-IMEI-481510514,P00840,PH00651,2024-01-03,2024-10-12,Active,C0059
D00331,Mobile,-IMEI-314685255,P00843,PH00654,2024-06-25,2024-03-22,Inactive,C0059
D00332,Workstation,-IMEI-254398785,P00844,PH00655,2024-01-29,2024-01-14,Active,C0059
D00333,Laptop,-IMEI-088329977,P00845,PH00656,2024-04-13,2024-08-13,Active,C0059
D00334,Workstation,-IMEI-291562603,P00846,PH00657,2024-11-16,2024-11-21,Active,C0059
D00335,Tablet,-IMEI-501835778,P00848,nan,2024-02-27,2024-05-16,Active,C0059
D00336,Desktop,-IMEI-158114694,P00849,PH00658,2024-11-04,2024-06-15,Active,C0060
D00337,Workstation,-IMEI-816241426,P00850,PH00659,2024-03-24,2024-02-23,Active,C0060
D00338,Tablet,-IMEI-166870330,P00854,nan,2024-04-04,2024-04-07,Active,C0060
D00339,Mobile,-IMEI-399631027,P00857,PH00662,2024-05-20,2024-10-13,Inactive,C0060
D00340,Workstation,-IMEI-094093875,P00860,PH00664,2024-01-03,2024-05-14,Active,C0060
D00341,Tablet,-IMEI-789062357,P00861,PH00665,2024-06-27,2024-01-14,Active,C0060
D00342,Laptop,-IMEI-935192994,P00864,PH00666,2024-02-24,2024-07-18,Active,C0060
D00343,Laptop,-IMEI-682055101,P00871,PH00675,2024-07-14,2024-12-08,Active,C0060
D00344,Tablet,-IMEI-740843985,P00875,PH00679,2024-04-12,2024-02-18,Inactive,C0061
D00345,Workstation,-IMEI-173615200,P00877,nan,2024-10-10,2024-02-23,Active,C0061
D00346,Tablet,-IMEI-287611008,P00879,PH00682,2024-03-15,2024-09-16,Active,C0061
D00347,Tablet,-IMEI-238099559,P00889,PH00688,2024-08-31,2024-07-27,Active,C0061
D00348,Desktop,-IMEI-540978031,P00892,nan,2024-12-19,2024-08-22,Active,C0062
D00349,Workstation,-IMEI-382292713,P00895,nan,2024-06-08,2024-11-18,Active,C0062
D00350,Mobile,-IMEI-401883337,P00898,PH00697,2024-05-04,2024-07-11,Active,C0062
D00351,Tablet,-IMEI-990058622,P00901,PH00699,2024-02-10,2024-11-25,Active,C0062
D00352,Tablet,-IMEI-289453052,P00906,PH00704,2024-11-10,2024-02-08,Active,C0062
D00353,Laptop,-IMEI-230635975,P00909,nan,2024-09-17,2024-09-29,Active,C0062
D00354,Mobile,-IMEI-650425288,P00910,PH00706,2024-09-14,2024-06-07,Active,C0062
D00355,Workstation,-IMEI-870227033,P00911,nan,2024-09-05,2024-03-13,Active,C0062
D00356,Tablet,-IMEI-392664339,P00912,PH00707,2024-11-17,2024-03-24,Active,C0062
D00357,Mobile,-IMEI-891447013,P00919,PH00713,2024-07-24,2024-06-10,Active,C0062
D00358,Laptop,-IMEI-728777233,P00938,PH00726,2024-08-25,2024-12-14,Active,C0062
D00359,Desktop,-IMEI-580490665,P00951,PH00738,2024-06-09,2024-11-04,Active,C0063
D00360,Tablet,-IMEI-276837468,P00952,PH00739,2024-02-17,2024-01-29,Inactive,C0063
D00361,Mobile,-IMEI-271427752,P00956,PH00742,2024-11-18,2024-11-19,Inactive,C0063
D00362,Tablet,-IMEI-729679781,P00644,nan,2024-09-21,2024-11-09,Active,C0065
D00363,Tablet,-IMEI-433662483,P00966,PH00748,2024-03-20,2024-05-15,Active,C0065
D00364,Laptop,-IMEI-097055233,P00969,PH00752,2024-05-17,2024-03-21,Active,C0066
D00365,Workstation,-IMEI-824897592,P00975,PH00755,2024-08-06,2024-10-11,Inactive,C0066
D00366,Workstation,-IMEI-550628132,P00979,PH00760,2024-10-16,2024-12-16,Active,C0066
D00367,Desktop,-IMEI-422042559,P00980,nan,2024-09-19,2024-09-19,Active,C0066
D00368,Mobile,-IMEI-550392236,P00983,PH00764,2024-03-15,2024-07-09,Active,C0066
D00369,Tablet,-IMEI-543310020,P00985,PH00765,2024-02-28,2024-12-05,Active,C0066
D00370,Workstation,-IMEI-844208070,P00989,PH00769,2024-09-01,2024-12-08,Inactive,C0066
D00371,Tablet,-IMEI-201398696,P00992,nan,2024-02-23,2024-05-11,Inactive,C0067
D00372,Workstation,-IMEI-601883996,P00999,PH00777,2024-10-25,2024-12-15,Active,C0068
D00373,Laptop,-IMEI-977915451,P01000,PH00778,2024-02-01,2024-05-26,Active,C0068
D00374,Mobile,-IMEI-775697635,P01004,PH00781,2024-08-29,2024-10-17,Inactive,C0068
D00375,Mobile,-IMEI-901492932,P01005,PH00782,2024-02-25,2024-02-27,Inactive,C0068
D00376,Mobile,-IMEI-754241761,P01007,PH00784,2024-09-08,2024-12-22,Active,C0068
D00377,Laptop,-IMEI-956001949,P01011,nan,2024-08-04,2024-12-15,Active,C0068
D00378,Mobile,-IMEI-889651640,P01014,PH00788,2024-09-07,2024-02-27,Active,C0068
D00379,Mobile,-IMEI-254225536,P01022,nan,2024-08-01,2024-12-17,Active,C0068
D00380,Tablet,-IMEI-616974706,P01027,PH00799,2024-12-11,2024-02-18,Active,C0069
D00381,Workstation,-IMEI-199462154,P01032,PH00804,2024-07-13,2024-08-10,Active,C0070
D00382,Desktop,-IMEI-727072305,P01033,PH00805,2024-11-09,2024-05-20,Active,C0070
D00383,Workstation,-IMEI-552070747,P01035,PH00806,2024-02-08,2024-08-16,Active,C0070
D00384,Workstation,-IMEI-707215954,P01036,PH00807,2024-03-16,2024-01-17,Active,C0070
D00385,Mobile,-IMEI-118326828,P01037,PH00808,2024-11-23,2024-11-03,Active,C0070
D00386,Mobile,-IMEI-804983442,P01039,PH00809,2024-08-17,2024-01-01,Active,C0070
D00387,Tablet,-IMEI-895504599,P01041,PH00810,2024-08-01,2024-09-26,Active,C0070
D00388,Tablet,-IMEI-249331156,P01047,PH00814,2024-06-04,2024-08-12,Active,C0072
D00389,Desktop,-IMEI-883110610,P01048,PH00815,2024-09-03,2024-08-05,Active,C0072
D00390,Workstation,-IMEI-257344383,P01049,PH00817,2024-03-23,2024-07-13,Active,C0072
D00391,Mobile,-IMEI-739538355,P01050,PH00818,2024-06-27,2024-08-05,Active,C0072
D00392,Desktop,-IMEI-151532511,P01054,nan,2024-11-21,2024-03-27,Active,C0072
D00393,Laptop,-IMEI-736898591,P01056,PH00824,2024-12-04,2024-06-27,Active,C0072
D00394,Mobile,-IMEI-455097178,P01060,nan,2024-11-16,2024-11-25,Active,C0072
D00395,Mobile,-IMEI-770773699,P01062,nan,2024-04-06,2024-07-24,Active,C0072
D00396,Desktop,-IMEI-759018667,P01063,PH00829,2024-02-08,2024-07-21,Active,C0072
D00397,Desktop,-IMEI-140665260,P01065,PH00831,2024-10-29,2024-08-19,Inactive,C0072
D00398,Workstation,-IMEI-337660002,P01069,PH00835,2024-11-22,2024-12-12,Inactive,C0072
D00399,Desktop,-IMEI-712428763,P01070,nan,2024-08-24,2024-09-04,Active,C0072
D00400,Workstation,-IMEI-901900484,P01073,nan,2024-09-21,2024-05-16,Active,C0073
D00401,Workstation,-IMEI-057813470,P01074,PH00838,2024-07-18,2024-08-20,Active,C0073
D00402,Desktop,-IMEI-427856518,P01076,PH00839,2024-11-28,2024-08-30,Active,C0073
D00403,Mobile,-IMEI-848967996,P01079,PH00841,2024-07-13,2024-09-11,Active,C0073
D00404,Desktop,-IMEI-308170700,P01082,PH00844,2024-11-08,2024-06-28,Active,C0073
D00405,Laptop,-IMEI-085166245,P01086,PH00845,2024-01-15,2024-06-01,Active,C0073
D00406,Workstation,-IMEI-491879106,P01087,PH00846,2024-09-24,2024-11-25,Active,C0073
D00407,Mobile,-IMEI-488147828,P01089,nan,2024-08-07,2024-02-10,Active,C0073
D00408,Workstation,-IMEI-745228066,P01093,PH00850,2024-01-27,2024-01-13,Active,C0073
D00409,Laptop,-IMEI-549094557,P01094,PH00852,2024-11-30,2024-07-17,Active,C0073
D00410,Laptop,-IMEI-936261751,P01098,PH00854,2024-06-08,2024-05-12,Active,C0073
D00411,Desktop,-IMEI-312016577,P01101,nan,2024-11-16,2024-03-25,Active,C0073
D00412,Laptop,-IMEI-201157171,P01104,PH00859,2024-05-21,2024-07-02,Active,C0073
D00413,Desktop,-IMEI-845002993,P01106,nan,2024-06-19,2024-04-16,Inactive,C0073
D00414,Laptop,-IMEI-977950256,P01107,nan,2024-06-30,2024-10-18,Active,C0073
D00415,Desktop,-IMEI-010810133,P01116,nan,2024-01-14,2024-01-20,Inactive,C0073
D00416,Desktop,-IMEI-328022915,P01117,nan,2024-02-15,2024-06-09,Active,C0073
D00417,Tablet,-IMEI-246066002,P01121,nan,2024-11-18,2024-07-07,Inactive,C0073
D00418,Desktop,-IMEI-942298722,P01122,nan,2024-03-11,2024-01-21,Active,C0073
D00419,Tablet,-IMEI-892588952,P01123,PH00869,2024-08-12,2024-06-04,Active,C0073
D00420,Workstation,-IMEI-094575363,P01125,nan,2024-10-27,2024-01-01,Active,C0073
D00421,Workstation,-IMEI-450334135,P01126,PH00872,2024-11-04,2024-11-22,Inactive,C0073
D00422,Workstation,-IMEI-853939985,P01065,nan,2024-11-21,2024-03-03,Active,C0074
D00423,Laptop,-IMEI-104153176,P01069,nan,2024-07-19,2024-11-08,Active,C0074
D00424,Desktop,-IMEI-038709548,P01128,PH00875,2024-05-25,2024-09-13,Active,C0074
D00425,Tablet,-IMEI-610044931,P01129,PH00876,2024-11-14,2024-11-20,Active,C0074
D00426,Desktop,-IMEI-144263494,P01133,PH00880,2024-08-09,2024-08-22,Active,C0074
D00427,Tablet,-IMEI-345246985,P01134,PH00881,2024-01-09,2024-03-01,Active,C0075
D00428,Desktop,-IMEI-786293156,P01136,nan,2024-10-09,2024-05-29,Inactive,C0075
D00429,Desktop,-IMEI-588950299,P01137,PH00882,2024-06-06,2024-10-08,Active,C0075
D00430,Tablet,-IMEI-158447394,P01141,PH00886,2024-04-18,2024-05-25,Active,C0075
D00431,Tablet,-IMEI-836717983,P01144,PH00887,2024-11-09,2024-09-13,Active,C0076
D00432,Laptop,-IMEI-055861525,P01145,nan,2024-02-19,2024-11-02,Active,C0076
D00433,Mobile,-IMEI-810852346,P01147,nan,2024-05-04,2024-05-26,Active,C0076
D00434,Desktop,-IMEI-941987321,P00799,nan,2024-02-05,2024-06-07,Active,C0077
D00435,Desktop,-IMEI-762481408,P01149,PH00889,2024-03-22,2024-04-07,Active,C0077
D00436,Laptop,-IMEI-072203210,P01151,PH00890,2024-08-21,2024-11-05,Active,C0077
D00437,Laptop,-IMEI-741273294,P01155,nan,2024-05-16,2024-12-09,Inactive,C0077
D00438,Laptop,-IMEI-237903612,P01157,PH00894,2024-06-21,2024-04-24,Active,C0077
D00439,Mobile,-IMEI-958046828,P01160,PH00898,2024-08-31,2024-09-18,Active,C0077
D00440,Laptop,-IMEI-698005356,P01161,PH00900,2024-08-06,2024-12-28,Active,C0077
D00441,Workstation,-IMEI-780582048,P01165,PH00905,2024-10-11,2024-08-16,Active,C0077
D00442,Workstation,-IMEI-820977440,P01167,nan,2024-04-16,2024-03-05,Inactive,C0077
D00443,Desktop,-IMEI-867084087,P01168,nan,2024-05-15,2024-08-28,Active,C0077
D00444,Workstation,-IMEI-682564989,P01178,PH00914,2024-03-18,2024-09-18,Active,C0077
D00445,Laptop,-IMEI-479480051,P01180,PH00916,2024-11-10,2024-02-02,Active,C0077
D00446,Laptop,-IMEI-576127524,P01181,PH00918,2024-12-26,2024-10-11,Inactive,C0077
D00447,Workstation,-IMEI-009584154,P01188,PH00926,2024-06-01,2024-12-20,Active,C0077
D00448,Laptop,-IMEI-802643789,P01192,nan,2024-08-31,2024-01-10,Active,C0077
D00449,Workstation,-IMEI-183740508,P01199,PH00933,2024-02-08,2024-10-28,Active,C0078
D00450,Desktop,-IMEI-924010573,P01201,PH00935,2024-03-08,2024-10-02,Active,C0079
D00451,Laptop,-IMEI-338612619,P01202,PH00936,2024-07-21,2024-01-27,Active,C0079
D00452,Mobile,-IMEI-508956096,P01204,nan,2024-01-07,2024-03-19,Active,C0079
D00453,Mobile,-IMEI-826821825,P01206,nan,2024-06-29,2024-08-24,Active,C0079
D00454,Desktop,-IMEI-743036548,P01207,PH00939,2024-09-23,2024-11-10,Active,C0079
D00455,Mobile,-IMEI-289453849,P01208,PH00940,2024-05-30,2024-01-03,Active,C0079
D00456,Laptop,-IMEI-405028661,P01211,PH00944,2024-11-03,2024-02-02,Active,C0080
D00457,Desktop,-IMEI-937182665,P01214,nan,2024-08-10,2024-07-26,Active,C0080
D00458,Laptop,-IMEI-394542595,P01215,PH00946,2024-08-24,2024-12-12,Active,C0080
D00459,Workstation,-IMEI-628012195,P01216,nan,2024-05-08,2024-02-04,Active,C0080
D00460,Tablet,-IMEI-143602626,P01217,PH00947,2024-09-26,2024-05-06,Active,C0080
D00461,Mobile,-IMEI-076328750,P01218,PH00948,2024-07-11,2024-10-22,Active,C0080
D00462,Tablet,-IMEI-037478401,P01222,nan,2024-12-07,2024-01-09,Active,C0080
D00463,Tablet,-IMEI-106502159,P01223,PH00954,2024-12-28,2024-03-04,Active,C0080
D00464,Mobile,-IMEI-322153902,P01227,PH00956,2024-07-27,2024-04-25,Active,C0080
D00465,Workstation,-IMEI-912379839,P01228,nan,2024-10-20,2024-02-20,Active,C0080
D00466,Laptop,-IMEI-877028550,P01232,PH00959,2024-04-28,2024-03-03,Active,C0080
D00467,Workstation,-IMEI-676443205,P01235,PH00960,2024-05-06,2024-03-28,Active,C0080
D00468,Mobile,-IMEI-785883019,P01236,PH00961,2024-10-14,2024-02-27,Inactive,C0081
D00469,Mobile,-IMEI-121477671,P01240,PH00963,2024-07-22,2024-01-17,Active,C0082
D00470,Mobile,-IMEI-140871000,P00321,nan,2024-10-04,2024-01-06,Active,C0084
D00471,Laptop,-IMEI-075976632,P01243,PH00966,2024-01-01,2024-12-14,Inactive,C0084
D00472,Mobile,-IMEI-062220071,P01244,PH00968,2024-08-24,2024-04-15,Inactive,C0084
D00473,Tablet,-IMEI-263053894,P01245,nan,2024-02-16,2024-11-27,Active,C0084
D00474,Desktop,-IMEI-581797938,P01246,nan,2024-03-28,2024-09-16,Inactive,C0084
D00475,Laptop,-IMEI-388179421,P01250,nan,2024-05-16,2024-08-30,Active,C0084
D00476,Workstation,-IMEI-537945407,P01252,PH00973,2024-06-06,2024-12-08,Active,C0084
D00477,Desktop,-IMEI-111526282,P01253,PH00975,2024-01-17,2024-10-05,Active,C0084
D00478,Laptop,-IMEI-821857132,P01256,nan,2024-08-02,2024-10-23,Inactive,C0084
D00479,Mobile,-IMEI-757270911,P01260,PH00981,2024-04-14,2024-11-11,Active,C0084
D00480,Mobile,-IMEI-808627926,P01261,nan,2024-12-08,2024-05-10,Inactive,C0084
D00481,Workstation,-IMEI-695041815,P01264,nan,2024-06-24,2024-05-01,Active,C0084
D00482,Workstation,-IMEI-677342190,P01265,PH00983,2024-06-06,2024-01-19,Active,C0084
D00483,Desktop,-IMEI-279016978,P01267,nan,2024-08-24,2024-05-10,Inactive,C0084
D00484,Workstation,-IMEI-941509412,P01271,PH00988,2024-10-05,2024-05-29,Active,C0084
D00485,Tablet,-IMEI-462662984,P01274,PH00991,2024-11-19,2024-01-25,Inactive,C0084
D00486,Tablet,-IMEI-555118636,P01276,PH00992,2024-04-04,2024-10-25,Active,C0084
D00487,Tablet,-IMEI-678897013,P01277,nan,2024-05-12,2024-05-20,Active,C0084
D00488,Laptop,-IMEI-977999853,P01279,PH00993,2024-08-18,2024-06-20,Active,C0084
D00489,Laptop,-IMEI-135053138,P01282,PH00995,2024-12-20,2024-08-24,Active,C0084
D00490,Workstation,-IMEI-340368338,P01286,PH00999,2024-01-25,2024-05-08,Active,C0084
D00491,Workstation,-IMEI-694354781,P01287,PH01000,2024-06-12,2024-02-09,Active,C0084
D00492,Laptop,-IMEI-203521496,P01295,nan,2024-10-14,2024-07-31,Active,C0085
D00493,Workstation,-IMEI-520572544,P01296,nan,2024-12-05,2024-03-11,Active,C0085
D00494,Tablet,-IMEI-355135462,P01297,PH01008,2024-02-17,2024-01-11,Inactive,C0085
D00495,Tablet,-IMEI-257466471,P01300,PH01011,2024-08-27,2024-08-09,Active,C0085
D00496,Laptop,-IMEI-136628827,P00064,nan,2024-10-30,2024-05-27,Active,C0086
D00497,Mobile,-IMEI-781132522,P01316,PH01027,2024-03-23,2024-10-12,Active,C0086
D00498,Desktop,-IMEI-096764312,P01317,nan,2024-02-12,2024-07-10,Active,C0086
D00499,Desktop,-IMEI-790038519,P01320,PH01030,2024-02-16,2024-03-25,Active,C0086
D00500,Tablet,-IMEI-281887314,P01321,PH01031,2024-07-20,2024-01-16,Active,C0086
D00501,Workstation,-IMEI-156469126,P01326,PH01037,2024-04-20,2024-09-20,Inactive,C0087
D00502,Desktop,-IMEI-422432147,P01327,PH01039,2024-03-16,2024-06-13,Active,C0087
D00503,Desktop,-IMEI-742463004,P01332,nan,2024-03-11,2024-08-19,Active,C0087
D00504,Laptop,-IMEI-428972386,P01337,PH01047,2024-03-21,2024-07-06,Active,C0088
D00505,Laptop,-IMEI-546546405,P01342,PH01051,2024-01-25,2024-01-01,Active,C0088
D00506,Workstation,-IMEI-929860062,P01344,nan,2024-11-09,2024-11-26,Active,C0088
D00507,Mobile,-IMEI-395107992,P01347,nan,2024-08-18,2024-10-21,Active,C0088
D00508,Tablet,-IMEI-827143163,P01348,nan,2024-12-03,2024-02-27,Active,C0088
D00509,Workstation,-IMEI-905733034,P01350,PH01054,2024-12-13,2024-05-07,Active,C0088
D00510,Workstation,-IMEI-268727603,P01351,PH01055,2024-10-05,2024-05-15,Inactive,C0088
D00511,Tablet,-IMEI-550018384,P01354,PH01059,2024-08-28,2024-11-20,Active,C0088
D00512,Laptop,-IMEI-521460634,P01358,PH01062,2024-11-23,2024-01-23,Inactive,C0089
D00513,Tablet,-IMEI-571710185,P01359,PH01063,2024-09-07,2024-03-04,Active,C0089
D00514,Mobile,-IMEI-466061956,P01363,PH01066,2024-11-11,2024-11-23,Inactive,C0089
D00515,Mobile,-IMEI-206863521,P01365,nan,2024-10-13,2024-05-16,Active,C0089
D00516,Workstation,-IMEI-469230665,P01370,nan,2024-10-25,2024-04-09,Active,C0089
D00517,Tablet,-IMEI-736496650,P01377,PH01077,2024-11-04,2024-12-09,Active,C0091
D00518,Mobile,-IMEI-387526445,P01379,PH01079,2024-05-26,2024-01-05,Active,C0091
D00519,Desktop,-IMEI-158716980,P01380,PH01080,2024-12-31,2024-08-30,Active,C0091
D00520,Mobile,-IMEI-667125013,P01386,nan,2024-04-07,2024-05-03,Active,C0091
D00521,Workstation,-IMEI-365039937,P01388,nan,2024-05-30,2024-02-17,Active,C0092
D00522,Workstation,-IMEI-395054094,P01391,PH01087,2024-08-27,2024-03-29,Active,C0092
D00523,Tablet,-IMEI-087934364,P01394,nan,2024-03-10,2024-08-08,Active,C0092
D00524,Tablet,-IMEI-644223439,P01396,nan,2024-04-06,2024-09-17,Active,C0092
D00525,Laptop,-IMEI-504366842,P01402,nan,2024-02-23,2024-11-02,Active,C0092
D00526,Laptop,-IMEI-311093823,P01409,PH01099,2024-07-22,2024-02-21,Active,C0092
D00527,Desktop,-IMEI-339398864,P01410,PH01100,2024-07-23,2024-12-12,Active,C0092
D00528,Laptop,-IMEI-528399915,P01412,PH01102,2024-06-07,2024-08-21,Inactive,C0092
D00529,Mobile,-IMEI-216214654,P01415,PH01106,2024-12-17,2024-04-27,Active,C0092
D00530,Laptop,-IMEI-174903791,P01416,nan,2024-10-31,2024-05-21,Active,C0092
D00531,Tablet,-IMEI-949357813,P01419,PH01109,2024-01-09,2024-08-31,Inactive,C0092
D00532,Mobile,-IMEI-055812755,P01422,PH01112,2024-06-02,2024-07-26,Active,C0092
D00533,Tablet,-IMEI-506060309,P01424,nan,2024-01-28,2024-09-20,Active,C0092
D00534,Workstation,-IMEI-551945338,P01431,PH01121,2024-02-04,2024-07-10,Active,C0093
D00535,Workstation,-IMEI-003909591,P01432,nan,2024-04-28,2024-05-30,Active,C0093
D00536,Laptop,-IMEI-385665189,P01436,nan,2024-03-17,2024-08-27,Inactive,C0093
D00537,Tablet,-IMEI-802260105,P01439,PH01125,2024-11-16,2024-02-24,Active,C0093
D00538,Desktop,-IMEI-270072070,P01442,PH01128,2024-09-11,2024-03-12,Active,C0094
D00539,Desktop,-IMEI-800678673,P01444,PH01131,2024-01-11,2024-04-15,Active,C0094
D00540,Mobile,-IMEI-286010554,P01446,PH01133,2024-01-21,2024-03-11,Active,C0094
D00541,Mobile,-IMEI-120682659,P01449,PH01135,2024-03-07,2024-12-04,Active,C0094
D00542,Desktop,-IMEI-247185019,P01452,PH01138,2024-05-08,2024-03-29,Active,C0095
D00543,Mobile,-IMEI-259749023,P01453,nan,2024-09-15,2024-07-13,Active,C0095
D00544,Desktop,-IMEI-045620917,P01454,PH01139,2024-06-03,2024-03-31,Active,C0095
D00545,Mobile,-IMEI-566349282,P01457,nan,2024-10-11,2024-06-12,Active,C0096
D00546,Desktop,-IMEI-066284493,P01458,nan,2024-02-08,2024-08-13,Active,C0096
D00547,Mobile,-IMEI-115502546,P01459,PH01140,2024-06-08,2024-01-11,Active,C0096
D00548,Mobile,-IMEI-785400947,P01460,PH01141,2024-05-29,2024-06-05,Active,C0096
D00549,Desktop,-IMEI-755947648,P01463,nan,2024-05-06,2024-09-24,Inactive,C0096
D00550,Workstation,-IMEI-458456132,P01464,PH01144,2024-04-08,2024-04-11,Active,C0096
D00551,Laptop,-IMEI-597952019,P01465,nan,2024-02-12,2024-11-12,Inactive,C0096
D00552,Desktop,-IMEI-547821141,P01469,PH01147,2024-12-22,2024-02-11,Active,C0096
D00553,Workstation,-IMEI-077038829,P01470,PH01148,2024-12-26,2024-01-07,Active,C0096
D00554,Laptop,-IMEI-991720714,P01471,PH01150,2024-03-24,2024-12-02,Active,C0096
D00555,Laptop,-IMEI-068079085,P01477,nan,2024-12-19,2024-09-17,Active,C0096
D00556,Workstation,-IMEI-351659290,P01482,nan,2024-04-27,2024-01-15,Active,C0096
D00557,Workstation,-IMEI-568003512,P00254,nan,2024-02-21,2024-06-08,Active,C0097
D00558,Tablet,-IMEI-381129779,P01485,nan,2024-04-14,2024-09-24,Active,C0097
D00559,Mobile,-IMEI-943287765,P01486,PH01158,2024-05-06,2024-03-07,Active,C0097
D00560,Workstation,-IMEI-918557001,P01075,nan,2024-03-20,2024-07-31,Active,C0098
D00561,Desktop,-IMEI-259755144,P00678,nan,2024-07-24,2024-12-17,Active,C0099
D00562,Workstation,-IMEI-992782899,P01494,PH01167,2024-09-19,2024-06-26,Active,C0100
D00563,Laptop,-IMEI-626828169,P01496,PH01168,2024-07-16,2024-10-14,Active,C0100
D00564,Laptop,-IMEI-657551490,P01501,PH01170,2024-11-20,2024-12-30,Active,C0102
D00565,Workstation,-IMEI-251540999,P01507,PH01173,2024-12-24,2024-05-29,Inactive,C0102
D00566,Laptop,-IMEI-321819608,P01508,PH01175,2024-08-12,2024-01-08,Active,C0102
D00567,Mobile,-IMEI-407965514,P01510,PH01177,2024-10-02,2024-11-04,Inactive,C0102
D00568,Desktop,-IMEI-338809703,P01513,PH01181,2024-11-04,2024-05-08,Active,C0102
D00569,Mobile,-IMEI-075655857,P01519,nan,2024-10-30,2024-02-09,Active,C0103
D00570,Mobile,-IMEI-413808877,P01521,PH01185,2024-08-18,2024-12-30,Active,C0103
D00571,Mobile,-IMEI-711960734,P01522,nan,2024-06-06,2024-06-18,Inactive,C0103
D00572,Mobile,-IMEI-125035081,P01523,PH01186,2024-12-08,2024-04-25,Active,C0103
D00573,Laptop,-IMEI-921622887,P01524,nan,2024-03-05,2024-06-16,Active,C0103
D00574,Mobile,-IMEI-168454970,P01526,PH01187,2024-07-31,2024-02-28,Active,C0103
D00575,Laptop,-IMEI-270097995,P01531,nan,2024-10-13,2024-12-03,Active,C0104
D00576,Desktop,-IMEI-293534910,P01532,PH01194,2024-08-08,2024-04-11,Active,C0104
D00577,Mobile,-IMEI-398112105,P01533,PH01195,2024-11-05,2024-12-29,Active,C0104
D00578,Desktop,-IMEI-906863567,P01543,PH01203,2024-09-30,2024-02-09,Active,C0106
D00579,Tablet,-IMEI-375850594,P01546,nan,2024-11-06,2024-02-15,Active,C0106
D00580,Desktop,-IMEI-532309070,P01547,PH01205,2024-09-01,2024-01-25,Active,C0106
D00581,Tablet,-IMEI-637977144,P01551,nan,2024-02-22,2024-11-09,Active,C0106
D00582,Laptop,-IMEI-132240453,P01556,PH01211,2024-09-16,2024-07-21,Active,C0106
D00583,Laptop,-IMEI-086528740,P01558,PH01213,2024-11-03,2024-06-28,Active,C0106
D00584,Workstation,-IMEI-565155902,P01564,PH01218,2024-09-26,2024-03-10,Active,C0106
D00585,Desktop,-IMEI-822565006,P01565,PH01220,2024-04-20,2024-10-10,Active,C0106
D00586,Mobile,-IMEI-340197886,P01566,PH01221,2024-04-02,2024-04-10,Active,C0106
D00587,Mobile,-IMEI-357090466,P01569,nan,2024-07-13,2024-08-09,Active,C0107
D00588,Laptop,-IMEI-579429304,P01573,nan,2024-04-14,2024-10-21,Active,C0108
D00589,Laptop,-IMEI-300678712,P01574,nan,2024-04-25,2024-11-29,Inactive,C0108
D00590,Workstation,-IMEI-969214708,P01576,PH01226,2024-10-31,2024-03-29,Active,C0108
D00591,Workstation,-IMEI-862437662,P01579,nan,2024-01-08,2024-01-02,Inactive,C0108
D00592,Tablet,-IMEI-413436721,P01581,nan,2024-09-23,2024-05-03,Inactive,C0108
D00593,Laptop,-IMEI-695930978,P01582,nan,2024-06-04,2024-01-31,Active,C0108
D00594,Mobile,-IMEI-472067589,P01584,nan,2024-08-06,2024-06-26,Active,C0108
D00595,Tablet,-IMEI-400927808,P01587,nan,2024-02-16,2024-01-12,Active,C0109
D00596,Workstation,-IMEI-320705398,P01589,PH01233,2024-04-17,2024-04-18,Inactive,C0109
D00597,Workstation,-IMEI-552329628,P01591,PH01235,2024-08-04,2024-07-19,Active,C0109
D00598,Mobile,-IMEI-474490688,P01592,nan,2024-01-24,2024-06-27,Active,C0109
D00599,Mobile,-IMEI-962347754,P01594,nan,2024-03-27,2024-07-25,Active,C0110
D00600,Tablet,-IMEI-146107896,P01597,PH01239,2024-04-16,2024-05-09,Active,C0111
D00601,Desktop,-IMEI-916772987,P01606,nan,2024-03-23,2024-03-29,Active,C0112
D00602,Workstation,-IMEI-943792383,P01608,nan,2024-02-20,2024-03-15,Active,C0112
D00603,Desktop,-IMEI-228824993,P01609,nan,2024-08-24,2024-03-31,Active,C0112
D00604,Laptop,-IMEI-978778257,P01610,nan,2024-04-30,2024-03-01,Active,C0112
D00605,Mobile,-IMEI-774854381,P01613,PH01247,2024-06-08,2024-12-25,Active,C0112
D00606,Laptop,-IMEI-258476162,P01623,PH01255,2024-06-17,2024-09-09,Active,C0112
D00607,Workstation,-IMEI-018769881,P01625,PH01257,2024-02-07,2024-06-17,Active,C0112
D00608,Mobile,-IMEI-355552721,P01627,PH01259,2024-10-16,2024-02-17,Active,C0113
D00609,Desktop,-IMEI-835427545,P01628,nan,2024-03-02,2024-07-20,Active,C0113
D00610,Tablet,-IMEI-948416470,P01632,PH01264,2024-05-14,2024-12-27,Inactive,C0113
D00611,Workstation,-IMEI-104920903,P01635,PH01267,2024-03-26,2024-11-25,Active,C0113
D00612,Desktop,-IMEI-870150262,P01638,PH01271,2024-09-05,2024-01-28,Active,C0113
D00613,Desktop,-IMEI-157466073,P01640,nan,2024-02-16,2024-10-18,Active,C0114
D00614,Tablet,-IMEI-528161946,P01642,PH01274,2024-06-03,2024-07-11,Active,C0115
D00615,Workstation,-IMEI-055437707,P01643,PH01275,2024-02-04,2024-02-17,Active,C0115
D00616,Tablet,-IMEI-686142724,P01645,PH01277,2024-09-23,2024-03-27,Inactive,C0115
D00617,Workstation,-IMEI-484145411,P01649,nan,2024-05-04,2024-03-24,Active,C0115
D00618,Workstation,-IMEI-541420271,P01652,nan,2024-04-06,2024-10-03,Active,C0115
D00619,Workstation,-IMEI-410222106,P01654,PH01283,2024-02-28,2024-01-10,Active,C0116
D00620,Mobile,-IMEI-117783254,P01656,PH01285,2024-04-06,2024-03-30,Active,C0116
D00621,Workstation,-IMEI-613625473,P01660,PH01288,2024-01-05,2024-09-17,Active,C0116
D00622,Laptop,-IMEI-183252276,P01661,nan,2024-09-15,2024-04-03,Active,C0116
D00623,Mobile,-IMEI-736748785,P01674,PH01298,2024-12-03,2024-09-23,Inactive,C0116
D00624,Workstation,-IMEI-410942832,P01676,PH01300,2024-04-30,2024-05-11,Active,C0116
D00625,Workstation,-IMEI-380772022,P01677,PH01301,2024-04-16,2024-12-06,Active,C0117
D00626,Tablet,-IMEI-729970921,P01678,nan,2024-10-09,2024-06-08,Active,C0117
D00627,Laptop,-IMEI-575279791,P01679,PH01302,2024-07-18,2024-06-24,Inactive,C0117
D00628,Laptop,-IMEI-214473988,P01683,PH01308,2024-11-04,2024-05-27,Active,C0117
D00629,Desktop,-IMEI-703593727,P01684,nan,2024-06-21,2024-07-27,Active,C0117
D00630,Desktop,-IMEI-938437203,P01685,nan,2024-07-05,2024-02-21,Active,C0117
D00631,Mobile,-IMEI-357637627,P01686,PH01309,2024-03-01,2024-05-21,Active,C0117
D00632,Laptop,-IMEI-411844704,P01688,PH01311,2024-10-04,2024-02-25,Active,C0117
D00633,Laptop,-IMEI-671881379,P01689,PH01312,2024-03-31,2024-09-27,Active,C0117
D00634,Desktop,-IMEI-322555849,P01692,PH01314,2024-01-31,2024-02-15,Active,C0117
D00635,Desktop,-IMEI-185840212,P01693,PH01315,2024-12-01,2024-08-13,Active,C0118
D00636,Laptop,-IMEI-693683390,P01694,PH01316,2024-06-15,2024-09-13,Inactive,C0118
D00637,Desktop,-IMEI-656047643,P01695,PH01317,2024-05-02,2024-08-20,Active,C0118
D00638,Laptop,-IMEI-609349049,P01696,PH01318,2024-12-26,2024-07-12,Active,C0118
D00639,Workstation,-IMEI-596445367,P01698,nan,2024-09-08,2024-10-20,Active,C0118
D00640,Workstation,-IMEI-903268468,P01701,nan,2024-06-17,2024-08-17,Inactive,C0119
D00641,Laptop,-IMEI-393133839,P01703,nan,2024-10-14,2024-11-29,Inactive,C0120
D00642,Tablet,-IMEI-015346427,P01706,PH01323,2024-01-31,2024-03-14,Active,C0120
D00643,Desktop,-IMEI-493964428,P01707,PH01324,2024-01-05,2024-06-21,Active,C0120
D00644,Workstation,-IMEI-861096490,P00618,nan,2024-01-13,2024-09-22,Inactive,C0121
D00645,Laptop,-IMEI-498239204,P01709,PH01326,2024-10-24,2024-10-14,Active,C0121
D00646,Workstation,-IMEI-458684425,P01710,PH01328,2024-02-13,2024-02-24,Active,C0121
D00647,Tablet,-IMEI-307574863,P01711,nan,2024-11-14,2024-07-23,Active,C0121
D00648,Tablet,-IMEI-025220631,P01717,PH01333,2024-12-16,2024-08-20,Active,C0122
D00649,Workstation,-IMEI-132893707,P01719,PH01335,2024-04-16,2024-12-31,Inactive,C0123
D00650,Mobile,-IMEI-278753835,P01721,PH01337,2024-08-06,2024-04-19,Active,C0123
D00651,Mobile,-IMEI-921241486,P01724,PH01340,2024-06-13,2024-09-07,Active,C0123
D00652,Desktop,-IMEI-803614691,P01725,PH01341,2024-12-24,2024-05-23,Active,C0123
D00653,Desktop,-IMEI-392570167,P01730,nan,2024-08-26,2024-08-28,Active,C0124
D00654,Workstation,-IMEI-876819603,P01733,PH01347,2024-11-08,2024-08-06,Active,C0124
D00655,Desktop,-IMEI-116878701,P01735,nan,2024-12-19,2024-04-14,Active,C0125
D00656,Workstation,-IMEI-401588749,P01740,PH01354,2024-04-04,2024-11-11,Active,C0125
D00657,Mobile,-IMEI-085968055,P01743,PH01356,2024-04-07,2024-01-12,Active,C0125
D00658,Tablet,-IMEI-910448411,P01746,nan,2024-02-11,2024-08-18,Active,C0125
D00659,Tablet,-IMEI-082111556,P01747,nan,2024-05-29,2024-12-26,Active,C0126
D00660,Laptop,-IMEI-161279684,P01748,PH01357,2024-12-08,2024-10-28,Active,C0126
D00661,Desktop,-IMEI-284025368,P01749,PH01359,2024-11-08,2024-05-04,Active,C0127
D00662,Laptop,-IMEI-615378422,P01752,PH01364,2024-10-21,2024-11-12,Active,C0127
D00663,Laptop,-IMEI-548756199,P01756,PH01368,2024-04-08,2024-01-02,Active,C0128
D00664,Tablet,-IMEI-686297242,P01758,PH01371,2024-11-21,2024-12-30,Active,C0128
D00665,Laptop,-IMEI-471977273,P01762,nan,2024-07-24,2024-11-18,Active,C0128
D00666,Mobile,-IMEI-696317242,P01763,nan,2024-11-27,2024-08-31,Active,C0129
D00667,Workstation,-IMEI-308264575,P01764,PH01375,2024-06-17,2024-11-20,Active,C0129
D00668,Laptop,-IMEI-755394151,P01769,PH01380,2024-09-06,2024-03-07,Active,C0129
D00669,Workstation,-IMEI-416340036,P01772,nan,2024-10-27,2024-10-29,Active,C0130
D00670,Desktop,-IMEI-928557799,P01773,PH01383,2024-05-12,2024-07-19,Active,C0130
D00671,Tablet,-IMEI-165462494,P01777,nan,2024-06-04,2024-07-07,Active,C0130
D00672,Laptop,-IMEI-569256963,P01778,PH01387,2024-05-07,2024-11-30,Inactive,C0130
D00673,Mobile,-IMEI-648831002,P01780,PH01390,2024-01-29,2024-03-04,Inactive,C0130
D00674,Laptop,-IMEI-677360406,P01785,PH01393,2024-12-16,2024-11-27,Active,C0130
D00675,Desktop,-IMEI-728374211,P01789,PH01398,2024-04-08,2024-10-05,Active,C0130
D00676,Tablet,-IMEI-986348415,P01793,PH01400,2024-03-07,2024-09-15,Active,C0130
D00677,Desktop,-IMEI-479921669,P01794,nan,2024-03-03,2024-05-23,Active,C0130
D00678,Laptop,-IMEI-667564450,P01799,nan,2024-10-31,2024-09-25,Active,C0130
D00679,Laptop,-IMEI-377699267,P01803,PH01408,2024-12-04,2024-12-23,Active,C0130
D00680,Tablet,-IMEI-200387233,P01806,PH01411,2024-02-16,2024-09-30,Active,C0130
D00681,Mobile,-IMEI-493571264,P01807,nan,2024-04-14,2024-08-16,Inactive,C0130
D00682,Mobile,-IMEI-684443878,P01809,PH01412,2024-11-24,2024-11-15,Inactive,C0130
D00683,Tablet,-IMEI-752525087,P01810,PH01414,2024-02-22,2024-02-02,Active,C0130
D00684,Tablet,-IMEI-492484890,P01812,PH01415,2024-04-18,2024-07-20,Active,C0130
D00685,Tablet,-IMEI-617072616,P01815,PH01418,2024-01-21,2024-07-11,Active,C0130
D00686,Tablet,-IMEI-508263393,P01818,PH01420,2024-02-12,2024-05-22,Active,C0130
D00687,Workstation,-IMEI-786689854,P01819,nan,2024-12-24,2024-06-11,Active,C0130
D00688,Tablet,-IMEI-499202609,P01820,nan,2024-03-24,2024-03-03,Active,C0130
D00689,Workstation,-IMEI-681355005,P01825,PH01422,2024-01-21,2024-11-01,Active,C0131
D00690,Workstation,-IMEI-799488876,P01826,nan,2024-07-24,2024-04-16,Active,C0131
D00691,Tablet,-IMEI-163222702,P01827,nan,2024-09-29,2024-01-25,Active,C0132
D00692,Workstation,-IMEI-521789023,P01828,PH01424,2024-11-23,2024-07-23,Active,C0132
D00693,Workstation,-IMEI-983049082,P01831,PH01426,2024-05-16,2024-04-03,Active,C0132
D00694,Desktop,-IMEI-033346028,P01832,PH01427,2024-12-19,2024-03-07,Active,C0132
D00695,Desktop,-IMEI-094559179,P01835,nan,2024-06-25,2024-08-13,Active,C0132
D00696,Workstation,-IMEI-051358088,P01836,PH01430,2024-02-07,2024-05-05,Active,C0132
D00697,Workstation,-IMEI-469614085,P01839,PH01434,2024-01-21,2024-05-11,Active,C0132
D00698,Desktop,-IMEI-635581106,P01842,PH01438,2024-04-17,2024-10-31,Active,C0132
D00699,Tablet,-IMEI-213322147,P01845,nan,2024-10-26,2024-12-18,Inactive,C0132
D00700,Laptop,-IMEI-799992223,P01847,nan,2024-10-08,2024-02-21,Active,C0132
D00701,Mobile,-IMEI-583459087,P01848,PH01440,2024-02-15,2024-01-04,Active,C0132
D00702,Workstation,-IMEI-431198234,P01854,PH01444,2024-12-15,2024-06-07,Active,C0132
D00703,Desktop,-IMEI-520161121,P01855,nan,2024-08-05,2024-12-12,Inactive,C0132
D00704,Laptop,-IMEI-410183618,P01856,PH01445,2024-01-17,2024-10-27,Active,C0133
D00705,Mobile,-IMEI-009211025,P01859,PH01448,2024-02-22,2024-12-17,Inactive,C0133
D00706,Tablet,-IMEI-373297688,P01860,nan,2024-07-09,2024-10-10,Active,C0133
D00707,Desktop,-IMEI-938024225,P01862,PH01449,2024-11-04,2024-11-04,Active,C0133
D00708,Laptop,-IMEI-339746445,P00632,nan,2024-07-24,2024-12-07,Active,C0134
D00709,Tablet,-IMEI-513431149,P01863,PH01450,2024-04-22,2024-08-01,Active,C0134
D00710,Laptop,-IMEI-533436183,P01864,PH01451,2024-02-06,2024-11-16,Inactive,C0134
D00711,Desktop,-IMEI-915768859,P01867,PH01454,2024-04-04,2024-02-28,Inactive,C0134
D00712,Mobile,-IMEI-538218891,P01871,PH01459,2024-10-12,2024-03-30,Active,C0134
D00713,Tablet,-IMEI-020642567,P01873,PH01462,2024-05-17,2024-05-28,Active,C0135
D00714,Mobile,-IMEI-670720156,P01874,PH01463,2024-03-20,2024-04-16,Active,C0135
D00715,Workstation,-IMEI-540686257,P01877,PH01466,2024-05-21,2024-01-06,Active,C0135
D00716,Mobile,-IMEI-926961316,P01878,PH01467,2024-01-01,2024-05-20,Active,C0136
D00717,Mobile,-IMEI-118855401,P01883,nan,2024-08-14,2024-03-16,Active,C0136
D00718,Mobile,-IMEI-995850034,P01886,nan,2024-05-24,2024-02-01,Inactive,C0136
D00719,Desktop,-IMEI-796323764,P01887,nan,2024-10-02,2024-11-06,Active,C0136
D00720,Laptop,-IMEI-467069759,P01889,PH01473,2024-11-30,2024-02-12,Active,C0136
D00721,Tablet,-IMEI-368946211,P01894,PH01478,2024-04-27,2024-06-02,Active,C0136
D00722,Tablet,-IMEI-923036651,P01900,PH01482,2024-09-11,2024-05-26,Active,C0136
D00723,Tablet,-IMEI-511992512,P01903,nan,2024-06-16,2024-10-15,Active,C0136
D00724,Desktop,-IMEI-026942079,P01904,nan,2024-12-14,2024-08-19,Active,C0137
D00725,Tablet,-IMEI-552863616,P01910,PH01488,2024-08-08,2024-10-05,Active,C0137
D00726,Desktop,-IMEI-043794042,P01912,PH01490,2024-11-11,2024-03-31,Inactive,C0137
D00727,Laptop,-IMEI-541874982,P01914,nan,2024-01-05,2024-11-03,Active,C0137
D00728,Workstation,-IMEI-860433740,P01920,PH01495,2024-11-08,2024-04-07,Active,C0137
D00729,Desktop,-IMEI-162473940,P01924,PH01499,2024-08-03,2024-10-17,Active,C0137
D00730,Laptop,-IMEI-216647238,P01927,PH01501,2024-12-03,2024-11-24,Active,C0138
D00731,Desktop,-IMEI-094266059,P01930,PH01503,2024-09-19,2024-11-18,Active,C0138
D00732,Workstation,-IMEI-404763927,P01932,PH01505,2024-01-28,2024-12-03,Active,C0138
D00733,Desktop,-IMEI-175642314,P01933,PH01507,2024-06-08,2024-02-19,Active,C0138
D00734,Tablet,-IMEI-119797035,P01936,PH01511,2024-09-09,2024-06-06,Active,C0138
D00735,Mobile,-IMEI-113245970,P01939,PH01514,2024-08-03,2024-01-13,Active,C0139
D00736,Mobile,-IMEI-809199831,P01940,nan,2024-05-04,2024-08-28,Active,C0139
D00737,Desktop,-IMEI-835504506,P01943,PH01516,2024-02-17,2024-03-06,Inactive,C0139
D00738,Tablet,-IMEI-364109198,P01945,PH01518,2024-08-04,2024-04-10,Active,C0139
D00739,Mobile,-IMEI-132414753,P01951,PH01523,2024-10-13,2024-06-15,Active,C0139
D00740,Mobile,-IMEI-222217288,P01954,nan,2024-08-03,2024-08-13,Active,C0139
D00741,Workstation,-IMEI-043932082,P01957,nan,2024-07-06,2024-03-07,Active,C0139
D00742,Laptop,-IMEI-946437614,P01959,PH01529,2024-01-30,2024-03-09,Active,C0139
D00743,Tablet,-IMEI-587336272,P01960,PH01530,2024-10-25,2024-07-13,Active,C0139
D00744,Workstation,-IMEI-732559836,P01964,nan,2024-06-17,2024-09-16,Inactive,C0139
D00745,Tablet,-IMEI-583174210,P01966,PH01534,2024-04-27,2024-08-18,Active,C0139
D00746,Mobile,-IMEI-042613404,P01970,PH01537,2024-02-13,2024-03-08,Inactive,C0139
D00747,Desktop,-IMEI-843907583,P01973,PH01539,2024-07-15,2024-05-01,Inactive,C0139
D00748,Workstation,-IMEI-649267222,P01975,PH01541,2024-06-26,2024-01-10,Inactive,C0139
D00749,Workstation,-IMEI-567547040,P01978,PH01544,2024-04-07,2024-10-21,Active,C0139
D00750,Laptop,-IMEI-189976621,P01983,nan,2024-11-29,2024-12-24,Active,C0139
D00751,Mobile,-IMEI-864014751,P01986,PH01551,2024-02-10,2024-05-08,Active,C0140
D00752,Desktop,-IMEI-332972221,P01989,PH01555,2024-08-07,2024-06-04,Active,C0140
D00753,Desktop,-IMEI-317152770,P01992,PH01558,2024-11-19,2024-04-18,Active,C0140
D00754,Mobile,-IMEI-418919058,P01995,nan,2024-05-15,2024-01-30,Active,C0140
D00755,Mobile,-IMEI-993901146,P01996,nan,2024-09-12,2024-05-29,Active,C0140
D00756,Workstation,-IMEI-150192508,P01997,PH01563,2024-11-07,2024-04-21,Active,C0140
D00757,Laptop,-IMEI-405399437,P01999,PH01565,2024-04-12,2024-01-15,Inactive,C0140
D00758,Laptop,-IMEI-535821674,P02001,PH01566,2024-08-09,2024-11-16,Active,C0140
D00759,Desktop,-IMEI-126279100,P02004,PH01568,2024-01-28,2024-08-29,Active,C0140
D00760,Laptop,-IMEI-067764612,P02008,PH01570,2024-04-06,2024-09-03,Active,C0141
D00761,Tablet,-IMEI-804147702,P02013,PH01575,2024-09-18,2024-04-14,Inactive,C0141
D00762,Laptop,-IMEI-225197409,P02022,PH01584,2024-09-14,2024-03-24,Active,C0141
D00763,Desktop,-IMEI-325763205,P00803,nan,2024-02-19,2024-04-11,Active,C0142
D00764,Mobile,-IMEI-473206944,P02024,PH01587,2024-02-17,2024-07-10,Active,C0142
D00765,Workstation,-IMEI-377838616,P02025,PH01588,2024-09-23,2024-07-10,Active,C0142
D00766,Mobile,-IMEI-268641303,P02028,PH01591,2024-02-16,2024-08-19,Active,C0142
D00767,Workstation,-IMEI-801377466,P02029,nan,2024-11-19,2024-08-11,Active,C0143
D00768,Mobile,-IMEI-813558796,P02030,PH01592,2024-05-21,2024-10-20,Active,C0143
D00769,Tablet,-IMEI-836325369,P02031,PH01593,2024-06-04,2024-08-29,Active,C0143
D00770,Desktop,-IMEI-788910651,P02032,nan,2024-09-26,2024-07-28,Active,C0143
D00771,Mobile,-IMEI-285002089,P02035,PH01595,2024-06-17,2024-01-07,Active,C0144
D00772,Laptop,-IMEI-645906372,P02036,PH01596,2024-02-19,2024-03-27,Active,C0144
D00773,Laptop,-IMEI-193157066,P02037,PH01597,2024-11-23,2024-09-03,Active,C0144
D00774,Desktop,-IMEI-654386054,P02038,PH01599,2024-03-05,2024-10-10,Active,C0144
D00775,Workstation,-IMEI-103098556,P02039,PH01600,2024-03-22,2024-07-17,Active,C0144
D00776,Desktop,-IMEI-217790093,P02042,nan,2024-08-31,2024-02-12,Active,C0144
D00777,Desktop,-IMEI-933643155,P02043,PH01604,2024-02-10,2024-02-14,Active,C0144
D00778,Tablet,-IMEI-604147345,P02044,nan,2024-01-10,2024-01-02,Active,C0144
D00779,Tablet,-IMEI-639340733,P02053,PH01614,2024-05-27,2024-01-11,Active,C0144
D00780,Tablet,-IMEI-927204868,P02056,nan,2024-02-16,2024-09-30,Inactive,C0144
D00781,Mobile,-IMEI-828467015,P02058,PH01617,2024-10-18,2024-03-02,Active,C0144
D00782,Tablet,-IMEI-967896215,P01843,nan,2024-07-18,2024-07-19,Active,C0145
D00783,Desktop,-IMEI-314905919,P02061,PH01620,2024-06-04,2024-11-15,Active,C0145
D00784,Tablet,-IMEI-822260942,P02064,nan,2024-03-13,2024-01-01,Active,C0145
D00785,Laptop,-IMEI-548701776,P02067,PH01625,2024-10-20,2024-02-11,Active,C0145
D00786,Workstation,-IMEI-988630771,P02069,nan,2024-10-20,2024-05-23,Active,C0145
D00787,Mobile,-IMEI-490633770,P02070,PH01627,2024-07-14,2024-08-14,Active,C0145
D00788,Mobile,-IMEI-327490947,P02074,PH01632,2024-01-19,2024-04-10,Inactive,C0145
D00789,Laptop,-IMEI-912303187,P02076,PH01634,2024-09-10,2024-02-19,Inactive,C0145
D00790,Tablet,-IMEI-991283376,P02077,PH01635,2024-03-15,2024-04-30,Active,C0145
D00791,Laptop,-IMEI-278626709,P02087,PH01642,2024-08-20,2024-01-31,Active,C0145
D00792,Laptop,-IMEI-069737651,P01337,nan,2024-10-05,2024-09-26,Active,C0146
D00793,Workstation,-IMEI-463004759,P02090,PH01644,2024-02-22,2024-06-05,Active,C0147
D00794,Mobile,-IMEI-201525908,P02093,nan,2024-09-07,2024-03-04,Active,C0147
D00795,Tablet,-IMEI-945825694,P02094,PH01645,2024-05-06,2024-11-01,Active,C0147
D00796,Workstation,-IMEI-427472914,P02097,PH01648,2024-07-18,2024-08-13,Active,C0147
D00797,Mobile,-IMEI-273007754,P02100,nan,2024-08-16,2024-06-01,Active,C0147
D00798,Workstation,-IMEI-563809835,P02101,PH01649,2024-06-19,2024-07-15,Active,C0147
D00799,Tablet,-IMEI-009819425,P02108,PH01656,2024-05-19,2024-09-04,Active,C0147
D00800,Laptop,-IMEI-741939151,P02109,PH01657,2024-07-11,2024-10-18,Inactive,C0147
D00801,Mobile,-IMEI-503276671,P02110,nan,2024-09-29,2024-08-04,Active,C0147
D00802,Tablet,-IMEI-051015694,P02115,PH01663,2024-05-29,2024-07-11,Active,C0147
D00803,Desktop,-IMEI-481724706,P02116,PH01665,2024-03-06,2024-06-26,Active,C0147
D00804,Desktop,-IMEI-090858848,P02118,nan,2024-01-10,2024-07-15,Active,C0147
D00805,Tablet,-IMEI-601604905,P02120,nan,2024-04-07,2024-11-16,Active,C0148
D00806,Mobile,-IMEI-574208183,P02123,PH01669,2024-10-14,2024-04-28,Active,C0149
D00807,Desktop,-IMEI-971688383,P02125,PH01671,2024-09-27,2024-07-20,Active,C0149
D00808,Workstation,-IMEI-913024957,P01096,nan,2024-01-22,2024-06-19,Inactive,C0150
D00809,Tablet,-IMEI-866652061,P02129,PH01673,2024-10-03,2024-04-06,Active,C0150
D00810,Workstation,-IMEI-340414137,P02131,nan,2024-07-26,2024-02-16,Active,C0150
D00811,Mobile,-IMEI-247461692,P02134,PH01679,2024-08-11,2024-04-24,Active,C0150
D00812,Tablet,-IMEI-043574138,P02137,PH01683,2024-06-30,2024-06-30,Active,C0150
D00813,Workstation,-IMEI-947460402,P02139,nan,2024-06-02,2024-11-26,Active,C0150
D00814,Laptop,-IMEI-991139351,P02140,nan,2024-05-15,2024-03-07,Active,C0150
D00815,Desktop,-IMEI-890831460,P02141,nan,2024-10-19,2024-02-23,Active,C0150
D00816,Laptop,-IMEI-073910601,P02142,PH01685,2024-11-21,2024-09-16,Active,C0150
D00817,Laptop,-IMEI-934440544,P02143,PH01686,2024-03-02,2024-09-15,Active,C0150
D00818,Mobile,-IMEI-614442124,P02144,PH01687,2024-02-14,2024-01-28,Active,C0150
D00819,Workstation,-IMEI-451680609,P02145,nan,2024-06-16,2024-10-30,Inactive,C0150
D00820,Laptop,-IMEI-586672001,P02146,PH01688,2024-05-23,2024-06-06,Active,C0150
D00821,Laptop,-IMEI-025142178,P02148,PH01690,2024-01-03,2024-08-25,Active,C0150
D00822,Laptop,-IMEI-139431429,P02152,nan,2024-03-21,2024-01-11,Active,C0150
D00823,Laptop,-IMEI-733228811,P02153,PH01694,2024-06-21,2024-07-24,Active,C0150
D00824,Workstation,-IMEI-650694243,P02155,PH01696,2024-04-19,2024-11-08,Active,C0150
D00825,Mobile,-IMEI-315913817,P02157,nan,2024-01-07,2024-04-08,Active,C0150
D00826,Tablet,-IMEI-550128290,P02161,PH01701,2024-08-11,2024-04-05,Inactive,C0150
D00827,Laptop,-IMEI-078735890,P02162,nan,2024-02-25,2024-03-29,Inactive,C0150
D00828,Workstation,-IMEI-668677135,P02163,nan,2024-11-01,2024-04-01,Active,C0150
D00829,Mobile,-IMEI-469868013,P02166,PH01704,2024-03-31,2024-06-04,Inactive,C0150
D00830,Desktop,-IMEI-054709974,P02167,PH01705,2024-08-13,2024-09-11,Inactive,C0150
D00831,Workstation,-IMEI-309395476,P02168,nan,2024-06-09,2024-12-30,Active,C0150
D00832,Mobile,-IMEI-245873687,P02170,nan,2024-03-28,2024-04-02,Active,C0151
D00833,Mobile,-IMEI-212973243,P02172,PH01706,2024-06-04,2024-08-20,Active,C0151
D00834,Tablet,-IMEI-324945382,P02174,PH01708,2024-12-10,2024-05-07,Active,C0151
D00835,Laptop,-IMEI-309977230,P02175,nan,2024-06-20,2024-09-07,Active,C0151
D00836,Laptop,-IMEI-250665162,P02176,nan,2024-09-02,2024-06-08,Active,C0151
D00837,Workstation,-IMEI-098887031,P02177,PH01709,2024-09-13,2024-05-04,Active,C0151
D00838,Tablet,-IMEI-463773475,P02184,PH01714,2024-03-19,2024-11-29,Active,C0151
D00839,Workstation,-IMEI-834090425,P02191,PH01718,2024-09-09,2024-04-30,Active,C0153
D00840,Mobile,-IMEI-189922861,P02196,nan,2024-01-06,2024-01-06,Active,C0153
D00841,Laptop,-IMEI-911432206,P02204,PH01730,2024-04-14,2024-06-05,Active,C0153
D00842,Tablet,-IMEI-626386879,P02205,PH01731,2024-01-21,2024-05-01,Active,C0153
D00843,Desktop,-IMEI-093119143,P02209,PH01733,2024-09-27,2024-07-01,Active,C0153
D00844,Mobile,-IMEI-128839332,P02212,PH01737,2024-10-08,2024-07-04,Active,C0153
D00845,Workstation,-IMEI-451683248,P02213,nan,2024-03-18,2024-12-28,Active,C0153
D00846,Tablet,-IMEI-738417338,P02214,PH01738,2024-12-15,2024-04-04,Active,C0153
D00847,Desktop,-IMEI-817352107,P02215,PH01739,2024-12-09,2024-07-25,Active,C0153
D00848,Desktop,-IMEI-981341501,P02216,PH01740,2024-08-10,2024-01-16,Active,C0153
D00849,Mobile,-IMEI-729640057,P02218,PH01741,2024-04-09,2024-09-17,Active,C0153
D00850,Laptop,-IMEI-263450804,P02220,PH01742,2024-05-29,2024-11-06,Active,C0154
D00851,Workstation,-IMEI-086896783,P02221,PH01743,2024-05-31,2024-04-22,Active,C0154
D00852,Tablet,-IMEI-952660405,P02222,PH01744,2024-05-02,2024-03-05,Active,C0154
D00853,Workstation,-IMEI-692173996,P02223,PH01745,2024-01-17,2024-11-04,Active,C0154
D00854,Tablet,-IMEI-723999726,P02224,PH01747,2024-11-19,2024-03-15,Active,C0154
D00855,Mobile,-IMEI-232311814,P02227,PH01749,2024-04-05,2024-04-17,Active,C0154
D00856,Desktop,-IMEI-312813603,P02229,PH01751,2024-10-22,2024-06-23,Active,C0154
D00857,Workstation,-IMEI-633571342,P02230,PH01752,2024-05-30,2024-08-14,Active,C0154
D00858,Desktop,-IMEI-250933574,P02233,PH01755,2024-01-07,2024-09-09,Active,C0154
D00859,Mobile,-IMEI-909763637,P02235,PH01756,2024-01-06,2024-03-07,Active,C0154
D00860,Laptop,-IMEI-088752415,P02236,nan,2024-09-20,2024-12-02,Active,C0154
D00861,Desktop,-IMEI-078062289,P02241,PH01759,2024-04-21,2024-05-29,Active,C0155
D00862,Mobile,-IMEI-330349640,P02244,nan,2024-10-25,2024-05-11,Active,C0155
D00863,Desktop,-IMEI-959748798,P02245,PH01763,2024-07-17,2024-02-19,Active,C0155
D00864,Tablet,-IMEI-463716985,P02246,nan,2024-10-06,2024-03-23,Inactive,C0155
D00865,Workstation,-IMEI-315564622,P02252,PH01769,2024-03-09,2024-10-01,Active,C0156
D00866,Desktop,-IMEI-141346105,P02255,PH01772,2024-12-12,2024-02-23,Active,C0156
D00867,Workstation,-IMEI-328335240,P02257,nan,2024-03-11,2024-07-17,Active,C0156
D00868,Mobile,-IMEI-660115645,P02259,PH01775,2024-01-16,2024-04-12,Active,C0156
D00869,Laptop,-IMEI-719827196,P02263,PH01779,2024-05-06,2024-06-20,Inactive,C0157
D00870,Desktop,-IMEI-509312105,P02265,PH01781,2024-02-16,2024-07-24,Active,C0158
D00871,Workstation,-IMEI-041423406,P02267,nan,2024-02-11,2024-08-26,Active,C0159
D00872,Laptop,-IMEI-016426030,P02271,PH01783,2024-01-11,2024-10-24,Inactive,C0159
D00873,Workstation,-IMEI-704827997,P02275,PH01786,2024-09-10,2024-11-22,Active,C0160
D00874,Tablet,-IMEI-462612409,P02276,PH01787,2024-12-21,2024-02-10,Active,C0160
D00875,Workstation,-IMEI-483182563,P02278,PH01790,2024-08-30,2024-03-17,Active,C0160
D00876,Tablet,-IMEI-347201730,P02283,nan,2024-12-10,2024-05-07,Active,C0161
D00877,Desktop,-IMEI-219564757,P02285,PH01796,2024-02-22,2024-12-03,Active,C0161
D00878,Workstation,-IMEI-897389943,P02286,PH01797,2024-08-23,2024-09-08,Active,C0161
D00879,Mobile,-IMEI-015868248,P02287,nan,2024-06-24,2024-06-09,Active,C0161
D00880,Mobile,-IMEI-873782667,P02289,PH01798,2024-07-26,2024-05-09,Active,C0161
D00881,Tablet,-IMEI-750236229,P02292,nan,2024-05-04,2024-03-24,Active,C0161
D00882,Workstation,-IMEI-265465787,P02293,nan,2024-11-02,2024-05-13,Active,C0161
D00883,Tablet,-IMEI-096895915,P02295,PH01802,2024-09-24,2024-04-14,Active,C0161
D00884,Mobile,-IMEI-003220595,P02299,PH01805,2024-12-15,2024-06-27,Active,C0161
D00885,Desktop,-IMEI-362598755,P02300,PH01806,2024-11-18,2024-03-20,Inactive,C0161
D00886,Desktop,-IMEI-127511877,P02302,PH01808,2024-06-22,2024-01-28,Active,C0161
D00887,Desktop,-IMEI-343777669,P02304,PH01809,2024-03-08,2024-07-10,Active,C0161
D00888,Laptop,-IMEI-564339381,P02305,PH01810,2024-11-20,2024-05-22,Active,C0161
D00889,Workstation,-IMEI-202408903,P00065,nan,2024-06-02,2024-03-21,Active,C0162
D00890,Tablet,-IMEI-783626527,P02313,nan,2024-04-04,2024-12-31,Active,C0162
D00891,Workstation,-IMEI-574355983,P02314,PH01820,2024-10-18,2024-11-10,Active,C0162
D00892,Laptop,-IMEI-765637833,P02315,nan,2024-03-22,2024-07-16,Inactive,C0162
D00893,Mobile,-IMEI-237352212,P02316,PH01821,2024-02-27,2024-05-05,Inactive,C0162
D00894,Mobile,-IMEI-690056223,P02317,nan,2024-02-24,2024-04-10,Active,C0162
D00895,Desktop,-IMEI-220606405,P02318,PH01822,2024-04-21,2024-03-11,Active,C0162
D00896,Tablet,-IMEI-014367094,P02319,nan,2024-05-28,2024-10-15,Active,C0162
D00897,Desktop,-IMEI-588852668,P02324,PH01826,2024-08-07,2024-04-22,Active,C0162
D00898,Mobile,-IMEI-530610126,P02328,nan,2024-03-22,2024-06-09,Active,C0162
D00899,Mobile,-IMEI-793632416,P02329,nan,2024-02-13,2024-06-07,Active,C0162
D00900,Desktop,-IMEI-614701264,P02330,nan,2024-08-15,2024-04-05,Active,C0162
D00901,Desktop,-IMEI-669940218,P02332,nan,2024-07-22,2024-08-21,Active,C0162
D00902,Workstation,-IMEI-251743259,P02333,PH01829,2024-08-12,2024-05-13,Active,C0162
D00903,Laptop,-IMEI-779073242,P02336,PH01832,2024-09-18,2024-02-22,Inactive,C0163
D00904,Laptop,-IMEI-876844592,P02337,PH01833,2024-11-15,2024-08-22,Inactive,C0163
D00905,Mobile,-IMEI-479416423,P02338,PH01834,2024-07-08,2024-06-11,Active,C0163
D00906,Desktop,-IMEI-721841432,P02339,PH01835,2024-04-29,2024-02-11,Inactive,C0163
D00907,Desktop,-IMEI-343899563,P02341,nan,2024-07-23,2024-03-10,Active,C0164
D00908,Laptop,-IMEI-684406322,P02342,PH01837,2024-08-10,2024-10-20,Active,C0164
D00909,Desktop,-IMEI-296099882,P02345,nan,2024-07-06,2024-08-17,Inactive,C0165
D00910,Workstation,-IMEI-016551430,P02350,PH01844,2024-12-26,2024-02-09,Active,C0165
D00911,Workstation,-IMEI-713747625,P02354,nan,2024-04-06,2024-08-14,Active,C0165
D00912,Desktop,-IMEI-884323191,P02355,PH01846,2024-09-20,2024-06-04,Active,C0165
D00913,Laptop,-IMEI-169611654,P02357,PH01847,2024-12-18,2024-03-08,Active,C0165
D00914,Desktop,-IMEI-725028055,P02358,PH01848,2024-07-22,2024-01-03,Active,C0165
D00915,Mobile,-IMEI-606473885,P02360,PH01851,2024-02-26,2024-11-13,Active,C0165
D00916,Mobile,-IMEI-470911940,P02362,PH01853,2024-08-16,2024-10-31,Active,C0165
D00917,Desktop,-IMEI-945295050,P02366,nan,2024-11-26,2024-03-13,Active,C0165
D00918,Tablet,-IMEI-482922199,P02367,PH01857,2024-09-28,2024-10-17,Inactive,C0165
D00919,Desktop,-IMEI-560497398,P02368,nan,2024-10-07,2024-12-17,Inactive,C0165
D00920,Laptop,-IMEI-831443352,P02369,PH01858,2024-05-20,2024-11-28,Active,C0165
D00921,Workstation,-IMEI-194009068,P02373,PH01862,2024-10-29,2024-03-04,Active,C0165
D00922,Desktop,-IMEI-299713837,P02374,PH01863,2024-06-01,2024-01-03,Active,C0165
D00923,Workstation,-IMEI-801408436,P02375,PH01864,2024-08-26,2024-07-23,Active,C0165
D00924,Workstation,-IMEI-727719644,P02376,PH01865,2024-03-07,2024-08-20,Active,C0165
D00925,Mobile,-IMEI-466457052,P02378,PH01867,2024-04-01,2024-04-06,Active,C0165
D00926,Desktop,-IMEI-275610400,P02381,PH01870,2024-08-11,2024-01-29,Active,C0165
D00927,Mobile,-IMEI-263981637,P02399,PH01884,2024-06-21,2024-10-26,Inactive,C0166
D00928,Laptop,-IMEI-110708135,P02408,PH01890,2024-12-13,2024-12-21,Active,C0166
D00929,Tablet,-IMEI-551071941,P02409,PH01891,2024-08-19,2024-11-27,Active,C0166
D00930,Desktop,-IMEI-486915525,P02410,PH01892,2024-05-03,2024-03-01,Active,C0166
D00931,Tablet,-IMEI-142730788,P02411,nan,2024-10-24,2024-11-16,Active,C0166
D00932,Laptop,-IMEI-813631325,P02415,PH01896,2024-10-19,2024-12-07,Active,C0168
D00933,Mobile,-IMEI-934680269,P02417,PH01898,2024-04-05,2024-07-14,Inactive,C0168
D00934,Laptop,-IMEI-342132305,P02419,PH01901,2024-02-22,2024-03-10,Active,C0169
D00935,Desktop,-IMEI-135359152,P02420,PH01903,2024-06-03,2024-09-04,Inactive,C0169
D00936,Mobile,-IMEI-065196696,P02422,nan,2024-03-28,2024-07-26,Inactive,C0169
D00937,Laptop,-IMEI-203173512,P02423,PH01905,2024-08-22,2024-11-25,Active,C0170
D00938,Tablet,-IMEI-382895124,P02427,nan,2024-09-05,2024-07-16,Active,C0170
D00939,Desktop,-IMEI-445831280,P01811,nan,2024-05-02,2024-03-28,Inactive,C0171
D00940,Workstation,-IMEI-769378166,P02433,PH01912,2024-10-19,2024-11-05,Active,C0171
D00941,Tablet,-IMEI-125527018,P02435,nan,2024-11-15,2024-08-21,Active,C0171
D00942,Workstation,-IMEI-930243967,P02436,PH01914,2024-05-20,2024-11-13,Active,C0171
D00943,Workstation,-IMEI-520827710,P02437,PH01915,2024-09-19,2024-07-20,Active,C0171
D00944,Workstation,-IMEI-078498242,P02439,PH01917,2024-07-06,2024-05-21,Active,C0171
D00945,Laptop,-IMEI-967424265,P02440,PH01918,2024-02-10,2024-01-04,Active,C0171
D00946,Tablet,-IMEI-898312760,P02442,nan,2024-03-03,2024-01-05,Active,C0171
D00947,Tablet,-IMEI-717575718,P01314,nan,2024-09-02,2024-08-22,Active,C0172
D00948,Tablet,-IMEI-559469534,P02248,nan,2024-06-27,2024-10-04,Inactive,C0173
D00949,Desktop,-IMEI-964893102,P02447,PH01920,2024-04-23,2024-04-30,Inactive,C0173
D00950,Tablet,-IMEI-903766533,P00334,nan,2024-10-02,2024-06-12,Active,C0174
D00951,Workstation,-IMEI-136076164,P01246,nan,2024-12-30,2024-09-07,Active,C0174
D00952,Mobile,-IMEI-109883006,P02449,nan,2024-09-02,2024-07-21,Active,C0174
D00953,Tablet,-IMEI-728338068,P02450,PH01922,2024-08-09,2024-08-23,Inactive,C0174
D00954,Laptop,-IMEI-994969518,P02451,PH01923,2024-07-13,2024-07-07,Active,C0174
D00955,Mobile,-IMEI-032283804,P02452,PH01924,2024-04-10,2024-01-17,Active,C0174
D00956,Laptop,-IMEI-909538149,P02457,nan,2024-07-24,2024-02-01,Active,C0174
D00957,Mobile,-IMEI-129448274,P02461,PH01935,2024-04-17,2024-08-26,Active,C0174
D00958,Workstation,-IMEI-385771143,P02462,PH01936,2024-10-27,2024-03-05,Active,C0174
D00959,Workstation,-IMEI-930118731,P02465,PH01940,2024-10-03,2024-12-24,Active,C0174
D00960,Laptop,-IMEI-524607194,P02466,nan,2024-12-25,2024-01-26,Active,C0174
D00961,Laptop,-IMEI-074657300,P00698,nan,2024-11-28,2024-01-03,Inactive,C0175
D00962,Desktop,-IMEI-557878480,P02470,PH01943,2024-09-15,2024-05-24,Active,C0175
D00963,Tablet,-IMEI-864959498,P02472,PH01944,2024-03-02,2024-11-05,Active,C0176
D00964,Tablet,-IMEI-935638486,P02474,PH01946,2024-02-09,2024-06-18,Active,C0176
D00965,Desktop,-IMEI-383430231,P02476,nan,2024-01-18,2024-09-08,Active,C0177
D00966,Mobile,-IMEI-321212729,P02478,PH01949,2024-07-19,2024-06-12,Active,C0177
D00967,Desktop,-IMEI-324761715,P02480,PH01952,2024-01-02,2024-05-28,Active,C0177
D00968,Workstation,-IMEI-370936143,P02482,PH01955,2024-06-10,2024-08-22,Inactive,C0177
D00969,Mobile,-IMEI-164751221,P02486,PH01959,2024-12-22,2024-07-13,Active,C0177
D00970,Mobile,-IMEI-108277540,P02487,PH01960,2024-03-31,2024-01-29,Active,C0177
D00971,Desktop,-IMEI-664385505,P02498,PH01971,2024-08-09,2024-04-16,Active,C0177
D00972,Workstation,-IMEI-205073222,P02503,nan,2024-05-22,2024-10-10,Active,C0177
D00973,Tablet,-IMEI-960686104,P02504,nan,2024-04-27,2024-06-15,Active,C0177
D00974,Laptop,-IMEI-197656694,P02507,PH01977,2024-09-04,2024-01-13,Active,C0177
D00975,Mobile,-IMEI-067855483,P02510,PH01979,2024-03-27,2024-10-06,Active,C0177
D00976,Workstation,-IMEI-381214957,P02512,PH01980,2024-10-24,2024-11-20,Active,C0177
D00977,Laptop,-IMEI-554834003,P02516,PH01982,2024-01-30,2024-05-07,Active,C0177
D00978,Tablet,-IMEI-031778595,P02517,PH01984,2024-05-15,2024-07-24,Active,C0177
D00979,Laptop,-IMEI-575193253,P02523,nan,2024-05-29,2024-11-18,Inactive,C0177
D00980,Tablet,-IMEI-343777991,P02526,nan,2024-02-12,2024-04-24,Active,C0177
D00981,Tablet,-IMEI-537173120,P02530,PH01991,2024-01-26,2024-06-29,Active,C0178
D00982,Desktop,-IMEI-673230857,P02534,PH01995,2024-01-17,2024-03-01,Active,C0178
D00983,Workstation,-IMEI-517587962,P02536,PH01997,2024-09-15,2024-01-03,Inactive,C0178
D00984,Desktop,-IMEI-024299965,P02537,PH01998,2024-05-15,2024-09-20,Active,C0178
D00985,Laptop,-IMEI-883504132,P02538,PH01999,2024-12-03,2024-02-17,Active,C0178
D00986,Laptop,-IMEI-009589174,P02539,PH02000,2024-08-26,2024-12-19,Active,C0179
D00987,Workstation,-IMEI-512106954,P02542,PH02002,2024-12-16,2024-03-29,Active,C0179
D00988,Workstation,-IMEI-240164071,P02543,PH02003,2024-07-21,2024-10-28,Active,C0179
D00989,Workstation,-IMEI-914300760,P02548,PH02010,2024-08-08,2024-04-21,Active,C0180
D00990,Desktop,-IMEI-813414963,P02556,PH02016,2024-12-19,2024-04-02,Active,C0181
D00991,Workstation,-IMEI-291401903,P02559,PH02018,2024-06-13,2024-04-24,Active,C0181
D00992,Workstation,-IMEI-220515562,P02560,nan,2024-03-18,2024-07-25,Active,C0181
D00993,Desktop,-IMEI-362744403,P02565,nan,2024-11-07,2024-02-26,Active,C0181
D00994,Desktop,-IMEI-204334008,P02567,nan,2024-08-03,2024-08-26,Active,C0181
D00995,Tablet,-IMEI-488968726,P02572,PH02025,2024-07-16,2024-07-22,Active,C0181
D00996,Desktop,-IMEI-119478521,P02574,nan,2024-04-27,2024-04-27,Active,C0181
D00997,Desktop,-IMEI-699746272,P02576,PH02028,2024-06-01,2024-12-29,Active,C0182
D00998,Mobile,-IMEI-250234476,P02577,PH02029,2024-04-24,2024-11-19,Inactive,C0183
D00999,Tablet,-IMEI-723347301,P02578,PH02030,2024-03-08,2024-02-07,Active,C0183
D01000,Tablet,-IMEI-872652099,P02581,PH02031,2024-02-14,2024-08-27,Active,C0183
D01001,Mobile,-IMEI-127505252,P02583,nan,2024-01-04,2024-09-02,Active,C0183
D01002,Workstation,-IMEI-327194573,P02587,PH02038,2024-12-02,2024-01-14,Active,C0183
D01003,Laptop,-IMEI-139476781,P02588,nan,2024-09-09,2024-01-05,Inactive,C0183
D01004,Laptop,-IMEI-062126759,P02591,nan,2024-02-17,2024-02-25,Active,C0183
D01005,Mobile,-IMEI-820629003,P02592,PH02040,2024-02-23,2024-12-24,Inactive,C0183
D01006,Laptop,-IMEI-455587773,P02595,PH02044,2024-05-15,2024-06-14,Active,C0183
D01007,Mobile,-IMEI-087641454,P02599,nan,2024-12-30,2024-08-03,Active,C0184
D01008,Laptop,-IMEI-938298450,P02602,nan,2025-12-04,2025-04-04,Active,C0185
D01009,Tablet,-IMEI-748049266,P02603,PH02050,2025-07-19,2025-06-10,Active,C0185
D01010,Mobile,-IMEI-099307371,P02607,PH02054,2025-09-12,2025-02-08,Active,C0185
D01011,Tablet,-IMEI-770960673,P02610,PH02057,2025-05-04,2025-10-20,Active,C0185
D01012,Laptop,-IMEI-553346407,P02611,PH02058,2025-04-12,2025-06-22,Active,C0185
D01013,Mobile,-IMEI-221214766,P02614,nan,2025-08-01,2025-04-26,Inactive,C0185
D01014,Desktop,-IMEI-818922870,P02619,PH02064,2025-07-03,2025-07-11,Active,C0185
D01015,Workstation,-IMEI-074626208,P02626,PH02069,2025-01-08,2025-05-06,Inactive,C0185
D01016,Tablet,-IMEI-879406693,P01701,nan,2025-12-01,2025-01-31,Active,C0186
D01017,Tablet,-IMEI-103338274,P02628,PH02071,2025-03-09,2025-07-18,Active,C0186
D01018,Desktop,-IMEI-468258629,P02437,nan,2025-07-23,2025-01-15,Active,C0187
D01019,Laptop,-IMEI-371917391,P00260,nan,2025-02-08,2025-07-06,Active,C0188
D01020,Tablet,-IMEI-559638669,P02636,PH02080,2025-03-01,2025-12-18,Inactive,C0188
D01021,Laptop,-IMEI-404448717,P02638,nan,2025-06-30,2025-02-14,Active,C0188
D01022,Laptop,-IMEI-384133459,P02639,PH02082,2025-05-16,2025-06-03,Active,C0188
D01023,Laptop,-IMEI-439601965,P02640,PH02083,2025-07-02,2025-11-26,Active,C0188
D01024,Desktop,-IMEI-335210468,P02641,PH02084,2025-05-15,2025-05-27,Active,C0188
D01025,Tablet,-IMEI-886043958,P02642,PH02085,2025-04-10,2025-04-02,Active,C0188
D01026,Desktop,-IMEI-473325857,P02644,nan,2025-10-23,2025-06-05,Active,C0189
D01027,Tablet,-IMEI-880201630,P02646,PH02087,2025-05-06,2025-10-16,Active,C0189
D01028,Mobile,-IMEI-245585240,P02647,PH02088,2025-12-15,2025-06-07,Active,C0189
D01029,Laptop,-IMEI-871036050,P02649,PH02089,2025-01-15,2025-08-31,Active,C0189
D01030,Mobile,-IMEI-042780525,P02650,nan,2025-11-15,2025-06-17,Active,C0189
D01031,Workstation,-IMEI-343098409,P02652,nan,2025-05-19,2025-12-09,Active,C0189
D01032,Mobile,-IMEI-647162865,P02656,PH02094,2025-07-15,2025-08-20,Active,C0189
D01033,Desktop,-IMEI-099762497,P02658,PH02095,2025-05-19,2025-10-04,Active,C0189
D01034,Desktop,-IMEI-972881340,P02660,PH02096,2025-03-20,2025-10-22,Active,C0189
D01035,Mobile,-IMEI-468271041,P01103,nan,2025-03-23,2025-11-17,Active,C0191
D01036,Laptop,-IMEI-078961727,P02667,nan,2025-12-16,2025-06-23,Active,C0191
D01037,Tablet,-IMEI-505603234,P02669,nan,2025-06-24,2025-07-01,Active,C0191
D01038,Tablet,-IMEI-730538854,P02671,PH02104,2025-04-16,2025-07-26,Active,C0192
D01039,Mobile,-IMEI-749148779,P02677,PH02110,2025-12-25,2025-01-23,Inactive,C0192
D01040,Mobile,-IMEI-932268944,P02680,nan,2025-09-11,2025-11-29,Active,C0192
D01041,Workstation,-IMEI-571833117,P02681,nan,2025-02-09,2025-12-25,Active,C0192
D01042,Workstation,-IMEI-899003907,P02682,PH02113,2025-01-12,2025-09-04,Active,C0192
D01043,Tablet,-IMEI-163619631,P02683,PH02114,2025-03-23,2025-12-23,Active,C0192
D01044,Desktop,-IMEI-903409657,P02684,PH02115,2025-03-07,2025-03-20,Active,C0192
D01045,Tablet,-IMEI-898372547,P02685,PH02116,2025-08-13,2025-04-06,Active,C0192
D01046,Mobile,-IMEI-539954000,P02687,nan,2025-09-12,2025-11-22,Active,C0192
D01047,Laptop,-IMEI-573453874,P02688,PH02118,2025-11-10,2025-06-23,Active,C0192
D01048,Tablet,-IMEI-226165933,P02689,nan,2025-01-05,2025-06-07,Active,C0192
D01049,Desktop,-IMEI-275850147,P02690,PH02119,2025-09-24,2025-09-30,Active,C0193
D01050,Tablet,-IMEI-331927309,P02691,PH02120,2025-04-10,2025-10-19,Active,C0193
D01051,Desktop,-IMEI-877594654,P02692,PH02121,2025-02-02,2025-05-12,Inactive,C0193
D01052,Workstation,-IMEI-568943709,P02697,PH02126,2025-06-03,2025-10-11,Active,C0193
D01053,Tablet,-IMEI-978229102,P02698,PH02127,2025-08-21,2025-09-08,Active,C0193
D01054,Laptop,-IMEI-039820283,P02699,PH02128,2025-12-07,2025-08-24,Active,C0193
D01055,Laptop,-IMEI-721024478,P02700,PH02129,2025-05-27,2025-06-02,Inactive,C0193
D01056,Mobile,-IMEI-282319208,P02703,PH02134,2025-11-22,2025-08-07,Active,C0193
D01057,Desktop,-IMEI-491958298,P02705,PH02135,2025-02-22,2025-05-29,Active,C0193
D01058,Laptop,-IMEI-945208795,P02709,nan,2025-08-18,2025-04-04,Active,C0193
D01059,Laptop,-IMEI-856466684,P02713,PH02140,2025-03-04,2025-04-29,Active,C0193
D01060,Laptop,-IMEI-628782736,P02722,nan,2025-11-11,2025-10-26,Active,C0194
D01061,Workstation,-IMEI-273144199,P02728,PH02154,2025-06-01,2025-05-13,Active,C0196
D01062,Tablet,-IMEI-095220810,P02731,nan,2025-04-30,2025-07-16,Active,C0196
D01063,Laptop,-IMEI-907188404,P02735,nan,2025-04-27,2025-11-17,Active,C0196
D01064,Laptop,-IMEI-508498747,P02736,PH02161,2025-12-03,2025-11-29,Inactive,C0196
D01065,Desktop,-IMEI-520098840,P02737,PH02163,2025-05-14,2025-07-14,Inactive,C0196
D01066,Desktop,-IMEI-972704707,P02738,PH02164,2025-03-28,2025-10-28,Active,C0196
D01067,Tablet,-IMEI-345253567,P02745,PH02171,2025-12-07,2025-12-16,Active,C0196
D01068,Desktop,-IMEI-426216245,P02748,nan,2025-09-06,2025-10-02,Inactive,C0196
D01069,Mobile,-IMEI-421775591,P02749,PH02173,2025-06-29,2025-01-16,Inactive,C0196
D01070,Tablet,-IMEI-372491235,P02750,PH02174,2025-05-02,2025-01-05,Inactive,C0196
D01071,Tablet,-IMEI-460822065,P02751,PH02175,2025-07-30,2025-02-28,Active,C0196
D01072,Tablet,-IMEI-399007379,P02762,PH02187,2025-09-30,2025-07-02,Inactive,C0197
D01073,Workstation,-IMEI-017619739,P02767,PH02190,2025-12-17,2025-09-07,Active,C0197
D01074,Laptop,-IMEI-870170992,P02769,nan,2025-04-02,2025-09-17,Active,C0197
D01075,Tablet,-IMEI-651003066,P02770,PH02193,2025-10-05,2025-03-05,Active,C0197
D01076,Laptop,-IMEI-418021346,P02772,nan,2025-08-03,2025-02-25,Active,C0198
D01077,Workstation,-IMEI-251842304,P02775,PH02197,2025-04-01,2025-06-24,Active,C0198
D01078,Workstation,-IMEI-177270521,P02779,PH02200,2025-11-09,2025-07-25,Active,C0198
D01079,Tablet,-IMEI-358820290,P02780,PH02201,2025-09-10,2025-06-25,Active,C0198
D01080,Tablet,-IMEI-874189199,P02781,nan,2025-05-05,2025-01-29,Active,C0198
D01081,Tablet,-IMEI-379826070,P02782,PH02202,2025-10-09,2025-01-23,Active,C0198
D01082,Workstation,-IMEI-528819737,P02784,nan,2025-12-09,2025-02-05,Active,C0198
D01083,Laptop,-IMEI-550084840,P02785,PH02204,2025-01-10,2025-12-12,Active,C0198
D01084,Desktop,-IMEI-738672935,P02789,PH02207,2025-09-24,2025-04-20,Inactive,C0199
D01085,Mobile,-IMEI-081464866,P02791,nan,2025-08-13,2025-08-24,Active,C0199
D01086,Laptop,-IMEI-552359756,P02792,nan,2025-02-18,2025-03-09,Active,C0199
D01087,Tablet,-IMEI-824781666,P02797,nan,2025-05-15,2025-05-13,Active,C0200
D01088,Laptop,-IMEI-643030200,P02798,PH02212,2025-08-11,2025-08-18,Active,C0200
D01089,Tablet,-IMEI-470043441,P02801,nan,2025-07-21,2025-03-08,Active,C0200
D01090,Mobile,-IMEI-948511189,P02803,PH02215,2025-05-01,2025-02-06,Active,C0201
D01091,Mobile,-IMEI-857467904,P02805,PH02216,2025-10-08,2025-10-31,Active,C0201
D01092,Workstation,-IMEI-599320061,P02806,nan,2025-07-19,2025-03-04,Inactive,C0201
D01093,Mobile,-IMEI-070090514,P02807,nan,2025-05-26,2025-05-31,Active,C0201
D01094,Workstation,-IMEI-291422487,P02810,PH02219,2025-01-17,2025-01-17,Active,C0201
D01095,Desktop,-IMEI-858114668,P02812,PH02220,2025-04-05,2025-12-05,Active,C0201
D01096,Workstation,-IMEI-700678412,P02814,PH02222,2025-05-07,2025-04-30,Active,C0201
D01097,Workstation,-IMEI-379133251,P02823,PH02225,2025-09-14,2025-12-20,Active,C0201
D01098,Tablet,-IMEI-520790612,P02826,nan,2025-01-09,2025-09-03,Active,C0202
D01099,Tablet,-IMEI-250910881,P02827,PH02228,2025-05-19,2025-05-13,Active,C0202
D01100,Tablet,-IMEI-472314219,P02828,PH02229,2025-11-12,2025-02-18,Active,C0202
D01101,Mobile,-IMEI-879092127,P02834,nan,2025-07-19,2025-09-06,Active,C0202
D01102,Workstation,-IMEI-454344764,P02835,PH02233,2025-09-30,2025-10-31,Active,C0202
D01103,Desktop,-IMEI-180339434,P02836,PH02234,2025-12-03,2025-08-20,Inactive,C0202
D01104,Workstation,-IMEI-223550948,P02840,nan,2025-02-24,2025-02-17,Active,C0202
D01105,Workstation,-IMEI-988374941,P02843,PH02239,2025-08-26,2025-09-07,Inactive,C0202
D01106,Workstation,-IMEI-159064013,P02850,PH02249,2025-02-21,2025-07-26,Inactive,C0204
D01107,Mobile,-IMEI-545812464,P02851,PH02250,2025-12-05,2025-02-17,Active,C0204
D01108,Laptop,-IMEI-508039931,P02853,PH02252,2025-09-20,2025-04-29,Active,C0204
D01109,Workstation,-IMEI-334602720,P02855,PH02254,2025-10-19,2025-10-02,Active,C0204
D01110,Tablet,-IMEI-227344663,P02857,PH02256,2025-03-15,2025-02-26,Active,C0204
D01111,Desktop,-IMEI-896791009,P02859,nan,2025-07-13,2025-07-04,Active,C0204
D01112,Mobile,-IMEI-633493468,P02861,PH02258,2025-10-11,2025-04-29,Active,C0204
D01113,Laptop,-IMEI-760451011,P01792,nan,2025-12-15,2025-01-23,Active,C0205
D01114,Desktop,-IMEI-673798967,P02864,PH02261,2025-10-04,2025-10-20,Active,C0205
D01115,Desktop,-IMEI-441722821,P02866,PH02262,2025-01-31,2025-01-28,Active,C0205
D01116,Laptop,-IMEI-596778309,P02868,PH02263,2025-11-19,2025-10-11,Active,C0205
D01117,Laptop,-IMEI-719363284,P02869,nan,2025-01-29,2025-05-17,Active,C0205
D01118,Desktop,-IMEI-422735073,P02872,nan,2025-05-10,2025-07-23,Active,C0206
D01119,Mobile,-IMEI-333063128,P02878,PH02270,2025-07-18,2025-01-02,Active,C0207
D01120,Tablet,-IMEI-097920429,P02879,nan,2025-02-16,2025-08-22,Active,C0207
D01121,Desktop,-IMEI-764040925,P02880,nan,2025-06-03,2025-09-13,Active,C0207
D01122,Workstation,-IMEI-597970942,P02882,PH02271,2025-06-04,2025-06-28,Active,C0207
D01123,Mobile,-IMEI-592655834,P02883,PH02272,2025-01-26,2025-07-02,Active,C0207
D01124,Tablet,-IMEI-326069058,P02885,PH02273,2025-05-17,2025-09-11,Active,C0207
D01125,Workstation,-IMEI-150535453,P02887,PH02275,2025-06-08,2025-11-28,Active,C0207
D01126,Tablet,-IMEI-410202478,P02889,PH02278,2025-02-26,2025-07-18,Active,C0208
D01127,Tablet,-IMEI-089755358,P02894,PH02283,2025-09-15,2025-03-25,Active,C0208
D01128,Desktop,-IMEI-708636613,P02895,PH02285,2025-08-25,2025-12-06,Inactive,C0209
D01129,Workstation,-IMEI-042776553,P02899,PH02289,2025-02-13,2025-02-28,Active,C0209
D01130,Desktop,-IMEI-226616937,P02906,PH02295,2025-01-30,2025-05-23,Active,C0209
D01131,Desktop,-IMEI-032601500,P02914,PH02299,2025-04-13,2025-09-17,Inactive,C0210
D01132,Desktop,-IMEI-864480327,P02915,nan,2025-04-30,2025-04-01,Active,C0210
D01133,Mobile,-IMEI-130505869,P02916,nan,2025-05-30,2025-08-24,Active,C0210
D01134,Workstation,-IMEI-767554033,P02917,PH02300,2025-11-16,2025-06-01,Inactive,C0210
D01135,Laptop,-IMEI-541887944,P02918,PH02301,2025-09-15,2025-10-12,Active,C0210
D01136,Tablet,-IMEI-153791657,P02919,PH02302,2025-05-17,2025-10-27,Active,C0210
D01137,Mobile,-IMEI-442125271,P02921,PH02304,2025-10-18,2025-04-21,Active,C0210
D01138,Laptop,-IMEI-228217037,P02923,PH02305,2025-07-15,2025-09-09,Active,C0210
D01139,Laptop,-IMEI-339229428,P02926,nan,2025-01-13,2025-02-18,Active,C0210
D01140,Tablet,-IMEI-325674777,P02931,PH02312,2025-08-28,2025-06-12,Active,C0210
D01141,Workstation,-IMEI-574305138,P00964,nan,2025-07-11,2025-11-13,Active,C0211
D01142,Tablet,-IMEI-666021927,P00661,nan,2025-02-10,2025-12-29,Inactive,C0211
D01143,Laptop,-IMEI-148170033,P02932,PH02313,2025-01-15,2025-09-03,Inactive,C0211
D01144,Tablet,-IMEI-749986138,P02933,PH02314,2025-12-12,2025-12-26,Active,C0211
D01145,Laptop,-IMEI-111931464,P02936,PH02316,2025-08-30,2025-01-17,Active,C0211
D01146,Desktop,-IMEI-198466553,P02938,nan,2025-02-25,2025-06-30,Inactive,C0211
D01147,Mobile,-IMEI-430999187,P02939,PH02318,2025-03-12,2025-05-18,Active,C0211
D01148,Tablet,-IMEI-973767523,P02942,nan,2025-01-12,2025-06-29,Active,C0211
D01149,Tablet,-IMEI-213622692,P02950,PH02326,2025-02-25,2025-05-24,Inactive,C0212
D01150,Desktop,-IMEI-040556232,P02951,PH02327,2025-02-20,2025-03-26,Active,C0213
D01151,Tablet,-IMEI-932937659,P02955,PH02331,2025-11-21,2025-01-10,Inactive,C0213
D01152,Laptop,-IMEI-675057283,P02956,nan,2025-10-06,2025-10-18,Active,C0213
D01153,Laptop,-IMEI-610204664,P02958,nan,2025-12-15,2025-02-03,Active,C0213
D01154,Mobile,-IMEI-599631396,P02960,PH02334,2025-05-03,2025-01-26,Active,C0213
D01155,Workstation,-IMEI-088154403,P02961,PH02336,2025-03-02,2025-07-24,Active,C0213
D01156,Laptop,-IMEI-540774885,P02964,PH02338,2025-10-16,2025-02-26,Active,C0214
D01157,Mobile,-IMEI-138231447,P02974,PH02346,2025-07-08,2025-04-30,Active,C0216
D01158,Desktop,-IMEI-307126394,P02209,nan,2025-10-18,2025-03-16,Active,C0218
D01159,Mobile,-IMEI-528911842,P02981,PH02352,2025-07-17,2025-06-23,Inactive,C0218
D01160,Workstation,-IMEI-765525658,P02982,nan,2025-01-31,2025-05-31,Active,C0218
D01161,Desktop,-IMEI-524956531,P02983,PH02353,2025-05-09,2025-03-06,Active,C0218
D01162,Desktop,-IMEI-109998877,P02984,nan,2025-11-13,2025-08-26,Active,C0218
D01163,Mobile,-IMEI-869658454,P02987,nan,2025-08-19,2025-02-19,Inactive,C0219
D01164,Mobile,-IMEI-380279995,P02988,nan,2025-08-30,2025-07-03,Active,C0219
D01165,Tablet,-IMEI-300168364,P02989,PH02357,2025-05-05,2025-04-17,Active,C0219
D01166,Workstation,-IMEI-289523000,P02990,nan,2025-09-16,2025-11-06,Inactive,C0219
D01167,Mobile,-IMEI-772322734,P03002,nan,2025-11-18,2025-03-24,Active,C0219
D01168,Laptop,-IMEI-016381649,P03006,PH02368,2025-09-29,2025-10-17,Active,C0219
D01169,Tablet,-IMEI-279472726,P03008,nan,2025-10-04,2025-04-12,Active,C0219
D01170,Workstation,-IMEI-532899391,P03010,PH02370,2025-08-16,2025-07-11,Inactive,C0219
D01171,Tablet,-IMEI-714879953,P03011,PH02371,2025-10-02,2025-06-07,Active,C0219
D01172,Tablet,-IMEI-275283502,P03018,PH02374,2025-09-16,2025-11-19,Active,C0219
D01173,Laptop,-IMEI-340029628,P03020,nan,2025-02-17,2025-05-28,Active,C0219
D01174,Workstation,-IMEI-650405077,P03022,PH02377,2025-04-30,2025-10-20,Active,C0219
D01175,Desktop,-IMEI-060580467,P03023,PH02378,2025-12-16,2025-04-11,Inactive,C0219
D01176,Laptop,-IMEI-424683502,P03024,PH02379,2025-12-29,2025-08-03,Active,C0219
D01177,Laptop,-IMEI-653599816,P03026,PH02381,2025-07-26,2025-09-11,Active,C0219
D01178,Tablet,-IMEI-480187077,P03028,PH02382,2025-06-26,2025-09-25,Active,C0219
D01179,Workstation,-IMEI-609915666,P03029,PH02383,2025-05-25,2025-05-15,Active,C0220
D01180,Desktop,-IMEI-867354139,P03031,PH02385,2025-07-31,2025-01-13,Active,C0220
D01181,Laptop,-IMEI-477260518,P03038,PH02391,2025-02-07,2025-06-13,Inactive,C0222
D01182,Desktop,-IMEI-027363223,P03039,PH02392,2025-12-30,2025-03-19,Active,C0222
D01183,Mobile,-IMEI-881060002,P03043,PH02395,2025-11-20,2025-01-23,Inactive,C0222
D01184,Workstation,-IMEI-144995923,P03045,nan,2025-03-04,2025-11-15,Inactive,C0222
D01185,Tablet,-IMEI-436916457,P03046,PH02397,2025-10-04,2025-12-01,Active,C0222
D01186,Mobile,-IMEI-048041050,P03049,nan,2025-01-16,2025-05-24,Active,C0222
D01187,Workstation,-IMEI-777400881,P03050,nan,2025-03-27,2025-04-13,Active,C0222
D01188,Tablet,-IMEI-540518353,P03053,PH02402,2025-07-28,2025-03-10,Active,C0222
D01189,Tablet,-IMEI-930799217,P03055,PH02404,2025-02-23,2025-03-27,Active,C0222
D01190,Tablet,-IMEI-232834074,P00652,nan,2025-01-08,2025-07-15,Inactive,C0223
D01191,Tablet,-IMEI-013441067,P03056,nan,2025-02-20,2025-07-12,Active,C0223
D01192,Mobile,-IMEI-391842083,P03059,PH02406,2025-07-29,2025-07-24,Active,C0223
D01193,Mobile,-IMEI-161167453,P03060,PH02407,2025-01-31,2025-01-01,Active,C0223
D01194,Desktop,-IMEI-858101194,P03061,nan,2025-10-14,2025-04-20,Inactive,C0223
D01195,Laptop,-IMEI-555373400,P03062,nan,2025-06-12,2025-11-04,Active,C0223
D01196,Desktop,-IMEI-325470155,P03063,PH02408,2025-02-12,2025-06-05,Active,C0223
D01197,Desktop,-IMEI-475767089,P03066,PH02410,2025-07-19,2025-11-02,Active,C0224
D01198,Mobile,-IMEI-122257663,P03067,nan,2025-01-23,2025-08-24,Active,C0224
D01199,Desktop,-IMEI-978597553,P03068,PH02411,2025-09-05,2025-12-02,Active,C0224
D01200,Mobile,-IMEI-958620015,P03073,PH02415,2025-07-25,2025-03-28,Active,C0225
D01201,Workstation,-IMEI-964586388,P03076,PH02419,2025-01-01,2025-01-17,Active,C0225
D01202,Laptop,-IMEI-131513111,P03079,nan,2025-05-02,2025-12-01,Active,C0226
D01203,Mobile,-IMEI-188330817,P03080,PH02421,2025-09-15,2025-06-24,Active,C0226
D01204,Laptop,-IMEI-620810306,P03087,PH02428,2025-04-04,2025-12-17,Active,C0227
D01205,Tablet,-IMEI-997047774,P03090,nan,2025-04-30,2025-05-08,Inactive,C0227
D01206,Mobile,-IMEI-025372586,P03091,PH02429,2025-03-07,2025-05-25,Active,C0227
D01207,Desktop,-IMEI-305770257,P03092,PH02430,2025-02-23,2025-04-25,Active,C0227
D01208,Laptop,-IMEI-209131311,P03094,PH02431,2025-02-06,2025-12-02,Active,C0227
D01209,Desktop,-IMEI-567927114,P03095,PH02432,2025-01-31,2025-11-13,Active,C0227
D01210,Desktop,-IMEI-920952290,P03096,PH02433,2025-07-14,2025-04-04,Active,C0227
D01211,Tablet,-IMEI-550757877,P03098,PH02435,2025-09-02,2025-02-09,Active,C0227
D01212,Workstation,-IMEI-105901744,P03102,nan,2025-07-23,2025-08-02,Active,C0227
D01213,Desktop,-IMEI-035517399,P03108,nan,2025-06-02,2025-08-11,Active,C0228
D01214,Tablet,-IMEI-112582008,P03110,nan,2025-06-27,2025-09-05,Active,C0228
D01215,Mobile,-IMEI-343925781,P03111,PH02444,2025-11-05,2025-01-01,Active,C0228
D01216,Desktop,-IMEI-930637265,P03112,PH02445,2025-05-09,2025-07-11,Active,C0228
D01217,Desktop,-IMEI-319265541,P03117,nan,2025-10-26,2025-06-29,Active,C0228
D01218,Workstation,-IMEI-118833115,P03124,PH02453,2025-01-15,2025-04-01,Inactive,C0229
D01219,Workstation,-IMEI-420172401,P03126,PH02455,2025-12-31,2025-07-06,Inactive,C0229
D01220,Tablet,-IMEI-577192162,P03128,PH02457,2025-03-04,2025-08-28,Active,C0229
D01221,Desktop,-IMEI-477074419,P03129,nan,2025-09-05,2025-10-24,Active,C0229
D01222,Desktop,-IMEI-974537443,P03133,PH02458,2025-09-20,2025-01-06,Active,C0229
D01223,Mobile,-IMEI-543283381,P03135,PH02461,2025-01-20,2025-05-19,Active,C0229
D01224,Desktop,-IMEI-315280146,P03140,PH02467,2025-07-03,2025-07-18,Inactive,C0229
D01225,Mobile,-IMEI-094625636,P03143,PH02471,2025-09-16,2025-09-30,Active,C0229
D01226,Laptop,-IMEI-504226472,P03144,nan,2025-02-16,2025-06-07,Active,C0229
D01227,Tablet,-IMEI-658713054,P03145,nan,2025-01-29,2025-11-15,Active,C0229
D01228,Mobile,-IMEI-700069638,P03146,PH02472,2025-09-14,2025-02-14,Active,C0229
D01229,Laptop,-IMEI-805767214,P03148,PH02473,2025-11-19,2025-01-24,Active,C0229
D01230,Tablet,-IMEI-919425592,P03150,nan,2025-05-22,2025-08-11,Active,C0229
D01231,Desktop,-IMEI-574288626,P03152,PH02475,2025-04-08,2025-05-17,Active,C0229
D01232,Desktop,-IMEI-869189729,P03159,nan,2025-03-28,2025-05-10,Inactive,C0229
D01233,Laptop,-IMEI-798635089,P03163,PH02486,2025-06-08,2025-11-08,Inactive,C0229
D01234,Laptop,-IMEI-716784234,P03165,nan,2025-12-02,2025-06-25,Active,C0229
D01235,Workstation,-IMEI-344860151,P03166,nan,2025-04-16,2025-07-14,Active,C0229
D01236,Laptop,-IMEI-547818389,P03168,nan,2025-04-21,2025-06-08,Active,C0229
D01237,Tablet,-IMEI-515926564,P03171,PH02490,2025-03-08,2025-12-09,Active,C0229
D01238,Laptop,-IMEI-783165180,P03172,nan,2025-12-25,2025-02-06,Active,C0229
D01239,Mobile,-IMEI-919966031,P03174,PH02492,2025-01-03,2025-01-30,Active,C0229
D01240,Tablet,-IMEI-644126986,P03176,nan,2025-09-20,2025-05-12,Inactive,C0229
D01241,Laptop,-IMEI-919626407,P03177,PH02494,2025-06-26,2025-08-13,Active,C0229
D01242,Desktop,-IMEI-229967060,P03178,PH02495,2025-01-20,2025-10-10,Active,C0229
D01243,Tablet,-IMEI-886025031,P03180,nan,2025-05-12,2025-02-13,Inactive,C0229
D01244,Mobile,-IMEI-751971599,P03182,PH02497,2025-08-29,2025-12-05,Inactive,C0230
D01245,Mobile,-IMEI-939736644,P03185,PH02498,2025-12-04,2025-08-04,Active,C0231
D01246,Desktop,-IMEI-232061819,P03188,PH02499,2025-10-29,2025-01-08,Active,C0231
D01247,Mobile,-IMEI-125115214,P03191,PH02501,2025-08-22,2025-06-12,Active,C0231
D01248,Laptop,-IMEI-013917426,P03193,PH02503,2025-06-22,2025-06-25,Active,C0231
D01249,Workstation,-IMEI-225795161,P03195,nan,2025-01-15,2025-01-15,Active,C0231
D01250,Workstation,-IMEI-557129900,P03199,PH02506,2025-04-23,2025-09-15,Active,C0231
D01251,Mobile,-IMEI-309767426,P03200,PH02507,2025-07-26,2025-07-01,Inactive,C0231
D01252,Desktop,-IMEI-451111468,P03201,PH02508,2025-06-23,2025-08-03,Active,C0231
D01253,Workstation,-IMEI-169477388,P03203,PH02510,2025-01-26,2025-06-17,Active,C0231
D01254,Mobile,-IMEI-023819453,P03205,PH02511,2025-03-07,2025-09-04,Active,C0231
D01255,Desktop,-IMEI-167428174,P03208,PH02514,2025-12-14,2025-07-07,Active,C0231
D01256,Mobile,-IMEI-187959276,P03209,PH02515,2025-05-28,2025-12-07,Active,C0231
D01257,Desktop,-IMEI-918631008,P03211,PH02518,2025-07-03,2025-08-27,Active,C0231
D01258,Tablet,-IMEI-355827882,P03213,nan,2025-01-20,2025-03-27,Active,C0231
D01259,Mobile,-IMEI-482771188,P03217,PH02522,2025-06-30,2025-06-13,Inactive,C0231
D01260,Workstation,-IMEI-970417855,P03219,PH02524,2025-05-07,2025-05-19,Active,C0232
D01261,Mobile,-IMEI-488196505,P03226,PH02530,2025-07-23,2025-05-08,Active,C0232
D01262,Mobile,-IMEI-964960544,P03228,PH02532,2025-05-06,2025-09-19,Active,C0233
D01263,Desktop,-IMEI-012628412,P03229,nan,2025-09-08,2025-09-18,Active,C0233
D01264,Desktop,-IMEI-459456800,P03230,PH02533,2025-11-27,2025-03-07,Active,C0233
D01265,Workstation,-IMEI-197746076,P03232,nan,2025-01-10,2025-03-03,Active,C0233
D01266,Laptop,-IMEI-301106043,P03235,PH02538,2025-02-07,2025-07-19,Active,C0234
D01267,Tablet,-IMEI-684905737,P03236,PH02539,2025-03-17,2025-06-25,Active,C0235
D01268,Desktop,-IMEI-711421477,P03240,nan,2025-06-10,2025-09-20,Active,C0235
D01269,Desktop,-IMEI-173276151,P03241,PH02542,2025-08-22,2025-10-04,Active,C0236
D01270,Mobile,-IMEI-608574214,P02907,nan,2025-05-27,2025-10-14,Active,C0237
D01271,Workstation,-IMEI-217171595,P03246,PH02548,2025-04-23,2025-01-09,Active,C0237
D01272,Desktop,-IMEI-279129376,P03256,PH02553,2025-06-14,2025-11-25,Active,C0237
D01273,Mobile,-IMEI-716535913,P03257,nan,2025-07-27,2025-05-01,Active,C0237
D01274,Mobile,-IMEI-701707321,P03258,PH02554,2025-06-22,2025-10-28,Active,C0237
D01275,Mobile,-IMEI-005505451,P03262,PH02557,2025-10-02,2025-04-21,Active,C0237
D01276,Laptop,-IMEI-291313648,P03265,PH02560,2025-02-04,2025-06-20,Active,C0237
D01277,Tablet,-IMEI-374663072,P03266,PH02561,2025-03-23,2025-07-21,Active,C0237
D01278,Tablet,-IMEI-329830083,P03269,nan,2025-01-27,2025-07-04,Inactive,C0238
D01279,Laptop,-IMEI-095760282,P03270,PH02563,2025-11-04,2025-12-06,Active,C0238
D01280,Laptop,-IMEI-061744527,P03272,PH02566,2025-01-20,2025-01-03,Active,C0238
D01281,Desktop,-IMEI-010869675,P03276,nan,2025-07-01,2025-05-06,Active,C0238
D01282,Tablet,-IMEI-441533283,P03278,PH02569,2025-08-15,2025-01-05,Active,C0238
D01283,Workstation,-IMEI-861725060,P03282,PH02571,2025-07-21,2025-07-28,Inactive,C0238
D01284,Workstation,-IMEI-960545422,P03283,nan,2025-02-12,2025-12-14,Active,C0238
D01285,Workstation,-IMEI-022597934,P03284,nan,2025-05-29,2025-02-08,Active,C0238
D01286,Laptop,-IMEI-135473481,P03285,nan,2025-02-25,2025-07-10,Active,C0238
D01287,Workstation,-IMEI-542495094,P03289,PH02574,2025-11-20,2025-03-30,Inactive,C0238
D01288,Desktop,-IMEI-978471136,P03292,PH02578,2025-02-13,2025-01-18,Active,C0238
D01289,Workstation,-IMEI-618874242,P03297,PH02585,2025-02-18,2025-04-30,Active,C0239
D01290,Mobile,-IMEI-059252031,P03300,PH02588,2025-10-28,2025-11-26,Active,C0239
D01291,Mobile,-IMEI-199787015,P03305,PH02590,2025-03-02,2025-11-15,Active,C0239
D01292,Desktop,-IMEI-400493678,P03309,PH02593,2025-09-18,2025-08-26,Active,C0239
D01293,Laptop,-IMEI-123035941,P03311,nan,2025-08-10,2025-11-01,Active,C0239
D01294,Mobile,-IMEI-154164589,P03312,PH02594,2025-11-17,2025-11-20,Active,C0239
D01295,Tablet,-IMEI-464236175,P03313,nan,2025-02-14,2025-05-18,Active,C0239
D01296,Workstation,-IMEI-687629634,P03318,PH02599,2025-06-27,2025-08-19,Active,C0239
D01297,Laptop,-IMEI-851976492,P03320,PH02601,2025-04-03,2025-12-11,Active,C0239
D01298,Mobile,-IMEI-253260958,P03324,nan,2025-11-15,2025-05-23,Inactive,C0239
D01299,Tablet,-IMEI-585698436,P03325,PH02605,2025-01-22,2025-11-18,Active,C0240
D01300,Laptop,-IMEI-273077602,P03332,PH02612,2025-08-05,2025-01-09,Active,C0241
D01301,Tablet,-IMEI-053022165,P00345,nan,2025-09-08,2025-04-14,Inactive,C0242
D01302,Laptop,-IMEI-790411763,P03334,PH02615,2025-09-24,2025-07-06,Active,C0242
D01303,Mobile,-IMEI-429932474,P03335,PH02616,2025-02-07,2025-10-20,Active,C0242
D01304,Laptop,-IMEI-010898303,P03337,PH02619,2025-02-22,2025-07-03,Active,C0242
D01305,Desktop,-IMEI-291403303,P03340,nan,2025-03-29,2025-06-29,Inactive,C0242
D01306,Laptop,-IMEI-565680283,P03342,PH02622,2025-08-16,2025-08-30,Inactive,C0242
D01307,Mobile,-IMEI-128327451,P03344,nan,2025-11-24,2025-08-06,Active,C0242
D01308,Workstation,-IMEI-048026544,P03347,PH02624,2025-08-24,2025-11-24,Active,C0242
D01309,Tablet,-IMEI-409851082,P03352,PH02627,2025-01-06,2025-03-12,Active,C0242
D01310,Tablet,-IMEI-658362387,P03357,PH02632,2025-08-15,2025-07-30,Active,C0242
D01311,Tablet,-IMEI-586215197,P03361,PH02637,2025-03-27,2025-06-19,Active,C0243
D01312,Desktop,-IMEI-639474298,P03364,PH02641,2025-03-31,2025-08-03,Active,C0243
D01313,Desktop,-IMEI-218385952,P03369,nan,2025-08-27,2025-05-09,Inactive,C0244
D01314,Desktop,-IMEI-300245930,P03370,PH02645,2025-03-28,2025-07-29,Active,C0244
D01315,Desktop,-IMEI-468830921,P03374,nan,2025-04-27,2025-08-02,Inactive,C0244
D01316,Desktop,-IMEI-158090919,P03375,PH02648,2025-10-29,2025-12-23,Active,C0244
D01317,Mobile,-IMEI-329575555,P03376,PH02649,2025-05-16,2025-05-30,Active,C0244
D01318,Tablet,-IMEI-330659167,P03379,PH02651,2025-02-15,2025-02-16,Active,C0244
D01319,Workstation,-IMEI-153262759,P03380,PH02652,2025-05-13,2025-08-28,Active,C0244
D01320,Workstation,-IMEI-075063385,P03382,PH02654,2025-01-20,2025-03-08,Inactive,C0244
D01321,Workstation,-IMEI-422447534,P03383,PH02655,2025-12-23,2025-05-15,Active,C0244
D01322,Desktop,-IMEI-663797374,P03385,PH02657,2025-04-04,2025-08-28,Active,C0244
D01323,Tablet,-IMEI-012041500,P03386,PH02658,2025-10-25,2025-04-29,Active,C0244
D01324,Desktop,-IMEI-997451563,P03387,PH02659,2025-04-20,2025-06-19,Active,C0244
D01325,Laptop,-IMEI-820152890,P03388,PH02660,2025-07-18,2025-08-08,Active,C0244
D01326,Desktop,-IMEI-502941413,P03390,nan,2025-11-06,2025-12-22,Active,C0244
D01327,Desktop,-IMEI-807398483,P03391,nan,2025-06-24,2025-01-29,Active,C0244
D01328,Tablet,-IMEI-255020015,P03392,PH02661,2025-12-13,2025-06-27,Active,C0244
D01329,Desktop,-IMEI-751620306,P03395,nan,2025-10-12,2025-07-14,Active,C0244
D01330,Laptop,-IMEI-094489174,P03397,nan,2025-06-01,2025-06-27,Active,C0244
D01331,Tablet,-IMEI-306797954,P03398,nan,2025-08-13,2025-05-30,Active,C0244
D01332,Desktop,-IMEI-374298944,P03400,PH02664,2025-12-28,2025-07-04,Active,C0244
D01333,Tablet,-IMEI-286829435,P03405,nan,2025-03-22,2025-06-18,Active,C0244
D01334,Workstation,-IMEI-075158985,P03410,PH02673,2025-11-11,2025-05-24,Active,C0244
D01335,Workstation,-IMEI-967017226,P03411,nan,2025-09-16,2025-05-23,Inactive,C0244
D01336,Workstation,-IMEI-943594139,P03413,PH02676,2025-05-20,2025-08-10,Active,C0244
D01337,Laptop,-IMEI-197374539,P03416,PH02678,2025-11-15,2025-06-29,Active,C0244
D01338,Workstation,-IMEI-353373446,P01059,nan,2025-05-09,2025-03-28,Active,C0245
D01339,Laptop,-IMEI-716663494,P03425,PH02684,2025-08-16,2025-08-17,Active,C0245
D01340,Laptop,-IMEI-941801641,P03426,PH02686,2025-04-06,2025-01-21,Active,C0245
D01341,Laptop,-IMEI-427062965,P03427,nan,2025-07-21,2025-08-26,Inactive,C0245
D01342,Workstation,-IMEI-464220373,P03428,PH02687,2025-03-05,2025-04-13,Active,C0245
D01343,Workstation,-IMEI-260120238,P03430,PH02689,2025-03-06,2025-03-15,Active,C0245
D01344,Laptop,-IMEI-648195288,P03433,nan,2025-09-25,2025-05-30,Inactive,C0245
D01345,Desktop,-IMEI-185784532,P03434,PH02692,2025-02-22,2025-10-10,Active,C0245
D01346,Tablet,-IMEI-322332389,P03435,PH02693,2025-09-02,2025-12-16,Active,C0245
D01347,Laptop,-IMEI-066713782,P03436,nan,2025-10-19,2025-04-13,Active,C0245
D01348,Mobile,-IMEI-328247931,P03439,PH02695,2025-03-16,2025-12-28,Active,C0245
D01349,Workstation,-IMEI-714723096,P03440,nan,2025-05-18,2025-12-01,Active,C0245
D01350,Tablet,-IMEI-392190240,P03444,PH02698,2025-01-27,2025-09-01,Active,C0246
D01351,Laptop,-IMEI-256643084,P03446,nan,2025-12-30,2025-02-07,Active,C0246
D01352,Tablet,-IMEI-814909066,P00592,nan,2025-03-27,2025-01-13,Active,C0247
D01353,Workstation,-IMEI-036078920,P03455,nan,2025-03-12,2025-06-08,Active,C0248
D01354,Mobile,-IMEI-394789410,P03458,nan,2025-02-07,2025-07-06,Active,C0249
D01355,Tablet,-IMEI-289683751,P03464,PH02716,2025-04-24,2025-02-13,Inactive,C0249
D01356,Desktop,-IMEI-710771494,P03466,PH02717,2025-10-23,2025-12-15,Active,C0249
D01357,Mobile,-IMEI-694162241,P03469,PH02721,2025-06-30,2025-12-04,Inactive,C0249
D01358,Workstation,-IMEI-818653023,P03470,PH02722,2025-11-14,2025-08-03,Active,C0249
D01359,Laptop,-IMEI-920706120,P03472,PH02723,2025-12-31,2025-10-11,Active,C0249
D01360,Laptop,-IMEI-917877791,P03473,PH02724,2025-05-17,2025-05-14,Active,C0249
D01361,Tablet,-IMEI-473758016,P03474,PH02725,2025-01-01,2025-03-26,Active,C0249
D01362,Mobile,-IMEI-030690087,P03478,PH02730,2025-04-16,2025-03-20,Active,C0250
D01363,Laptop,-IMEI-088060255,P03482,PH02733,2025-08-06,2025-08-12,Active,C0250
D01364,Mobile,-IMEI-129382810,P03488,nan,2025-08-11,2025-06-21,Active,C0250
D01365,Tablet,-IMEI-218632185,P03490,PH02740,2025-11-16,2025-07-11,Active,C0250
D01366,Tablet,-IMEI-542512228,P03491,PH02742,2025-03-21,2025-07-19,Active,C0250
D01367,Workstation,-IMEI-281599415,P03492,PH02743,2025-04-23,2025-11-17,Inactive,C0250
D01368,Workstation,-IMEI-889168508,P03496,PH02746,2025-05-29,2025-08-26,Active,C0250
D01369,Workstation,-IMEI-194173344,P03500,PH02750,2025-04-26,2025-05-21,Active,C0251
D01370,Mobile,-IMEI-181310878,P03507,nan,2025-11-14,2025-05-01,Active,C0251
D01371,Laptop,-IMEI-789806069,P03508,PH02755,2025-04-18,2025-03-10,Active,C0251
D01372,Laptop,-IMEI-854158600,P03509,PH02756,2025-09-16,2025-02-13,Active,C0251
D01373,Desktop,-IMEI-607029986,P03510,PH02757,2025-09-12,2025-12-07,Active,C0251
D01374,Desktop,-IMEI-121389285,P03511,PH02758,2025-12-09,2025-01-31,Active,C0251
D01375,Tablet,-IMEI-108625952,P03512,PH02759,2025-08-04,2025-05-05,Active,C0251
D01376,Mobile,-IMEI-527444668,P03513,nan,2025-11-21,2025-07-21,Active,C0251
D01377,Workstation,-IMEI-331199989,P03515,PH02760,2025-07-19,2025-04-15,Active,C0252
D01378,Workstation,-IMEI-806469939,P03516,nan,2025-09-30,2025-08-05,Active,C0252
D01379,Workstation,-IMEI-346673697,P03518,PH02762,2025-06-26,2025-08-07,Active,C0252
D01380,Mobile,-IMEI-425590766,P03520,PH02764,2025-04-01,2025-06-16,Inactive,C0252
D01381,Tablet,-IMEI-861685391,P03521,PH02765,2025-03-06,2025-09-07,Active,C0252
D01382,Laptop,-IMEI-451136575,P03522,nan,2025-10-28,2025-12-12,Active,C0252
D01383,Workstation,-IMEI-608661972,P03528,PH02770,2025-08-06,2025-12-27,Active,C0252
D01384,Laptop,-IMEI-162575481,P03531,PH02773,2025-10-12,2025-05-29,Active,C0252
D01385,Tablet,-IMEI-812444500,P03535,PH02776,2025-10-12,2025-12-27,Active,C0252
D01386,Workstation,-IMEI-597619777,P03536,PH02777,2025-11-19,2025-07-09,Active,C0252
D01387,Laptop,-IMEI-875433476,P03537,nan,2025-05-23,2025-08-29,Active,C0252
D01388,Laptop,-IMEI-117639493,P03335,nan,2025-04-26,2025-10-10,Active,C0253
D01389,Workstation,-IMEI-769835737,P03538,PH02778,2025-09-13,2025-08-18,Active,C0253
D01390,Tablet,-IMEI-764341995,P03542,PH02783,2025-11-23,2025-09-20,Active,C0253
D01391,Mobile,-IMEI-710800319,P03543,PH02785,2025-08-17,2025-04-15,Active,C0253
D01392,Tablet,-IMEI-244511071,P03546,PH02787,2025-11-03,2025-05-29,Active,C0253
D01393,Laptop,-IMEI-478917311,P03548,PH02788,2025-06-16,2025-10-20,Active,C0253
D01394,Tablet,-IMEI-532206922,P03549,PH02789,2025-03-12,2025-08-24,Active,C0253
D01395,Workstation,-IMEI-826133553,P03555,nan,2025-12-07,2025-02-23,Active,C0253
D01396,Tablet,-IMEI-906602126,P03556,PH02793,2025-01-25,2025-12-31,Active,C0253
D01397,Desktop,-IMEI-359034268,P03559,nan,2025-11-30,2025-06-06,Active,C0253
D01398,Workstation,-IMEI-370172963,P03561,PH02796,2025-04-02,2025-09-07,Inactive,C0254
D01399,Workstation,-IMEI-071474072,P03565,nan,2025-12-02,2025-05-29,Active,C0254
D01400,Mobile,-IMEI-413591886,P03568,PH02798,2025-10-31,2025-01-11,Inactive,C0254
D01401,Mobile,-IMEI-759547242,P03569,PH02799,2025-01-20,2025-05-02,Inactive,C0254
D01402,Workstation,-IMEI-454534256,P03571,nan,2025-10-31,2025-12-15,Inactive,C0254
D01403,Tablet,-IMEI-063037243,P03573,PH02801,2025-10-03,2025-02-26,Active,C0254
D01404,Tablet,-IMEI-531063431,P03574,nan,2025-06-15,2025-07-02,Inactive,C0254
D01405,Laptop,-IMEI-658955329,P03575,PH02802,2025-05-01,2025-05-04,Active,C0254
D01406,Mobile,-IMEI-752745276,P03577,PH02804,2025-04-05,2025-05-25,Active,C0255
D01407,Laptop,-IMEI-431036315,P03578,PH02805,2025-03-12,2025-03-03,Active,C0255
D01408,Desktop,-IMEI-988285772,P03580,PH02806,2025-08-03,2025-04-22,Active,C0255
D01409,Laptop,-IMEI-736491263,P03581,nan,2025-10-06,2025-04-18,Inactive,C0255
D01410,Tablet,-IMEI-637026486,P03583,nan,2025-12-10,2025-02-27,Active,C0255
D01411,Mobile,-IMEI-543079180,P03585,nan,2025-05-26,2025-10-29,Active,C0255
D01412,Mobile,-IMEI-523776379,P03589,nan,2025-01-18,2025-07-05,Inactive,C0255
D01413,Mobile,-IMEI-690970575,P03590,PH02811,2025-02-02,2025-05-08,Active,C0255
D01414,Tablet,-IMEI-995213761,P03591,nan,2025-12-11,2025-04-22,Inactive,C0255
D01415,Mobile,-IMEI-799178069,P03593,PH02813,2025-02-16,2025-12-11,Active,C0255
D01416,Workstation,-IMEI-653956780,P03600,PH02818,2025-03-24,2025-10-01,Active,C0255
D01417,Mobile,-IMEI-035027514,P03602,PH02820,2025-06-20,2025-12-16,Active,C0255
D01418,Workstation,-IMEI-866167137,P03603,nan,2025-11-23,2025-05-30,Active,C0255
D01419,Workstation,-IMEI-078985493,P00812,nan,2025-04-14,2025-11-20,Active,C0257
D01420,Tablet,-IMEI-187700044,P03615,PH02828,2025-07-09,2025-06-15,Active,C0257
D01421,Desktop,-IMEI-738314741,P03619,PH02832,2025-01-06,2025-05-15,Active,C0257
D01422,Mobile,-IMEI-011620861,P03620,PH02833,2025-01-27,2025-03-11,Inactive,C0257
D01423,Desktop,-IMEI-198264886,P03621,PH02834,2025-05-08,2025-05-18,Active,C0257
D01424,Tablet,-IMEI-459029396,P03631,PH02838,2025-10-17,2025-03-03,Active,C0259
D01425,Laptop,-IMEI-594376577,P03632,nan,2025-05-20,2025-07-18,Active,C0259
D01426,Laptop,-IMEI-125020563,P03633,PH02839,2025-11-20,2025-07-19,Active,C0259
D01427,Workstation,-IMEI-845002526,P03636,nan,2025-07-16,2025-08-09,Active,C0259
D01428,Workstation,-IMEI-107307696,P03638,PH02843,2025-02-14,2025-11-23,Active,C0259
D01429,Laptop,-IMEI-299125391,P03640,PH02846,2025-04-17,2025-10-15,Active,C0259
D01430,Workstation,-IMEI-478555939,P03643,PH02848,2025-03-07,2025-06-16,Inactive,C0259
D01431,Mobile,-IMEI-353576241,P03644,PH02849,2025-04-09,2025-04-15,Active,C0259
D01432,Laptop,-IMEI-608729218,P03645,PH02850,2025-04-05,2025-02-20,Inactive,C0259
D01433,Mobile,-IMEI-941627013,P03646,PH02851,2025-11-16,2025-02-06,Active,C0259
D01434,Laptop,-IMEI-249072992,P03655,nan,2025-02-19,2025-04-13,Active,C0259
D01435,Mobile,-IMEI-405487269,P03656,PH02857,2025-02-12,2025-11-05,Active,C0259
D01436,Laptop,-IMEI-026346127,P03663,PH02862,2025-07-04,2025-04-05,Active,C0259
D01437,Workstation,-IMEI-273206992,P03664,nan,2025-12-13,2025-08-10,Active,C0259
D01438,Laptop,-IMEI-745644017,P03668,PH02865,2025-07-02,2025-05-01,Inactive,C0259
D01439,Workstation,-IMEI-219801761,P03669,PH02866,2025-03-16,2025-04-19,Active,C0259
D01440,Laptop,-IMEI-485073016,P03684,PH02879,2025-08-27,2025-12-08,Active,C0259
D01441,Laptop,-IMEI-618750314,P02258,nan,2025-12-16,2025-06-22,Active,C0260
D01442,Laptop,-IMEI-770537195,P03687,nan,2025-07-06,2025-05-25,Active,C0260
D01443,Laptop,-IMEI-270411401,P03690,nan,2025-12-19,2025-11-29,Active,C0261
D01444,Laptop,-IMEI-678331797,P03692,PH02885,2025-03-25,2025-10-03,Active,C0261
D01445,Desktop,-IMEI-969877515,P03693,PH02886,2025-05-05,2025-10-15,Active,C0261
D01446,Mobile,-IMEI-668027846,P03695,nan,2025-07-01,2025-02-17,Active,C0261
D01447,Laptop,-IMEI-618033158,P03697,PH02888,2025-01-14,2025-01-24,Inactive,C0262
D01448,Tablet,-IMEI-718826830,P03699,PH02889,2025-08-08,2025-07-16,Active,C0262
D01449,Workstation,-IMEI-959830711,P03704,nan,2025-02-09,2025-03-02,Active,C0262
D01450,Mobile,-IMEI-353750734,P03706,nan,2025-02-11,2025-04-02,Active,C0262
D01451,Laptop,-IMEI-095664168,P03709,PH02896,2025-11-06,2025-01-02,Active,C0262
D01452,Tablet,-IMEI-276460165,P03710,nan,2025-08-21,2025-04-12,Active,C0262
D01453,Workstation,-IMEI-592721856,P03713,PH02898,2025-02-26,2025-07-13,Active,C0262
D01454,Tablet,-IMEI-938102902,P03718,PH02904,2025-08-13,2025-08-04,Active,C0262
D01455,Laptop,-IMEI-973825488,P03719,nan,2025-05-19,2025-12-24,Active,C0262
D01456,Mobile,-IMEI-550777610,P03720,nan,2025-05-27,2025-12-15,Active,C0262
D01457,Workstation,-IMEI-593418174,P03722,PH02907,2025-12-09,2025-01-17,Active,C0262
D01458,Tablet,-IMEI-654970195,P03723,PH02908,2025-05-30,2025-06-22,Inactive,C0263
D01459,Workstation,-IMEI-113459408,P03725,nan,2025-08-22,2025-01-13,Inactive,C0263
D01460,Tablet,-IMEI-838395521,P03726,nan,2025-10-12,2025-11-27,Active,C0263
D01461,Mobile,-IMEI-548017871,P03727,nan,2025-10-30,2025-03-10,Active,C0263
D01462,Laptop,-IMEI-362612057,P03731,PH02914,2025-08-21,2025-02-02,Active,C0263
D01463,Tablet,-IMEI-567837492,P03734,PH02917,2025-11-19,2025-07-31,Inactive,C0263
D01464,Laptop,-IMEI-642676301,P03736,PH02918,2025-10-18,2025-07-08,Active,C0263
D01465,Laptop,-IMEI-062429808,P03738,PH02919,2025-08-21,2025-11-15,Active,C0263
D01466,Workstation,-IMEI-298168046,P03741,nan,2025-06-05,2025-01-07,Active,C0264
D01467,Tablet,-IMEI-279035978,P03742,nan,2025-08-04,2025-05-01,Active,C0264
D01468,Laptop,-IMEI-562694267,P03747,PH02923,2025-01-10,2025-03-24,Active,C0264
D01469,Laptop,-IMEI-683901784,P03748,PH02925,2025-07-13,2025-11-26,Inactive,C0264
D01470,Workstation,-IMEI-468063932,P03752,PH02930,2025-08-21,2025-01-24,Active,C0264
D01471,Workstation,-IMEI-762365634,P03754,nan,2025-07-12,2025-07-10,Active,C0264
D01472,Desktop,-IMEI-071704108,P03755,PH02932,2025-10-06,2025-03-19,Active,C0264
D01473,Mobile,-IMEI-946194146,P03757,PH02934,2025-02-13,2025-05-29,Active,C0264
D01474,Laptop,-IMEI-834972420,P03759,nan,2025-05-25,2025-01-12,Active,C0264
D01475,Laptop,-IMEI-314528665,P03760,PH02935,2025-10-16,2025-11-14,Active,C0264
D01476,Desktop,-IMEI-698580841,P03765,PH02938,2025-06-05,2025-01-10,Active,C0264
D01477,Tablet,-IMEI-243435909,P03769,PH02940,2025-10-07,2025-03-01,Active,C0264
D01478,Mobile,-IMEI-615659483,P03770,nan,2025-08-10,2025-10-05,Inactive,C0264
D01479,Tablet,-IMEI-588760954,P03775,PH02944,2025-10-23,2025-03-31,Active,C0264
D01480,Mobile,-IMEI-244659183,P03776,nan,2025-12-20,2025-05-26,Active,C0264
D01481,Tablet,-IMEI-235791977,P03779,PH02946,2025-03-31,2025-12-20,Active,C0264
D01482,Tablet,-IMEI-460218500,P03780,nan,2025-02-10,2025-06-08,Active,C0264
D01483,Laptop,-IMEI-869940090,P01835,nan,2025-05-20,2025-06-18,Inactive,C0265
D01484,Tablet,-IMEI-813792479,P03783,nan,2025-04-27,2025-08-24,Active,C0265
D01485,Desktop,-IMEI-895400263,P03784,PH02950,2025-08-06,2025-10-27,Active,C0266
D01486,Mobile,-IMEI-207627483,P03785,PH02951,2025-10-25,2025-06-04,Inactive,C0266
D01487,Laptop,-IMEI-817484746,P03787,PH02953,2025-05-10,2025-05-27,Active,C0266
D01488,Workstation,-IMEI-178437185,P03790,PH02954,2025-01-21,2025-12-01,Active,C0267
D01489,Laptop,-IMEI-431778545,P03794,PH02957,2025-08-05,2025-06-28,Active,C0268
D01490,Mobile,-IMEI-269022746,P03797,PH02960,2025-01-19,2025-06-28,Active,C0268
D01491,Workstation,-IMEI-697354032,P03800,nan,2025-04-20,2025-07-15,Active,C0268
D01492,Mobile,-IMEI-689194912,P03802,nan,2025-04-02,2025-01-29,Active,C0268
D01493,Workstation,-IMEI-631180343,P03805,nan,2025-07-07,2025-05-17,Inactive,C0268
D01494,Desktop,-IMEI-323308515,P03809,PH02967,2025-02-02,2025-07-11,Active,C0268
D01495,Desktop,-IMEI-650633287,P03813,PH02972,2025-01-27,2025-03-26,Active,C0268
D01496,Tablet,-IMEI-683503288,P03818,nan,2025-10-01,2025-04-17,Active,C0268
D01497,Mobile,-IMEI-690538605,P03820,nan,2025-03-19,2025-06-28,Active,C0268
D01498,Mobile,-IMEI-212312827,P03821,nan,2025-05-09,2025-09-03,Active,C0268
D01499,Desktop,-IMEI-887948748,P03823,nan,2025-10-15,2025-06-08,Active,C0269
D01500,Mobile,-IMEI-494242713,P03825,PH02979,2025-12-27,2025-07-25,Active,C0269
D01501,Tablet,-IMEI-064013810,P03827,PH02980,2025-12-08,2025-05-25,Active,C0269
D01502,Desktop,-IMEI-540151232,P03833,PH02985,2025-11-06,2025-07-24,Active,C0270
D01503,Workstation,-IMEI-919378489,P03834,nan,2025-06-21,2025-12-16,Active,C0270
D01504,Laptop,-IMEI-927982736,P03835,nan,2025-11-14,2025-03-17,Active,C0270
D01505,Desktop,-IMEI-738221671,P03615,nan,2025-05-13,2025-11-08,Active,C0271
D01506,Workstation,-IMEI-417017786,P03836,nan,2025-02-26,2025-01-12,Active,C0271
D01507,Workstation,-IMEI-639179513,P03841,PH02990,2025-02-19,2025-11-15,Active,C0271
D01508,Tablet,-IMEI-179262085,P03844,PH02994,2025-01-05,2025-04-28,Active,C0272
D01509,Tablet,-IMEI-864684238,P03845,PH02995,2025-01-10,2025-11-17,Active,C0272
D01510,Tablet,-IMEI-024741941,P03846,PH02996,2025-09-10,2025-06-25,Active,C0272
D01511,Tablet,-IMEI-473104807,P03850,PH02999,2025-11-15,2025-08-08,Active,C0272
D01512,Laptop,-IMEI-126958227,P03854,PH03001,2025-10-26,2025-02-25,Active,C0272
D01513,Tablet,-IMEI-190527527,P03856,PH03002,2025-04-20,2025-01-24,Active,C0272
D01514,Laptop,-IMEI-403017325,P03857,PH03003,2025-05-03,2025-04-10,Inactive,C0272
D01515,Desktop,-IMEI-061191876,P03827,nan,2025-11-10,2025-03-17,Active,C0273
D01516,Mobile,-IMEI-673317139,P03860,PH03007,2025-02-13,2025-02-12,Inactive,C0273
D01517,Mobile,-IMEI-625788328,P03862,PH03009,2025-10-07,2025-12-26,Active,C0273
D01518,Mobile,-IMEI-759360802,P03864,PH03010,2025-04-01,2025-07-07,Active,C0273
D01519,Desktop,-IMEI-179030992,P03867,PH03012,2025-11-25,2025-03-30,Active,C0273
D01520,Workstation,-IMEI-362953053,P03871,PH03015,2025-05-15,2025-08-29,Active,C0274
D01521,Tablet,-IMEI-034174445,P03872,nan,2025-12-02,2025-07-30,Active,C0274
D01522,Mobile,-IMEI-511552650,P03874,nan,2025-03-09,2025-11-24,Active,C0274
D01523,Tablet,-IMEI-358619100,P03877,PH03019,2025-09-28,2025-05-07,Active,C0274
D01524,Mobile,-IMEI-815252978,P03878,PH03020,2025-07-09,2025-06-02,Active,C0274
D01525,Tablet,-IMEI-159444535,P03879,nan,2025-10-04,2025-08-20,Active,C0274
D01526,Tablet,-IMEI-662241685,P03881,PH03022,2025-08-26,2025-10-02,Active,C0274
D01527,Laptop,-IMEI-715639463,P03883,PH03024,2025-10-27,2025-02-28,Active,C0274
D01528,Laptop,-IMEI-436556225,P03884,nan,2025-01-15,2025-10-05,Active,C0274
D01529,Desktop,-IMEI-344827017,P03889,PH03030,2025-12-12,2025-05-06,Active,C0274
D01530,Laptop,-IMEI-169350649,P03892,nan,2025-11-15,2025-12-14,Active,C0274
D01531,Tablet,-IMEI-438898740,P03895,PH03035,2025-09-17,2025-09-27,Active,C0274
D01532,Laptop,-IMEI-788510882,P03898,PH03036,2025-04-12,2025-08-06,Active,C0274
D01533,Workstation,-IMEI-557445272,P03899,PH03037,2025-07-27,2025-11-17,Inactive,C0274
D01534,Tablet,-IMEI-974898718,P03904,PH03039,2025-03-28,2025-10-30,Inactive,C0274
D01535,Tablet,-IMEI-927390172,P03905,PH03040,2025-07-15,2025-12-02,Active,C0274
D01536,Mobile,-IMEI-822749783,P03907,PH03043,2025-12-14,2025-02-27,Inactive,C0274
D01537,Laptop,-IMEI-086030280,P03913,nan,2025-09-06,2025-06-27,Active,C0274
D01538,Laptop,-IMEI-147073734,P03915,nan,2025-05-10,2025-07-05,Active,C0274
D01539,Tablet,-IMEI-768583667,P03917,PH03050,2025-08-17,2025-07-21,Active,C0274
D01540,Mobile,-IMEI-792515588,P03919,PH03052,2025-09-15,2025-04-22,Active,C0274
D01541,Tablet,-IMEI-369019050,P03921,PH03053,2025-09-10,2025-05-04,Active,C0275
D01542,Mobile,-IMEI-303980982,P03922,PH03054,2025-04-10,2025-08-21,Active,C0275
D01543,Mobile,-IMEI-983002873,P03925,PH03055,2025-03-22,2025-03-17,Active,C0275
D01544,Desktop,-IMEI-715761794,P03927,PH03057,2025-02-11,2025-09-13,Active,C0275
D01545,Tablet,-IMEI-862948244,P03944,PH03072,2025-09-23,2025-08-02,Active,C0276
D01546,Desktop,-IMEI-912268482,P03946,PH03074,2025-09-18,2025-03-15,Active,C0277
D01547,Tablet,-IMEI-169123346,P03947,PH03075,2025-08-21,2025-09-29,Active,C0277
D01548,Desktop,-IMEI-086187611,P03948,nan,2025-12-14,2025-06-28,Active,C0278
D01549,Tablet,-IMEI-447088523,P03949,PH03076,2025-12-23,2025-01-11,Active,C0278
D01550,Mobile,-IMEI-592339180,P03950,PH03077,2025-08-30,2025-03-02,Active,C0278
D01551,Mobile,-IMEI-653424339,P03952,PH03079,2025-12-26,2025-10-17,Active,C0278
D01552,Workstation,-IMEI-336884790,P03953,PH03080,2025-06-30,2025-11-18,Active,C0278
D01553,Laptop,-IMEI-884921871,P03956,nan,2025-11-12,2025-01-06,Active,C0278
D01554,Desktop,-IMEI-651936919,P03957,nan,2025-02-07,2025-06-05,Active,C0278
D01555,Workstation,-IMEI-838309935,P03964,PH03085,2025-03-03,2025-08-04,Inactive,C0278
D01556,Laptop,-IMEI-912035828,P03965,PH03086,2025-03-23,2025-07-21,Active,C0278
D01557,Laptop,-IMEI-468608090,P03966,PH03087,2025-01-27,2025-04-11,Inactive,C0278
D01558,Mobile,-IMEI-935487776,P03972,PH03092,2025-08-11,2025-07-26,Active,C0279
D01559,Laptop,-IMEI-673737480,P03977,PH03096,2025-09-05,2025-12-06,Active,C0279
D01560,Tablet,-IMEI-511031492,P03978,PH03097,2025-10-12,2025-12-28,Active,C0279
D01561,Tablet,-IMEI-970253161,P03986,PH03101,2025-04-28,2025-11-15,Active,C0279
D01562,Workstation,-IMEI-869356733,P03987,PH03102,2025-12-22,2025-07-27,Active,C0279
D01563,Mobile,-IMEI-434838585,P03988,PH03103,2025-12-26,2025-04-20,Active,C0279
D01564,Workstation,-IMEI-754485205,P03989,nan,2025-04-28,2025-12-25,Active,C0279
D01565,Desktop,-IMEI-250700845,P03991,nan,2025-09-25,2025-06-29,Active,C0279
D01566,Workstation,-IMEI-637131653,P03992,nan,2025-09-18,2025-05-03,Active,C0279
D01567,Workstation,-IMEI-243092201,P03994,PH03105,2025-03-11,2025-02-10,Active,C0279
D01568,Tablet,-IMEI-586490721,P03996,PH03106,2025-10-16,2025-02-15,Active,C0279
D01569,Tablet,-IMEI-235289210,P03998,PH03108,2025-01-09,2025-06-24,Active,C0280
D01570,Tablet,-IMEI-250927658,P03999,nan,2025-06-05,2025-03-23,Active,C0280
D01571,Mobile,-IMEI-833095952,P04000,PH03109,2025-09-23,2025-03-11,Active,C0280
D01572,Tablet,-IMEI-115820572,P04003,nan,2025-10-10,2025-12-13,Active,C0280
D01573,Mobile,-IMEI-243672412,P04005,nan,2025-12-04,2025-11-03,Active,C0281
D01574,Tablet,-IMEI-681771980,P04011,nan,2025-02-22,2025-03-30,Active,C0282
D01575,Mobile,-IMEI-174235465,P04012,PH03119,2025-09-10,2025-06-26,Inactive,C0283
D01576,Tablet,-IMEI-589095352,P04017,nan,2025-11-12,2025-12-18,Active,C0284
D01577,Workstation,-IMEI-936329879,P04018,nan,2025-12-01,2025-06-03,Active,C0284
D01578,Mobile,-IMEI-158418578,P04021,PH03126,2025-12-02,2025-03-12,Active,C0285
D01579,Mobile,-IMEI-671277551,P04022,nan,2025-01-28,2025-04-15,Active,C0285
D01580,Desktop,-IMEI-187238610,P04023,PH03127,2025-08-22,2025-02-19,Active,C0285
D01581,Workstation,-IMEI-931427863,P04031,PH03135,2025-12-30,2025-01-22,Active,C0285
D01582,Tablet,-IMEI-791097474,P04032,PH03136,2025-05-07,2025-08-26,Inactive,C0285
D01583,Mobile,-IMEI-414003720,P04034,PH03137,2025-11-11,2025-04-19,Inactive,C0285
D01584,Workstation,-IMEI-609669007,P04035,nan,2025-01-27,2025-05-11,Active,C0285
D01585,Tablet,-IMEI-147943646,P04036,PH03138,2025-04-07,2025-08-04,Active,C0285
D01586,Laptop,-IMEI-988873845,P04038,PH03140,2025-07-16,2025-06-04,Inactive,C0285
D01587,Workstation,-IMEI-982935090,P04040,PH03142,2025-09-19,2025-03-02,Active,C0285
D01588,Laptop,-IMEI-156602154,P04041,PH03143,2025-04-19,2025-10-25,Active,C0285
D01589,Workstation,-IMEI-996213112,P04043,nan,2025-11-21,2025-05-16,Inactive,C0285
D01590,Tablet,-IMEI-378217867,P04044,nan,2025-12-19,2025-07-10,Active,C0286
D01591,Laptop,-IMEI-571724304,P04045,PH03144,2025-05-28,2025-07-30,Active,C0286
D01592,Tablet,-IMEI-883366045,P04046,PH03145,2025-03-04,2025-02-23,Active,C0286
D01593,Mobile,-IMEI-728085768,P04048,PH03148,2025-05-16,2025-08-30,Active,C0286
D01594,Mobile,-IMEI-803545989,P04053,PH03153,2025-09-17,2025-10-28,Active,C0286
D01595,Mobile,-IMEI-713098033,P04054,PH03154,2025-01-31,2025-08-11,Active,C0286
D01596,Tablet,-IMEI-419205331,P04055,nan,2025-01-22,2025-10-27,Active,C0286
D01597,Desktop,-IMEI-060326668,P04058,nan,2025-09-01,2025-10-14,Active,C0286
D01598,Workstation,-IMEI-948423994,P04061,PH03159,2025-01-30,2025-04-15,Active,C0286
D01599,Laptop,-IMEI-716788835,P04068,nan,2025-04-19,2025-02-22,Inactive,C0287
D01600,Tablet,-IMEI-340984819,P04069,nan,2025-07-16,2025-09-22,Active,C0287
D01601,Laptop,-IMEI-412772474,P04073,PH03169,2025-04-23,2025-12-02,Active,C0287
D01602,Mobile,-IMEI-630106769,P04075,PH03171,2025-12-23,2025-05-21,Active,C0287
D01603,Mobile,-IMEI-069173890,P04076,nan,2025-08-31,2025-02-15,Active,C0287
D01604,Tablet,-IMEI-271029087,P04077,nan,2025-02-03,2025-01-11,Inactive,C0287
D01605,Tablet,-IMEI-167998648,P04078,PH03172,2025-01-29,2025-11-18,Active,C0287
D01606,Mobile,-IMEI-306955920,P04080,nan,2025-12-21,2025-05-30,Active,C0287
D01607,Laptop,-IMEI-368422469,P04081,PH03174,2025-06-04,2025-08-20,Active,C0287
D01608,Mobile,-IMEI-072024272,P04086,PH03179,2025-10-24,2025-11-07,Active,C0287
D01609,Workstation,-IMEI-062820403,P04090,PH03182,2025-09-03,2025-01-08,Active,C0287
D01610,Tablet,-IMEI-534009931,P04091,PH03183,2025-06-01,2025-07-30,Active,C0287
D01611,Tablet,-IMEI-657060639,P04099,PH03189,2025-10-21,2025-02-01,Active,C0287
D01612,Desktop,-IMEI-755456740,P04100,PH03190,2025-01-09,2025-07-19,Active,C0287
D01613,Mobile,-IMEI-171893278,P04101,nan,2025-05-05,2025-05-03,Active,C0287
D01614,Tablet,-IMEI-843788811,P04102,nan,2025-07-26,2025-12-02,Inactive,C0287
D01615,Workstation,-IMEI-330282069,P04103,PH03191,2025-10-30,2025-10-30,Active,C0287
D01616,Laptop,-IMEI-411842552,P04104,PH03192,2025-02-10,2025-04-20,Inactive,C0287
D01617,Workstation,-IMEI-174064121,P04109,nan,2025-08-15,2025-08-18,Inactive,C0288
D01618,Laptop,-IMEI-031041454,P00128,nan,2025-10-02,2025-12-30,Inactive,C0289
D01619,Mobile,-IMEI-347387681,P02667,nan,2025-10-26,2025-01-15,Active,C0289
D01620,Laptop,-IMEI-773637613,P04115,PH03197,2025-03-14,2025-02-25,Inactive,C0289
D01621,Workstation,-IMEI-451783519,P04119,PH03201,2025-01-28,2025-02-24,Active,C0289
D01622,Desktop,-IMEI-779760328,P04120,PH03202,2025-03-28,2025-07-29,Inactive,C0289
D01623,Workstation,-IMEI-594844302,P04126,PH03206,2025-12-12,2025-12-28,Inactive,C0289
D01624,Mobile,-IMEI-241710635,P04128,PH03209,2025-04-14,2025-02-10,Active,C0289
D01625,Laptop,-IMEI-430897255,P04129,PH03211,2025-03-18,2025-08-20,Active,C0289
D01626,Mobile,-IMEI-104405087,P04131,PH03213,2025-12-25,2025-12-24,Active,C0290
D01627,Workstation,-IMEI-886231174,P04136,PH03216,2025-05-15,2025-09-08,Active,C0290
D01628,Desktop,-IMEI-145187398,P04138,nan,2025-02-18,2025-11-06,Active,C0290
D01629,Tablet,-IMEI-756294449,P04143,PH03220,2025-05-05,2025-07-16,Active,C0291
D01630,Mobile,-IMEI-628553597,P04151,PH03227,2025-07-19,2025-03-10,Active,C0291
D01631,Tablet,-IMEI-542187457,P04155,PH03229,2025-09-09,2025-12-13,Active,C0291
D01632,Mobile,-IMEI-316370616,P04158,PH03233,2025-04-27,2025-08-24,Active,C0291
D01633,Tablet,-IMEI-040390776,P02582,nan,2025-03-21,2025-10-06,Active,C0292
D01634,Tablet,-IMEI-045776829,P04161,nan,2025-01-03,2025-08-26,Active,C0293
D01635,Mobile,-IMEI-501890425,P04162,PH03234,2025-07-29,2025-04-08,Active,C0293
D01636,Tablet,-IMEI-425728217,P04166,nan,2025-07-08,2025-07-06,Active,C0294
D01637,Laptop,-IMEI-322923726,P04167,nan,2025-05-07,2025-05-26,Active,C0294
D01638,Tablet,-IMEI-270121260,P04169,PH03236,2025-02-24,2025-05-11,Active,C0294
D01639,Desktop,-IMEI-057091279,P04171,PH03238,2025-12-21,2025-08-24,Active,C0294
D01640,Mobile,-IMEI-855433997,P04177,PH03245,2025-10-14,2025-06-18,Active,C0294
D01641,Workstation,-IMEI-253916971,P04179,PH03248,2025-02-20,2025-08-21,Active,C0294
D01642,Workstation,-IMEI-279846203,P02576,nan,2025-05-08,2025-03-14,Active,C0295
D01643,Mobile,-IMEI-648130677,P04182,PH03251,2025-05-08,2025-05-27,Active,C0295
D01644,Laptop,-IMEI-622815408,P04184,PH03254,2025-07-28,2025-11-14,Active,C0295
D01645,Tablet,-IMEI-652206508,P04187,PH03255,2025-05-30,2025-01-31,Active,C0295
D01646,Mobile,-IMEI-876311512,P04189,nan,2025-04-15,2025-05-30,Active,C0295
D01647,Laptop,-IMEI-214005956,P04190,PH03256,2025-08-28,2025-01-18,Active,C0295
D01648,Desktop,-IMEI-499524955,P04191,PH03257,2025-12-10,2025-04-02,Active,C0295
D01649,Tablet,-IMEI-856016397,P04193,nan,2025-03-18,2025-12-12,Active,C0295
D01650,Mobile,-IMEI-315646205,P04194,nan,2025-03-10,2025-12-11,Active,C0295
D01651,Tablet,-IMEI-413919575,P04197,PH03261,2025-04-30,2025-03-27,Inactive,C0295
D01652,Tablet,-IMEI-424769963,P04199,nan,2025-09-19,2025-10-31,Active,C0295
D01653,Laptop,-IMEI-331513398,P04200,PH03263,2025-12-11,2025-06-06,Active,C0295
D01654,Desktop,-IMEI-092737130,P04204,PH03265,2025-11-09,2025-09-07,Active,C0295
D01655,Desktop,-IMEI-788512882,P04211,nan,2025-10-29,2025-05-25,Active,C0296
D01656,Mobile,-IMEI-200586650,P04213,PH03270,2025-07-19,2025-08-18,Active,C0296
D01657,Tablet,-IMEI-392194569,P04216,PH03273,2025-06-05,2025-02-03,Active,C0297
D01658,Mobile,-IMEI-341439093,P04218,nan,2025-06-11,2025-08-08,Active,C0297
D01659,Workstation,-IMEI-703639390,P04221,PH03277,2025-12-05,2025-02-26,Active,C0298
D01660,Laptop,-IMEI-055423087,P04222,PH03279,2025-04-16,2025-08-15,Active,C0298
D01661,Desktop,-IMEI-569206434,P04226,PH03282,2025-03-17,2025-06-06,Active,C0299
D01662,Workstation,-IMEI-890536576,P04227,nan,2025-02-25,2025-05-13,Inactive,C0299
D01663,Laptop,-IMEI-978626033,P01992,nan,2025-05-11,2025-01-05,Active,C0301
D01664,Desktop,-IMEI-196248228,P04232,nan,2025-07-16,2025-08-13,Active,C0301
D01665,Workstation,-IMEI-234208960,P04235,nan,2025-05-16,2025-08-28,Active,C0301
D01666,Mobile,-IMEI-618788349,P04236,PH03288,2025-08-16,2025-10-31,Inactive,C0301
D01667,Tablet,-IMEI-968077657,P04238,PH03289,2025-01-12,2025-03-24,Active,C0302
D01668,Mobile,-IMEI-442028805,P04241,nan,2025-06-27,2025-02-25,Active,C0302
D01669,Tablet,-IMEI-967273906,P04244,PH03293,2025-02-05,2025-02-17,Active,C0302
D01670,Mobile,-IMEI-977768441,P04246,PH03295,2025-02-01,2025-11-13,Active,C0303
D01671,Mobile,-IMEI-558967091,P04248,PH03297,2025-09-10,2025-07-19,Active,C0304
D01672,Laptop,-IMEI-419175276,P04249,nan,2025-11-09,2025-12-23,Active,C0304
D01673,Mobile,-IMEI-215011130,P04251,PH03299,2025-12-16,2025-02-25,Active,C0304
D01674,Mobile,-IMEI-635410598,P04252,PH03300,2025-02-13,2025-06-24,Active,C0304
D01675,Mobile,-IMEI-037237044,P04262,PH03310,2025-03-12,2025-10-24,Active,C0305
D01676,Desktop,-IMEI-297361956,P04264,nan,2025-10-20,2025-06-22,Inactive,C0305
D01677,Desktop,-IMEI-957224269,P04265,nan,2025-08-04,2025-06-29,Active,C0305
D01678,Desktop,-IMEI-777213162,P04266,nan,2025-09-17,2025-07-04,Active,C0305
D01679,Tablet,-IMEI-211090411,P04267,nan,2025-05-30,2025-07-12,Active,C0305
D01680,Desktop,-IMEI-139762835,P04268,PH03313,2025-09-04,2025-05-03,Active,C0305
D01681,Laptop,-IMEI-714577753,P04271,nan,2025-11-06,2025-08-05,Active,C0306
D01682,Mobile,-IMEI-157022723,P04273,PH03317,2025-12-07,2025-03-01,Active,C0306
D01683,Laptop,-IMEI-615709116,P03590,nan,2025-06-14,2025-08-16,Active,C0307
D01684,Laptop,-IMEI-701495141,P04276,PH03319,2025-06-14,2025-09-03,Active,C0307
D01685,Tablet,-IMEI-401151437,P04279,PH03322,2025-05-10,2025-11-14,Active,C0307
D01686,Laptop,-IMEI-301998373,P04280,nan,2025-06-29,2025-03-16,Active,C0307
D01687,Workstation,-IMEI-676816118,P04283,nan,2025-05-02,2025-08-26,Inactive,C0307
D01688,Tablet,-IMEI-443747145,P04286,nan,2025-03-28,2025-03-20,Active,C0308
D01689,Desktop,-IMEI-599420153,P04289,PH03328,2025-11-05,2025-01-29,Active,C0308
D01690,Tablet,-IMEI-054640117,P04292,nan,2025-02-04,2025-01-01,Active,C0309
D01691,Desktop,-IMEI-027087583,P04293,nan,2025-10-30,2025-08-11,Active,C0309
D01692,Laptop,-IMEI-926270143,P04295,PH03332,2025-01-30,2025-11-10,Active,C0309
D01693,Mobile,-IMEI-659080370,P04296,nan,2025-03-12,2025-11-11,Inactive,C0309
D01694,Mobile,-IMEI-147669424,P04298,PH03336,2025-04-11,2025-06-07,Inactive,C0310
D01695,Laptop,-IMEI-125163213,P04302,PH03341,2025-01-29,2025-08-19,Active,C0310
D01696,Tablet,-IMEI-204261867,P04304,PH03342,2025-09-06,2025-07-18,Active,C0310
D01697,Mobile,-IMEI-213676065,P04308,nan,2025-01-22,2025-06-20,Inactive,C0310
D01698,Workstation,-IMEI-469429983,P04309,PH03346,2025-06-19,2025-01-19,Active,C0311
D01699,Workstation,-IMEI-612869936,P04311,nan,2025-01-18,2025-09-07,Active,C0311
D01700,Desktop,-IMEI-294623928,P04312,nan,2025-05-19,2025-08-04,Active,C0311
D01701,Desktop,-IMEI-421496122,P04315,nan,2025-05-15,2025-11-14,Active,C0312
D01702,Laptop,-IMEI-050891896,P04316,PH03347,2025-08-19,2025-02-19,Active,C0312
D01703,Desktop,-IMEI-513657512,P04318,PH03348,2025-05-04,2025-12-26,Active,C0312
D01704,Desktop,-IMEI-085111091,P04319,PH03349,2025-03-31,2025-01-17,Active,C0312
D01705,Laptop,-IMEI-480859087,P04320,PH03350,2025-10-07,2025-01-15,Active,C0312
D01706,Tablet,-IMEI-442604253,P04321,PH03351,2025-11-29,2025-12-28,Active,C0312
D01707,Workstation,-IMEI-516424576,P04322,PH03352,2025-05-11,2025-07-06,Inactive,C0312
D01708,Laptop,-IMEI-552437643,P04329,PH03359,2025-12-19,2025-05-04,Active,C0313
D01709,Tablet,-IMEI-666327596,P04331,PH03361,2025-02-02,2025-02-27,Active,C0313
D01710,Mobile,-IMEI-944921081,P04334,PH03363,2025-10-05,2025-05-01,Active,C0313
D01711,Desktop,-IMEI-278110242,P04336,PH03364,2025-05-30,2025-02-07,Active,C0313
D01712,Laptop,-IMEI-992293387,P04339,PH03368,2025-05-08,2025-05-12,Active,C0313
D01713,Desktop,-IMEI-333211541,P04340,PH03369,2025-12-11,2025-11-17,Active,C0313
D01714,Desktop,-IMEI-822588765,P01191,nan,2025-10-15,2025-05-21,Active,C0314
D01715,Tablet,-IMEI-589445178,P04058,nan,2025-06-17,2025-11-16,Active,C0315
D01716,Mobile,-IMEI-354739217,P04343,nan,2025-05-24,2025-10-28,Active,C0315
D01717,Desktop,-IMEI-887954140,P04345,PH03371,2025-09-25,2025-10-04,Inactive,C0316
D01718,Mobile,-IMEI-494839686,P04349,PH03374,2025-07-13,2025-01-01,Active,C0316
D01719,Tablet,-IMEI-340001434,P04353,PH03377,2025-09-04,2025-01-06,Active,C0316
D01720,Workstation,-IMEI-161223708,P04358,PH03382,2025-06-14,2025-05-31,Active,C0316
D01721,Tablet,-IMEI-786381328,P04364,PH03388,2025-04-03,2025-02-11,Inactive,C0316
D01722,Tablet,-IMEI-805838730,P04366,PH03390,2025-07-05,2025-07-28,Active,C0316
D01723,Desktop,-IMEI-735480626,P04368,PH03391,2025-10-11,2025-01-15,Active,C0316
D01724,Mobile,-IMEI-557700138,P04370,PH03392,2025-05-11,2025-02-06,Active,C0316
D01725,Workstation,-IMEI-677827623,P04371,PH03394,2025-01-01,2025-03-02,Active,C0316
D01726,Laptop,-IMEI-567310857,P04372,PH03395,2025-12-18,2025-04-30,Active,C0316
D01727,Desktop,-IMEI-518880374,P04373,PH03396,2025-12-17,2025-06-25,Inactive,C0316
D01728,Workstation,-IMEI-086738478,P04374,PH03397,2025-11-25,2025-08-15,Active,C0316
D01729,Laptop,-IMEI-207706800,P04377,nan,2025-10-30,2025-09-14,Inactive,C0316
D01730,Tablet,-IMEI-456351181,P04378,PH03400,2025-03-10,2025-01-02,Active,C0317
D01731,Laptop,-IMEI-829010593,P04379,PH03401,2025-09-19,2025-01-21,Active,C0317
D01732,Workstation,-IMEI-759431510,P04383,nan,2025-08-07,2025-01-27,Inactive,C0317
D01733,Workstation,-IMEI-299006315,P04384,PH03404,2025-02-09,2025-10-07,Inactive,C0317
D01734,Laptop,-IMEI-448831265,P04388,nan,2025-06-08,2025-11-23,Active,C0317
D01735,Tablet,-IMEI-697778657,P04392,PH03408,2025-04-20,2025-09-14,Active,C0317
D01736,Tablet,-IMEI-856772747,P04396,PH03411,2025-10-03,2025-06-26,Active,C0317
D01737,Workstation,-IMEI-285201977,P04398,PH03413,2025-07-31,2025-03-08,Active,C0317
D01738,Mobile,-IMEI-101888003,P04400,PH03414,2025-11-19,2025-03-18,Active,C0317
D01739,Laptop,-IMEI-229329967,P04401,nan,2025-11-25,2025-01-18,Active,C0317
D01740,Laptop,-IMEI-930283383,P04403,PH03415,2025-01-08,2025-03-22,Active,C0317
D01741,Laptop,-IMEI-522052417,P04410,PH03420,2025-07-11,2025-02-12,Active,C0317
D01742,Mobile,-IMEI-080104066,P04416,PH03423,2025-02-15,2025-02-19,Active,C0317
D01743,Laptop,-IMEI-711321402,P04423,PH03429,2025-12-09,2025-03-03,Active,C0317
D01744,Desktop,-IMEI-785297772,P04426,nan,2025-12-14,2025-05-29,Active,C0317
D01745,Laptop,-IMEI-496480200,P04427,nan,2025-07-28,2025-05-28,Active,C0317
D01746,Laptop,-IMEI-217283914,P04428,nan,2025-03-06,2025-10-24,Active,C0317
D01747,Mobile,-IMEI-825577748,P04433,PH03432,2025-04-09,2025-12-30,Active,C0317
D01748,Mobile,-IMEI-737734402,P04437,PH03435,2025-06-17,2025-10-30,Inactive,C0318
D01749,Workstation,-IMEI-529307717,P04443,PH03443,2025-04-30,2025-08-09,Active,C0319
D01750,Desktop,-IMEI-332781384,P04447,nan,2025-03-10,2025-03-01,Inactive,C0319
D01751,Mobile,-IMEI-079443099,P04452,nan,2025-02-22,2025-09-02,Active,C0319
D01752,Mobile,-IMEI-419180474,P04453,nan,2025-04-19,2025-01-07,Active,C0319
D01753,Desktop,-IMEI-015819989,P04454,PH03450,2025-08-19,2025-07-03,Inactive,C0319
D01754,Laptop,-IMEI-366214023,P04456,PH03451,2025-07-03,2025-09-01,Active,C0319
D01755,Tablet,-IMEI-449992666,P04457,nan,2025-01-19,2025-07-19,Active,C0319
D01756,Workstation,-IMEI-288519388,P04461,PH03455,2025-09-21,2025-01-18,Active,C0319
D01757,Workstation,-IMEI-475373615,P04462,PH03457,2025-01-03,2025-01-17,Active,C0319
D01758,Workstation,-IMEI-504287982,P04466,nan,2025-07-16,2025-01-05,Active,C0319
D01759,Desktop,-IMEI-143831185,P04470,PH03466,2025-10-04,2025-09-01,Active,C0320
D01760,Mobile,-IMEI-184527025,P04471,PH03467,2025-02-07,2025-12-01,Inactive,C0320
D01761,Mobile,-IMEI-129000403,P04473,nan,2025-11-28,2025-01-27,Active,C0320
D01762,Laptop,-IMEI-785960656,P04482,PH03479,2025-01-09,2025-01-21,Active,C0320
D01763,Laptop,-IMEI-217220048,P04484,PH03481,2025-06-24,2025-07-31,Active,C0320
D01764,Desktop,-IMEI-048909214,P04485,nan,2025-03-14,2025-05-21,Active,C0320
D01765,Laptop,-IMEI-399088263,P04491,PH03488,2025-12-03,2025-12-03,Active,C0320
D01766,Tablet,-IMEI-305090793,P04492,nan,2025-05-10,2025-08-21,Active,C0320
D01767,Tablet,-IMEI-141077856,P04494,PH03489,2025-10-13,2025-06-25,Active,C0320
D01768,Mobile,-IMEI-599551893,P04505,PH03499,2025-01-09,2025-08-26,Active,C0320
D01769,Desktop,-IMEI-190071274,P04506,nan,2025-05-31,2025-06-13,Active,C0320
D01770,Tablet,-IMEI-081476885,P04507,PH03501,2025-08-23,2025-07-24,Inactive,C0320
D01771,Laptop,-IMEI-227742470,P04508,nan,2025-08-22,2025-02-09,Active,C0320
D01772,Desktop,-IMEI-300759589,P04511,nan,2025-08-06,2025-12-04,Inactive,C0320
D01773,Workstation,-IMEI-404690617,P04513,nan,2025-04-28,2025-11-26,Active,C0320
D01774,Mobile,-IMEI-162949834,P04514,PH03502,2025-02-13,2025-09-20,Active,C0320
D01775,Desktop,-IMEI-512972950,P04517,PH03504,2025-08-22,2025-04-08,Active,C0320
D01776,Mobile,-IMEI-668588042,P04518,PH03505,2025-11-05,2025-05-23,Active,C0320
D01777,Laptop,-IMEI-125568434,P04523,nan,2025-08-17,2025-07-03,Active,C0320
D01778,Tablet,-IMEI-840861383,P04531,PH03518,2025-02-15,2025-03-25,Active,C0321
D01779,Mobile,-IMEI-229526366,P01790,nan,2025-01-13,2025-05-30,Active,C0322
D01780,Laptop,-IMEI-820680308,P04535,nan,2025-09-05,2025-11-17,Active,C0322
D01781,Mobile,-IMEI-556107972,P04538,PH03523,2025-01-12,2025-12-30,Active,C0322
D01782,Desktop,-IMEI-616569927,P04540,PH03525,2025-06-25,2025-12-12,Active,C0323
D01783,Tablet,-IMEI-400345405,P04543,PH03526,2025-01-07,2025-06-06,Active,C0323
D01784,Desktop,-IMEI-868737401,P04549,nan,2025-10-23,2025-09-28,Active,C0324
D01785,Workstation,-IMEI-332944996,P04557,PH03535,2025-03-03,2025-08-31,Active,C0324
D01786,Mobile,-IMEI-101456944,P04560,PH03536,2025-12-10,2025-08-28,Active,C0325
D01787,Laptop,-IMEI-510832465,P04563,PH03538,2025-02-12,2025-08-01,Active,C0325
D01788,Laptop,-IMEI-783137124,P04567,PH03542,2025-03-02,2025-03-21,Active,C0325
D01789,Desktop,-IMEI-621708120,P04576,nan,2025-03-03,2025-11-02,Active,C0325
D01790,Mobile,-IMEI-176401939,P04579,nan,2025-07-30,2025-04-04,Active,C0325
D01791,Tablet,-IMEI-713284588,P04580,nan,2025-05-20,2025-12-25,Active,C0325
D01792,Desktop,-IMEI-135252124,P04582,PH03553,2025-06-27,2025-09-24,Active,C0325
D01793,Mobile,-IMEI-727449175,P04583,PH03554,2025-06-14,2025-09-18,Active,C0325
D01794,Mobile,-IMEI-953276843,P04585,nan,2025-02-20,2025-01-15,Active,C0326
D01795,Desktop,-IMEI-077079980,P04588,nan,2025-10-04,2025-10-23,Active,C0327
D01796,Workstation,-IMEI-350832794,P04590,nan,2025-02-05,2025-03-05,Active,C0327
D01797,Mobile,-IMEI-687312181,P00962,nan,2025-03-29,2025-05-14,Inactive,C0328
D01798,Tablet,-IMEI-538719756,P04593,nan,2025-09-22,2025-05-13,Inactive,C0328
D01799,Mobile,-IMEI-207417326,P04594,PH03560,2025-01-20,2025-07-31,Active,C0328
D01800,Workstation,-IMEI-499879621,P04598,PH03563,2025-05-05,2025-05-17,Active,C0328
D01801,Desktop,-IMEI-133574603,P04600,PH03565,2025-10-28,2025-07-12,Inactive,C0328
D01802,Desktop,-IMEI-304089529,P04602,PH03567,2025-08-07,2025-03-22,Active,C0328
D01803,Desktop,-IMEI-663061462,P04603,nan,2025-09-10,2025-04-13,Active,C0328
D01804,Desktop,-IMEI-316863753,P04605,PH03570,2025-05-19,2025-06-27,Inactive,C0328
D01805,Desktop,-IMEI-134917436,P04606,PH03571,2025-11-07,2025-01-27,Active,C0328
D01806,Mobile,-IMEI-697612664,P04608,nan,2025-05-17,2025-08-24,Active,C0328
D01807,Desktop,-IMEI-809453228,P04615,PH03578,2025-11-02,2025-06-06,Inactive,C0328
D01808,Desktop,-IMEI-739949183,P04616,nan,2025-07-01,2025-11-12,Active,C0328
D01809,Laptop,-IMEI-621154313,P04617,PH03579,2025-12-26,2025-05-23,Active,C0328
D01810,Mobile,-IMEI-494791594,P04618,PH03580,2025-12-19,2025-07-01,Active,C0328
D01811,Desktop,-IMEI-552238009,P04622,PH03583,2025-06-20,2025-10-31,Active,C0328
D01812,Mobile,-IMEI-802530542,P04626,PH03587,2025-08-22,2025-02-11,Active,C0328
D01813,Workstation,-IMEI-041832712,P04627,PH03589,2025-07-10,2025-08-22,Active,C0328
D01814,Tablet,-IMEI-621466184,P04628,PH03590,2025-01-14,2025-12-12,Active,C0328
D01815,Mobile,-IMEI-265866535,P04629,nan,2025-03-06,2025-03-08,Active,C0328
D01816,Mobile,-IMEI-622510577,P04630,nan,2025-04-17,2025-09-30,Active,C0328
D01817,Laptop,-IMEI-526202231,P04632,PH03592,2025-09-01,2025-11-04,Active,C0328
D01818,Tablet,-IMEI-080660892,P04635,PH03596,2025-12-29,2025-01-26,Active,C0328
D01819,Workstation,-IMEI-405103867,P04637,PH03598,2025-11-23,2025-06-07,Inactive,C0328
D01820,Laptop,-IMEI-130605151,P04639,nan,2025-03-04,2025-12-29,Active,C0329
D01821,Desktop,-IMEI-724376290,P04640,nan,2025-01-16,2025-08-15,Active,C0330
D01822,Workstation,-IMEI-949987524,P04642,PH03603,2025-03-07,2025-04-22,Inactive,C0330
D01823,Mobile,-IMEI-582273615,P04643,PH03604,2025-05-15,2025-03-23,Active,C0330
D01824,Tablet,-IMEI-371577527,P04644,PH03605,2025-01-16,2025-10-10,Active,C0330
D01825,Desktop,-IMEI-254301886,P01091,nan,2025-02-08,2025-04-30,Active,C0331
D01826,Workstation,-IMEI-935211842,P04649,nan,2025-06-16,2025-04-29,Active,C0332
D01827,Laptop,-IMEI-890667328,P04651,nan,2025-06-03,2025-06-18,Active,C0332
D01828,Mobile,-IMEI-889992455,P04652,PH03613,2025-04-25,2025-06-06,Active,C0332
D01829,Mobile,-IMEI-842283763,P04653,PH03615,2025-10-01,2025-06-23,Active,C0332
D01830,Mobile,-IMEI-976145542,P04655,PH03617,2025-01-03,2025-07-25,Active,C0332
D01831,Mobile,-IMEI-309331491,P04656,nan,2025-01-19,2025-07-20,Active,C0332
D01832,Tablet,-IMEI-063225311,P04660,PH03620,2025-07-27,2025-07-28,Inactive,C0332
D01833,Tablet,-IMEI-034800937,P04663,PH03623,2025-06-04,2025-09-04,Active,C0332
D01834,Workstation,-IMEI-456842288,P04664,nan,2025-07-22,2025-03-18,Active,C0332
D01835,Mobile,-IMEI-756854515,P04667,PH03627,2025-05-22,2025-09-24,Inactive,C0332
D01836,Laptop,-IMEI-281293270,P04668,PH03628,2025-07-09,2025-07-26,Active,C0332
D01837,Tablet,-IMEI-077711972,P04672,PH03631,2025-05-16,2025-08-31,Active,C0332
D01838,Tablet,-IMEI-560966978,P04679,PH03639,2025-02-14,2025-12-19,Active,C0333
D01839,Mobile,-IMEI-525159137,P04680,PH03640,2025-04-24,2025-10-11,Active,C0334
D01840,Workstation,-IMEI-856909633,P04681,PH03641,2025-07-25,2025-08-25,Active,C0334
D01841,Desktop,-IMEI-518247888,P02004,nan,2025-09-11,2025-08-06,Inactive,C0335
D01842,Desktop,-IMEI-801076840,P04685,nan,2025-01-05,2025-01-09,Active,C0335
D01843,Mobile,-IMEI-044674551,P04686,PH03645,2025-09-27,2025-03-07,Active,C0335
D01844,Desktop,-IMEI-853512847,P04688,PH03647,2025-07-31,2025-12-18,Active,C0335
D01845,Workstation,-IMEI-373579149,P01342,nan,2025-06-02,2025-03-15,Inactive,C0336
D01846,Tablet,-IMEI-596381350,P04692,PH03652,2025-09-07,2025-09-20,Active,C0336
D01847,Laptop,-IMEI-705361876,P04693,PH03653,2025-10-19,2025-12-22,Active,C0336
D01848,Mobile,-IMEI-036467055,P04694,PH03654,2025-07-09,2025-05-17,Inactive,C0336
D01849,Mobile,-IMEI-302619313,P04696,PH03656,2025-04-01,2025-08-31,Active,C0337
D01850,Workstation,-IMEI-861363226,P04699,PH03659,2025-03-24,2025-06-19,Active,C0337
D01851,Laptop,-IMEI-059010214,P04700,PH03660,2025-01-10,2025-06-12,Active,C0337
D01852,Laptop,-IMEI-693667110,P04703,PH03662,2025-11-07,2025-03-25,Active,C0337
D01853,Laptop,-IMEI-700846670,P04704,PH03663,2025-01-30,2025-03-19,Active,C0337
D01854,Workstation,-IMEI-818239144,P04705,nan,2025-06-11,2025-07-26,Active,C0337
D01855,Laptop,-IMEI-390011750,P04706,PH03664,2025-02-13,2025-12-05,Active,C0337
D01856,Tablet,-IMEI-466892188,P04708,PH03666,2025-06-02,2025-04-24,Active,C0337
D01857,Workstation,-IMEI-314347100,P04710,nan,2025-10-02,2025-03-01,Active,C0337
D01858,Desktop,-IMEI-115285753,P04714,PH03669,2025-02-08,2025-02-25,Inactive,C0337
D01859,Laptop,-IMEI-384075046,P04716,PH03670,2025-06-08,2025-10-11,Inactive,C0337
D01860,Desktop,-IMEI-291091219,P04719,PH03673,2025-05-24,2025-11-12,Inactive,C0338
D01861,Desktop,-IMEI-053997782,P04721,PH03675,2025-09-20,2025-04-15,Active,C0338
D01862,Laptop,-IMEI-274807931,P04727,PH03679,2025-04-16,2025-08-01,Active,C0338
D01863,Tablet,-IMEI-951470127,P04729,PH03682,2025-11-22,2025-05-21,Active,C0338
D01864,Desktop,-IMEI-580435452,P04735,nan,2025-11-25,2025-11-25,Active,C0340
D01865,Laptop,-IMEI-511871238,P04737,nan,2025-11-13,2025-05-09,Active,C0340
D01866,Workstation,-IMEI-583381546,P04739,PH03687,2025-12-11,2025-06-02,Active,C0340
D01867,Laptop,-IMEI-360077746,P04741,nan,2025-10-22,2025-03-08,Active,C0340
D01868,Tablet,-IMEI-089326560,P04742,PH03688,2025-02-13,2025-10-14,Active,C0340
D01869,Workstation,-IMEI-142676918,P04746,nan,2025-02-11,2025-11-23,Active,C0341
D01870,Laptop,-IMEI-837851578,P04749,PH03694,2025-11-11,2025-11-03,Active,C0341
D01871,Desktop,-IMEI-043985501,P04750,PH03695,2025-09-25,2025-05-16,Active,C0341
D01872,Workstation,-IMEI-217532209,P04752,nan,2025-03-06,2025-11-09,Inactive,C0342
D01873,Mobile,-IMEI-679357351,P04757,PH03702,2025-01-28,2025-12-09,Active,C0342
D01874,Workstation,-IMEI-498021787,P04759,nan,2025-05-08,2025-06-01,Active,C0342
D01875,Workstation,-IMEI-575513096,P04761,PH03704,2025-12-20,2025-07-15,Active,C0342
D01876,Workstation,-IMEI-995348258,P04764,PH03707,2025-09-09,2025-07-22,Active,C0342
D01877,Mobile,-IMEI-594342848,P04767,nan,2025-05-13,2025-01-15,Active,C0342
D01878,Mobile,-IMEI-772284962,P04775,PH03719,2025-07-16,2025-10-09,Active,C0343
D01879,Workstation,-IMEI-462374028,P04776,nan,2025-09-21,2025-08-13,Active,C0343
D01880,Laptop,-IMEI-838648925,P04777,nan,2025-07-23,2025-09-22,Active,C0343
D01881,Laptop,-IMEI-367283180,P04778,PH03720,2025-07-24,2025-07-27,Active,C0343
D01882,Tablet,-IMEI-799580843,P04780,PH03722,2025-09-02,2025-03-22,Active,C0343
D01883,Mobile,-IMEI-868341339,P04781,PH03723,2025-01-29,2025-01-26,Active,C0343
D01884,Desktop,-IMEI-318730242,P04784,nan,2025-04-09,2025-12-09,Active,C0343
D01885,Mobile,-IMEI-442488307,P04786,PH03727,2025-04-13,2025-04-25,Active,C0343
D01886,Workstation,-IMEI-771847752,P04788,PH03729,2025-01-06,2025-07-10,Active,C0343
D01887,Desktop,-IMEI-067063094,P04790,PH03730,2025-07-31,2025-06-26,Active,C0343
D01888,Workstation,-IMEI-291604440,P04792,nan,2025-08-24,2025-11-11,Active,C0343
D01889,Tablet,-IMEI-141263603,P04793,PH03731,2025-08-11,2025-02-05,Inactive,C0343
D01890,Laptop,-IMEI-383293146,P04794,PH03732,2025-11-03,2025-04-16,Active,C0343
D01891,Workstation,-IMEI-992699339,P04796,nan,2025-05-20,2025-10-26,Active,C0343
D01892,Mobile,-IMEI-243099657,P04797,PH03734,2025-10-11,2025-12-31,Inactive,C0343
D01893,Tablet,-IMEI-163485499,P04801,PH03738,2025-12-16,2025-09-25,Inactive,C0344
D01894,Laptop,-IMEI-608798528,P04802,PH03739,2025-01-30,2025-07-18,Active,C0344
D01895,Mobile,-IMEI-286267701,P04803,PH03740,2025-04-21,2025-11-08,Active,C0344
D01896,Tablet,-IMEI-823720271,P04804,PH03741,2025-02-25,2025-11-26,Inactive,C0344
D01897,Workstation,-IMEI-966167369,P04805,PH03743,2025-01-05,2025-09-19,Active,C0344
D01898,Desktop,-IMEI-106998056,P04807,PH03745,2025-07-02,2025-01-01,Active,C0344
D01899,Desktop,-IMEI-178296555,P04808,PH03746,2025-12-27,2025-02-28,Active,C0344
D01900,Tablet,-IMEI-403894878,P04815,PH03750,2025-11-24,2025-05-02,Inactive,C0345
D01901,Workstation,-IMEI-722158030,P04816,PH03751,2025-07-22,2025-09-26,Active,C0345
D01902,Tablet,-IMEI-541349831,P04823,nan,2025-12-11,2025-01-11,Active,C0345
D01903,Workstation,-IMEI-089919943,P04824,nan,2025-07-24,2025-06-21,Active,C0345
D01904,Desktop,-IMEI-691605745,P04827,nan,2025-05-26,2025-01-10,Active,C0345
D01905,Laptop,-IMEI-987001042,P04832,PH03762,2025-06-12,2025-12-17,Active,C0345
D01906,Mobile,-IMEI-714433038,P04833,PH03763,2025-03-15,2025-01-25,Active,C0345
D01907,Tablet,-IMEI-474121674,P04834,nan,2025-11-02,2025-07-25,Active,C0345
D01908,Desktop,-IMEI-324071275,P04836,PH03765,2025-09-26,2025-11-21,Active,C0345
D01909,Tablet,-IMEI-899410120,P04837,nan,2025-12-02,2025-07-31,Inactive,C0345
D01910,Laptop,-IMEI-440469702,P04839,PH03766,2025-07-18,2025-03-05,Active,C0346
D01911,Mobile,-IMEI-166719098,P04846,nan,2025-03-25,2025-07-29,Active,C0346
D01912,Mobile,-IMEI-982864016,P04847,nan,2025-06-24,2025-01-27,Active,C0346
D01913,Desktop,-IMEI-973215724,P04851,PH03772,2025-12-20,2025-03-07,Active,C0346
D01914,Workstation,-IMEI-558399405,P04853,PH03774,2025-02-03,2025-10-14,Active,C0347
D01915,Workstation,-IMEI-460803653,P04856,PH03778,2025-12-02,2025-03-27,Inactive,C0347
D01916,Laptop,-IMEI-683250041,P04857,PH03779,2025-01-31,2025-01-15,Active,C0347
D01917,Laptop,-IMEI-013705209,P04866,nan,2025-06-14,2025-06-05,Active,C0347
D01918,Workstation,-IMEI-173631108,P04869,PH03786,2025-05-02,2025-08-14,Active,C0348
D01919,Workstation,-IMEI-966246039,P04871,nan,2025-08-02,2025-05-28,Active,C0349
D01920,Tablet,-IMEI-841987343,P04873,nan,2025-08-13,2025-04-22,Active,C0349
D01921,Workstation,-IMEI-532681392,P04879,PH03793,2025-10-28,2025-03-29,Active,C0349
D01922,Desktop,-IMEI-153892141,P04881,PH03795,2025-08-22,2025-04-30,Active,C0350
D01923,Laptop,-IMEI-509891493,P04885,PH03799,2025-07-30,2025-12-16,Active,C0351
D01924,Laptop,-IMEI-754472779,P04888,PH03801,2025-03-31,2025-03-24,Inactive,C0351
D01925,Laptop,-IMEI-482598799,P04890,nan,2025-02-09,2025-08-24,Active,C0351
D01926,Desktop,-IMEI-968726307,P04892,PH03804,2025-07-28,2025-01-26,Active,C0351
D01927,Desktop,-IMEI-432655913,P04895,PH03807,2025-10-08,2025-05-03,Active,C0351
D01928,Desktop,-IMEI-696814045,P04898,PH03810,2025-01-03,2025-09-10,Active,C0351
D01929,Mobile,-IMEI-532021459,P04905,PH03816,2025-02-18,2025-03-20,Active,C0352
D01930,Desktop,-IMEI-925810866,P04908,nan,2025-10-08,2025-07-18,Active,C0352
D01931,Desktop,-IMEI-161421307,P04909,PH03818,2025-03-31,2025-04-29,Active,C0352
D01932,Tablet,-IMEI-476847668,P04916,PH03823,2025-01-24,2025-08-02,Inactive,C0352
D01933,Desktop,-IMEI-580369510,P04917,PH03825,2025-04-07,2025-02-15,Active,C0352
D01934,Workstation,-IMEI-504147952,P01698,nan,2025-11-16,2025-01-21,Active,C0353
D01935,Workstation,-IMEI-365875098,P04919,PH03828,2025-04-23,2025-08-31,Active,C0353
D01936,Workstation,-IMEI-404320923,P04924,nan,2025-03-07,2025-05-30,Inactive,C0353
D01937,Tablet,-IMEI-697409580,P04935,PH03841,2025-01-09,2025-10-17,Active,C0353
D01938,Workstation,-IMEI-156825759,P04937,PH03842,2025-02-23,2025-03-19,Active,C0354
D01939,Desktop,-IMEI-455686159,P04939,PH03844,2025-01-28,2025-08-24,Active,C0354
D01940,Laptop,-IMEI-796725096,P04941,PH03845,2025-01-27,2025-10-09,Active,C0354
D01941,Tablet,-IMEI-330771237,P04945,nan,2025-08-24,2025-06-13,Active,C0355
D01942,Workstation,-IMEI-794650680,P04949,nan,2025-03-06,2025-02-20,Active,C0355
D01943,Tablet,-IMEI-487571342,P04950,PH03849,2025-06-01,2025-11-02,Inactive,C0356
D01944,Mobile,-IMEI-712754676,P04951,PH03851,2025-05-07,2025-05-12,Active,C0356
D01945,Laptop,-IMEI-132536186,P04952,nan,2025-12-15,2025-01-29,Active,C0356
D01946,Tablet,-IMEI-318001030,P04953,nan,2025-11-27,2025-11-30,Active,C0356
D01947,Laptop,-IMEI-745563469,P04954,nan,2025-09-02,2025-11-08,Active,C0356
D01948,Workstation,-IMEI-155583648,P04955,PH03853,2025-12-26,2025-10-15,Active,C0356
D01949,Desktop,-IMEI-417917841,P04960,PH03857,2025-05-07,2025-10-15,Active,C0356
D01950,Mobile,-IMEI-573794308,P04961,PH03858,2025-03-27,2025-05-01,Active,C0356
D01951,Tablet,-IMEI-332031525,P04965,PH03862,2025-10-25,2025-01-20,Active,C0356
D01952,Workstation,-IMEI-500688397,P04967,nan,2025-10-17,2025-11-29,Active,C0356
D01953,Laptop,-IMEI-430373564,P04968,PH03864,2025-05-30,2025-01-28,Active,C0356
D01954,Workstation,-IMEI-365176220,P04975,nan,2025-08-11,2025-09-16,Active,C0357
D01955,Desktop,-IMEI-549724821,P04977,PH03872,2025-09-10,2025-11-27,Active,C0357
D01956,Workstation,-IMEI-673950745,P04980,nan,2025-07-26,2025-08-21,Active,C0357
D01957,Mobile,-IMEI-468144076,P04982,nan,2025-04-30,2025-06-10,Active,C0357
D01958,Laptop,-IMEI-465959417,P04983,PH03875,2025-09-21,2025-05-27,Active,C0357
D01959,Tablet,-IMEI-409894877,P04984,PH03876,2025-10-22,2025-04-29,Active,C0357
D01960,Workstation,-IMEI-926258449,P04985,PH03877,2025-10-25,2025-12-04,Active,C0357
D01961,Tablet,-IMEI-046743456,P04986,PH03878,2025-04-08,2025-02-20,Active,C0357
D01962,Mobile,-IMEI-449251662,P04987,nan,2025-09-06,2025-04-11,Inactive,C0357
D01963,Tablet,-IMEI-496173510,P04989,PH03880,2025-08-24,2025-06-03,Active,C0357
D01964,Tablet,-IMEI-433919604,P04990,PH03881,2025-01-17,2025-01-22,Inactive,C0357
D01965,Laptop,-IMEI-797614181,P04994,PH03885,2025-02-10,2025-12-12,Active,C0357
D01966,Workstation,-IMEI-051524878,P04997,PH03887,2025-02-24,2025-01-07,Active,C0357
D01967,Tablet,-IMEI-835051281,P04999,PH03890,2025-05-09,2025-04-25,Inactive,C0357
D01968,Laptop,-IMEI-950773510,P05000,PH03891,2025-11-27,2025-07-18,Inactive,C0357
D01969,Mobile,-IMEI-793764943,P05001,PH03892,2025-02-10,2025-11-25,Active,C0357
D01970,Tablet,-IMEI-420020801,P05002,PH03894,2025-09-11,2025-10-06,Active,C0357
D01971,Workstation,-IMEI-939632025,P05003,nan,2025-05-24,2025-02-21,Active,C0357
D01972,Laptop,-IMEI-085415258,P05004,PH03895,2025-03-23,2025-10-31,Active,C0357
D01973,Tablet,-IMEI-695994472,P05009,PH03899,2025-01-25,2025-04-04,Active,C0357
D01974,Mobile,-IMEI-777834983,P05012,PH03901,2025-06-24,2025-05-11,Inactive,C0357
D01975,Desktop,-IMEI-488032257,P05014,nan,2025-08-27,2025-09-05,Active,C0357
D01976,Workstation,-IMEI-832778752,P05015,nan,2025-10-25,2025-02-06,Active,C0357
D01977,Tablet,-IMEI-278570193,P05018,PH03906,2025-09-07,2025-11-22,Active,C0357
D01978,Tablet,-IMEI-490871424,P05020,PH03907,2025-07-20,2025-11-03,Active,C0358
D01979,Tablet,-IMEI-308582369,P05022,nan,2025-08-05,2025-08-19,Inactive,C0359
D01980,Laptop,-IMEI-136547548,P05023,PH03910,2025-01-20,2025-08-08,Active,C0359
D01981,Laptop,-IMEI-152366098,P05025,nan,2025-10-12,2025-03-20,Active,C0359
D01982,Tablet,-IMEI-553449214,P05029,PH03912,2025-03-12,2025-02-06,Active,C0359
D01983,Desktop,-IMEI-007048758,P05032,PH03914,2025-12-04,2025-06-17,Active,C0359
D01984,Workstation,-IMEI-228278305,P05033,PH03915,2025-05-01,2025-09-22,Active,C0359
D01985,Mobile,-IMEI-893826326,P05035,PH03917,2025-04-11,2025-01-25,Inactive,C0359
D01986,Laptop,-IMEI-112183125,P05037,PH03919,2025-06-04,2025-06-01,Inactive,C0359
D01987,Tablet,-IMEI-580493679,P05039,nan,2025-04-29,2025-05-03,Active,C0359
D01988,Mobile,-IMEI-323244012,P05041,PH03922,2025-07-16,2025-11-25,Active,C0359
D01989,Workstation,-IMEI-622926108,P05043,PH03924,2025-12-22,2025-07-25,Inactive,C0360
D01990,Desktop,-IMEI-864716295,P05045,PH03926,2025-11-14,2025-01-04,Active,C0360
D01991,Tablet,-IMEI-354324145,P05048,PH03929,2025-08-17,2025-11-05,Active,C0360
D01992,Workstation,-IMEI-593877275,P05050,PH03931,2025-04-10,2025-07-08,Inactive,C0361
D01993,Tablet,-IMEI-328865702,P05053,PH03934,2025-02-04,2025-05-09,Active,C0361
D01994,Mobile,-IMEI-401531552,P05057,PH03937,2025-06-04,2025-07-25,Inactive,C0361
D01995,Laptop,-IMEI-418571255,P05059,nan,2025-03-29,2025-07-07,Inactive,C0361
D01996,Workstation,-IMEI-897554349,P05060,PH03939,2025-10-04,2025-04-26,Active,C0361
D01997,Tablet,-IMEI-290426062,P05061,nan,2025-12-14,2025-08-31,Active,C0361
D01998,Desktop,-IMEI-374575901,P05065,nan,2025-08-26,2025-08-27,Active,C0362
D01999,Tablet,-IMEI-442802422,P05066,PH03944,2025-08-23,2025-08-06,Active,C0363
D02000,Desktop,-IMEI-743153586,P05067,nan,2025-10-15,2025-02-14,Active,C0363
D02001,Desktop,-IMEI-333024712,P05069,PH03946,2025-05-17,2025-01-13,Inactive,C0363
D02002,Mobile,-IMEI-127077838,P05071,nan,2025-01-26,2025-03-19,Active,C0363
D02003,Tablet,-IMEI-080998162,P05078,PH03953,2025-10-21,2025-07-20,Inactive,C0363
D02004,Tablet,-IMEI-148969317,P05083,nan,2025-09-09,2025-03-09,Active,C0363
D02005,Desktop,-IMEI-483158702,P05086,PH03959,2025-06-01,2025-04-18,Active,C0363
D02006,Desktop,-IMEI-391151013,P05090,nan,2025-05-16,2025-01-09,Active,C0363
D02007,Desktop,-IMEI-881488432,P05091,PH03962,2025-03-18,2025-08-23,Active,C0363
D02008,Laptop,-IMEI-370042697,P05094,nan,2025-08-18,2025-10-18,Active,C0363
D02009,Workstation,-IMEI-169156000,P05096,nan,2025-12-04,2025-12-05,Active,C0364
D02010,Mobile,-IMEI-490796873,P05097,PH03966,2025-02-27,2025-07-24,Active,C0364
D02011,Desktop,-IMEI-244774100,P05099,PH03968,2025-10-18,2025-12-09,Active,C0364
D02012,Laptop,-IMEI-906414540,P05100,PH03969,2025-08-08,2025-11-11,Active,C0364
D02013,Laptop,-IMEI-114874137,P05101,PH03970,2025-11-30,2025-05-26,Active,C0364
D02014,Workstation,-IMEI-559506828,P05104,PH03972,2025-05-04,2025-10-06,Active,C0364
D02015,Mobile,-IMEI-993644934,P05105,PH03973,2025-03-31,2025-04-24,Active,C0364
D02016,Mobile,-IMEI-174910009,P05108,nan,2025-02-04,2025-03-11,Active,C0364
D02017,Workstation,-IMEI-592142242,P05109,PH03977,2025-08-09,2025-04-27,Active,C0364
D02018,Tablet,-IMEI-506988526,P05110,PH03978,2025-07-22,2025-02-25,Active,C0364
D02019,Mobile,-IMEI-735577514,P05111,PH03979,2025-04-29,2025-10-25,Active,C0364
D02020,Workstation,-IMEI-726806478,P05118,PH03984,2025-01-08,2025-03-25,Active,C0364
D02021,Tablet,-IMEI-875697078,P05120,PH03986,2025-02-19,2025-08-24,Active,C0364
D02022,Workstation,-IMEI-622489963,P05122,PH03987,2025-05-28,2025-07-04,Inactive,C0364
D02023,Laptop,-IMEI-700653683,P05126,PH03991,2025-07-05,2025-01-10,Active,C0365
D02024,Workstation,-IMEI-998642693,P05131,PH03994,2025-11-29,2025-02-22,Active,C0365
D02025,Laptop,-IMEI-555042361,P05139,PH04002,2025-05-10,2025-08-30,Active,C0366
D02026,Laptop,-IMEI-634622817,P05141,nan,2025-02-05,2025-10-24,Active,C0366
D02027,Tablet,-IMEI-032768044,P05142,nan,2025-09-07,2025-08-09,Active,C0366
D02028,Laptop,-IMEI-778357199,P05145,PH04009,2025-02-13,2025-01-19,Active,C0366
D02029,Mobile,-IMEI-114097140,P05148,nan,2025-10-29,2025-07-22,Active,C0366
D02030,Desktop,-IMEI-403687685,P05152,PH04015,2025-09-30,2025-08-09,Active,C0366
D02031,Laptop,-IMEI-218071429,P05153,nan,2025-09-05,2025-05-23,Active,C0366
D02032,Desktop,-IMEI-116217865,P05155,nan,2025-07-08,2025-02-13,Inactive,C0366
D02033,Tablet,-IMEI-828422891,P05158,nan,2025-10-31,2025-08-09,Inactive,C0366
D02034,Desktop,-IMEI-116638080,P03572,nan,2025-08-16,2025-08-26,Active,C0367
D02035,Laptop,-IMEI-268599047,P05162,PH04021,2025-05-10,2025-12-06,Active,C0367
D02036,Workstation,-IMEI-286316772,P05163,PH04022,2025-04-10,2025-06-04,Active,C0367
D02037,Workstation,-IMEI-490983491,P00164,nan,2025-12-14,2025-03-30,Inactive,C0368
D02038,Mobile,-IMEI-396656984,P05164,nan,2025-10-01,2025-09-05,Active,C0368
D02039,Desktop,-IMEI-523977783,P05165,nan,2026-01-04,2026-07-06,Inactive,C0369
D02040,Workstation,-IMEI-386667651,P05167,PH04023,2026-01-01,2026-07-07,Active,C0370
D02041,Tablet,-IMEI-728872406,P05170,nan,2026-10-04,2026-05-23,Active,C0370
D02042,Desktop,-IMEI-959061399,P05171,PH04026,2026-07-08,2026-04-18,Active,C0370
D02043,Desktop,-IMEI-405963981,P05172,PH04027,2026-06-29,2026-10-05,Active,C0370
D02044,Mobile,-IMEI-845084802,P05173,PH04028,2026-09-12,2026-08-19,Active,C0370
D02045,Mobile,-IMEI-794589722,P05174,PH04029,2026-12-14,2026-12-19,Active,C0370
D02046,Laptop,-IMEI-728541968,P05176,PH04030,2026-08-01,2026-07-04,Active,C0370
D02047,Mobile,-IMEI-642610136,P05177,PH04031,2026-07-23,2026-12-21,Active,C0370
D02048,Mobile,-IMEI-562947296,P05179,nan,2026-06-24,2026-07-02,Inactive,C0370
D02049,Mobile,-IMEI-502659869,P05180,PH04033,2026-06-18,2026-07-12,Inactive,C0370
D02050,Tablet,-IMEI-279611070,P05183,nan,2026-05-17,2026-07-03,Active,C0370
D02051,Tablet,-IMEI-343803241,P05186,nan,2026-02-01,2026-09-01,Active,C0370
D02052,Desktop,-IMEI-308412740,P05188,PH04039,2026-01-07,2026-01-20,Active,C0370
D02053,Tablet,-IMEI-599182652,P05191,PH04041,2026-09-04,2026-06-28,Active,C0370
D02054,Mobile,-IMEI-810351470,P05193,PH04042,2026-10-07,2026-02-23,Inactive,C0370
D02055,Tablet,-IMEI-410363899,P05195,PH04044,2026-03-24,2026-12-14,Inactive,C0372
D02056,Desktop,-IMEI-742155468,P05197,PH04046,2026-02-16,2026-09-29,Active,C0372
D02057,Laptop,-IMEI-248994970,P05202,PH04049,2026-08-04,2026-02-09,Active,C0372
D02058,Workstation,-IMEI-559223074,P05204,PH04052,2026-10-27,2026-01-12,Inactive,C0372
D02059,Tablet,-IMEI-341674575,P05205,PH04053,2026-07-18,2026-12-23,Active,C0372
D02060,Workstation,-IMEI-731407047,P05206,nan,2026-02-21,2026-07-20,Active,C0372
D02061,Mobile,-IMEI-947227915,P05207,PH04054,2026-10-17,2026-04-08,Active,C0372
D02062,Laptop,-IMEI-234135683,P05209,PH04056,2026-11-26,2026-12-22,Active,C0372
D02063,Laptop,-IMEI-342970871,P05214,PH04062,2026-06-18,2026-11-29,Active,C0372
D02064,Laptop,-IMEI-023974044,P05218,PH04065,2026-05-26,2026-06-11,Active,C0372
D02065,Desktop,-IMEI-954149349,P05219,nan,2026-10-31,2026-03-27,Active,C0372
D02066,Mobile,-IMEI-612941512,P05220,PH04066,2026-05-12,2026-10-17,Active,C0372
D02067,Tablet,-IMEI-385854135,P05222,PH04068,2026-01-27,2026-04-28,Active,C0373
D02068,Laptop,-IMEI-768504901,P05224,PH04069,2026-01-08,2026-03-03,Active,C0373
D02069,Laptop,-IMEI-129776271,P05226,PH04070,2026-12-21,2026-02-17,Active,C0373
D02070,Desktop,-IMEI-651953705,P05231,nan,2026-12-12,2026-08-03,Active,C0374
D02071,Tablet,-IMEI-218433814,P05233,PH04075,2026-08-23,2026-01-16,Active,C0374
D02072,Workstation,-IMEI-832501699,P05235,nan,2026-08-11,2026-08-23,Active,C0375
D02073,Laptop,-IMEI-095827586,P05236,PH04077,2026-10-17,2026-02-09,Active,C0375
D02074,Desktop,-IMEI-859439937,P05237,PH04078,2026-09-04,2026-05-18,Active,C0375
D02075,Tablet,-IMEI-687537616,P05241,PH04082,2026-06-04,2026-01-01,Active,C0375
D02076,Workstation,-IMEI-321247520,P05245,PH04085,2026-07-10,2026-10-27,Active,C0375
D02077,Tablet,-IMEI-911980985,P05246,PH04086,2026-09-23,2026-03-20,Active,C0375
D02078,Laptop,-IMEI-072124042,P05250,PH04088,2026-06-11,2026-07-05,Active,C0375
D02079,Mobile,-IMEI-973375044,P02635,nan,2026-01-14,2026-01-27,Active,C0376
D02080,Laptop,-IMEI-228879927,P05252,PH04090,2026-12-25,2026-03-13,Active,C0376
D02081,Mobile,-IMEI-253745270,P05254,PH04092,2026-08-19,2026-08-05,Active,C0376
D02082,Mobile,-IMEI-978390785,P05258,nan,2026-02-26,2026-03-13,Active,C0376
D02083,Desktop,-IMEI-907410886,P05263,PH04101,2026-08-23,2026-02-04,Inactive,C0376
D02084,Mobile,-IMEI-972693106,P05265,nan,2026-07-19,2026-12-09,Active,C0377
D02085,Workstation,-IMEI-997470620,P05267,PH04103,2026-05-03,2026-08-17,Active,C0377
D02086,Workstation,-IMEI-370923271,P05268,PH04104,2026-11-21,2026-05-04,Active,C0377
D02087,Mobile,-IMEI-961091391,P05269,PH04105,2026-10-17,2026-08-15,Active,C0377
D02088,Desktop,-IMEI-401466893,P05272,PH04108,2026-11-06,2026-11-11,Active,C0378
D02089,Workstation,-IMEI-568412850,P05275,PH04109,2026-10-26,2026-05-22,Active,C0378
D02090,Mobile,-IMEI-131436222,P05278,PH04112,2026-06-12,2026-12-28,Active,C0378
D02091,Laptop,-IMEI-669292997,P05280,nan,2026-05-31,2026-01-08,Inactive,C0378
D02092,Mobile,-IMEI-511661835,P05282,nan,2026-04-14,2026-05-20,Active,C0378
D02093,Desktop,-IMEI-631217161,P05286,PH04116,2026-01-16,2026-03-06,Active,C0379
D02094,Desktop,-IMEI-493098677,P05081,nan,2026-10-07,2026-12-25,Inactive,C0380
D02095,Mobile,-IMEI-072089966,P03508,nan,2026-09-19,2026-08-25,Active,C0380
D02096,Tablet,-IMEI-989700447,P05288,PH04118,2026-06-24,2026-11-28,Active,C0380
D02097,Laptop,-IMEI-221374326,P05289,PH04119,2026-10-22,2026-01-29,Active,C0380
D02098,Workstation,-IMEI-551617010,P05292,PH04122,2026-03-05,2026-10-21,Active,C0380
D02099,Desktop,-IMEI-205488468,P05294,nan,2026-11-17,2026-11-20,Active,C0380
D02100,Tablet,-IMEI-516587222,P05295,nan,2026-09-20,2026-11-14,Inactive,C0380
D02101,Tablet,-IMEI-280159389,P05297,PH04125,2026-02-15,2026-06-12,Active,C0380
D02102,Workstation,-IMEI-963442759,P05298,nan,2026-04-11,2026-03-21,Active,C0380
D02103,Mobile,-IMEI-666790904,P05300,nan,2026-05-19,2026-11-17,Active,C0380
D02104,Mobile,-IMEI-833280433,P05307,nan,2026-05-14,2026-11-06,Active,C0380
D02105,Mobile,-IMEI-242231621,P05309,PH04130,2026-09-19,2026-12-29,Active,C0380
D02106,Desktop,-IMEI-936876661,P00610,nan,2026-09-23,2026-05-08,Active,C0381
D02107,Mobile,-IMEI-041888852,P05310,nan,2026-05-22,2026-06-09,Inactive,C0381
D02108,Mobile,-IMEI-683344301,P05311,PH04131,2026-09-05,2026-12-13,Active,C0382
D02109,Tablet,-IMEI-172646011,P05315,PH04135,2026-01-30,2026-12-12,Inactive,C0382
D02110,Workstation,-IMEI-262947146,P05317,PH04136,2026-10-12,2026-02-17,Inactive,C0382
D02111,Workstation,-IMEI-748285978,P05318,PH04137,2026-12-08,2026-05-26,Inactive,C0382
D02112,Mobile,-IMEI-832774852,P05320,PH04138,2026-04-15,2026-08-30,Active,C0383
D02113,Workstation,-IMEI-559385255,P05321,PH04139,2026-08-10,2026-08-13,Active,C0383
D02114,Desktop,-IMEI-333648131,P05322,PH04141,2026-12-05,2026-01-07,Active,C0383
D02115,Mobile,-IMEI-290955958,P05325,nan,2026-07-15,2026-09-14,Inactive,C0383
D02116,Desktop,-IMEI-653630222,P05328,PH04142,2026-12-10,2026-03-19,Active,C0383
D02117,Desktop,-IMEI-546147230,P05330,PH04144,2026-10-26,2026-08-09,Active,C0383
D02118,Desktop,-IMEI-442462203,P05331,PH04145,2026-10-17,2026-02-01,Active,C0383
D02119,Desktop,-IMEI-651832055,P05333,PH04147,2026-07-20,2026-03-21,Active,C0383
D02120,Mobile,-IMEI-399219095,P05334,PH04148,2026-09-20,2026-04-01,Active,C0383
D02121,Tablet,-IMEI-181401870,P05335,nan,2026-08-29,2026-06-22,Active,C0383
D02122,Laptop,-IMEI-485453445,P05338,PH04152,2026-10-04,2026-07-09,Active,C0383
D02123,Laptop,-IMEI-751102200,P05343,PH04157,2026-05-28,2026-10-20,Active,C0383
D02124,Laptop,-IMEI-020248896,P05344,PH04158,2026-03-02,2026-06-10,Active,C0383
D02125,Laptop,-IMEI-175611349,P05346,PH04159,2026-02-24,2026-11-09,Active,C0384
D02126,Desktop,-IMEI-763049482,P05349,PH04161,2026-08-10,2026-08-26,Active,C0384
D02127,Tablet,-IMEI-076088719,P05354,nan,2026-10-19,2026-03-29,Active,C0384
D02128,Workstation,-IMEI-475807997,P05356,nan,2026-02-03,2026-03-17,Active,C0384
D02129,Laptop,-IMEI-052301371,P05359,nan,2026-10-12,2026-11-23,Inactive,C0384
D02130,Desktop,-IMEI-427545112,P05360,nan,2026-01-24,2026-11-01,Active,C0384
D02131,Workstation,-IMEI-808180652,P05365,PH04172,2026-07-17,2026-04-02,Active,C0384
D02132,Tablet,-IMEI-081318489,P05366,nan,2026-12-28,2026-10-03,Active,C0384
D02133,Tablet,-IMEI-279230141,P05368,PH04175,2026-09-21,2026-02-14,Active,C0384
D02134,Mobile,-IMEI-907270651,P05371,PH04177,2026-10-28,2026-04-26,Inactive,C0384
D02135,Laptop,-IMEI-973174301,P05375,PH04181,2026-06-06,2026-07-02,Active,C0385
D02136,Tablet,-IMEI-758398869,P05379,PH04183,2026-03-19,2026-04-24,Active,C0385
D02137,Mobile,-IMEI-293277519,P05381,nan,2026-03-07,2026-03-15,Active,C0385
D02138,Laptop,-IMEI-062261789,P05382,PH04185,2026-08-28,2026-07-08,Active,C0385
D02139,Workstation,-IMEI-180652827,P05392,PH04191,2026-05-28,2026-09-14,Active,C0386
D02140,Laptop,-IMEI-085273015,P05401,PH04196,2026-03-09,2026-01-11,Active,C0386
D02141,Desktop,-IMEI-595786214,P05402,PH04197,2026-02-16,2026-08-10,Active,C0386
D02142,Tablet,-IMEI-465826561,P05407,PH04200,2026-02-07,2026-04-26,Active,C0386
D02143,Tablet,-IMEI-136242895,P05408,PH04201,2026-02-13,2026-03-01,Active,C0386
D02144,Tablet,-IMEI-140349261,P05414,PH04206,2026-07-31,2026-12-27,Inactive,C0388
D02145,Desktop,-IMEI-644153917,P05420,PH04212,2026-05-28,2026-01-02,Active,C0388
D02146,Workstation,-IMEI-685818844,P05426,nan,2026-08-06,2026-09-21,Inactive,C0389
D02147,Laptop,-IMEI-638456626,P05427,PH04216,2026-08-23,2026-12-22,Active,C0389
D02148,Laptop,-IMEI-834980201,P05428,PH04218,2026-12-06,2026-02-20,Active,C0389
D02149,Workstation,-IMEI-265591469,P05429,PH04219,2026-09-02,2026-02-20,Active,C0389
D02150,Workstation,-IMEI-460773910,P05431,PH04221,2026-06-13,2026-08-04,Active,C0389
D02151,Tablet,-IMEI-093801037,P05435,nan,2026-09-22,2026-10-19,Inactive,C0389
D02152,Tablet,-IMEI-849595201,P05437,PH04222,2026-02-24,2026-12-18,Active,C0389
D02153,Desktop,-IMEI-538284224,P05441,nan,2026-10-21,2026-08-15,Active,C0389
D02154,Laptop,-IMEI-698982943,P05442,PH04226,2026-11-22,2026-04-21,Active,C0389
D02155,Workstation,-IMEI-412168351,P05445,nan,2026-10-26,2026-05-03,Active,C0389
D02156,Mobile,-IMEI-293366438,P05447,PH04228,2026-01-28,2026-05-28,Active,C0390
D02157,Desktop,-IMEI-724790377,P05448,nan,2026-11-01,2026-06-04,Active,C0390
D02158,Laptop,-IMEI-919819057,P05449,PH04229,2026-01-21,2026-03-11,Active,C0390
D02159,Tablet,-IMEI-093712729,P05453,PH04234,2026-06-26,2026-02-10,Active,C0390
D02160,Desktop,-IMEI-000911637,P05455,PH04236,2026-06-12,2026-08-20,Active,C0390
D02161,Mobile,-IMEI-534772050,P05456,PH04237,2026-07-07,2026-07-22,Active,C0390
D02162,Desktop,-IMEI-693672317,P05461,nan,2026-10-07,2026-02-21,Active,C0390
D02163,Desktop,-IMEI-190687342,P05463,PH04243,2026-07-21,2026-06-08,Active,C0390
D02164,Workstation,-IMEI-411517518,P05467,PH04247,2026-10-31,2026-06-27,Active,C0390
D02165,Mobile,-IMEI-023598487,P05468,PH04248,2026-08-26,2026-12-26,Active,C0390
D02166,Mobile,-IMEI-048855799,P05469,PH04249,2026-05-09,2026-02-18,Inactive,C0390
D02167,Desktop,-IMEI-921419149,P05471,nan,2026-11-18,2026-05-07,Active,C0390
D02168,Desktop,-IMEI-888482222,P05473,PH04252,2026-11-10,2026-03-10,Active,C0391
D02169,Mobile,-IMEI-539533943,P02829,nan,2026-03-17,2026-04-25,Active,C0392
D02170,Mobile,-IMEI-556127489,P05480,PH04257,2026-11-29,2026-04-03,Active,C0392
D02171,Desktop,-IMEI-857533332,P05490,PH04268,2026-07-01,2026-03-21,Inactive,C0392
D02172,Tablet,-IMEI-504294658,P05491,PH04269,2026-10-27,2026-12-06,Active,C0392
D02173,Mobile,-IMEI-723085869,P05493,PH04271,2026-09-30,2026-10-09,Active,C0392
D02174,Desktop,-IMEI-550021449,P05495,PH04273,2026-04-21,2026-12-06,Active,C0392
D02175,Laptop,-IMEI-982365910,P05496,PH04274,2026-02-28,2026-11-26,Inactive,C0392
D02176,Desktop,-IMEI-799173010,P05497,PH04275,2026-11-27,2026-03-06,Active,C0392
D02177,Laptop,-IMEI-618025499,P05498,PH04276,2026-09-18,2026-12-25,Inactive,C0392
D02178,Desktop,-IMEI-894801977,P05499,nan,2026-06-05,2026-08-23,Inactive,C0392
D02179,Tablet,-IMEI-618597981,P05500,PH04277,2026-02-10,2026-05-24,Active,C0392
D02180,Desktop,-IMEI-976298209,P05502,PH04279,2026-09-24,2026-05-10,Active,C0392
D02181,Workstation,-IMEI-288232126,P05503,PH04280,2026-07-07,2026-02-15,Active,C0393
D02182,Tablet,-IMEI-506250824,P05504,PH04281,2026-09-09,2026-05-01,Active,C0393
D02183,Mobile,-IMEI-984095373,P05505,PH04282,2026-05-02,2026-12-02,Inactive,C0393
D02184,Desktop,-IMEI-808935888,P05506,PH04284,2026-11-16,2026-08-12,Active,C0393
D02185,Tablet,-IMEI-325512732,P05507,nan,2026-11-03,2026-10-30,Active,C0393
D02186,Workstation,-IMEI-263592038,P05509,PH04285,2026-12-24,2026-11-05,Active,C0393
D02187,Tablet,-IMEI-559839861,P05511,PH04286,2026-11-22,2026-12-02,Active,C0393
D02188,Mobile,-IMEI-834368548,P05513,PH04287,2026-10-31,2026-04-09,Active,C0393
D02189,Workstation,-IMEI-678810965,P05514,PH04288,2026-03-31,2026-11-27,Active,C0393
D02190,Tablet,-IMEI-481213598,P05515,PH04289,2026-05-09,2026-07-28,Active,C0393
D02191,Workstation,-IMEI-887267468,P05516,nan,2026-09-12,2026-07-12,Inactive,C0393
D02192,Tablet,-IMEI-826051333,P05517,nan,2026-11-24,2026-04-01,Active,C0393
D02193,Mobile,-IMEI-068311552,P05524,PH04295,2026-10-04,2026-10-13,Active,C0394
D02194,Workstation,-IMEI-910517696,P05526,PH04297,2026-06-22,2026-12-30,Active,C0394
D02195,Workstation,-IMEI-070394215,P05528,PH04299,2026-03-22,2026-05-21,Active,C0394
D02196,Laptop,-IMEI-498699757,P05529,nan,2026-09-01,2026-10-06,Active,C0394
D02197,Desktop,-IMEI-300662778,P05532,PH04302,2026-01-08,2026-10-24,Inactive,C0394
D02198,Workstation,-IMEI-475338491,P05535,PH04305,2026-02-22,2026-10-19,Active,C0394
D02199,Tablet,-IMEI-640639546,P05539,nan,2026-11-25,2026-10-19,Active,C0394
D02200,Tablet,-IMEI-493661871,P05546,PH04316,2026-07-11,2026-10-14,Active,C0394
D02201,Desktop,-IMEI-477956539,P05547,nan,2026-12-18,2026-09-06,Active,C0394
D02202,Workstation,-IMEI-778640220,P05556,PH04323,2026-08-08,2026-01-13,Active,C0395
D02203,Laptop,-IMEI-713156496,P05557,PH04325,2026-02-16,2026-01-20,Inactive,C0395
D02204,Laptop,-IMEI-865544698,P05560,nan,2026-05-14,2026-12-15,Active,C0395
D02205,Workstation,-IMEI-893135477,P05561,nan,2026-08-31,2026-04-21,Active,C0395
D02206,Laptop,-IMEI-397137493,P05562,PH04327,2026-10-05,2026-06-21,Active,C0395
D02207,Desktop,-IMEI-816740523,P05563,PH04328,2026-04-26,2026-01-16,Active,C0395
D02208,Laptop,-IMEI-396736446,P05564,PH04330,2026-08-10,2026-02-03,Active,C0396
D02209,Workstation,-IMEI-185408788,P05571,PH04334,2026-12-02,2026-11-24,Inactive,C0396
D02210,Tablet,-IMEI-590135881,P05581,nan,2026-06-15,2026-07-17,Active,C0397
D02211,Workstation,-IMEI-163718911,P05584,nan,2026-03-14,2026-04-01,Active,C0397
D02212,Workstation,-IMEI-787572554,P05585,PH04344,2026-08-22,2026-09-23,Inactive,C0397
D02213,Laptop,-IMEI-413726748,P05586,PH04345,2026-10-26,2026-01-05,Active,C0397
D02214,Tablet,-IMEI-015220497,P05589,PH04347,2026-09-25,2026-08-26,Active,C0397
D02215,Tablet,-IMEI-380205151,P05594,nan,2026-09-15,2026-08-27,Active,C0397
D02216,Desktop,-IMEI-226364380,P05596,PH04352,2026-01-01,2026-08-09,Active,C0397
D02217,Desktop,-IMEI-581347874,P05598,nan,2026-12-17,2026-05-05,Active,C0397
D02218,Workstation,-IMEI-732024400,P05600,nan,2026-09-30,2026-08-13,Inactive,C0397
D02219,Laptop,-IMEI-360300968,P05601,nan,2026-04-21,2026-03-15,Active,C0397
D02220,Desktop,-IMEI-080528303,P05602,PH04355,2026-12-13,2026-11-06,Inactive,C0397
D02221,Tablet,-IMEI-487402175,P05603,PH04356,2026-12-15,2026-06-22,Active,C0397
D02222,Workstation,-IMEI-948177081,P05608,PH04361,2026-09-16,2026-09-23,Active,C0397
D02223,Laptop,-IMEI-193020630,P04787,nan,2026-11-24,2026-02-25,Active,C0398
D02224,Workstation,-IMEI-648364492,P05610,PH04362,2026-04-10,2026-08-05,Active,C0398
D02225,Laptop,-IMEI-301758357,P05611,PH04363,2026-11-17,2026-08-06,Active,C0398
D02226,Tablet,-IMEI-045813622,P05612,nan,2026-07-23,2026-02-19,Active,C0398
D02227,Laptop,-IMEI-720269724,P05613,PH04364,2026-03-14,2026-06-20,Inactive,C0398
D02228,Workstation,-IMEI-432166307,P05623,PH04376,2026-05-30,2026-12-03,Active,C0399
D02229,Mobile,-IMEI-238520204,P05625,nan,2026-11-25,2026-07-22,Active,C0400
D02230,Laptop,-IMEI-799913669,P05631,PH04381,2026-02-01,2026-11-10,Active,C0400
D02231,Workstation,-IMEI-665461784,P05632,nan,2026-01-23,2026-07-04,Active,C0400
D02232,Tablet,-IMEI-797359318,P05634,nan,2026-08-08,2026-12-15,Inactive,C0400
D02233,Laptop,-IMEI-061226694,P05637,PH04384,2026-11-21,2026-01-07,Active,C0401
D02234,Workstation,-IMEI-872391960,P05638,PH04385,2026-02-13,2026-06-29,Inactive,C0402
D02235,Tablet,-IMEI-824022531,P05640,PH04386,2026-04-25,2026-12-23,Active,C0402
D02236,Workstation,-IMEI-372496877,P05641,PH04387,2026-10-01,2026-06-21,Active,C0402
D02237,Laptop,-IMEI-463656617,P05642,PH04388,2026-04-08,2026-12-10,Inactive,C0402
D02238,Workstation,-IMEI-326447772,P05643,nan,2026-08-28,2026-12-07,Active,C0402
D02239,Workstation,-IMEI-132418977,P05644,PH04389,2026-03-06,2026-02-28,Inactive,C0402
D02240,Laptop,-IMEI-073491955,P05650,PH04396,2026-05-07,2026-12-10,Inactive,C0403
D02241,Mobile,-IMEI-789955326,P05651,nan,2026-03-24,2026-11-28,Active,C0403
D02242,Desktop,-IMEI-505697701,P05652,PH04397,2026-02-05,2026-12-13,Active,C0403
D02243,Laptop,-IMEI-078200644,P05655,nan,2026-11-06,2026-02-01,Active,C0403
D02244,Workstation,-IMEI-146175088,P05658,nan,2026-01-20,2026-07-08,Active,C0403
D02245,Mobile,-IMEI-512088157,P05659,PH04401,2026-09-03,2026-05-29,Active,C0403
D02246,Tablet,-IMEI-488703337,P05660,PH04402,2026-04-05,2026-08-13,Active,C0403
D02247,Desktop,-IMEI-855727617,P05663,PH04403,2026-06-09,2026-01-03,Active,C0403
D02248,Mobile,-IMEI-604817479,P05666,nan,2026-03-02,2026-12-15,Active,C0403
D02249,Workstation,-IMEI-986831800,P05667,nan,2026-08-07,2026-05-04,Inactive,C0403
D02250,Workstation,-IMEI-025702943,P05669,PH04407,2026-10-14,2026-02-04,Active,C0403
D02251,Laptop,-IMEI-511942904,P05670,PH04408,2026-06-14,2026-06-27,Inactive,C0403
D02252,Tablet,-IMEI-554644197,P05671,PH04409,2026-08-05,2026-04-14,Active,C0403
D02253,Tablet,-IMEI-681225790,P05673,PH04411,2026-06-28,2026-08-29,Active,C0403
D02254,Workstation,-IMEI-691970395,P05675,nan,2026-10-01,2026-10-03,Active,C0403
D02255,Desktop,-IMEI-946149208,P05676,PH04413,2026-01-18,2026-11-14,Active,C0403
D02256,Mobile,-IMEI-230246433,P05677,PH04414,2026-05-19,2026-08-27,Active,C0403
D02257,Tablet,-IMEI-948803114,P05678,PH04415,2026-06-08,2026-07-07,Inactive,C0403
D02258,Desktop,-IMEI-886810541,P05679,PH04416,2026-07-15,2026-07-04,Inactive,C0403
D02259,Laptop,-IMEI-247532704,P05681,PH04418,2026-11-09,2026-12-14,Active,C0403
D02260,Mobile,-IMEI-704992081,P05684,nan,2026-01-30,2026-07-07,Active,C0403
D02261,Desktop,-IMEI-086025933,P05687,PH04423,2026-02-23,2026-04-16,Active,C0403
D02262,Laptop,-IMEI-390059430,P05689,PH04425,2026-08-18,2026-07-04,Active,C0403
D02263,Workstation,-IMEI-773082256,P05692,PH04428,2026-04-09,2026-10-16,Active,C0403
D02264,Desktop,-IMEI-557987467,P05693,PH04429,2026-10-10,2026-02-12,Active,C0403
D02265,Workstation,-IMEI-989143077,P05694,PH04430,2026-02-17,2026-08-31,Active,C0403
D02266,Desktop,-IMEI-111302101,P05698,nan,2026-10-29,2026-06-01,Active,C0403
D02267,Workstation,-IMEI-912540058,P05700,nan,2026-11-02,2026-02-12,Active,C0403
D02268,Tablet,-IMEI-583614314,P05703,nan,2026-01-08,2026-08-06,Active,C0403
D02269,Mobile,-IMEI-726626061,P05713,PH04444,2026-06-21,2026-02-04,Active,C0404
D02270,Laptop,-IMEI-977228211,P05720,PH04449,2026-07-20,2026-07-30,Active,C0405
D02271,Mobile,-IMEI-139233573,P05729,nan,2026-05-07,2026-08-06,Active,C0407
D02272,Workstation,-IMEI-095819258,P05737,PH04462,2026-07-03,2026-02-22,Inactive,C0407
D02273,Workstation,-IMEI-727232061,P05738,PH04464,2026-04-03,2026-03-11,Active,C0407
D02274,Workstation,-IMEI-311831328,P05740,nan,2026-12-03,2026-03-27,Active,C0407
D02275,Workstation,-IMEI-080929294,P01851,nan,2026-05-22,2026-08-30,Active,C0408
D02276,Mobile,-IMEI-790913991,P05743,PH04469,2026-08-10,2026-12-31,Active,C0408
D02277,Tablet,-IMEI-099985136,P05750,PH04476,2026-07-20,2026-07-02,Active,C0408
D02278,Workstation,-IMEI-177705902,P05752,PH04478,2026-08-10,2026-12-08,Active,C0408
D02279,Laptop,-IMEI-294148841,P05759,PH04483,2026-04-10,2026-10-04,Active,C0408
D02280,Tablet,-IMEI-435834076,P05762,nan,2026-11-21,2026-04-18,Active,C0408
D02281,Mobile,-IMEI-234455896,P05767,PH04490,2026-04-28,2026-03-26,Active,C0408
D02282,Desktop,-IMEI-819918579,P05768,nan,2026-10-06,2026-04-30,Active,C0408
D02283,Mobile,-IMEI-977577680,P05771,PH04493,2026-12-08,2026-11-05,Active,C0409
D02284,Mobile,-IMEI-757270319,P05772,PH04494,2026-02-14,2026-01-24,Active,C0409
D02285,Tablet,-IMEI-779861488,P05774,nan,2026-02-05,2026-02-21,Active,C0409
D02286,Tablet,-IMEI-127554499,P05776,nan,2026-09-06,2026-12-01,Active,C0409
D02287,Laptop,-IMEI-848320967,P05777,nan,2026-03-08,2026-02-19,Active,C0409
D02288,Desktop,-IMEI-378736271,P05778,PH04498,2026-05-13,2026-12-15,Inactive,C0409
D02289,Mobile,-IMEI-729709398,P05781,PH04499,2026-07-19,2026-12-07,Inactive,C0409
D02290,Mobile,-IMEI-471425998,P05782,nan,2026-04-15,2026-03-15,Inactive,C0409
D02291,Desktop,-IMEI-709894177,P05784,nan,2026-03-06,2026-05-12,Active,C0409
D02292,Tablet,-IMEI-334332512,P05788,PH04502,2026-03-28,2026-01-12,Inactive,C0409
D02293,Tablet,-IMEI-132133704,P05795,nan,2026-12-31,2026-02-08,Active,C0411
D02294,Workstation,-IMEI-182541040,P05798,nan,2026-06-17,2026-03-10,Inactive,C0411
D02295,Laptop,-IMEI-992766347,P05799,PH04511,2026-07-06,2026-05-14,Active,C0411
D02296,Mobile,-IMEI-643975469,P05801,PH04513,2026-09-14,2026-11-02,Active,C0411
D02297,Laptop,-IMEI-975657349,P05804,PH04516,2026-03-29,2026-05-28,Active,C0411
D02298,Mobile,-IMEI-369854853,P05805,nan,2026-10-28,2026-08-19,Active,C0411
D02299,Desktop,-IMEI-570460008,P05806,PH04517,2026-11-19,2026-08-08,Active,C0411
D02300,Workstation,-IMEI-787518539,P05808,nan,2026-11-24,2026-12-22,Active,C0411
D02301,Tablet,-IMEI-084451237,P05810,PH04519,2026-06-22,2026-05-30,Active,C0411
D02302,Desktop,-IMEI-045900364,P05812,PH04521,2026-11-17,2026-02-10,Active,C0411
D02303,Desktop,-IMEI-206114652,P05813,PH04522,2026-12-23,2026-08-14,Active,C0412
D02304,Laptop,-IMEI-818281537,P05814,nan,2026-06-12,2026-10-05,Active,C0412
D02305,Desktop,-IMEI-978055212,P05815,nan,2026-09-08,2026-12-06,Active,C0412
D02306,Mobile,-IMEI-878703895,P05817,nan,2026-04-23,2026-08-14,Inactive,C0412
D02307,Laptop,-IMEI-072935495,P05819,PH04523,2026-06-09,2026-10-19,Active,C0412
D02308,Mobile,-IMEI-178041344,P05820,PH04524,2026-06-16,2026-07-09,Active,C0413
D02309,Desktop,-IMEI-957244330,P05822,nan,2026-07-08,2026-11-22,Active,C0413
D02310,Mobile,-IMEI-892921140,P00006,nan,2026-03-29,2026-07-28,Active,C0414
D02311,Laptop,-IMEI-973468031,P05827,PH04527,2026-01-11,2026-03-15,Active,C0414
D02312,Workstation,-IMEI-161560874,P05830,nan,2026-03-27,2026-02-01,Inactive,C0414
D02313,Laptop,-IMEI-058777374,P05832,nan,2026-08-30,2026-08-26,Active,C0414
D02314,Workstation,-IMEI-695572738,P05834,PH04532,2026-06-24,2026-01-14,Inactive,C0415
D02315,Workstation,-IMEI-108798740,P05836,nan,2026-10-01,2026-06-02,Active,C0415
D02316,Desktop,-IMEI-955099103,P05837,PH04534,2026-10-20,2026-08-28,Inactive,C0416
D02317,Laptop,-IMEI-278958603,P05839,PH04536,2026-05-11,2026-06-29,Active,C0416
D02318,Desktop,-IMEI-059095287,P05841,PH04537,2026-09-29,2026-07-08,Active,C0416
D02319,Laptop,-IMEI-082871981,P05844,PH04540,2026-08-10,2026-08-05,Active,C0416
D02320,Desktop,-IMEI-901414911,P05845,PH04541,2026-02-01,2026-02-10,Active,C0416
D02321,Laptop,-IMEI-253430012,P05846,nan,2026-10-15,2026-06-30,Active,C0416
D02322,Tablet,-IMEI-870359130,P05849,PH04543,2026-10-23,2026-09-18,Active,C0416
D02323,Desktop,-IMEI-851942611,P05851,PH04545,2026-12-15,2026-12-28,Active,C0416
D02324,Mobile,-IMEI-963239125,P05853,nan,2026-04-22,2026-12-13,Active,C0416
D02325,Desktop,-IMEI-414872804,P05856,PH04549,2026-11-05,2026-08-09,Active,C0416
D02326,Workstation,-IMEI-422354133,P05860,PH04552,2026-07-30,2026-05-08,Inactive,C0416
D02327,Tablet,-IMEI-174579440,P05862,PH04554,2026-03-18,2026-08-10,Active,C0417
D02328,Laptop,-IMEI-654314676,P05863,PH04555,2026-10-08,2026-03-28,Active,C0417
D02329,Mobile,-IMEI-904607122,P05864,PH04556,2026-12-05,2026-12-13,Inactive,C0417
D02330,Workstation,-IMEI-469677929,P05866,nan,2026-07-13,2026-12-27,Inactive,C0417
D02331,Laptop,-IMEI-682146623,P05870,PH04559,2026-05-17,2026-06-01,Active,C0417
D02332,Laptop,-IMEI-506706797,P05873,PH04560,2026-08-07,2026-06-21,Active,C0417
D02333,Desktop,-IMEI-988447082,P05879,nan,2026-05-08,2026-10-28,Active,C0417
D02334,Mobile,-IMEI-838195913,P05881,PH04564,2026-01-15,2026-08-26,Active,C0417
D02335,Tablet,-IMEI-306288115,P05887,nan,2026-10-11,2026-06-05,Active,C0418
D02336,Laptop,-IMEI-934491386,P05892,PH04570,2026-04-24,2026-11-15,Active,C0418
D02337,Desktop,-IMEI-402930432,P05901,PH04577,2026-02-18,2026-08-29,Active,C0419
D02338,Workstation,-IMEI-269442412,P05902,PH04579,2026-12-06,2026-03-05,Active,C0419
D02339,Tablet,-IMEI-736831887,P05903,PH04580,2026-07-30,2026-02-10,Active,C0419
D02340,Mobile,-IMEI-739533940,P05912,PH04586,2026-01-19,2026-06-03,Active,C0419
D02341,Tablet,-IMEI-233297191,P05917,PH04592,2026-01-09,2026-10-16,Active,C0419
D02342,Laptop,-IMEI-839970501,P05918,nan,2026-03-27,2026-06-05,Active,C0419
D02343,Desktop,-IMEI-459550939,P05921,PH04594,2026-04-12,2026-05-23,Active,C0419
D02344,Tablet,-IMEI-745881602,P05923,PH04597,2026-06-12,2026-12-14,Active,C0420
D02345,Tablet,-IMEI-344495503,P05924,PH04598,2026-06-22,2026-08-07,Inactive,C0420
D02346,Desktop,-IMEI-063083875,P05926,PH04599,2026-02-16,2026-07-22,Active,C0420
D02347,Tablet,-IMEI-189450720,P05930,PH04603,2026-11-04,2026-04-30,Active,C0421
D02348,Desktop,-IMEI-941653461,P05931,nan,2026-08-26,2026-10-22,Active,C0421
D02349,Desktop,-IMEI-912548928,P05933,nan,2026-03-02,2026-12-05,Active,C0422
D02350,Mobile,-IMEI-417452322,P05942,PH04610,2026-11-14,2026-01-14,Active,C0422
D02351,Laptop,-IMEI-408849464,P05948,PH04614,2026-05-31,2026-05-08,Active,C0422
D02352,Laptop,-IMEI-560907019,P05961,PH04621,2026-03-25,2026-03-29,Active,C0423
D02353,Tablet,-IMEI-438568105,P05962,nan,2026-02-25,2026-07-11,Active,C0423
D02354,Desktop,-IMEI-358111513,P05963,PH04622,2026-09-03,2026-01-12,Active,C0423
D02355,Laptop,-IMEI-380323132,P05965,PH04624,2026-08-14,2026-11-15,Active,C0423
D02356,Tablet,-IMEI-108700879,P05967,nan,2026-07-19,2026-06-12,Active,C0423
D02357,Laptop,-IMEI-598756251,P05972,nan,2026-05-07,2026-11-24,Active,C0424
D02358,Laptop,-IMEI-003441409,P05975,PH04631,2026-02-13,2026-12-19,Active,C0424
D02359,Laptop,-IMEI-643491377,P05978,PH04635,2026-12-14,2026-07-27,Active,C0424
D02360,Mobile,-IMEI-923357845,P05981,PH04637,2026-05-31,2026-02-27,Active,C0424
D02361,Laptop,-IMEI-435233595,P05982,PH04638,2026-02-03,2026-06-30,Active,C0424
D02362,Tablet,-IMEI-785014779,P05983,nan,2026-09-14,2026-04-21,Active,C0424
D02363,Laptop,-IMEI-146405020,P05985,nan,2026-10-18,2026-11-23,Active,C0424
D02364,Tablet,-IMEI-140270907,P05986,PH04639,2026-10-21,2026-06-12,Inactive,C0424
D02365,Desktop,-IMEI-593692124,P05987,PH04640,2026-10-01,2026-10-15,Active,C0424
D02366,Workstation,-IMEI-814977008,P05989,PH04642,2026-01-16,2026-06-27,Active,C0424
D02367,Desktop,-IMEI-911071234,P05996,nan,2026-10-25,2026-04-05,Active,C0424
D02368,Mobile,-IMEI-308169527,P05997,PH04649,2026-03-28,2026-09-18,Active,C0424
D02369,Desktop,-IMEI-000837159,P05999,nan,2026-02-14,2026-06-25,Inactive,C0424
D02370,Mobile,-IMEI-270585052,P06004,PH04654,2026-03-31,2026-03-26,Active,C0424
D02371,Laptop,-IMEI-354189722,P06005,PH04655,2026-02-03,2026-04-25,Active,C0424
D02372,Tablet,-IMEI-604862380,P06008,nan,2026-08-28,2026-06-09,Active,C0424
D02373,Workstation,-IMEI-206301838,P06009,nan,2026-07-06,2026-01-02,Active,C0424
D02374,Desktop,-IMEI-118914931,P06012,PH04660,2026-11-23,2026-02-17,Active,C0424
D02375,Laptop,-IMEI-102413526,P06013,PH04661,2026-01-03,2026-07-15,Active,C0424
D02376,Mobile,-IMEI-574913292,P06017,nan,2026-04-25,2026-06-19,Active,C0424
D02377,Laptop,-IMEI-807679264,P06019,nan,2026-04-10,2026-07-20,Inactive,C0424
D02378,Laptop,-IMEI-619741883,P06022,PH04666,2026-04-12,2026-11-23,Active,C0425
D02379,Tablet,-IMEI-084078959,P06024,PH04667,2026-04-30,2026-08-04,Active,C0425
D02380,Laptop,-IMEI-389738782,P06026,PH04669,2026-07-18,2026-12-20,Active,C0425
D02381,Tablet,-IMEI-796451077,P06027,PH04670,2026-04-15,2026-10-03,Active,C0425
D02382,Desktop,-IMEI-835240549,P06032,nan,2026-03-06,2026-05-03,Active,C0425
D02383,Desktop,-IMEI-036378174,P06036,PH04676,2026-12-15,2026-03-07,Active,C0425
D02384,Mobile,-IMEI-263553973,P01278,nan,2026-02-21,2026-04-20,Inactive,C0426
D02385,Desktop,-IMEI-846152631,P06038,PH04677,2026-03-31,2026-07-19,Active,C0426
D02386,Desktop,-IMEI-757077091,P06039,PH04679,2026-03-15,2026-06-04,Active,C0426
D02387,Tablet,-IMEI-558672590,P06041,PH04681,2026-07-13,2026-12-20,Active,C0426
D02388,Mobile,-IMEI-535141063,P06042,PH04682,2026-11-23,2026-02-25,Active,C0426
D02389,Desktop,-IMEI-780253577,P06044,PH04684,2026-06-04,2026-08-21,Active,C0426
D02390,Laptop,-IMEI-435202877,P06048,nan,2026-07-06,2026-01-13,Active,C0427
D02391,Tablet,-IMEI-859622915,P06050,PH04688,2026-02-11,2026-05-27,Inactive,C0427
D02392,Mobile,-IMEI-008123996,P06051,PH04689,2026-03-27,2026-11-27,Active,C0427
D02393,Mobile,-IMEI-690952262,P06055,PH04691,2026-07-17,2026-06-14,Active,C0427
D02394,Mobile,-IMEI-963573716,P02156,nan,2026-10-20,2026-02-15,Active,C0428
D02395,Laptop,-IMEI-126836888,P06058,PH04692,2026-12-28,2026-12-09,Active,C0428
D02396,Workstation,-IMEI-833239607,P06059,PH04693,2026-01-10,2026-12-05,Inactive,C0428
D02397,Laptop,-IMEI-425045819,P06060,PH04694,2026-09-25,2026-02-17,Active,C0428
D02398,Workstation,-IMEI-908692315,P06064,PH04698,2026-09-18,2026-05-23,Active,C0428
D02399,Laptop,-IMEI-125540070,P06066,PH04700,2026-05-23,2026-03-28,Active,C0428
D02400,Desktop,-IMEI-279844705,P06068,PH04702,2026-08-05,2026-02-04,Active,C0429
D02401,Tablet,-IMEI-911664372,P06071,nan,2026-06-30,2026-06-25,Active,C0429
D02402,Tablet,-IMEI-076157652,P06074,PH04707,2026-08-03,2026-06-25,Active,C0429
D02403,Mobile,-IMEI-037811178,P06076,nan,2026-11-14,2026-04-26,Active,C0430
D02404,Desktop,-IMEI-141774329,P06077,PH04709,2026-04-23,2026-08-16,Active,C0430
D02405,Tablet,-IMEI-705154056,P06080,nan,2026-10-09,2026-12-07,Active,C0430
D02406,Laptop,-IMEI-675717417,P06081,PH04711,2026-07-26,2026-11-17,Active,C0430
D02407,Mobile,-IMEI-895674919,P06082,PH04713,2026-12-16,2026-04-02,Active,C0430
D02408,Desktop,-IMEI-101004575,P06084,nan,2026-04-01,2026-03-28,Active,C0431
D02409,Desktop,-IMEI-562947132,P06085,nan,2026-09-25,2026-11-18,Active,C0431
D02410,Tablet,-IMEI-294623184,P06087,nan,2026-01-11,2026-04-01,Active,C0431
D02411,Workstation,-IMEI-626240187,P06088,PH04716,2026-05-25,2026-03-28,Active,C0431
D02412,Tablet,-IMEI-780657203,P06090,nan,2026-12-07,2026-07-25,Active,C0431
D02413,Tablet,-IMEI-529717072,P06092,PH04719,2026-08-12,2026-01-31,Active,C0431
D02414,Mobile,-IMEI-855644240,P06094,PH04722,2026-04-23,2026-04-15,Inactive,C0432
D02415,Laptop,-IMEI-230790559,P06095,PH04723,2026-07-24,2026-06-19,Active,C0432
D02416,Desktop,-IMEI-095546420,P06099,nan,2026-07-18,2026-08-17,Active,C0432
D02417,Workstation,-IMEI-414516389,P06102,PH04727,2026-03-27,2026-08-11,Active,C0432
D02418,Workstation,-IMEI-004830814,P06104,PH04729,2026-09-20,2026-02-28,Inactive,C0432
D02419,Workstation,-IMEI-468109936,P06106,PH04731,2026-02-20,2026-10-23,Inactive,C0433
D02420,Workstation,-IMEI-923886457,P06108,PH04732,2026-04-12,2026-09-26,Active,C0433
D02421,Tablet,-IMEI-270804429,P06109,PH04733,2026-05-12,2026-01-01,Active,C0433
D02422,Laptop,-IMEI-346182534,P06110,nan,2026-02-05,2026-05-11,Active,C0433
D02423,Workstation,-IMEI-016701388,P06115,nan,2026-08-18,2026-01-01,Active,C0433
D02424,Workstation,-IMEI-455068305,P06117,PH04738,2026-06-24,2026-06-12,Inactive,C0433
D02425,Mobile,-IMEI-418144232,P06118,PH04739,2026-09-12,2026-06-04,Active,C0433
D02426,Laptop,-IMEI-085688329,P06119,PH04740,2026-02-03,2026-03-29,Active,C0434
D02427,Workstation,-IMEI-092125897,P06120,PH04741,2026-05-13,2026-12-14,Active,C0434
D02428,Mobile,-IMEI-223404446,P06121,nan,2026-08-31,2026-03-21,Active,C0434
D02429,Laptop,-IMEI-589919442,P01254,nan,2026-01-17,2026-09-23,Active,C0435
D02430,Tablet,-IMEI-176788803,P06122,PH04743,2026-01-11,2026-12-18,Active,C0435
D02431,Workstation,-IMEI-140265648,P06123,PH04744,2026-05-04,2026-01-24,Active,C0435
D02432,Tablet,-IMEI-658288622,P06124,PH04746,2026-09-28,2026-05-22,Inactive,C0436
D02433,Tablet,-IMEI-290103025,P06127,PH04750,2026-08-25,2026-04-30,Active,C0436
D02434,Tablet,-IMEI-893771264,P06130,nan,2026-07-27,2026-04-21,Active,C0437
D02435,Workstation,-IMEI-321152687,P06138,PH04760,2026-02-27,2026-10-29,Active,C0437
D02436,Workstation,-IMEI-260582268,P06141,PH04761,2026-08-21,2026-04-16,Active,C0437
D02437,Mobile,-IMEI-037497943,P06145,PH04763,2026-01-03,2026-05-24,Active,C0437
D02438,Workstation,-IMEI-661444845,P06149,PH04769,2026-10-15,2026-05-26,Active,C0437
D02439,Laptop,-IMEI-607197807,P06150,PH04770,2026-02-02,2026-03-29,Active,C0437
D02440,Tablet,-IMEI-994729197,P06154,nan,2026-01-25,2026-04-15,Inactive,C0437
D02441,Mobile,-IMEI-214527075,P06156,PH04773,2026-11-17,2026-12-17,Active,C0437
D02442,Mobile,-IMEI-029420696,P06162,PH04776,2026-03-10,2026-09-13,Active,C0437
D02443,Workstation,-IMEI-498271336,P06167,nan,2026-11-04,2026-06-11,Active,C0439
D02444,Workstation,-IMEI-933980924,P06168,nan,2026-08-14,2026-11-30,Active,C0439
D02445,Mobile,-IMEI-255515603,P06174,nan,2026-06-20,2026-01-05,Active,C0439
D02446,Desktop,-IMEI-495128892,P06178,PH04786,2026-10-08,2026-08-11,Active,C0439
D02447,Laptop,-IMEI-056012591,P06179,PH04787,2026-10-16,2026-02-09,Inactive,C0439
D02448,Desktop,-IMEI-126893026,P06180,PH04788,2026-06-10,2026-01-08,Active,C0439
D02449,Desktop,-IMEI-147927960,P06183,PH04789,2026-04-07,2026-12-30,Active,C0439
D02450,Desktop,-IMEI-840685612,P06184,nan,2026-03-19,2026-04-26,Active,C0439
D02451,Mobile,-IMEI-875198681,P04078,nan,2026-12-22,2026-07-05,Active,C0440
D02452,Desktop,-IMEI-237390174,P05501,nan,2026-12-20,2026-07-31,Inactive,C0440
D02453,Tablet,-IMEI-094440176,P05758,nan,2026-09-17,2026-12-19,Active,C0441
D02454,Desktop,-IMEI-690238108,P06189,PH04792,2026-06-15,2026-02-03,Active,C0441
D02455,Laptop,-IMEI-950721909,P06190,PH04793,2026-10-19,2026-05-18,Active,C0441
D02456,Desktop,-IMEI-899021906,P06193,PH04797,2026-10-14,2026-10-07,Inactive,C0442
D02457,Workstation,-IMEI-030983186,P06194,PH04798,2026-04-08,2026-02-03,Active,C0442
D02458,Mobile,-IMEI-339250030,P05059,nan,2026-08-07,2026-03-13,Inactive,C0443
D02459,Laptop,-IMEI-427656951,P06199,PH04803,2026-02-21,2026-12-31,Active,C0444
D02460,Mobile,-IMEI-717775662,P01114,nan,2026-06-06,2026-09-29,Inactive,C0445
D02461,Workstation,-IMEI-609478472,P06204,PH04808,2026-10-02,2026-06-28,Active,C0445
D02462,Desktop,-IMEI-798824068,P06206,nan,2026-03-17,2026-08-06,Active,C0445
D02463,Desktop,-IMEI-241801378,P06207,nan,2026-02-17,2026-07-04,Active,C0445
D02464,Laptop,-IMEI-956627636,P06211,PH04814,2026-07-16,2026-02-23,Active,C0446
D02465,Laptop,-IMEI-714614564,P06219,PH04820,2026-04-22,2026-10-24,Active,C0447
D02466,Tablet,-IMEI-225159859,P06220,nan,2026-11-19,2026-05-01,Active,C0447
D02467,Laptop,-IMEI-498452899,P06221,nan,2026-03-26,2026-11-10,Active,C0447
D02468,Laptop,-IMEI-851986814,P06223,PH04822,2026-12-26,2026-01-14,Active,C0447
D02469,Laptop,-IMEI-398066812,P06227,nan,2026-01-02,2026-12-24,Active,C0447
D02470,Laptop,-IMEI-499714806,P06228,PH04823,2026-10-26,2026-06-07,Active,C0447
D02471,Mobile,-IMEI-114927246,P04872,nan,2026-03-19,2026-02-21,Inactive,C0448
D02472,Tablet,-IMEI-206355635,P06235,PH04827,2026-03-13,2026-01-26,Active,C0448
D02473,Workstation,-IMEI-717483944,P06236,PH04828,2026-08-07,2026-07-29,Active,C0448
D02474,Workstation,-IMEI-407350861,P06237,nan,2026-05-16,2026-10-16,Active,C0448
D02475,Tablet,-IMEI-567020936,P06239,nan,2026-06-12,2026-04-14,Active,C0448
D02476,Mobile,-IMEI-516860691,P06243,PH04833,2026-01-05,2026-07-09,Active,C0448
D02477,Tablet,-IMEI-755446161,P06246,nan,2026-07-28,2026-11-29,Active,C0448
D02478,Workstation,-IMEI-723089599,P06192,nan,2026-03-04,2026-09-15,Active,C0449
D02479,Workstation,-IMEI-808582905,P04202,nan,2026-01-03,2026-12-14,Active,C0449
D02480,Workstation,-IMEI-477434918,P06247,nan,2026-08-06,2026-08-16,Inactive,C0449
D02481,Mobile,-IMEI-691348748,P06248,PH04836,2026-12-25,2026-02-25,Inactive,C0449
D02482,Desktop,-IMEI-153031343,P06251,nan,2026-04-29,2026-06-24,Active,C0450
D02483,Workstation,-IMEI-782515733,P06255,nan,2026-10-23,2026-08-21,Active,C0450
D02484,Laptop,-IMEI-722428978,P06256,nan,2026-05-22,2026-06-26,Active,C0450
D02485,Laptop,-IMEI-132706802,P06257,nan,2026-11-26,2026-12-13,Active,C0450
D02486,Mobile,-IMEI-531501815,P06260,PH04845,2026-07-10,2026-11-07,Inactive,C0450
D02487,Desktop,-IMEI-824682634,P06266,PH04853,2026-12-04,2026-04-04,Active,C0451
D02488,Laptop,-IMEI-839707865,P06268,PH04855,2026-02-08,2026-04-30,Active,C0451
D02489,Mobile,-IMEI-387925780,P06269,nan,2026-09-06,2026-07-30,Inactive,C0451
D02490,Tablet,-IMEI-587698294,P06270,PH04856,2026-01-12,2026-10-08,Active,C0451
D02491,Mobile,-IMEI-401444842,P06273,PH04858,2026-12-17,2026-03-21,Active,C0451
D02492,Mobile,-IMEI-926548419,P06275,PH04860,2026-06-16,2026-04-21,Active,C0451
D02493,Mobile,-IMEI-266327908,P06276,PH04861,2026-12-09,2026-03-05,Active,C0451
D02494,Workstation,-IMEI-342551837,P06281,PH04866,2026-06-23,2026-02-25,Inactive,C0451
D02495,Laptop,-IMEI-515365933,P06285,PH04868,2026-10-30,2026-06-19,Active,C0451
D02496,Laptop,-IMEI-317991875,P06286,PH04869,2026-07-31,2026-11-27,Active,C0451
D02497,Laptop,-IMEI-629941857,P06290,PH04871,2026-09-21,2026-06-22,Active,C0451
D02498,Workstation,-IMEI-241890438,P06291,PH04872,2026-06-21,2026-07-08,Inactive,C0451
D02499,Mobile,-IMEI-027086968,P06297,nan,2026-06-14,2026-01-02,Active,C0451
D02500,Tablet,-IMEI-649308875,P06299,PH04877,2026-08-22,2026-03-14,Inactive,C0451
D02501,Tablet,-IMEI-227967303,P06306,PH04883,2026-12-07,2026-04-09,Active,C0451
D02502,Workstation,-IMEI-066965398,P06309,PH04885,2026-09-30,2026-04-22,Active,C0452
D02503,Mobile,-IMEI-848198584,P06312,nan,2026-02-25,2026-02-25,Active,C0452
D02504,Tablet,-IMEI-152182331,P06314,nan,2026-04-14,2026-04-11,Active,C0452
D02505,Tablet,-IMEI-491224998,P06315,PH04890,2026-10-17,2026-12-17,Active,C0452
D02506,Workstation,-IMEI-534793780,P06320,nan,2026-08-23,2026-03-06,Active,C0452
D02507,Workstation,-IMEI-257347284,P06325,PH04897,2026-01-25,2026-06-28,Inactive,C0452
D02508,Desktop,-IMEI-752239089,P06330,PH04901,2026-03-20,2026-09-29,Active,C0452
D02509,Tablet,-IMEI-138758610,P06331,nan,2026-08-26,2026-05-27,Active,C0452
D02510,Desktop,-IMEI-318770793,P06333,PH04903,2026-02-21,2026-04-13,Active,C0453
D02511,Desktop,-IMEI-074858303,P06334,PH04905,2026-01-09,2026-05-02,Active,C0453
D02512,Desktop,-IMEI-074131449,P06337,nan,2026-02-28,2026-03-20,Active,C0454
D02513,Laptop,-IMEI-209158170,P06339,PH04909,2026-03-25,2026-01-07,Active,C0454
D02514,Desktop,-IMEI-820880610,P06345,nan,2026-02-14,2026-04-28,Active,C0454
D02515,Mobile,-IMEI-158085076,P06349,PH04918,2026-06-24,2026-11-15,Inactive,C0454
D02516,Desktop,-IMEI-922700352,P06351,PH04919,2026-01-29,2026-12-13,Active,C0454
D02517,Tablet,-IMEI-943431366,P06353,PH04922,2026-03-18,2026-10-16,Active,C0455
D02518,Workstation,-IMEI-858644230,P06354,nan,2026-12-14,2026-02-23,Active,C0455
D02519,Mobile,-IMEI-600365099,P06361,PH04927,2026-05-08,2026-06-15,Active,C0457
D02520,Mobile,-IMEI-648820654,P06363,PH04928,2026-12-28,2026-02-07,Inactive,C0457
D02521,Tablet,-IMEI-820792511,P06364,PH04929,2026-06-15,2026-08-24,Inactive,C0457
D02522,Tablet,-IMEI-106179241,P06369,nan,2026-02-27,2026-11-04,Active,C0457
D02523,Tablet,-IMEI-858319523,P04280,nan,2026-07-11,2026-06-24,Inactive,C0458
D02524,Workstation,-IMEI-546942916,P06370,nan,2026-06-22,2026-02-13,Active,C0458
D02525,Desktop,-IMEI-181925483,P06375,PH04937,2026-05-09,2026-12-17,Active,C0459
D02526,Tablet,-IMEI-786645205,P06376,nan,2026-01-03,2026-06-22,Active,C0459
D02527,Desktop,-IMEI-329438706,P06381,PH04942,2026-04-12,2026-02-12,Active,C0460
D02528,Desktop,-IMEI-605550093,P06383,PH04944,2026-10-17,2026-02-07,Active,C0460
D02529,Tablet,-IMEI-009832786,P06385,PH04946,2026-02-08,2026-05-01,Active,C0460
D02530,Desktop,-IMEI-102770628,P06392,nan,2026-08-11,2026-12-04,Active,C0461
D02531,Mobile,-IMEI-017567856,P06396,nan,2026-06-29,2026-07-23,Active,C0461
D02532,Tablet,-IMEI-909289404,P06400,nan,2026-12-31,2026-04-19,Active,C0461
D02533,Desktop,-IMEI-013651309,P06402,nan,2026-07-12,2026-04-17,Active,C0461
D02534,Desktop,-IMEI-533698279,P06403,nan,2026-01-19,2026-02-21,Active,C0462
D02535,Laptop,-IMEI-765499619,P06407,PH04963,2026-02-16,2026-07-05,Active,C0462
D02536,Tablet,-IMEI-668417051,P06409,PH04964,2026-07-01,2026-07-21,Inactive,C0462
D02537,Tablet,-IMEI-177688301,P06410,nan,2026-02-21,2026-02-13,Inactive,C0462
D02538,Mobile,-IMEI-754864625,P06411,PH04965,2026-11-14,2026-05-22,Active,C0463
D02539,Workstation,-IMEI-666407371,P06413,PH04968,2026-02-23,2026-01-09,Active,C0463
D02540,Tablet,-IMEI-814059570,P06415,PH04969,2026-03-05,2026-10-18,Active,C0463
D02541,Mobile,-IMEI-485433342,P06416,nan,2026-05-31,2026-03-03,Active,C0463
D02542,Workstation,-IMEI-471135550,P06417,PH04970,2026-08-29,2026-05-19,Active,C0463
D02543,Laptop,-IMEI-535120588,P06418,PH04971,2026-09-18,2026-04-02,Active,C0464
D02544,Desktop,-IMEI-247543118,P06420,PH04973,2026-04-11,2026-08-16,Active,C0464
D02545,Tablet,-IMEI-371224746,P06421,nan,2026-05-30,2026-07-26,Active,C0464
D02546,Workstation,-IMEI-894452864,P06422,PH04974,2026-05-06,2026-09-26,Active,C0464
D02547,Workstation,-IMEI-645843703,P06429,PH04979,2026-09-17,2026-01-03,Active,C0465
D02548,Tablet,-IMEI-756159324,P06430,nan,2026-02-04,2026-12-23,Active,C0465
D02549,Tablet,-IMEI-898802116,P06431,PH04981,2026-03-19,2026-07-19,Inactive,C0465
D02550,Tablet,-IMEI-258399054,P06433,PH04983,2026-01-04,2026-08-25,Active,C0466
D02551,Workstation,-IMEI-538978182,P06434,PH04984,2026-11-16,2026-04-01,Active,C0466
D02552,Workstation,-IMEI-588440059,P06436,PH04985,2026-05-23,2026-06-21,Active,C0467
D02553,Desktop,-IMEI-932004258,P06439,PH04987,2026-12-03,2026-04-13,Active,C0467
D02554,Mobile,-IMEI-028191931,P06441,nan,2026-06-25,2026-12-11,Active,C0467
D02555,Workstation,-IMEI-403303454,P06447,nan,2026-05-12,2026-10-31,Active,C0467
D02556,Laptop,-IMEI-890877462,P06451,nan,2026-01-07,2026-06-22,Active,C0467
D02557,Desktop,-IMEI-317354891,P06454,nan,2026-01-26,2026-01-04,Active,C0468
D02558,Laptop,-IMEI-984332606,P06455,PH04998,2026-08-27,2026-01-06,Active,C0468
D02559,Desktop,-IMEI-403240996,P06456,PH04999,2026-08-22,2026-02-24,Inactive,C0469
D02560,Mobile,-IMEI-251452306,P06458,PH05002,2026-07-15,2026-02-06,Active,C0469
D02561,Workstation,-IMEI-077430482,P06462,PH05006,2026-10-21,2026-10-18,Active,C0469
D02562,Laptop,-IMEI-063022552,P06463,PH05007,2026-02-16,2026-07-28,Active,C0469
D02563,Mobile,-IMEI-263209376,P06465,PH05009,2026-08-24,2026-01-25,Active,C0470
D02564,Tablet,-IMEI-316306504,P06467,PH05012,2026-12-09,2026-07-18,Active,C0471
D02565,Tablet,-IMEI-527950142,P06468,nan,2026-09-15,2026-03-26,Active,C0471
D02566,Laptop,-IMEI-484517259,P06472,PH05016,2026-01-27,2026-01-06,Active,C0471
D02567,Desktop,-IMEI-288574997,P06475,nan,2026-10-11,2026-04-06,Active,C0472
D02568,Laptop,-IMEI-532348863,P06477,PH05019,2026-11-24,2026-06-14,Active,C0472
D02569,Mobile,-IMEI-206291028,P06479,PH05020,2026-11-26,2026-03-06,Active,C0472
D02570,Mobile,-IMEI-443131049,P06480,PH05021,2026-10-08,2026-01-09,Active,C0472
D02571,Mobile,-IMEI-787041035,P06481,PH05022,2026-01-21,2026-06-04,Active,C0472
D02572,Desktop,-IMEI-778359694,P06484,PH05023,2026-09-22,2026-09-07,Active,C0472
D02573,Laptop,-IMEI-549337199,P06490,PH05027,2026-06-15,2026-05-21,Active,C0472
D02574,Workstation,-IMEI-657283637,P06500,PH05033,2026-12-25,2026-04-03,Active,C0474
D02575,Workstation,-IMEI-720279914,P06510,PH05039,2026-12-27,2026-06-24,Active,C0474
D02576,Laptop,-IMEI-459161312,P06511,PH05040,2026-08-28,2026-10-10,Active,C0474
D02577,Desktop,-IMEI-284419126,P06512,PH05041,2026-08-29,2026-12-27,Active,C0474
D02578,Desktop,-IMEI-357952247,P06515,nan,2026-06-26,2026-08-22,Inactive,C0474
D02579,Tablet,-IMEI-840066093,P06516,PH05043,2026-01-09,2026-08-16,Active,C0474
D02580,Tablet,-IMEI-133884811,P06517,nan,2026-06-25,2026-08-04,Inactive,C0474
D02581,Workstation,-IMEI-010206813,P06518,PH05044,2026-01-19,2026-06-09,Active,C0474
D02582,Mobile,-IMEI-372651052,P06519,PH05045,2026-07-27,2026-08-21,Active,C0474
D02583,Laptop,-IMEI-372103657,P06521,nan,2026-05-26,2026-02-24,Active,C0474
D02584,Laptop,-IMEI-469705660,P06522,PH05046,2026-08-22,2026-06-26,Active,C0474
D02585,Tablet,-IMEI-190787878,P06523,PH05047,2026-10-31,2026-08-11,Active,C0474
D02586,Workstation,-IMEI-098030887,P06524,PH05048,2026-09-03,2026-10-09,Active,C0474
D02587,Laptop,-IMEI-318195908,P06525,nan,2026-06-05,2026-01-21,Active,C0475
D02588,Mobile,-IMEI-412098868,P06534,PH05055,2026-12-21,2026-08-17,Active,C0475
D02589,Laptop,-IMEI-094976902,P06537,PH05057,2026-05-04,2026-10-31,Active,C0475
D02590,Mobile,-IMEI-036639734,P06539,PH05060,2026-03-14,2026-02-05,Active,C0475
D02591,Tablet,-IMEI-736458993,P06542,PH05063,2026-03-19,2026-06-23,Active,C0475
D02592,Workstation,-IMEI-294377644,P06546,PH05067,2026-12-24,2026-04-10,Inactive,C0476
D02593,Laptop,-IMEI-998575387,P06547,PH05069,2026-09-02,2026-05-29,Inactive,C0476
D02594,Desktop,-IMEI-045438432,P06553,PH05074,2026-01-24,2026-10-27,Active,C0476
D02595,Tablet,-IMEI-561737532,P06555,PH05076,2026-05-23,2026-03-04,Active,C0476
D02596,Tablet,-IMEI-477414099,P06556,PH05078,2026-09-13,2026-04-26,Active,C0476
D02597,Tablet,-IMEI-187353902,P06560,PH05081,2026-01-16,2026-02-27,Active,C0476
D02598,Desktop,-IMEI-723966694,P06565,PH05085,2026-10-26,2026-09-11,Active,C0477
D02599,Laptop,-IMEI-448643472,P06566,nan,2026-10-21,2026-09-27,Active,C0477
D02600,Desktop,-IMEI-094968302,P06570,PH05090,2026-02-08,2026-08-17,Active,C0477
D02601,Workstation,-IMEI-334733334,P06572,PH05091,2026-09-21,2026-12-15,Active,C0478
D02602,Laptop,-IMEI-946320040,P06576,nan,2026-01-17,2026-10-07,Active,C0478
D02603,Laptop,-IMEI-611413369,P06577,PH05095,2026-11-21,2026-05-25,Active,C0478
D02604,Mobile,-IMEI-878634245,P06578,nan,2026-01-28,2026-08-25,Active,C0478
D02605,Desktop,-IMEI-044183921,P06580,PH05096,2026-09-10,2026-08-10,Active,C0478
D02606,Workstation,-IMEI-963074662,P06582,PH05097,2026-02-10,2026-09-04,Active,C0478
D02607,Workstation,-IMEI-665440800,P06583,nan,2026-09-04,2026-09-24,Active,C0478
D02608,Laptop,-IMEI-270683187,P06585,PH05098,2026-09-02,2026-07-09,Inactive,C0478
D02609,Mobile,-IMEI-271399166,P06587,PH05100,2026-11-14,2026-02-23,Active,C0479
D02610,Laptop,-IMEI-155490857,P06588,PH05101,2026-05-20,2026-06-29,Active,C0479
D02611,Mobile,-IMEI-583945054,P06589,nan,2026-04-24,2026-05-19,Active,C0479
D02612,Desktop,-IMEI-076843850,P06590,PH05102,2026-09-23,2026-07-16,Active,C0479
D02613,Mobile,-IMEI-103262616,P06592,PH05103,2026-09-27,2026-04-03,Active,C0479
D02614,Laptop,-IMEI-617299099,P06597,PH05109,2026-01-04,2026-12-29,Active,C0479
D02615,Tablet,-IMEI-454830587,P06599,nan,2026-02-24,2026-06-24,Inactive,C0479
D02616,Laptop,-IMEI-278640866,P06602,PH05113,2026-12-21,2026-03-31,Active,C0479
D02617,Laptop,-IMEI-752074580,P03828,nan,2026-08-20,2026-06-05,Active,C0480
D02618,Laptop,-IMEI-521133428,P06604,PH05116,2026-07-11,2026-08-16,Inactive,C0480
D02619,Desktop,-IMEI-119404779,P06609,PH05119,2026-12-12,2026-08-23,Active,C0480
D02620,Workstation,-IMEI-089939802,P06611,PH05122,2026-04-06,2026-04-28,Active,C0480
D02621,Workstation,-IMEI-229815407,P06614,PH05123,2026-03-07,2026-09-12,Active,C0480
D02622,Tablet,-IMEI-278046829,P06618,PH05129,2026-02-01,2026-04-22,Active,C0480
D02623,Desktop,-IMEI-108026330,P06619,PH05130,2026-01-09,2026-04-21,Active,C0480
D02624,Laptop,-IMEI-218155192,P06622,PH05133,2026-10-16,2026-10-16,Active,C0480
D02625,Workstation,-IMEI-908093399,P06625,nan,2026-04-08,2026-08-22,Active,C0480
D02626,Tablet,-IMEI-692490173,P06626,nan,2026-12-15,2026-07-09,Active,C0481
D02627,Mobile,-IMEI-934933235,P06628,PH05137,2026-04-10,2026-12-17,Active,C0481
D02628,Mobile,-IMEI-238471163,P04794,nan,2026-09-07,2026-06-17,Active,C0482
D02629,Laptop,-IMEI-196587158,P06631,PH05140,2026-12-05,2026-06-10,Active,C0482
D02630,Tablet,-IMEI-599047935,P06633,PH05141,2026-08-25,2026-05-20,Active,C0482
D02631,Tablet,-IMEI-914189428,P06638,nan,2026-01-27,2026-09-01,Active,C0482
D02632,Desktop,-IMEI-618779623,P06640,PH05149,2026-11-05,2026-02-03,Active,C0482
D02633,Laptop,-IMEI-885875484,P06641,PH05150,2026-05-16,2026-10-17,Active,C0482
D02634,Mobile,-IMEI-639784799,P06642,PH05151,2026-10-27,2026-11-29,Active,C0482
D02635,Desktop,-IMEI-519057822,P06643,PH05152,2026-05-11,2026-07-22,Inactive,C0482
D02636,Mobile,-IMEI-112447365,P06644,PH05153,2026-03-02,2026-05-16,Active,C0482
D02637,Tablet,-IMEI-121685055,P06645,PH05154,2026-06-19,2026-08-04,Active,C0482
D02638,Desktop,-IMEI-378699074,P06647,PH05157,2026-01-03,2026-06-23,Active,C0482
D02639,Workstation,-IMEI-512583867,P06648,nan,2026-04-09,2026-06-24,Active,C0482
D02640,Workstation,-IMEI-051037948,P06649,PH05159,2026-04-28,2026-03-23,Active,C0482
D02641,Desktop,-IMEI-848381674,P06650,nan,2026-12-18,2026-06-14,Active,C0482
D02642,Laptop,-IMEI-727655475,P06651,PH05161,2026-07-05,2026-02-23,Inactive,C0482
D02643,Desktop,-IMEI-954197606,P06652,PH05162,2026-10-24,2026-06-08,Inactive,C0482
D02644,Laptop,-IMEI-352337796,P06159,nan,2026-10-06,2026-08-12,Active,C0483
D02645,Mobile,-IMEI-874084328,P05917,nan,2026-08-05,2026-08-12,Inactive,C0483
D02646,Workstation,-IMEI-545826262,P06653,PH05163,2026-03-21,2026-10-21,Active,C0483
D02647,Desktop,-IMEI-577971760,P06663,nan,2026-02-13,2026-01-27,Active,C0484
D02648,Mobile,-IMEI-638788704,P06664,PH05171,2026-04-30,2026-08-27,Active,C0484
D02649,Desktop,-IMEI-466020195,P06666,nan,2026-01-05,2026-09-28,Active,C0485
D02650,Workstation,-IMEI-947088846,P06670,nan,2026-05-03,2026-10-07,Active,C0485
D02651,Tablet,-IMEI-572395376,P01873,nan,2026-04-16,2026-07-29,Active,C0486
D02652,Workstation,-IMEI-193641220,P06674,PH05178,2026-01-20,2026-01-14,Active,C0486
D02653,Mobile,-IMEI-749733921,P06681,PH05184,2026-05-08,2026-02-22,Active,C0487
D02654,Tablet,-IMEI-440830610,P06683,PH05186,2026-02-11,2026-07-14,Active,C0488
D02655,Desktop,-IMEI-569865433,P06684,PH05187,2026-06-24,2026-08-08,Active,C0488
D02656,Desktop,-IMEI-611314855,P06686,PH05188,2026-11-05,2026-07-30,Active,C0488
D02657,Mobile,-IMEI-585799667,P06689,nan,2026-12-03,2026-02-05,Active,C0488
D02658,Laptop,-IMEI-595874200,P06690,nan,2026-01-30,2026-08-03,Active,C0488
D02659,Workstation,-IMEI-719229064,P06692,PH05191,2026-11-23,2026-10-26,Active,C0488
D02660,Workstation,-IMEI-849517818,P06693,PH05192,2026-12-03,2026-07-20,Active,C0488
D02661,Tablet,-IMEI-370025977,P06695,PH05195,2026-01-25,2026-12-18,Active,C0488
D02662,Laptop,-IMEI-763654968,P06698,PH05197,2026-11-06,2026-05-22,Inactive,C0488
D02663,Tablet,-IMEI-046516742,P06700,PH05199,2026-06-21,2026-04-28,Inactive,C0488
D02664,Laptop,-IMEI-354038904,P06701,PH05201,2026-11-12,2026-04-17,Inactive,C0488
D02665,Desktop,-IMEI-167009670,P06705,nan,2026-09-28,2026-04-17,Active,C0488
D02666,Desktop,-IMEI-305204777,P06706,PH05204,2026-06-21,2026-10-17,Active,C0488
D02667,Desktop,-IMEI-424653584,P06707,PH05205,2026-05-15,2026-08-20,Active,C0488
D02668,Desktop,-IMEI-923268582,P06713,PH05208,2026-07-17,2026-10-18,Active,C0489
D02669,Desktop,-IMEI-128721943,P06717,PH05212,2026-06-12,2026-08-05,Inactive,C0489
D02670,Laptop,-IMEI-570563546,P06719,PH05214,2026-06-21,2026-12-04,Active,C0489
D02671,Laptop,-IMEI-058380306,P06720,PH05215,2026-12-29,2026-08-29,Active,C0490
D02672,Workstation,-IMEI-857686293,P06721,PH05216,2026-09-02,2026-02-06,Active,C0490
D02673,Mobile,-IMEI-023287292,P06722,nan,2026-10-30,2026-11-02,Active,C0490
D02674,Mobile,-IMEI-756796091,P06724,PH05217,2026-02-01,2026-05-24,Active,C0490
D02675,Desktop,-IMEI-488583215,P06725,PH05218,2026-01-14,2026-05-05,Active,C0490
D02676,Laptop,-IMEI-238360937,P06728,PH05220,2026-02-09,2026-10-20,Active,C0490
D02677,Laptop,-IMEI-769416407,P06729,PH05221,2026-01-18,2026-01-01,Active,C0490
D02678,Tablet,-IMEI-022507673,P06730,nan,2026-01-03,2026-01-20,Inactive,C0490
D02679,Mobile,-IMEI-449485286,P06732,PH05222,2026-12-13,2026-12-28,Active,C0490
D02680,Tablet,-IMEI-637079430,P06736,PH05225,2026-06-06,2026-02-05,Inactive,C0491
D02681,Desktop,-IMEI-759335545,P06737,PH05226,2026-08-06,2026-09-30,Inactive,C0492
D02682,Tablet,-IMEI-067315240,P06739,PH05228,2026-03-09,2026-06-02,Active,C0492
D02683,Mobile,-IMEI-464896502,P06741,nan,2026-08-28,2026-08-28,Active,C0492
D02684,Desktop,-IMEI-585794437,P06743,PH05230,2026-02-02,2026-05-27,Active,C0492
D02685,Desktop,-IMEI-828643846,P06744,nan,2026-03-09,2026-06-27,Active,C0492
D02686,Desktop,-IMEI-338691391,P06760,PH05239,2026-01-24,2026-05-02,Active,C0493
D02687,Laptop,-IMEI-855614752,P06764,PH05244,2026-10-01,2026-06-13,Active,C0493
D02688,Mobile,-IMEI-188618077,P06770,PH05249,2026-03-14,2026-07-03,Active,C0494
D02689,Laptop,-IMEI-841094245,P06771,PH05250,2026-04-05,2026-02-20,Active,C0494
D02690,Laptop,-IMEI-214003269,P06772,nan,2026-01-11,2026-03-16,Active,C0494
D02691,Workstation,-IMEI-802656934,P06774,nan,2026-07-03,2026-07-12,Active,C0496
D02692,Tablet,-IMEI-754107761,P06775,PH05253,2026-12-14,2026-04-13,Active,C0496
D02693,Mobile,-IMEI-596160608,P06776,PH05254,2026-08-30,2026-01-27,Active,C0496
D02694,Tablet,-IMEI-315472586,P06777,PH05255,2026-03-20,2026-08-06,Active,C0496
D02695,Laptop,-IMEI-766312600,P06779,PH05258,2026-03-15,2026-05-16,Inactive,C0496
D02696,Laptop,-IMEI-777190711,P06781,PH05260,2026-08-07,2026-08-19,Active,C0496
D02697,Mobile,-IMEI-600654242,P06784,PH05263,2026-08-29,2026-09-05,Active,C0496
D02698,Mobile,-IMEI-086010220,P06788,PH05268,2026-09-10,2026-10-01,Active,C0496
D02699,Tablet,-IMEI-439741066,P06789,nan,2026-05-13,2026-04-10,Active,C0496
D02700,Workstation,-IMEI-612365942,P06792,nan,2026-12-12,2026-12-23,Inactive,C0496
D02701,Laptop,-IMEI-817678619,P06793,PH05270,2026-04-05,2026-07-07,Active,C0496
D02702,Workstation,-IMEI-206182251,P06796,PH05273,2026-06-29,2026-03-16,Active,C0496
D02703,Tablet,-IMEI-145976021,P06797,PH05274,2026-04-12,2026-08-23,Active,C0496
D02704,Laptop,-IMEI-830515250,P06801,nan,2026-12-22,2026-05-28,Active,C0496
D02705,Tablet,-IMEI-937280933,P06804,PH05279,2026-10-17,2026-09-20,Active,C0496
D02706,Desktop,-IMEI-910243651,P06806,PH05281,2026-01-22,2026-05-23,Active,C0496
D02707,Tablet,-IMEI-394926267,P06807,PH05282,2026-06-28,2026-05-04,Active,C0496
D02708,Mobile,-IMEI-679125533,P06808,nan,2026-09-06,2026-11-12,Active,C0496
D02709,Tablet,-IMEI-388851191,P06812,nan,2026-01-28,2026-11-03,Active,C0497
D02710,Mobile,-IMEI-587721787,P06813,PH05287,2026-05-16,2026-04-19,Active,C0498
D02711,Mobile,-IMEI-658371975,P06814,nan,2026-05-16,2026-12-07,Inactive,C0498
D02712,Laptop,-IMEI-604238813,P06818,nan,2026-02-01,2026-02-22,Active,C0498
D02713,Workstation,-IMEI-212389140,P06819,PH05292,2026-10-20,2026-07-20,Active,C0498
D02714,Tablet,-IMEI-413526695,P06821,nan,2026-11-30,2026-05-15,Active,C0498
D02715,Laptop,-IMEI-071661639,P06822,nan,2026-11-27,2026-11-23,Active,C0498
D02716,Tablet,-IMEI-765339395,P06823,PH05294,2026-03-21,2026-08-18,Inactive,C0498
D02717,Tablet,-IMEI-009907262,P06826,PH05296,2026-01-11,2026-01-10,Inactive,C0498
D02718,Tablet,-IMEI-394355286,P06827,nan,2026-10-12,2026-10-14,Active,C0498
D02719,Laptop,-IMEI-024187942,P06831,PH05300,2026-10-14,2026-03-14,Active,C0499
D02720,Laptop,-IMEI-592831898,P06833,PH05303,2026-06-18,2026-08-01,Active,C0499
D02721,Tablet,-IMEI-409266979,P06835,PH05305,2026-10-21,2026-12-17,Active,C0499
D02722,Desktop,-IMEI-810152088,P06836,PH05306,2026-07-16,2026-05-01,Active,C0499
D02723,Workstation,-IMEI-324575230,P06837,nan,2026-03-26,2026-06-25,Active,C0499
D02724,Mobile,-IMEI-365082888,P06840,nan,2026-04-16,2026-08-05,Active,C0499
D02725,Laptop,-IMEI-814341530,P06841,PH05308,2026-10-27,2026-01-12,Active,C0499
D02726,Tablet,-IMEI-011072441,P03234,nan,2026-08-08,2026-08-26,Inactive,C0500
D02727,Workstation,-IMEI-794657222,P06846,PH05313,2026-12-03,2026-04-02,Inactive,C0500
D02728,Laptop,-IMEI-326540453,P06851,nan,2026-01-11,2026-09-13,Active,C0500
D02729,Tablet,-IMEI-809554436,P06852,PH05315,2026-12-24,2026-03-17,Inactive,C0500
D02730,Desktop,-IMEI-982460562,P06856,PH05317,2026-11-08,2026-06-03,Active,C0500
D02731,Desktop,-IMEI-067517577,P06860,PH05320,2026-01-08,2026-03-16,Inactive,C0500
D02732,Workstation,-IMEI-191748637,P06861,PH05321,2026-07-27,2026-10-21,Active,C0500
D02733,Workstation,-IMEI-001923327,P06868,nan,2026-11-21,2026-05-16,Active,C0500
D02734,Tablet,-IMEI-647275018,P06870,nan,2026-02-25,2026-06-05,Active,C0501
D02735,Mobile,-IMEI-870972785,P06871,nan,2026-07-01,2026-02-21,Active,C0501
D02736,Mobile,-IMEI-182813804,P06874,nan,2026-09-23,2026-11-08,Active,C0501
D02737,Workstation,-IMEI-502040255,P06876,nan,2026-03-15,2026-05-01,Active,C0501
D02738,Workstation,-IMEI-811992154,P06877,nan,2026-08-26,2026-07-16,Active,C0501
D02739,Tablet,-IMEI-881326551,P02255,nan,2026-09-17,2026-11-29,Active,C0502
D02740,Desktop,-IMEI-162770135,P06880,PH05330,2026-09-06,2026-03-06,Active,C0503
D02741,Mobile,-IMEI-392803808,P06881,nan,2026-04-11,2026-01-10,Active,C0504
D02742,Desktop,-IMEI-605206371,P06882,nan,2026-08-06,2026-01-30,Active,C0504
D02743,Laptop,-IMEI-705676287,P06884,PH05332,2026-09-03,2026-04-10,Active,C0504
D02744,Workstation,-IMEI-702045396,P06888,PH05335,2026-06-08,2026-06-09,Inactive,C0504
D02745,Desktop,-IMEI-658457478,P06892,PH05338,2026-03-18,2026-04-15,Active,C0504
D02746,Tablet,-IMEI-627838501,P06893,PH05339,2026-01-10,2026-01-17,Active,C0504
D02747,Mobile,-IMEI-853511833,P06895,nan,2026-06-14,2026-10-03,Inactive,C0504
D02748,Workstation,-IMEI-664989996,P06896,nan,2026-06-26,2026-04-27,Active,C0504
D02749,Laptop,-IMEI-477301068,P06897,PH05340,2026-07-17,2026-06-28,Inactive,C0504
D02750,Mobile,-IMEI-073761134,P06902,PH05345,2026-08-19,2026-11-27,Inactive,C0504
D02751,Laptop,-IMEI-906711597,P06908,nan,2026-10-17,2026-04-30,Active,C0504
D02752,Mobile,-IMEI-842332530,P06910,nan,2026-09-18,2026-02-15,Active,C0505
D02753,Tablet,-IMEI-575384264,P06913,nan,2026-01-29,2026-12-17,Active,C0505
D02754,Mobile,-IMEI-420358127,P06920,PH05351,2026-09-11,2026-12-12,Active,C0505
D02755,Laptop,-IMEI-439896349,P06924,PH05356,2026-02-07,2026-03-26,Active,C0506
D02756,Workstation,-IMEI-136765617,P06925,PH05357,2026-06-11,2026-07-11,Inactive,C0506
D02757,Workstation,-IMEI-319799991,P06929,PH05360,2026-05-10,2026-11-08,Active,C0506
D02758,Desktop,-IMEI-640337355,P06931,PH05362,2026-10-25,2026-11-20,Inactive,C0507
D02759,Tablet,-IMEI-400231643,P00083,nan,2026-02-08,2026-04-11,Active,C0508
D02760,Desktop,-IMEI-346372348,P06934,PH05365,2026-11-04,2026-10-12,Active,C0509
D02761,Mobile,-IMEI-962841098,P06937,PH05368,2026-05-13,2026-11-06,Active,C0509
D02762,Tablet,-IMEI-499385709,P06938,PH05369,2026-09-22,2026-11-16,Active,C0509
D02763,Mobile,-IMEI-119399362,P06939,PH05370,2026-10-25,2026-12-27,Active,C0509
D02764,Mobile,-IMEI-033892023,P06941,PH05372,2026-02-01,2026-03-03,Active,C0509
D02765,Laptop,-IMEI-871070146,P06945,PH05375,2026-09-28,2026-02-16,Active,C0509
D02766,Laptop,-IMEI-470047769,P06949,nan,2026-08-09,2026-10-30,Active,C0509
D02767,Desktop,-IMEI-512496113,P06950,nan,2026-05-16,2026-10-02,Active,C0510
D02768,Desktop,-IMEI-731568949,P06954,PH05383,2026-06-22,2026-11-22,Active,C0510
D02769,Workstation,-IMEI-955331816,P06956,PH05387,2026-01-27,2026-05-08,Active,C0510
D02770,Tablet,-IMEI-208098488,P06964,PH05394,2026-03-05,2026-11-11,Active,C0511
D02771,Laptop,-IMEI-874372246,P06965,PH05395,2026-06-25,2026-10-02,Active,C0511
D02772,Tablet,-IMEI-328402095,P06967,PH05398,2026-11-27,2026-01-03,Active,C0511
D02773,Mobile,-IMEI-187601431,P06968,nan,2026-04-10,2026-07-05,Active,C0511
D02774,Desktop,-IMEI-636676238,P06970,PH05400,2026-11-04,2026-11-17,Inactive,C0511
D02775,Mobile,-IMEI-000362118,P06974,nan,2026-04-15,2026-01-31,Inactive,C0511
D02776,Tablet,-IMEI-126152288,P06977,nan,2026-10-16,2026-06-17,Active,C0511
D02777,Laptop,-IMEI-240875959,P06979,PH05408,2026-03-08,2026-03-30,Active,C0511
D02778,Mobile,-IMEI-893378939,P06980,nan,2026-06-21,2026-09-30,Active,C0511
D02779,Laptop,-IMEI-732335078,P06981,PH05409,2026-12-03,2026-09-11,Active,C0511
D02780,Workstation,-IMEI-526132639,P06992,PH05417,2026-06-26,2026-03-09,Active,C0511
D02781,Mobile,-IMEI-175063087,P06996,PH05420,2026-02-25,2026-08-12,Active,C0511
D02782,Workstation,-IMEI-610112798,P06997,nan,2026-04-25,2026-04-27,Active,C0511
D02783,Workstation,-IMEI-587515660,P06998,nan,2026-07-14,2026-09-15,Active,C0511
D02784,Mobile,-IMEI-759837607,P07000,PH05421,2026-10-18,2026-02-11,Active,C0511
D02785,Desktop,-IMEI-881271057,P07001,PH05422,2026-09-09,2026-08-31,Active,C0511
D02786,Laptop,-IMEI-184214647,P07006,nan,2026-06-10,2026-09-27,Inactive,C0512
D02787,Tablet,-IMEI-189038036,P07011,PH05428,2026-03-29,2026-08-16,Active,C0512
D02788,Tablet,-IMEI-192006457,P07012,PH05430,2026-06-13,2026-10-08,Active,C0512
D02789,Tablet,-IMEI-495847993,P07013,nan,2026-01-28,2026-04-14,Active,C0512
D02790,Desktop,-IMEI-767292739,P07016,nan,2026-11-02,2026-09-15,Active,C0512
D02791,Tablet,-IMEI-946995083,P07019,PH05432,2026-02-15,2026-08-23,Active,C0512
D02792,Workstation,-IMEI-660542025,P07021,PH05434,2026-12-12,2026-02-14,Active,C0512
D02793,Workstation,-IMEI-309896505,P07023,PH05436,2026-04-30,2026-09-04,Active,C0512
D02794,Desktop,-IMEI-991266541,P07024,PH05438,2026-08-27,2026-03-07,Active,C0513
D02795,Mobile,-IMEI-685047675,P07030,PH05443,2026-03-13,2026-06-03,Active,C0513
D02796,Laptop,-IMEI-193382659,P00643,nan,2026-06-13,2026-01-05,Active,C0514
D02797,Laptop,-IMEI-809756142,P07035,PH05448,2026-12-22,2026-03-18,Active,C0514
D02798,Tablet,-IMEI-973577319,P07038,PH05451,2026-01-04,2026-11-19,Active,C0514
D02799,Mobile,-IMEI-634733960,P07041,nan,2026-11-22,2026-07-04,Inactive,C0515
D02800,Mobile,-IMEI-183874034,P07044,nan,2026-12-31,2026-11-19,Active,C0515
D02801,Workstation,-IMEI-730936853,P07053,nan,2026-08-08,2026-07-01,Inactive,C0516
D02802,Desktop,-IMEI-713037006,P07056,PH05464,2026-07-25,2026-08-23,Active,C0516
D02803,Mobile,-IMEI-751465130,P04541,nan,2026-04-07,2026-07-15,Active,C0517
D02804,Workstation,-IMEI-816801031,P07059,PH05467,2026-05-24,2026-04-06,Active,C0517
D02805,Tablet,-IMEI-570495078,P07060,PH05468,2026-09-25,2026-05-05,Active,C0517
D02806,Mobile,-IMEI-857563868,P07062,PH05470,2026-12-12,2026-04-19,Active,C0517
D02807,Workstation,-IMEI-167801136,P07064,nan,2026-09-23,2026-06-17,Active,C0517
D02808,Tablet,-IMEI-992667193,P07066,PH05473,2026-12-07,2026-03-28,Active,C0517
D02809,Tablet,-IMEI-219682770,P07068,nan,2026-04-09,2026-08-30,Active,C0517
D02810,Mobile,-IMEI-906192479,P07069,PH05474,2026-02-15,2026-05-06,Active,C0517
D02811,Laptop,-IMEI-993396405,P07070,PH05475,2026-04-04,2026-05-11,Active,C0517
D02812,Tablet,-IMEI-770614948,P07076,PH05481,2026-05-10,2026-03-21,Active,C0517
D02813,Desktop,-IMEI-917006850,P07080,PH05489,2026-07-27,2026-11-12,Active,C0518
D02814,Workstation,-IMEI-291345492,P07082,PH05491,2026-02-16,2026-07-22,Inactive,C0518
D02815,Workstation,-IMEI-610649340,P07085,PH05493,2026-05-23,2026-03-14,Active,C0518
D02816,Mobile,-IMEI-770065573,P07089,nan,2026-04-24,2026-06-04,Inactive,C0518
D02817,Mobile,-IMEI-330717374,P07091,PH05497,2026-08-28,2026-03-26,Inactive,C0518
D02818,Desktop,-IMEI-935180143,P07094,PH05501,2026-02-13,2026-04-08,Active,C0518
D02819,Desktop,-IMEI-582632618,P07095,PH05502,2026-05-18,2026-06-07,Active,C0518
D02820,Desktop,-IMEI-475383854,P07101,PH05506,2026-03-19,2026-01-11,Inactive,C0519
D02821,Tablet,-IMEI-121650851,P07103,nan,2026-07-03,2026-12-02,Active,C0519
D02822,Laptop,-IMEI-632780153,P07105,nan,2026-10-06,2026-08-04,Active,C0519
D02823,Workstation,-IMEI-071804785,P07112,nan,2026-12-24,2026-04-16,Active,C0519
D02824,Tablet,-IMEI-290595628,P07116,nan,2026-08-16,2026-11-17,Active,C0519
D02825,Laptop,-IMEI-977997503,P07117,PH05513,2026-04-25,2026-01-07,Active,C0519
D02826,Desktop,-IMEI-266531537,P07121,PH05516,2026-09-23,2026-04-07,Active,C0519
D02827,Mobile,-IMEI-916739935,P07122,nan,2026-04-09,2026-06-11,Active,C0519
D02828,Mobile,-IMEI-880887253,P07124,PH05518,2026-06-19,2026-07-25,Active,C0519
D02829,Desktop,-IMEI-340154520,P07126,nan,2026-09-27,2026-06-23,Inactive,C0520
D02830,Desktop,-IMEI-257625363,P07128,PH05522,2026-11-09,2026-05-12,Active,C0521
D02831,Mobile,-IMEI-337006308,P07129,PH05523,2026-06-09,2026-08-08,Active,C0521
D02832,Desktop,-IMEI-948780219,P07130,PH05524,2026-12-04,2026-12-09,Active,C0521
D02833,Laptop,-IMEI-004934526,P07135,PH05530,2026-06-06,2026-05-09,Active,C0521
D02834,Mobile,-IMEI-445040861,P07138,PH05533,2026-09-06,2026-06-20,Active,C0521
D02835,Desktop,-IMEI-172807878,P07141,PH05536,2026-05-29,2026-01-01,Active,C0521
D02836,Tablet,-IMEI-199758087,P07144,PH05538,2026-02-24,2026-07-09,Active,C0521
D02837,Tablet,-IMEI-445258004,P07150,PH05543,2026-10-31,2026-06-02,Active,C0521
D02838,Tablet,-IMEI-579705230,P07151,PH05544,2026-05-03,2026-05-03,Inactive,C0521
D02839,Mobile,-IMEI-157481965,P07153,PH05545,2026-09-23,2026-12-08,Active,C0521
D02840,Workstation,-IMEI-371866140,P07156,nan,2026-12-11,2026-02-11,Active,C0521
D02841,Mobile,-IMEI-755395436,P07158,PH05549,2026-03-13,2026-06-17,Inactive,C0521
D02842,Tablet,-IMEI-448186605,P07159,PH05550,2026-12-30,2026-01-26,Active,C0521
D02843,Tablet,-IMEI-008268615,P07161,PH05553,2026-03-25,2026-02-15,Active,C0521
D02844,Tablet,-IMEI-454213307,P07167,nan,2026-06-28,2026-10-28,Active,C0521
D02845,Laptop,-IMEI-702165375,P07169,PH05559,2026-06-28,2026-01-08,Inactive,C0521
D02846,Laptop,-IMEI-918451221,P07172,PH05563,2026-08-04,2026-08-19,Inactive,C0522
D02847,Laptop,-IMEI-385824375,P07175,nan,2026-08-02,2026-10-24,Active,C0522
D02848,Laptop,-IMEI-169490173,P07176,PH05564,2026-01-12,2026-07-24,Active,C0522
D02849,Desktop,-IMEI-042020688,P07177,PH05565,2026-11-19,2026-07-24,Inactive,C0523
D02850,Tablet,-IMEI-159879361,P07179,nan,2026-07-03,2026-12-17,Inactive,C0523
D02851,Tablet,-IMEI-375028320,P07181,nan,2026-09-27,2026-06-01,Active,C0523
D02852,Tablet,-IMEI-283192819,P07182,nan,2026-01-30,2026-02-19,Active,C0523
D02853,Desktop,-IMEI-763310002,P07185,PH05570,2026-06-16,2026-07-23,Active,C0523
D02854,Desktop,-IMEI-244044929,P07186,PH05571,2026-07-10,2026-03-20,Inactive,C0523
D02855,Desktop,-IMEI-678938318,P07187,nan,2026-11-04,2026-08-14,Active,C0523
D02856,Desktop,-IMEI-575984947,P07193,nan,2026-02-17,2026-06-09,Active,C0523
D02857,Laptop,-IMEI-109778565,P07196,PH05577,2026-03-19,2026-07-29,Inactive,C0523
D02858,Workstation,-IMEI-438785111,P07202,nan,2026-07-14,2026-09-03,Active,C0523
D02859,Laptop,-IMEI-299103099,P07203,PH05581,2026-08-31,2026-04-11,Active,C0523
D02860,Tablet,-IMEI-582504306,P07206,nan,2026-10-25,2026-03-01,Active,C0523
D02861,Tablet,-IMEI-237141617,P07208,PH05585,2026-06-09,2026-06-25,Active,C0523
D02862,Laptop,-IMEI-154223280,P07216,PH05591,2026-10-16,2026-08-04,Active,C0524
D02863,Laptop,-IMEI-947003857,P00326,nan,2026-11-24,2026-12-19,Inactive,C0525
D02864,Desktop,-IMEI-543754391,P07218,PH05593,2026-05-11,2026-09-29,Active,C0525
D02865,Workstation,-IMEI-851886570,P07219,PH05594,2026-08-03,2026-07-17,Active,C0525
D02866,Laptop,-IMEI-276929698,P07220,nan,2026-09-11,2026-11-21,Active,C0525
D02867,Desktop,-IMEI-050730351,P07222,PH05596,2026-08-14,2026-05-12,Active,C0525
D02868,Tablet,-IMEI-445528375,P07224,PH05598,2026-07-04,2026-12-17,Active,C0525
D02869,Desktop,-IMEI-480816096,P07225,nan,2026-11-04,2026-05-31,Active,C0525
D02870,Laptop,-IMEI-707964904,P07226,PH05599,2026-07-19,2026-01-02,Inactive,C0525
D02871,Desktop,-IMEI-638300783,P07227,PH05600,2026-09-26,2026-05-21,Active,C0525
D02872,Laptop,-IMEI-227867872,P07229,nan,2026-09-16,2026-06-26,Active,C0525
D02873,Desktop,-IMEI-522691436,P07233,nan,2026-08-04,2026-04-05,Active,C0525
D02874,Laptop,-IMEI-822879172,P07235,PH05604,2026-06-21,2026-07-23,Active,C0525
D02875,Workstation,-IMEI-635949128,P07236,PH05605,2026-07-17,2026-08-05,Inactive,C0525
D02876,Tablet,-IMEI-440054136,P07240,PH05609,2026-12-22,2026-03-26,Active,C0526
D02877,Mobile,-IMEI-039454263,P07066,nan,2026-04-15,2026-09-14,Active,C0527
D02878,Tablet,-IMEI-515483189,P07247,PH05616,2026-03-11,2026-08-03,Active,C0527
D02879,Laptop,-IMEI-829043660,P07249,nan,2026-11-09,2026-01-16,Inactive,C0527
D02880,Mobile,-IMEI-543577580,P07253,PH05619,2026-09-02,2026-08-04,Inactive,C0527
D02881,Desktop,-IMEI-801753780,P07255,nan,2026-08-23,2026-05-21,Active,C0528
D02882,Laptop,-IMEI-127750831,P05903,nan,2026-09-18,2026-11-30,Inactive,C0529
D02883,Workstation,-IMEI-603428978,P07261,PH05624,2026-05-22,2026-07-02,Active,C0529
D02884,Desktop,-IMEI-860170328,P07262,PH05625,2026-02-27,2026-08-02,Active,C0529
D02885,Laptop,-IMEI-202915523,P07264,PH05627,2026-08-15,2026-01-18,Active,C0530
D02886,Tablet,-IMEI-132119272,P07265,PH05628,2026-12-19,2026-02-06,Inactive,C0530
D02887,Tablet,-IMEI-598200244,P07268,nan,2026-11-21,2026-06-19,Active,C0530
D02888,Tablet,-IMEI-911395310,P07270,PH05631,2026-01-05,2026-12-31,Active,C0531
D02889,Workstation,-IMEI-047477429,P07271,PH05632,2026-01-12,2026-08-12,Active,C0531
D02890,Desktop,-IMEI-594044592,P07276,PH05635,2026-06-16,2026-05-31,Active,C0532
D02891,Laptop,-IMEI-638025299,P07277,PH05636,2026-03-29,2026-10-19,Active,C0532
D02892,Desktop,-IMEI-393239964,P07278,nan,2026-09-13,2026-01-09,Active,C0532
D02893,Mobile,-IMEI-973203521,P07279,PH05637,2026-10-11,2026-04-29,Active,C0532
D02894,Tablet,-IMEI-184658530,P07282,PH05639,2026-08-17,2026-10-03,Inactive,C0532
D02895,Desktop,-IMEI-469953270,P07286,nan,2026-03-01,2026-05-03,Active,C0532
D02896,Laptop,-IMEI-187085810,P07289,PH05646,2026-07-02,2026-07-12,Active,C0532
D02897,Laptop,-IMEI-091750649,P07290,PH05647,2026-04-11,2026-07-28,Active,C0532
D02898,Tablet,-IMEI-582165791,P07291,PH05648,2026-03-18,2026-02-24,Active,C0532
D02899,Laptop,-IMEI-373783047,P07292,nan,2026-10-28,2026-04-03,Active,C0532
D02900,Mobile,-IMEI-207765402,P07293,PH05649,2026-11-25,2026-02-12,Inactive,C0532
D02901,Mobile,-IMEI-375493476,P07294,PH05650,2026-03-16,2026-12-07,Active,C0532
D02902,Mobile,-IMEI-932626942,P07298,nan,2026-11-23,2026-12-08,Active,C0532
D02903,Laptop,-IMEI-421817795,P07299,PH05654,2026-04-12,2026-03-20,Active,C0532
D02904,Desktop,-IMEI-278974971,P07300,nan,2026-05-17,2026-07-18,Active,C0532
D02905,Workstation,-IMEI-554722142,P07305,nan,2026-12-05,2026-10-02,Active,C0532
D02906,Mobile,-IMEI-253778058,P07308,PH05659,2026-05-31,2026-02-24,Active,C0532
D02907,Mobile,-IMEI-522348952,P07309,PH05660,2026-01-03,2026-05-07,Active,C0532
D02908,Tablet,-IMEI-206412245,P07311,PH05662,2026-09-26,2026-06-25,Active,C0532
D02909,Workstation,-IMEI-507739760,P07312,PH05663,2026-07-08,2026-07-30,Active,C0532
D02910,Tablet,-IMEI-921721510,P07314,nan,2026-12-09,2026-07-23,Active,C0532
D02911,Tablet,-IMEI-853198257,P07317,PH05668,2026-08-04,2026-10-31,Active,C0532
D02912,Desktop,-IMEI-610227899,P07318,PH05669,2026-11-04,2026-12-23,Inactive,C0532
D02913,Mobile,-IMEI-762475211,P07320,PH05671,2026-07-09,2026-06-01,Active,C0532
D02914,Mobile,-IMEI-618414470,P07324,PH05675,2026-04-18,2026-11-24,Active,C0533
D02915,Desktop,-IMEI-090219222,P07326,PH05676,2026-09-17,2026-07-07,Active,C0533
D02916,Tablet,-IMEI-297118516,P07331,nan,2026-01-04,2026-02-21,Active,C0534
D02917,Laptop,-IMEI-803183820,P07332,PH05680,2026-12-26,2026-07-22,Active,C0534
D02918,Laptop,-IMEI-286596852,P07333,nan,2026-09-01,2026-07-04,Active,C0534
D02919,Laptop,-IMEI-322404054,P07334,PH05681,2026-10-11,2026-03-27,Active,C0534
D02920,Laptop,-IMEI-588203890,P01771,nan,2026-03-20,2026-07-22,Active,C0535
D02921,Laptop,-IMEI-591936744,P07340,PH05685,2026-10-11,2026-03-11,Active,C0535
D02922,Tablet,-IMEI-151451659,P07344,nan,2026-08-02,2026-01-11,Active,C0535
D02923,Desktop,-IMEI-087760684,P07345,PH05688,2026-04-09,2026-08-27,Inactive,C0535
D02924,Workstation,-IMEI-013011582,P07346,PH05689,2026-06-17,2026-05-07,Active,C0535
D02925,Laptop,-IMEI-549077587,P07349,PH05691,2026-06-29,2026-11-01,Active,C0535
D02926,Tablet,-IMEI-004894144,P07351,PH05693,2026-01-01,2026-03-27,Active,C0536
D02927,Tablet,-IMEI-075291135,P07353,PH05694,2026-04-27,2026-08-15,Active,C0536
D02928,Workstation,-IMEI-362047084,P07355,PH05696,2026-10-26,2026-05-13,Active,C0536
D02929,Desktop,-IMEI-565408819,P07356,PH05697,2026-09-24,2026-05-22,Active,C0536
D02930,Laptop,-IMEI-900904934,P07357,PH05699,2026-10-31,2026-11-15,Active,C0536
D02931,Workstation,-IMEI-343037274,P07358,PH05701,2026-11-27,2026-08-12,Inactive,C0537
D02932,Desktop,-IMEI-044472622,P07362,PH05705,2026-01-12,2026-08-05,Active,C0537
D02933,Mobile,-IMEI-073136059,P07363,PH05706,2026-04-22,2026-05-09,Active,C0537
D02934,Tablet,-IMEI-903418491,P07365,PH05709,2026-03-16,2026-01-23,Active,C0537
D02935,Mobile,-IMEI-751375334,P07370,PH05712,2026-12-21,2026-11-30,Active,C0537
D02936,Laptop,-IMEI-529792053,P07372,PH05713,2026-12-14,2026-01-23,Active,C0537
D02937,Laptop,-IMEI-486666375,P07375,PH05715,2026-05-21,2026-07-13,Active,C0537
D02938,Tablet,-IMEI-841100943,P07379,PH05718,2026-03-30,2026-10-26,Active,C0538
D02939,Desktop,-IMEI-209261076,P07380,PH05719,2026-08-05,2026-03-28,Active,C0538
D02940,Tablet,-IMEI-116077623,P04182,nan,2026-02-08,2026-02-15,Active,C0539
D02941,Tablet,-IMEI-248736370,P07382,PH05721,2026-07-13,2026-12-29,Active,C0539
D02942,Laptop,-IMEI-068534933,P07390,PH05725,2026-01-03,2026-01-25,Active,C0539
D02943,Workstation,-IMEI-375062909,P07394,PH05729,2026-09-02,2026-09-07,Active,C0540
D02944,Tablet,-IMEI-690770616,P07396,nan,2026-10-29,2026-10-29,Active,C0540
D02945,Tablet,-IMEI-669807034,P07400,PH05735,2026-04-20,2026-10-11,Inactive,C0540
D02946,Laptop,-IMEI-441763884,P07406,PH05740,2026-03-16,2026-10-08,Active,C0540
D02947,Tablet,-IMEI-100270548,P07410,PH05744,2026-11-24,2026-12-25,Active,C0540
D02948,Tablet,-IMEI-271344567,P07411,PH05746,2026-04-21,2026-08-18,Inactive,C0540
D02949,Workstation,-IMEI-278471015,P07413,PH05749,2026-03-19,2026-09-30,Active,C0540
D02950,Tablet,-IMEI-386512573,P07416,PH05751,2026-06-23,2026-04-03,Inactive,C0540
D02951,Mobile,-IMEI-565101705,P05079,nan,2026-09-03,2026-01-23,Active,C0541
D02952,Desktop,-IMEI-405221176,P07421,PH05758,2026-11-03,2026-03-10,Active,C0542
D02953,Workstation,-IMEI-275278591,P07423,PH05762,2026-11-23,2026-05-25,Active,C0542
D02954,Tablet,-IMEI-491038043,P07424,nan,2026-02-06,2026-09-22,Active,C0542
D02955,Tablet,-IMEI-485092672,P07433,PH05768,2026-12-08,2026-06-16,Inactive,C0543
D02956,Workstation,-IMEI-818721689,P07436,PH05770,2026-09-04,2026-08-26,Active,C0543
D02957,Tablet,-IMEI-448032180,P07441,PH05774,2026-02-11,2026-05-16,Active,C0543
D02958,Tablet,-IMEI-767116131,P07442,nan,2026-07-24,2026-02-13,Active,C0543
D02959,Mobile,-IMEI-619240976,P07444,nan,2026-01-27,2026-03-27,Active,C0543
D02960,Desktop,-IMEI-303318454,P07445,PH05776,2026-10-15,2026-04-29,Active,C0543
D02961,Tablet,-IMEI-521028392,P07447,PH05778,2026-12-06,2026-06-22,Active,C0543
D02962,Mobile,-IMEI-871330572,P07448,PH05779,2026-12-12,2026-12-16,Inactive,C0543
D02963,Workstation,-IMEI-069788557,P07449,PH05780,2026-03-23,2026-07-11,Active,C0543
D02964,Workstation,-IMEI-496474050,P07451,nan,2026-03-20,2026-05-25,Active,C0543
D02965,Workstation,-IMEI-044738394,P07456,PH05783,2026-12-16,2026-07-28,Active,C0543
D02966,Workstation,-IMEI-977474048,P07459,PH05786,2026-03-10,2026-04-19,Active,C0543
D02967,Desktop,-IMEI-739996209,P07462,PH05788,2026-10-28,2026-10-17,Active,C0543
D02968,Laptop,-IMEI-218171465,P07463,PH05789,2026-05-20,2026-10-27,Active,C0543
D02969,Desktop,-IMEI-728614578,P00322,nan,2026-05-31,2026-05-06,Active,C0544
D02970,Laptop,-IMEI-833041275,P02894,nan,2026-10-27,2026-08-26,Active,C0544
D02971,Tablet,-IMEI-060496320,P07469,nan,2026-03-06,2026-02-10,Active,C0544
D02972,Tablet,-IMEI-635664046,P07470,nan,2026-02-28,2026-12-04,Active,C0544
D02973,Laptop,-IMEI-660812991,P07473,nan,2026-04-18,2026-07-28,Active,C0544
D02974,Laptop,-IMEI-228512375,P07474,PH05793,2026-03-06,2026-06-19,Active,C0544
D02975,Desktop,-IMEI-899948152,P07481,PH05797,2026-05-09,2026-04-25,Active,C0545
D02976,Mobile,-IMEI-283405942,P07482,PH05798,2026-04-09,2026-08-28,Active,C0545
D02977,Tablet,-IMEI-513089511,P07483,nan,2026-07-23,2026-10-18,Active,C0545
D02978,Workstation,-IMEI-888942043,P07485,PH05799,2026-01-20,2026-11-13,Active,C0545
D02979,Mobile,-IMEI-342960235,P07493,PH05804,2026-11-28,2026-04-28,Active,C0545
D02980,Desktop,-IMEI-438719285,P07495,PH05806,2026-12-04,2026-07-09,Active,C0545
D02981,Tablet,-IMEI-655425964,P07496,PH05807,2026-04-05,2026-01-15,Active,C0545
D02982,Tablet,-IMEI-681613445,P07498,PH05809,2026-01-08,2026-03-22,Active,C0545
D02983,Workstation,-IMEI-473649455,P07499,PH05810,2026-01-20,2026-08-30,Inactive,C0545
D02984,Workstation,-IMEI-995035855,P07502,nan,2026-06-23,2026-02-08,Active,C0546
D02985,Tablet,-IMEI-554015856,P07504,nan,2026-03-25,2026-01-22,Active,C0546
D02986,Laptop,-IMEI-684220044,P07505,PH05815,2026-02-25,2026-03-08,Active,C0546
D02987,Desktop,-IMEI-485952382,P07506,PH05816,2026-04-17,2026-04-23,Active,C0546
D02988,Laptop,-IMEI-773560889,P07507,PH05817,2026-10-02,2026-01-28,Active,C0546
D02989,Laptop,-IMEI-808100030,P07511,nan,2026-09-02,2026-07-01,Active,C0546
D02990,Mobile,-IMEI-333038039,P07513,PH05822,2026-10-11,2026-01-04,Active,C0546
D02991,Tablet,-IMEI-563357324,P07516,PH05823,2026-08-18,2026-02-11,Active,C0546
D02992,Desktop,-IMEI-904451551,P07517,PH05824,2026-04-09,2026-12-08,Active,C0546
D02993,Mobile,-IMEI-781628891,P07519,PH05826,2026-01-18,2026-08-06,Active,C0546
D02994,Mobile,-IMEI-342592790,P07523,PH05830,2026-11-07,2026-09-01,Active,C0547
D02995,Desktop,-IMEI-752438665,P07526,PH05833,2026-03-30,2026-06-29,Active,C0547
D02996,Laptop,-IMEI-813606315,P07528,nan,2026-01-28,2026-08-23,Active,C0547
D02997,Mobile,-IMEI-632835217,P07530,nan,2026-05-01,2026-12-15,Active,C0547
D02998,Laptop,-IMEI-359452334,P07531,nan,2026-04-15,2026-09-20,Active,C0547
D02999,Tablet,-IMEI-985986217,P07532,PH05834,2026-08-01,2026-07-20,Active,C0547
D03000,Desktop,-IMEI-975686066,P07535,PH05836,2026-07-10,2026-07-25,Active,C0548
D03001,Desktop,-IMEI-249554278,P07538,PH05838,2026-01-03,2026-04-18,Active,C0548
D03002,Tablet,-IMEI-125362142,P07540,PH05840,2026-02-18,2026-05-28,Active,C0549
D03003,Tablet,-IMEI-553300299,P07542,nan,2026-07-06,2026-09-17,Active,C0549
D03004,Tablet,-IMEI-400379838,P07543,PH05842,2026-03-21,2026-07-07,Active,C0549
D03005,Laptop,-IMEI-660279419,P07544,PH05843,2026-06-22,2026-07-01,Active,C0549
D03006,Laptop,-IMEI-804839477,P07545,nan,2026-12-04,2026-03-23,Active,C0549
D03007,Mobile,-IMEI-280848383,P07554,PH05851,2026-07-17,2026-07-27,Active,C0550
D03008,Tablet,-IMEI-307734639,P07558,PH05854,2026-02-15,2026-11-28,Active,C0550
D03009,Tablet,-IMEI-815052011,P07561,nan,2026-08-06,2026-01-18,Active,C0550
D03010,Desktop,-IMEI-450442072,P07562,PH05856,2026-03-21,2026-06-07,Active,C0550
D03011,Tablet,-IMEI-592399137,P07567,PH05861,2026-07-07,2026-04-19,Active,C0550
D03012,Laptop,-IMEI-958676347,P07570,nan,2026-02-05,2026-04-26,Active,C0550
D03013,Desktop,-IMEI-736219625,P07572,PH05865,2026-02-25,2026-04-14,Active,C0550
D03014,Mobile,-IMEI-790268619,P07573,nan,2026-12-02,2026-02-10,Active,C0550
D03015,Tablet,-IMEI-644874476,P07577,PH05870,2026-08-18,2026-11-04,Active,C0550
D03016,Mobile,-IMEI-091990901,P07580,nan,2026-06-09,2026-05-21,Active,C0550
D03017,Laptop,-IMEI-117391689,P07581,PH05873,2026-06-19,2026-07-22,Active,C0550
D03018,Workstation,-IMEI-822094091,P07582,PH05874,2026-10-31,2026-09-15,Inactive,C0550
D03019,Workstation,-IMEI-008932667,P07583,PH05875,2026-07-08,2026-12-03,Active,C0550
D03020,Laptop,-IMEI-159652379,P07585,PH05876,2026-12-15,2026-08-23,Active,C0550
D03021,Tablet,-IMEI-081135787,P07587,PH05878,2026-12-27,2026-03-03,Active,C0550
D03022,Laptop,-IMEI-394897329,P07588,PH05879,2026-01-29,2026-06-29,Active,C0550
D03023,Workstation,-IMEI-423482607,P07591,PH05882,2026-08-06,2026-10-30,Active,C0550
D03024,Desktop,-IMEI-635158832,P07594,nan,2026-03-23,2026-09-10,Inactive,C0550
D03025,Tablet,-IMEI-058507881,P07595,nan,2026-07-08,2026-03-26,Active,C0550
D03026,Tablet,-IMEI-442303034,P07598,PH05886,2026-10-25,2026-03-11,Active,C0550
D03027,Desktop,-IMEI-498263798,P07601,nan,2026-12-09,2026-03-25,Active,C0550
D03028,Mobile,-IMEI-521863466,P07602,PH05890,2026-10-11,2026-02-14,Active,C0550
D03029,Workstation,-IMEI-909079631,P07606,PH05896,2026-09-10,2026-02-05,Inactive,C0551
D03030,Workstation,-IMEI-271423399,P07607,PH05898,2026-12-07,2026-03-13,Active,C0551
D03031,Workstation,-IMEI-061195731,P07612,nan,2026-06-18,2026-08-03,Active,C0552
D03032,Laptop,-IMEI-664243746,P07617,nan,2026-01-18,2026-03-12,Active,C0552
D03033,Laptop,-IMEI-404848499,P07618,nan,2026-07-31,2026-01-27,Active,C0552
