event_id,event_type,title,timestamp,location_id,case_id,description,evidence_id
EV00001,Delivery,Delivery involving Kavya Khan,2024-08-29T17:23:27,L0462,C0001,Delivery activity observed in connection with identity fraud investigation CASE-2026-0001.,nan
EV00002,Interview,Interview involving Karan Shah,2024-08-25T03:54:19,L0549,C0001,Interview activity observed in connection with identity fraud investigation CASE-2026-0001.,E05761
EV00003,Observation,Observation involving Ishita Iyer,2024-07-13T02:53:35,L0325,C0001,Observation activity observed in connection with identity fraud investigation CASE-2026-0001.,E05762
EV00004,Delivery,Delivery involving Manav Menon,2024-08-06T22:50:32,L0418,C0002,Delivery activity observed in connection with organized fraud investigation CASE-2026-0002.,nan
EV00005,Interview,Interview involving Mohit Saxena,2024-08-07T19:10:25,L0034,C0002,Interview activity observed in connection with organized fraud investigation CASE-2026-0002.,E05778
EV00006,Crime,Crime involving Mahi Mishra,2024-08-03T11:32:23,L0332,C0002,Crime activity observed in connection with organized fraud investigation CASE-2026-0002.,nan
EV00007,Observation,Observation involving Sana Nair,2024-08-12T23:52:43,L0510,C0002,Observation activity observed in connection with organized fraud investigation CASE-2026-0002.,nan
EV00008,Surveillance,Surveillance involving Vikram Desai,2024-08-04T16:17:37,L0449,C0002,Surveillance activity observed in connection with organized fraud investigation CASE-2026-0002.,nan
EV00009,Financial Activity,Financial Activity involving Rhea Shah,2024-08-11T04:53:10,L0510,C0002,Financial Activity activity observed in connection with organized fraud investigation CASE-2026-0002.,E05779
EV00010,Vehicle Movement,Vehicle Movement involving Raj Iyer,2024-08-09T14:55:17,L0510,C0002,Vehicle Movement activity observed in connection with organized fraud investigation CASE-2026-0002.,E05780
EV00011,Crime,Crime involving Shreya Shah,2024-08-28T18:11:10,L0510,C0002,Crime activity observed in connection with organized fraud investigation CASE-2026-0002.,E05781
EV00012,Observation,Observation involving Mahi Mishra,2024-08-25T06:01:33,L0510,C0002,Observation activity observed in connection with organized fraud investigation CASE-2026-0002.,E05782
EV00013,Transaction,Transaction involving Anushka Desai,2024-08-14T04:42:15,L0449,C0002,Transaction activity observed in connection with organized fraud investigation CASE-2026-0002.,nan
EV00014,Meeting,Meeting involving Aman Saxena,2024-08-11T17:08:55,L0510,C0002,Meeting activity observed in connection with organized fraud investigation CASE-2026-0002.,nan
EV00015,Crime,Crime involving Aarav Nair,2024-08-02T20:42:11,L0418,C0002,Crime activity observed in connection with organized fraud investigation CASE-2026-0002.,nan
EV00016,Delivery,Delivery involving Vikram Shetty,2024-08-08T05:19:27,L0034,C0002,Delivery activity observed in connection with organized fraud investigation CASE-2026-0002.,nan
EV00017,Arrest,Arrest involving Rahul Verma,2024-08-02T11:56:00,L0034,C0002,Arrest activity observed in connection with organized fraud investigation CASE-2026-0002.,nan
EV00018,Observation,Observation involving Yamini Menon,2024-08-19T22:57:12,L0449,C0002,Observation activity observed in connection with organized fraud investigation CASE-2026-0002.,nan
EV00019,Call,Call involving Manav Menon,2024-08-31T14:54:09,L0034,C0002,Call activity observed in connection with organized fraud investigation CASE-2026-0002.,nan
EV00020,Financial Activity,Financial Activity involving Aditi Jadhav,2024-08-02T09:32:35,L0332,C0002,Financial Activity activity observed in connection with organized fraud investigation CASE-2026-0002.,E05783
EV00021,Evidence Collection,Evidence Collection involving Karan Singh,2024-08-14T04:56:22,L0332,C0002,Evidence Collection activity observed in connection with organized fraud investigation CASE-2026-0002.,E05784
EV00022,Evidence Collection,Evidence Collection involving Mohit Saxena,2024-08-09T04:19:22,L0034,C0002,Evidence Collection activity observed in connection with organized fraud investigation CASE-2026-0002.,nan
EV00023,Delivery,Delivery involving Zoya Iyer,2024-08-31T23:09:36,L0332,C0002,Delivery activity observed in connection with organized fraud investigation CASE-2026-0002.,nan
EV00024,Surveillance,Surveillance involving Yamini Menon,2024-08-02T18:42:14,L0510,C0002,Surveillance activity observed in connection with organized fraud investigation CASE-2026-0002.,E05785
EV00025,Transaction,Transaction involving Aditya Patil,2024-02-05T15:55:44,L0487,C0003,Transaction activity observed in connection with organized fraud investigation CASE-2026-0003.,nan
EV00026,Delivery,Delivery involving Karan Mehta,2024-07-14T10:39:11,L0487,C0003,Delivery activity observed in connection with organized fraud investigation CASE-2026-0003.,nan
EV00027,Cyber Activity,Cyber Activity involving Kabir Shetty,2024-08-01T02:48:58,L0013,C0003,Cyber Activity activity observed in connection with organized fraud investigation CASE-2026-0003.,nan
EV00028,Surveillance,Surveillance involving Avni Desai,2024-04-24T13:06:05,L0447,C0003,Surveillance activity observed in connection with organized fraud investigation CASE-2026-0003.,E05792
EV00029,Financial Activity,Financial Activity involving Arnav Verma,2024-01-05T20:47:27,L0013,C0003,Financial Activity activity observed in connection with organized fraud investigation CASE-2026-0003.,nan
EV00030,Observation,Observation involving Simran Singh,2024-11-23T07:43:00,L0186,C0003,Observation activity observed in connection with organized fraud investigation CASE-2026-0003.,E05793
EV00031,Vehicle Movement,Vehicle Movement involving Sneha Reddy,2024-04-28T16:09:42,L0186,C0003,Vehicle Movement activity observed in connection with organized fraud investigation CASE-2026-0003.,E05794
EV00032,Delivery,Delivery involving Vivek Chavan,2024-01-22T08:45:42,L0013,C0003,Delivery activity observed in connection with organized fraud investigation CASE-2026-0003.,nan
EV00033,Meeting,Meeting involving Mohit Jadhav,2024-09-17T21:55:57,L0186,C0003,Meeting activity observed in connection with organized fraud investigation CASE-2026-0003.,nan
EV00034,Arrest,Arrest involving Aditya Patil,2024-01-04T02:19:55,L0013,C0003,Arrest activity observed in connection with organized fraud investigation CASE-2026-0003.,nan
EV00035,Delivery,Delivery involving Avni Desai,2024-01-28T20:00:55,L0487,C0003,Delivery activity observed in connection with organized fraud investigation CASE-2026-0003.,nan
EV00036,Surveillance,Surveillance involving Shreya Reddy,2024-06-11T16:08:29,L0013,C0003,Surveillance activity observed in connection with organized fraud investigation CASE-2026-0003.,nan
EV00037,Delivery,Delivery involving Shreya Reddy,2024-09-30T18:03:29,L0447,C0003,Delivery activity observed in connection with organized fraud investigation CASE-2026-0003.,nan
EV00038,Transaction,Transaction involving Ishaan Jadhav,2024-06-05T20:28:51,L0013,C0003,Transaction activity observed in connection with organized fraud investigation CASE-2026-0003.,E05795
EV00039,Transaction,Transaction involving Tanvi Bansal,2024-12-13T12:47:24,L0487,C0003,Transaction activity observed in connection with organized fraud investigation CASE-2026-0003.,E05796
EV00040,Financial Activity,Financial Activity involving Pooja Singh,2024-05-06T09:04:43,L0006,C0003,Financial Activity activity observed in connection with organized fraud investigation CASE-2026-0003.,E05797
EV00041,Delivery,Delivery involving Avni Desai,2024-02-09T01:07:11,L0487,C0003,Delivery activity observed in connection with organized fraud investigation CASE-2026-0003.,E05798
EV00042,Vehicle Movement,Vehicle Movement involving Diya Mishra,2024-11-01T00:44:33,L0540,C0004,Vehicle Movement activity observed in connection with banking fraud investigation CASE-2026-0004.,nan
EV00043,Interview,Interview involving Tanvi Das,2024-03-15T05:34:30,L0540,C0004,Interview activity observed in connection with banking fraud investigation CASE-2026-0004.,nan
EV00044,Interview,Interview involving Avni Thakur,2024-08-15T08:54:05,L0526,C0004,Interview activity observed in connection with banking fraud investigation CASE-2026-0004.,E05809
EV00045,Interview,Interview involving Tanvi Das,2024-05-11T08:55:16,L0023,C0004,Interview activity observed in connection with banking fraud investigation CASE-2026-0004.,nan
EV00046,Crime,Crime involving Mohit Khan,2024-09-24T11:44:29,L0526,C0004,Crime activity observed in connection with banking fraud investigation CASE-2026-0004.,nan
EV00047,Meeting,Meeting involving Varun Das,2024-01-11T05:33:36,L0018,C0004,Meeting activity observed in connection with banking fraud investigation CASE-2026-0004.,nan
EV00048,Interview,Interview involving Mohit Khan,2024-10-13T23:18:22,L0313,C0004,Interview activity observed in connection with banking fraud investigation CASE-2026-0004.,E05810
EV00049,Call,Call involving Rhea Singh,2024-09-16T22:10:47,L0526,C0004,Call activity observed in connection with banking fraud investigation CASE-2026-0004.,nan
EV00050,Interview,Interview involving Rhea Singh,2024-06-16T07:16:14,L0018,C0004,Interview activity observed in connection with banking fraud investigation CASE-2026-0004.,E05811
EV00051,Surveillance,Surveillance involving Nikhil Shetty,2024-01-19T10:31:30,L0540,C0004,Surveillance activity observed in connection with banking fraud investigation CASE-2026-0004.,nan
EV00052,Surveillance,Surveillance involving Sameer Shah,2024-07-23T06:51:47,L0526,C0004,Surveillance activity observed in connection with banking fraud investigation CASE-2026-0004.,nan
EV00053,Observation,Observation involving Aditya Joshi,2024-08-21T14:24:03,L0018,C0004,Observation activity observed in connection with banking fraud investigation CASE-2026-0004.,nan
EV00054,Vehicle Movement,Vehicle Movement involving Aarav Mishra,2024-08-22T00:46:30,L0449,C0005,Vehicle Movement activity observed in connection with payment fraud investigation CASE-2026-0005.,nan
EV00055,Crime,Crime involving Diya Patil,2024-08-30T05:42:12,L0377,C0005,Crime activity observed in connection with payment fraud investigation CASE-2026-0005.,E05815
EV00056,Transaction,Transaction involving Aarav Mishra,2024-08-31T02:18:45,L0256,C0005,Transaction activity observed in connection with payment fraud investigation CASE-2026-0005.,nan
EV00057,Transaction,Transaction involving Pranav Patil,2024-01-04T15:46:58,L0231,C0006,Transaction activity observed in connection with large organized crime network investigation CASE-2026-0006.,nan
EV00058,Arrest,Arrest involving Ishita Shah,2024-04-08T09:09:07,L0416,C0006,Arrest activity observed in connection with large organized crime network investigation CASE-2026-0006.,E05831
EV00059,Call,Call involving Yamini Malhotra,2024-08-06T07:04:02,L0059,C0006,Call activity observed in connection with large organized crime network investigation CASE-2026-0006.,E05832
EV00060,Meeting,Meeting involving Meera Iyer,2024-03-28T06:09:27,L0416,C0006,Meeting activity observed in connection with large organized crime network investigation CASE-2026-0006.,E05833
EV00061,Cyber Activity,Cyber Activity involving Yamini Malhotra,2024-11-08T11:30:13,L0059,C0006,Cyber Activity activity observed in connection with large organized crime network investigation CASE-2026-0006.,nan
EV00062,Arrest,Arrest involving Arjun Menon,2024-10-31T05:05:16,L0214,C0006,Arrest activity observed in connection with large organized crime network investigation CASE-2026-0006.,E05834
EV00063,Cyber Activity,Cyber Activity involving Aditya Iyer,2024-12-11T19:59:08,L0214,C0006,Cyber Activity activity observed in connection with large organized crime network investigation CASE-2026-0006.,nan
EV00064,Delivery,Delivery involving Pallavi Verma,2024-12-25T03:45:29,L0416,C0006,Delivery activity observed in connection with large organized crime network investigation CASE-2026-0006.,nan
EV00065,Arrest,Arrest involving Karan Mehta,2024-03-29T04:30:01,L0059,C0006,Arrest activity observed in connection with large organized crime network investigation CASE-2026-0006.,E05835
EV00066,Surveillance,Surveillance involving Simran Joshi,2024-01-21T02:20:59,L0416,C0006,Surveillance activity observed in connection with large organized crime network investigation CASE-2026-0006.,E05836
EV00067,Surveillance,Surveillance involving Yamini Thakur,2024-05-26T00:57:59,L0416,C0006,Surveillance activity observed in connection with large organized crime network investigation CASE-2026-0006.,nan
EV00068,Observation,Observation involving Varun Rao,2024-07-18T18:35:55,L0059,C0006,Observation activity observed in connection with large organized crime network investigation CASE-2026-0006.,E05837
EV00069,Transaction,Transaction involving Varun Menon,2024-10-06T07:35:32,L0059,C0006,Transaction activity observed in connection with large organized crime network investigation CASE-2026-0006.,nan
EV00070,Surveillance,Surveillance involving Meera Shah,2024-11-08T03:31:22,L0059,C0006,Surveillance activity observed in connection with large organized crime network investigation CASE-2026-0006.,nan
EV00071,Evidence Collection,Evidence Collection involving Harsh Sethi,2024-07-11T08:04:50,L0214,C0006,Evidence Collection activity observed in connection with large organized crime network investigation CASE-2026-0006.,nan
EV00072,Financial Activity,Financial Activity involving Mohit Verma,2024-02-06T12:49:11,L0231,C0006,Financial Activity activity observed in connection with large organized crime network investigation CASE-2026-0006.,E05838
EV00073,Observation,Observation involving Varun Patil,2024-05-28T21:06:23,L0231,C0006,Observation activity observed in connection with large organized crime network investigation CASE-2026-0006.,E05839
EV00074,Arrest,Arrest involving Trisha Rao,2024-06-24T11:45:39,L0376,C0007,Arrest activity observed in connection with individual cyber fraud investigation CASE-2026-0007.,E05847
EV00075,Transaction,Transaction involving Aditya Bansal,2024-05-10T03:06:26,L0376,C0007,Transaction activity observed in connection with individual cyber fraud investigation CASE-2026-0007.,nan
EV00076,Call,Call involving Meera Saxena,2024-03-22T22:34:03,L0376,C0007,Call activity observed in connection with individual cyber fraud investigation CASE-2026-0007.,nan
EV00077,Cyber Activity,Cyber Activity involving Meera Khan,2024-08-19T13:56:01,L0353,C0007,Cyber Activity activity observed in connection with individual cyber fraud investigation CASE-2026-0007.,E05848
EV00078,Observation,Observation involving Varun Rao,2024-04-14T07:19:15,L0417,C0007,Observation activity observed in connection with individual cyber fraud investigation CASE-2026-0007.,nan
EV00079,Observation,Observation involving Siddharth Gupta,2024-07-09T06:00:51,L0376,C0007,Observation activity observed in connection with individual cyber fraud investigation CASE-2026-0007.,nan
EV00080,Surveillance,Surveillance involving Tanvi Mehta,2024-06-15T23:41:17,L0417,C0007,Surveillance activity observed in connection with individual cyber fraud investigation CASE-2026-0007.,nan
EV00081,Call,Call involving Aarav Kapoor,2024-08-03T01:59:38,L0417,C0007,Call activity observed in connection with individual cyber fraud investigation CASE-2026-0007.,E05849
EV00082,Surveillance,Surveillance involving Karan Thakur,2024-06-05T03:55:55,L0514,C0008,Surveillance activity observed in connection with kidnapping investigation CASE-2026-0008.,nan
EV00083,Surveillance,Surveillance involving Dhruv Thakur,2024-01-26T20:00:33,L0514,C0008,Surveillance activity observed in connection with kidnapping investigation CASE-2026-0008.,nan
EV00084,Cyber Activity,Cyber Activity involving Isha Shah,2024-08-18T23:39:20,L0327,C0008,Cyber Activity activity observed in connection with kidnapping investigation CASE-2026-0008.,nan
EV00085,Observation,Observation involving Naveen Reddy,2024-08-30T09:19:30,L0564,C0008,Observation activity observed in connection with kidnapping investigation CASE-2026-0008.,E05858
EV00086,Evidence Collection,Evidence Collection involving Pranav Thakur,2024-05-13T08:00:33,L0564,C0008,Evidence Collection activity observed in connection with kidnapping investigation CASE-2026-0008.,nan
EV00087,Meeting,Meeting involving Aditi Reddy,2024-07-28T04:14:18,L0514,C0008,Meeting activity observed in connection with kidnapping investigation CASE-2026-0008.,nan
EV00088,Cyber Activity,Cyber Activity involving Dev Khan,2024-06-26T17:38:38,L0327,C0008,Cyber Activity activity observed in connection with kidnapping investigation CASE-2026-0008.,E05859
EV00089,Evidence Collection,Evidence Collection involving Aditi Reddy,2024-01-24T21:20:00,L0327,C0008,Evidence Collection activity observed in connection with kidnapping investigation CASE-2026-0008.,E05860
EV00090,Arrest,Arrest involving Aditi Reddy,2024-06-26T14:57:47,L0564,C0008,Arrest activity observed in connection with kidnapping investigation CASE-2026-0008.,nan
EV00091,Surveillance,Surveillance involving Dev Khan,2024-09-02T17:10:07,L0564,C0008,Surveillance activity observed in connection with kidnapping investigation CASE-2026-0008.,nan
EV00092,Crime,Crime involving Dev Khan,2024-11-02T15:43:51,L0577,C0008,Crime activity observed in connection with kidnapping investigation CASE-2026-0008.,nan
EV00093,Vehicle Movement,Vehicle Movement involving Dhruv Thakur,2024-05-13T22:38:20,L0577,C0008,Vehicle Movement activity observed in connection with kidnapping investigation CASE-2026-0008.,nan
EV00094,Evidence Collection,Evidence Collection involving Isha Shah,2024-05-16T19:49:33,L0327,C0008,Evidence Collection activity observed in connection with kidnapping investigation CASE-2026-0008.,nan
EV00095,Evidence Collection,Evidence Collection involving Aditi Reddy,2024-08-14T18:04:12,L0577,C0008,Evidence Collection activity observed in connection with kidnapping investigation CASE-2026-0008.,nan
EV00096,Surveillance,Surveillance involving Karan Thakur,2024-07-30T09:40:34,L0514,C0008,Surveillance activity observed in connection with kidnapping investigation CASE-2026-0008.,E05861
EV00097,Arrest,Arrest involving Karan Thakur,2024-07-05T17:31:25,L0577,C0008,Arrest activity observed in connection with kidnapping investigation CASE-2026-0008.,nan
EV00098,Crime,Crime involving Arjun Naik,2024-07-28T20:40:47,L0354,C0009,Crime activity observed in connection with payment fraud investigation CASE-2026-0009.,nan
EV00099,Vehicle Movement,Vehicle Movement involving Arjun Naik,2024-07-29T10:33:27,L0396,C0009,Vehicle Movement activity observed in connection with payment fraud investigation CASE-2026-0009.,nan
EV00100,Crime,Crime involving Arjun Naik,2024-08-30T16:04:32,L0597,C0009,Crime activity observed in connection with payment fraud investigation CASE-2026-0009.,E05866
EV00101,Observation,Observation involving Tara Thakur,2024-06-22T13:00:08,L0101,C0010,Observation activity observed in connection with logistics fraud investigation CASE-2026-0010.,nan
EV00102,Call,Call involving Tara Thakur,2024-03-31T18:46:37,L0101,C0010,Call activity observed in connection with logistics fraud investigation CASE-2026-0010.,nan
EV00103,Arrest,Arrest involving Ishita Das,2024-03-01T07:13:47,L0053,C0010,Arrest activity observed in connection with logistics fraud investigation CASE-2026-0010.,E05871
EV00104,Call,Call involving Pranav Malhotra,2024-06-18T03:05:12,L0437,C0010,Call activity observed in connection with logistics fraud investigation CASE-2026-0010.,nan
EV00105,Surveillance,Surveillance involving Neha Chavan,2024-08-05T22:21:55,L0053,C0010,Surveillance activity observed in connection with logistics fraud investigation CASE-2026-0010.,nan
EV00106,Cyber Activity,Cyber Activity involving Naveen Chavan,2024-08-30T02:20:35,L0437,C0010,Cyber Activity activity observed in connection with logistics fraud investigation CASE-2026-0010.,E05872
EV00107,Meeting,Meeting involving Ishita Das,2024-08-29T18:44:58,L0101,C0010,Meeting activity observed in connection with logistics fraud investigation CASE-2026-0010.,nan
EV00108,Vehicle Movement,Vehicle Movement involving Varun Malhotra,2024-04-01T23:09:00,L0101,C0010,Vehicle Movement activity observed in connection with logistics fraud investigation CASE-2026-0010.,nan
EV00109,Vehicle Movement,Vehicle Movement involving Vivek Bansal,2024-08-01T00:58:10,L0438,C0011,Vehicle Movement activity observed in connection with murder investigation investigation CASE-2026-0011.,E05881
EV00110,Evidence Collection,Evidence Collection involving Aanya Mehta,2024-08-02T01:11:30,L0438,C0011,Evidence Collection activity observed in connection with murder investigation investigation CASE-2026-0011.,nan
EV00111,Arrest,Arrest involving Yash Malhotra,2024-08-06T11:15:47,L0235,C0011,Arrest activity observed in connection with murder investigation investigation CASE-2026-0011.,nan
EV00112,Delivery,Delivery involving Dhruv Khan,2024-07-09T12:38:44,L0438,C0011,Delivery activity observed in connection with murder investigation investigation CASE-2026-0011.,nan
EV00113,Interview,Interview involving Akash Joshi,2024-08-26T20:55:08,L0235,C0011,Interview activity observed in connection with murder investigation investigation CASE-2026-0011.,nan
EV00114,Arrest,Arrest involving Siddharth Thakur,2024-08-07T05:23:13,L0389,C0011,Arrest activity observed in connection with murder investigation investigation CASE-2026-0011.,E05882
EV00115,Financial Activity,Financial Activity involving Akash Joshi,2024-07-20T16:54:56,L0235,C0011,Financial Activity activity observed in connection with murder investigation investigation CASE-2026-0011.,E05883
EV00116,Observation,Observation involving Arjun Malhotra,2024-08-26T20:47:41,L0389,C0011,Observation activity observed in connection with murder investigation investigation CASE-2026-0011.,nan
EV00117,Delivery,Delivery involving Arjun Malhotra,2024-07-12T06:37:25,L0234,C0011,Delivery activity observed in connection with murder investigation investigation CASE-2026-0011.,nan
EV00118,Surveillance,Surveillance involving Avni Nair,2024-01-11T22:06:17,L0152,C0012,Surveillance activity observed in connection with insurance fraud investigation CASE-2026-0012.,nan
EV00119,Meeting,Meeting involving Siddharth Menon,2024-08-09T15:23:11,L0110,C0012,Meeting activity observed in connection with insurance fraud investigation CASE-2026-0012.,nan
EV00120,Interview,Interview involving Tanvi Chavan,2024-09-19T01:32:13,L0092,C0012,Interview activity observed in connection with insurance fraud investigation CASE-2026-0012.,E05892
EV00121,Arrest,Arrest involving Rahul Verma,2024-06-14T16:43:38,L0152,C0012,Arrest activity observed in connection with insurance fraud investigation CASE-2026-0012.,E05893
EV00122,Meeting,Meeting involving Naveen Reddy,2024-04-06T12:10:30,L0152,C0012,Meeting activity observed in connection with insurance fraud investigation CASE-2026-0012.,nan
EV00123,Evidence Collection,Evidence Collection involving Nikhil Verma,2024-05-12T05:24:43,L0152,C0012,Evidence Collection activity observed in connection with insurance fraud investigation CASE-2026-0012.,nan
EV00124,Surveillance,Surveillance involving Avni Nair,2024-05-06T14:15:04,L0110,C0012,Surveillance activity observed in connection with insurance fraud investigation CASE-2026-0012.,nan
EV00125,Transaction,Transaction involving Nikhil Verma,2024-08-05T08:36:53,L0110,C0012,Transaction activity observed in connection with insurance fraud investigation CASE-2026-0012.,E05894
EV00126,Delivery,Delivery involving Nikhil Verma,2024-04-10T19:00:43,L0577,C0012,Delivery activity observed in connection with insurance fraud investigation CASE-2026-0012.,E05895
EV00127,Observation,Observation involving Rohan Ghosh,2024-04-22T11:33:46,L0471,C0013,Observation activity observed in connection with simple robbery investigation CASE-2026-0013.,nan
EV00128,Meeting,Meeting involving Rahul Naik,2024-03-21T11:28:05,L0449,C0013,Meeting activity observed in connection with simple robbery investigation CASE-2026-0013.,nan
EV00129,Delivery,Delivery involving Nikhil Mehta,2024-04-10T01:58:22,L0432,C0014,Delivery activity observed in connection with large organized crime network investigation CASE-2026-0014.,nan
EV00130,Vehicle Movement,Vehicle Movement involving Simran Thakur,2024-07-26T23:03:49,L0551,C0014,Vehicle Movement activity observed in connection with large organized crime network investigation CASE-2026-0014.,E05911
EV00131,Delivery,Delivery involving Isha Desai,2024-05-18T17:19:56,L0600,C0014,Delivery activity observed in connection with large organized crime network investigation CASE-2026-0014.,nan
EV00132,Observation,Observation involving Riya Rao,2024-03-13T14:41:25,L0383,C0014,Observation activity observed in connection with large organized crime network investigation CASE-2026-0014.,E05912
EV00133,Call,Call involving Akash Desai,2024-06-22T11:35:07,L0551,C0014,Call activity observed in connection with large organized crime network investigation CASE-2026-0014.,E05913
EV00134,Vehicle Movement,Vehicle Movement involving Isha Desai,2024-08-30T13:50:32,L0383,C0014,Vehicle Movement activity observed in connection with large organized crime network investigation CASE-2026-0014.,nan
EV00135,Crime,Crime involving Pallavi Iyer,2024-04-24T06:25:27,L0383,C0014,Crime activity observed in connection with large organized crime network investigation CASE-2026-0014.,E05914
EV00136,Meeting,Meeting involving Rohan Shetty,2024-03-17T22:28:52,L0383,C0014,Meeting activity observed in connection with large organized crime network investigation CASE-2026-0014.,nan
EV00137,Vehicle Movement,Vehicle Movement involving Akash Patil,2024-07-14T04:08:15,L0600,C0014,Vehicle Movement activity observed in connection with large organized crime network investigation CASE-2026-0014.,nan
EV00138,Cyber Activity,Cyber Activity involving Pallavi Iyer,2024-08-15T01:15:04,L0431,C0014,Cyber Activity activity observed in connection with large organized crime network investigation CASE-2026-0014.,nan
EV00139,Surveillance,Surveillance involving Ritesh Patil,2024-05-03T19:49:11,L0551,C0014,Surveillance activity observed in connection with large organized crime network investigation CASE-2026-0014.,nan
EV00140,Vehicle Movement,Vehicle Movement involving Arnav Kulkarni,2024-07-16T21:28:31,L0205,C0015,Vehicle Movement activity observed in connection with property fraud investigation CASE-2026-0015.,nan
EV00141,Surveillance,Surveillance involving Aanya Khan,2024-08-28T01:47:28,L0065,C0015,Surveillance activity observed in connection with property fraud investigation CASE-2026-0015.,nan
EV00142,Meeting,Meeting involving Karan Nair,2024-07-14T16:12:50,L0593,C0015,Meeting activity observed in connection with property fraud investigation CASE-2026-0015.,E05924
EV00143,Call,Call involving Anushka Patil,2024-08-20T14:59:48,L0593,C0015,Call activity observed in connection with property fraud investigation CASE-2026-0015.,E05925
EV00144,Financial Activity,Financial Activity involving Manav Naik,2024-07-14T00:08:25,L0593,C0015,Financial Activity activity observed in connection with property fraud investigation CASE-2026-0015.,nan
EV00145,Transaction,Transaction involving Aanya Khan,2024-07-31T23:18:05,L0065,C0015,Transaction activity observed in connection with property fraud investigation CASE-2026-0015.,nan
EV00146,Interview,Interview involving Varun Menon,2024-08-12T22:00:42,L0026,C0015,Interview activity observed in connection with property fraud investigation CASE-2026-0015.,E05926
EV00147,Observation,Observation involving Rhea Patil,2024-08-19T00:09:20,L0026,C0015,Observation activity observed in connection with property fraud investigation CASE-2026-0015.,nan
EV00148,Meeting,Meeting involving Mahi Rao,2024-07-18T22:35:15,L0205,C0015,Meeting activity observed in connection with property fraud investigation CASE-2026-0015.,E05927
EV00149,Transaction,Transaction involving Pranav Shetty,2024-08-07T13:25:42,L0195,C0015,Transaction activity observed in connection with property fraud investigation CASE-2026-0015.,nan
EV00150,Meeting,Meeting involving Siddharth Thakur,2024-07-30T23:51:09,L0195,C0015,Meeting activity observed in connection with property fraud investigation CASE-2026-0015.,nan
EV00151,Evidence Collection,Evidence Collection involving Siddharth Thakur,2024-08-16T16:20:20,L0593,C0015,Evidence Collection activity observed in connection with property fraud investigation CASE-2026-0015.,E05928
EV00152,Delivery,Delivery involving Aditya Jadhav,2024-08-26T15:45:50,L0205,C0015,Delivery activity observed in connection with property fraud investigation CASE-2026-0015.,E05929
EV00153,Call,Call involving Pranav Shetty,2024-07-29T08:05:26,L0026,C0015,Call activity observed in connection with property fraud investigation CASE-2026-0015.,E05930
EV00154,Meeting,Meeting involving Karan Nair,2024-08-20T05:46:07,L0205,C0015,Meeting activity observed in connection with property fraud investigation CASE-2026-0015.,nan
EV00155,Surveillance,Surveillance involving Aniket Reddy,2024-11-18T20:36:44,L0171,C0016,Surveillance activity observed in connection with financial crime investigation investigation CASE-2026-0016.,nan
EV00156,Call,Call involving Aniket Reddy,2024-08-20T22:55:22,L0428,C0016,Call activity observed in connection with financial crime investigation investigation CASE-2026-0016.,nan
EV00157,Cyber Activity,Cyber Activity involving Aniket Reddy,2024-04-08T20:14:02,L0308,C0016,Cyber Activity activity observed in connection with financial crime investigation investigation CASE-2026-0016.,nan
EV00158,Surveillance,Surveillance involving Rhea Saxena,2024-05-03T02:57:16,L0171,C0016,Surveillance activity observed in connection with financial crime investigation investigation CASE-2026-0016.,nan
EV00159,Interview,Interview involving Ritesh Kapoor,2024-03-10T06:26:23,L0222,C0016,Interview activity observed in connection with financial crime investigation investigation CASE-2026-0016.,nan
EV00160,Meeting,Meeting involving Naveen Pillai,2024-08-14T16:02:10,L0171,C0016,Meeting activity observed in connection with financial crime investigation investigation CASE-2026-0016.,nan
EV00161,Surveillance,Surveillance involving Pooja Nair,2024-07-16T20:01:25,L0428,C0016,Surveillance activity observed in connection with financial crime investigation investigation CASE-2026-0016.,nan
EV00162,Interview,Interview involving Rhea Bansal,2024-04-12T01:26:06,L0428,C0016,Interview activity observed in connection with financial crime investigation investigation CASE-2026-0016.,nan
EV00163,Evidence Collection,Evidence Collection involving Arnav Thakur,2024-10-23T09:01:27,L0308,C0016,Evidence Collection activity observed in connection with financial crime investigation investigation CASE-2026-0016.,nan
EV00164,Arrest,Arrest involving Saurabh Iyer,2024-02-26T09:23:24,L0222,C0016,Arrest activity observed in connection with financial crime investigation investigation CASE-2026-0016.,E05945
EV00165,Call,Call involving Karan Kapoor,2024-01-30T02:09:51,L0200,C0016,Call activity observed in connection with financial crime investigation investigation CASE-2026-0016.,E05946
EV00166,Transaction,Transaction involving Naina Kapoor,2024-12-02T18:23:56,L0428,C0016,Transaction activity observed in connection with financial crime investigation investigation CASE-2026-0016.,nan
EV00167,Surveillance,Surveillance involving Sneha Jadhav,2024-09-20T22:41:57,L0428,C0016,Surveillance activity observed in connection with financial crime investigation investigation CASE-2026-0016.,E05947
EV00168,Surveillance,Surveillance involving Arnav Thakur,2024-04-05T10:00:28,L0428,C0016,Surveillance activity observed in connection with financial crime investigation investigation CASE-2026-0016.,nan
EV00169,Call,Call involving Avni Singh,2024-12-16T18:57:58,L0258,C0017,Call activity observed in connection with burglary investigation CASE-2026-0017.,nan
EV00170,Delivery,Delivery involving Zoya Reddy,2024-07-29T03:20:03,L0258,C0017,Delivery activity observed in connection with burglary investigation CASE-2026-0017.,nan
EV00171,Observation,Observation involving Nikhil Bhat,2024-06-15T19:43:51,L0258,C0017,Observation activity observed in connection with burglary investigation CASE-2026-0017.,E05951
EV00172,Surveillance,Surveillance involving Anushka Verma,2024-07-11T07:48:47,L0219,C0018,Surveillance activity observed in connection with procurement fraud investigation CASE-2026-0018.,nan
EV00173,Vehicle Movement,Vehicle Movement involving Dev Pillai,2024-04-05T04:01:21,L0219,C0018,Vehicle Movement activity observed in connection with procurement fraud investigation CASE-2026-0018.,nan
EV00174,Transaction,Transaction involving Ritesh Iyer,2024-08-10T13:40:04,L0302,C0018,Transaction activity observed in connection with procurement fraud investigation CASE-2026-0018.,nan
EV00175,Interview,Interview involving Sneha Kulkarni,2024-07-31T05:23:47,L0183,C0018,Interview activity observed in connection with procurement fraud investigation CASE-2026-0018.,nan
EV00176,Transaction,Transaction involving Mohit Nair,2024-04-29T02:32:34,L0246,C0018,Transaction activity observed in connection with procurement fraud investigation CASE-2026-0018.,nan
EV00177,Meeting,Meeting involving Harsh Mehta,2024-04-26T15:46:17,L0302,C0018,Meeting activity observed in connection with procurement fraud investigation CASE-2026-0018.,E05966
EV00178,Interview,Interview involving Yamini Nair,2024-08-24T16:26:54,L0302,C0018,Interview activity observed in connection with procurement fraud investigation CASE-2026-0018.,nan
EV00179,Crime,Crime involving Siddharth Bansal,2024-05-15T22:09:29,L0219,C0018,Crime activity observed in connection with procurement fraud investigation CASE-2026-0018.,E05967
EV00180,Arrest,Arrest involving Ritesh Iyer,2024-08-10T11:25:38,L0219,C0018,Arrest activity observed in connection with procurement fraud investigation CASE-2026-0018.,nan
EV00181,Meeting,Meeting involving Karan Nair,2024-03-17T21:22:11,L0219,C0018,Meeting activity observed in connection with procurement fraud investigation CASE-2026-0018.,nan
EV00182,Meeting,Meeting involving Yamini Nair,2024-08-31T09:07:36,L0183,C0018,Meeting activity observed in connection with procurement fraud investigation CASE-2026-0018.,nan
EV00183,Vehicle Movement,Vehicle Movement involving Ritesh Iyer,2024-04-18T07:09:15,L0219,C0018,Vehicle Movement activity observed in connection with procurement fraud investigation CASE-2026-0018.,nan
EV00184,Financial Activity,Financial Activity involving Karan Naik,2024-08-16T19:32:31,L0411,C0019,Financial Activity activity observed in connection with theft investigation CASE-2026-0019.,nan
EV00185,Vehicle Movement,Vehicle Movement involving Karan Naik,2024-04-29T13:36:59,L0411,C0019,Vehicle Movement activity observed in connection with theft investigation CASE-2026-0019.,nan
EV00186,Meeting,Meeting involving Karan Mehta,2024-07-01T06:35:32,L0097,C0020,Meeting activity observed in connection with money laundering investigation investigation CASE-2026-0020.,nan
EV00187,Meeting,Meeting involving Isha Jadhav,2024-07-11T16:22:13,L0462,C0020,Meeting activity observed in connection with money laundering investigation investigation CASE-2026-0020.,nan
EV00188,Financial Activity,Financial Activity involving Kavya Joshi,2024-05-08T15:33:59,L0101,C0020,Financial Activity activity observed in connection with money laundering investigation investigation CASE-2026-0020.,E05985
EV00189,Delivery,Delivery involving Karan Mehta,2024-08-25T10:37:12,L0462,C0020,Delivery activity observed in connection with money laundering investigation investigation CASE-2026-0020.,E05986
EV00190,Observation,Observation involving Sana Ghosh,2024-05-10T01:25:20,L0166,C0020,Observation activity observed in connection with money laundering investigation investigation CASE-2026-0020.,nan
EV00191,Arrest,Arrest involving Ananya Bansal,2024-07-05T20:01:38,L0166,C0020,Arrest activity observed in connection with money laundering investigation investigation CASE-2026-0020.,nan
EV00192,Interview,Interview involving Dev Singh,2024-04-12T01:28:13,L0166,C0020,Interview activity observed in connection with money laundering investigation investigation CASE-2026-0020.,nan
EV00193,Financial Activity,Financial Activity involving Tanvi Nair,2024-05-31T16:22:06,L0462,C0020,Financial Activity activity observed in connection with money laundering investigation investigation CASE-2026-0020.,nan
EV00194,Delivery,Delivery involving Siddharth Singh,2024-04-24T13:56:38,L0097,C0020,Delivery activity observed in connection with money laundering investigation investigation CASE-2026-0020.,nan
EV00195,Arrest,Arrest involving Kiara Shah,2024-08-13T00:56:14,L0097,C0020,Arrest activity observed in connection with money laundering investigation investigation CASE-2026-0020.,E05987
EV00196,Vehicle Movement,Vehicle Movement involving Ritesh Shah,2024-05-25T19:36:17,L0101,C0020,Vehicle Movement activity observed in connection with money laundering investigation investigation CASE-2026-0020.,nan
EV00197,Financial Activity,Financial Activity involving Siddharth Singh,2024-03-16T01:11:54,L0101,C0020,Financial Activity activity observed in connection with money laundering investigation investigation CASE-2026-0020.,nan
EV00198,Surveillance,Surveillance involving Aniket Das,2024-04-07T06:23:31,L0109,C0020,Surveillance activity observed in connection with money laundering investigation investigation CASE-2026-0020.,nan
EV00199,Meeting,Meeting involving Raj Verma,2024-08-26T05:24:40,L0166,C0020,Meeting activity observed in connection with money laundering investigation investigation CASE-2026-0020.,E05988
EV00200,Transaction,Transaction involving Anushka Desai,2024-03-16T02:14:48,L0166,C0020,Transaction activity observed in connection with money laundering investigation investigation CASE-2026-0020.,nan
EV00201,Arrest,Arrest involving Anushka Desai,2024-04-16T17:16:54,L0166,C0020,Arrest activity observed in connection with money laundering investigation investigation CASE-2026-0020.,nan
EV00202,Arrest,Arrest involving Tanvi Reddy,2024-07-30T04:09:20,L0307,C0021,Arrest activity observed in connection with vehicle theft investigation CASE-2026-0021.,nan
EV00203,Vehicle Movement,Vehicle Movement involving Tanvi Reddy,2024-07-04T04:00:29,L0176,C0021,Vehicle Movement activity observed in connection with vehicle theft investigation CASE-2026-0021.,nan
EV00204,Interview,Interview involving Saurabh Sethi,2024-01-11T08:14:31,L0446,C0022,Interview activity observed in connection with vehicle theft investigation CASE-2026-0022.,nan
EV00205,Crime,Crime involving Ishaan Kapoor,2024-01-20T10:46:47,L0538,C0022,Crime activity observed in connection with vehicle theft investigation CASE-2026-0022.,nan
EV00206,Meeting,Meeting involving Ishaan Kapoor,2024-12-11T18:13:31,L0495,C0022,Meeting activity observed in connection with vehicle theft investigation CASE-2026-0022.,nan
EV00207,Meeting,Meeting involving Mahi Sethi,2024-08-02T12:19:37,L0019,C0023,Meeting activity observed in connection with payment fraud investigation CASE-2026-0023.,nan
EV00208,Transaction,Transaction involving Aarav Kapoor,2024-06-28T11:29:58,L0245,C0023,Transaction activity observed in connection with payment fraud investigation CASE-2026-0023.,E05995
EV00209,Meeting,Meeting involving Aarav Kapoor,2024-07-20T18:55:19,L0090,C0023,Meeting activity observed in connection with payment fraud investigation CASE-2026-0023.,E05996
EV00210,Observation,Observation involving Arnav Chavan,2024-03-21T16:35:17,L0141,C0024,Observation activity observed in connection with kidnapping investigation CASE-2026-0024.,E06008
EV00211,Cyber Activity,Cyber Activity involving Neha Das,2024-03-27T22:51:42,L0141,C0024,Cyber Activity activity observed in connection with kidnapping investigation CASE-2026-0024.,nan
EV00212,Evidence Collection,Evidence Collection involving Rahul Verma,2024-02-19T00:21:57,L0575,C0024,Evidence Collection activity observed in connection with kidnapping investigation CASE-2026-0024.,nan
EV00213,Crime,Crime involving Pooja Rao,2024-02-08T09:28:34,L0141,C0024,Crime activity observed in connection with kidnapping investigation CASE-2026-0024.,nan
EV00214,Call,Call involving Shreya Das,2024-05-12T22:32:59,L0102,C0024,Call activity observed in connection with kidnapping investigation CASE-2026-0024.,E06009
EV00215,Observation,Observation involving Raj Shah,2024-04-13T23:18:17,L0364,C0024,Observation activity observed in connection with kidnapping investigation CASE-2026-0024.,nan
EV00216,Evidence Collection,Evidence Collection involving Akash Menon,2024-02-04T20:40:23,L0059,C0024,Evidence Collection activity observed in connection with kidnapping investigation CASE-2026-0024.,nan
EV00217,Crime,Crime involving Rahul Verma,2024-06-09T19:53:53,L0141,C0024,Crime activity observed in connection with kidnapping investigation CASE-2026-0024.,nan
EV00218,Surveillance,Surveillance involving Vidhi Thakur,2024-04-06T15:33:13,L0364,C0024,Surveillance activity observed in connection with kidnapping investigation CASE-2026-0024.,nan
EV00219,Interview,Interview involving Rohan Saxena,2024-08-31T00:05:10,L0102,C0024,Interview activity observed in connection with kidnapping investigation CASE-2026-0024.,E06010
EV00220,Call,Call involving Raj Verma,2024-08-31T04:41:54,L0059,C0024,Call activity observed in connection with kidnapping investigation CASE-2026-0024.,nan
EV00221,Arrest,Arrest involving Ananya Nair,2024-02-01T01:00:32,L0364,C0024,Arrest activity observed in connection with kidnapping investigation CASE-2026-0024.,nan
EV00222,Observation,Observation involving Sameer Khan,2024-10-01T05:09:49,L0116,C0025,Observation activity observed in connection with assault investigation CASE-2026-0025.,E06018
EV00223,Interview,Interview involving Pranav Patil,2024-07-27T16:28:28,L0073,C0025,Interview activity observed in connection with assault investigation CASE-2026-0025.,nan
EV00224,Interview,Interview involving Diya Saxena,2024-06-08T20:05:09,L0115,C0025,Interview activity observed in connection with assault investigation CASE-2026-0025.,E06019
EV00225,Interview,Interview involving Sameer Khan,2024-12-10T09:00:58,L0569,C0025,Interview activity observed in connection with assault investigation CASE-2026-0025.,nan
EV00226,Surveillance,Surveillance involving Avni Mishra,2024-06-24T08:19:07,L0525,C0025,Surveillance activity observed in connection with assault investigation CASE-2026-0025.,nan
EV00227,Vehicle Movement,Vehicle Movement involving Ishaan Nair,2024-08-27T00:22:58,L0525,C0025,Vehicle Movement activity observed in connection with assault investigation CASE-2026-0025.,nan
EV00228,Crime,Crime involving Naina Iyer,2024-06-12T05:48:37,L0525,C0025,Crime activity observed in connection with assault investigation CASE-2026-0025.,nan
EV00229,Delivery,Delivery involving Nisha Gupta,2024-10-18T15:53:22,L0073,C0025,Delivery activity observed in connection with assault investigation CASE-2026-0025.,E06020
EV00230,Arrest,Arrest involving Dev Khan,2024-07-01T08:44:39,L0123,C0026,Arrest activity observed in connection with individual cyber fraud investigation CASE-2026-0026.,E06025
EV00231,Interview,Interview involving Rohan Menon,2024-11-15T20:09:48,L0123,C0026,Interview activity observed in connection with individual cyber fraud investigation CASE-2026-0026.,nan
EV00232,Evidence Collection,Evidence Collection involving Pooja Sethi,2024-03-06T00:05:16,L0037,C0027,Evidence Collection activity observed in connection with unauthorized access investigation CASE-2026-0027.,E06027
EV00233,Crime,Crime involving Zoya Verma,2024-05-26T20:49:09,L0037,C0027,Crime activity observed in connection with unauthorized access investigation CASE-2026-0027.,E06028
EV00234,Meeting,Meeting involving Saurabh Khan,2024-08-27T21:00:51,L0369,C0028,Meeting activity observed in connection with minor fraud investigation CASE-2026-0028.,nan
EV00235,Transaction,Transaction involving Dhruv Mishra,2024-08-26T15:54:14,L0215,C0028,Transaction activity observed in connection with minor fraud investigation CASE-2026-0028.,nan
EV00236,Meeting,Meeting involving Naina Das,2024-08-27T07:05:58,L0298,C0028,Meeting activity observed in connection with minor fraud investigation CASE-2026-0028.,E06031
EV00237,Crime,Crime involving Mahi Bhat,2024-08-29T02:39:46,L0290,C0029,Crime activity observed in connection with large financial crime network investigation CASE-2026-0029.,nan
EV00238,Arrest,Arrest involving Kavya Nair,2024-02-20T06:54:26,L0220,C0029,Arrest activity observed in connection with large financial crime network investigation CASE-2026-0029.,nan
EV00239,Call,Call involving Kunal Kapoor,2024-11-20T09:04:21,L0220,C0029,Call activity observed in connection with large financial crime network investigation CASE-2026-0029.,E06054
EV00240,Arrest,Arrest involving Sameer Kapoor,2024-05-11T05:44:50,L0228,C0029,Arrest activity observed in connection with large financial crime network investigation CASE-2026-0029.,nan
EV00241,Delivery,Delivery involving Zoya Mehta,2024-12-06T08:59:39,L0228,C0029,Delivery activity observed in connection with large financial crime network investigation CASE-2026-0029.,nan
EV00242,Delivery,Delivery involving Zoya Mehta,2024-12-18T12:06:35,L0220,C0029,Delivery activity observed in connection with large financial crime network investigation CASE-2026-0029.,nan
EV00243,Evidence Collection,Evidence Collection involving Vanya Singh,2024-06-12T20:34:44,L0290,C0029,Evidence Collection activity observed in connection with large financial crime network investigation CASE-2026-0029.,nan
EV00244,Transaction,Transaction involving Aditya Ghosh,2024-05-16T09:40:17,L0220,C0029,Transaction activity observed in connection with large financial crime network investigation CASE-2026-0029.,E06055
EV00245,Financial Activity,Financial Activity involving Aanya Saxena,2024-02-04T21:10:08,L0290,C0029,Financial Activity activity observed in connection with large financial crime network investigation CASE-2026-0029.,nan
EV00246,Vehicle Movement,Vehicle Movement involving Aniket Reddy,2024-03-09T01:32:46,L0290,C0029,Vehicle Movement activity observed in connection with large financial crime network investigation CASE-2026-0029.,nan
EV00247,Evidence Collection,Evidence Collection involving Harsh Nair,2024-07-01T19:22:58,L0365,C0029,Evidence Collection activity observed in connection with large financial crime network investigation CASE-2026-0029.,nan
EV00248,Call,Call involving Vidhi Rao,2024-07-30T04:27:42,L0228,C0029,Call activity observed in connection with large financial crime network investigation CASE-2026-0029.,nan
EV00249,Interview,Interview involving Aditya Sethi,2024-03-11T21:50:06,L0290,C0029,Interview activity observed in connection with large financial crime network investigation CASE-2026-0029.,E06056
EV00250,Observation,Observation involving Harsh Nair,2024-06-17T07:06:25,L0220,C0029,Observation activity observed in connection with large financial crime network investigation CASE-2026-0029.,E06057
EV00251,Crime,Crime involving Aniket Reddy,2024-06-17T07:49:06,L0290,C0029,Crime activity observed in connection with large financial crime network investigation CASE-2026-0029.,nan
EV00252,Crime,Crime involving Zoya Verma,2024-05-09T18:56:54,L0290,C0029,Crime activity observed in connection with large financial crime network investigation CASE-2026-0029.,nan
EV00253,Cyber Activity,Cyber Activity involving Vanya Singh,2024-07-16T20:08:28,L0220,C0029,Cyber Activity activity observed in connection with large financial crime network investigation CASE-2026-0029.,nan
EV00254,Transaction,Transaction involving Mohit Mishra,2024-06-02T14:03:46,L0290,C0029,Transaction activity observed in connection with large financial crime network investigation CASE-2026-0029.,E06058
EV00255,Call,Call involving Harsh Nair,2024-01-22T22:44:24,L0290,C0029,Call activity observed in connection with large financial crime network investigation CASE-2026-0029.,nan
EV00256,Cyber Activity,Cyber Activity involving Vivek Singh,2024-08-10T18:12:37,L0365,C0029,Cyber Activity activity observed in connection with large financial crime network investigation CASE-2026-0029.,E06059
EV00257,Financial Activity,Financial Activity involving Vidhi Rao,2024-08-31T09:10:45,L0518,C0029,Financial Activity activity observed in connection with large financial crime network investigation CASE-2026-0029.,nan
EV00258,Delivery,Delivery involving Vidhi Rao,2024-04-28T21:45:22,L0518,C0029,Delivery activity observed in connection with large financial crime network investigation CASE-2026-0029.,nan
EV00259,Vehicle Movement,Vehicle Movement involving Aditya Ghosh,2024-03-20T23:37:53,L0220,C0029,Vehicle Movement activity observed in connection with large financial crime network investigation CASE-2026-0029.,E06060
EV00260,Observation,Observation involving Neha Sethi,2024-02-17T15:28:11,L0365,C0029,Observation activity observed in connection with large financial crime network investigation CASE-2026-0029.,E06061
EV00261,Surveillance,Surveillance involving Meera Kapoor,2024-02-19T01:33:20,L0290,C0029,Surveillance activity observed in connection with large financial crime network investigation CASE-2026-0029.,nan
EV00262,Meeting,Meeting involving Mohit Mishra,2024-03-23T22:09:17,L0220,C0029,Meeting activity observed in connection with large financial crime network investigation CASE-2026-0029.,nan
EV00263,Financial Activity,Financial Activity involving Aanya Saxena,2024-01-18T14:40:49,L0518,C0029,Financial Activity activity observed in connection with large financial crime network investigation CASE-2026-0029.,nan
EV00264,Observation,Observation involving Shreya Iyer,2024-11-17T22:09:14,L0290,C0029,Observation activity observed in connection with large financial crime network investigation CASE-2026-0029.,nan
EV00265,Cyber Activity,Cyber Activity involving Rhea Malhotra,2024-05-27T19:57:36,L0365,C0029,Cyber Activity activity observed in connection with large financial crime network investigation CASE-2026-0029.,nan
EV00266,Financial Activity,Financial Activity involving Vivek Singh,2024-08-14T09:40:40,L0228,C0029,Financial Activity activity observed in connection with large financial crime network investigation CASE-2026-0029.,E06062
EV00267,Delivery,Delivery involving Meera Kapoor,2024-05-10T00:41:25,L0518,C0029,Delivery activity observed in connection with large financial crime network investigation CASE-2026-0029.,E06063
EV00268,Transaction,Transaction involving Avni Desai,2024-12-21T22:36:06,L0365,C0029,Transaction activity observed in connection with large financial crime network investigation CASE-2026-0029.,nan
EV00269,Financial Activity,Financial Activity involving Zoya Verma,2024-07-01T04:45:42,L0290,C0029,Financial Activity activity observed in connection with large financial crime network investigation CASE-2026-0029.,nan
EV00270,Transaction,Transaction involving Avni Kapoor,2024-07-06T10:06:18,L0228,C0029,Transaction activity observed in connection with large financial crime network investigation CASE-2026-0029.,nan
EV00271,Arrest,Arrest involving Avni Desai,2024-12-24T03:34:54,L0518,C0029,Arrest activity observed in connection with large financial crime network investigation CASE-2026-0029.,E06064
EV00272,Delivery,Delivery involving Aniket Pillai,2024-04-19T06:51:01,L0399,C0030,Delivery activity observed in connection with individual cyber fraud investigation CASE-2026-0030.,nan
EV00273,Arrest,Arrest involving Aniket Pillai,2024-06-05T09:44:35,L0262,C0030,Arrest activity observed in connection with individual cyber fraud investigation CASE-2026-0030.,E06067
EV00274,Transaction,Transaction involving Naina Mehta,2024-08-24T02:47:22,L0132,C0030,Transaction activity observed in connection with individual cyber fraud investigation CASE-2026-0030.,nan
EV00275,Crime,Crime involving Rohan Kulkarni,2024-08-27T09:42:09,L0069,C0031,Crime activity observed in connection with money laundering investigation investigation CASE-2026-0031.,E06078
EV00276,Observation,Observation involving Saurabh Patil,2024-08-04T09:06:09,L0113,C0031,Observation activity observed in connection with money laundering investigation investigation CASE-2026-0031.,nan
EV00277,Observation,Observation involving Vanya Khan,2024-08-20T10:42:40,L0090,C0031,Observation activity observed in connection with money laundering investigation investigation CASE-2026-0031.,nan
EV00278,Arrest,Arrest involving Yamini Mehta,2024-08-27T11:51:32,L0596,C0031,Arrest activity observed in connection with money laundering investigation investigation CASE-2026-0031.,nan
EV00279,Delivery,Delivery involving Kabir Thakur,2024-08-12T20:04:24,L0596,C0031,Delivery activity observed in connection with money laundering investigation investigation CASE-2026-0031.,nan
EV00280,Interview,Interview involving Tanvi Menon,2024-08-20T11:52:18,L0043,C0031,Interview activity observed in connection with money laundering investigation investigation CASE-2026-0031.,nan
EV00281,Call,Call involving Yamini Mehta,2024-08-15T21:02:49,L0090,C0031,Call activity observed in connection with money laundering investigation investigation CASE-2026-0031.,E06079
EV00282,Arrest,Arrest involving Rohan Kulkarni,2024-08-06T05:21:50,L0113,C0031,Arrest activity observed in connection with money laundering investigation investigation CASE-2026-0031.,nan
EV00283,Arrest,Arrest involving Tanvi Menon,2024-08-16T00:42:15,L0069,C0031,Arrest activity observed in connection with money laundering investigation investigation CASE-2026-0031.,nan
EV00284,Meeting,Meeting involving Zoya Mishra,2024-08-24T00:12:52,L0090,C0031,Meeting activity observed in connection with money laundering investigation investigation CASE-2026-0031.,nan
EV00285,Delivery,Delivery involving Aditi Das,2024-08-13T13:05:09,L0596,C0031,Delivery activity observed in connection with money laundering investigation investigation CASE-2026-0031.,nan
EV00286,Surveillance,Surveillance involving Riya Mishra,2024-08-26T04:40:30,L0090,C0031,Surveillance activity observed in connection with money laundering investigation investigation CASE-2026-0031.,E06080
EV00287,Evidence Collection,Evidence Collection involving Kabir Thakur,2024-08-09T11:36:55,L0596,C0031,Evidence Collection activity observed in connection with money laundering investigation investigation CASE-2026-0031.,nan
EV00288,Delivery,Delivery involving Riya Mishra,2024-08-30T21:53:25,L0113,C0031,Delivery activity observed in connection with money laundering investigation investigation CASE-2026-0031.,nan
EV00289,Observation,Observation involving Isha Khan,2024-10-29T05:07:28,L0324,C0032,Observation activity observed in connection with unauthorized access investigation CASE-2026-0032.,E06083
EV00290,Delivery,Delivery involving Mahi Gupta,2024-03-18T12:33:38,L0324,C0032,Delivery activity observed in connection with unauthorized access investigation CASE-2026-0032.,nan
EV00291,Surveillance,Surveillance involving Raj Ghosh,2024-09-19T03:59:03,L0426,C0032,Surveillance activity observed in connection with unauthorized access investigation CASE-2026-0032.,E06084
EV00292,Call,Call involving Isha Khan,2024-09-23T13:35:08,L0069,C0032,Call activity observed in connection with unauthorized access investigation CASE-2026-0032.,nan
EV00293,Surveillance,Surveillance involving Varun Menon,2024-06-19T02:01:57,L0334,C0033,Surveillance activity observed in connection with vehicle theft investigation CASE-2026-0033.,E06085
EV00294,Observation,Observation involving Naveen Khan,2024-02-19T05:15:26,L0334,C0033,Observation activity observed in connection with vehicle theft investigation CASE-2026-0033.,nan
EV00295,Meeting,Meeting involving Varun Menon,2024-07-04T23:00:35,L0334,C0033,Meeting activity observed in connection with vehicle theft investigation CASE-2026-0033.,E06086
EV00296,Meeting,Meeting involving Kunal Patil,2024-04-06T23:00:58,L0054,C0034,Meeting activity observed in connection with theft investigation CASE-2026-0034.,E06092
EV00297,Observation,Observation involving Kunal Patil,2024-04-06T18:00:26,L0144,C0034,Observation activity observed in connection with theft investigation CASE-2026-0034.,nan
EV00298,Financial Activity,Financial Activity involving Neha Pillai,2024-08-16T08:25:47,L0282,C0035,Financial Activity activity observed in connection with procurement fraud investigation CASE-2026-0035.,nan
EV00299,Evidence Collection,Evidence Collection involving Nisha Verma,2024-06-02T03:26:13,L0013,C0035,Evidence Collection activity observed in connection with procurement fraud investigation CASE-2026-0035.,nan
EV00300,Surveillance,Surveillance involving Neha Saxena,2024-08-07T16:40:30,L0013,C0035,Surveillance activity observed in connection with procurement fraud investigation CASE-2026-0035.,nan
EV00301,Arrest,Arrest involving Yamini Joshi,2024-06-01T00:29:22,L0447,C0035,Arrest activity observed in connection with procurement fraud investigation CASE-2026-0035.,nan
EV00302,Financial Activity,Financial Activity involving Ritesh Shah,2024-06-27T14:49:11,L0282,C0035,Financial Activity activity observed in connection with procurement fraud investigation CASE-2026-0035.,E06103
EV00303,Financial Activity,Financial Activity involving Naina Sethi,2024-08-15T19:34:08,L0013,C0035,Financial Activity activity observed in connection with procurement fraud investigation CASE-2026-0035.,E06104
EV00304,Meeting,Meeting involving Sneha Joshi,2024-05-31T08:15:15,L0447,C0035,Meeting activity observed in connection with procurement fraud investigation CASE-2026-0035.,nan
EV00305,Delivery,Delivery involving Isha Verma,2024-07-11T12:51:06,L0282,C0035,Delivery activity observed in connection with procurement fraud investigation CASE-2026-0035.,nan
EV00306,Cyber Activity,Cyber Activity involving Naina Mishra,2024-07-09T17:17:37,L0006,C0035,Cyber Activity activity observed in connection with procurement fraud investigation CASE-2026-0035.,E06105
EV00307,Surveillance,Surveillance involving Sana Iyer,2024-07-16T14:55:34,L0013,C0035,Surveillance activity observed in connection with procurement fraud investigation CASE-2026-0035.,E06106
EV00308,Arrest,Arrest involving Naina Mishra,2024-06-19T17:07:29,L0282,C0035,Arrest activity observed in connection with procurement fraud investigation CASE-2026-0035.,nan
EV00309,Financial Activity,Financial Activity involving Naina Sethi,2024-08-20T12:10:26,L0282,C0035,Financial Activity activity observed in connection with procurement fraud investigation CASE-2026-0035.,nan
EV00310,Crime,Crime involving Kabir Nair,2024-07-03T20:51:37,L0186,C0035,Crime activity observed in connection with procurement fraud investigation CASE-2026-0035.,E06107
EV00311,Transaction,Transaction involving Yamini Sethi,2024-08-27T22:42:49,L0282,C0035,Transaction activity observed in connection with procurement fraud investigation CASE-2026-0035.,nan
EV00312,Cyber Activity,Cyber Activity involving Nikhil Joshi,2024-06-20T18:51:23,L0114,C0036,Cyber Activity activity observed in connection with document fraud investigation CASE-2026-0036.,E06112
EV00313,Observation,Observation involving Sameer Shah,2024-07-08T01:31:40,L0556,C0036,Observation activity observed in connection with document fraud investigation CASE-2026-0036.,E06113
EV00314,Meeting,Meeting involving Sneha Bansal,2024-06-10T01:24:56,L0571,C0036,Meeting activity observed in connection with document fraud investigation CASE-2026-0036.,nan
EV00315,Interview,Interview involving Vanya Ghosh,2024-07-15T18:46:41,L0108,C0037,Interview activity observed in connection with vehicle theft network investigation CASE-2026-0037.,E06125
EV00316,Delivery,Delivery involving Tara Ghosh,2024-05-20T09:47:43,L0092,C0037,Delivery activity observed in connection with vehicle theft network investigation CASE-2026-0037.,nan
EV00317,Transaction,Transaction involving Dev Khan,2024-08-17T01:13:33,L0582,C0037,Transaction activity observed in connection with vehicle theft network investigation CASE-2026-0037.,E06126
EV00318,Arrest,Arrest involving Simran Chavan,2024-04-30T18:24:36,L0460,C0037,Arrest activity observed in connection with vehicle theft network investigation CASE-2026-0037.,E06127
EV00319,Surveillance,Surveillance involving Dev Khan,2024-06-24T10:38:37,L0289,C0037,Surveillance activity observed in connection with vehicle theft network investigation CASE-2026-0037.,nan
EV00320,Call,Call involving Diya Patil,2024-08-06T14:36:21,L0108,C0037,Call activity observed in connection with vehicle theft network investigation CASE-2026-0037.,nan
EV00321,Arrest,Arrest involving Mahi Pillai,2024-07-04T17:11:34,L0460,C0037,Arrest activity observed in connection with vehicle theft network investigation CASE-2026-0037.,nan
EV00322,Evidence Collection,Evidence Collection involving Tara Ghosh,2024-04-11T06:45:43,L0582,C0037,Evidence Collection activity observed in connection with vehicle theft network investigation CASE-2026-0037.,E06128
EV00323,Cyber Activity,Cyber Activity involving Vanya Ghosh,2024-05-25T22:46:09,L0460,C0037,Cyber Activity activity observed in connection with vehicle theft network investigation CASE-2026-0037.,nan
EV00324,Arrest,Arrest involving Vanya Ghosh,2024-08-02T15:41:53,L0460,C0037,Arrest activity observed in connection with vehicle theft network investigation CASE-2026-0037.,nan
EV00325,Crime,Crime involving Naina Ghosh,2024-08-22T18:29:03,L0460,C0037,Crime activity observed in connection with vehicle theft network investigation CASE-2026-0037.,nan
EV00326,Observation,Observation involving Meera Malhotra,2024-08-07T02:23:06,L0582,C0037,Observation activity observed in connection with vehicle theft network investigation CASE-2026-0037.,nan
EV00327,Arrest,Arrest involving Anushka Verma,2024-07-03T05:53:50,L0289,C0037,Arrest activity observed in connection with vehicle theft network investigation CASE-2026-0037.,nan
EV00328,Financial Activity,Financial Activity involving Simran Sethi,2024-05-05T04:45:40,L0289,C0037,Financial Activity activity observed in connection with vehicle theft network investigation CASE-2026-0037.,E06129
EV00329,Arrest,Arrest involving Vanya Ghosh,2024-08-12T01:36:38,L0108,C0037,Arrest activity observed in connection with vehicle theft network investigation CASE-2026-0037.,E06130
EV00330,Transaction,Transaction involving Pallavi Mishra,2024-05-03T00:59:50,L0582,C0037,Transaction activity observed in connection with vehicle theft network investigation CASE-2026-0037.,E06131
EV00331,Meeting,Meeting involving Vanya Ghosh,2024-05-13T01:23:54,L0108,C0037,Meeting activity observed in connection with vehicle theft network investigation CASE-2026-0037.,nan
EV00332,Financial Activity,Financial Activity involving Pallavi Thakur,2024-05-20T17:57:16,L0092,C0037,Financial Activity activity observed in connection with vehicle theft network investigation CASE-2026-0037.,nan
EV00333,Cyber Activity,Cyber Activity involving Simran Sethi,2024-07-09T22:17:26,L0289,C0037,Cyber Activity activity observed in connection with vehicle theft network investigation CASE-2026-0037.,nan
EV00334,Cyber Activity,Cyber Activity involving Nisha Bansal,2024-07-08T04:39:12,L0582,C0037,Cyber Activity activity observed in connection with vehicle theft network investigation CASE-2026-0037.,nan
EV00335,Vehicle Movement,Vehicle Movement involving Yamini Iyer,2024-08-22T08:13:14,L0412,C0038,Vehicle Movement activity observed in connection with vehicle theft network investigation CASE-2026-0038.,nan
EV00336,Cyber Activity,Cyber Activity involving Trisha Kulkarni,2024-03-19T00:40:30,L0412,C0038,Cyber Activity activity observed in connection with vehicle theft network investigation CASE-2026-0038.,nan
EV00337,Surveillance,Surveillance involving Sneha Iyer,2024-02-05T23:37:13,L0412,C0038,Surveillance activity observed in connection with vehicle theft network investigation CASE-2026-0038.,nan
EV00338,Surveillance,Surveillance involving Isha Kapoor,2024-07-02T05:46:37,L0568,C0038,Surveillance activity observed in connection with vehicle theft network investigation CASE-2026-0038.,nan
EV00339,Transaction,Transaction involving Sneha Iyer,2024-08-05T19:16:54,L0142,C0038,Transaction activity observed in connection with vehicle theft network investigation CASE-2026-0038.,E06139
EV00340,Crime,Crime involving Ishaan Mishra,2024-02-01T11:16:07,L0412,C0038,Crime activity observed in connection with vehicle theft network investigation CASE-2026-0038.,nan
EV00341,Cyber Activity,Cyber Activity involving Trisha Shah,2024-12-29T23:33:32,L0568,C0038,Cyber Activity activity observed in connection with vehicle theft network investigation CASE-2026-0038.,nan
EV00342,Vehicle Movement,Vehicle Movement involving Neha Bansal,2024-06-04T10:39:40,L0096,C0038,Vehicle Movement activity observed in connection with vehicle theft network investigation CASE-2026-0038.,nan
EV00343,Interview,Interview involving Mahi Rao,2024-01-01T10:59:10,L0412,C0038,Interview activity observed in connection with vehicle theft network investigation CASE-2026-0038.,E06140
EV00344,Delivery,Delivery involving Mahi Rao,2024-04-04T08:38:43,L0568,C0038,Delivery activity observed in connection with vehicle theft network investigation CASE-2026-0038.,E06141
EV00345,Call,Call involving Anushka Menon,2024-06-14T09:36:55,L0142,C0038,Call activity observed in connection with vehicle theft network investigation CASE-2026-0038.,nan
EV00346,Crime,Crime involving Vivek Bhat,2024-07-19T14:53:14,L0302,C0039,Crime activity observed in connection with vehicle theft investigation CASE-2026-0039.,nan
EV00347,Evidence Collection,Evidence Collection involving Rahul Naik,2024-08-06T16:03:50,L0302,C0039,Evidence Collection activity observed in connection with vehicle theft investigation CASE-2026-0039.,nan
EV00348,Interview,Interview involving Aditya Patil,2024-03-30T04:38:54,L0031,C0039,Interview activity observed in connection with vehicle theft investigation CASE-2026-0039.,E06144
EV00349,Call,Call involving Aditya Patil,2024-03-17T14:28:30,L0094,C0039,Call activity observed in connection with vehicle theft investigation CASE-2026-0039.,nan
EV00350,Evidence Collection,Evidence Collection involving Tanvi Bhat,2024-11-23T19:34:18,L0453,C0040,Evidence Collection activity observed in connection with property fraud investigation CASE-2026-0040.,nan
EV00351,Cyber Activity,Cyber Activity involving Pranav Naik,2024-02-28T22:38:06,L0546,C0040,Cyber Activity activity observed in connection with property fraud investigation CASE-2026-0040.,nan
EV00352,Surveillance,Surveillance involving Harsh Thakur,2024-04-29T17:19:29,L0546,C0040,Surveillance activity observed in connection with property fraud investigation CASE-2026-0040.,nan
EV00353,Interview,Interview involving Pranav Naik,2024-07-07T08:32:00,L0472,C0040,Interview activity observed in connection with property fraud investigation CASE-2026-0040.,nan
EV00354,Arrest,Arrest involving Riya Das,2024-02-25T01:00:40,L0121,C0040,Arrest activity observed in connection with property fraud investigation CASE-2026-0040.,nan
EV00355,Cyber Activity,Cyber Activity involving Akash Malhotra,2024-11-22T03:11:35,L0453,C0040,Cyber Activity activity observed in connection with property fraud investigation CASE-2026-0040.,E06152
EV00356,Surveillance,Surveillance involving Vanya Desai,2024-07-20T12:34:34,L0470,C0040,Surveillance activity observed in connection with property fraud investigation CASE-2026-0040.,nan
EV00357,Arrest,Arrest involving Saurabh Thakur,2024-07-17T07:49:39,L0035,C0041,Arrest activity observed in connection with unauthorized access investigation CASE-2026-0041.,nan
EV00358,Observation,Observation involving Sana Rao,2024-07-23T06:05:32,L0071,C0041,Observation activity observed in connection with unauthorized access investigation CASE-2026-0041.,nan
EV00359,Arrest,Arrest involving Trisha Jadhav,2024-04-02T17:26:19,L0525,C0042,Arrest activity observed in connection with identity fraud investigation CASE-2026-0042.,nan
EV00360,Meeting,Meeting involving Trisha Jadhav,2024-02-11T04:43:33,L0513,C0042,Meeting activity observed in connection with identity fraud investigation CASE-2026-0042.,nan
EV00361,Evidence Collection,Evidence Collection involving Rohan Jadhav,2024-08-10T04:21:11,L0096,C0043,Evidence Collection activity observed in connection with unauthorized access investigation CASE-2026-0043.,E06162
EV00362,Evidence Collection,Evidence Collection involving Kabir Chavan,2024-07-06T21:21:54,L0539,C0043,Evidence Collection activity observed in connection with unauthorized access investigation CASE-2026-0043.,nan
EV00363,Meeting,Meeting involving Diya Naik,2024-05-21T01:10:16,L0539,C0043,Meeting activity observed in connection with unauthorized access investigation CASE-2026-0043.,E06163
EV00364,Crime,Crime involving Vikram Chavan,2024-07-01T21:50:33,L0539,C0043,Crime activity observed in connection with unauthorized access investigation CASE-2026-0043.,nan
EV00365,Delivery,Delivery involving Arjun Bansal,2024-06-02T11:39:15,L0261,C0043,Delivery activity observed in connection with unauthorized access investigation CASE-2026-0043.,E06164
EV00366,Arrest,Arrest involving Siddharth Singh,2024-05-25T13:20:18,L0576,C0043,Arrest activity observed in connection with unauthorized access investigation CASE-2026-0043.,nan
EV00367,Meeting,Meeting involving Arjun Bansal,2024-06-08T15:39:03,L0539,C0043,Meeting activity observed in connection with unauthorized access investigation CASE-2026-0043.,nan
EV00368,Transaction,Transaction involving Nisha Rao,2024-07-06T09:43:42,L0576,C0043,Transaction activity observed in connection with unauthorized access investigation CASE-2026-0043.,nan
EV00369,Transaction,Transaction involving Ishaan Jadhav,2024-04-22T12:49:52,L0186,C0044,Transaction activity observed in connection with simple robbery investigation CASE-2026-0044.,E06168
EV00370,Cyber Activity,Cyber Activity involving Ishaan Jadhav,2024-04-13T23:06:47,L0179,C0044,Cyber Activity activity observed in connection with simple robbery investigation CASE-2026-0044.,nan
EV00371,Meeting,Meeting involving Naveen Rao,2024-05-26T01:49:36,L0261,C0045,Meeting activity observed in connection with organized cybercrime investigation CASE-2026-0045.,E06186
EV00372,Evidence Collection,Evidence Collection involving Kiara Jadhav,2024-09-28T04:05:31,L0007,C0045,Evidence Collection activity observed in connection with organized cybercrime investigation CASE-2026-0045.,nan
EV00373,Delivery,Delivery involving Manav Naik,2024-05-29T01:53:15,L0007,C0045,Delivery activity observed in connection with organized cybercrime investigation CASE-2026-0045.,nan
EV00374,Financial Activity,Financial Activity involving Kiara Kapoor,2024-10-30T02:56:10,L0142,C0045,Financial Activity activity observed in connection with organized cybercrime investigation CASE-2026-0045.,nan
EV00375,Crime,Crime involving Aditya Mishra,2024-08-18T10:37:46,L0500,C0045,Crime activity observed in connection with organized cybercrime investigation CASE-2026-0045.,E06187
EV00376,Delivery,Delivery involving Vanya Ghosh,2024-09-20T12:30:12,L0143,C0045,Delivery activity observed in connection with organized cybercrime investigation CASE-2026-0045.,nan
EV00377,Cyber Activity,Cyber Activity involving Kiara Kapoor,2024-09-26T08:13:34,L0500,C0045,Cyber Activity activity observed in connection with organized cybercrime investigation CASE-2026-0045.,nan
EV00378,Cyber Activity,Cyber Activity involving Vidhi Shetty,2024-03-12T12:29:13,L0142,C0045,Cyber Activity activity observed in connection with organized cybercrime investigation CASE-2026-0045.,nan
EV00379,Evidence Collection,Evidence Collection involving Arjun Mishra,2024-03-30T22:53:31,L0261,C0045,Evidence Collection activity observed in connection with organized cybercrime investigation CASE-2026-0045.,E06188
EV00380,Transaction,Transaction involving Vanya Patil,2024-11-16T16:53:34,L0007,C0045,Transaction activity observed in connection with organized cybercrime investigation CASE-2026-0045.,E06189
EV00381,Arrest,Arrest involving Saurabh Malhotra,2024-12-19T16:38:28,L0143,C0045,Arrest activity observed in connection with organized cybercrime investigation CASE-2026-0045.,nan
EV00382,Financial Activity,Financial Activity involving Saurabh Iyer,2024-02-11T19:43:03,L0261,C0045,Financial Activity activity observed in connection with organized cybercrime investigation CASE-2026-0045.,nan
EV00383,Meeting,Meeting involving Avni Shah,2024-07-05T04:53:01,L0500,C0045,Meeting activity observed in connection with organized cybercrime investigation CASE-2026-0045.,nan
EV00384,Financial Activity,Financial Activity involving Sneha Reddy,2024-11-22T14:49:50,L0500,C0045,Financial Activity activity observed in connection with organized cybercrime investigation CASE-2026-0045.,nan
EV00385,Financial Activity,Financial Activity involving Vidhi Shetty,2024-11-21T03:23:10,L0142,C0045,Financial Activity activity observed in connection with organized cybercrime investigation CASE-2026-0045.,E06190
EV00386,Transaction,Transaction involving Vanya Ghosh,2024-07-28T00:49:53,L0142,C0045,Transaction activity observed in connection with organized cybercrime investigation CASE-2026-0045.,nan
EV00387,Arrest,Arrest involving Tara Sethi,2024-07-16T08:38:03,L0500,C0045,Arrest activity observed in connection with organized cybercrime investigation CASE-2026-0045.,E06191
EV00388,Vehicle Movement,Vehicle Movement involving Tanvi Gupta,2024-01-11T07:04:13,L0261,C0045,Vehicle Movement activity observed in connection with organized cybercrime investigation CASE-2026-0045.,nan
EV00389,Call,Call involving Tara Ghosh,2024-05-18T00:45:55,L0500,C0045,Call activity observed in connection with organized cybercrime investigation CASE-2026-0045.,nan
EV00390,Arrest,Arrest involving Kabir Gupta,2024-08-04T09:01:55,L0143,C0045,Arrest activity observed in connection with organized cybercrime investigation CASE-2026-0045.,nan
EV00391,Observation,Observation involving Aditi Ghosh,2024-10-02T14:43:56,L0261,C0045,Observation activity observed in connection with organized cybercrime investigation CASE-2026-0045.,nan
EV00392,Arrest,Arrest involving Naina Das,2024-09-29T12:17:43,L0500,C0045,Arrest activity observed in connection with organized cybercrime investigation CASE-2026-0045.,nan
EV00393,Vehicle Movement,Vehicle Movement involving Arnav Joshi,2024-10-26T00:04:56,L0173,C0046,Vehicle Movement activity observed in connection with organized fraud investigation CASE-2026-0046.,nan
EV00394,Vehicle Movement,Vehicle Movement involving Naveen Desai,2024-09-01T08:19:13,L0237,C0046,Vehicle Movement activity observed in connection with organized fraud investigation CASE-2026-0046.,E06204
EV00395,Vehicle Movement,Vehicle Movement involving Aanya Bhat,2024-10-13T08:04:27,L0237,C0046,Vehicle Movement activity observed in connection with organized fraud investigation CASE-2026-0046.,nan
EV00396,Meeting,Meeting involving Ananya Mishra,2024-02-27T00:27:39,L0139,C0046,Meeting activity observed in connection with organized fraud investigation CASE-2026-0046.,nan
EV00397,Vehicle Movement,Vehicle Movement involving Yash Reddy,2024-08-24T02:22:12,L0237,C0046,Vehicle Movement activity observed in connection with organized fraud investigation CASE-2026-0046.,nan
EV00398,Arrest,Arrest involving Aditya Shetty,2024-01-04T13:10:15,L0139,C0046,Arrest activity observed in connection with organized fraud investigation CASE-2026-0046.,nan
EV00399,Delivery,Delivery involving Dhruv Naik,2024-07-09T20:01:26,L0005,C0046,Delivery activity observed in connection with organized fraud investigation CASE-2026-0046.,E06205
EV00400,Arrest,Arrest involving Kabir Iyer,2024-08-14T02:54:51,L0237,C0046,Arrest activity observed in connection with organized fraud investigation CASE-2026-0046.,E06206
EV00401,Meeting,Meeting involving Vivek Khan,2024-04-16T02:11:03,L0079,C0046,Meeting activity observed in connection with organized fraud investigation CASE-2026-0046.,nan
EV00402,Surveillance,Surveillance involving Kavya Iyer,2024-06-24T01:42:45,L0237,C0046,Surveillance activity observed in connection with organized fraud investigation CASE-2026-0046.,nan
EV00403,Transaction,Transaction involving Pooja Reddy,2024-12-19T13:07:05,L0079,C0046,Transaction activity observed in connection with organized fraud investigation CASE-2026-0046.,nan
EV00404,Surveillance,Surveillance involving Ishaan Das,2024-06-28T04:58:52,L0469,C0047,Surveillance activity observed in connection with individual cyber fraud investigation CASE-2026-0047.,nan
EV00405,Interview,Interview involving Tanvi Bansal,2024-02-21T21:04:07,L0469,C0047,Interview activity observed in connection with individual cyber fraud investigation CASE-2026-0047.,nan
EV00406,Financial Activity,Financial Activity involving Diya Chavan,2024-08-29T22:25:45,L0382,C0048,Financial Activity activity observed in connection with payment fraud investigation CASE-2026-0048.,nan
EV00407,Financial Activity,Financial Activity involving Diya Chavan,2024-08-08T11:56:41,L0382,C0048,Financial Activity activity observed in connection with payment fraud investigation CASE-2026-0048.,nan
EV00408,Interview,Interview involving Siddharth Bhat,2024-08-06T02:49:26,L0004,C0049,Interview activity observed in connection with data theft investigation CASE-2026-0049.,E06207
EV00409,Evidence Collection,Evidence Collection involving Siddharth Bansal,2024-08-05T04:06:24,L0004,C0049,Evidence Collection activity observed in connection with data theft investigation CASE-2026-0049.,nan
EV00410,Crime,Crime involving Rahul Bhat,2024-11-13T21:39:53,L0488,C0050,Crime activity observed in connection with money laundering investigation investigation CASE-2026-0050.,nan
EV00411,Arrest,Arrest involving Simran Iyer,2024-06-04T11:42:30,L0382,C0050,Arrest activity observed in connection with money laundering investigation investigation CASE-2026-0050.,nan
EV00412,Surveillance,Surveillance involving Aditi Kapoor,2024-02-07T14:08:22,L0382,C0050,Surveillance activity observed in connection with money laundering investigation investigation CASE-2026-0050.,nan
EV00413,Call,Call involving Pallavi Bansal,2024-11-30T13:25:31,L0382,C0050,Call activity observed in connection with money laundering investigation investigation CASE-2026-0050.,nan
EV00414,Vehicle Movement,Vehicle Movement involving Kunal Singh,2024-11-09T19:14:02,L0488,C0050,Vehicle Movement activity observed in connection with money laundering investigation investigation CASE-2026-0050.,nan
EV00415,Cyber Activity,Cyber Activity involving Aman Nair,2024-01-11T11:00:34,L0111,C0050,Cyber Activity activity observed in connection with money laundering investigation investigation CASE-2026-0050.,E06218
EV00416,Interview,Interview involving Kunal Singh,2024-10-30T22:39:39,L0193,C0050,Interview activity observed in connection with money laundering investigation investigation CASE-2026-0050.,nan
EV00417,Observation,Observation involving Pranav Singh,2024-05-02T19:39:28,L0310,C0050,Observation activity observed in connection with money laundering investigation investigation CASE-2026-0050.,E06219
EV00418,Crime,Crime involving Shreya Iyer,2024-08-18T21:39:21,L0382,C0050,Crime activity observed in connection with money laundering investigation investigation CASE-2026-0050.,nan
EV00419,Surveillance,Surveillance involving Rhea Mishra,2024-04-09T14:26:10,L0382,C0050,Surveillance activity observed in connection with money laundering investigation investigation CASE-2026-0050.,nan
EV00420,Call,Call involving Akash Das,2024-11-13T18:30:35,L0382,C0050,Call activity observed in connection with money laundering investigation investigation CASE-2026-0050.,E06220
EV00421,Delivery,Delivery involving Ishaan Shah,2024-12-11T05:55:34,L0382,C0050,Delivery activity observed in connection with money laundering investigation investigation CASE-2026-0050.,nan
EV00422,Transaction,Transaction involving Rohan Chavan,2024-11-17T01:47:53,L0310,C0050,Transaction activity observed in connection with money laundering investigation investigation CASE-2026-0050.,nan
EV00423,Meeting,Meeting involving Zoya Kapoor,2024-09-30T06:24:07,L0382,C0050,Meeting activity observed in connection with money laundering investigation investigation CASE-2026-0050.,nan
EV00424,Transaction,Transaction involving Neha Shetty,2024-10-25T12:16:58,L0024,C0051,Transaction activity observed in connection with minor fraud investigation CASE-2026-0051.,nan
EV00425,Crime,Crime involving Zoya Shetty,2024-07-22T19:48:36,L0351,C0051,Crime activity observed in connection with minor fraud investigation CASE-2026-0051.,nan
EV00426,Evidence Collection,Evidence Collection involving Karan Khan,2024-10-25T11:44:17,L0139,C0051,Evidence Collection activity observed in connection with minor fraud investigation CASE-2026-0051.,nan
EV00427,Evidence Collection,Evidence Collection involving Sneha Reddy,2024-08-14T04:55:43,L0324,C0052,Evidence Collection activity observed in connection with murder investigation investigation CASE-2026-0052.,E06236
EV00428,Evidence Collection,Evidence Collection involving Avni Singh,2024-06-21T20:22:12,L0574,C0052,Evidence Collection activity observed in connection with murder investigation investigation CASE-2026-0052.,E06237
EV00429,Interview,Interview involving Siddharth Chavan,2024-05-22T20:59:01,L0324,C0052,Interview activity observed in connection with murder investigation investigation CASE-2026-0052.,nan
EV00430,Observation,Observation involving Pooja Ghosh,2024-07-31T04:50:30,L0552,C0052,Observation activity observed in connection with murder investigation investigation CASE-2026-0052.,E06238
EV00431,Evidence Collection,Evidence Collection involving Kabir Shetty,2024-04-06T11:50:48,L0574,C0052,Evidence Collection activity observed in connection with murder investigation investigation CASE-2026-0052.,nan
EV00432,Interview,Interview involving Siddharth Chavan,2024-05-17T01:45:58,L0324,C0052,Interview activity observed in connection with murder investigation investigation CASE-2026-0052.,nan
EV00433,Call,Call involving Saurabh Gupta,2024-11-30T20:24:11,L0574,C0052,Call activity observed in connection with murder investigation investigation CASE-2026-0052.,nan
EV00434,Meeting,Meeting involving Dhruv Saxena,2024-07-07T08:28:37,L0324,C0052,Meeting activity observed in connection with murder investigation investigation CASE-2026-0052.,nan
EV00435,Meeting,Meeting involving Dhruv Joshi,2024-09-07T02:45:04,L0552,C0052,Meeting activity observed in connection with murder investigation investigation CASE-2026-0052.,nan
EV00436,Meeting,Meeting involving Dhruv Joshi,2024-01-30T04:12:04,L0324,C0052,Meeting activity observed in connection with murder investigation investigation CASE-2026-0052.,nan
EV00437,Evidence Collection,Evidence Collection involving Naina Kapoor,2024-07-16T04:11:37,L0158,C0053,Evidence Collection activity observed in connection with theft investigation CASE-2026-0053.,E06239
EV00438,Meeting,Meeting involving Pallavi Rao,2024-08-19T07:11:57,L0329,C0053,Meeting activity observed in connection with theft investigation CASE-2026-0053.,nan
EV00439,Evidence Collection,Evidence Collection involving Isha Reddy,2024-11-23T01:53:57,L0306,C0054,Evidence Collection activity observed in connection with corporate fraud investigation CASE-2026-0054.,nan
EV00440,Arrest,Arrest involving Tara Sethi,2024-05-29T16:45:45,L0306,C0054,Arrest activity observed in connection with corporate fraud investigation CASE-2026-0054.,nan
EV00441,Delivery,Delivery involving Arjun Bhat,2024-03-01T02:52:49,L0413,C0054,Delivery activity observed in connection with corporate fraud investigation CASE-2026-0054.,nan
EV00442,Transaction,Transaction involving Rohan Patil,2024-09-05T12:38:33,L0425,C0054,Transaction activity observed in connection with corporate fraud investigation CASE-2026-0054.,E06253
EV00443,Delivery,Delivery involving Vivek Singh,2024-08-26T07:17:16,L0310,C0054,Delivery activity observed in connection with corporate fraud investigation CASE-2026-0054.,nan
EV00444,Crime,Crime involving Meera Malhotra,2024-08-07T03:58:35,L0348,C0054,Crime activity observed in connection with corporate fraud investigation CASE-2026-0054.,nan
EV00445,Surveillance,Surveillance involving Meera Malhotra,2024-08-08T17:58:24,L0425,C0054,Surveillance activity observed in connection with corporate fraud investigation CASE-2026-0054.,E06254
EV00446,Arrest,Arrest involving Simran Bhat,2024-10-24T09:27:02,L0310,C0054,Arrest activity observed in connection with corporate fraud investigation CASE-2026-0054.,nan
EV00447,Financial Activity,Financial Activity involving Aditya Bansal,2024-10-21T01:38:56,L0306,C0054,Financial Activity activity observed in connection with corporate fraud investigation CASE-2026-0054.,nan
EV00448,Delivery,Delivery involving Arjun Bhat,2024-08-20T22:28:21,L0310,C0054,Delivery activity observed in connection with corporate fraud investigation CASE-2026-0054.,E06255
EV00449,Meeting,Meeting involving Pallavi Shah,2024-08-20T17:03:46,L0413,C0054,Meeting activity observed in connection with corporate fraud investigation CASE-2026-0054.,nan
EV00450,Arrest,Arrest involving Tara Sethi,2024-07-03T22:03:00,L0348,C0054,Arrest activity observed in connection with corporate fraud investigation CASE-2026-0054.,nan
EV00451,Cyber Activity,Cyber Activity involving Aanya Mishra,2024-02-12T03:06:49,L0495,C0055,Cyber Activity activity observed in connection with corporate fraud investigation CASE-2026-0055.,E06261
EV00452,Observation,Observation involving Kiara Verma,2024-05-04T15:16:13,L0513,C0055,Observation activity observed in connection with corporate fraud investigation CASE-2026-0055.,nan
EV00453,Call,Call involving Sameer Pillai,2024-10-21T19:55:27,L0525,C0055,Call activity observed in connection with corporate fraud investigation CASE-2026-0055.,nan
EV00454,Evidence Collection,Evidence Collection involving Sameer Pillai,2024-04-09T12:24:54,L0446,C0055,Evidence Collection activity observed in connection with corporate fraud investigation CASE-2026-0055.,nan
EV00455,Call,Call involving Akash Mishra,2024-07-16T05:34:27,L0431,C0056,Call activity observed in connection with kidnapping investigation CASE-2026-0056.,nan
EV00456,Interview,Interview involving Yash Desai,2024-08-18T09:32:42,L0124,C0056,Interview activity observed in connection with kidnapping investigation CASE-2026-0056.,E06268
EV00457,Evidence Collection,Evidence Collection involving Aditi Kapoor,2024-08-12T16:04:00,L0226,C0056,Evidence Collection activity observed in connection with kidnapping investigation CASE-2026-0056.,nan
EV00458,Transaction,Transaction involving Naveen Kulkarni,2024-08-06T03:51:02,L0129,C0056,Transaction activity observed in connection with kidnapping investigation CASE-2026-0056.,nan
EV00459,Financial Activity,Financial Activity involving Mohit Naik,2024-08-19T03:47:18,L0129,C0056,Financial Activity activity observed in connection with kidnapping investigation CASE-2026-0056.,nan
EV00460,Crime,Crime involving Yamini Ghosh,2024-07-08T20:08:50,L0431,C0056,Crime activity observed in connection with kidnapping investigation CASE-2026-0056.,E06269
EV00461,Cyber Activity,Cyber Activity involving Vikram Kulkarni,2024-08-19T11:24:36,L0543,C0056,Cyber Activity activity observed in connection with kidnapping investigation CASE-2026-0056.,E06270
EV00462,Financial Activity,Financial Activity involving Saurabh Gupta,2024-07-15T02:35:03,L0543,C0056,Financial Activity activity observed in connection with kidnapping investigation CASE-2026-0056.,nan
EV00463,Crime,Crime involving Sneha Bhat,2024-06-24T01:31:14,L0161,C0057,Crime activity observed in connection with large organized crime network investigation CASE-2026-0057.,E06285
EV00464,Meeting,Meeting involving Anushka Menon,2024-07-08T09:33:17,L0161,C0057,Meeting activity observed in connection with large organized crime network investigation CASE-2026-0057.,nan
EV00465,Call,Call involving Tara Kapoor,2024-04-03T05:21:45,L0161,C0057,Call activity observed in connection with large organized crime network investigation CASE-2026-0057.,nan
EV00466,Vehicle Movement,Vehicle Movement involving Raj Gupta,2024-07-18T16:35:20,L0008,C0057,Vehicle Movement activity observed in connection with large organized crime network investigation CASE-2026-0057.,nan
EV00467,Delivery,Delivery involving Naina Mehta,2024-05-29T20:45:13,L0559,C0057,Delivery activity observed in connection with large organized crime network investigation CASE-2026-0057.,nan
EV00468,Call,Call involving Sneha Bhat,2024-06-17T01:23:06,L0161,C0057,Call activity observed in connection with large organized crime network investigation CASE-2026-0057.,nan
EV00469,Meeting,Meeting involving Tanvi Nair,2024-05-18T20:08:19,L0008,C0057,Meeting activity observed in connection with large organized crime network investigation CASE-2026-0057.,nan
EV00470,Cyber Activity,Cyber Activity involving Rahul Naik,2024-05-14T16:38:04,L0008,C0057,Cyber Activity activity observed in connection with large organized crime network investigation CASE-2026-0057.,nan
EV00471,Vehicle Movement,Vehicle Movement involving Tanvi Nair,2024-04-15T16:49:52,L0161,C0057,Vehicle Movement activity observed in connection with large organized crime network investigation CASE-2026-0057.,E06286
EV00472,Meeting,Meeting involving Vanya Rao,2024-06-24T09:53:43,L0161,C0057,Meeting activity observed in connection with large organized crime network investigation CASE-2026-0057.,nan
EV00473,Vehicle Movement,Vehicle Movement involving Shreya Sethi,2024-08-24T03:51:05,L0161,C0057,Vehicle Movement activity observed in connection with large organized crime network investigation CASE-2026-0057.,nan
EV00474,Vehicle Movement,Vehicle Movement involving Anushka Kapoor,2024-07-02T17:23:00,L0424,C0057,Vehicle Movement activity observed in connection with large organized crime network investigation CASE-2026-0057.,nan
EV00475,Cyber Activity,Cyber Activity involving Anushka Menon,2024-08-30T19:43:42,L0318,C0057,Cyber Activity activity observed in connection with large organized crime network investigation CASE-2026-0057.,E06287
EV00476,Observation,Observation involving Naina Mehta,2024-04-24T06:38:51,L0008,C0057,Observation activity observed in connection with large organized crime network investigation CASE-2026-0057.,nan
EV00477,Evidence Collection,Evidence Collection involving Aditya Mishra,2024-08-13T18:50:53,L0424,C0057,Evidence Collection activity observed in connection with large organized crime network investigation CASE-2026-0057.,E06288
EV00478,Crime,Crime involving Anushka Kapoor,2024-06-03T13:11:07,L0008,C0057,Crime activity observed in connection with large organized crime network investigation CASE-2026-0057.,E06289
EV00479,Vehicle Movement,Vehicle Movement involving Mohit Saxena,2024-08-22T01:44:53,L0424,C0057,Vehicle Movement activity observed in connection with large organized crime network investigation CASE-2026-0057.,nan
EV00480,Meeting,Meeting involving Simran Bhat,2024-08-14T15:30:46,L0424,C0057,Meeting activity observed in connection with large organized crime network investigation CASE-2026-0057.,nan
EV00481,Vehicle Movement,Vehicle Movement involving Ritesh Malhotra,2024-05-16T19:49:40,L0161,C0057,Vehicle Movement activity observed in connection with large organized crime network investigation CASE-2026-0057.,nan
EV00482,Financial Activity,Financial Activity involving Saurabh Saxena,2024-07-29T01:06:49,L0505,C0058,Financial Activity activity observed in connection with money laundering investigation investigation CASE-2026-0058.,E06302
EV00483,Delivery,Delivery involving Naveen Malhotra,2024-08-30T21:44:41,L0505,C0058,Delivery activity observed in connection with money laundering investigation investigation CASE-2026-0058.,E06303
EV00484,Interview,Interview involving Shreya Shetty,2024-08-29T23:01:14,L0055,C0058,Interview activity observed in connection with money laundering investigation investigation CASE-2026-0058.,E06304
EV00485,Transaction,Transaction involving Kunal Gupta,2024-07-26T20:54:13,L0587,C0058,Transaction activity observed in connection with money laundering investigation investigation CASE-2026-0058.,E06305
EV00486,Crime,Crime involving Shreya Nair,2024-07-28T15:15:03,L0505,C0058,Crime activity observed in connection with money laundering investigation investigation CASE-2026-0058.,E06306
EV00487,Vehicle Movement,Vehicle Movement involving Aman Gupta,2024-08-01T11:01:44,L0437,C0058,Vehicle Movement activity observed in connection with money laundering investigation investigation CASE-2026-0058.,nan
EV00488,Transaction,Transaction involving Aman Gupta,2024-07-15T18:31:43,L0437,C0058,Transaction activity observed in connection with money laundering investigation investigation CASE-2026-0058.,nan
EV00489,Cyber Activity,Cyber Activity involving Anushka Malhotra,2024-08-31T18:21:24,L0401,C0058,Cyber Activity activity observed in connection with money laundering investigation investigation CASE-2026-0058.,nan
EV00490,Delivery,Delivery involving Pallavi Thakur,2024-08-31T12:57:01,L0505,C0058,Delivery activity observed in connection with money laundering investigation investigation CASE-2026-0058.,nan
EV00491,Evidence Collection,Evidence Collection involving Isha Nair,2024-07-02T01:15:34,L0587,C0058,Evidence Collection activity observed in connection with money laundering investigation investigation CASE-2026-0058.,nan
EV00492,Financial Activity,Financial Activity involving Shreya Nair,2024-07-07T18:23:16,L0055,C0058,Financial Activity activity observed in connection with money laundering investigation investigation CASE-2026-0058.,nan
EV00493,Crime,Crime involving Aman Gupta,2024-08-11T17:17:54,L0401,C0058,Crime activity observed in connection with money laundering investigation investigation CASE-2026-0058.,E06307
EV00494,Surveillance,Surveillance involving Anushka Malhotra,2024-06-29T18:59:34,L0505,C0058,Surveillance activity observed in connection with money laundering investigation investigation CASE-2026-0058.,nan
EV00495,Arrest,Arrest involving Shreya Shetty,2024-08-24T10:00:56,L0587,C0058,Arrest activity observed in connection with money laundering investigation investigation CASE-2026-0058.,E06308
EV00496,Financial Activity,Financial Activity involving Diya Ghosh,2024-05-19T06:05:40,L0443,C0059,Financial Activity activity observed in connection with murder investigation investigation CASE-2026-0059.,E06323
EV00497,Interview,Interview involving Varun Khan,2024-01-25T15:43:28,L0413,C0059,Interview activity observed in connection with murder investigation investigation CASE-2026-0059.,nan
EV00498,Crime,Crime involving Pallavi Rao,2024-11-02T04:47:01,L0193,C0059,Crime activity observed in connection with murder investigation investigation CASE-2026-0059.,nan
EV00499,Arrest,Arrest involving Shreya Shah,2024-05-24T07:38:02,L0323,C0059,Arrest activity observed in connection with murder investigation investigation CASE-2026-0059.,nan
EV00500,Arrest,Arrest involving Yamini Saxena,2024-10-25T16:04:27,L0032,C0059,Arrest activity observed in connection with murder investigation investigation CASE-2026-0059.,nan
EV00501,Delivery,Delivery involving Arjun Sethi,2024-12-23T03:11:16,L0413,C0059,Delivery activity observed in connection with murder investigation investigation CASE-2026-0059.,nan
EV00502,Financial Activity,Financial Activity involving Yamini Saxena,2024-10-25T00:06:25,L0443,C0059,Financial Activity activity observed in connection with murder investigation investigation CASE-2026-0059.,nan
EV00503,Delivery,Delivery involving Manav Naik,2024-06-30T06:55:11,L0032,C0059,Delivery activity observed in connection with murder investigation investigation CASE-2026-0059.,nan
EV00504,Cyber Activity,Cyber Activity involving Dev Khan,2024-08-19T08:59:54,L0413,C0059,Cyber Activity activity observed in connection with murder investigation investigation CASE-2026-0059.,nan
EV00505,Vehicle Movement,Vehicle Movement involving Riya Menon,2024-06-30T11:56:46,L0323,C0059,Vehicle Movement activity observed in connection with murder investigation investigation CASE-2026-0059.,E06324
EV00506,Call,Call involving Ananya Pillai,2024-05-14T11:04:36,L0323,C0059,Call activity observed in connection with murder investigation investigation CASE-2026-0059.,E06325
EV00507,Vehicle Movement,Vehicle Movement involving Ishaan Ghosh,2024-08-09T10:51:37,L0323,C0059,Vehicle Movement activity observed in connection with murder investigation investigation CASE-2026-0059.,nan
EV00508,Surveillance,Surveillance involving Sneha Nair,2024-05-01T18:14:12,L0193,C0059,Surveillance activity observed in connection with murder investigation investigation CASE-2026-0059.,nan
EV00509,Interview,Interview involving Aditya Singh,2024-08-10T10:58:43,L0323,C0059,Interview activity observed in connection with murder investigation investigation CASE-2026-0059.,nan
EV00510,Financial Activity,Financial Activity involving Riya Menon,2024-02-25T03:27:24,L0413,C0059,Financial Activity activity observed in connection with murder investigation investigation CASE-2026-0059.,E06326
EV00511,Delivery,Delivery involving Ishita Shah,2024-07-12T10:28:25,L0587,C0060,Delivery activity observed in connection with procurement fraud investigation CASE-2026-0060.,nan
EV00512,Surveillance,Surveillance involving Aarav Jadhav,2024-06-12T04:06:23,L0587,C0060,Surveillance activity observed in connection with procurement fraud investigation CASE-2026-0060.,nan
EV00513,Financial Activity,Financial Activity involving Aarav Jadhav,2024-01-27T14:07:05,L0523,C0060,Financial Activity activity observed in connection with procurement fraud investigation CASE-2026-0060.,nan
EV00514,Call,Call involving Zoya Jadhav,2024-05-27T22:05:47,L0504,C0060,Call activity observed in connection with procurement fraud investigation CASE-2026-0060.,E06341
EV00515,Arrest,Arrest involving Arjun Naik,2024-08-22T07:55:46,L0523,C0060,Arrest activity observed in connection with procurement fraud investigation CASE-2026-0060.,E06342
EV00516,Meeting,Meeting involving Raj Shah,2024-08-18T08:44:20,L0055,C0060,Meeting activity observed in connection with procurement fraud investigation CASE-2026-0060.,E06343
EV00517,Crime,Crime involving Zoya Shetty,2024-01-29T21:27:37,L0523,C0060,Crime activity observed in connection with procurement fraud investigation CASE-2026-0060.,nan
EV00518,Delivery,Delivery involving Aditi Shah,2024-02-01T13:01:44,L0587,C0060,Delivery activity observed in connection with procurement fraud investigation CASE-2026-0060.,nan
EV00519,Observation,Observation involving Aarav Jadhav,2024-01-25T01:33:03,L0523,C0060,Observation activity observed in connection with procurement fraud investigation CASE-2026-0060.,nan
EV00520,Surveillance,Surveillance involving Raj Shah,2024-06-07T10:35:34,L0523,C0060,Surveillance activity observed in connection with procurement fraud investigation CASE-2026-0060.,nan
EV00521,Interview,Interview involving Raj Shah,2024-03-17T13:01:49,L0587,C0060,Interview activity observed in connection with procurement fraud investigation CASE-2026-0060.,E06344
EV00522,Surveillance,Surveillance involving Pranav Menon,2024-09-17T21:21:05,L0469,C0061,Surveillance activity observed in connection with kidnapping investigation CASE-2026-0061.,nan
EV00523,Meeting,Meeting involving Naveen Reddy,2024-08-22T15:06:03,L0374,C0061,Meeting activity observed in connection with kidnapping investigation CASE-2026-0061.,nan
EV00524,Arrest,Arrest involving Naveen Reddy,2024-07-20T05:10:16,L0229,C0061,Arrest activity observed in connection with kidnapping investigation CASE-2026-0061.,E06359
EV00525,Observation,Observation involving Pooja Thakur,2024-12-21T00:22:56,L0469,C0061,Observation activity observed in connection with kidnapping investigation CASE-2026-0061.,nan
EV00526,Cyber Activity,Cyber Activity involving Saurabh Gupta,2024-10-06T20:54:35,L0374,C0061,Cyber Activity activity observed in connection with kidnapping investigation CASE-2026-0061.,nan
EV00527,Observation,Observation involving Pranav Menon,2024-08-30T05:11:45,L0469,C0061,Observation activity observed in connection with kidnapping investigation CASE-2026-0061.,nan
EV00528,Vehicle Movement,Vehicle Movement involving Mahi Shetty,2024-09-27T22:36:45,L0374,C0061,Vehicle Movement activity observed in connection with kidnapping investigation CASE-2026-0061.,nan
EV00529,Financial Activity,Financial Activity involving Saurabh Gupta,2024-02-24T00:21:29,L0229,C0061,Financial Activity activity observed in connection with kidnapping investigation CASE-2026-0061.,nan
EV00530,Vehicle Movement,Vehicle Movement involving Naveen Reddy,2024-04-26T21:02:34,L0274,C0061,Vehicle Movement activity observed in connection with kidnapping investigation CASE-2026-0061.,nan
EV00531,Call,Call involving Raj Desai,2024-03-05T18:10:07,L0016,C0062,Call activity observed in connection with money laundering investigation investigation CASE-2026-0062.,E06385
EV00532,Crime,Crime involving Kiara Bansal,2024-02-02T10:16:51,L0016,C0062,Crime activity observed in connection with money laundering investigation investigation CASE-2026-0062.,nan
EV00533,Vehicle Movement,Vehicle Movement involving Kiara Shah,2024-05-02T13:28:46,L0103,C0062,Vehicle Movement activity observed in connection with money laundering investigation investigation CASE-2026-0062.,nan
EV00534,Cyber Activity,Cyber Activity involving Sameer Naik,2024-02-28T13:23:50,L0016,C0062,Cyber Activity activity observed in connection with money laundering investigation investigation CASE-2026-0062.,nan
EV00535,Interview,Interview involving Tara Iyer,2024-09-27T20:03:59,L0477,C0062,Interview activity observed in connection with money laundering investigation investigation CASE-2026-0062.,E06386
EV00536,Evidence Collection,Evidence Collection involving Rahul Nair,2024-05-07T12:37:56,L0482,C0062,Evidence Collection activity observed in connection with money laundering investigation investigation CASE-2026-0062.,nan
EV00537,Evidence Collection,Evidence Collection involving Simran Sethi,2024-05-07T09:14:22,L0477,C0062,Evidence Collection activity observed in connection with money laundering investigation investigation CASE-2026-0062.,E06387
EV00538,Observation,Observation involving Kiara Shah,2024-12-13T17:14:37,L0482,C0062,Observation activity observed in connection with money laundering investigation investigation CASE-2026-0062.,E06388
EV00539,Evidence Collection,Evidence Collection involving Karan Bhat,2024-10-24T23:25:13,L0482,C0062,Evidence Collection activity observed in connection with money laundering investigation investigation CASE-2026-0062.,nan
EV00540,Meeting,Meeting involving Ananya Reddy,2024-08-03T11:10:28,L0016,C0062,Meeting activity observed in connection with money laundering investigation investigation CASE-2026-0062.,nan
EV00541,Arrest,Arrest involving Zoya Verma,2024-04-13T23:12:29,L0103,C0062,Arrest activity observed in connection with money laundering investigation investigation CASE-2026-0062.,nan
EV00542,Call,Call involving Raj Patil,2024-06-02T23:23:52,L0016,C0062,Call activity observed in connection with money laundering investigation investigation CASE-2026-0062.,E06389
EV00543,Cyber Activity,Cyber Activity involving Sameer Shah,2024-09-20T11:06:47,L0103,C0062,Cyber Activity activity observed in connection with money laundering investigation investigation CASE-2026-0062.,E06390
EV00544,Evidence Collection,Evidence Collection involving Kiara Mishra,2024-01-28T20:30:28,L0103,C0062,Evidence Collection activity observed in connection with money laundering investigation investigation CASE-2026-0062.,nan
EV00545,Call,Call involving Raj Desai,2024-12-30T01:48:12,L0103,C0062,Call activity observed in connection with money laundering investigation investigation CASE-2026-0062.,E06391
EV00546,Observation,Observation involving Siddharth Kulkarni,2024-10-09T15:37:15,L0483,C0062,Observation activity observed in connection with money laundering investigation investigation CASE-2026-0062.,nan
EV00547,Interview,Interview involving Zoya Verma,2024-10-03T03:07:00,L0483,C0062,Interview activity observed in connection with money laundering investigation investigation CASE-2026-0062.,nan
EV00548,Crime,Crime involving Yash Saxena,2024-05-26T00:41:08,L0477,C0062,Crime activity observed in connection with money laundering investigation investigation CASE-2026-0062.,nan
EV00549,Transaction,Transaction involving Rahul Naik,2024-08-25T23:35:04,L0103,C0062,Transaction activity observed in connection with money laundering investigation investigation CASE-2026-0062.,nan
EV00550,Meeting,Meeting involving Harsh Sethi,2024-07-31T08:48:42,L0477,C0062,Meeting activity observed in connection with money laundering investigation investigation CASE-2026-0062.,E06392
EV00551,Transaction,Transaction involving Karan Bhat,2024-03-19T03:46:21,L0477,C0062,Transaction activity observed in connection with money laundering investigation investigation CASE-2026-0062.,nan
EV00552,Interview,Interview involving Kiara Shah,2024-07-08T17:40:17,L0103,C0062,Interview activity observed in connection with money laundering investigation investigation CASE-2026-0062.,E06393
EV00553,Delivery,Delivery involving Pooja Desai,2024-12-22T02:15:01,L0103,C0062,Delivery activity observed in connection with money laundering investigation investigation CASE-2026-0062.,nan
EV00554,Observation,Observation involving Raj Patil,2024-08-20T16:27:59,L0483,C0062,Observation activity observed in connection with money laundering investigation investigation CASE-2026-0062.,nan
EV00555,Call,Call involving Aniket Saxena,2024-02-18T01:18:48,L0584,C0063,Call activity observed in connection with banking fraud investigation CASE-2026-0063.,nan
EV00556,Meeting,Meeting involving Vivek Menon,2024-04-26T06:13:03,L0427,C0063,Meeting activity observed in connection with banking fraud investigation CASE-2026-0063.,nan
EV00557,Observation,Observation involving Kabir Mehta,2024-10-22T04:08:53,L0558,C0063,Observation activity observed in connection with banking fraud investigation CASE-2026-0063.,nan
EV00558,Observation,Observation involving Tanvi Kulkarni,2024-04-04T15:45:36,L0407,C0063,Observation activity observed in connection with banking fraud investigation CASE-2026-0063.,nan
EV00559,Transaction,Transaction involving Vivek Menon,2024-12-17T15:03:30,L0584,C0063,Transaction activity observed in connection with banking fraud investigation CASE-2026-0063.,E06402
EV00560,Crime,Crime involving Pranav Bansal,2024-12-24T20:51:30,L0407,C0063,Crime activity observed in connection with banking fraud investigation CASE-2026-0063.,nan
EV00561,Arrest,Arrest involving Ishaan Patil,2024-07-05T20:24:39,L0407,C0063,Arrest activity observed in connection with banking fraud investigation CASE-2026-0063.,nan
EV00562,Vehicle Movement,Vehicle Movement involving Pranav Das,2024-08-17T02:39:16,L0584,C0063,Vehicle Movement activity observed in connection with banking fraud investigation CASE-2026-0063.,E06403
EV00563,Arrest,Arrest involving Aniket Saxena,2024-08-17T17:40:45,L0407,C0063,Arrest activity observed in connection with banking fraud investigation CASE-2026-0063.,nan
EV00564,Delivery,Delivery involving Ritesh Reddy,2024-08-20T18:34:09,L0320,C0064,Delivery activity observed in connection with simple robbery investigation CASE-2026-0064.,nan
EV00565,Arrest,Arrest involving Kiara Menon,2024-06-17T23:02:29,L0062,C0064,Arrest activity observed in connection with simple robbery investigation CASE-2026-0064.,nan
EV00566,Transaction,Transaction involving Kiara Menon,2024-08-20T12:43:26,L0062,C0064,Transaction activity observed in connection with simple robbery investigation CASE-2026-0064.,nan
EV00567,Meeting,Meeting involving Ananya Mehta,2024-03-17T00:03:37,L0495,C0065,Meeting activity observed in connection with document fraud investigation CASE-2026-0065.,E06408
EV00568,Meeting,Meeting involving Sameer Nair,2024-10-21T23:50:51,L0066,C0065,Meeting activity observed in connection with document fraud investigation CASE-2026-0065.,E06409
EV00569,Financial Activity,Financial Activity involving Ritesh Das,2024-02-06T07:28:05,L0066,C0065,Financial Activity activity observed in connection with document fraud investigation CASE-2026-0065.,E06410
EV00570,Evidence Collection,Evidence Collection involving Saurabh Saxena,2024-04-10T00:18:07,L0175,C0065,Evidence Collection activity observed in connection with document fraud investigation CASE-2026-0065.,nan
EV00571,Arrest,Arrest involving Vivek Khan,2024-05-18T06:52:19,L0175,C0065,Arrest activity observed in connection with document fraud investigation CASE-2026-0065.,nan
EV00572,Evidence Collection,Evidence Collection involving Riya Iyer,2024-07-02T20:43:51,L0359,C0066,Evidence Collection activity observed in connection with financial fraud investigation CASE-2026-0066.,nan
EV00573,Meeting,Meeting involving Pallavi Ghosh,2024-12-17T20:49:07,L0099,C0066,Meeting activity observed in connection with financial fraud investigation CASE-2026-0066.,nan
EV00574,Crime,Crime involving Pooja Ghosh,2024-07-12T10:39:07,L0299,C0066,Crime activity observed in connection with financial fraud investigation CASE-2026-0066.,nan
EV00575,Surveillance,Surveillance involving Aman Ghosh,2024-09-03T01:57:45,L0099,C0066,Surveillance activity observed in connection with financial fraud investigation CASE-2026-0066.,nan
EV00576,Arrest,Arrest involving Zoya Reddy,2024-07-03T15:09:12,L0272,C0066,Arrest activity observed in connection with financial fraud investigation CASE-2026-0066.,nan
EV00577,Crime,Crime involving Shreya Pillai,2024-09-12T02:25:54,L0359,C0066,Crime activity observed in connection with financial fraud investigation CASE-2026-0066.,E06423
EV00578,Meeting,Meeting involving Pooja Ghosh,2024-01-23T14:19:52,L0272,C0066,Meeting activity observed in connection with financial fraud investigation CASE-2026-0066.,nan
EV00579,Meeting,Meeting involving Vanya Thakur,2024-08-20T11:31:37,L0272,C0066,Meeting activity observed in connection with financial fraud investigation CASE-2026-0066.,nan
EV00580,Financial Activity,Financial Activity involving Ritesh Kapoor,2024-07-02T02:14:35,L0399,C0066,Financial Activity activity observed in connection with financial fraud investigation CASE-2026-0066.,E06424
EV00581,Arrest,Arrest involving Rhea Saxena,2024-01-20T11:58:31,L0099,C0066,Arrest activity observed in connection with financial fraud investigation CASE-2026-0066.,nan
EV00582,Meeting,Meeting involving Aanya Malhotra,2024-07-14T09:34:16,L0399,C0066,Meeting activity observed in connection with financial fraud investigation CASE-2026-0066.,E06425
EV00583,Observation,Observation involving Anushka Mehta,2024-02-28T04:15:30,L0531,C0067,Observation activity observed in connection with burglary investigation CASE-2026-0067.,nan
EV00584,Meeting,Meeting involving Saurabh Joshi,2024-07-28T01:45:37,L0336,C0067,Meeting activity observed in connection with burglary investigation CASE-2026-0067.,nan
EV00585,Observation,Observation involving Tara Malhotra,2024-05-07T14:13:46,L0305,C0067,Observation activity observed in connection with burglary investigation CASE-2026-0067.,nan
EV00586,Crime,Crime involving Rhea Mishra,2024-11-04T20:01:49,L0441,C0068,Crime activity observed in connection with major cybercrime investigation CASE-2026-0068.,nan
EV00587,Evidence Collection,Evidence Collection involving Diya Saxena,2024-01-17T09:41:21,L0254,C0068,Evidence Collection activity observed in connection with major cybercrime investigation CASE-2026-0068.,nan
EV00588,Evidence Collection,Evidence Collection involving Vivek Bansal,2024-07-08T23:26:12,L0441,C0068,Evidence Collection activity observed in connection with major cybercrime investigation CASE-2026-0068.,nan
EV00589,Arrest,Arrest involving Vivek Bansal,2024-04-10T21:23:29,L0441,C0068,Arrest activity observed in connection with major cybercrime investigation CASE-2026-0068.,E06444
EV00590,Cyber Activity,Cyber Activity involving Dhruv Singh,2024-03-02T01:32:11,L0441,C0068,Cyber Activity activity observed in connection with major cybercrime investigation CASE-2026-0068.,nan
EV00591,Arrest,Arrest involving Riya Naik,2024-02-06T08:48:56,L0147,C0068,Arrest activity observed in connection with major cybercrime investigation CASE-2026-0068.,nan
EV00592,Observation,Observation involving Yash Menon,2024-07-30T03:11:51,L0393,C0068,Observation activity observed in connection with major cybercrime investigation CASE-2026-0068.,nan
EV00593,Surveillance,Surveillance involving Pranav Chavan,2024-06-08T00:44:33,L0254,C0068,Surveillance activity observed in connection with major cybercrime investigation CASE-2026-0068.,nan
EV00594,Call,Call involving Yash Menon,2024-01-03T08:56:43,L0198,C0068,Call activity observed in connection with major cybercrime investigation CASE-2026-0068.,nan
EV00595,Call,Call involving Karan Kulkarni,2024-09-14T16:06:19,L0147,C0068,Call activity observed in connection with major cybercrime investigation CASE-2026-0068.,nan
EV00596,Interview,Interview involving Dhruv Singh,2024-04-13T04:11:12,L0198,C0068,Interview activity observed in connection with major cybercrime investigation CASE-2026-0068.,nan
EV00597,Evidence Collection,Evidence Collection involving Aarav Saxena,2024-02-03T06:05:35,L0254,C0068,Evidence Collection activity observed in connection with major cybercrime investigation CASE-2026-0068.,nan
EV00598,Evidence Collection,Evidence Collection involving Aditi Iyer,2024-04-29T11:19:53,L0393,C0068,Evidence Collection activity observed in connection with major cybercrime investigation CASE-2026-0068.,nan
EV00599,Interview,Interview involving Riya Naik,2024-07-19T11:53:37,L0198,C0068,Interview activity observed in connection with major cybercrime investigation CASE-2026-0068.,nan
EV00600,Crime,Crime involving Varun Das,2024-03-07T09:53:18,L0254,C0068,Crime activity observed in connection with major cybercrime investigation CASE-2026-0068.,nan
EV00601,Surveillance,Surveillance involving Arjun Saxena,2024-06-19T08:53:37,L0393,C0068,Surveillance activity observed in connection with major cybercrime investigation CASE-2026-0068.,nan
EV00602,Interview,Interview involving Karan Kulkarni,2024-02-28T03:14:19,L0441,C0068,Interview activity observed in connection with major cybercrime investigation CASE-2026-0068.,nan
EV00603,Call,Call involving Siddharth Patil,2024-03-28T17:41:05,L0198,C0068,Call activity observed in connection with major cybercrime investigation CASE-2026-0068.,nan
EV00604,Cyber Activity,Cyber Activity involving Avni Desai,2024-07-13T23:07:12,L0254,C0068,Cyber Activity activity observed in connection with major cybercrime investigation CASE-2026-0068.,E06445
EV00605,Arrest,Arrest involving Tanvi Bansal,2024-03-25T19:33:21,L0198,C0068,Arrest activity observed in connection with major cybercrime investigation CASE-2026-0068.,E06446
EV00606,Evidence Collection,Evidence Collection involving Varun Das,2024-08-27T14:07:47,L0147,C0068,Evidence Collection activity observed in connection with major cybercrime investigation CASE-2026-0068.,nan
EV00607,Call,Call involving Kavya Das,2024-11-27T05:31:26,L0181,C0069,Call activity observed in connection with theft investigation CASE-2026-0069.,nan
EV00608,Observation,Observation involving Dhruv Mishra,2024-01-24T22:02:17,L0200,C0069,Observation activity observed in connection with theft investigation CASE-2026-0069.,nan
EV00609,Cyber Activity,Cyber Activity involving Ritesh Kapoor,2024-09-04T18:51:22,L0406,C0069,Cyber Activity activity observed in connection with theft investigation CASE-2026-0069.,nan
EV00610,Financial Activity,Financial Activity involving Ritesh Kapoor,2024-06-19T16:03:56,L0454,C0069,Financial Activity activity observed in connection with theft investigation CASE-2026-0069.,E06448
EV00611,Interview,Interview involving Aditya Shetty,2024-09-13T22:17:42,L0454,C0069,Interview activity observed in connection with theft investigation CASE-2026-0069.,E06449
EV00612,Crime,Crime involving Sneha Gupta,2024-06-16T09:41:24,L0454,C0069,Crime activity observed in connection with theft investigation CASE-2026-0069.,nan
EV00613,Delivery,Delivery involving Akash Saxena,2024-07-12T05:24:00,L0001,C0070,Delivery activity observed in connection with unauthorized access investigation CASE-2026-0070.,E06458
EV00614,Vehicle Movement,Vehicle Movement involving Siddharth Iyer,2024-08-27T06:13:18,L0230,C0070,Vehicle Movement activity observed in connection with unauthorized access investigation CASE-2026-0070.,nan
EV00615,Vehicle Movement,Vehicle Movement involving Manav Sethi,2024-06-12T00:54:20,L0222,C0070,Vehicle Movement activity observed in connection with unauthorized access investigation CASE-2026-0070.,E06459
EV00616,Observation,Observation involving Akash Saxena,2024-06-30T05:28:03,L0230,C0070,Observation activity observed in connection with unauthorized access investigation CASE-2026-0070.,E06460
EV00617,Meeting,Meeting involving Zoya Naik,2024-07-09T17:22:46,L0230,C0070,Meeting activity observed in connection with unauthorized access investigation CASE-2026-0070.,nan
EV00618,Meeting,Meeting involving Manav Sethi,2024-06-24T13:57:35,L0222,C0070,Meeting activity observed in connection with unauthorized access investigation CASE-2026-0070.,nan
EV00619,Evidence Collection,Evidence Collection involving Manav Naik,2024-06-09T06:55:37,L0001,C0070,Evidence Collection activity observed in connection with unauthorized access investigation CASE-2026-0070.,E06461
EV00620,Vehicle Movement,Vehicle Movement involving Tanvi Iyer,2024-08-09T11:52:05,L0267,C0070,Vehicle Movement activity observed in connection with unauthorized access investigation CASE-2026-0070.,nan
EV00621,Call,Call involving Kiara Jadhav,2024-08-09T18:01:12,L0522,C0071,Call activity observed in connection with minor fraud investigation CASE-2026-0071.,nan
EV00622,Transaction,Transaction involving Aditya Thakur,2024-07-10T11:06:49,L0522,C0071,Transaction activity observed in connection with minor fraud investigation CASE-2026-0071.,nan
EV00623,Transaction,Transaction involving Manav Reddy,2024-12-15T07:46:34,L0522,C0072,Transaction activity observed in connection with property fraud investigation CASE-2026-0072.,E06472
EV00624,Delivery,Delivery involving Saurabh Reddy,2024-09-20T23:46:59,L0467,C0072,Delivery activity observed in connection with property fraud investigation CASE-2026-0072.,E06473
EV00625,Delivery,Delivery involving Tara Naik,2024-05-20T08:11:09,L0045,C0072,Delivery activity observed in connection with property fraud investigation CASE-2026-0072.,nan
EV00626,Transaction,Transaction involving Vidhi Das,2024-02-22T01:48:47,L0157,C0072,Transaction activity observed in connection with property fraud investigation CASE-2026-0072.,E06474
EV00627,Observation,Observation involving Naveen Rao,2024-03-16T10:58:12,L0467,C0072,Observation activity observed in connection with property fraud investigation CASE-2026-0072.,nan
EV00628,Surveillance,Surveillance involving Riya Chavan,2024-03-29T14:55:20,L0045,C0072,Surveillance activity observed in connection with property fraud investigation CASE-2026-0072.,E06475
EV00629,Surveillance,Surveillance involving Sana Bhat,2024-10-21T11:41:18,L0522,C0072,Surveillance activity observed in connection with property fraud investigation CASE-2026-0072.,nan
EV00630,Crime,Crime involving Sana Bhat,2024-05-15T10:58:52,L0045,C0072,Crime activity observed in connection with property fraud investigation CASE-2026-0072.,nan
EV00631,Evidence Collection,Evidence Collection involving Arnav Chavan,2024-03-19T19:41:03,L0157,C0072,Evidence Collection activity observed in connection with property fraud investigation CASE-2026-0072.,nan
EV00632,Financial Activity,Financial Activity involving Kavya Khan,2024-10-25T13:34:20,L0468,C0072,Financial Activity activity observed in connection with property fraud investigation CASE-2026-0072.,nan
EV00633,Meeting,Meeting involving Mahi Mishra,2024-01-17T15:17:25,L0157,C0072,Meeting activity observed in connection with property fraud investigation CASE-2026-0072.,nan
EV00634,Meeting,Meeting involving Yash Kulkarni,2024-01-22T15:11:40,L0467,C0072,Meeting activity observed in connection with property fraud investigation CASE-2026-0072.,nan
EV00635,Meeting,Meeting involving Vidhi Das,2024-06-24T13:22:55,L0045,C0072,Meeting activity observed in connection with property fraud investigation CASE-2026-0072.,nan
EV00636,Evidence Collection,Evidence Collection involving Tara Naik,2024-06-04T19:45:17,L0467,C0072,Evidence Collection activity observed in connection with property fraud investigation CASE-2026-0072.,E06476
EV00637,Delivery,Delivery involving Shreya Menon,2024-08-03T07:38:06,L0400,C0073,Delivery activity observed in connection with large organized crime network investigation CASE-2026-0073.,nan
EV00638,Interview,Interview involving Neha Kapoor,2024-07-11T11:51:20,L0059,C0073,Interview activity observed in connection with large organized crime network investigation CASE-2026-0073.,nan
EV00639,Call,Call involving Sneha Shah,2024-06-05T22:51:24,L0266,C0073,Call activity observed in connection with large organized crime network investigation CASE-2026-0073.,E06505
EV00640,Transaction,Transaction involving Dhruv Mishra,2024-06-19T08:42:34,L0400,C0073,Transaction activity observed in connection with large organized crime network investigation CASE-2026-0073.,nan
EV00641,Surveillance,Surveillance involving Sneha Shah,2024-05-25T02:39:31,L0400,C0073,Surveillance activity observed in connection with large organized crime network investigation CASE-2026-0073.,E06506
EV00642,Vehicle Movement,Vehicle Movement involving Vanya Rao,2024-02-12T22:39:47,L0214,C0073,Vehicle Movement activity observed in connection with large organized crime network investigation CASE-2026-0073.,nan
EV00643,Interview,Interview involving Yamini Kulkarni,2024-07-30T20:52:03,L0387,C0073,Interview activity observed in connection with large organized crime network investigation CASE-2026-0073.,E06507
EV00644,Financial Activity,Financial Activity involving Rahul Das,2024-05-11T07:24:06,L0059,C0073,Financial Activity activity observed in connection with large organized crime network investigation CASE-2026-0073.,E06508
EV00645,Vehicle Movement,Vehicle Movement involving Pranav Bhat,2024-03-23T08:47:19,L0059,C0073,Vehicle Movement activity observed in connection with large organized crime network investigation CASE-2026-0073.,E06509
EV00646,Transaction,Transaction involving Zoya Gupta,2024-12-30T10:44:31,L0214,C0073,Transaction activity observed in connection with large organized crime network investigation CASE-2026-0073.,E06510
EV00647,Meeting,Meeting involving Shreya Menon,2024-09-02T13:57:54,L0266,C0073,Meeting activity observed in connection with large organized crime network investigation CASE-2026-0073.,E06511
EV00648,Crime,Crime involving Aditi Das,2024-10-28T19:01:49,L0214,C0073,Crime activity observed in connection with large organized crime network investigation CASE-2026-0073.,nan
EV00649,Vehicle Movement,Vehicle Movement involving Rahul Das,2024-04-03T06:12:36,L0266,C0073,Vehicle Movement activity observed in connection with large organized crime network investigation CASE-2026-0073.,nan
EV00650,Crime,Crime involving Rhea Chavan,2024-07-03T22:18:54,L0387,C0073,Crime activity observed in connection with large organized crime network investigation CASE-2026-0073.,nan
EV00651,Interview,Interview involving Manav Desai,2024-12-01T05:24:46,L0266,C0073,Interview activity observed in connection with large organized crime network investigation CASE-2026-0073.,E06512
EV00652,Meeting,Meeting involving Aditi Das,2024-11-16T14:38:49,L0400,C0073,Meeting activity observed in connection with large organized crime network investigation CASE-2026-0073.,nan
EV00653,Surveillance,Surveillance involving Varun Rao,2024-01-29T18:39:21,L0214,C0073,Surveillance activity observed in connection with large organized crime network investigation CASE-2026-0073.,E06513
EV00654,Cyber Activity,Cyber Activity involving Naveen Malhotra,2024-05-02T19:30:09,L0214,C0073,Cyber Activity activity observed in connection with large organized crime network investigation CASE-2026-0073.,nan
EV00655,Delivery,Delivery involving Vikram Malhotra,2024-04-17T04:23:19,L0400,C0073,Delivery activity observed in connection with large organized crime network investigation CASE-2026-0073.,E06514
EV00656,Cyber Activity,Cyber Activity involving Sana Das,2024-12-27T12:06:29,L0059,C0073,Cyber Activity activity observed in connection with large organized crime network investigation CASE-2026-0073.,E06515
EV00657,Financial Activity,Financial Activity involving Naveen Malhotra,2024-04-29T22:59:59,L0059,C0073,Financial Activity activity observed in connection with large organized crime network investigation CASE-2026-0073.,nan
EV00658,Evidence Collection,Evidence Collection involving Aditya Bansal,2024-05-01T15:03:08,L0387,C0073,Evidence Collection activity observed in connection with large organized crime network investigation CASE-2026-0073.,E06516
EV00659,Call,Call involving Rahul Das,2024-08-23T14:23:43,L0387,C0073,Call activity observed in connection with large organized crime network investigation CASE-2026-0073.,nan
EV00660,Surveillance,Surveillance involving Naina Bhat,2024-08-27T11:45:10,L0266,C0073,Surveillance activity observed in connection with large organized crime network investigation CASE-2026-0073.,E06517
EV00661,Call,Call involving Kiara Bhat,2024-03-03T05:06:38,L0214,C0073,Call activity observed in connection with large organized crime network investigation CASE-2026-0073.,nan
EV00662,Evidence Collection,Evidence Collection involving Kiara Bhat,2024-08-21T03:06:38,L0214,C0073,Evidence Collection activity observed in connection with large organized crime network investigation CASE-2026-0073.,nan
EV00663,Evidence Collection,Evidence Collection involving Kavya Ghosh,2024-01-12T10:32:27,L0400,C0073,Evidence Collection activity observed in connection with large organized crime network investigation CASE-2026-0073.,nan
EV00664,Surveillance,Surveillance involving Vivek Bhat,2024-04-23T04:57:40,L0214,C0073,Surveillance activity observed in connection with large organized crime network investigation CASE-2026-0073.,nan
EV00665,Surveillance,Surveillance involving Dhruv Mishra,2024-10-10T03:21:54,L0059,C0073,Surveillance activity observed in connection with large organized crime network investigation CASE-2026-0073.,E06518
EV00666,Arrest,Arrest involving Dhruv Mishra,2024-06-25T23:25:42,L0266,C0073,Arrest activity observed in connection with large organized crime network investigation CASE-2026-0073.,nan
EV00667,Cyber Activity,Cyber Activity involving Kiara Bhat,2024-03-17T05:24:20,L0059,C0073,Cyber Activity activity observed in connection with large organized crime network investigation CASE-2026-0073.,nan
EV00668,Surveillance,Surveillance involving Tara Thakur,2024-04-17T04:40:05,L0266,C0073,Surveillance activity observed in connection with large organized crime network investigation CASE-2026-0073.,E06519
EV00669,Call,Call involving Harsh Menon,2024-01-11T00:04:09,L0214,C0073,Call activity observed in connection with large organized crime network investigation CASE-2026-0073.,nan
EV00670,Arrest,Arrest involving Harsh Menon,2024-11-02T02:40:03,L0214,C0073,Arrest activity observed in connection with large organized crime network investigation CASE-2026-0073.,nan
EV00671,Arrest,Arrest involving Naina Bhat,2024-08-29T10:04:06,L0214,C0073,Arrest activity observed in connection with large organized crime network investigation CASE-2026-0073.,nan
EV00672,Surveillance,Surveillance involving Kiara Pillai,2024-09-15T21:51:36,L0400,C0073,Surveillance activity observed in connection with large organized crime network investigation CASE-2026-0073.,E06520
EV00673,Delivery,Delivery involving Diya Shah,2024-05-06T21:52:35,L0400,C0073,Delivery activity observed in connection with large organized crime network investigation CASE-2026-0073.,nan
EV00674,Financial Activity,Financial Activity involving Kiara Bhat,2024-07-02T12:04:48,L0214,C0073,Financial Activity activity observed in connection with large organized crime network investigation CASE-2026-0073.,nan
EV00675,Interview,Interview involving Naveen Malhotra,2024-01-04T02:02:13,L0266,C0073,Interview activity observed in connection with large organized crime network investigation CASE-2026-0073.,nan
EV00676,Vehicle Movement,Vehicle Movement involving Zoya Gupta,2024-12-25T22:21:34,L0387,C0073,Vehicle Movement activity observed in connection with large organized crime network investigation CASE-2026-0073.,nan
EV00677,Crime,Crime involving Shreya Verma,2024-08-31T17:35:29,L0059,C0073,Crime activity observed in connection with large organized crime network investigation CASE-2026-0073.,E06521
EV00678,Interview,Interview involving Riya Nair,2024-03-14T19:04:29,L0387,C0073,Interview activity observed in connection with large organized crime network investigation CASE-2026-0073.,nan
EV00679,Surveillance,Surveillance involving Ritesh Das,2024-03-18T07:28:43,L0266,C0073,Surveillance activity observed in connection with large organized crime network investigation CASE-2026-0073.,nan
EV00680,Meeting,Meeting involving Rahul Shah,2024-07-08T11:37:01,L0277,C0074,Meeting activity observed in connection with data theft investigation CASE-2026-0074.,E06527
EV00681,Delivery,Delivery involving Mohit Bansal,2024-08-02T20:00:17,L0325,C0074,Delivery activity observed in connection with data theft investigation CASE-2026-0074.,nan
EV00682,Interview,Interview involving Pooja Desai,2024-10-18T16:08:28,L0325,C0074,Interview activity observed in connection with data theft investigation CASE-2026-0074.,nan
EV00683,Crime,Crime involving Manav Khan,2024-01-29T14:42:14,L0325,C0074,Crime activity observed in connection with data theft investigation CASE-2026-0074.,nan
EV00684,Surveillance,Surveillance involving Rahul Shah,2024-05-04T16:26:41,L0101,C0074,Surveillance activity observed in connection with data theft investigation CASE-2026-0074.,nan
EV00685,Meeting,Meeting involving Manav Khan,2024-08-21T08:23:05,L0325,C0074,Meeting activity observed in connection with data theft investigation CASE-2026-0074.,nan
EV00686,Call,Call involving Aarav Das,2024-12-31T14:18:58,L0101,C0074,Call activity observed in connection with data theft investigation CASE-2026-0074.,E06528
EV00687,Vehicle Movement,Vehicle Movement involving Aniket Shetty,2024-05-19T06:39:53,L0361,C0075,Vehicle Movement activity observed in connection with document fraud investigation CASE-2026-0075.,nan
EV00688,Cyber Activity,Cyber Activity involving Mohit Gupta,2024-08-05T13:07:37,L0307,C0075,Cyber Activity activity observed in connection with document fraud investigation CASE-2026-0075.,nan
EV00689,Evidence Collection,Evidence Collection involving Saurabh Saxena,2024-07-01T04:27:16,L0241,C0075,Evidence Collection activity observed in connection with document fraud investigation CASE-2026-0075.,E06531
EV00690,Delivery,Delivery involving Dev Mehta,2024-03-01T02:52:23,L0439,C0076,Delivery activity observed in connection with vehicle theft investigation CASE-2026-0076.,nan
EV00691,Interview,Interview involving Rahul Naik,2024-12-25T08:26:01,L0439,C0076,Interview activity observed in connection with vehicle theft investigation CASE-2026-0076.,nan
EV00692,Arrest,Arrest involving Rahul Naik,2024-03-12T23:21:28,L0365,C0076,Arrest activity observed in connection with vehicle theft investigation CASE-2026-0076.,nan
EV00693,Delivery,Delivery involving Ishaan Patil,2024-07-20T01:13:54,L0439,C0076,Delivery activity observed in connection with vehicle theft investigation CASE-2026-0076.,nan
EV00694,Call,Call involving Aarav Rao,2024-05-07T15:23:47,L0439,C0076,Call activity observed in connection with vehicle theft investigation CASE-2026-0076.,nan
EV00695,Cyber Activity,Cyber Activity involving Mohit Ghosh,2024-03-23T20:16:58,L0441,C0077,Cyber Activity activity observed in connection with major cybercrime investigation CASE-2026-0077.,nan
EV00696,Call,Call involving Anushka Kulkarni,2024-02-22T16:56:37,L0490,C0077,Call activity observed in connection with major cybercrime investigation CASE-2026-0077.,E06570
EV00697,Meeting,Meeting involving Ananya Singh,2024-02-24T09:36:55,L0441,C0077,Meeting activity observed in connection with major cybercrime investigation CASE-2026-0077.,nan
EV00698,Meeting,Meeting involving Aarav Das,2024-08-14T04:00:04,L0578,C0077,Meeting activity observed in connection with major cybercrime investigation CASE-2026-0077.,nan
EV00699,Call,Call involving Riya Menon,2024-05-18T20:48:40,L0254,C0077,Call activity observed in connection with major cybercrime investigation CASE-2026-0077.,nan
EV00700,Financial Activity,Financial Activity involving Vanya Jadhav,2024-07-13T18:24:46,L0254,C0077,Financial Activity activity observed in connection with major cybercrime investigation CASE-2026-0077.,nan
EV00701,Transaction,Transaction involving Akash Joshi,2024-05-16T19:32:23,L0254,C0077,Transaction activity observed in connection with major cybercrime investigation CASE-2026-0077.,nan
EV00702,Vehicle Movement,Vehicle Movement involving Anushka Kulkarni,2024-05-25T23:45:13,L0257,C0077,Vehicle Movement activity observed in connection with major cybercrime investigation CASE-2026-0077.,nan
EV00703,Transaction,Transaction involving Zoya Kapoor,2024-04-28T12:12:09,L0578,C0077,Transaction activity observed in connection with major cybercrime investigation CASE-2026-0077.,E06571
EV00704,Vehicle Movement,Vehicle Movement involving Ishaan Menon,2024-03-11T09:01:33,L0254,C0077,Vehicle Movement activity observed in connection with major cybercrime investigation CASE-2026-0077.,nan
EV00705,Financial Activity,Financial Activity involving Ananya Singh,2024-07-29T22:57:54,L0441,C0077,Financial Activity activity observed in connection with major cybercrime investigation CASE-2026-0077.,nan
EV00706,Evidence Collection,Evidence Collection involving Mahi Mishra,2024-06-08T16:44:22,L0578,C0077,Evidence Collection activity observed in connection with major cybercrime investigation CASE-2026-0077.,nan
EV00707,Crime,Crime involving Shreya Khan,2024-12-28T18:21:01,L0578,C0077,Crime activity observed in connection with major cybercrime investigation CASE-2026-0077.,E06572
EV00708,Evidence Collection,Evidence Collection involving Shreya Khan,2024-06-09T13:03:12,L0578,C0077,Evidence Collection activity observed in connection with major cybercrime investigation CASE-2026-0077.,nan
EV00709,Vehicle Movement,Vehicle Movement involving Pranav Rao,2024-02-22T19:17:50,L0441,C0077,Vehicle Movement activity observed in connection with major cybercrime investigation CASE-2026-0077.,nan
EV00710,Evidence Collection,Evidence Collection involving Nisha Desai,2024-08-23T09:14:03,L0254,C0077,Evidence Collection activity observed in connection with major cybercrime investigation CASE-2026-0077.,nan
EV00711,Cyber Activity,Cyber Activity involving Naina Joshi,2024-06-01T03:19:18,L0254,C0077,Cyber Activity activity observed in connection with major cybercrime investigation CASE-2026-0077.,nan
EV00712,Transaction,Transaction involving Siddharth Joshi,2024-06-11T01:44:43,L0257,C0077,Transaction activity observed in connection with major cybercrime investigation CASE-2026-0077.,E06573
EV00713,Delivery,Delivery involving Anushka Kapoor,2024-06-21T10:23:27,L0257,C0077,Delivery activity observed in connection with major cybercrime investigation CASE-2026-0077.,nan
EV00714,Call,Call involving Aman Joshi,2024-01-06T03:25:06,L0257,C0077,Call activity observed in connection with major cybercrime investigation CASE-2026-0077.,nan
EV00715,Arrest,Arrest involving Raj Rao,2024-08-06T05:55:22,L0578,C0077,Arrest activity observed in connection with major cybercrime investigation CASE-2026-0077.,E06574
EV00716,Transaction,Transaction involving Anushka Kapoor,2024-03-02T03:54:18,L0257,C0077,Transaction activity observed in connection with major cybercrime investigation CASE-2026-0077.,nan
EV00717,Evidence Collection,Evidence Collection involving Pranav Rao,2024-04-10T17:02:35,L0254,C0077,Evidence Collection activity observed in connection with major cybercrime investigation CASE-2026-0077.,nan
EV00718,Crime,Crime involving Saurabh Thakur,2024-03-29T10:45:02,L0441,C0077,Crime activity observed in connection with major cybercrime investigation CASE-2026-0077.,nan
EV00719,Surveillance,Surveillance involving Vivek Khan,2024-07-11T21:21:41,L0257,C0077,Surveillance activity observed in connection with major cybercrime investigation CASE-2026-0077.,nan
EV00720,Cyber Activity,Cyber Activity involving Saurabh Sethi,2024-02-07T17:55:56,L0257,C0077,Cyber Activity activity observed in connection with major cybercrime investigation CASE-2026-0077.,nan
EV00721,Transaction,Transaction involving Manav Gupta,2024-04-17T09:32:15,L0254,C0077,Transaction activity observed in connection with major cybercrime investigation CASE-2026-0077.,nan
EV00722,Transaction,Transaction involving Raj Singh,2024-04-15T14:47:25,L0065,C0078,Transaction activity observed in connection with identity fraud investigation CASE-2026-0078.,nan
EV00723,Observation,Observation involving Karan Menon,2024-05-09T18:06:04,L0205,C0078,Observation activity observed in connection with identity fraud investigation CASE-2026-0078.,nan
EV00724,Call,Call involving Karan Menon,2024-01-25T12:26:51,L0457,C0078,Call activity observed in connection with identity fraud investigation CASE-2026-0078.,nan
EV00725,Evidence Collection,Evidence Collection involving Akash Nair,2024-06-25T04:55:47,L0305,C0079,Evidence Collection activity observed in connection with kidnapping investigation CASE-2026-0079.,E06581
EV00726,Meeting,Meeting involving Tara Kapoor,2024-03-23T14:16:29,L0207,C0079,Meeting activity observed in connection with kidnapping investigation CASE-2026-0079.,nan
EV00727,Financial Activity,Financial Activity involving Meera Kulkarni,2024-04-26T12:57:43,L0305,C0079,Financial Activity activity observed in connection with kidnapping investigation CASE-2026-0079.,nan
EV00728,Observation,Observation involving Pallavi Kapoor,2024-03-06T01:14:23,L0207,C0079,Observation activity observed in connection with kidnapping investigation CASE-2026-0079.,nan
EV00729,Surveillance,Surveillance involving Kabir Saxena,2024-07-31T23:28:54,L0054,C0080,Surveillance activity observed in connection with online fraud investigation CASE-2026-0080.,E06591
EV00730,Crime,Crime involving Aniket Rao,2024-07-13T02:32:21,L0423,C0080,Crime activity observed in connection with online fraud investigation CASE-2026-0080.,nan
EV00731,Financial Activity,Financial Activity involving Diya Menon,2024-08-20T18:33:25,L0524,C0080,Financial Activity activity observed in connection with online fraud investigation CASE-2026-0080.,nan
EV00732,Meeting,Meeting involving Naveen Malhotra,2024-05-30T10:39:44,L0054,C0080,Meeting activity observed in connection with online fraud investigation CASE-2026-0080.,E06592
EV00733,Observation,Observation involving Diya Menon,2024-07-02T00:38:02,L0144,C0080,Observation activity observed in connection with online fraud investigation CASE-2026-0080.,nan
EV00734,Interview,Interview involving Nikhil Shetty,2024-03-22T06:33:18,L0195,C0080,Interview activity observed in connection with online fraud investigation CASE-2026-0080.,nan
EV00735,Financial Activity,Financial Activity involving Kavya Naik,2024-01-01T20:20:00,L0144,C0080,Financial Activity activity observed in connection with online fraud investigation CASE-2026-0080.,nan
EV00736,Transaction,Transaction involving Kabir Saxena,2024-02-04T02:09:47,L0144,C0080,Transaction activity observed in connection with online fraud investigation CASE-2026-0080.,nan
EV00737,Evidence Collection,Evidence Collection involving Raj Malhotra,2024-07-02T13:27:10,L0524,C0080,Evidence Collection activity observed in connection with online fraud investigation CASE-2026-0080.,nan
EV00738,Financial Activity,Financial Activity involving Kavya Naik,2024-01-15T12:51:58,L0423,C0080,Financial Activity activity observed in connection with online fraud investigation CASE-2026-0080.,nan
EV00739,Call,Call involving Pooja Bansal,2024-01-23T21:59:07,L0054,C0080,Call activity observed in connection with online fraud investigation CASE-2026-0080.,nan
EV00740,Delivery,Delivery involving Manav Sethi,2024-01-20T14:53:26,L0054,C0080,Delivery activity observed in connection with online fraud investigation CASE-2026-0080.,nan
EV00741,Financial Activity,Financial Activity involving Nikhil Shetty,2024-08-17T17:33:41,L0423,C0080,Financial Activity activity observed in connection with online fraud investigation CASE-2026-0080.,nan
EV00742,Call,Call involving Ananya Verma,2024-01-04T00:26:51,L0423,C0080,Call activity observed in connection with online fraud investigation CASE-2026-0080.,nan
EV00743,Call,Call involving Aman Kulkarni,2024-01-13T10:55:36,L0144,C0080,Call activity observed in connection with online fraud investigation CASE-2026-0080.,E06593
EV00744,Meeting,Meeting involving Ananya Ghosh,2024-08-12T14:19:33,L0195,C0080,Meeting activity observed in connection with online fraud investigation CASE-2026-0080.,nan
EV00745,Financial Activity,Financial Activity involving Ananya Bansal,2024-05-28T06:19:17,L0524,C0080,Financial Activity activity observed in connection with online fraud investigation CASE-2026-0080.,E06594
EV00746,Delivery,Delivery involving Isha Iyer,2024-01-27T06:55:49,L0054,C0080,Delivery activity observed in connection with online fraud investigation CASE-2026-0080.,nan
EV00747,Transaction,Transaction involving Nikhil Shetty,2024-03-23T12:46:08,L0144,C0080,Transaction activity observed in connection with online fraud investigation CASE-2026-0080.,E06595
EV00748,Cyber Activity,Cyber Activity involving Naveen Malhotra,2024-07-21T14:55:49,L0195,C0080,Cyber Activity activity observed in connection with online fraud investigation CASE-2026-0080.,nan
EV00749,Interview,Interview involving Nikhil Shetty,2024-06-11T23:27:06,L0054,C0080,Interview activity observed in connection with online fraud investigation CASE-2026-0080.,nan
EV00750,Cyber Activity,Cyber Activity involving Pranav Thakur,2024-07-21T18:00:31,L0107,C0081,Cyber Activity activity observed in connection with theft investigation CASE-2026-0081.,E06596
EV00751,Crime,Crime involving Tara Joshi,2024-08-10T21:32:04,L0107,C0081,Crime activity observed in connection with theft investigation CASE-2026-0081.,nan
EV00752,Surveillance,Surveillance involving Avni Singh,2024-07-07T23:43:20,L0250,C0082,Surveillance activity observed in connection with vehicle theft investigation CASE-2026-0082.,nan
EV00753,Observation,Observation involving Dhruv Malhotra,2024-08-25T01:16:12,L0541,C0082,Observation activity observed in connection with vehicle theft investigation CASE-2026-0082.,nan
EV00754,Meeting,Meeting involving Trisha Desai,2024-07-15T14:54:32,L0216,C0083,Meeting activity observed in connection with simple robbery investigation CASE-2026-0083.,E06598
EV00755,Meeting,Meeting involving Saurabh Bansal,2024-07-30T15:49:57,L0216,C0083,Meeting activity observed in connection with simple robbery investigation CASE-2026-0083.,nan
EV00756,Observation,Observation involving Vikram Verma,2024-05-20T19:02:59,L0406,C0084,Observation activity observed in connection with large financial crime network investigation CASE-2026-0084.,nan
EV00757,Surveillance,Surveillance involving Sana Rao,2024-05-27T14:40:41,L0515,C0084,Surveillance activity observed in connection with large financial crime network investigation CASE-2026-0084.,nan
EV00758,Call,Call involving Kabir Reddy,2024-06-01T11:19:15,L0002,C0084,Call activity observed in connection with large financial crime network investigation CASE-2026-0084.,nan
EV00759,Vehicle Movement,Vehicle Movement involving Anushka Sethi,2024-08-02T03:13:21,L0002,C0084,Vehicle Movement activity observed in connection with large financial crime network investigation CASE-2026-0084.,nan
EV00760,Evidence Collection,Evidence Collection involving Dev Patil,2024-06-25T05:32:22,L0136,C0084,Evidence Collection activity observed in connection with large financial crime network investigation CASE-2026-0084.,E06614
EV00761,Interview,Interview involving Anushka Sethi,2024-05-03T08:36:49,L0515,C0084,Interview activity observed in connection with large financial crime network investigation CASE-2026-0084.,nan
EV00762,Financial Activity,Financial Activity involving Rahul Verma,2024-06-11T03:40:34,L0406,C0084,Financial Activity activity observed in connection with large financial crime network investigation CASE-2026-0084.,E06615
EV00763,Cyber Activity,Cyber Activity involving Karan Jadhav,2024-06-22T17:11:11,L0406,C0084,Cyber Activity activity observed in connection with large financial crime network investigation CASE-2026-0084.,nan
EV00764,Evidence Collection,Evidence Collection involving Ananya Mishra,2024-07-14T08:08:26,L0001,C0084,Evidence Collection activity observed in connection with large financial crime network investigation CASE-2026-0084.,nan
EV00765,Arrest,Arrest involving Naveen Kulkarni,2024-08-04T21:26:00,L0136,C0084,Arrest activity observed in connection with large financial crime network investigation CASE-2026-0084.,nan
EV00766,Vehicle Movement,Vehicle Movement involving Dev Patil,2024-05-30T10:11:34,L0406,C0084,Vehicle Movement activity observed in connection with large financial crime network investigation CASE-2026-0084.,E06616
EV00767,Cyber Activity,Cyber Activity involving Saurabh Shetty,2024-07-07T10:32:27,L0001,C0084,Cyber Activity activity observed in connection with large financial crime network investigation CASE-2026-0084.,nan
EV00768,Arrest,Arrest involving Kabir Reddy,2024-06-13T06:28:21,L0001,C0084,Arrest activity observed in connection with large financial crime network investigation CASE-2026-0084.,nan
EV00769,Interview,Interview involving Rahul Iyer,2024-08-24T09:46:35,L0515,C0084,Interview activity observed in connection with large financial crime network investigation CASE-2026-0084.,nan
EV00770,Crime,Crime involving Sana Rao,2024-05-09T05:39:45,L0002,C0084,Crime activity observed in connection with large financial crime network investigation CASE-2026-0084.,nan
EV00771,Observation,Observation involving Anushka Singh,2024-07-05T22:52:22,L0002,C0084,Observation activity observed in connection with large financial crime network investigation CASE-2026-0084.,nan
EV00772,Crime,Crime involving Rahul Verma,2024-05-28T10:21:13,L0002,C0084,Crime activity observed in connection with large financial crime network investigation CASE-2026-0084.,nan
EV00773,Transaction,Transaction involving Kiara Sethi,2024-05-21T08:45:10,L0001,C0084,Transaction activity observed in connection with large financial crime network investigation CASE-2026-0084.,nan
EV00774,Crime,Crime involving Aman Mehta,2024-06-07T10:07:23,L0515,C0084,Crime activity observed in connection with large financial crime network investigation CASE-2026-0084.,nan
EV00775,Call,Call involving Kavya Nair,2024-08-02T14:49:31,L0001,C0084,Call activity observed in connection with large financial crime network investigation CASE-2026-0084.,nan
EV00776,Transaction,Transaction involving Raj Shetty,2024-07-11T11:05:13,L0515,C0084,Transaction activity observed in connection with large financial crime network investigation CASE-2026-0084.,nan
EV00777,Transaction,Transaction involving Vikram Verma,2024-05-14T17:49:56,L0136,C0084,Transaction activity observed in connection with large financial crime network investigation CASE-2026-0084.,E06617
EV00778,Financial Activity,Financial Activity involving Kavya Nair,2024-06-08T23:39:59,L0515,C0084,Financial Activity activity observed in connection with large financial crime network investigation CASE-2026-0084.,E06618
EV00779,Vehicle Movement,Vehicle Movement involving Yash Pillai,2024-05-07T15:05:03,L0406,C0084,Vehicle Movement activity observed in connection with large financial crime network investigation CASE-2026-0084.,E06619
EV00780,Crime,Crime involving Yash Pillai,2024-08-16T10:54:15,L0406,C0084,Crime activity observed in connection with large financial crime network investigation CASE-2026-0084.,nan
EV00781,Arrest,Arrest involving Kabir Bansal,2024-08-31T05:36:32,L0406,C0084,Arrest activity observed in connection with large financial crime network investigation CASE-2026-0084.,nan
EV00782,Cyber Activity,Cyber Activity involving Ananya Mishra,2024-07-04T14:55:39,L0406,C0084,Cyber Activity activity observed in connection with large financial crime network investigation CASE-2026-0084.,nan
EV00783,Transaction,Transaction involving Karan Jadhav,2024-08-04T05:57:14,L0002,C0084,Transaction activity observed in connection with large financial crime network investigation CASE-2026-0084.,nan
EV00784,Transaction,Transaction involving Yamini Singh,2024-08-06T21:03:08,L0136,C0084,Transaction activity observed in connection with large financial crime network investigation CASE-2026-0084.,nan
EV00785,Evidence Collection,Evidence Collection involving Karan Jadhav,2024-05-06T03:42:04,L0002,C0084,Evidence Collection activity observed in connection with large financial crime network investigation CASE-2026-0084.,E06620
EV00786,Cyber Activity,Cyber Activity involving Dev Patil,2024-07-24T23:49:36,L0002,C0084,Cyber Activity activity observed in connection with large financial crime network investigation CASE-2026-0084.,E06621
EV00787,Vehicle Movement,Vehicle Movement involving Dev Ghosh,2024-07-29T12:28:38,L0406,C0084,Vehicle Movement activity observed in connection with large financial crime network investigation CASE-2026-0084.,E06622
EV00788,Financial Activity,Financial Activity involving Zoya Naik,2024-07-06T06:01:59,L0002,C0084,Financial Activity activity observed in connection with large financial crime network investigation CASE-2026-0084.,E06623
EV00789,Crime,Crime involving Naveen Mishra,2024-08-27T07:35:53,L0515,C0084,Crime activity observed in connection with large financial crime network investigation CASE-2026-0084.,nan
EV00790,Cyber Activity,Cyber Activity involving Aarav Joshi,2024-06-14T14:27:09,L0001,C0084,Cyber Activity activity observed in connection with large financial crime network investigation CASE-2026-0084.,nan
EV00791,Financial Activity,Financial Activity involving Kavya Nair,2024-06-11T04:24:01,L0515,C0084,Financial Activity activity observed in connection with large financial crime network investigation CASE-2026-0084.,nan
EV00792,Meeting,Meeting involving Harsh Malhotra,2024-07-04T23:41:53,L0515,C0084,Meeting activity observed in connection with large financial crime network investigation CASE-2026-0084.,nan
EV00793,Cyber Activity,Cyber Activity involving Akash Rao,2024-08-22T05:27:56,L0002,C0084,Cyber Activity activity observed in connection with large financial crime network investigation CASE-2026-0084.,nan
EV00794,Surveillance,Surveillance involving Kabir Bansal,2024-08-29T17:17:42,L0001,C0084,Surveillance activity observed in connection with large financial crime network investigation CASE-2026-0084.,E06624
EV00795,Transaction,Transaction involving Yamini Kulkarni,2024-10-23T13:09:25,L0056,C0085,Transaction activity observed in connection with vehicle theft investigation CASE-2026-0085.,nan
EV00796,Vehicle Movement,Vehicle Movement involving Pooja Singh,2024-09-29T00:08:56,L0056,C0085,Vehicle Movement activity observed in connection with vehicle theft investigation CASE-2026-0085.,nan
EV00797,Financial Activity,Financial Activity involving Mahi Saxena,2024-02-19T12:59:39,L0092,C0085,Financial Activity activity observed in connection with vehicle theft investigation CASE-2026-0085.,E06630
EV00798,Cyber Activity,Cyber Activity involving Pooja Singh,2024-10-26T00:03:09,L0092,C0085,Cyber Activity activity observed in connection with vehicle theft investigation CASE-2026-0085.,nan
EV00799,Cyber Activity,Cyber Activity involving Sneha Shetty,2024-08-16T21:00:06,L0108,C0085,Cyber Activity activity observed in connection with vehicle theft investigation CASE-2026-0085.,E06631
EV00800,Financial Activity,Financial Activity involving Pooja Singh,2024-11-30T02:04:35,L0591,C0085,Financial Activity activity observed in connection with vehicle theft investigation CASE-2026-0085.,E06632
EV00801,Financial Activity,Financial Activity involving Aniket Bhat,2024-08-19T16:20:46,L0108,C0085,Financial Activity activity observed in connection with vehicle theft investigation CASE-2026-0085.,nan
EV00802,Crime,Crime involving Saurabh Menon,2024-12-27T04:13:54,L0092,C0085,Crime activity observed in connection with vehicle theft investigation CASE-2026-0085.,nan
EV00803,Crime,Crime involving Akash Patil,2024-03-25T06:56:29,L0304,C0085,Crime activity observed in connection with vehicle theft investigation CASE-2026-0085.,nan
EV00804,Financial Activity,Financial Activity involving Vikram Desai,2024-05-22T01:10:13,L0279,C0086,Financial Activity activity observed in connection with organized cybercrime investigation CASE-2026-0086.,E06641
EV00805,Observation,Observation involving Manav Khan,2024-04-19T10:34:03,L0125,C0086,Observation activity observed in connection with organized cybercrime investigation CASE-2026-0086.,E06642
EV00806,Crime,Crime involving Kunal Ghosh,2024-05-29T02:52:18,L0549,C0086,Crime activity observed in connection with organized cybercrime investigation CASE-2026-0086.,nan
EV00807,Financial Activity,Financial Activity involving Rahul Naik,2024-04-04T11:02:13,L0279,C0086,Financial Activity activity observed in connection with organized cybercrime investigation CASE-2026-0086.,nan
EV00808,Meeting,Meeting involving Vikram Desai,2024-07-19T20:19:33,L0199,C0086,Meeting activity observed in connection with organized cybercrime investigation CASE-2026-0086.,nan
EV00809,Interview,Interview involving Arnav Sethi,2024-05-02T05:12:30,L0125,C0086,Interview activity observed in connection with organized cybercrime investigation CASE-2026-0086.,E06643
EV00810,Call,Call involving Tara Naik,2024-09-03T14:17:53,L0199,C0086,Call activity observed in connection with organized cybercrime investigation CASE-2026-0086.,nan
EV00811,Arrest,Arrest involving Arnav Ghosh,2024-04-26T07:42:06,L0549,C0086,Arrest activity observed in connection with organized cybercrime investigation CASE-2026-0086.,nan
EV00812,Crime,Crime involving Arjun Verma,2024-08-23T23:43:56,L0125,C0086,Crime activity observed in connection with organized cybercrime investigation CASE-2026-0086.,E06644
EV00813,Transaction,Transaction involving Avni Thakur,2024-02-04T00:36:14,L0279,C0086,Transaction activity observed in connection with organized cybercrime investigation CASE-2026-0086.,nan
EV00814,Financial Activity,Financial Activity involving Rahul Naik,2024-05-10T09:18:44,L0199,C0086,Financial Activity activity observed in connection with organized cybercrime investigation CASE-2026-0086.,nan
EV00815,Vehicle Movement,Vehicle Movement involving Kunal Ghosh,2024-12-22T15:22:16,L0325,C0086,Vehicle Movement activity observed in connection with organized cybercrime investigation CASE-2026-0086.,E06645
EV00816,Meeting,Meeting involving Vivek Nair,2024-02-19T16:28:10,L0161,C0087,Meeting activity observed in connection with major cybercrime investigation CASE-2026-0087.,nan
EV00817,Cyber Activity,Cyber Activity involving Vivek Shah,2024-04-01T04:03:34,L0246,C0087,Cyber Activity activity observed in connection with major cybercrime investigation CASE-2026-0087.,nan
EV00818,Crime,Crime involving Raj Menon,2024-05-30T01:44:57,L0458,C0087,Crime activity observed in connection with major cybercrime investigation CASE-2026-0087.,E06650
EV00819,Observation,Observation involving Aarav Menon,2024-06-12T16:07:49,L0161,C0087,Observation activity observed in connection with major cybercrime investigation CASE-2026-0087.,nan
EV00820,Vehicle Movement,Vehicle Movement involving Vivek Ghosh,2024-01-08T17:57:32,L0107,C0087,Vehicle Movement activity observed in connection with major cybercrime investigation CASE-2026-0087.,nan
EV00821,Transaction,Transaction involving Vivek Ghosh,2024-02-15T17:37:00,L0246,C0087,Transaction activity observed in connection with major cybercrime investigation CASE-2026-0087.,E06651
EV00822,Surveillance,Surveillance involving Isha Nair,2024-04-15T17:06:12,L0246,C0087,Surveillance activity observed in connection with major cybercrime investigation CASE-2026-0087.,nan
EV00823,Interview,Interview involving Saurabh Joshi,2024-01-01T06:44:22,L0458,C0087,Interview activity observed in connection with major cybercrime investigation CASE-2026-0087.,nan
EV00824,Call,Call involving Vivek Ghosh,2024-02-24T00:43:51,L0246,C0087,Call activity observed in connection with major cybercrime investigation CASE-2026-0087.,nan
EV00825,Evidence Collection,Evidence Collection involving Tara Menon,2024-06-04T02:10:58,L0246,C0087,Evidence Collection activity observed in connection with major cybercrime investigation CASE-2026-0087.,nan
EV00826,Observation,Observation involving Harsh Shah,2024-04-08T23:16:47,L0107,C0087,Observation activity observed in connection with major cybercrime investigation CASE-2026-0087.,nan
EV00827,Financial Activity,Financial Activity involving Vanya Menon,2024-10-29T15:44:30,L0108,C0088,Financial Activity activity observed in connection with organized cybercrime investigation CASE-2026-0088.,nan
EV00828,Financial Activity,Financial Activity involving Rohan Thakur,2024-03-04T00:49:23,L0378,C0088,Financial Activity activity observed in connection with organized cybercrime investigation CASE-2026-0088.,nan
EV00829,Observation,Observation involving Vanya Menon,2024-07-05T09:15:40,L0528,C0088,Observation activity observed in connection with organized cybercrime investigation CASE-2026-0088.,E06674
EV00830,Surveillance,Surveillance involving Naina Kulkarni,2024-06-01T17:39:55,L0108,C0088,Surveillance activity observed in connection with organized cybercrime investigation CASE-2026-0088.,E06675
EV00831,Crime,Crime involving Naina Kulkarni,2024-04-30T10:58:31,L0378,C0088,Crime activity observed in connection with organized cybercrime investigation CASE-2026-0088.,nan
EV00832,Financial Activity,Financial Activity involving Aditi Sethi,2024-09-20T17:29:33,L0378,C0088,Financial Activity activity observed in connection with organized cybercrime investigation CASE-2026-0088.,nan
EV00833,Evidence Collection,Evidence Collection involving Neha Mishra,2024-11-17T10:24:55,L0378,C0088,Evidence Collection activity observed in connection with organized cybercrime investigation CASE-2026-0088.,nan
EV00834,Interview,Interview involving Neha Chavan,2024-03-20T16:56:49,L0528,C0088,Interview activity observed in connection with organized cybercrime investigation CASE-2026-0088.,nan
EV00835,Interview,Interview involving Vidhi Rao,2024-08-24T17:28:46,L0398,C0088,Interview activity observed in connection with organized cybercrime investigation CASE-2026-0088.,nan
EV00836,Arrest,Arrest involving Aditi Sethi,2024-03-31T20:22:42,L0528,C0088,Arrest activity observed in connection with organized cybercrime investigation CASE-2026-0088.,nan
EV00837,Observation,Observation involving Naina Kulkarni,2024-10-14T18:14:13,L0291,C0088,Observation activity observed in connection with organized cybercrime investigation CASE-2026-0088.,nan
EV00838,Surveillance,Surveillance involving Varun Rao,2024-01-27T01:39:04,L0386,C0089,Surveillance activity observed in connection with financial fraud investigation CASE-2026-0089.,nan
EV00839,Observation,Observation involving Aditi Kapoor,2024-05-30T03:06:08,L0386,C0089,Observation activity observed in connection with financial fraud investigation CASE-2026-0089.,nan
EV00840,Meeting,Meeting involving Simran Chavan,2024-05-07T06:21:22,L0214,C0089,Meeting activity observed in connection with financial fraud investigation CASE-2026-0089.,nan
EV00841,Arrest,Arrest involving Kavya Chavan,2024-06-07T01:25:24,L0214,C0089,Arrest activity observed in connection with financial fraud investigation CASE-2026-0089.,E06690
EV00842,Crime,Crime involving Nikhil Ghosh,2024-07-31T09:01:43,L0231,C0089,Crime activity observed in connection with financial fraud investigation CASE-2026-0089.,nan
EV00843,Vehicle Movement,Vehicle Movement involving Manav Desai,2024-05-23T20:11:08,L0364,C0089,Vehicle Movement activity observed in connection with financial fraud investigation CASE-2026-0089.,nan
EV00844,Call,Call involving Rohan Menon,2024-03-16T07:15:29,L0156,C0089,Call activity observed in connection with financial fraud investigation CASE-2026-0089.,nan
EV00845,Cyber Activity,Cyber Activity involving Zoya Mehta,2024-08-24T14:58:25,L0386,C0089,Cyber Activity activity observed in connection with financial fraud investigation CASE-2026-0089.,nan
EV00846,Meeting,Meeting involving Manav Desai,2024-07-03T11:14:58,L0231,C0089,Meeting activity observed in connection with financial fraud investigation CASE-2026-0089.,nan
EV00847,Evidence Collection,Evidence Collection involving Sneha Singh,2024-08-20T14:46:48,L0386,C0089,Evidence Collection activity observed in connection with financial fraud investigation CASE-2026-0089.,nan
EV00848,Observation,Observation involving Vidhi Menon,2024-08-15T21:19:47,L0386,C0089,Observation activity observed in connection with financial fraud investigation CASE-2026-0089.,E06691
EV00849,Delivery,Delivery involving Rohan Menon,2024-12-19T06:18:11,L0386,C0089,Delivery activity observed in connection with financial fraud investigation CASE-2026-0089.,nan
EV00850,Meeting,Meeting involving Raj Nair,2024-03-26T20:49:15,L0231,C0089,Meeting activity observed in connection with financial fraud investigation CASE-2026-0089.,nan
EV00851,Surveillance,Surveillance involving Nikhil Ghosh,2024-08-17T10:09:12,L0156,C0089,Surveillance activity observed in connection with financial fraud investigation CASE-2026-0089.,nan
EV00852,Crime,Crime involving Akash Bansal,2024-12-19T06:27:30,L0156,C0089,Crime activity observed in connection with financial fraud investigation CASE-2026-0089.,E06692
EV00853,Observation,Observation involving Zoya Bhat,2024-04-17T04:59:59,L0320,C0090,Observation activity observed in connection with data theft investigation CASE-2026-0090.,nan
EV00854,Delivery,Delivery involving Zoya Bhat,2024-07-09T08:20:16,L0048,C0090,Delivery activity observed in connection with data theft investigation CASE-2026-0090.,nan
EV00855,Observation,Observation involving Sana Nair,2024-07-27T06:50:03,L0151,C0091,Observation activity observed in connection with kidnapping investigation CASE-2026-0091.,nan
EV00856,Surveillance,Surveillance involving Vivek Pillai,2024-08-11T16:00:36,L0151,C0091,Surveillance activity observed in connection with kidnapping investigation CASE-2026-0091.,nan
EV00857,Surveillance,Surveillance involving Raj Shah,2024-07-18T23:29:25,L0006,C0091,Surveillance activity observed in connection with kidnapping investigation CASE-2026-0091.,E06696
EV00858,Call,Call involving Manav Singh,2024-08-25T18:50:35,L0047,C0091,Call activity observed in connection with kidnapping investigation CASE-2026-0091.,nan
EV00859,Interview,Interview involving Siddharth Nair,2024-07-23T02:25:40,L0047,C0091,Interview activity observed in connection with kidnapping investigation CASE-2026-0091.,E06697
EV00860,Vehicle Movement,Vehicle Movement involving Avni Bhat,2024-08-16T03:48:56,L0072,C0091,Vehicle Movement activity observed in connection with kidnapping investigation CASE-2026-0091.,E06698
EV00861,Transaction,Transaction involving Riya Malhotra,2024-07-09T04:23:11,L0087,C0092,Transaction activity observed in connection with large organized crime network investigation CASE-2026-0092.,E06718
EV00862,Evidence Collection,Evidence Collection involving Aditi Kulkarni,2024-04-10T18:48:36,L0583,C0092,Evidence Collection activity observed in connection with large organized crime network investigation CASE-2026-0092.,nan
EV00863,Observation,Observation involving Saurabh Thakur,2024-06-24T07:18:56,L0354,C0092,Observation activity observed in connection with large organized crime network investigation CASE-2026-0092.,E06719
EV00864,Meeting,Meeting involving Saurabh Thakur,2024-07-07T12:12:48,L0003,C0092,Meeting activity observed in connection with large organized crime network investigation CASE-2026-0092.,E06720
EV00865,Meeting,Meeting involving Avni Jadhav,2024-06-05T13:43:35,L0354,C0092,Meeting activity observed in connection with large organized crime network investigation CASE-2026-0092.,nan
EV00866,Interview,Interview involving Tanvi Verma,2024-05-05T19:35:57,L0354,C0092,Interview activity observed in connection with large organized crime network investigation CASE-2026-0092.,nan
EV00867,Meeting,Meeting involving Arjun Thakur,2024-06-30T01:29:40,L0583,C0092,Meeting activity observed in connection with large organized crime network investigation CASE-2026-0092.,nan
EV00868,Interview,Interview involving Nikhil Nair,2024-06-22T03:04:38,L0003,C0092,Interview activity observed in connection with large organized crime network investigation CASE-2026-0092.,E06721
EV00869,Cyber Activity,Cyber Activity involving Siddharth Singh,2024-05-21T23:22:17,L0583,C0092,Cyber Activity activity observed in connection with large organized crime network investigation CASE-2026-0092.,nan
EV00870,Meeting,Meeting involving Pallavi Jadhav,2024-04-20T01:31:26,L0537,C0092,Meeting activity observed in connection with large organized crime network investigation CASE-2026-0092.,nan
EV00871,Cyber Activity,Cyber Activity involving Nisha Nair,2024-07-31T05:06:41,L0537,C0092,Cyber Activity activity observed in connection with large organized crime network investigation CASE-2026-0092.,nan
EV00872,Financial Activity,Financial Activity involving Pranav Iyer,2024-08-24T19:11:39,L0583,C0092,Financial Activity activity observed in connection with large organized crime network investigation CASE-2026-0092.,E06722
EV00873,Meeting,Meeting involving Raj Jadhav,2024-04-04T08:12:15,L0537,C0092,Meeting activity observed in connection with large organized crime network investigation CASE-2026-0092.,nan
EV00874,Cyber Activity,Cyber Activity involving Tara Joshi,2024-08-06T05:35:44,L0583,C0092,Cyber Activity activity observed in connection with large organized crime network investigation CASE-2026-0092.,nan
EV00875,Observation,Observation involving Tanvi Verma,2024-06-25T12:55:06,L0354,C0092,Observation activity observed in connection with large organized crime network investigation CASE-2026-0092.,nan
EV00876,Interview,Interview involving Vikram Shetty,2024-08-20T20:06:41,L0583,C0092,Interview activity observed in connection with large organized crime network investigation CASE-2026-0092.,nan
EV00877,Cyber Activity,Cyber Activity involving Avni Jadhav,2024-08-22T17:41:46,L0354,C0092,Cyber Activity activity observed in connection with large organized crime network investigation CASE-2026-0092.,nan
EV00878,Meeting,Meeting involving Dhruv Verma,2024-07-27T22:26:54,L0583,C0092,Meeting activity observed in connection with large organized crime network investigation CASE-2026-0092.,E06723
EV00879,Financial Activity,Financial Activity involving Aditi Nair,2024-07-18T14:28:59,L0003,C0092,Financial Activity activity observed in connection with large organized crime network investigation CASE-2026-0092.,E06724
EV00880,Delivery,Delivery involving Raj Jadhav,2024-05-04T12:26:21,L0583,C0092,Delivery activity observed in connection with large organized crime network investigation CASE-2026-0092.,nan
EV00881,Call,Call involving Saurabh Joshi,2024-06-10T09:45:21,L0583,C0092,Call activity observed in connection with large organized crime network investigation CASE-2026-0092.,E06725
EV00882,Interview,Interview involving Aditi Kulkarni,2024-03-23T23:00:56,L0354,C0092,Interview activity observed in connection with large organized crime network investigation CASE-2026-0092.,nan
EV00883,Transaction,Transaction involving Tanvi Verma,2024-04-21T10:15:33,L0087,C0092,Transaction activity observed in connection with large organized crime network investigation CASE-2026-0092.,E06726
EV00884,Transaction,Transaction involving Aarav Das,2024-06-04T19:35:32,L0583,C0092,Transaction activity observed in connection with large organized crime network investigation CASE-2026-0092.,nan
EV00885,Interview,Interview involving Siddharth Singh,2024-04-30T06:02:27,L0354,C0092,Interview activity observed in connection with large organized crime network investigation CASE-2026-0092.,E06727
EV00886,Call,Call involving Vanya Kulkarni,2024-08-03T05:32:24,L0537,C0092,Call activity observed in connection with large organized crime network investigation CASE-2026-0092.,nan
EV00887,Arrest,Arrest involving Raj Jadhav,2024-04-16T12:32:33,L0087,C0092,Arrest activity observed in connection with large organized crime network investigation CASE-2026-0092.,nan
EV00888,Meeting,Meeting involving Nikhil Nair,2024-04-23T19:47:34,L0087,C0092,Meeting activity observed in connection with large organized crime network investigation CASE-2026-0092.,nan
EV00889,Observation,Observation involving Arnav Chavan,2024-03-26T23:33:43,L0087,C0092,Observation activity observed in connection with large organized crime network investigation CASE-2026-0092.,nan
EV00890,Surveillance,Surveillance involving Ananya Kapoor,2024-06-10T10:46:11,L0537,C0092,Surveillance activity observed in connection with large organized crime network investigation CASE-2026-0092.,nan
EV00891,Vehicle Movement,Vehicle Movement involving Tanvi Verma,2024-07-29T02:32:43,L0087,C0092,Vehicle Movement activity observed in connection with large organized crime network investigation CASE-2026-0092.,nan
EV00892,Evidence Collection,Evidence Collection involving Saurabh Gupta,2024-08-19T16:39:44,L0354,C0092,Evidence Collection activity observed in connection with large organized crime network investigation CASE-2026-0092.,nan
EV00893,Transaction,Transaction involving Avni Patil,2024-02-10T21:46:32,L0054,C0093,Transaction activity observed in connection with theft investigation CASE-2026-0093.,nan
EV00894,Observation,Observation involving Dev Menon,2024-02-23T23:45:58,L0180,C0093,Observation activity observed in connection with theft investigation CASE-2026-0093.,nan
EV00895,Cyber Activity,Cyber Activity involving Rahul Chavan,2024-08-07T23:38:56,L0180,C0093,Cyber Activity activity observed in connection with theft investigation CASE-2026-0093.,E06734
EV00896,Observation,Observation involving Aditi Saxena,2024-03-12T11:16:39,L0165,C0093,Observation activity observed in connection with theft investigation CASE-2026-0093.,nan
EV00897,Arrest,Arrest involving Aditi Saxena,2024-05-18T14:30:56,L0180,C0093,Arrest activity observed in connection with theft investigation CASE-2026-0093.,nan
EV00898,Cyber Activity,Cyber Activity involving Rhea Singh,2024-04-18T13:53:55,L0026,C0093,Cyber Activity activity observed in connection with theft investigation CASE-2026-0093.,E06735
EV00899,Financial Activity,Financial Activity involving Dev Menon,2024-02-01T00:48:46,L0407,C0093,Financial Activity activity observed in connection with theft investigation CASE-2026-0093.,nan
EV00900,Transaction,Transaction involving Pooja Mehta,2024-10-28T09:13:07,L0026,C0093,Transaction activity observed in connection with theft investigation CASE-2026-0093.,E06736
EV00901,Vehicle Movement,Vehicle Movement involving Sana Bhat,2024-10-08T04:08:29,L0054,C0093,Vehicle Movement activity observed in connection with theft investigation CASE-2026-0093.,nan
EV00902,Interview,Interview involving Aditi Saxena,2024-11-25T09:51:43,L0407,C0093,Interview activity observed in connection with theft investigation CASE-2026-0093.,nan
EV00903,Crime,Crime involving Pallavi Ghosh,2024-03-30T20:13:52,L0258,C0094,Crime activity observed in connection with digital fraud investigation CASE-2026-0094.,nan
EV00904,Cyber Activity,Cyber Activity involving Manav Khan,2024-07-16T18:48:48,L0433,C0094,Cyber Activity activity observed in connection with digital fraud investigation CASE-2026-0094.,nan
EV00905,Crime,Crime involving Pallavi Ghosh,2024-05-31T10:16:18,L0433,C0094,Crime activity observed in connection with digital fraud investigation CASE-2026-0094.,nan
EV00906,Evidence Collection,Evidence Collection involving Yamini Bansal,2024-12-13T19:05:50,L0322,C0095,Evidence Collection activity observed in connection with vehicle theft investigation CASE-2026-0095.,nan
EV00907,Observation,Observation involving Saurabh Malhotra,2024-07-08T13:48:19,L0426,C0095,Observation activity observed in connection with vehicle theft investigation CASE-2026-0095.,nan
EV00908,Cyber Activity,Cyber Activity involving Saurabh Malhotra,2024-06-08T01:50:55,L0315,C0095,Cyber Activity activity observed in connection with vehicle theft investigation CASE-2026-0095.,nan
EV00909,Surveillance,Surveillance involving Raj Kapoor,2024-04-19T00:23:52,L0480,C0096,Surveillance activity observed in connection with assault investigation CASE-2026-0096.,nan
EV00910,Delivery,Delivery involving Rohan Saxena,2024-09-10T21:20:00,L0480,C0096,Delivery activity observed in connection with assault investigation CASE-2026-0096.,nan
EV00911,Evidence Collection,Evidence Collection involving Shreya Desai,2024-07-12T17:55:15,L0418,C0096,Evidence Collection activity observed in connection with assault investigation CASE-2026-0096.,nan
EV00912,Arrest,Arrest involving Vikram Iyer,2024-05-13T00:56:47,L0377,C0096,Arrest activity observed in connection with assault investigation CASE-2026-0096.,nan
EV00913,Cyber Activity,Cyber Activity involving Rahul Mishra,2024-06-23T11:54:30,L0418,C0096,Cyber Activity activity observed in connection with assault investigation CASE-2026-0096.,nan
EV00914,Vehicle Movement,Vehicle Movement involving Rohan Malhotra,2024-06-09T02:00:42,L0122,C0096,Vehicle Movement activity observed in connection with assault investigation CASE-2026-0096.,nan
EV00915,Financial Activity,Financial Activity involving Pranav Das,2024-04-17T01:03:52,L0377,C0096,Financial Activity activity observed in connection with assault investigation CASE-2026-0096.,nan
EV00916,Transaction,Transaction involving Sneha Thakur,2024-05-09T11:21:50,L0418,C0096,Transaction activity observed in connection with assault investigation CASE-2026-0096.,nan
EV00917,Observation,Observation involving Aanya Nair,2024-10-01T23:15:41,L0122,C0096,Observation activity observed in connection with assault investigation CASE-2026-0096.,nan
EV00918,Surveillance,Surveillance involving Vivek Saxena,2024-09-16T23:30:49,L0122,C0096,Surveillance activity observed in connection with assault investigation CASE-2026-0096.,nan
EV00919,Vehicle Movement,Vehicle Movement involving Rohan Pillai,2024-01-29T23:50:00,L0503,C0096,Vehicle Movement activity observed in connection with assault investigation CASE-2026-0096.,E06753
EV00920,Financial Activity,Financial Activity involving Kunal Chavan,2024-11-17T02:04:56,L0377,C0096,Financial Activity activity observed in connection with assault investigation CASE-2026-0096.,nan
EV00921,Delivery,Delivery involving Vivek Chavan,2024-07-03T04:17:00,L0477,C0097,Delivery activity observed in connection with payment fraud investigation CASE-2026-0097.,nan
EV00922,Delivery,Delivery involving Anushka Desai,2024-08-28T18:48:42,L0160,C0097,Delivery activity observed in connection with payment fraud investigation CASE-2026-0097.,E06756
EV00923,Cyber Activity,Cyber Activity involving Saurabh Pillai,2024-12-19T15:11:05,L0333,C0098,Cyber Activity activity observed in connection with unauthorized access investigation CASE-2026-0098.,nan
EV00924,Interview,Interview involving Naveen Malhotra,2024-04-15T08:47:36,L0275,C0098,Interview activity observed in connection with unauthorized access investigation CASE-2026-0098.,nan
EV00925,Surveillance,Surveillance involving Ishaan Shah,2024-12-09T12:01:20,L0162,C0099,Surveillance activity observed in connection with payment fraud investigation CASE-2026-0099.,nan
EV00926,Vehicle Movement,Vehicle Movement involving Pranav Pillai,2024-05-11T15:59:58,L0286,C0099,Vehicle Movement activity observed in connection with payment fraud investigation CASE-2026-0099.,E06758
EV00927,Vehicle Movement,Vehicle Movement involving Kavya Iyer,2024-06-20T21:46:38,L0354,C0100,Vehicle Movement activity observed in connection with assault investigation CASE-2026-0100.,E06759
EV00928,Delivery,Delivery involving Yamini Menon,2024-07-05T20:56:16,L0396,C0100,Delivery activity observed in connection with assault investigation CASE-2026-0100.,nan
EV00929,Financial Activity,Financial Activity involving Diya Nair,2024-05-20T03:01:19,L0288,C0100,Financial Activity activity observed in connection with assault investigation CASE-2026-0100.,nan
EV00930,Crime,Crime involving Arjun Chavan,2024-06-04T08:24:16,L0056,C0101,Crime activity observed in connection with individual cyber fraud investigation CASE-2026-0101.,nan
EV00931,Evidence Collection,Evidence Collection involving Arjun Chavan,2024-11-27T03:42:30,L0461,C0101,Evidence Collection activity observed in connection with individual cyber fraud investigation CASE-2026-0101.,nan
EV00932,Vehicle Movement,Vehicle Movement involving Ishaan Bhat,2024-03-30T14:35:06,L0479,C0102,Vehicle Movement activity observed in connection with major cybercrime investigation CASE-2026-0102.,nan
EV00933,Arrest,Arrest involving Naina Kapoor,2024-03-26T05:43:05,L0450,C0102,Arrest activity observed in connection with major cybercrime investigation CASE-2026-0102.,nan
EV00934,Observation,Observation involving Nikhil Nair,2024-06-08T06:27:29,L0203,C0102,Observation activity observed in connection with major cybercrime investigation CASE-2026-0102.,E06770
EV00935,Surveillance,Surveillance involving Rahul Bhat,2024-03-30T08:51:49,L0479,C0102,Surveillance activity observed in connection with major cybercrime investigation CASE-2026-0102.,nan
EV00936,Call,Call involving Sana Das,2024-03-26T10:38:30,L0450,C0102,Call activity observed in connection with major cybercrime investigation CASE-2026-0102.,nan
EV00937,Delivery,Delivery involving Rohan Desai,2024-08-08T10:11:28,L0450,C0102,Delivery activity observed in connection with major cybercrime investigation CASE-2026-0102.,nan
EV00938,Crime,Crime involving Anushka Malhotra,2024-05-01T23:22:52,L0121,C0102,Crime activity observed in connection with major cybercrime investigation CASE-2026-0102.,nan
EV00939,Observation,Observation involving Ishaan Bhat,2024-05-16T12:18:03,L0203,C0102,Observation activity observed in connection with major cybercrime investigation CASE-2026-0102.,E06771
EV00940,Vehicle Movement,Vehicle Movement involving Yamini Gupta,2024-07-04T23:39:22,L0355,C0103,Vehicle Movement activity observed in connection with property fraud investigation CASE-2026-0103.,nan
EV00941,Surveillance,Surveillance involving Simran Bansal,2024-11-26T09:23:53,L0352,C0103,Surveillance activity observed in connection with property fraud investigation CASE-2026-0103.,nan
EV00942,Cyber Activity,Cyber Activity involving Avni Reddy,2024-03-20T19:03:23,L0352,C0103,Cyber Activity activity observed in connection with property fraud investigation CASE-2026-0103.,nan
EV00943,Interview,Interview involving Simran Bansal,2024-11-10T07:32:20,L0539,C0103,Interview activity observed in connection with property fraud investigation CASE-2026-0103.,nan
EV00944,Transaction,Transaction involving Yamini Gupta,2024-05-15T06:27:04,L0352,C0103,Transaction activity observed in connection with property fraud investigation CASE-2026-0103.,nan
EV00945,Meeting,Meeting involving Tara Kapoor,2024-05-11T05:16:50,L0539,C0103,Meeting activity observed in connection with property fraud investigation CASE-2026-0103.,E06778
EV00946,Observation,Observation involving Yamini Gupta,2024-03-30T03:57:17,L0123,C0103,Observation activity observed in connection with property fraud investigation CASE-2026-0103.,nan
EV00947,Vehicle Movement,Vehicle Movement involving Manav Sethi,2024-07-16T01:30:10,L0414,C0104,Vehicle Movement activity observed in connection with individual cyber fraud investigation CASE-2026-0104.,nan
EV00948,Surveillance,Surveillance involving Kavya Nair,2024-07-12T11:27:02,L0003,C0104,Surveillance activity observed in connection with individual cyber fraud investigation CASE-2026-0104.,nan
EV00949,Observation,Observation involving Kavya Nair,2024-05-11T12:58:39,L0145,C0104,Observation activity observed in connection with individual cyber fraud investigation CASE-2026-0104.,nan
EV00950,Surveillance,Surveillance involving Aniket Das,2024-06-26T17:31:20,L0145,C0104,Surveillance activity observed in connection with individual cyber fraud investigation CASE-2026-0104.,nan
EV00951,Arrest,Arrest involving Nikhil Reddy,2024-08-24T05:22:28,L0079,C0104,Arrest activity observed in connection with individual cyber fraud investigation CASE-2026-0104.,nan
EV00952,Surveillance,Surveillance involving Vanya Das,2024-04-07T06:04:19,L0079,C0104,Surveillance activity observed in connection with individual cyber fraud investigation CASE-2026-0104.,E06784
EV00953,Observation,Observation involving Ishita Kulkarni,2024-08-27T02:04:28,L0414,C0104,Observation activity observed in connection with individual cyber fraud investigation CASE-2026-0104.,nan
EV00954,Evidence Collection,Evidence Collection involving Anushka Sethi,2024-07-22T07:33:20,L0164,C0105,Evidence Collection activity observed in connection with payment fraud investigation CASE-2026-0105.,nan
EV00955,Financial Activity,Financial Activity involving Manav Sethi,2024-08-22T22:44:55,L0420,C0105,Financial Activity activity observed in connection with payment fraud investigation CASE-2026-0105.,E06786
EV00956,Call,Call involving Rhea Bhat,2024-09-28T19:35:21,L0038,C0106,Call activity observed in connection with assault investigation CASE-2026-0106.,nan
EV00957,Transaction,Transaction involving Pranav Sethi,2024-11-12T07:49:19,L0140,C0106,Transaction activity observed in connection with assault investigation CASE-2026-0106.,E06795
EV00958,Evidence Collection,Evidence Collection involving Shreya Saxena,2024-07-15T19:23:30,L0140,C0106,Evidence Collection activity observed in connection with assault investigation CASE-2026-0106.,E06796
EV00959,Meeting,Meeting involving Kunal Kulkarni,2024-01-20T09:34:19,L0023,C0106,Meeting activity observed in connection with assault investigation CASE-2026-0106.,nan
EV00960,Cyber Activity,Cyber Activity involving Simran Naik,2024-10-11T18:52:32,L0038,C0106,Cyber Activity activity observed in connection with assault investigation CASE-2026-0106.,E06797
EV00961,Interview,Interview involving Pranav Sethi,2024-05-28T04:33:15,L0272,C0106,Interview activity observed in connection with assault investigation CASE-2026-0106.,nan
EV00962,Observation,Observation involving Harsh Menon,2024-12-23T16:27:42,L0359,C0106,Observation activity observed in connection with assault investigation CASE-2026-0106.,nan
EV00963,Interview,Interview involving Aman Khan,2024-03-21T08:24:17,L0272,C0106,Interview activity observed in connection with assault investigation CASE-2026-0106.,nan
EV00964,Transaction,Transaction involving Aarav Pillai,2024-10-07T14:09:10,L0140,C0106,Transaction activity observed in connection with assault investigation CASE-2026-0106.,E06798
EV00965,Cyber Activity,Cyber Activity involving Simran Naik,2024-06-07T07:20:00,L0023,C0106,Cyber Activity activity observed in connection with assault investigation CASE-2026-0106.,nan
EV00966,Interview,Interview involving Karan Khan,2024-06-15T13:46:30,L0272,C0106,Interview activity observed in connection with assault investigation CASE-2026-0106.,nan
EV00967,Surveillance,Surveillance involving Nikhil Malhotra,2024-05-03T03:03:52,L0272,C0106,Surveillance activity observed in connection with assault investigation CASE-2026-0106.,nan
EV00968,Arrest,Arrest involving Mohit Khan,2024-03-16T19:06:11,L0140,C0106,Arrest activity observed in connection with assault investigation CASE-2026-0106.,E06799
EV00969,Cyber Activity,Cyber Activity involving Ananya Shah,2024-08-29T15:15:35,L0038,C0106,Cyber Activity activity observed in connection with assault investigation CASE-2026-0106.,nan
EV00970,Interview,Interview involving Ishita Shah,2024-03-12T08:25:58,L0023,C0106,Interview activity observed in connection with assault investigation CASE-2026-0106.,nan
EV00971,Delivery,Delivery involving Arnav Menon,2024-06-17T20:45:07,L0023,C0106,Delivery activity observed in connection with assault investigation CASE-2026-0106.,E06800
EV00972,Meeting,Meeting involving Nikhil Malhotra,2024-01-08T11:42:36,L0359,C0106,Meeting activity observed in connection with assault investigation CASE-2026-0106.,E06801
EV00973,Transaction,Transaction involving Raj Jadhav,2024-09-08T18:10:57,L0433,C0107,Transaction activity observed in connection with burglary investigation CASE-2026-0107.,nan
EV00974,Interview,Interview involving Diya Jadhav,2024-08-23T19:49:42,L0516,C0107,Interview activity observed in connection with burglary investigation CASE-2026-0107.,E06802
EV00975,Arrest,Arrest involving Aman Verma,2024-12-10T01:27:25,L0052,C0108,Arrest activity observed in connection with financial crime investigation investigation CASE-2026-0108.,nan
EV00976,Crime,Crime involving Aniket Iyer,2024-03-21T10:14:37,L0052,C0108,Crime activity observed in connection with financial crime investigation investigation CASE-2026-0108.,nan
EV00977,Observation,Observation involving Aman Verma,2024-02-05T10:18:15,L0052,C0108,Observation activity observed in connection with financial crime investigation investigation CASE-2026-0108.,nan
EV00978,Vehicle Movement,Vehicle Movement involving Rohan Verma,2024-12-30T11:03:19,L0369,C0108,Vehicle Movement activity observed in connection with financial crime investigation investigation CASE-2026-0108.,nan
EV00979,Financial Activity,Financial Activity involving Mahi Ghosh,2024-06-08T13:02:01,L0547,C0108,Financial Activity activity observed in connection with financial crime investigation investigation CASE-2026-0108.,nan
EV00980,Transaction,Transaction involving Manav Shah,2024-02-17T08:41:00,L0367,C0108,Transaction activity observed in connection with financial crime investigation investigation CASE-2026-0108.,E06813
EV00981,Call,Call involving Kavya Nair,2024-02-14T22:48:02,L0547,C0108,Call activity observed in connection with financial crime investigation investigation CASE-2026-0108.,nan
EV00982,Observation,Observation involving Sameer Mehta,2024-07-13T02:27:10,L0547,C0108,Observation activity observed in connection with financial crime investigation investigation CASE-2026-0108.,nan
EV00983,Arrest,Arrest involving Aman Verma,2024-01-13T16:58:10,L0336,C0108,Arrest activity observed in connection with financial crime investigation investigation CASE-2026-0108.,E06814
EV00984,Cyber Activity,Cyber Activity involving Vivek Khan,2024-09-18T20:54:46,L0547,C0108,Cyber Activity activity observed in connection with financial crime investigation investigation CASE-2026-0108.,nan
EV00985,Delivery,Delivery involving Nikhil Kulkarni,2024-01-10T00:45:27,L0421,C0109,Delivery activity observed in connection with unauthorized access investigation CASE-2026-0109.,nan
EV00986,Vehicle Movement,Vehicle Movement involving Isha Malhotra,2024-05-28T08:21:43,L0442,C0109,Vehicle Movement activity observed in connection with unauthorized access investigation CASE-2026-0109.,nan
EV00987,Financial Activity,Financial Activity involving Ritesh Kulkarni,2024-02-18T04:31:32,L0134,C0109,Financial Activity activity observed in connection with unauthorized access investigation CASE-2026-0109.,E06819
EV00988,Arrest,Arrest involving Pallavi Nair,2024-03-09T14:25:54,L0001,C0110,Arrest activity observed in connection with burglary investigation CASE-2026-0110.,E06820
EV00989,Surveillance,Surveillance involving Pallavi Nair,2024-02-08T13:09:15,L0308,C0110,Surveillance activity observed in connection with burglary investigation CASE-2026-0110.,nan
EV00990,Interview,Interview involving Sameer Shah,2024-07-08T20:46:10,L0337,C0111,Interview activity observed in connection with vehicle theft investigation CASE-2026-0111.,nan
EV00991,Meeting,Meeting involving Raj Saxena,2024-06-27T13:06:19,L0527,C0111,Meeting activity observed in connection with vehicle theft investigation CASE-2026-0111.,E06825
EV00992,Cyber Activity,Cyber Activity involving Raj Saxena,2024-07-28T12:35:22,L0405,C0111,Cyber Activity activity observed in connection with vehicle theft investigation CASE-2026-0111.,nan
EV00993,Cyber Activity,Cyber Activity involving Aarav Gupta,2024-07-13T09:16:54,L0527,C0111,Cyber Activity activity observed in connection with vehicle theft investigation CASE-2026-0111.,nan
EV00994,Delivery,Delivery involving Kabir Nair,2024-01-21T20:40:04,L0304,C0112,Delivery activity observed in connection with assault investigation CASE-2026-0112.,E06833
EV00995,Delivery,Delivery involving Naina Saxena,2024-04-17T12:17:31,L0135,C0112,Delivery activity observed in connection with assault investigation CASE-2026-0112.,nan
EV00996,Vehicle Movement,Vehicle Movement involving Rahul Bhat,2024-05-13T09:15:27,L0460,C0112,Vehicle Movement activity observed in connection with assault investigation CASE-2026-0112.,nan
EV00997,Delivery,Delivery involving Nisha Gupta,2024-04-11T05:44:28,L0304,C0112,Delivery activity observed in connection with assault investigation CASE-2026-0112.,nan
EV00998,Cyber Activity,Cyber Activity involving Manav Khan,2024-11-27T05:07:08,L0460,C0112,Cyber Activity activity observed in connection with assault investigation CASE-2026-0112.,E06834
EV00999,Evidence Collection,Evidence Collection involving Ritesh Kapoor,2024-01-09T13:30:01,L0273,C0112,Evidence Collection activity observed in connection with assault investigation CASE-2026-0112.,E06835
EV01000,Meeting,Meeting involving Nisha Gupta,2024-02-02T16:53:16,L0273,C0112,Meeting activity observed in connection with assault investigation CASE-2026-0112.,nan
EV01001,Crime,Crime involving Arjun Singh,2024-04-05T09:22:08,L0304,C0112,Crime activity observed in connection with assault investigation CASE-2026-0112.,nan
EV01002,Financial Activity,Financial Activity involving Aarav Verma,2024-07-21T22:45:16,L0273,C0112,Financial Activity activity observed in connection with assault investigation CASE-2026-0112.,nan
EV01003,Crime,Crime involving Rahul Bhat,2024-08-28T03:25:58,L0460,C0112,Crime activity observed in connection with assault investigation CASE-2026-0112.,nan
EV01004,Interview,Interview involving Ritesh Kapoor,2024-08-10T07:03:43,L0135,C0112,Interview activity observed in connection with assault investigation CASE-2026-0112.,nan
EV01005,Observation,Observation involving Ananya Nair,2024-10-17T04:54:09,L0345,C0113,Observation activity observed in connection with online fraud investigation CASE-2026-0113.,E06842
EV01006,Financial Activity,Financial Activity involving Anushka Patil,2024-11-20T04:59:33,L0336,C0113,Financial Activity activity observed in connection with online fraud investigation CASE-2026-0113.,nan
EV01007,Cyber Activity,Cyber Activity involving Sameer Menon,2024-06-01T12:20:51,L0336,C0113,Cyber Activity activity observed in connection with online fraud investigation CASE-2026-0113.,E06843
EV01008,Delivery,Delivery involving Akash Ghosh,2024-05-21T05:43:12,L0336,C0113,Delivery activity observed in connection with online fraud investigation CASE-2026-0113.,nan
EV01009,Vehicle Movement,Vehicle Movement involving Rahul Bansal,2024-08-15T08:50:52,L0336,C0113,Vehicle Movement activity observed in connection with online fraud investigation CASE-2026-0113.,nan
EV01010,Meeting,Meeting involving Karan Kapoor,2024-04-15T19:54:14,L0345,C0113,Meeting activity observed in connection with online fraud investigation CASE-2026-0113.,E06844
EV01011,Surveillance,Surveillance involving Siddharth Bhat,2024-02-04T11:36:18,L0073,C0114,Surveillance activity observed in connection with simple robbery investigation CASE-2026-0114.,nan
EV01012,Crime,Crime involving Tara Malhotra,2024-07-19T16:32:25,L0569,C0114,Crime activity observed in connection with simple robbery investigation CASE-2026-0114.,nan
EV01013,Evidence Collection,Evidence Collection involving Pranav Saxena,2024-07-12T06:15:21,L0294,C0115,Evidence Collection activity observed in connection with kidnapping investigation CASE-2026-0115.,E06853
EV01014,Evidence Collection,Evidence Collection involving Vivek Naik,2024-08-25T06:21:42,L0294,C0115,Evidence Collection activity observed in connection with kidnapping investigation CASE-2026-0115.,nan
EV01015,Meeting,Meeting involving Kiara Rao,2024-08-04T21:23:12,L0294,C0115,Meeting activity observed in connection with kidnapping investigation CASE-2026-0115.,nan
EV01016,Delivery,Delivery involving Aditya Jadhav,2024-08-29T21:31:16,L0294,C0115,Delivery activity observed in connection with kidnapping investigation CASE-2026-0115.,E06854
EV01017,Crime,Crime involving Kavya Shah,2024-06-24T22:17:04,L0437,C0115,Crime activity observed in connection with kidnapping investigation CASE-2026-0115.,E06855
EV01018,Surveillance,Surveillance involving Akash Mishra,2024-08-19T19:44:53,L0437,C0115,Surveillance activity observed in connection with kidnapping investigation CASE-2026-0115.,nan
EV01019,Delivery,Delivery involving Akash Das,2024-08-22T06:49:51,L0279,C0115,Delivery activity observed in connection with kidnapping investigation CASE-2026-0115.,nan
EV01020,Meeting,Meeting involving Kavya Thakur,2024-08-03T00:18:38,L0017,C0116,Meeting activity observed in connection with major cybercrime investigation CASE-2026-0116.,E06865
EV01021,Vehicle Movement,Vehicle Movement involving Karan Joshi,2024-07-27T10:40:21,L0211,C0116,Vehicle Movement activity observed in connection with major cybercrime investigation CASE-2026-0116.,nan
EV01022,Interview,Interview involving Vanya Gupta,2024-08-31T11:03:28,L0017,C0116,Interview activity observed in connection with major cybercrime investigation CASE-2026-0116.,nan
EV01023,Vehicle Movement,Vehicle Movement involving Saurabh Malhotra,2024-07-14T02:59:34,L0017,C0116,Vehicle Movement activity observed in connection with major cybercrime investigation CASE-2026-0116.,nan
EV01024,Arrest,Arrest involving Vanya Singh,2024-07-02T10:32:26,L0211,C0116,Arrest activity observed in connection with major cybercrime investigation CASE-2026-0116.,nan
EV01025,Delivery,Delivery involving Vanya Singh,2024-08-23T02:13:53,L0211,C0116,Delivery activity observed in connection with major cybercrime investigation CASE-2026-0116.,nan
EV01026,Arrest,Arrest involving Rohan Bhat,2024-08-03T05:16:37,L0330,C0116,Arrest activity observed in connection with major cybercrime investigation CASE-2026-0116.,nan
EV01027,Arrest,Arrest involving Kabir Singh,2024-08-18T14:43:27,L0211,C0116,Arrest activity observed in connection with major cybercrime investigation CASE-2026-0116.,nan
EV01028,Surveillance,Surveillance involving Rohan Bhat,2024-08-25T22:21:54,L0211,C0116,Surveillance activity observed in connection with major cybercrime investigation CASE-2026-0116.,nan
EV01029,Crime,Crime involving Kavya Thakur,2024-07-11T08:23:24,L0290,C0116,Crime activity observed in connection with major cybercrime investigation CASE-2026-0116.,E06866
EV01030,Transaction,Transaction involving Varun Joshi,2024-08-01T19:05:52,L0290,C0116,Transaction activity observed in connection with major cybercrime investigation CASE-2026-0116.,nan
EV01031,Crime,Crime involving Saurabh Malhotra,2024-07-20T15:36:31,L0290,C0116,Crime activity observed in connection with major cybercrime investigation CASE-2026-0116.,E06867
EV01032,Meeting,Meeting involving Vanya Gupta,2024-06-25T16:51:35,L0290,C0116,Meeting activity observed in connection with major cybercrime investigation CASE-2026-0116.,nan
EV01033,Meeting,Meeting involving Varun Joshi,2024-08-03T04:24:08,L0017,C0116,Meeting activity observed in connection with major cybercrime investigation CASE-2026-0116.,E06868
EV01034,Interview,Interview involving Saurabh Malhotra,2024-07-21T10:31:03,L0290,C0116,Interview activity observed in connection with major cybercrime investigation CASE-2026-0116.,E06869
EV01035,Crime,Crime involving Rohan Bhat,2024-08-25T17:33:52,L0211,C0116,Crime activity observed in connection with major cybercrime investigation CASE-2026-0116.,nan
EV01036,Financial Activity,Financial Activity involving Siddharth Sethi,2024-08-14T12:13:25,L0127,C0116,Financial Activity activity observed in connection with major cybercrime investigation CASE-2026-0116.,nan
EV01037,Vehicle Movement,Vehicle Movement involving Aanya Singh,2024-06-23T06:42:04,L0330,C0116,Vehicle Movement activity observed in connection with major cybercrime investigation CASE-2026-0116.,E06870
EV01038,Vehicle Movement,Vehicle Movement involving Siddharth Bhat,2024-08-16T10:27:29,L0022,C0117,Vehicle Movement activity observed in connection with property fraud investigation CASE-2026-0117.,nan
EV01039,Vehicle Movement,Vehicle Movement involving Shreya Desai,2024-06-22T11:11:17,L0343,C0117,Vehicle Movement activity observed in connection with property fraud investigation CASE-2026-0117.,nan
EV01040,Interview,Interview involving Pallavi Iyer,2024-07-13T18:31:44,L0022,C0117,Interview activity observed in connection with property fraud investigation CASE-2026-0117.,nan
EV01041,Cyber Activity,Cyber Activity involving Anushka Iyer,2024-05-19T11:39:30,L0560,C0117,Cyber Activity activity observed in connection with property fraud investigation CASE-2026-0117.,nan
EV01042,Cyber Activity,Cyber Activity involving Pallavi Thakur,2024-01-04T02:47:03,L0592,C0117,Cyber Activity activity observed in connection with property fraud investigation CASE-2026-0117.,nan
EV01043,Meeting,Meeting involving Anushka Shetty,2024-01-11T10:20:29,L0076,C0117,Meeting activity observed in connection with property fraud investigation CASE-2026-0117.,nan
EV01044,Cyber Activity,Cyber Activity involving Naina Malhotra,2024-02-14T22:06:13,L0071,C0118,Cyber Activity activity observed in connection with theft investigation CASE-2026-0118.,E06879
EV01045,Observation,Observation involving Naina Malhotra,2024-05-22T11:49:34,L0226,C0118,Observation activity observed in connection with theft investigation CASE-2026-0118.,nan
EV01046,Surveillance,Surveillance involving Naina Malhotra,2024-05-15T18:48:18,L0071,C0118,Surveillance activity observed in connection with theft investigation CASE-2026-0118.,nan
EV01047,Vehicle Movement,Vehicle Movement involving Kiara Saxena,2024-04-10T19:16:19,L0297,C0118,Vehicle Movement activity observed in connection with theft investigation CASE-2026-0118.,E06880
EV01048,Crime,Crime involving Sneha Joshi,2024-07-30T21:26:14,L0035,C0118,Crime activity observed in connection with theft investigation CASE-2026-0118.,E06881
EV01049,Transaction,Transaction involving Naina Malhotra,2024-04-12T12:00:52,L0226,C0118,Transaction activity observed in connection with theft investigation CASE-2026-0118.,E06882
EV01050,Transaction,Transaction involving Pallavi Kapoor,2024-07-17T17:39:02,L0040,C0119,Transaction activity observed in connection with minor fraud investigation CASE-2026-0119.,E06883
EV01051,Meeting,Meeting involving Pallavi Kapoor,2024-07-27T07:07:11,L0333,C0119,Meeting activity observed in connection with minor fraud investigation CASE-2026-0119.,nan
EV01052,Surveillance,Surveillance involving Rahul Rao,2024-04-15T19:14:25,L0269,C0120,Surveillance activity observed in connection with individual cyber fraud investigation CASE-2026-0120.,nan
EV01053,Delivery,Delivery involving Arjun Kulkarni,2024-07-19T07:27:13,L0161,C0120,Delivery activity observed in connection with individual cyber fraud investigation CASE-2026-0120.,E06889
EV01054,Crime,Crime involving Naina Singh,2024-04-17T12:44:48,L0456,C0120,Crime activity observed in connection with individual cyber fraud investigation CASE-2026-0120.,nan
EV01055,Call,Call involving Isha Jadhav,2024-11-24T11:52:38,L0280,C0120,Call activity observed in connection with individual cyber fraud investigation CASE-2026-0120.,E06890
EV01056,Call,Call involving Neha Desai,2024-12-05T08:09:43,L0596,C0121,Call activity observed in connection with payment fraud investigation CASE-2026-0121.,nan
EV01057,Transaction,Transaction involving Tara Ghosh,2024-03-25T01:09:00,L0090,C0121,Transaction activity observed in connection with payment fraud investigation CASE-2026-0121.,nan
EV01058,Financial Activity,Financial Activity involving Pooja Menon,2024-12-02T22:38:16,L0168,C0121,Financial Activity activity observed in connection with payment fraud investigation CASE-2026-0121.,E06895
EV01059,Arrest,Arrest involving Neha Desai,2024-08-26T02:20:23,L0573,C0121,Arrest activity observed in connection with payment fraud investigation CASE-2026-0121.,nan
EV01060,Interview,Interview involving Tara Ghosh,2024-07-07T15:22:01,L0168,C0121,Interview activity observed in connection with payment fraud investigation CASE-2026-0121.,E06896
EV01061,Observation,Observation involving Zoya Nair,2024-06-01T18:14:50,L0090,C0121,Observation activity observed in connection with payment fraud investigation CASE-2026-0121.,E06897
EV01062,Call,Call involving Kiara Verma,2024-05-28T16:40:30,L0371,C0122,Call activity observed in connection with payment fraud investigation CASE-2026-0122.,nan
EV01063,Meeting,Meeting involving Rohan Mehta,2024-08-09T21:06:37,L0440,C0122,Meeting activity observed in connection with payment fraud investigation CASE-2026-0122.,nan
EV01064,Vehicle Movement,Vehicle Movement involving Diya Das,2024-02-22T14:56:25,L0143,C0123,Vehicle Movement activity observed in connection with financial fraud investigation CASE-2026-0123.,E06904
EV01065,Delivery,Delivery involving Kiara Saxena,2024-05-23T14:04:28,L0192,C0123,Delivery activity observed in connection with financial fraud investigation CASE-2026-0123.,nan
EV01066,Financial Activity,Financial Activity involving Vikram Khan,2024-04-23T09:08:06,L0500,C0123,Financial Activity activity observed in connection with financial fraud investigation CASE-2026-0123.,nan
EV01067,Call,Call involving Arjun Verma,2024-06-22T09:59:41,L0085,C0123,Call activity observed in connection with financial fraud investigation CASE-2026-0123.,nan
EV01068,Meeting,Meeting involving Arjun Desai,2024-06-12T17:38:06,L0392,C0123,Meeting activity observed in connection with financial fraud investigation CASE-2026-0123.,nan
EV01069,Delivery,Delivery involving Vikram Khan,2024-07-05T10:12:44,L0085,C0123,Delivery activity observed in connection with financial fraud investigation CASE-2026-0123.,E06905
EV01070,Call,Call involving Diya Das,2024-03-02T07:54:05,L0500,C0123,Call activity observed in connection with financial fraud investigation CASE-2026-0123.,E06906
EV01071,Cyber Activity,Cyber Activity involving Arjun Desai,2024-05-27T07:57:23,L0085,C0123,Cyber Activity activity observed in connection with financial fraud investigation CASE-2026-0123.,nan
EV01072,Interview,Interview involving Zoya Bansal,2024-07-15T08:54:14,L0230,C0124,Interview activity observed in connection with vehicle theft investigation CASE-2026-0124.,nan
EV01073,Delivery,Delivery involving Arnav Shetty,2024-04-11T09:10:19,L0216,C0124,Delivery activity observed in connection with vehicle theft investigation CASE-2026-0124.,E06907
EV01074,Crime,Crime involving Zoya Bansal,2024-02-28T16:17:54,L0216,C0124,Crime activity observed in connection with vehicle theft investigation CASE-2026-0124.,E06908
EV01075,Delivery,Delivery involving Isha Nair,2024-12-30T15:13:43,L0042,C0125,Delivery activity observed in connection with identity fraud investigation CASE-2026-0125.,E06916
EV01076,Observation,Observation involving Siddharth Singh,2024-12-06T11:42:26,L0042,C0125,Observation activity observed in connection with identity fraud investigation CASE-2026-0125.,nan
EV01077,Observation,Observation involving Vikram Gupta,2024-05-22T22:55:58,L0042,C0125,Observation activity observed in connection with identity fraud investigation CASE-2026-0125.,E06917
EV01078,Interview,Interview involving Simran Desai,2024-05-19T19:13:02,L0285,C0125,Interview activity observed in connection with identity fraud investigation CASE-2026-0125.,nan
EV01079,Financial Activity,Financial Activity involving Trisha Sethi,2024-03-16T14:11:57,L0102,C0125,Financial Activity activity observed in connection with identity fraud investigation CASE-2026-0125.,nan
EV01080,Arrest,Arrest involving Vikram Gupta,2024-10-30T22:09:24,L0214,C0125,Arrest activity observed in connection with identity fraud investigation CASE-2026-0125.,nan
EV01081,Observation,Observation involving Raj Patil,2024-08-26T11:21:44,L0102,C0125,Observation activity observed in connection with identity fraud investigation CASE-2026-0125.,E06918
EV01082,Surveillance,Surveillance involving Anushka Desai,2024-11-10T03:34:50,L0451,C0125,Surveillance activity observed in connection with identity fraud investigation CASE-2026-0125.,E06919
EV01083,Surveillance,Surveillance involving Anushka Desai,2024-01-22T14:11:00,L0102,C0125,Surveillance activity observed in connection with identity fraud investigation CASE-2026-0125.,nan
EV01084,Call,Call involving Raj Rao,2024-06-21T15:10:13,L0097,C0126,Call activity observed in connection with unauthorized access investigation CASE-2026-0126.,nan
EV01085,Financial Activity,Financial Activity involving Akash Rao,2024-10-02T04:58:46,L0505,C0126,Financial Activity activity observed in connection with unauthorized access investigation CASE-2026-0126.,nan
EV01086,Delivery,Delivery involving Aanya Menon,2024-11-25T09:24:08,L0505,C0127,Delivery activity observed in connection with vehicle theft investigation CASE-2026-0127.,nan
EV01087,Call,Call involving Tara Saxena,2024-03-30T14:52:45,L0523,C0127,Call activity observed in connection with vehicle theft investigation CASE-2026-0127.,nan
EV01088,Interview,Interview involving Meera Menon,2024-01-03T21:30:01,L0422,C0127,Interview activity observed in connection with vehicle theft investigation CASE-2026-0127.,nan
EV01089,Financial Activity,Financial Activity involving Meera Menon,2024-02-02T01:26:47,L0523,C0127,Financial Activity activity observed in connection with vehicle theft investigation CASE-2026-0127.,E06924
EV01090,Interview,Interview involving Ishita Rao,2024-08-23T01:11:33,L0232,C0128,Interview activity observed in connection with simple robbery investigation CASE-2026-0128.,nan
EV01091,Arrest,Arrest involving Trisha Kulkarni,2024-07-21T16:27:52,L0017,C0128,Arrest activity observed in connection with simple robbery investigation CASE-2026-0128.,E06931
EV01092,Meeting,Meeting involving Naina Shah,2024-08-13T03:36:25,L0394,C0129,Meeting activity observed in connection with unauthorized access investigation CASE-2026-0129.,E06935
EV01093,Meeting,Meeting involving Naina Shah,2024-04-15T22:48:06,L0394,C0129,Meeting activity observed in connection with unauthorized access investigation CASE-2026-0129.,nan
EV01094,Cyber Activity,Cyber Activity involving Kunal Mishra,2024-05-15T02:38:39,L0394,C0129,Cyber Activity activity observed in connection with unauthorized access investigation CASE-2026-0129.,nan
EV01095,Arrest,Arrest involving Siddharth Desai,2024-06-23T07:36:07,L0096,C0129,Arrest activity observed in connection with unauthorized access investigation CASE-2026-0129.,nan
EV01096,Financial Activity,Financial Activity involving Kunal Mishra,2024-04-06T04:39:17,L0096,C0129,Financial Activity activity observed in connection with unauthorized access investigation CASE-2026-0129.,E06936
EV01097,Crime,Crime involving Aanya Jadhav,2024-05-24T14:21:53,L0007,C0130,Crime activity observed in connection with major cybercrime investigation CASE-2026-0130.,E06969
EV01098,Surveillance,Surveillance involving Rohan Singh,2024-04-19T23:58:42,L0352,C0130,Surveillance activity observed in connection with major cybercrime investigation CASE-2026-0130.,nan
EV01099,Meeting,Meeting involving Pooja Kulkarni,2024-06-25T22:15:20,L0576,C0130,Meeting activity observed in connection with major cybercrime investigation CASE-2026-0130.,nan
EV01100,Call,Call involving Aditi Reddy,2024-04-01T09:50:24,L0352,C0130,Call activity observed in connection with major cybercrime investigation CASE-2026-0130.,E06970
EV01101,Arrest,Arrest involving Ritesh Gupta,2024-04-02T18:47:23,L0227,C0130,Arrest activity observed in connection with major cybercrime investigation CASE-2026-0130.,nan
EV01102,Call,Call involving Isha Iyer,2024-07-20T12:50:05,L0007,C0130,Call activity observed in connection with major cybercrime investigation CASE-2026-0130.,nan
EV01103,Surveillance,Surveillance involving Aditi Reddy,2024-04-06T02:46:56,L0007,C0130,Surveillance activity observed in connection with major cybercrime investigation CASE-2026-0130.,E06971
EV01104,Surveillance,Surveillance involving Isha Rao,2024-08-09T20:12:57,L0500,C0130,Surveillance activity observed in connection with major cybercrime investigation CASE-2026-0130.,nan
EV01105,Call,Call involving Kavya Patil,2024-03-21T10:42:55,L0227,C0130,Call activity observed in connection with major cybercrime investigation CASE-2026-0130.,E06972
EV01106,Arrest,Arrest involving Isha Rao,2024-04-24T05:59:26,L0500,C0130,Arrest activity observed in connection with major cybercrime investigation CASE-2026-0130.,nan
EV01107,Arrest,Arrest involving Kunal Joshi,2024-04-14T11:04:22,L0227,C0130,Arrest activity observed in connection with major cybercrime investigation CASE-2026-0130.,nan
EV01108,Meeting,Meeting involving Vidhi Kulkarni,2024-02-18T07:50:05,L0227,C0130,Meeting activity observed in connection with major cybercrime investigation CASE-2026-0130.,nan
EV01109,Financial Activity,Financial Activity involving Aanya Bhat,2024-03-27T00:13:00,L0500,C0130,Financial Activity activity observed in connection with major cybercrime investigation CASE-2026-0130.,E06973
EV01110,Delivery,Delivery involving Avni Joshi,2024-04-20T16:18:24,L0352,C0130,Delivery activity observed in connection with major cybercrime investigation CASE-2026-0130.,nan
EV01111,Vehicle Movement,Vehicle Movement involving Mahi Thakur,2024-08-10T07:44:30,L0500,C0130,Vehicle Movement activity observed in connection with major cybercrime investigation CASE-2026-0130.,nan
EV01112,Financial Activity,Financial Activity involving Anushka Iyer,2024-03-01T12:34:39,L0227,C0130,Financial Activity activity observed in connection with major cybercrime investigation CASE-2026-0130.,nan
EV01113,Arrest,Arrest involving Ritesh Gupta,2024-04-24T16:01:09,L0352,C0130,Arrest activity observed in connection with major cybercrime investigation CASE-2026-0130.,E06974
EV01114,Meeting,Meeting involving Aman Ghosh,2024-07-20T02:54:05,L0576,C0130,Meeting activity observed in connection with major cybercrime investigation CASE-2026-0130.,nan
EV01115,Evidence Collection,Evidence Collection involving Kunal Menon,2024-06-27T14:24:43,L0500,C0130,Evidence Collection activity observed in connection with major cybercrime investigation CASE-2026-0130.,nan
EV01116,Interview,Interview involving Avni Joshi,2024-01-29T01:57:30,L0500,C0130,Interview activity observed in connection with major cybercrime investigation CASE-2026-0130.,nan
EV01117,Evidence Collection,Evidence Collection involving Kunal Joshi,2024-02-09T13:53:06,L0500,C0130,Evidence Collection activity observed in connection with major cybercrime investigation CASE-2026-0130.,E06975
EV01118,Surveillance,Surveillance involving Isha Iyer,2024-02-05T08:28:56,L0576,C0130,Surveillance activity observed in connection with major cybercrime investigation CASE-2026-0130.,E06976
EV01119,Observation,Observation involving Yash Gupta,2024-07-21T01:47:33,L0056,C0131,Observation activity observed in connection with vehicle theft investigation CASE-2026-0131.,nan
EV01120,Observation,Observation involving Yamini Ghosh,2024-07-20T20:22:43,L0273,C0131,Observation activity observed in connection with vehicle theft investigation CASE-2026-0131.,E06980
EV01121,Surveillance,Surveillance involving Yash Gupta,2024-06-26T21:13:11,L0366,C0131,Surveillance activity observed in connection with vehicle theft investigation CASE-2026-0131.,nan
EV01122,Observation,Observation involving Pranav Iyer,2024-06-01T22:35:01,L0547,C0132,Observation activity observed in connection with financial crime investigation investigation CASE-2026-0132.,nan
EV01123,Observation,Observation involving Tara Joshi,2024-06-26T02:15:31,L0547,C0132,Observation activity observed in connection with financial crime investigation investigation CASE-2026-0132.,nan
EV01124,Vehicle Movement,Vehicle Movement involving Ishaan Chavan,2024-08-29T15:18:32,L0547,C0132,Vehicle Movement activity observed in connection with financial crime investigation investigation CASE-2026-0132.,nan
EV01125,Vehicle Movement,Vehicle Movement involving Pranav Shah,2024-08-27T08:05:30,L0547,C0132,Vehicle Movement activity observed in connection with financial crime investigation investigation CASE-2026-0132.,nan
EV01126,Observation,Observation involving Zoya Gupta,2024-06-01T01:09:20,L0120,C0132,Observation activity observed in connection with financial crime investigation investigation CASE-2026-0132.,nan
EV01127,Arrest,Arrest involving Ananya Verma,2024-06-21T05:40:58,L0547,C0132,Arrest activity observed in connection with financial crime investigation investigation CASE-2026-0132.,E06994
EV01128,Meeting,Meeting involving Dev Pillai,2024-05-20T11:37:12,L0120,C0132,Meeting activity observed in connection with financial crime investigation investigation CASE-2026-0132.,nan
EV01129,Arrest,Arrest involving Kabir Iyer,2024-08-22T00:44:34,L0328,C0132,Arrest activity observed in connection with financial crime investigation investigation CASE-2026-0132.,nan
EV01130,Interview,Interview involving Rohan Desai,2024-07-18T11:28:35,L0167,C0132,Interview activity observed in connection with financial crime investigation investigation CASE-2026-0132.,nan
EV01131,Observation,Observation involving Sneha Bansal,2024-04-19T23:27:17,L0547,C0132,Observation activity observed in connection with financial crime investigation investigation CASE-2026-0132.,nan
EV01132,Surveillance,Surveillance involving Karan Khan,2024-06-21T22:09:05,L0547,C0132,Surveillance activity observed in connection with financial crime investigation investigation CASE-2026-0132.,E06995
EV01133,Transaction,Transaction involving Pranav Shah,2024-06-25T13:50:02,L0328,C0132,Transaction activity observed in connection with financial crime investigation investigation CASE-2026-0132.,E06996
EV01134,Meeting,Meeting involving Dev Shah,2024-05-15T22:56:14,L0167,C0132,Meeting activity observed in connection with financial crime investigation investigation CASE-2026-0132.,nan
EV01135,Vehicle Movement,Vehicle Movement involving Simran Desai,2024-05-15T09:42:31,L0328,C0132,Vehicle Movement activity observed in connection with financial crime investigation investigation CASE-2026-0132.,E06997
EV01136,Vehicle Movement,Vehicle Movement involving Nikhil Malhotra,2024-12-05T02:01:45,L0591,C0133,Vehicle Movement activity observed in connection with theft investigation CASE-2026-0133.,E07004
EV01137,Surveillance,Surveillance involving Trisha Desai,2024-09-15T12:02:51,L0460,C0133,Surveillance activity observed in connection with theft investigation CASE-2026-0133.,nan
EV01138,Observation,Observation involving Nikhil Malhotra,2024-08-06T12:58:33,L0376,C0133,Observation activity observed in connection with theft investigation CASE-2026-0133.,nan
EV01139,Surveillance,Surveillance involving Manav Desai,2024-12-29T11:54:17,L0165,C0134,Surveillance activity observed in connection with assault investigation CASE-2026-0134.,nan
EV01140,Crime,Crime involving Vivek Malhotra,2024-09-08T17:47:40,L0063,C0134,Crime activity observed in connection with assault investigation CASE-2026-0134.,nan
EV01141,Cyber Activity,Cyber Activity involving Isha Khan,2024-11-18T18:05:19,L0190,C0134,Cyber Activity activity observed in connection with assault investigation CASE-2026-0134.,nan
EV01142,Call,Call involving Arnav Gupta,2024-11-18T08:42:12,L0190,C0134,Call activity observed in connection with assault investigation CASE-2026-0134.,E07012
EV01143,Arrest,Arrest involving Tara Sethi,2024-05-22T19:23:03,L0165,C0134,Arrest activity observed in connection with assault investigation CASE-2026-0134.,nan
EV01144,Evidence Collection,Evidence Collection involving Akash Reddy,2024-06-07T09:26:09,L0063,C0134,Evidence Collection activity observed in connection with assault investigation CASE-2026-0134.,nan
EV01145,Observation,Observation involving Kiara Rao,2024-12-25T01:43:33,L0190,C0134,Observation activity observed in connection with assault investigation CASE-2026-0134.,nan
EV01146,Transaction,Transaction involving Isha Khan,2024-11-03T09:37:56,L0093,C0134,Transaction activity observed in connection with assault investigation CASE-2026-0134.,nan
EV01147,Evidence Collection,Evidence Collection involving Arnav Gupta,2024-12-08T14:17:50,L0165,C0134,Evidence Collection activity observed in connection with assault investigation CASE-2026-0134.,E07013
EV01148,Crime,Crime involving Diya Das,2024-05-15T14:27:04,L0324,C0135,Crime activity observed in connection with payment fraud investigation CASE-2026-0135.,nan
EV01149,Cyber Activity,Cyber Activity involving Siddharth Reddy,2024-08-23T09:25:34,L0324,C0135,Cyber Activity activity observed in connection with payment fraud investigation CASE-2026-0135.,nan
EV01150,Cyber Activity,Cyber Activity involving Sneha Jadhav,2024-07-06T15:13:26,L0552,C0135,Cyber Activity activity observed in connection with payment fraud investigation CASE-2026-0135.,nan
EV01151,Call,Call involving Pallavi Singh,2024-05-16T14:40:18,L0419,C0135,Call activity observed in connection with payment fraud investigation CASE-2026-0135.,nan
EV01152,Arrest,Arrest involving Naveen Rao,2024-05-22T05:19:02,L0262,C0136,Arrest activity observed in connection with vehicle theft network investigation CASE-2026-0136.,nan
EV01153,Arrest,Arrest involving Yamini Malhotra,2024-06-11T12:59:19,L0132,C0136,Arrest activity observed in connection with vehicle theft network investigation CASE-2026-0136.,nan
EV01154,Transaction,Transaction involving Naveen Rao,2024-02-24T19:00:20,L0255,C0136,Transaction activity observed in connection with vehicle theft network investigation CASE-2026-0136.,nan
EV01155,Delivery,Delivery involving Harsh Shetty,2024-03-25T16:58:14,L0262,C0136,Delivery activity observed in connection with vehicle theft network investigation CASE-2026-0136.,nan
EV01156,Transaction,Transaction involving Arjun Kulkarni,2024-06-12T20:29:20,L0255,C0136,Transaction activity observed in connection with vehicle theft network investigation CASE-2026-0136.,nan
EV01157,Vehicle Movement,Vehicle Movement involving Naveen Rao,2024-01-31T22:02:39,L0255,C0136,Vehicle Movement activity observed in connection with vehicle theft network investigation CASE-2026-0136.,nan
EV01158,Meeting,Meeting involving Sneha Malhotra,2024-09-03T16:49:59,L0255,C0136,Meeting activity observed in connection with vehicle theft network investigation CASE-2026-0136.,nan
EV01159,Interview,Interview involving Ananya Mehta,2024-04-20T18:31:10,L0255,C0136,Interview activity observed in connection with vehicle theft network investigation CASE-2026-0136.,E07027
EV01160,Crime,Crime involving Arjun Kulkarni,2024-08-31T13:36:44,L0262,C0136,Crime activity observed in connection with vehicle theft network investigation CASE-2026-0136.,E07028
EV01161,Call,Call involving Riya Kapoor,2024-06-22T12:01:01,L0255,C0136,Call activity observed in connection with vehicle theft network investigation CASE-2026-0136.,nan
EV01162,Crime,Crime involving Dev Patil,2024-01-24T12:31:36,L0262,C0136,Crime activity observed in connection with vehicle theft network investigation CASE-2026-0136.,nan
EV01163,Interview,Interview involving Ananya Mehta,2024-04-19T18:50:29,L0098,C0136,Interview activity observed in connection with vehicle theft network investigation CASE-2026-0136.,E07029
EV01164,Observation,Observation involving Naveen Naik,2024-12-20T10:33:05,L0004,C0137,Observation activity observed in connection with digital fraud investigation CASE-2026-0137.,nan
EV01165,Financial Activity,Financial Activity involving Naveen Naik,2024-10-24T02:20:36,L0511,C0137,Financial Activity activity observed in connection with digital fraud investigation CASE-2026-0137.,nan
EV01166,Delivery,Delivery involving Nikhil Bhat,2024-02-05T19:59:09,L0163,C0137,Delivery activity observed in connection with digital fraud investigation CASE-2026-0137.,nan
EV01167,Arrest,Arrest involving Aditi Sethi,2024-07-23T02:44:51,L0388,C0137,Arrest activity observed in connection with digital fraud investigation CASE-2026-0137.,nan
EV01168,Delivery,Delivery involving Aditi Reddy,2024-04-23T10:19:53,L0511,C0137,Delivery activity observed in connection with digital fraud investigation CASE-2026-0137.,nan
EV01169,Vehicle Movement,Vehicle Movement involving Ishita Shah,2024-06-07T18:44:28,L0511,C0137,Vehicle Movement activity observed in connection with digital fraud investigation CASE-2026-0137.,E07039
EV01170,Crime,Crime involving Varun Reddy,2024-02-23T16:44:09,L0388,C0137,Crime activity observed in connection with digital fraud investigation CASE-2026-0137.,E07040
EV01171,Surveillance,Surveillance involving Zoya Chavan,2024-05-20T12:28:38,L0004,C0137,Surveillance activity observed in connection with digital fraud investigation CASE-2026-0137.,E07041
EV01172,Transaction,Transaction involving Aditya Rao,2024-10-05T13:14:35,L0511,C0137,Transaction activity observed in connection with digital fraud investigation CASE-2026-0137.,nan
EV01173,Crime,Crime involving Siddharth Bansal,2024-01-20T13:30:51,L0256,C0138,Crime activity observed in connection with payment fraud investigation CASE-2026-0138.,nan
EV01174,Observation,Observation involving Siddharth Bansal,2024-08-21T04:20:53,L0128,C0138,Observation activity observed in connection with payment fraud investigation CASE-2026-0138.,E07046
EV01175,Surveillance,Surveillance involving Trisha Naik,2024-08-15T11:05:51,L0256,C0138,Surveillance activity observed in connection with payment fraud investigation CASE-2026-0138.,nan
EV01176,Crime,Crime involving Nikhil Kulkarni,2024-12-08T13:34:07,L0128,C0138,Crime activity observed in connection with payment fraud investigation CASE-2026-0138.,E07047
EV01177,Interview,Interview involving Nikhil Kulkarni,2024-01-25T10:09:23,L0188,C0138,Interview activity observed in connection with payment fraud investigation CASE-2026-0138.,nan
EV01178,Crime,Crime involving Akash Sethi,2024-10-12T14:33:15,L0188,C0138,Crime activity observed in connection with payment fraud investigation CASE-2026-0138.,E07048
EV01179,Observation,Observation involving Mahi Thakur,2024-08-12T11:29:31,L0128,C0138,Observation activity observed in connection with payment fraud investigation CASE-2026-0138.,E07049
EV01180,Meeting,Meeting involving Ananya Singh,2024-06-20T07:53:10,L0363,C0139,Meeting activity observed in connection with large organized crime network investigation CASE-2026-0139.,E07076
EV01181,Crime,Crime involving Saurabh Patil,2024-07-07T17:36:38,L0554,C0139,Crime activity observed in connection with large organized crime network investigation CASE-2026-0139.,nan
EV01182,Arrest,Arrest involving Ananya Singh,2024-08-06T20:35:22,L0369,C0139,Arrest activity observed in connection with large organized crime network investigation CASE-2026-0139.,nan
EV01183,Delivery,Delivery involving Siddharth Menon,2024-11-18T11:45:17,L0547,C0139,Delivery activity observed in connection with large organized crime network investigation CASE-2026-0139.,nan
EV01184,Delivery,Delivery involving Kavya Sethi,2024-10-23T23:01:02,L0554,C0139,Delivery activity observed in connection with large organized crime network investigation CASE-2026-0139.,nan
EV01185,Delivery,Delivery involving Diya Khan,2024-02-01T11:17:10,L0547,C0139,Delivery activity observed in connection with large organized crime network investigation CASE-2026-0139.,nan
EV01186,Vehicle Movement,Vehicle Movement involving Pranav Rao,2024-05-25T04:51:30,L0554,C0139,Vehicle Movement activity observed in connection with large organized crime network investigation CASE-2026-0139.,nan
EV01187,Cyber Activity,Cyber Activity involving Kiara Reddy,2024-01-02T21:48:26,L0554,C0139,Cyber Activity activity observed in connection with large organized crime network investigation CASE-2026-0139.,nan
EV01188,Cyber Activity,Cyber Activity involving Yamini Gupta,2024-01-11T14:39:57,L0369,C0139,Cyber Activity activity observed in connection with large organized crime network investigation CASE-2026-0139.,nan
EV01189,Transaction,Transaction involving Siddharth Menon,2024-02-27T18:14:16,L0363,C0139,Transaction activity observed in connection with large organized crime network investigation CASE-2026-0139.,nan
EV01190,Call,Call involving Rohan Shah,2024-01-22T16:27:06,L0547,C0139,Call activity observed in connection with large organized crime network investigation CASE-2026-0139.,E07077
EV01191,Meeting,Meeting involving Kiara Reddy,2024-12-26T23:01:13,L0547,C0139,Meeting activity observed in connection with large organized crime network investigation CASE-2026-0139.,nan
EV01192,Arrest,Arrest involving Aditi Kapoor,2024-01-13T05:23:28,L0061,C0139,Arrest activity observed in connection with large organized crime network investigation CASE-2026-0139.,nan
EV01193,Vehicle Movement,Vehicle Movement involving Yamini Gupta,2024-11-09T01:40:21,L0061,C0139,Vehicle Movement activity observed in connection with large organized crime network investigation CASE-2026-0139.,nan
EV01194,Vehicle Movement,Vehicle Movement involving Aditi Kapoor,2024-06-16T13:14:59,L0369,C0139,Vehicle Movement activity observed in connection with large organized crime network investigation CASE-2026-0139.,nan
EV01195,Financial Activity,Financial Activity involving Pranav Rao,2024-12-05T05:53:00,L0547,C0139,Financial Activity activity observed in connection with large organized crime network investigation CASE-2026-0139.,nan
EV01196,Interview,Interview involving Ishita Das,2024-05-28T12:34:46,L0547,C0139,Interview activity observed in connection with large organized crime network investigation CASE-2026-0139.,nan
EV01197,Observation,Observation involving Yamini Gupta,2024-04-19T23:35:04,L0554,C0139,Observation activity observed in connection with large organized crime network investigation CASE-2026-0139.,nan
EV01198,Evidence Collection,Evidence Collection involving Mahi Joshi,2024-08-04T07:13:49,L0369,C0139,Evidence Collection activity observed in connection with large organized crime network investigation CASE-2026-0139.,E07078
EV01199,Evidence Collection,Evidence Collection involving Pooja Gupta,2024-02-03T11:22:24,L0547,C0139,Evidence Collection activity observed in connection with large organized crime network investigation CASE-2026-0139.,nan
EV01200,Observation,Observation involving Ishita Das,2024-08-23T09:52:26,L0554,C0139,Observation activity observed in connection with large organized crime network investigation CASE-2026-0139.,nan
EV01201,Transaction,Transaction involving Siddharth Menon,2024-11-30T21:44:56,L0369,C0139,Transaction activity observed in connection with large organized crime network investigation CASE-2026-0139.,nan
EV01202,Observation,Observation involving Pooja Gupta,2024-12-27T05:12:14,L0061,C0139,Observation activity observed in connection with large organized crime network investigation CASE-2026-0139.,E07079
EV01203,Observation,Observation involving Ishita Das,2024-11-03T18:45:34,L0061,C0139,Observation activity observed in connection with large organized crime network investigation CASE-2026-0139.,nan
EV01204,Transaction,Transaction involving Ishita Das,2024-01-16T06:43:19,L0363,C0139,Transaction activity observed in connection with large organized crime network investigation CASE-2026-0139.,nan
EV01205,Call,Call involving Tara Ghosh,2024-01-07T14:29:09,L0363,C0139,Call activity observed in connection with large organized crime network investigation CASE-2026-0139.,nan
EV01206,Cyber Activity,Cyber Activity involving Saurabh Gupta,2024-03-18T15:29:05,L0369,C0139,Cyber Activity activity observed in connection with large organized crime network investigation CASE-2026-0139.,nan
EV01207,Call,Call involving Naveen Verma,2024-02-25T05:35:34,L0061,C0139,Call activity observed in connection with large organized crime network investigation CASE-2026-0139.,nan
EV01208,Surveillance,Surveillance involving Arjun Desai,2024-04-06T03:04:13,L0554,C0139,Surveillance activity observed in connection with large organized crime network investigation CASE-2026-0139.,nan
EV01209,Vehicle Movement,Vehicle Movement involving Tara Gupta,2024-04-25T22:34:59,L0369,C0139,Vehicle Movement activity observed in connection with large organized crime network investigation CASE-2026-0139.,E07080
EV01210,Vehicle Movement,Vehicle Movement involving Manav Thakur,2024-04-07T06:06:04,L0369,C0139,Vehicle Movement activity observed in connection with large organized crime network investigation CASE-2026-0139.,E07081
EV01211,Crime,Crime involving Rohan Shah,2024-01-05T21:19:06,L0369,C0139,Crime activity observed in connection with large organized crime network investigation CASE-2026-0139.,E07082
EV01212,Call,Call involving Kabir Naik,2024-07-22T02:57:36,L0066,C0140,Call activity observed in connection with online fraud investigation CASE-2026-0140.,E07088
EV01213,Vehicle Movement,Vehicle Movement involving Simran Das,2024-05-27T03:14:33,L0201,C0140,Vehicle Movement activity observed in connection with online fraud investigation CASE-2026-0140.,nan
EV01214,Cyber Activity,Cyber Activity involving Aniket Chavan,2024-08-23T17:48:31,L0569,C0140,Cyber Activity activity observed in connection with online fraud investigation CASE-2026-0140.,nan
EV01215,Meeting,Meeting involving Rhea Sethi,2024-04-12T05:08:45,L0553,C0140,Meeting activity observed in connection with online fraud investigation CASE-2026-0140.,nan
EV01216,Cyber Activity,Cyber Activity involving Nikhil Kulkarni,2024-06-04T12:31:21,L0201,C0140,Cyber Activity activity observed in connection with online fraud investigation CASE-2026-0140.,nan
EV01217,Delivery,Delivery involving Pranav Das,2024-08-30T08:40:16,L0073,C0140,Delivery activity observed in connection with online fraud investigation CASE-2026-0140.,nan
EV01218,Evidence Collection,Evidence Collection involving Riya Menon,2024-06-30T19:15:15,L0201,C0140,Evidence Collection activity observed in connection with online fraud investigation CASE-2026-0140.,nan
EV01219,Evidence Collection,Evidence Collection involving Yamini Bansal,2024-06-24T10:07:35,L0066,C0140,Evidence Collection activity observed in connection with online fraud investigation CASE-2026-0140.,E07089
EV01220,Surveillance,Surveillance involving Dev Patil,2024-05-16T23:56:50,L0553,C0140,Surveillance activity observed in connection with online fraud investigation CASE-2026-0140.,nan
EV01221,Financial Activity,Financial Activity involving Zoya Iyer,2024-04-10T18:58:26,L0066,C0140,Financial Activity activity observed in connection with online fraud investigation CASE-2026-0140.,nan
EV01222,Arrest,Arrest involving Sneha Shetty,2024-08-17T10:27:17,L0573,C0141,Arrest activity observed in connection with financial fraud investigation CASE-2026-0141.,nan
EV01223,Arrest,Arrest involving Arnav Gupta,2024-08-31T18:24:00,L0573,C0141,Arrest activity observed in connection with financial fraud investigation CASE-2026-0141.,nan
EV01224,Observation,Observation involving Anushka Mishra,2024-08-24T11:55:39,L0184,C0141,Observation activity observed in connection with financial fraud investigation CASE-2026-0141.,nan
EV01225,Transaction,Transaction involving Sneha Shetty,2024-08-30T01:29:13,L0164,C0141,Transaction activity observed in connection with financial fraud investigation CASE-2026-0141.,nan
EV01226,Financial Activity,Financial Activity involving Akash Rao,2024-08-19T03:14:05,L0164,C0141,Financial Activity activity observed in connection with financial fraud investigation CASE-2026-0141.,E07096
EV01227,Meeting,Meeting involving Kiara Mishra,2024-08-26T02:41:22,L0573,C0141,Meeting activity observed in connection with financial fraud investigation CASE-2026-0141.,E07097
EV01228,Vehicle Movement,Vehicle Movement involving Vivek Shah,2024-08-19T17:17:57,L0245,C0141,Vehicle Movement activity observed in connection with financial fraud investigation CASE-2026-0141.,E07098
EV01229,Delivery,Delivery involving Kunal Kulkarni,2024-08-19T15:22:11,L0573,C0141,Delivery activity observed in connection with financial fraud investigation CASE-2026-0141.,nan
EV01230,Vehicle Movement,Vehicle Movement involving Meera Pillai,2024-08-30T15:25:29,L0573,C0141,Vehicle Movement activity observed in connection with financial fraud investigation CASE-2026-0141.,nan
EV01231,Interview,Interview involving Kunal Kulkarni,2024-08-24T18:01:25,L0245,C0141,Interview activity observed in connection with financial fraud investigation CASE-2026-0141.,nan
EV01232,Crime,Crime involving Aarav Bhat,2024-08-22T23:19:46,L0164,C0141,Crime activity observed in connection with financial fraud investigation CASE-2026-0141.,nan
EV01233,Evidence Collection,Evidence Collection involving Sneha Shetty,2024-08-30T01:16:55,L0245,C0141,Evidence Collection activity observed in connection with financial fraud investigation CASE-2026-0141.,E07099
EV01234,Crime,Crime involving Siddharth Ghosh,2024-10-16T11:04:58,L0270,C0142,Crime activity observed in connection with payment fraud investigation CASE-2026-0142.,nan
EV01235,Call,Call involving Dev Kapoor,2024-06-23T19:15:49,L0083,C0142,Call activity observed in connection with payment fraud investigation CASE-2026-0142.,nan
EV01236,Vehicle Movement,Vehicle Movement involving Vikram Shah,2024-06-19T16:18:55,L0020,C0143,Vehicle Movement activity observed in connection with minor fraud investigation CASE-2026-0143.,nan
EV01237,Meeting,Meeting involving Ishita Reddy,2024-04-13T00:20:11,L0449,C0143,Meeting activity observed in connection with minor fraud investigation CASE-2026-0143.,nan
EV01238,Arrest,Arrest involving Pranav Kulkarni,2024-07-21T06:43:19,L0493,C0144,Arrest activity observed in connection with insurance fraud investigation CASE-2026-0144.,nan
EV01239,Cyber Activity,Cyber Activity involving Tara Menon,2024-11-28T05:58:25,L0140,C0144,Cyber Activity activity observed in connection with insurance fraud investigation CASE-2026-0144.,E07126
EV01240,Arrest,Arrest involving Kiara Shah,2024-08-20T15:45:41,L0493,C0144,Arrest activity observed in connection with insurance fraud investigation CASE-2026-0144.,nan
EV01241,Cyber Activity,Cyber Activity involving Vanya Thakur,2024-07-17T12:12:56,L0140,C0144,Cyber Activity activity observed in connection with insurance fraud investigation CASE-2026-0144.,nan
EV01242,Vehicle Movement,Vehicle Movement involving Aman Thakur,2024-04-08T19:36:56,L0242,C0144,Vehicle Movement activity observed in connection with insurance fraud investigation CASE-2026-0144.,nan
EV01243,Call,Call involving Aniket Pillai,2024-02-03T01:59:13,L0275,C0144,Call activity observed in connection with insurance fraud investigation CASE-2026-0144.,E07127
EV01244,Meeting,Meeting involving Dhruv Saxena,2024-09-16T02:13:15,L0275,C0144,Meeting activity observed in connection with insurance fraud investigation CASE-2026-0144.,nan
EV01245,Evidence Collection,Evidence Collection involving Rahul Kulkarni,2024-03-04T07:21:47,L0242,C0144,Evidence Collection activity observed in connection with insurance fraud investigation CASE-2026-0144.,nan
EV01246,Arrest,Arrest involving Vikram Rao,2024-07-01T07:15:49,L0038,C0144,Arrest activity observed in connection with insurance fraud investigation CASE-2026-0144.,nan
EV01247,Call,Call involving Karan Sethi,2024-05-04T00:12:05,L0140,C0144,Call activity observed in connection with insurance fraud investigation CASE-2026-0144.,nan
EV01248,Delivery,Delivery involving Kunal Verma,2024-10-28T08:24:23,L0140,C0144,Delivery activity observed in connection with insurance fraud investigation CASE-2026-0144.,E07128
EV01249,Delivery,Delivery involving Vikram Rao,2024-06-07T06:44:29,L0140,C0144,Delivery activity observed in connection with insurance fraud investigation CASE-2026-0144.,nan
EV01250,Financial Activity,Financial Activity involving Yamini Gupta,2024-03-24T02:16:11,L0275,C0144,Financial Activity activity observed in connection with insurance fraud investigation CASE-2026-0144.,E07129
EV01251,Crime,Crime involving Nisha Das,2024-07-27T07:00:49,L0058,C0145,Crime activity observed in connection with major organized crime investigation CASE-2026-0145.,nan
EV01252,Interview,Interview involving Zoya Kapoor,2024-04-27T16:17:53,L0501,C0145,Interview activity observed in connection with major organized crime investigation CASE-2026-0145.,nan
EV01253,Crime,Crime involving Kiara Mishra,2024-07-18T22:58:59,L0501,C0145,Crime activity observed in connection with major organized crime investigation CASE-2026-0145.,nan
EV01254,Transaction,Transaction involving Vikram Sethi,2024-07-09T16:01:51,L0058,C0145,Transaction activity observed in connection with major organized crime investigation CASE-2026-0145.,nan
EV01255,Meeting,Meeting involving Aanya Singh,2024-04-24T07:11:32,L0266,C0145,Meeting activity observed in connection with major organized crime investigation CASE-2026-0145.,nan
EV01256,Meeting,Meeting involving Simran Ghosh,2024-08-07T19:08:25,L0231,C0145,Meeting activity observed in connection with major organized crime investigation CASE-2026-0145.,nan
EV01257,Transaction,Transaction involving Nikhil Verma,2024-02-18T20:27:03,L0058,C0145,Transaction activity observed in connection with major organized crime investigation CASE-2026-0145.,nan
EV01258,Cyber Activity,Cyber Activity involving Kabir Iyer,2024-03-14T05:03:19,L0266,C0145,Cyber Activity activity observed in connection with major organized crime investigation CASE-2026-0145.,E07139
EV01259,Financial Activity,Financial Activity involving Vikram Gupta,2024-01-09T19:00:00,L0266,C0145,Financial Activity activity observed in connection with major organized crime investigation CASE-2026-0145.,nan
EV01260,Transaction,Transaction involving Anushka Joshi,2024-06-02T06:54:28,L0285,C0145,Transaction activity observed in connection with major organized crime investigation CASE-2026-0145.,nan
EV01261,Arrest,Arrest involving Siddharth Mehta,2024-01-08T16:30:22,L0266,C0145,Arrest activity observed in connection with major organized crime investigation CASE-2026-0145.,nan
EV01262,Vehicle Movement,Vehicle Movement involving Zoya Chavan,2024-02-20T15:56:30,L0231,C0145,Vehicle Movement activity observed in connection with major organized crime investigation CASE-2026-0145.,nan
EV01263,Evidence Collection,Evidence Collection involving Harsh Kulkarni,2024-08-14T13:01:13,L0501,C0145,Evidence Collection activity observed in connection with major organized crime investigation CASE-2026-0145.,E07140
EV01264,Call,Call involving Anushka Joshi,2024-01-09T23:50:59,L0266,C0145,Call activity observed in connection with major organized crime investigation CASE-2026-0145.,nan
EV01265,Interview,Interview involving Kunal Rao,2024-06-18T07:44:48,L0266,C0145,Interview activity observed in connection with major organized crime investigation CASE-2026-0145.,nan
EV01266,Cyber Activity,Cyber Activity involving Zoya Chavan,2024-03-14T15:59:46,L0266,C0145,Cyber Activity activity observed in connection with major organized crime investigation CASE-2026-0145.,E07141
EV01267,Observation,Observation involving Aarav Pillai,2024-06-30T17:42:14,L0285,C0145,Observation activity observed in connection with major organized crime investigation CASE-2026-0145.,E07142
EV01268,Crime,Crime involving Sameer Mishra,2024-02-20T10:17:02,L0285,C0145,Crime activity observed in connection with major organized crime investigation CASE-2026-0145.,nan
EV01269,Call,Call involving Sneha Jadhav,2024-08-10T13:14:26,L0075,C0146,Call activity observed in connection with simple robbery investigation CASE-2026-0146.,E07143
EV01270,Transaction,Transaction involving Isha Mehta,2024-07-13T08:37:05,L0003,C0146,Transaction activity observed in connection with simple robbery investigation CASE-2026-0146.,nan
EV01271,Call,Call involving Avni Khan,2024-06-12T00:32:24,L0556,C0147,Call activity observed in connection with large financial crime network investigation CASE-2026-0147.,E07166
EV01272,Delivery,Delivery involving Nisha Gupta,2024-08-31T21:33:19,L0114,C0147,Delivery activity observed in connection with large financial crime network investigation CASE-2026-0147.,nan
EV01273,Interview,Interview involving Naina Kulkarni,2024-07-17T10:22:28,L0114,C0147,Interview activity observed in connection with large financial crime network investigation CASE-2026-0147.,nan
EV01274,Crime,Crime involving Raj Iyer,2024-07-01T14:53:02,L0114,C0147,Crime activity observed in connection with large financial crime network investigation CASE-2026-0147.,nan
EV01275,Delivery,Delivery involving Avni Nair,2024-08-31T19:06:51,L0354,C0147,Delivery activity observed in connection with large financial crime network investigation CASE-2026-0147.,E07167
EV01276,Evidence Collection,Evidence Collection involving Nikhil Menon,2024-07-15T14:28:16,L0114,C0147,Evidence Collection activity observed in connection with large financial crime network investigation CASE-2026-0147.,E07168
EV01277,Meeting,Meeting involving Karan Chavan,2024-06-12T06:32:36,L0114,C0147,Meeting activity observed in connection with large financial crime network investigation CASE-2026-0147.,E07169
EV01278,Meeting,Meeting involving Pooja Kulkarni,2024-08-26T00:06:45,L0114,C0147,Meeting activity observed in connection with large financial crime network investigation CASE-2026-0147.,nan
EV01279,Arrest,Arrest involving Mahi Das,2024-07-11T04:44:28,L0114,C0147,Arrest activity observed in connection with large financial crime network investigation CASE-2026-0147.,nan
EV01280,Interview,Interview involving Pooja Patil,2024-08-21T00:56:06,L0583,C0147,Interview activity observed in connection with large financial crime network investigation CASE-2026-0147.,E07170
EV01281,Observation,Observation involving Sana Naik,2024-07-28T10:06:41,L0354,C0147,Observation activity observed in connection with large financial crime network investigation CASE-2026-0147.,E07171
EV01282,Evidence Collection,Evidence Collection involving Raj Iyer,2024-07-16T18:34:14,L0354,C0147,Evidence Collection activity observed in connection with large financial crime network investigation CASE-2026-0147.,nan
EV01283,Crime,Crime involving Mahi Joshi,2024-08-23T15:52:55,L0354,C0147,Crime activity observed in connection with large financial crime network investigation CASE-2026-0147.,nan
EV01284,Cyber Activity,Cyber Activity involving Pooja Kulkarni,2024-07-24T10:50:17,L0583,C0147,Cyber Activity activity observed in connection with large financial crime network investigation CASE-2026-0147.,nan
EV01285,Arrest,Arrest involving Varun Saxena,2024-07-01T16:23:07,L0024,C0147,Arrest activity observed in connection with large financial crime network investigation CASE-2026-0147.,nan
EV01286,Cyber Activity,Cyber Activity involving Mahi Joshi,2024-08-28T19:27:25,L0583,C0147,Cyber Activity activity observed in connection with large financial crime network investigation CASE-2026-0147.,nan
EV01287,Delivery,Delivery involving Naveen Nair,2024-06-29T00:24:51,L0583,C0147,Delivery activity observed in connection with large financial crime network investigation CASE-2026-0147.,E07172
EV01288,Interview,Interview involving Avni Khan,2024-07-22T16:30:21,L0556,C0147,Interview activity observed in connection with large financial crime network investigation CASE-2026-0147.,nan
EV01289,Call,Call involving Mahi Shah,2024-06-19T07:41:20,L0354,C0147,Call activity observed in connection with large financial crime network investigation CASE-2026-0147.,nan
EV01290,Meeting,Meeting involving Diya Shah,2024-07-13T19:05:39,L0556,C0147,Meeting activity observed in connection with large financial crime network investigation CASE-2026-0147.,nan
EV01291,Meeting,Meeting involving Avni Bansal,2024-10-18T19:39:50,L0092,C0148,Meeting activity observed in connection with data theft investigation CASE-2026-0148.,E07174
EV01292,Arrest,Arrest involving Avni Bansal,2024-05-06T02:23:17,L0029,C0148,Arrest activity observed in connection with data theft investigation CASE-2026-0148.,nan
EV01293,Meeting,Meeting involving Neha Chavan,2024-05-07T15:34:23,L0387,C0149,Meeting activity observed in connection with individual cyber fraud investigation CASE-2026-0149.,nan
EV01294,Observation,Observation involving Neha Chavan,2024-04-30T16:13:06,L0563,C0149,Observation activity observed in connection with individual cyber fraud investigation CASE-2026-0149.,nan
EV01295,Crime,Crime involving Karan Bhat,2024-01-07T11:44:37,L0231,C0149,Crime activity observed in connection with individual cyber fraud investigation CASE-2026-0149.,nan
EV01296,Vehicle Movement,Vehicle Movement involving Karan Bhat,2024-03-27T00:59:11,L0295,C0149,Vehicle Movement activity observed in connection with individual cyber fraud investigation CASE-2026-0149.,E07179
EV01297,Meeting,Meeting involving Karan Bhat,2024-07-08T21:19:42,L0231,C0149,Meeting activity observed in connection with individual cyber fraud investigation CASE-2026-0149.,nan
EV01298,Meeting,Meeting involving Ishaan Shah,2024-05-26T16:27:00,L0516,C0150,Meeting activity observed in connection with large financial crime network investigation CASE-2026-0150.,nan
EV01299,Meeting,Meeting involving Ishita Nair,2024-07-02T17:42:55,L0516,C0150,Meeting activity observed in connection with large financial crime network investigation CASE-2026-0150.,E07208
EV01300,Delivery,Delivery involving Aanya Nair,2024-06-27T01:15:25,L0293,C0150,Delivery activity observed in connection with large financial crime network investigation CASE-2026-0150.,nan
EV01301,Vehicle Movement,Vehicle Movement involving Vivek Gupta,2024-09-22T08:00:58,L0516,C0150,Vehicle Movement activity observed in connection with large financial crime network investigation CASE-2026-0150.,nan
EV01302,Arrest,Arrest involving Ritesh Patil,2024-04-03T03:35:39,L0293,C0150,Arrest activity observed in connection with large financial crime network investigation CASE-2026-0150.,nan
EV01303,Evidence Collection,Evidence Collection involving Vidhi Naik,2024-03-12T01:49:31,L0516,C0150,Evidence Collection activity observed in connection with large financial crime network investigation CASE-2026-0150.,nan
EV01304,Call,Call involving Yamini Saxena,2024-04-03T03:25:34,L0478,C0150,Call activity observed in connection with large financial crime network investigation CASE-2026-0150.,nan
EV01305,Interview,Interview involving Dhruv Verma,2024-12-15T01:40:50,L0433,C0150,Interview activity observed in connection with large financial crime network investigation CASE-2026-0150.,nan
EV01306,Interview,Interview involving Manav Malhotra,2024-03-30T01:55:15,L0516,C0150,Interview activity observed in connection with large financial crime network investigation CASE-2026-0150.,E07209
EV01307,Meeting,Meeting involving Ishaan Iyer,2024-08-10T23:39:36,L0280,C0150,Meeting activity observed in connection with large financial crime network investigation CASE-2026-0150.,E07210
EV01308,Financial Activity,Financial Activity involving Mahi Shetty,2024-08-15T16:49:31,L0293,C0150,Financial Activity activity observed in connection with large financial crime network investigation CASE-2026-0150.,E07211
EV01309,Delivery,Delivery involving Sneha Sethi,2024-12-06T06:55:20,L0516,C0150,Delivery activity observed in connection with large financial crime network investigation CASE-2026-0150.,nan
EV01310,Call,Call involving Naina Khan,2024-03-10T13:56:14,L0433,C0150,Call activity observed in connection with large financial crime network investigation CASE-2026-0150.,E07212
EV01311,Arrest,Arrest involving Yamini Saxena,2024-06-21T22:05:27,L0478,C0150,Arrest activity observed in connection with large financial crime network investigation CASE-2026-0150.,nan
EV01312,Crime,Crime involving Kavya Ghosh,2024-10-11T13:53:09,L0433,C0150,Crime activity observed in connection with large financial crime network investigation CASE-2026-0150.,E07213
EV01313,Observation,Observation involving Ananya Mishra,2024-07-09T00:42:57,L0433,C0150,Observation activity observed in connection with large financial crime network investigation CASE-2026-0150.,nan
EV01314,Call,Call involving Ishaan Iyer,2024-03-22T21:08:01,L0433,C0150,Call activity observed in connection with large financial crime network investigation CASE-2026-0150.,nan
EV01315,Observation,Observation involving Vivek Gupta,2024-08-23T22:01:39,L0433,C0150,Observation activity observed in connection with large financial crime network investigation CASE-2026-0150.,nan
EV01316,Observation,Observation involving Nisha Gupta,2024-12-28T16:08:19,L0293,C0150,Observation activity observed in connection with large financial crime network investigation CASE-2026-0150.,E07214
EV01317,Financial Activity,Financial Activity involving Vanya Bansal,2024-08-13T16:15:05,L0516,C0150,Financial Activity activity observed in connection with large financial crime network investigation CASE-2026-0150.,nan
EV01318,Crime,Crime involving Ishaan Desai,2024-12-27T08:56:37,L0280,C0150,Crime activity observed in connection with large financial crime network investigation CASE-2026-0150.,E07215
EV01319,Arrest,Arrest involving Vivek Gupta,2024-07-28T21:23:47,L0280,C0150,Arrest activity observed in connection with large financial crime network investigation CASE-2026-0150.,nan
EV01320,Call,Call involving Aanya Nair,2024-08-11T20:23:54,L0280,C0150,Call activity observed in connection with large financial crime network investigation CASE-2026-0150.,nan
EV01321,Interview,Interview involving Akash Singh,2024-09-08T11:25:15,L0293,C0150,Interview activity observed in connection with large financial crime network investigation CASE-2026-0150.,nan
EV01322,Transaction,Transaction involving Tanvi Bhat,2024-03-25T14:55:42,L0478,C0150,Transaction activity observed in connection with large financial crime network investigation CASE-2026-0150.,nan
EV01323,Delivery,Delivery involving Ishaan Iyer,2024-08-24T01:10:48,L0478,C0150,Delivery activity observed in connection with large financial crime network investigation CASE-2026-0150.,nan
EV01324,Transaction,Transaction involving Sneha Sethi,2024-02-28T20:14:16,L0516,C0150,Transaction activity observed in connection with large financial crime network investigation CASE-2026-0150.,nan
EV01325,Meeting,Meeting involving Tara Kapoor,2024-06-28T14:43:11,L0515,C0151,Meeting activity observed in connection with logistics fraud investigation CASE-2026-0151.,nan
EV01326,Vehicle Movement,Vehicle Movement involving Meera Mishra,2024-02-26T03:36:04,L0009,C0151,Vehicle Movement activity observed in connection with logistics fraud investigation CASE-2026-0151.,nan
EV01327,Transaction,Transaction involving Sneha Bansal,2024-02-28T15:20:11,L0230,C0151,Transaction activity observed in connection with logistics fraud investigation CASE-2026-0151.,nan
EV01328,Vehicle Movement,Vehicle Movement involving Karan Ghosh,2024-02-19T03:59:44,L0303,C0151,Vehicle Movement activity observed in connection with logistics fraud investigation CASE-2026-0151.,E07226
EV01329,Surveillance,Surveillance involving Sneha Bansal,2024-10-13T14:57:35,L0303,C0151,Surveillance activity observed in connection with logistics fraud investigation CASE-2026-0151.,nan
EV01330,Observation,Observation involving Karan Ghosh,2024-11-18T20:55:59,L0009,C0151,Observation activity observed in connection with logistics fraud investigation CASE-2026-0151.,nan
EV01331,Transaction,Transaction involving Kabir Menon,2024-12-24T20:29:54,L0515,C0151,Transaction activity observed in connection with logistics fraud investigation CASE-2026-0151.,nan
EV01332,Transaction,Transaction involving Kunal Ghosh,2024-03-04T23:09:50,L0009,C0151,Transaction activity observed in connection with logistics fraud investigation CASE-2026-0151.,nan
EV01333,Evidence Collection,Evidence Collection involving Nikhil Menon,2024-11-30T21:50:24,L0230,C0151,Evidence Collection activity observed in connection with logistics fraud investigation CASE-2026-0151.,nan
EV01334,Delivery,Delivery involving Ishaan Menon,2024-02-24T22:29:48,L0069,C0152,Delivery activity observed in connection with data theft investigation CASE-2026-0152.,nan
EV01335,Meeting,Meeting involving Ishaan Menon,2024-01-06T06:17:17,L0069,C0152,Meeting activity observed in connection with data theft investigation CASE-2026-0152.,nan
EV01336,Interview,Interview involving Varun Menon,2024-07-22T06:32:23,L0417,C0153,Interview activity observed in connection with financial crime investigation investigation CASE-2026-0153.,nan
EV01337,Evidence Collection,Evidence Collection involving Vikram Verma,2024-07-24T10:01:01,L0591,C0153,Evidence Collection activity observed in connection with financial crime investigation investigation CASE-2026-0153.,E07237
EV01338,Arrest,Arrest involving Rohan Menon,2024-07-23T23:50:50,L0110,C0153,Arrest activity observed in connection with financial crime investigation investigation CASE-2026-0153.,nan
EV01339,Cyber Activity,Cyber Activity involving Sana Reddy,2024-08-12T17:31:32,L0591,C0153,Cyber Activity activity observed in connection with financial crime investigation investigation CASE-2026-0153.,E07238
EV01340,Transaction,Transaction involving Vanya Joshi,2024-07-19T11:55:38,L0417,C0153,Transaction activity observed in connection with financial crime investigation investigation CASE-2026-0153.,nan
EV01341,Vehicle Movement,Vehicle Movement involving Ishaan Thakur,2024-07-26T10:17:25,L0110,C0153,Vehicle Movement activity observed in connection with financial crime investigation investigation CASE-2026-0153.,nan
EV01342,Transaction,Transaction involving Pranav Rao,2024-08-18T10:27:39,L0110,C0153,Transaction activity observed in connection with financial crime investigation investigation CASE-2026-0153.,nan
EV01343,Crime,Crime involving Arnav Menon,2024-08-07T01:20:09,L0384,C0153,Crime activity observed in connection with financial crime investigation investigation CASE-2026-0153.,nan
EV01344,Delivery,Delivery involving Kunal Kapoor,2024-07-15T20:08:19,L0417,C0153,Delivery activity observed in connection with financial crime investigation investigation CASE-2026-0153.,nan
EV01345,Vehicle Movement,Vehicle Movement involving Aniket Reddy,2024-08-21T03:16:37,L0591,C0153,Vehicle Movement activity observed in connection with financial crime investigation investigation CASE-2026-0153.,nan
EV01346,Delivery,Delivery involving Nikhil Joshi,2024-08-06T19:00:14,L0591,C0153,Delivery activity observed in connection with financial crime investigation investigation CASE-2026-0153.,nan
EV01347,Interview,Interview involving Saurabh Desai,2024-07-12T09:58:01,L0028,C0153,Interview activity observed in connection with financial crime investigation investigation CASE-2026-0153.,nan
EV01348,Evidence Collection,Evidence Collection involving Yamini Malhotra,2024-07-11T07:35:29,L0591,C0153,Evidence Collection activity observed in connection with financial crime investigation investigation CASE-2026-0153.,nan
EV01349,Vehicle Movement,Vehicle Movement involving Aditya Joshi,2024-08-02T18:15:54,L0384,C0153,Vehicle Movement activity observed in connection with financial crime investigation investigation CASE-2026-0153.,nan
EV01350,Transaction,Transaction involving Aditi Shah,2024-07-25T19:25:25,L0591,C0153,Transaction activity observed in connection with financial crime investigation investigation CASE-2026-0153.,nan
EV01351,Observation,Observation involving Sana Reddy,2024-07-08T04:25:06,L0591,C0153,Observation activity observed in connection with financial crime investigation investigation CASE-2026-0153.,nan
EV01352,Meeting,Meeting involving Arnav Menon,2024-07-19T12:52:40,L0384,C0153,Meeting activity observed in connection with financial crime investigation investigation CASE-2026-0153.,nan
EV01353,Evidence Collection,Evidence Collection involving Tanvi Ghosh,2024-07-14T09:47:21,L0110,C0153,Evidence Collection activity observed in connection with financial crime investigation investigation CASE-2026-0153.,nan
EV01354,Crime,Crime involving Manav Ghosh,2024-08-05T10:29:23,L0591,C0153,Crime activity observed in connection with financial crime investigation investigation CASE-2026-0153.,nan
EV01355,Observation,Observation involving Pranav Rao,2024-08-18T04:39:35,L0591,C0153,Observation activity observed in connection with financial crime investigation investigation CASE-2026-0153.,nan
EV01356,Vehicle Movement,Vehicle Movement involving Vikram Verma,2024-07-29T10:16:54,L0384,C0153,Vehicle Movement activity observed in connection with financial crime investigation investigation CASE-2026-0153.,E07239
EV01357,Cyber Activity,Cyber Activity involving Vikram Verma,2024-07-09T02:04:50,L0591,C0153,Cyber Activity activity observed in connection with financial crime investigation investigation CASE-2026-0153.,E07240
EV01358,Vehicle Movement,Vehicle Movement involving Pooja Gupta,2024-05-28T16:14:19,L0516,C0154,Vehicle Movement activity observed in connection with assault investigation CASE-2026-0154.,E07250
EV01359,Transaction,Transaction involving Pallavi Ghosh,2024-05-07T09:09:39,L0433,C0154,Transaction activity observed in connection with assault investigation CASE-2026-0154.,nan
EV01360,Vehicle Movement,Vehicle Movement involving Pooja Gupta,2024-05-02T05:46:40,L0433,C0154,Vehicle Movement activity observed in connection with assault investigation CASE-2026-0154.,nan
EV01361,Interview,Interview involving Yash Shetty,2024-04-04T23:51:53,L0545,C0154,Interview activity observed in connection with assault investigation CASE-2026-0154.,nan
EV01362,Call,Call involving Aman Verma,2024-11-13T09:15:23,L0545,C0154,Call activity observed in connection with assault investigation CASE-2026-0154.,nan
EV01363,Meeting,Meeting involving Aanya Singh,2024-07-07T19:13:52,L0280,C0154,Meeting activity observed in connection with assault investigation CASE-2026-0154.,nan
EV01364,Call,Call involving Raj Kapoor,2024-03-30T09:12:25,L0433,C0154,Call activity observed in connection with assault investigation CASE-2026-0154.,E07251
EV01365,Vehicle Movement,Vehicle Movement involving Akash Gupta,2024-01-12T18:53:31,L0516,C0154,Vehicle Movement activity observed in connection with assault investigation CASE-2026-0154.,nan
EV01366,Vehicle Movement,Vehicle Movement involving Rohan Bhat,2024-08-15T04:09:27,L0256,C0155,Vehicle Movement activity observed in connection with online fraud investigation CASE-2026-0155.,nan
EV01367,Delivery,Delivery involving Rohan Bhat,2024-05-06T01:30:43,L0236,C0155,Delivery activity observed in connection with online fraud investigation CASE-2026-0155.,nan
EV01368,Arrest,Arrest involving Riya Mehta,2024-08-27T13:20:02,L0510,C0155,Arrest activity observed in connection with online fraud investigation CASE-2026-0155.,nan
EV01369,Observation,Observation involving Pranav Kapoor,2024-05-04T09:09:29,L0510,C0155,Observation activity observed in connection with online fraud investigation CASE-2026-0155.,nan
EV01370,Call,Call involving Akash Iyer,2024-06-28T09:56:11,L0223,C0156,Call activity observed in connection with simple robbery investigation CASE-2026-0156.,E07262
EV01371,Evidence Collection,Evidence Collection involving Trisha Mishra,2024-06-21T21:53:47,L0223,C0156,Evidence Collection activity observed in connection with simple robbery investigation CASE-2026-0156.,E07263
EV01372,Meeting,Meeting involving Anushka Mishra,2024-06-11T19:12:32,L0011,C0156,Meeting activity observed in connection with simple robbery investigation CASE-2026-0156.,E07264
EV01373,Financial Activity,Financial Activity involving Neha Kapoor,2024-06-15T17:05:48,L0350,C0156,Financial Activity activity observed in connection with simple robbery investigation CASE-2026-0156.,nan
EV01374,Call,Call involving Anushka Singh,2024-07-09T01:02:22,L0011,C0156,Call activity observed in connection with simple robbery investigation CASE-2026-0156.,nan
EV01375,Cyber Activity,Cyber Activity involving Anushka Mishra,2024-08-01T15:53:51,L0350,C0156,Cyber Activity activity observed in connection with simple robbery investigation CASE-2026-0156.,E07265
EV01376,Evidence Collection,Evidence Collection involving Anushka Mishra,2024-07-26T11:51:34,L0223,C0156,Evidence Collection activity observed in connection with simple robbery investigation CASE-2026-0156.,E07266
EV01377,Observation,Observation involving Trisha Mishra,2024-07-26T04:50:49,L0598,C0156,Observation activity observed in connection with simple robbery investigation CASE-2026-0156.,E07267
EV01378,Arrest,Arrest involving Mahi Pillai,2024-07-16T10:49:53,L0265,C0156,Arrest activity observed in connection with simple robbery investigation CASE-2026-0156.,E07268
EV01379,Meeting,Meeting involving Trisha Mishra,2024-06-16T09:00:47,L0265,C0156,Meeting activity observed in connection with simple robbery investigation CASE-2026-0156.,nan
EV01380,Transaction,Transaction involving Nikhil Menon,2024-03-14T17:46:20,L0344,C0157,Transaction activity observed in connection with data theft investigation CASE-2026-0157.,nan
EV01381,Evidence Collection,Evidence Collection involving Varun Reddy,2024-02-18T06:45:58,L0312,C0157,Evidence Collection activity observed in connection with data theft investigation CASE-2026-0157.,nan
EV01382,Delivery,Delivery involving Nikhil Menon,2024-02-08T19:35:20,L0344,C0157,Delivery activity observed in connection with data theft investigation CASE-2026-0157.,E07271
EV01383,Interview,Interview involving Trisha Jadhav,2024-06-09T20:50:29,L0407,C0158,Interview activity observed in connection with data theft investigation CASE-2026-0158.,nan
EV01384,Transaction,Transaction involving Trisha Jadhav,2024-03-27T04:36:07,L0593,C0158,Transaction activity observed in connection with data theft investigation CASE-2026-0158.,nan
EV01385,Meeting,Meeting involving Harsh Menon,2024-06-04T03:20:20,L0243,C0159,Meeting activity observed in connection with data theft investigation CASE-2026-0159.,nan
EV01386,Transaction,Transaction involving Ritesh Mishra,2024-03-12T08:40:51,L0421,C0159,Transaction activity observed in connection with data theft investigation CASE-2026-0159.,nan
EV01387,Cyber Activity,Cyber Activity involving Isha Nair,2024-06-04T21:23:11,L0157,C0159,Cyber Activity activity observed in connection with data theft investigation CASE-2026-0159.,nan
EV01388,Surveillance,Surveillance involving Isha Nair,2024-12-14T05:54:28,L0317,C0159,Surveillance activity observed in connection with data theft investigation CASE-2026-0159.,E07276
EV01389,Crime,Crime involving Rahul Shah,2024-03-20T20:15:15,L0157,C0159,Crime activity observed in connection with data theft investigation CASE-2026-0159.,E07277
EV01390,Surveillance,Surveillance involving Harsh Menon,2024-02-14T17:55:36,L0157,C0159,Surveillance activity observed in connection with data theft investigation CASE-2026-0159.,E07278
EV01391,Transaction,Transaction involving Pooja Ghosh,2024-06-23T08:45:03,L0244,C0160,Transaction activity observed in connection with individual cyber fraud investigation CASE-2026-0160.,E07281
EV01392,Transaction,Transaction involving Dev Kapoor,2024-08-19T19:14:10,L0244,C0160,Transaction activity observed in connection with individual cyber fraud investigation CASE-2026-0160.,nan
EV01393,Interview,Interview involving Pranav Rao,2024-08-10T16:49:11,L0552,C0160,Interview activity observed in connection with individual cyber fraud investigation CASE-2026-0160.,nan
EV01394,Meeting,Meeting involving Ananya Kapoor,2024-08-10T16:47:21,L0322,C0160,Meeting activity observed in connection with individual cyber fraud investigation CASE-2026-0160.,nan
EV01395,Cyber Activity,Cyber Activity involving Vivek Bhat,2024-05-24T02:37:41,L0202,C0161,Cyber Activity activity observed in connection with vehicle theft network investigation CASE-2026-0161.,nan
EV01396,Observation,Observation involving Zoya Mehta,2024-04-11T05:39:33,L0202,C0161,Observation activity observed in connection with vehicle theft network investigation CASE-2026-0161.,E07298
EV01397,Cyber Activity,Cyber Activity involving Yash Das,2024-07-11T10:30:23,L0595,C0161,Cyber Activity activity observed in connection with vehicle theft network investigation CASE-2026-0161.,nan
EV01398,Observation,Observation involving Ishita Bhat,2024-03-21T09:01:31,L0202,C0161,Observation activity observed in connection with vehicle theft network investigation CASE-2026-0161.,nan
EV01399,Call,Call involving Varun Malhotra,2024-07-05T09:17:00,L0242,C0161,Call activity observed in connection with vehicle theft network investigation CASE-2026-0161.,nan
EV01400,Crime,Crime involving Harsh Ghosh,2024-08-23T17:21:55,L0359,C0161,Crime activity observed in connection with vehicle theft network investigation CASE-2026-0161.,nan
EV01401,Evidence Collection,Evidence Collection involving Nikhil Nair,2024-08-20T15:24:41,L0202,C0161,Evidence Collection activity observed in connection with vehicle theft network investigation CASE-2026-0161.,E07299
EV01402,Arrest,Arrest involving Varun Malhotra,2024-06-01T21:30:57,L0517,C0161,Arrest activity observed in connection with vehicle theft network investigation CASE-2026-0161.,E07300
EV01403,Evidence Collection,Evidence Collection involving Riya Mishra,2024-04-26T20:45:45,L0517,C0161,Evidence Collection activity observed in connection with vehicle theft network investigation CASE-2026-0161.,E07301
EV01404,Cyber Activity,Cyber Activity involving Simran Shetty,2024-07-01T00:27:18,L0202,C0161,Cyber Activity activity observed in connection with vehicle theft network investigation CASE-2026-0161.,nan
EV01405,Evidence Collection,Evidence Collection involving Dev Patil,2024-05-20T07:36:09,L0202,C0161,Evidence Collection activity observed in connection with vehicle theft network investigation CASE-2026-0161.,nan
EV01406,Delivery,Delivery involving Vivek Iyer,2024-04-11T07:28:07,L0202,C0161,Delivery activity observed in connection with vehicle theft network investigation CASE-2026-0161.,nan
EV01407,Crime,Crime involving Simran Shetty,2024-08-17T01:38:29,L0202,C0161,Crime activity observed in connection with vehicle theft network investigation CASE-2026-0161.,nan
EV01408,Interview,Interview involving Aditi Nair,2024-07-25T12:49:58,L0359,C0161,Interview activity observed in connection with vehicle theft network investigation CASE-2026-0161.,E07302
EV01409,Observation,Observation involving Rohan Ghosh,2024-06-16T13:08:40,L0517,C0161,Observation activity observed in connection with vehicle theft network investigation CASE-2026-0161.,nan
EV01410,Meeting,Meeting involving Riya Desai,2024-05-29T10:50:58,L0359,C0161,Meeting activity observed in connection with vehicle theft network investigation CASE-2026-0161.,E07303
EV01411,Delivery,Delivery involving Trisha Singh,2024-06-13T03:59:21,L0359,C0161,Delivery activity observed in connection with vehicle theft network investigation CASE-2026-0161.,E07304
EV01412,Financial Activity,Financial Activity involving Trisha Singh,2024-04-07T18:03:11,L0517,C0161,Financial Activity activity observed in connection with vehicle theft network investigation CASE-2026-0161.,nan
EV01413,Evidence Collection,Evidence Collection involving Aditya Gupta,2024-07-04T04:17:47,L0595,C0161,Evidence Collection activity observed in connection with vehicle theft network investigation CASE-2026-0161.,nan
EV01414,Delivery,Delivery involving Dev Patil,2024-07-10T14:10:24,L0517,C0161,Delivery activity observed in connection with vehicle theft network investigation CASE-2026-0161.,nan
EV01415,Evidence Collection,Evidence Collection involving Nikhil Kulkarni,2024-08-16T12:50:36,L0202,C0161,Evidence Collection activity observed in connection with vehicle theft network investigation CASE-2026-0161.,nan
EV01416,Call,Call involving Riya Mishra,2024-03-24T22:28:39,L0517,C0161,Call activity observed in connection with vehicle theft network investigation CASE-2026-0161.,E07305
EV01417,Interview,Interview involving Diya Gupta,2024-08-19T15:06:32,L0517,C0161,Interview activity observed in connection with vehicle theft network investigation CASE-2026-0161.,nan
EV01418,Meeting,Meeting involving Vidhi Singh,2024-08-14T18:04:12,L0595,C0161,Meeting activity observed in connection with vehicle theft network investigation CASE-2026-0161.,E07306
EV01419,Financial Activity,Financial Activity involving Rhea Das,2024-08-08T08:28:06,L0588,C0162,Financial Activity activity observed in connection with insurance fraud investigation CASE-2026-0162.,nan
EV01420,Cyber Activity,Cyber Activity involving Kiara Kulkarni,2024-07-10T10:25:06,L0401,C0162,Cyber Activity activity observed in connection with insurance fraud investigation CASE-2026-0162.,E07320
EV01421,Meeting,Meeting involving Aditya Bansal,2024-06-13T17:43:21,L0401,C0162,Meeting activity observed in connection with insurance fraud investigation CASE-2026-0162.,nan
EV01422,Meeting,Meeting involving Nisha Saxena,2024-07-03T01:57:43,L0587,C0162,Meeting activity observed in connection with insurance fraud investigation CASE-2026-0162.,E07321
EV01423,Observation,Observation involving Aman Bhat,2024-06-30T09:59:00,L0496,C0162,Observation activity observed in connection with insurance fraud investigation CASE-2026-0162.,E07322
EV01424,Surveillance,Surveillance involving Neha Pillai,2024-07-08T10:36:02,L0588,C0162,Surveillance activity observed in connection with insurance fraud investigation CASE-2026-0162.,nan
EV01425,Observation,Observation involving Neha Pillai,2024-08-03T18:25:09,L0185,C0162,Observation activity observed in connection with insurance fraud investigation CASE-2026-0162.,nan
EV01426,Delivery,Delivery involving Pranav Jadhav,2024-07-27T20:26:53,L0185,C0162,Delivery activity observed in connection with insurance fraud investigation CASE-2026-0162.,nan
EV01427,Transaction,Transaction involving Mohit Iyer,2024-08-01T20:38:44,L0587,C0162,Transaction activity observed in connection with insurance fraud investigation CASE-2026-0162.,nan
EV01428,Crime,Crime involving Saurabh Kulkarni,2024-07-18T16:16:23,L0401,C0162,Crime activity observed in connection with insurance fraud investigation CASE-2026-0162.,nan
EV01429,Call,Call involving Shreya Iyer,2024-07-26T05:04:47,L0496,C0162,Call activity observed in connection with insurance fraud investigation CASE-2026-0162.,E07323
EV01430,Observation,Observation involving Shreya Iyer,2024-07-01T13:52:42,L0587,C0162,Observation activity observed in connection with insurance fraud investigation CASE-2026-0162.,nan
EV01431,Vehicle Movement,Vehicle Movement involving Rahul Kapoor,2024-07-11T09:40:04,L0401,C0162,Vehicle Movement activity observed in connection with insurance fraud investigation CASE-2026-0162.,nan
EV01432,Meeting,Meeting involving Dev Singh,2024-08-18T13:07:12,L0587,C0162,Meeting activity observed in connection with insurance fraud investigation CASE-2026-0162.,nan
EV01433,Vehicle Movement,Vehicle Movement involving Rhea Das,2024-06-11T00:06:25,L0401,C0162,Vehicle Movement activity observed in connection with insurance fraud investigation CASE-2026-0162.,E07324
EV01434,Meeting,Meeting involving Kiara Kulkarni,2024-07-24T19:38:17,L0185,C0162,Meeting activity observed in connection with insurance fraud investigation CASE-2026-0162.,nan
EV01435,Financial Activity,Financial Activity involving Vanya Menon,2024-08-18T13:37:16,L0496,C0162,Financial Activity activity observed in connection with insurance fraud investigation CASE-2026-0162.,nan
EV01436,Crime,Crime involving Aditya Malhotra,2024-07-28T08:43:57,L0157,C0163,Crime activity observed in connection with vehicle theft investigation CASE-2026-0163.,nan
EV01437,Transaction,Transaction involving Aditya Malhotra,2024-07-20T23:08:24,L0598,C0163,Transaction activity observed in connection with vehicle theft investigation CASE-2026-0163.,E07326
EV01438,Surveillance,Surveillance involving Trisha Jadhav,2024-04-24T09:18:01,L0598,C0163,Surveillance activity observed in connection with vehicle theft investigation CASE-2026-0163.,nan
EV01439,Surveillance,Surveillance involving Aditya Malhotra,2024-07-26T23:21:01,L0598,C0163,Surveillance activity observed in connection with vehicle theft investigation CASE-2026-0163.,nan
EV01440,Crime,Crime involving Aditya Malhotra,2024-07-11T20:20:26,L0157,C0163,Crime activity observed in connection with vehicle theft investigation CASE-2026-0163.,nan
EV01441,Observation,Observation involving Aarav Chavan,2024-06-26T20:35:56,L0392,C0164,Observation activity observed in connection with simple robbery investigation CASE-2026-0164.,E07328
EV01442,Interview,Interview involving Sameer Iyer,2024-07-07T21:35:44,L0481,C0164,Interview activity observed in connection with simple robbery investigation CASE-2026-0164.,E07329
EV01443,Financial Activity,Financial Activity involving Mahi Reddy,2024-01-08T10:35:02,L0594,C0165,Financial Activity activity observed in connection with organized cybercrime investigation CASE-2026-0165.,nan
EV01444,Cyber Activity,Cyber Activity involving Aditya Thakur,2024-06-27T01:09:51,L0389,C0165,Cyber Activity activity observed in connection with organized cybercrime investigation CASE-2026-0165.,E07348
EV01445,Call,Call involving Ritesh Patil,2024-08-07T03:16:44,L0594,C0165,Call activity observed in connection with organized cybercrime investigation CASE-2026-0165.,nan
EV01446,Arrest,Arrest involving Rahul Bhat,2024-05-26T00:34:52,L0565,C0165,Arrest activity observed in connection with organized cybercrime investigation CASE-2026-0165.,nan
EV01447,Delivery,Delivery involving Aditya Saxena,2024-12-13T07:55:05,L0594,C0165,Delivery activity observed in connection with organized cybercrime investigation CASE-2026-0165.,nan
EV01448,Transaction,Transaction involving Zoya Reddy,2024-03-26T00:59:43,L0306,C0165,Transaction activity observed in connection with organized cybercrime investigation CASE-2026-0165.,nan
EV01449,Interview,Interview involving Aniket Khan,2024-04-12T06:25:09,L0389,C0165,Interview activity observed in connection with organized cybercrime investigation CASE-2026-0165.,nan
EV01450,Vehicle Movement,Vehicle Movement involving Anushka Bansal,2024-02-04T11:48:53,L0213,C0165,Vehicle Movement activity observed in connection with organized cybercrime investigation CASE-2026-0165.,nan
EV01451,Interview,Interview involving Simran Bansal,2024-04-04T02:08:22,L0306,C0165,Interview activity observed in connection with organized cybercrime investigation CASE-2026-0165.,E07349
EV01452,Delivery,Delivery involving Aditi Verma,2024-09-02T12:13:55,L0594,C0165,Delivery activity observed in connection with organized cybercrime investigation CASE-2026-0165.,nan
EV01453,Crime,Crime involving Zoya Kulkarni,2024-03-24T10:11:37,L0389,C0165,Crime activity observed in connection with organized cybercrime investigation CASE-2026-0165.,nan
EV01454,Transaction,Transaction involving Kiara Malhotra,2024-06-12T00:54:39,L0389,C0165,Transaction activity observed in connection with organized cybercrime investigation CASE-2026-0165.,nan
EV01455,Arrest,Arrest involving Kabir Menon,2024-12-12T05:27:14,L0306,C0165,Arrest activity observed in connection with organized cybercrime investigation CASE-2026-0165.,nan
EV01456,Observation,Observation involving Harsh Shetty,2024-12-14T18:19:26,L0306,C0165,Observation activity observed in connection with organized cybercrime investigation CASE-2026-0165.,nan
EV01457,Interview,Interview involving Aditya Thakur,2024-07-10T12:00:06,L0306,C0165,Interview activity observed in connection with organized cybercrime investigation CASE-2026-0165.,E07350
EV01458,Meeting,Meeting involving Aditi Verma,2024-07-15T08:27:03,L0389,C0165,Meeting activity observed in connection with organized cybercrime investigation CASE-2026-0165.,nan
EV01459,Surveillance,Surveillance involving Kunal Mishra,2024-11-19T08:10:35,L0306,C0165,Surveillance activity observed in connection with organized cybercrime investigation CASE-2026-0165.,nan
EV01460,Cyber Activity,Cyber Activity involving Naveen Chavan,2024-10-12T01:13:36,L0306,C0165,Cyber Activity activity observed in connection with organized cybercrime investigation CASE-2026-0165.,nan
EV01461,Delivery,Delivery involving Akash Joshi,2024-02-26T16:47:22,L0306,C0165,Delivery activity observed in connection with organized cybercrime investigation CASE-2026-0165.,E07351
EV01462,Observation,Observation involving Varun Gupta,2024-07-16T20:27:36,L0594,C0165,Observation activity observed in connection with organized cybercrime investigation CASE-2026-0165.,E07352
EV01463,Evidence Collection,Evidence Collection involving Tanvi Kulkarni,2024-09-03T07:47:36,L0565,C0165,Evidence Collection activity observed in connection with organized cybercrime investigation CASE-2026-0165.,nan
EV01464,Observation,Observation involving Meera Bansal,2024-05-20T02:20:58,L0389,C0165,Observation activity observed in connection with organized cybercrime investigation CASE-2026-0165.,nan
EV01465,Observation,Observation involving Rahul Bhat,2024-09-06T17:18:00,L0565,C0165,Observation activity observed in connection with organized cybercrime investigation CASE-2026-0165.,E07353
EV01466,Meeting,Meeting involving Kiara Malhotra,2024-11-08T11:46:57,L0213,C0165,Meeting activity observed in connection with organized cybercrime investigation CASE-2026-0165.,nan
EV01467,Vehicle Movement,Vehicle Movement involving Manav Nair,2024-10-18T03:31:55,L0594,C0165,Vehicle Movement activity observed in connection with organized cybercrime investigation CASE-2026-0165.,nan
EV01468,Crime,Crime involving Ishita Shah,2024-06-16T05:58:04,L0389,C0165,Crime activity observed in connection with organized cybercrime investigation CASE-2026-0165.,E07354
EV01469,Crime,Crime involving Aman Nair,2024-03-15T23:53:51,L0389,C0165,Crime activity observed in connection with organized cybercrime investigation CASE-2026-0165.,nan
EV01470,Interview,Interview involving Dhruv Thakur,2024-07-16T08:38:04,L0428,C0166,Interview activity observed in connection with logistics fraud investigation CASE-2026-0166.,nan
EV01471,Surveillance,Surveillance involving Vikram Verma,2024-03-24T00:47:07,L0428,C0166,Surveillance activity observed in connection with logistics fraud investigation CASE-2026-0166.,nan
EV01472,Arrest,Arrest involving Ishita Joshi,2024-08-30T14:01:45,L0515,C0166,Arrest activity observed in connection with logistics fraud investigation CASE-2026-0166.,nan
EV01473,Surveillance,Surveillance involving Pallavi Ghosh,2024-03-27T22:30:07,L0428,C0166,Surveillance activity observed in connection with logistics fraud investigation CASE-2026-0166.,nan
EV01474,Surveillance,Surveillance involving Neha Reddy,2024-03-30T14:46:52,L0009,C0166,Surveillance activity observed in connection with logistics fraud investigation CASE-2026-0166.,nan
EV01475,Financial Activity,Financial Activity involving Aditya Verma,2024-02-18T16:24:32,L0230,C0166,Financial Activity activity observed in connection with logistics fraud investigation CASE-2026-0166.,E07362
EV01476,Arrest,Arrest involving Rahul Iyer,2024-12-17T23:12:01,L0515,C0166,Arrest activity observed in connection with logistics fraud investigation CASE-2026-0166.,nan
EV01477,Observation,Observation involving Vikram Verma,2024-04-01T00:51:30,L0230,C0166,Observation activity observed in connection with logistics fraud investigation CASE-2026-0166.,nan
EV01478,Financial Activity,Financial Activity involving Anushka Chavan,2024-06-04T11:10:10,L0238,C0166,Financial Activity activity observed in connection with logistics fraud investigation CASE-2026-0166.,nan
EV01479,Arrest,Arrest involving Ishita Joshi,2024-10-26T00:48:29,L0238,C0166,Arrest activity observed in connection with logistics fraud investigation CASE-2026-0166.,nan
EV01480,Financial Activity,Financial Activity involving Aditya Verma,2024-05-19T07:54:44,L0230,C0166,Financial Activity activity observed in connection with logistics fraud investigation CASE-2026-0166.,nan
EV01481,Evidence Collection,Evidence Collection involving Rhea Gupta,2024-11-16T08:31:44,L0009,C0166,Evidence Collection activity observed in connection with logistics fraud investigation CASE-2026-0166.,nan
EV01482,Delivery,Delivery involving Pooja Reddy,2024-08-09T21:12:53,L0428,C0166,Delivery activity observed in connection with logistics fraud investigation CASE-2026-0166.,nan
EV01483,Arrest,Arrest involving Karan Patil,2024-01-13T12:55:35,L0009,C0166,Arrest activity observed in connection with logistics fraud investigation CASE-2026-0166.,E07363
EV01484,Transaction,Transaction involving Karan Patil,2024-07-25T06:36:51,L0230,C0166,Transaction activity observed in connection with logistics fraud investigation CASE-2026-0166.,nan
EV01485,Arrest,Arrest involving Aarav Verma,2024-06-28T04:07:37,L0136,C0167,Arrest activity observed in connection with document fraud investigation CASE-2026-0167.,E07364
EV01486,Surveillance,Surveillance involving Aarav Verma,2024-07-06T08:26:17,L0278,C0167,Surveillance activity observed in connection with document fraud investigation CASE-2026-0167.,E07365
EV01487,Transaction,Transaction involving Pooja Mishra,2024-03-03T01:01:29,L0400,C0168,Transaction activity observed in connection with individual cyber fraud investigation CASE-2026-0168.,nan
EV01488,Arrest,Arrest involving Shreya Das,2024-08-15T06:11:37,L0214,C0168,Arrest activity observed in connection with individual cyber fraud investigation CASE-2026-0168.,nan
EV01489,Arrest,Arrest involving Aditi Mehta,2024-03-17T07:40:36,L0331,C0169,Arrest activity observed in connection with theft investigation CASE-2026-0169.,nan
EV01490,Evidence Collection,Evidence Collection involving Kabir Shah,2024-04-19T01:15:07,L0331,C0169,Evidence Collection activity observed in connection with theft investigation CASE-2026-0169.,nan
EV01491,Evidence Collection,Evidence Collection involving Akash Joshi,2024-08-02T13:02:37,L0013,C0170,Evidence Collection activity observed in connection with theft investigation CASE-2026-0170.,nan
EV01492,Delivery,Delivery involving Mohit Malhotra,2024-08-17T01:45:16,L0381,C0170,Delivery activity observed in connection with theft investigation CASE-2026-0170.,nan
EV01493,Surveillance,Surveillance involving Pooja Das,2024-07-15T19:37:35,L0130,C0170,Surveillance activity observed in connection with theft investigation CASE-2026-0170.,nan
EV01494,Call,Call involving Trisha Pillai,2024-05-10T12:28:08,L0013,C0170,Call activity observed in connection with theft investigation CASE-2026-0170.,E07379
EV01495,Interview,Interview involving Mohit Malhotra,2024-05-16T23:40:01,L0381,C0170,Interview activity observed in connection with theft investigation CASE-2026-0170.,nan
EV01496,Interview,Interview involving Manav Naik,2024-05-15T01:58:24,L0013,C0170,Interview activity observed in connection with theft investigation CASE-2026-0170.,nan
EV01497,Call,Call involving Aanya Kapoor,2024-05-02T21:18:25,L0063,C0171,Call activity observed in connection with payment fraud investigation CASE-2026-0171.,nan
EV01498,Observation,Observation involving Zoya Joshi,2024-08-08T14:48:14,L0182,C0171,Observation activity observed in connection with payment fraud investigation CASE-2026-0171.,nan
EV01499,Cyber Activity,Cyber Activity involving Sneha Sethi,2024-07-18T08:48:17,L0063,C0171,Cyber Activity activity observed in connection with payment fraud investigation CASE-2026-0171.,nan
EV01500,Meeting,Meeting involving Simran Shetty,2024-07-31T01:09:30,L0049,C0171,Meeting activity observed in connection with payment fraud investigation CASE-2026-0171.,nan
EV01501,Vehicle Movement,Vehicle Movement involving Zoya Kapoor,2024-07-31T23:27:52,L0049,C0171,Vehicle Movement activity observed in connection with payment fraud investigation CASE-2026-0171.,nan
EV01502,Surveillance,Surveillance involving Zoya Joshi,2024-09-02T16:58:13,L0049,C0171,Surveillance activity observed in connection with payment fraud investigation CASE-2026-0171.,nan
EV01503,Crime,Crime involving Siddharth Jadhav,2024-07-18T20:42:33,L0306,C0172,Crime activity observed in connection with identity fraud investigation CASE-2026-0172.,nan
EV01504,Interview,Interview involving Naina Jadhav,2024-07-02T15:51:13,L0338,C0172,Interview activity observed in connection with identity fraud investigation CASE-2026-0172.,E07386
EV01505,Transaction,Transaction involving Anushka Mishra,2024-10-19T04:20:06,L0257,C0173,Transaction activity observed in connection with burglary investigation CASE-2026-0173.,nan
EV01506,Call,Call involving Anushka Mishra,2024-07-25T05:21:13,L0203,C0173,Call activity observed in connection with burglary investigation CASE-2026-0173.,nan
EV01507,Interview,Interview involving Varun Sethi,2024-05-26T17:57:42,L0519,C0174,Interview activity observed in connection with organized fraud investigation CASE-2026-0174.,nan
EV01508,Interview,Interview involving Raj Bhat,2024-05-04T22:24:37,L0178,C0174,Interview activity observed in connection with organized fraud investigation CASE-2026-0174.,nan
EV01509,Call,Call involving Raj Bhat,2024-07-07T16:58:26,L0359,C0174,Call activity observed in connection with organized fraud investigation CASE-2026-0174.,nan
EV01510,Transaction,Transaction involving Karan Singh,2024-08-21T18:51:21,L0038,C0174,Transaction activity observed in connection with organized fraud investigation CASE-2026-0174.,nan
EV01511,Observation,Observation involving Nikhil Kapoor,2024-06-29T17:20:08,L0038,C0174,Observation activity observed in connection with organized fraud investigation CASE-2026-0174.,nan
EV01512,Evidence Collection,Evidence Collection involving Avni Mehta,2024-05-12T15:57:41,L0359,C0174,Evidence Collection activity observed in connection with organized fraud investigation CASE-2026-0174.,nan
EV01513,Call,Call involving Raj Bhat,2024-07-03T11:35:25,L0038,C0174,Call activity observed in connection with organized fraud investigation CASE-2026-0174.,nan
EV01514,Financial Activity,Financial Activity involving Vidhi Mehta,2024-07-30T00:48:07,L0038,C0174,Financial Activity activity observed in connection with organized fraud investigation CASE-2026-0174.,nan
EV01515,Cyber Activity,Cyber Activity involving Tanvi Jadhav,2024-05-13T12:25:42,L0018,C0174,Cyber Activity activity observed in connection with organized fraud investigation CASE-2026-0174.,E07391
EV01516,Arrest,Arrest involving Avni Mehta,2024-05-03T05:36:55,L0038,C0174,Arrest activity observed in connection with organized fraud investigation CASE-2026-0174.,nan
EV01517,Crime,Crime involving Naveen Reddy,2024-07-16T10:40:58,L0359,C0174,Crime activity observed in connection with organized fraud investigation CASE-2026-0174.,nan
EV01518,Crime,Crime involving Raj Bhat,2024-07-03T00:15:24,L0359,C0174,Crime activity observed in connection with organized fraud investigation CASE-2026-0174.,nan
EV01519,Transaction,Transaction involving Shreya Shetty,2024-07-09T08:04:12,L0178,C0174,Transaction activity observed in connection with organized fraud investigation CASE-2026-0174.,nan
EV01520,Evidence Collection,Evidence Collection involving Raj Jadhav,2024-05-28T07:17:27,L0038,C0174,Evidence Collection activity observed in connection with organized fraud investigation CASE-2026-0174.,nan
EV01521,Cyber Activity,Cyber Activity involving Raj Bhat,2024-05-30T20:34:39,L0359,C0174,Cyber Activity activity observed in connection with organized fraud investigation CASE-2026-0174.,nan
EV01522,Surveillance,Surveillance involving Vidhi Iyer,2024-08-06T09:12:42,L0424,C0175,Surveillance activity observed in connection with burglary investigation CASE-2026-0175.,nan
EV01523,Crime,Crime involving Arjun Rao,2024-08-18T13:31:07,L0358,C0175,Crime activity observed in connection with burglary investigation CASE-2026-0175.,nan
EV01524,Transaction,Transaction involving Vivek Iyer,2024-08-14T10:16:38,L0358,C0175,Transaction activity observed in connection with burglary investigation CASE-2026-0175.,nan
EV01525,Surveillance,Surveillance involving Arjun Rao,2024-08-05T13:58:20,L0433,C0175,Surveillance activity observed in connection with burglary investigation CASE-2026-0175.,nan
EV01526,Cyber Activity,Cyber Activity involving Harsh Chavan,2024-02-20T00:01:40,L0242,C0176,Cyber Activity activity observed in connection with document fraud investigation CASE-2026-0176.,nan
EV01527,Observation,Observation involving Simran Bansal,2024-05-07T04:44:42,L0299,C0176,Observation activity observed in connection with document fraud investigation CASE-2026-0176.,nan
EV01528,Crime,Crime involving Yamini Das,2024-07-14T02:45:53,L0050,C0177,Crime activity observed in connection with organized cybercrime investigation CASE-2026-0177.,nan
EV01529,Cyber Activity,Cyber Activity involving Yamini Reddy,2024-07-07T19:29:05,L0210,C0177,Cyber Activity activity observed in connection with organized cybercrime investigation CASE-2026-0177.,nan
EV01530,Transaction,Transaction involving Saurabh Gupta,2024-04-29T04:06:22,L0319,C0177,Transaction activity observed in connection with organized cybercrime investigation CASE-2026-0177.,E07416
EV01531,Evidence Collection,Evidence Collection involving Sneha Pillai,2024-05-28T09:25:31,L0047,C0177,Evidence Collection activity observed in connection with organized cybercrime investigation CASE-2026-0177.,E07417
EV01532,Call,Call involving Kunal Menon,2024-06-27T02:28:06,L0210,C0177,Call activity observed in connection with organized cybercrime investigation CASE-2026-0177.,nan
EV01533,Financial Activity,Financial Activity involving Yamini Pillai,2024-08-01T00:37:23,L0599,C0177,Financial Activity activity observed in connection with organized cybercrime investigation CASE-2026-0177.,nan
EV01534,Surveillance,Surveillance involving Trisha Mehta,2024-07-26T16:24:04,L0050,C0177,Surveillance activity observed in connection with organized cybercrime investigation CASE-2026-0177.,E07418
EV01535,Transaction,Transaction involving Mahi Thakur,2024-05-18T12:24:00,L0319,C0177,Transaction activity observed in connection with organized cybercrime investigation CASE-2026-0177.,nan
EV01536,Surveillance,Surveillance involving Manav Joshi,2024-05-31T20:18:51,L0050,C0177,Surveillance activity observed in connection with organized cybercrime investigation CASE-2026-0177.,E07419
EV01537,Evidence Collection,Evidence Collection involving Kiara Thakur,2024-07-01T11:49:57,L0210,C0177,Evidence Collection activity observed in connection with organized cybercrime investigation CASE-2026-0177.,nan
EV01538,Delivery,Delivery involving Kunal Menon,2024-08-21T06:08:38,L0319,C0177,Delivery activity observed in connection with organized cybercrime investigation CASE-2026-0177.,nan
EV01539,Vehicle Movement,Vehicle Movement involving Yamini Das,2024-06-13T18:05:00,L0319,C0177,Vehicle Movement activity observed in connection with organized cybercrime investigation CASE-2026-0177.,nan
EV01540,Surveillance,Surveillance involving Raj Singh,2024-05-30T03:30:28,L0050,C0177,Surveillance activity observed in connection with organized cybercrime investigation CASE-2026-0177.,E07420
EV01541,Meeting,Meeting involving Vivek Shetty,2024-05-26T05:57:17,L0319,C0177,Meeting activity observed in connection with organized cybercrime investigation CASE-2026-0177.,E07421
EV01542,Transaction,Transaction involving Yamini Das,2024-07-01T15:56:07,L0319,C0177,Transaction activity observed in connection with organized cybercrime investigation CASE-2026-0177.,E07422
EV01543,Financial Activity,Financial Activity involving Yamini Reddy,2024-07-05T14:06:36,L0047,C0177,Financial Activity activity observed in connection with organized cybercrime investigation CASE-2026-0177.,E07423
EV01544,Vehicle Movement,Vehicle Movement involving Varun Patil,2024-08-06T15:56:21,L0050,C0177,Vehicle Movement activity observed in connection with organized cybercrime investigation CASE-2026-0177.,nan
EV01545,Delivery,Delivery involving Meera Ghosh,2024-07-22T22:31:13,L0047,C0177,Delivery activity observed in connection with organized cybercrime investigation CASE-2026-0177.,nan
EV01546,Call,Call involving Rohan Joshi,2024-06-19T15:24:35,L0599,C0177,Call activity observed in connection with organized cybercrime investigation CASE-2026-0177.,nan
EV01547,Cyber Activity,Cyber Activity involving Sana Iyer,2024-08-30T11:03:30,L0319,C0177,Cyber Activity activity observed in connection with organized cybercrime investigation CASE-2026-0177.,nan
EV01548,Crime,Crime involving Ishaan Menon,2024-05-14T22:12:42,L0047,C0177,Crime activity observed in connection with organized cybercrime investigation CASE-2026-0177.,E07424
EV01549,Meeting,Meeting involving Karan Das,2024-05-23T01:42:29,L0050,C0177,Meeting activity observed in connection with organized cybercrime investigation CASE-2026-0177.,E07425
EV01550,Vehicle Movement,Vehicle Movement involving Vivek Mishra,2024-05-10T02:17:22,L0599,C0177,Vehicle Movement activity observed in connection with organized cybercrime investigation CASE-2026-0177.,nan
EV01551,Vehicle Movement,Vehicle Movement involving Anushka Kapoor,2024-06-03T13:49:40,L0210,C0177,Vehicle Movement activity observed in connection with organized cybercrime investigation CASE-2026-0177.,nan
EV01552,Delivery,Delivery involving Pooja Mehta,2024-08-15T16:55:59,L0599,C0177,Delivery activity observed in connection with organized cybercrime investigation CASE-2026-0177.,nan
EV01553,Transaction,Transaction involving Varun Sethi,2024-05-06T22:54:37,L0319,C0177,Transaction activity observed in connection with organized cybercrime investigation CASE-2026-0177.,nan
EV01554,Arrest,Arrest involving Vanya Khan,2024-07-18T20:21:15,L0047,C0177,Arrest activity observed in connection with organized cybercrime investigation CASE-2026-0177.,nan
EV01555,Cyber Activity,Cyber Activity involving Pooja Verma,2024-06-28T14:22:58,L0050,C0177,Cyber Activity activity observed in connection with organized cybercrime investigation CASE-2026-0177.,E07426
EV01556,Cyber Activity,Cyber Activity involving Yamini Pillai,2024-05-18T13:59:04,L0599,C0177,Cyber Activity activity observed in connection with organized cybercrime investigation CASE-2026-0177.,nan
EV01557,Arrest,Arrest involving Rhea Saxena,2024-06-23T21:13:11,L0050,C0177,Arrest activity observed in connection with organized cybercrime investigation CASE-2026-0177.,E07427
EV01558,Vehicle Movement,Vehicle Movement involving Isha Kulkarni,2024-07-12T18:45:46,L0058,C0178,Vehicle Movement activity observed in connection with simple robbery investigation CASE-2026-0178.,nan
EV01559,Transaction,Transaction involving Aditi Joshi,2024-06-05T15:27:47,L0058,C0178,Transaction activity observed in connection with simple robbery investigation CASE-2026-0178.,nan
EV01560,Arrest,Arrest involving Raj Nair,2024-06-07T05:34:52,L0397,C0178,Arrest activity observed in connection with simple robbery investigation CASE-2026-0178.,E07438
EV01561,Cyber Activity,Cyber Activity involving Mohit Mishra,2024-07-21T06:48:45,L0295,C0178,Cyber Activity activity observed in connection with simple robbery investigation CASE-2026-0178.,nan
EV01562,Evidence Collection,Evidence Collection involving Manav Menon,2024-06-21T14:06:56,L0557,C0179,Evidence Collection activity observed in connection with unauthorized access investigation CASE-2026-0179.,nan
EV01563,Arrest,Arrest involving Vivek Reddy,2024-07-01T14:44:35,L0557,C0179,Arrest activity observed in connection with unauthorized access investigation CASE-2026-0179.,nan
EV01564,Evidence Collection,Evidence Collection involving Aditya Gupta,2024-07-24T16:29:58,L0557,C0179,Evidence Collection activity observed in connection with unauthorized access investigation CASE-2026-0179.,nan
EV01565,Cyber Activity,Cyber Activity involving Aditi Singh,2024-06-01T21:44:55,L0254,C0180,Cyber Activity activity observed in connection with individual cyber fraud investigation CASE-2026-0180.,nan
EV01566,Surveillance,Surveillance involving Aditi Singh,2024-07-18T02:56:49,L0546,C0180,Surveillance activity observed in connection with individual cyber fraud investigation CASE-2026-0180.,nan
EV01567,Financial Activity,Financial Activity involving Ishaan Chavan,2024-10-06T09:53:43,L0490,C0180,Financial Activity activity observed in connection with individual cyber fraud investigation CASE-2026-0180.,nan
EV01568,Transaction,Transaction involving Siddharth Singh,2024-08-03T22:39:21,L0243,C0181,Transaction activity observed in connection with major organized crime investigation CASE-2026-0181.,E07450
EV01569,Meeting,Meeting involving Akash Kapoor,2024-05-26T10:38:23,L0361,C0181,Meeting activity observed in connection with major organized crime investigation CASE-2026-0181.,nan
EV01570,Vehicle Movement,Vehicle Movement involving Ritesh Chavan,2024-11-30T15:58:36,L0157,C0181,Vehicle Movement activity observed in connection with major organized crime investigation CASE-2026-0181.,nan
EV01571,Interview,Interview involving Kiara Reddy,2024-12-20T20:55:48,L0361,C0181,Interview activity observed in connection with major organized crime investigation CASE-2026-0181.,E07451
EV01572,Evidence Collection,Evidence Collection involving Aman Mishra,2024-06-20T17:14:25,L0243,C0181,Evidence Collection activity observed in connection with major organized crime investigation CASE-2026-0181.,nan
EV01573,Surveillance,Surveillance involving Tanvi Jadhav,2024-06-14T10:20:35,L0361,C0181,Surveillance activity observed in connection with major organized crime investigation CASE-2026-0181.,nan
EV01574,Crime,Crime involving Pranav Saxena,2024-03-24T04:52:21,L0361,C0181,Crime activity observed in connection with major organized crime investigation CASE-2026-0181.,nan
EV01575,Delivery,Delivery involving Karan Nair,2024-07-09T00:44:51,L0157,C0181,Delivery activity observed in connection with major organized crime investigation CASE-2026-0181.,E07452
EV01576,Call,Call involving Tanvi Kulkarni,2024-02-03T10:21:18,L0468,C0181,Call activity observed in connection with major organized crime investigation CASE-2026-0181.,E07453
EV01577,Evidence Collection,Evidence Collection involving Saurabh Shah,2024-12-30T21:25:37,L0243,C0181,Evidence Collection activity observed in connection with major organized crime investigation CASE-2026-0181.,nan
EV01578,Delivery,Delivery involving Kiara Jadhav,2024-04-15T01:10:50,L0380,C0181,Delivery activity observed in connection with major organized crime investigation CASE-2026-0181.,E07454
EV01579,Transaction,Transaction involving Mohit Sethi,2024-08-31T14:26:34,L0380,C0181,Transaction activity observed in connection with major organized crime investigation CASE-2026-0181.,nan
EV01580,Delivery,Delivery involving Shreya Verma,2024-04-15T22:50:13,L0468,C0181,Delivery activity observed in connection with major organized crime investigation CASE-2026-0181.,nan
EV01581,Interview,Interview involving Aditi Naik,2024-05-25T12:53:56,L0380,C0181,Interview activity observed in connection with major organized crime investigation CASE-2026-0181.,nan
EV01582,Observation,Observation involving Trisha Jadhav,2024-04-25T19:28:40,L0480,C0182,Observation activity observed in connection with minor fraud investigation CASE-2026-0182.,nan
EV01583,Delivery,Delivery involving Aditi Saxena,2024-07-27T01:26:01,L0236,C0182,Delivery activity observed in connection with minor fraud investigation CASE-2026-0182.,E07455
EV01584,Crime,Crime involving Aarav Das,2024-05-26T16:20:41,L0261,C0183,Crime activity observed in connection with vehicle theft network investigation CASE-2026-0183.,E07464
EV01585,Surveillance,Surveillance involving Aditya Malhotra,2024-11-05T03:18:20,L0521,C0183,Surveillance activity observed in connection with vehicle theft network investigation CASE-2026-0183.,E07465
EV01586,Crime,Crime involving Yamini Malhotra,2024-12-24T19:19:37,L0249,C0183,Crime activity observed in connection with vehicle theft network investigation CASE-2026-0183.,E07466
EV01587,Interview,Interview involving Karan Malhotra,2024-08-11T06:07:48,L0249,C0183,Interview activity observed in connection with vehicle theft network investigation CASE-2026-0183.,nan
EV01588,Cyber Activity,Cyber Activity involving Simran Khan,2024-01-12T12:40:16,L0521,C0183,Cyber Activity activity observed in connection with vehicle theft network investigation CASE-2026-0183.,E07467
EV01589,Cyber Activity,Cyber Activity involving Aditya Malhotra,2024-02-28T08:50:13,L0394,C0183,Cyber Activity activity observed in connection with vehicle theft network investigation CASE-2026-0183.,nan
EV01590,Crime,Crime involving Zoya Naik,2024-07-05T15:27:11,L0561,C0183,Crime activity observed in connection with vehicle theft network investigation CASE-2026-0183.,nan
EV01591,Surveillance,Surveillance involving Manav Mehta,2024-03-30T21:51:03,L0261,C0183,Surveillance activity observed in connection with vehicle theft network investigation CASE-2026-0183.,nan
EV01592,Evidence Collection,Evidence Collection involving Isha Chavan,2024-05-14T08:41:53,L0261,C0183,Evidence Collection activity observed in connection with vehicle theft network investigation CASE-2026-0183.,nan
EV01593,Meeting,Meeting involving Aanya Chavan,2024-01-07T10:10:51,L0521,C0183,Meeting activity observed in connection with vehicle theft network investigation CASE-2026-0183.,nan
EV01594,Call,Call involving Ishaan Shah,2024-02-04T00:14:21,L0394,C0183,Call activity observed in connection with vehicle theft network investigation CASE-2026-0183.,nan
EV01595,Observation,Observation involving Zoya Naik,2024-03-30T19:49:19,L0249,C0183,Observation activity observed in connection with vehicle theft network investigation CASE-2026-0183.,nan
EV01596,Crime,Crime involving Kunal Naik,2024-04-16T00:15:21,L0521,C0183,Crime activity observed in connection with vehicle theft network investigation CASE-2026-0183.,nan
EV01597,Surveillance,Surveillance involving Diya Mishra,2024-12-04T22:05:49,L0249,C0183,Surveillance activity observed in connection with vehicle theft network investigation CASE-2026-0183.,E07468
EV01598,Vehicle Movement,Vehicle Movement involving Naina Das,2024-06-16T21:11:06,L0473,C0184,Vehicle Movement activity observed in connection with payment fraud investigation CASE-2026-0184.,nan
EV01599,Observation,Observation involving Aditi Rao,2024-07-02T06:46:43,L0520,C0184,Observation activity observed in connection with payment fraud investigation CASE-2026-0184.,E07469
EV01600,Surveillance,Surveillance involving Anushka Kulkarni,2025-07-23T16:59:07,L0201,C0185,Surveillance activity observed in connection with organized fraud investigation CASE-2026-0185.,nan
EV01601,Cyber Activity,Cyber Activity involving Aanya Kapoor,2025-08-24T10:52:34,L0473,C0185,Cyber Activity activity observed in connection with organized fraud investigation CASE-2026-0185.,nan
EV01602,Vehicle Movement,Vehicle Movement involving Arjun Rao,2025-08-17T22:45:07,L0446,C0185,Vehicle Movement activity observed in connection with organized fraud investigation CASE-2026-0185.,nan
EV01603,Crime,Crime involving Saurabh Shetty,2025-08-19T02:01:25,L0473,C0185,Crime activity observed in connection with organized fraud investigation CASE-2026-0185.,nan
EV01604,Meeting,Meeting involving Ananya Khan,2025-07-18T18:12:55,L0553,C0185,Meeting activity observed in connection with organized fraud investigation CASE-2026-0185.,E07476
EV01605,Crime,Crime involving Aanya Kapoor,2025-08-20T08:00:13,L0553,C0185,Crime activity observed in connection with organized fraud investigation CASE-2026-0185.,nan
EV01606,Cyber Activity,Cyber Activity involving Aniket Shetty,2025-07-23T20:50:35,L0509,C0185,Cyber Activity activity observed in connection with organized fraud investigation CASE-2026-0185.,nan
EV01607,Delivery,Delivery involving Nisha Patil,2025-08-04T18:14:29,L0201,C0185,Delivery activity observed in connection with organized fraud investigation CASE-2026-0185.,E07477
EV01608,Crime,Crime involving Aditya Nair,2025-08-04T00:02:42,L0201,C0185,Crime activity observed in connection with organized fraud investigation CASE-2026-0185.,nan
EV01609,Transaction,Transaction involving Shreya Nair,2025-08-27T10:40:19,L0553,C0185,Transaction activity observed in connection with organized fraud investigation CASE-2026-0185.,nan
EV01610,Delivery,Delivery involving Aditya Nair,2025-07-25T10:35:20,L0473,C0185,Delivery activity observed in connection with organized fraud investigation CASE-2026-0185.,nan
EV01611,Crime,Crime involving Trisha Ghosh,2025-08-07T14:11:41,L0509,C0185,Crime activity observed in connection with organized fraud investigation CASE-2026-0185.,E07478
EV01612,Transaction,Transaction involving Naina Sethi,2025-02-10T07:34:06,L0086,C0186,Transaction activity observed in connection with assault investigation CASE-2026-0186.,E07482
EV01613,Cyber Activity,Cyber Activity involving Dev Khan,2025-02-21T05:35:13,L0058,C0186,Cyber Activity activity observed in connection with assault investigation CASE-2026-0186.,nan
EV01614,Crime,Crime involving Zoya Kapoor,2025-05-03T09:58:25,L0036,C0187,Crime activity observed in connection with burglary investigation CASE-2026-0187.,nan
EV01615,Cyber Activity,Cyber Activity involving Tara Chavan,2025-12-19T23:37:32,L0069,C0187,Cyber Activity activity observed in connection with burglary investigation CASE-2026-0187.,nan
EV01616,Vehicle Movement,Vehicle Movement involving Vidhi Chavan,2025-07-05T00:01:06,L0043,C0187,Vehicle Movement activity observed in connection with burglary investigation CASE-2026-0187.,E07487
EV01617,Crime,Crime involving Simran Khan,2025-02-14T17:03:01,L0184,C0187,Crime activity observed in connection with burglary investigation CASE-2026-0187.,nan
EV01618,Vehicle Movement,Vehicle Movement involving Simran Khan,2025-09-21T15:52:26,L0419,C0187,Vehicle Movement activity observed in connection with burglary investigation CASE-2026-0187.,nan
EV01619,Observation,Observation involving Naveen Chavan,2025-06-23T00:34:26,L0027,C0188,Observation activity observed in connection with property fraud investigation CASE-2026-0188.,nan
EV01620,Delivery,Delivery involving Arnav Thakur,2025-11-16T06:49:06,L0235,C0188,Delivery activity observed in connection with property fraud investigation CASE-2026-0188.,nan
EV01621,Delivery,Delivery involving Mohit Sethi,2025-06-04T09:17:42,L0382,C0188,Delivery activity observed in connection with property fraud investigation CASE-2026-0188.,E07496
EV01622,Call,Call involving Diya Shah,2025-09-17T00:04:06,L0133,C0188,Call activity observed in connection with property fraud investigation CASE-2026-0188.,nan
EV01623,Call,Call involving Siddharth Reddy,2025-09-30T00:42:15,L0095,C0188,Call activity observed in connection with property fraud investigation CASE-2026-0188.,nan
EV01624,Financial Activity,Financial Activity involving Mohit Sethi,2025-10-07T08:06:50,L0133,C0188,Financial Activity activity observed in connection with property fraud investigation CASE-2026-0188.,nan
EV01625,Evidence Collection,Evidence Collection involving Arnav Thakur,2025-04-25T09:44:33,L0027,C0188,Evidence Collection activity observed in connection with property fraud investigation CASE-2026-0188.,nan
EV01626,Evidence Collection,Evidence Collection involving Rohan Chavan,2025-06-08T19:16:38,L0354,C0189,Evidence Collection activity observed in connection with money laundering investigation investigation CASE-2026-0189.,nan
EV01627,Surveillance,Surveillance involving Anushka Desai,2025-03-11T16:24:30,L0339,C0189,Surveillance activity observed in connection with money laundering investigation investigation CASE-2026-0189.,nan
EV01628,Observation,Observation involving Tanvi Malhotra,2025-08-13T19:39:06,L0288,C0189,Observation activity observed in connection with money laundering investigation investigation CASE-2026-0189.,nan
EV01629,Cyber Activity,Cyber Activity involving Simran Das,2025-03-23T22:51:13,L0354,C0189,Cyber Activity activity observed in connection with money laundering investigation investigation CASE-2026-0189.,nan
EV01630,Meeting,Meeting involving Ananya Das,2025-02-13T16:11:50,L0288,C0189,Meeting activity observed in connection with money laundering investigation investigation CASE-2026-0189.,nan
EV01631,Interview,Interview involving Vidhi Chavan,2025-07-16T21:54:16,L0339,C0189,Interview activity observed in connection with money laundering investigation investigation CASE-2026-0189.,E07506
EV01632,Financial Activity,Financial Activity involving Rohan Joshi,2025-12-26T17:19:03,L0145,C0189,Financial Activity activity observed in connection with money laundering investigation investigation CASE-2026-0189.,nan
EV01633,Transaction,Transaction involving Rhea Gupta,2025-08-27T09:50:49,L0145,C0189,Transaction activity observed in connection with money laundering investigation investigation CASE-2026-0189.,nan
EV01634,Observation,Observation involving Pranav Ghosh,2025-08-18T15:02:00,L0339,C0189,Observation activity observed in connection with money laundering investigation investigation CASE-2026-0189.,E07507
EV01635,Evidence Collection,Evidence Collection involving Simran Das,2025-05-18T00:52:25,L0339,C0189,Evidence Collection activity observed in connection with money laundering investigation investigation CASE-2026-0189.,E07508
EV01636,Arrest,Arrest involving Yash Mehta,2025-04-22T16:53:52,L0163,C0190,Arrest activity observed in connection with unauthorized access investigation CASE-2026-0190.,nan
EV01637,Observation,Observation involving Saurabh Mehta,2025-06-13T02:17:18,L0258,C0190,Observation activity observed in connection with unauthorized access investigation CASE-2026-0190.,E07509
EV01638,Surveillance,Surveillance involving Karan Thakur,2025-01-31T05:57:48,L0225,C0191,Surveillance activity observed in connection with assault investigation CASE-2026-0191.,nan
EV01639,Surveillance,Surveillance involving Siddharth Desai,2025-07-30T10:18:07,L0229,C0191,Surveillance activity observed in connection with assault investigation CASE-2026-0191.,nan
EV01640,Crime,Crime involving Siddharth Desai,2025-08-25T02:37:59,L0485,C0191,Crime activity observed in connection with assault investigation CASE-2026-0191.,nan
EV01641,Observation,Observation involving Karan Thakur,2025-02-18T01:38:16,L0225,C0191,Observation activity observed in connection with assault investigation CASE-2026-0191.,nan
EV01642,Surveillance,Surveillance involving Arjun Chavan,2025-12-21T04:07:52,L0566,C0191,Surveillance activity observed in connection with assault investigation CASE-2026-0191.,E07510
EV01643,Meeting,Meeting involving Ishita Khan,2025-07-16T09:49:01,L0483,C0192,Meeting activity observed in connection with organized cybercrime investigation CASE-2026-0192.,nan
EV01644,Evidence Collection,Evidence Collection involving Yash Das,2025-06-01T23:38:22,L0211,C0192,Evidence Collection activity observed in connection with organized cybercrime investigation CASE-2026-0192.,nan
EV01645,Evidence Collection,Evidence Collection involving Isha Nair,2025-06-01T14:52:54,L0452,C0192,Evidence Collection activity observed in connection with organized cybercrime investigation CASE-2026-0192.,nan
EV01646,Vehicle Movement,Vehicle Movement involving Tara Jadhav,2025-07-20T00:59:35,L0455,C0192,Vehicle Movement activity observed in connection with organized cybercrime investigation CASE-2026-0192.,nan
EV01647,Cyber Activity,Cyber Activity involving Neha Pillai,2025-06-17T19:31:40,L0211,C0192,Cyber Activity activity observed in connection with organized cybercrime investigation CASE-2026-0192.,E07523
EV01648,Call,Call involving Yash Das,2025-07-13T01:51:06,L0452,C0192,Call activity observed in connection with organized cybercrime investigation CASE-2026-0192.,E07524
EV01649,Interview,Interview involving Ishita Khan,2025-06-02T05:39:26,L0046,C0192,Interview activity observed in connection with organized cybercrime investigation CASE-2026-0192.,nan
EV01650,Call,Call involving Raj Patil,2025-08-28T20:22:08,L0046,C0192,Call activity observed in connection with organized cybercrime investigation CASE-2026-0192.,E07525
EV01651,Interview,Interview involving Yash Das,2025-08-16T20:00:11,L0483,C0192,Interview activity observed in connection with organized cybercrime investigation CASE-2026-0192.,nan
EV01652,Vehicle Movement,Vehicle Movement involving Varun Ghosh,2025-08-22T12:39:25,L0452,C0192,Vehicle Movement activity observed in connection with organized cybercrime investigation CASE-2026-0192.,nan
EV01653,Delivery,Delivery involving Avni Singh,2025-08-16T20:11:24,L0046,C0192,Delivery activity observed in connection with organized cybercrime investigation CASE-2026-0192.,nan
EV01654,Interview,Interview involving Neha Pillai,2025-08-31T09:33:30,L0046,C0192,Interview activity observed in connection with organized cybercrime investigation CASE-2026-0192.,nan
EV01655,Interview,Interview involving Naina Sethi,2025-08-05T17:26:48,L0452,C0192,Interview activity observed in connection with organized cybercrime investigation CASE-2026-0192.,E07526
EV01656,Evidence Collection,Evidence Collection involving Manav Thakur,2025-07-22T12:28:59,L0214,C0193,Evidence Collection activity observed in connection with organized fraud investigation CASE-2026-0193.,nan
EV01657,Transaction,Transaction involving Ritesh Nair,2025-08-10T02:36:17,L0214,C0193,Transaction activity observed in connection with organized fraud investigation CASE-2026-0193.,nan
EV01658,Arrest,Arrest involving Nisha Desai,2025-07-20T20:48:04,L0416,C0193,Arrest activity observed in connection with organized fraud investigation CASE-2026-0193.,nan
EV01659,Cyber Activity,Cyber Activity involving Mahi Menon,2025-06-11T07:33:53,L0102,C0193,Cyber Activity activity observed in connection with organized fraud investigation CASE-2026-0193.,nan
EV01660,Vehicle Movement,Vehicle Movement involving Aanya Mishra,2025-08-10T02:06:45,L0214,C0193,Vehicle Movement activity observed in connection with organized fraud investigation CASE-2026-0193.,nan
EV01661,Arrest,Arrest involving Karan Shetty,2025-07-02T06:04:09,L0214,C0193,Arrest activity observed in connection with organized fraud investigation CASE-2026-0193.,nan
EV01662,Interview,Interview involving Ishaan Bansal,2025-07-01T12:18:39,L0102,C0193,Interview activity observed in connection with organized fraud investigation CASE-2026-0193.,nan
EV01663,Vehicle Movement,Vehicle Movement involving Aditya Shetty,2025-07-03T14:59:17,L0400,C0193,Vehicle Movement activity observed in connection with organized fraud investigation CASE-2026-0193.,nan
EV01664,Evidence Collection,Evidence Collection involving Harsh Thakur,2025-05-20T00:11:36,L0102,C0193,Evidence Collection activity observed in connection with organized fraud investigation CASE-2026-0193.,nan
EV01665,Meeting,Meeting involving Aanya Mishra,2025-07-31T15:14:13,L0102,C0193,Meeting activity observed in connection with organized fraud investigation CASE-2026-0193.,E07537
EV01666,Transaction,Transaction involving Sana Bhat,2025-07-09T17:34:03,L0400,C0193,Transaction activity observed in connection with organized fraud investigation CASE-2026-0193.,E07538
EV01667,Call,Call involving Arjun Saxena,2025-06-25T22:01:28,L0102,C0193,Call activity observed in connection with organized fraud investigation CASE-2026-0193.,nan
EV01668,Cyber Activity,Cyber Activity involving Rahul Iyer,2025-08-28T04:59:47,L0214,C0193,Cyber Activity activity observed in connection with organized fraud investigation CASE-2026-0193.,E07539
EV01669,Observation,Observation involving Naina Reddy,2025-05-11T22:50:45,L0102,C0193,Observation activity observed in connection with organized fraud investigation CASE-2026-0193.,nan
EV01670,Arrest,Arrest involving Akash Bansal,2025-11-10T10:50:38,L0110,C0194,Arrest activity observed in connection with unauthorized access investigation CASE-2026-0194.,nan
EV01671,Call,Call involving Tara Bansal,2025-02-08T08:13:55,L0353,C0194,Call activity observed in connection with unauthorized access investigation CASE-2026-0194.,nan
EV01672,Observation,Observation involving Mahi Joshi,2025-08-14T23:41:54,L0023,C0195,Observation activity observed in connection with identity fraud investigation CASE-2026-0195.,nan
EV01673,Crime,Crime involving Aditi Saxena,2025-08-04T07:28:25,L0519,C0195,Crime activity observed in connection with identity fraud investigation CASE-2026-0195.,nan
EV01674,Delivery,Delivery involving Arnav Das,2025-06-24T01:53:22,L0167,C0196,Delivery activity observed in connection with major organized crime investigation CASE-2026-0196.,nan
EV01675,Cyber Activity,Cyber Activity involving Siddharth Malhotra,2025-06-09T23:54:02,L0037,C0196,Cyber Activity activity observed in connection with major organized crime investigation CASE-2026-0196.,nan
EV01676,Interview,Interview involving Aman Thakur,2025-06-04T19:12:38,L0037,C0196,Interview activity observed in connection with major organized crime investigation CASE-2026-0196.,nan
EV01677,Vehicle Movement,Vehicle Movement involving Vivek Menon,2025-08-14T03:41:24,L0167,C0196,Vehicle Movement activity observed in connection with major organized crime investigation CASE-2026-0196.,nan
EV01678,Interview,Interview involving Ishaan Kulkarni,2025-07-23T22:02:00,L0167,C0196,Interview activity observed in connection with major organized crime investigation CASE-2026-0196.,E07560
EV01679,Financial Activity,Financial Activity involving Aditi Kapoor,2025-08-03T04:14:47,L0167,C0196,Financial Activity activity observed in connection with major organized crime investigation CASE-2026-0196.,nan
EV01680,Surveillance,Surveillance involving Kavya Das,2025-07-01T03:57:21,L0298,C0196,Surveillance activity observed in connection with major organized crime investigation CASE-2026-0196.,nan
EV01681,Financial Activity,Financial Activity involving Neha Saxena,2025-05-31T13:40:56,L0037,C0196,Financial Activity activity observed in connection with major organized crime investigation CASE-2026-0196.,nan
EV01682,Vehicle Movement,Vehicle Movement involving Vivek Singh,2025-08-25T22:00:56,L0167,C0196,Vehicle Movement activity observed in connection with major organized crime investigation CASE-2026-0196.,nan
EV01683,Delivery,Delivery involving Siddharth Malhotra,2025-07-30T00:40:52,L0167,C0196,Delivery activity observed in connection with major organized crime investigation CASE-2026-0196.,nan
EV01684,Observation,Observation involving Vivek Singh,2025-06-23T00:35:23,L0048,C0196,Observation activity observed in connection with major organized crime investigation CASE-2026-0196.,nan
EV01685,Vehicle Movement,Vehicle Movement involving Nikhil Joshi,2025-07-30T17:23:38,L0167,C0196,Vehicle Movement activity observed in connection with major organized crime investigation CASE-2026-0196.,nan
EV01686,Surveillance,Surveillance involving Diya Verma,2025-06-06T15:49:36,L0585,C0196,Surveillance activity observed in connection with major organized crime investigation CASE-2026-0196.,E07561
EV01687,Arrest,Arrest involving Aman Thakur,2025-08-21T17:42:00,L0167,C0196,Arrest activity observed in connection with major organized crime investigation CASE-2026-0196.,E07562
EV01688,Interview,Interview involving Arnav Shetty,2025-07-18T06:40:36,L0298,C0196,Interview activity observed in connection with major organized crime investigation CASE-2026-0196.,E07563
EV01689,Surveillance,Surveillance involving Aman Thakur,2025-07-16T23:17:26,L0167,C0196,Surveillance activity observed in connection with major organized crime investigation CASE-2026-0196.,E07564
EV01690,Observation,Observation involving Kavya Das,2025-06-08T20:49:22,L0037,C0196,Observation activity observed in connection with major organized crime investigation CASE-2026-0196.,nan
EV01691,Observation,Observation involving Aman Thakur,2025-08-10T03:06:26,L0048,C0196,Observation activity observed in connection with major organized crime investigation CASE-2026-0196.,E07565
EV01692,Interview,Interview involving Pranav Thakur,2025-08-17T05:04:30,L0167,C0196,Interview activity observed in connection with major organized crime investigation CASE-2026-0196.,E07566
EV01693,Arrest,Arrest involving Vivek Singh,2025-07-06T15:50:56,L0298,C0196,Arrest activity observed in connection with major organized crime investigation CASE-2026-0196.,nan
EV01694,Crime,Crime involving Neha Kapoor,2025-06-03T06:37:13,L0048,C0196,Crime activity observed in connection with major organized crime investigation CASE-2026-0196.,nan
EV01695,Meeting,Meeting involving Isha Das,2025-07-06T20:55:58,L0585,C0196,Meeting activity observed in connection with major organized crime investigation CASE-2026-0196.,E07567
EV01696,Call,Call involving Vivek Menon,2025-08-07T23:36:27,L0048,C0196,Call activity observed in connection with major organized crime investigation CASE-2026-0196.,nan
EV01697,Delivery,Delivery involving Aditi Kapoor,2025-06-12T19:43:08,L0585,C0196,Delivery activity observed in connection with major organized crime investigation CASE-2026-0196.,nan
EV01698,Delivery,Delivery involving Mahi Pillai,2025-07-30T19:11:07,L0167,C0196,Delivery activity observed in connection with major organized crime investigation CASE-2026-0196.,E07568
EV01699,Interview,Interview involving Vanya Joshi,2025-11-05T07:21:21,L0243,C0197,Interview activity observed in connection with corporate fraud investigation CASE-2026-0197.,E07577
EV01700,Financial Activity,Financial Activity involving Pranav Das,2025-05-24T01:47:48,L0361,C0197,Financial Activity activity observed in connection with corporate fraud investigation CASE-2026-0197.,nan
EV01701,Interview,Interview involving Kavya Jadhav,2025-01-03T03:46:03,L0243,C0197,Interview activity observed in connection with corporate fraud investigation CASE-2026-0197.,nan
EV01702,Arrest,Arrest involving Kavya Jadhav,2025-10-30T05:50:45,L0243,C0197,Arrest activity observed in connection with corporate fraud investigation CASE-2026-0197.,nan
EV01703,Crime,Crime involving Vidhi Desai,2025-07-24T17:38:54,L0243,C0197,Crime activity observed in connection with corporate fraud investigation CASE-2026-0197.,nan
EV01704,Evidence Collection,Evidence Collection involving Avni Khan,2025-03-07T20:15:45,L0243,C0197,Evidence Collection activity observed in connection with corporate fraud investigation CASE-2026-0197.,nan
EV01705,Transaction,Transaction involving Diya Reddy,2025-01-10T06:21:14,L0089,C0197,Transaction activity observed in connection with corporate fraud investigation CASE-2026-0197.,nan
EV01706,Call,Call involving Rhea Patil,2025-02-14T18:04:24,L0361,C0197,Call activity observed in connection with corporate fraud investigation CASE-2026-0197.,nan
EV01707,Evidence Collection,Evidence Collection involving Kunal Rao,2025-07-09T06:54:16,L0176,C0198,Evidence Collection activity observed in connection with assault investigation CASE-2026-0198.,nan
EV01708,Transaction,Transaction involving Kunal Rao,2025-12-29T22:14:07,L0442,C0198,Transaction activity observed in connection with assault investigation CASE-2026-0198.,nan
EV01709,Delivery,Delivery involving Vivek Menon,2025-02-27T01:50:04,L0176,C0198,Delivery activity observed in connection with assault investigation CASE-2026-0198.,nan
EV01710,Financial Activity,Financial Activity involving Mohit Verma,2025-05-06T06:10:04,L0051,C0198,Financial Activity activity observed in connection with assault investigation CASE-2026-0198.,E07587
EV01711,Surveillance,Surveillance involving Diya Joshi,2025-01-30T02:02:56,L0176,C0198,Surveillance activity observed in connection with assault investigation CASE-2026-0198.,nan
EV01712,Observation,Observation involving Kunal Rao,2025-02-07T19:00:12,L0051,C0198,Observation activity observed in connection with assault investigation CASE-2026-0198.,nan
EV01713,Vehicle Movement,Vehicle Movement involving Dev Singh,2025-11-27T21:08:40,L0281,C0199,Vehicle Movement activity observed in connection with banking fraud investigation CASE-2026-0199.,E07591
EV01714,Vehicle Movement,Vehicle Movement involving Dev Singh,2025-10-22T18:47:32,L0129,C0199,Vehicle Movement activity observed in connection with banking fraud investigation CASE-2026-0199.,nan
EV01715,Meeting,Meeting involving Naveen Menon,2025-12-24T08:47:59,L0600,C0199,Meeting activity observed in connection with banking fraud investigation CASE-2026-0199.,E07592
EV01716,Cyber Activity,Cyber Activity involving Ishita Shah,2025-07-12T05:24:07,L0006,C0200,Cyber Activity activity observed in connection with payment fraud investigation CASE-2026-0200.,nan
EV01717,Interview,Interview involving Yamini Nair,2025-06-24T07:16:17,L0210,C0200,Interview activity observed in connection with payment fraud investigation CASE-2026-0200.,E07598
EV01718,Arrest,Arrest involving Ishita Shah,2025-08-01T04:42:01,L0006,C0200,Arrest activity observed in connection with payment fraud investigation CASE-2026-0200.,nan
EV01719,Transaction,Transaction involving Naina Khan,2025-06-28T19:43:10,L0277,C0201,Transaction activity observed in connection with vehicle theft network investigation CASE-2026-0201.,nan
EV01720,Delivery,Delivery involving Aarav Verma,2025-04-02T21:30:10,L0588,C0201,Delivery activity observed in connection with vehicle theft network investigation CASE-2026-0201.,nan
EV01721,Transaction,Transaction involving Isha Das,2025-06-29T19:10:04,L0588,C0201,Transaction activity observed in connection with vehicle theft network investigation CASE-2026-0201.,nan
EV01722,Surveillance,Surveillance involving Simran Shetty,2025-08-03T05:08:08,L0523,C0201,Surveillance activity observed in connection with vehicle theft network investigation CASE-2026-0201.,nan
EV01723,Crime,Crime involving Aarav Verma,2025-08-24T11:20:15,L0588,C0201,Crime activity observed in connection with vehicle theft network investigation CASE-2026-0201.,E07610
EV01724,Arrest,Arrest involving Nisha Shah,2025-11-09T03:21:26,L0148,C0201,Arrest activity observed in connection with vehicle theft network investigation CASE-2026-0201.,nan
EV01725,Delivery,Delivery involving Trisha Bansal,2025-08-06T08:05:36,L0148,C0201,Delivery activity observed in connection with vehicle theft network investigation CASE-2026-0201.,nan
EV01726,Financial Activity,Financial Activity involving Mahi Singh,2025-12-17T22:19:37,L0523,C0201,Financial Activity activity observed in connection with vehicle theft network investigation CASE-2026-0201.,nan
EV01727,Evidence Collection,Evidence Collection involving Naina Khan,2025-09-04T05:58:14,L0588,C0201,Evidence Collection activity observed in connection with vehicle theft network investigation CASE-2026-0201.,E07611
EV01728,Interview,Interview involving Diya Bansal,2025-01-23T08:03:17,L0075,C0202,Interview activity observed in connection with procurement fraud investigation CASE-2026-0202.,E07631
EV01729,Transaction,Transaction involving Varun Kapoor,2025-03-10T02:47:05,L0391,C0202,Transaction activity observed in connection with procurement fraud investigation CASE-2026-0202.,nan
EV01730,Evidence Collection,Evidence Collection involving Anushka Desai,2025-02-25T09:55:43,L0351,C0202,Evidence Collection activity observed in connection with procurement fraud investigation CASE-2026-0202.,E07632
EV01731,Observation,Observation involving Mohit Menon,2025-03-10T16:11:47,L0075,C0202,Observation activity observed in connection with procurement fraud investigation CASE-2026-0202.,nan
EV01732,Financial Activity,Financial Activity involving Varun Kapoor,2025-04-24T03:11:27,L0351,C0202,Financial Activity activity observed in connection with procurement fraud investigation CASE-2026-0202.,nan
EV01733,Transaction,Transaction involving Anushka Desai,2025-06-02T04:18:24,L0396,C0202,Transaction activity observed in connection with procurement fraud investigation CASE-2026-0202.,nan
EV01734,Arrest,Arrest involving Diya Bansal,2025-07-14T08:31:07,L0391,C0202,Arrest activity observed in connection with procurement fraud investigation CASE-2026-0202.,nan
EV01735,Evidence Collection,Evidence Collection involving Simran Shah,2025-01-21T03:03:42,L0075,C0202,Evidence Collection activity observed in connection with procurement fraud investigation CASE-2026-0202.,nan
EV01736,Transaction,Transaction involving Tara Chavan,2025-08-22T00:55:37,L0351,C0202,Transaction activity observed in connection with procurement fraud investigation CASE-2026-0202.,nan
EV01737,Meeting,Meeting involving Ritesh Ghosh,2025-04-28T02:48:41,L0024,C0202,Meeting activity observed in connection with procurement fraud investigation CASE-2026-0202.,nan
EV01738,Observation,Observation involving Simran Nair,2025-02-02T03:22:28,L0024,C0202,Observation activity observed in connection with procurement fraud investigation CASE-2026-0202.,nan
EV01739,Financial Activity,Financial Activity involving Anushka Malhotra,2025-05-09T11:44:56,L0404,C0203,Financial Activity activity observed in connection with unauthorized access investigation CASE-2026-0203.,nan
EV01740,Observation,Observation involving Anushka Malhotra,2025-09-12T19:00:40,L0239,C0203,Observation activity observed in connection with unauthorized access investigation CASE-2026-0203.,nan
EV01741,Surveillance,Surveillance involving Kunal Joshi,2025-03-25T01:05:22,L0404,C0203,Surveillance activity observed in connection with unauthorized access investigation CASE-2026-0203.,E07635
EV01742,Delivery,Delivery involving Nikhil Malhotra,2025-05-16T07:56:24,L0411,C0204,Delivery activity observed in connection with minor fraud investigation CASE-2026-0204.,nan
EV01743,Vehicle Movement,Vehicle Movement involving Mahi Bansal,2025-06-09T10:17:22,L0498,C0204,Vehicle Movement activity observed in connection with minor fraud investigation CASE-2026-0204.,E07644
EV01744,Delivery,Delivery involving Diya Menon,2025-05-05T19:27:07,L0411,C0204,Delivery activity observed in connection with minor fraud investigation CASE-2026-0204.,nan
EV01745,Evidence Collection,Evidence Collection involving Rahul Naik,2025-08-08T06:46:30,L0450,C0204,Evidence Collection activity observed in connection with minor fraud investigation CASE-2026-0204.,E07645
EV01746,Observation,Observation involving Zoya Naik,2025-07-12T13:24:28,L0498,C0204,Observation activity observed in connection with minor fraud investigation CASE-2026-0204.,nan
EV01747,Transaction,Transaction involving Zoya Naik,2025-06-13T13:06:05,L0470,C0204,Transaction activity observed in connection with minor fraud investigation CASE-2026-0204.,nan
EV01748,Interview,Interview involving Vanya Verma,2025-06-27T16:43:46,L0411,C0204,Interview activity observed in connection with minor fraud investigation CASE-2026-0204.,nan
EV01749,Cyber Activity,Cyber Activity involving Arnav Rao,2025-06-13T21:43:58,L0393,C0205,Cyber Activity activity observed in connection with theft investigation CASE-2026-0205.,E07653
EV01750,Call,Call involving Arnav Rao,2025-06-28T02:47:04,L0393,C0205,Call activity observed in connection with theft investigation CASE-2026-0205.,E07654
EV01751,Evidence Collection,Evidence Collection involving Aanya Joshi,2025-06-09T13:32:03,L0329,C0205,Evidence Collection activity observed in connection with theft investigation CASE-2026-0205.,E07655
EV01752,Crime,Crime involving Rohan Naik,2025-06-20T10:04:05,L0254,C0205,Crime activity observed in connection with theft investigation CASE-2026-0205.,nan
EV01753,Crime,Crime involving Nisha Joshi,2025-04-24T16:45:31,L0490,C0205,Crime activity observed in connection with theft investigation CASE-2026-0205.,nan
EV01754,Transaction,Transaction involving Aanya Joshi,2025-06-02T13:28:15,L0546,C0205,Transaction activity observed in connection with theft investigation CASE-2026-0205.,nan
EV01755,Cyber Activity,Cyber Activity involving Sneha Mishra,2025-01-14T03:53:31,L0411,C0206,Cyber Activity activity observed in connection with identity fraud investigation CASE-2026-0206.,E07657
EV01756,Meeting,Meeting involving Pallavi Naik,2025-02-18T02:39:17,L0453,C0206,Meeting activity observed in connection with identity fraud investigation CASE-2026-0206.,nan
EV01757,Crime,Crime involving Karan Saxena,2025-07-02T22:03:18,L0411,C0206,Crime activity observed in connection with identity fraud investigation CASE-2026-0206.,nan
EV01758,Vehicle Movement,Vehicle Movement involving Saurabh Thakur,2025-03-01T22:16:29,L0124,C0207,Vehicle Movement activity observed in connection with identity fraud investigation CASE-2026-0207.,E07663
EV01759,Vehicle Movement,Vehicle Movement involving Varun Jadhav,2025-08-05T13:41:56,L0071,C0207,Vehicle Movement activity observed in connection with identity fraud investigation CASE-2026-0207.,E07664
EV01760,Call,Call involving Mahi Rao,2025-05-10T16:19:29,L0544,C0207,Call activity observed in connection with identity fraud investigation CASE-2026-0207.,nan
EV01761,Transaction,Transaction involving Tara Menon,2025-03-10T18:52:15,L0551,C0207,Transaction activity observed in connection with identity fraud investigation CASE-2026-0207.,nan
EV01762,Observation,Observation involving Tara Thakur,2025-02-05T22:35:38,L0544,C0207,Observation activity observed in connection with identity fraud investigation CASE-2026-0207.,nan
EV01763,Meeting,Meeting involving Kavya Das,2025-01-31T04:07:49,L0551,C0207,Meeting activity observed in connection with identity fraud investigation CASE-2026-0207.,nan
EV01764,Vehicle Movement,Vehicle Movement involving Ishita Bhat,2025-08-19T06:18:56,L0373,C0208,Vehicle Movement activity observed in connection with identity fraud investigation CASE-2026-0208.,nan
EV01765,Crime,Crime involving Nikhil Nair,2025-08-27T03:30:53,L0373,C0208,Crime activity observed in connection with identity fraud investigation CASE-2026-0208.,nan
EV01766,Cyber Activity,Cyber Activity involving Nikhil Nair,2025-08-22T06:53:49,L0160,C0208,Cyber Activity activity observed in connection with identity fraud investigation CASE-2026-0208.,E07667
EV01767,Arrest,Arrest involving Mohit Verma,2025-08-18T13:40:05,L0206,C0208,Arrest activity observed in connection with identity fraud investigation CASE-2026-0208.,nan
EV01768,Cyber Activity,Cyber Activity involving Nikhil Nair,2025-08-22T02:00:38,L0160,C0208,Cyber Activity activity observed in connection with identity fraud investigation CASE-2026-0208.,nan
EV01769,Transaction,Transaction involving Aanya Chavan,2025-04-24T22:55:10,L0513,C0209,Transaction activity observed in connection with organized fraud investigation CASE-2026-0209.,E07678
EV01770,Cyber Activity,Cyber Activity involving Neha Bansal,2025-06-25T11:09:02,L0473,C0209,Cyber Activity activity observed in connection with organized fraud investigation CASE-2026-0209.,nan
EV01771,Evidence Collection,Evidence Collection involving Aanya Chavan,2025-08-12T03:48:51,L0360,C0209,Evidence Collection activity observed in connection with organized fraud investigation CASE-2026-0209.,E07679
EV01772,Observation,Observation involving Vikram Desai,2025-11-18T20:44:12,L0495,C0209,Observation activity observed in connection with organized fraud investigation CASE-2026-0209.,E07680
EV01773,Financial Activity,Financial Activity involving Vikram Desai,2025-03-10T11:12:43,L0360,C0209,Financial Activity activity observed in connection with organized fraud investigation CASE-2026-0209.,nan
EV01774,Call,Call involving Yash Saxena,2025-06-15T23:47:14,L0473,C0209,Call activity observed in connection with organized fraud investigation CASE-2026-0209.,nan
EV01775,Interview,Interview involving Siddharth Saxena,2025-05-08T01:19:43,L0513,C0209,Interview activity observed in connection with organized fraud investigation CASE-2026-0209.,nan
EV01776,Transaction,Transaction involving Siddharth Rao,2025-10-16T18:45:37,L0360,C0209,Transaction activity observed in connection with organized fraud investigation CASE-2026-0209.,nan
EV01777,Cyber Activity,Cyber Activity involving Saurabh Naik,2025-05-04T22:04:04,L0513,C0209,Cyber Activity activity observed in connection with organized fraud investigation CASE-2026-0209.,nan
EV01778,Observation,Observation involving Raj Singh,2025-07-06T15:53:45,L0323,C0210,Observation activity observed in connection with financial fraud investigation CASE-2026-0210.,nan
EV01779,Crime,Crime involving Manav Pillai,2025-12-11T12:07:26,L0162,C0210,Crime activity observed in connection with financial fraud investigation CASE-2026-0210.,nan
EV01780,Surveillance,Surveillance involving Kabir Das,2025-05-07T09:26:27,L0095,C0210,Surveillance activity observed in connection with financial fraud investigation CASE-2026-0210.,nan
EV01781,Crime,Crime involving Akash Menon,2025-11-23T13:57:00,L0382,C0210,Crime activity observed in connection with financial fraud investigation CASE-2026-0210.,nan
EV01782,Call,Call involving Meera Shah,2025-10-14T07:37:50,L0095,C0210,Call activity observed in connection with financial fraud investigation CASE-2026-0210.,E07690
EV01783,Cyber Activity,Cyber Activity involving Aditi Singh,2025-10-13T04:08:47,L0382,C0210,Cyber Activity activity observed in connection with financial fraud investigation CASE-2026-0210.,nan
EV01784,Financial Activity,Financial Activity involving Naveen Chavan,2025-05-24T03:54:47,L0162,C0210,Financial Activity activity observed in connection with financial fraud investigation CASE-2026-0210.,nan
EV01785,Evidence Collection,Evidence Collection involving Mohit Mishra,2025-07-01T23:42:27,L0382,C0210,Evidence Collection activity observed in connection with financial fraud investigation CASE-2026-0210.,nan
EV01786,Transaction,Transaction involving Riya Pillai,2025-08-25T10:57:48,L0162,C0210,Transaction activity observed in connection with financial fraud investigation CASE-2026-0210.,nan
EV01787,Call,Call involving Sana Iyer,2025-01-23T20:36:36,L0323,C0210,Call activity observed in connection with financial fraud investigation CASE-2026-0210.,nan
EV01788,Arrest,Arrest involving Kavya Menon,2025-09-20T18:07:00,L0095,C0210,Arrest activity observed in connection with financial fraud investigation CASE-2026-0210.,nan
EV01789,Observation,Observation involving Saurabh Saxena,2025-09-20T02:07:32,L0316,C0211,Observation activity observed in connection with identity fraud investigation CASE-2026-0211.,nan
EV01790,Call,Call involving Tara Sethi,2025-05-03T03:10:05,L0308,C0211,Call activity observed in connection with identity fraud investigation CASE-2026-0211.,nan
EV01791,Observation,Observation involving Siddharth Reddy,2025-08-27T16:11:33,L0316,C0211,Observation activity observed in connection with identity fraud investigation CASE-2026-0211.,nan
EV01792,Transaction,Transaction involving Ishita Joshi,2025-02-08T07:24:36,L0316,C0211,Transaction activity observed in connection with identity fraud investigation CASE-2026-0211.,E07695
EV01793,Crime,Crime involving Trisha Khan,2025-12-24T08:07:03,L0326,C0211,Crime activity observed in connection with identity fraud investigation CASE-2026-0211.,E07696
EV01794,Vehicle Movement,Vehicle Movement involving Trisha Khan,2025-05-09T01:52:14,L0326,C0211,Vehicle Movement activity observed in connection with identity fraud investigation CASE-2026-0211.,nan
EV01795,Evidence Collection,Evidence Collection involving Vanya Menon,2025-05-13T01:11:00,L0506,C0212,Evidence Collection activity observed in connection with simple robbery investigation CASE-2026-0212.,nan
EV01796,Observation,Observation involving Yash Malhotra,2025-08-15T12:10:58,L0532,C0212,Observation activity observed in connection with simple robbery investigation CASE-2026-0212.,nan
EV01797,Financial Activity,Financial Activity involving Aniket Mishra,2025-08-23T20:45:34,L0532,C0212,Financial Activity activity observed in connection with simple robbery investigation CASE-2026-0212.,E07698
EV01798,Interview,Interview involving Aanya Jadhav,2025-04-17T04:21:13,L0096,C0213,Interview activity observed in connection with simple robbery investigation CASE-2026-0213.,E07707
EV01799,Surveillance,Surveillance involving Shreya Thakur,2025-11-18T11:49:07,L0227,C0213,Surveillance activity observed in connection with simple robbery investigation CASE-2026-0213.,nan
EV01800,Meeting,Meeting involving Kavya Mishra,2025-05-15T04:38:54,L0227,C0213,Meeting activity observed in connection with simple robbery investigation CASE-2026-0213.,nan
EV01801,Vehicle Movement,Vehicle Movement involving Yamini Jadhav,2025-03-04T20:38:45,L0535,C0213,Vehicle Movement activity observed in connection with simple robbery investigation CASE-2026-0213.,E07708
EV01802,Arrest,Arrest involving Yash Shah,2025-12-23T15:10:17,L0355,C0213,Arrest activity observed in connection with simple robbery investigation CASE-2026-0213.,E07709
EV01803,Crime,Crime involving Kiara Malhotra,2025-07-23T23:01:50,L0096,C0213,Crime activity observed in connection with simple robbery investigation CASE-2026-0213.,nan
EV01804,Observation,Observation involving Yamini Jadhav,2025-06-19T20:56:04,L0224,C0213,Observation activity observed in connection with simple robbery investigation CASE-2026-0213.,E07710
EV01805,Delivery,Delivery involving Sameer Thakur,2025-12-07T02:31:30,L0045,C0214,Delivery activity observed in connection with burglary investigation CASE-2026-0214.,nan
EV01806,Delivery,Delivery involving Nikhil Shetty,2025-04-25T10:01:59,L0051,C0214,Delivery activity observed in connection with burglary investigation CASE-2026-0214.,nan
EV01807,Transaction,Transaction involving Arjun Mishra,2025-06-15T14:06:13,L0436,C0215,Transaction activity observed in connection with assault investigation CASE-2026-0215.,E07714
EV01808,Interview,Interview involving Nisha Singh,2025-08-30T12:22:27,L0436,C0215,Interview activity observed in connection with assault investigation CASE-2026-0215.,nan
EV01809,Arrest,Arrest involving Nisha Singh,2025-07-28T23:03:12,L0072,C0215,Arrest activity observed in connection with assault investigation CASE-2026-0215.,E07715
EV01810,Observation,Observation involving Ishita Kulkarni,2025-08-12T13:37:08,L0308,C0216,Observation activity observed in connection with data theft investigation CASE-2026-0216.,nan
EV01811,Financial Activity,Financial Activity involving Aniket Rao,2025-08-23T00:57:04,L0303,C0216,Financial Activity activity observed in connection with data theft investigation CASE-2026-0216.,nan
EV01812,Evidence Collection,Evidence Collection involving Ananya Patil,2025-05-14T01:01:45,L0212,C0217,Evidence Collection activity observed in connection with unauthorized access investigation CASE-2026-0217.,nan
EV01813,Observation,Observation involving Tanvi Jadhav,2025-07-19T23:51:30,L0600,C0217,Observation activity observed in connection with unauthorized access investigation CASE-2026-0217.,E07721
EV01814,Crime,Crime involving Sneha Malhotra,2025-01-10T21:25:55,L0203,C0218,Crime activity observed in connection with payment fraud investigation CASE-2026-0218.,E07727
EV01815,Surveillance,Surveillance involving Yamini Shetty,2025-08-22T02:26:21,L0393,C0218,Surveillance activity observed in connection with payment fraud investigation CASE-2026-0218.,E07728
EV01816,Crime,Crime involving Sneha Malhotra,2025-01-04T09:51:50,L0470,C0218,Crime activity observed in connection with payment fraud investigation CASE-2026-0218.,nan
EV01817,Financial Activity,Financial Activity involving Yamini Shetty,2025-06-01T14:11:47,L0490,C0218,Financial Activity activity observed in connection with payment fraud investigation CASE-2026-0218.,nan
EV01818,Cyber Activity,Cyber Activity involving Nikhil Kapoor,2025-12-27T03:27:52,L0203,C0218,Cyber Activity activity observed in connection with payment fraud investigation CASE-2026-0218.,nan
EV01819,Observation,Observation involving Arjun Thakur,2025-04-25T12:51:17,L0505,C0219,Observation activity observed in connection with major cybercrime investigation CASE-2026-0219.,E07751
EV01820,Interview,Interview involving Sana Kulkarni,2025-08-21T09:06:46,L0422,C0219,Interview activity observed in connection with major cybercrime investigation CASE-2026-0219.,nan
EV01821,Vehicle Movement,Vehicle Movement involving Dhruv Menon,2025-08-21T00:18:17,L0567,C0219,Vehicle Movement activity observed in connection with major cybercrime investigation CASE-2026-0219.,nan
EV01822,Delivery,Delivery involving Ritesh Rao,2025-07-19T17:57:36,L0422,C0219,Delivery activity observed in connection with major cybercrime investigation CASE-2026-0219.,nan
EV01823,Meeting,Meeting involving Zoya Ghosh,2025-06-27T16:59:02,L0422,C0219,Meeting activity observed in connection with major cybercrime investigation CASE-2026-0219.,E07752
EV01824,Observation,Observation involving Kavya Sethi,2025-07-20T01:38:56,L0505,C0219,Observation activity observed in connection with major cybercrime investigation CASE-2026-0219.,nan
EV01825,Cyber Activity,Cyber Activity involving Kabir Iyer,2025-07-15T23:59:38,L0422,C0219,Cyber Activity activity observed in connection with major cybercrime investigation CASE-2026-0219.,nan
EV01826,Cyber Activity,Cyber Activity involving Mahi Mishra,2025-06-01T12:37:14,L0505,C0219,Cyber Activity activity observed in connection with major cybercrime investigation CASE-2026-0219.,nan
EV01827,Financial Activity,Financial Activity involving Kiara Das,2025-07-09T20:32:56,L0567,C0219,Financial Activity activity observed in connection with major cybercrime investigation CASE-2026-0219.,E07753
EV01828,Delivery,Delivery involving Vidhi Reddy,2025-08-30T22:43:26,L0505,C0219,Delivery activity observed in connection with major cybercrime investigation CASE-2026-0219.,nan
EV01829,Call,Call involving Ritesh Rao,2025-08-27T12:50:52,L0567,C0219,Call activity observed in connection with major cybercrime investigation CASE-2026-0219.,E07754
EV01830,Crime,Crime involving Dev Khan,2025-07-14T13:17:47,L0505,C0219,Crime activity observed in connection with major cybercrime investigation CASE-2026-0219.,nan
EV01831,Meeting,Meeting involving Karan Mehta,2025-04-29T13:16:10,L0505,C0219,Meeting activity observed in connection with major cybercrime investigation CASE-2026-0219.,E07755
EV01832,Vehicle Movement,Vehicle Movement involving Vikram Kapoor,2025-08-26T10:21:14,L0567,C0219,Vehicle Movement activity observed in connection with major cybercrime investigation CASE-2026-0219.,nan
EV01833,Arrest,Arrest involving Simran Bansal,2025-06-28T14:11:58,L0422,C0219,Arrest activity observed in connection with major cybercrime investigation CASE-2026-0219.,nan
EV01834,Financial Activity,Financial Activity involving Rohan Mehta,2025-06-12T03:57:09,L0496,C0219,Financial Activity activity observed in connection with major cybercrime investigation CASE-2026-0219.,nan
EV01835,Crime,Crime involving Tara Chavan,2025-05-23T21:38:37,L0567,C0219,Crime activity observed in connection with major cybercrime investigation CASE-2026-0219.,nan
EV01836,Transaction,Transaction involving Mahi Mishra,2025-07-22T12:16:22,L0437,C0219,Transaction activity observed in connection with major cybercrime investigation CASE-2026-0219.,nan
EV01837,Financial Activity,Financial Activity involving Ritesh Rao,2025-08-28T04:14:53,L0496,C0219,Financial Activity activity observed in connection with major cybercrime investigation CASE-2026-0219.,E07756
EV01838,Crime,Crime involving Rohan Mehta,2025-06-04T11:12:09,L0505,C0219,Crime activity observed in connection with major cybercrime investigation CASE-2026-0219.,nan
EV01839,Transaction,Transaction involving Kabir Iyer,2025-08-03T03:21:02,L0505,C0219,Transaction activity observed in connection with major cybercrime investigation CASE-2026-0219.,nan
EV01840,Crime,Crime involving Siddharth Khan,2025-05-22T17:28:21,L0254,C0220,Crime activity observed in connection with theft investigation CASE-2026-0220.,nan
EV01841,Call,Call involving Kunal Naik,2025-05-28T21:14:50,L0453,C0220,Call activity observed in connection with theft investigation CASE-2026-0220.,nan
EV01842,Arrest,Arrest involving Kunal Naik,2025-05-24T14:03:05,L0254,C0220,Arrest activity observed in connection with theft investigation CASE-2026-0220.,nan
EV01843,Financial Activity,Financial Activity involving Trisha Mishra,2025-03-14T20:52:32,L0375,C0221,Financial Activity activity observed in connection with data theft investigation CASE-2026-0221.,nan
EV01844,Financial Activity,Financial Activity involving Rohan Shetty,2025-01-18T04:55:55,L0493,C0221,Financial Activity activity observed in connection with data theft investigation CASE-2026-0221.,nan
EV01845,Evidence Collection,Evidence Collection involving Kunal Bansal,2025-07-30T16:12:13,L0247,C0222,Evidence Collection activity observed in connection with money laundering investigation investigation CASE-2026-0222.,nan
EV01846,Transaction,Transaction involving Raj Bansal,2025-10-28T00:12:29,L0247,C0222,Transaction activity observed in connection with money laundering investigation investigation CASE-2026-0222.,nan
EV01847,Evidence Collection,Evidence Collection involving Sameer Shah,2025-03-29T10:06:36,L0489,C0222,Evidence Collection activity observed in connection with money laundering investigation investigation CASE-2026-0222.,nan
EV01848,Interview,Interview involving Aditya Iyer,2025-02-20T07:51:22,L0423,C0222,Interview activity observed in connection with money laundering investigation investigation CASE-2026-0222.,E07774
EV01849,Call,Call involving Aditya Iyer,2025-06-06T12:33:36,L0489,C0222,Call activity observed in connection with money laundering investigation investigation CASE-2026-0222.,nan
EV01850,Interview,Interview involving Isha Kapoor,2025-12-26T11:20:51,L0195,C0222,Interview activity observed in connection with money laundering investigation investigation CASE-2026-0222.,nan
EV01851,Arrest,Arrest involving Naveen Kulkarni,2025-05-01T00:27:38,L0337,C0222,Arrest activity observed in connection with money laundering investigation investigation CASE-2026-0222.,nan
EV01852,Vehicle Movement,Vehicle Movement involving Yash Das,2025-10-05T20:50:30,L0489,C0222,Vehicle Movement activity observed in connection with money laundering investigation investigation CASE-2026-0222.,nan
EV01853,Crime,Crime involving Aditya Iyer,2025-08-10T12:15:08,L0337,C0222,Crime activity observed in connection with money laundering investigation investigation CASE-2026-0222.,nan
EV01854,Delivery,Delivery involving Ananya Sethi,2025-05-12T02:33:41,L0337,C0222,Delivery activity observed in connection with money laundering investigation investigation CASE-2026-0222.,nan
EV01855,Call,Call involving Naveen Kulkarni,2025-03-16T06:54:15,L0247,C0222,Call activity observed in connection with money laundering investigation investigation CASE-2026-0222.,nan
EV01856,Meeting,Meeting involving Isha Kapoor,2025-08-12T04:40:25,L0423,C0222,Meeting activity observed in connection with money laundering investigation investigation CASE-2026-0222.,nan
EV01857,Vehicle Movement,Vehicle Movement involving Aanya Patil,2025-04-23T09:34:47,L0126,C0223,Vehicle Movement activity observed in connection with vehicle theft investigation CASE-2026-0223.,E07776
EV01858,Meeting,Meeting involving Rohan Ghosh,2025-06-07T21:47:05,L0202,C0223,Meeting activity observed in connection with vehicle theft investigation CASE-2026-0223.,nan
EV01859,Delivery,Delivery involving Ritesh Singh,2025-04-12T06:03:16,L0526,C0223,Delivery activity observed in connection with vehicle theft investigation CASE-2026-0223.,nan
EV01860,Vehicle Movement,Vehicle Movement involving Pooja Pillai,2025-05-03T16:46:31,L0202,C0223,Vehicle Movement activity observed in connection with vehicle theft investigation CASE-2026-0223.,E07777
EV01861,Cyber Activity,Cyber Activity involving Anushka Desai,2025-07-19T13:49:38,L0126,C0223,Cyber Activity activity observed in connection with vehicle theft investigation CASE-2026-0223.,nan
EV01862,Crime,Crime involving Ananya Mishra,2025-05-29T04:53:15,L0202,C0223,Crime activity observed in connection with vehicle theft investigation CASE-2026-0223.,E07778
EV01863,Crime,Crime involving Trisha Bansal,2025-06-20T17:11:43,L0126,C0223,Crime activity observed in connection with vehicle theft investigation CASE-2026-0223.,E07779
EV01864,Delivery,Delivery involving Naina Mehta,2025-04-22T14:53:35,L0202,C0223,Delivery activity observed in connection with vehicle theft investigation CASE-2026-0223.,nan
EV01865,Interview,Interview involving Ritesh Singh,2025-04-22T11:03:31,L0040,C0223,Interview activity observed in connection with vehicle theft investigation CASE-2026-0223.,E07780
EV01866,Arrest,Arrest involving Aniket Ghosh,2025-03-26T00:53:03,L0254,C0224,Arrest activity observed in connection with vehicle theft investigation CASE-2026-0224.,nan
EV01867,Interview,Interview involving Diya Verma,2025-01-30T05:42:44,L0441,C0224,Interview activity observed in connection with vehicle theft investigation CASE-2026-0224.,E07787
EV01868,Delivery,Delivery involving Aniket Ghosh,2025-02-21T16:01:31,L0254,C0224,Delivery activity observed in connection with vehicle theft investigation CASE-2026-0224.,nan
EV01869,Financial Activity,Financial Activity involving Manav Chavan,2025-04-01T12:13:19,L0254,C0224,Financial Activity activity observed in connection with vehicle theft investigation CASE-2026-0224.,nan
EV01870,Delivery,Delivery involving Manav Chavan,2025-03-29T16:59:00,L0470,C0224,Delivery activity observed in connection with vehicle theft investigation CASE-2026-0224.,E07788
EV01871,Interview,Interview involving Kabir Mehta,2025-06-26T11:53:04,L0486,C0225,Interview activity observed in connection with theft investigation CASE-2026-0225.,nan
EV01872,Arrest,Arrest involving Karan Khan,2025-12-24T15:13:58,L0409,C0225,Arrest activity observed in connection with theft investigation CASE-2026-0225.,nan
EV01873,Crime,Crime involving Aditi Singh,2025-05-01T16:27:16,L0192,C0225,Crime activity observed in connection with theft investigation CASE-2026-0225.,nan
EV01874,Meeting,Meeting involving Meera Patil,2025-06-12T08:50:40,L0341,C0226,Meeting activity observed in connection with data theft investigation CASE-2026-0226.,E07795
EV01875,Surveillance,Surveillance involving Sana Rao,2025-07-15T20:13:18,L0341,C0226,Surveillance activity observed in connection with data theft investigation CASE-2026-0226.,nan
EV01876,Interview,Interview involving Mahi Bhat,2025-01-20T20:18:06,L0524,C0226,Interview activity observed in connection with data theft investigation CASE-2026-0226.,nan
EV01877,Cyber Activity,Cyber Activity involving Sameer Reddy,2025-07-10T03:30:52,L0446,C0227,Cyber Activity activity observed in connection with money laundering investigation investigation CASE-2026-0227.,E07807
EV01878,Vehicle Movement,Vehicle Movement involving Ishaan Patil,2025-08-30T04:55:26,L0495,C0227,Vehicle Movement activity observed in connection with money laundering investigation investigation CASE-2026-0227.,nan
EV01879,Surveillance,Surveillance involving Arnav Nair,2025-08-30T11:22:10,L0446,C0227,Surveillance activity observed in connection with money laundering investigation investigation CASE-2026-0227.,E07808
EV01880,Vehicle Movement,Vehicle Movement involving Pooja Naik,2025-05-29T07:23:35,L0446,C0227,Vehicle Movement activity observed in connection with money laundering investigation investigation CASE-2026-0227.,nan
EV01881,Observation,Observation involving Yamini Menon,2025-06-24T13:44:18,L0553,C0227,Observation activity observed in connection with money laundering investigation investigation CASE-2026-0227.,nan
EV01882,Surveillance,Surveillance involving Kavya Mishra,2025-05-06T20:40:41,L0446,C0227,Surveillance activity observed in connection with money laundering investigation investigation CASE-2026-0227.,nan
EV01883,Surveillance,Surveillance involving Ishaan Mishra,2025-07-27T17:49:08,L0495,C0227,Surveillance activity observed in connection with money laundering investigation investigation CASE-2026-0227.,E07809
EV01884,Transaction,Transaction involving Ishita Singh,2025-05-29T23:05:30,L0569,C0227,Transaction activity observed in connection with money laundering investigation investigation CASE-2026-0227.,nan
EV01885,Surveillance,Surveillance involving Ishita Singh,2025-06-13T13:55:00,L0553,C0227,Surveillance activity observed in connection with money laundering investigation investigation CASE-2026-0227.,nan
EV01886,Crime,Crime involving Isha Gupta,2025-03-14T02:06:27,L0252,C0228,Crime activity observed in connection with money laundering investigation investigation CASE-2026-0228.,nan
EV01887,Surveillance,Surveillance involving Aanya Bansal,2025-06-21T20:57:28,L0361,C0228,Surveillance activity observed in connection with money laundering investigation investigation CASE-2026-0228.,E07817
EV01888,Cyber Activity,Cyber Activity involving Saurabh Nair,2025-03-15T10:47:05,L0134,C0228,Cyber Activity activity observed in connection with money laundering investigation investigation CASE-2026-0228.,nan
EV01889,Financial Activity,Financial Activity involving Shreya Rao,2025-08-07T23:34:03,L0380,C0228,Financial Activity activity observed in connection with money laundering investigation investigation CASE-2026-0228.,nan
EV01890,Observation,Observation involving Siddharth Patil,2025-07-14T16:41:34,L0252,C0228,Observation activity observed in connection with money laundering investigation investigation CASE-2026-0228.,nan
EV01891,Arrest,Arrest involving Vivek Thakur,2025-01-23T20:50:54,L0380,C0228,Arrest activity observed in connection with money laundering investigation investigation CASE-2026-0228.,E07818
EV01892,Delivery,Delivery involving Shreya Rao,2025-01-16T01:20:51,L0081,C0228,Delivery activity observed in connection with money laundering investigation investigation CASE-2026-0228.,nan
EV01893,Vehicle Movement,Vehicle Movement involving Naina Rao,2025-06-20T19:53:59,L0081,C0228,Vehicle Movement activity observed in connection with money laundering investigation investigation CASE-2026-0228.,nan
EV01894,Evidence Collection,Evidence Collection involving Ritesh Naik,2025-05-15T15:28:33,L0380,C0228,Evidence Collection activity observed in connection with money laundering investigation investigation CASE-2026-0228.,nan
EV01895,Vehicle Movement,Vehicle Movement involving Sneha Malhotra,2025-05-28T13:50:24,L0278,C0229,Vehicle Movement activity observed in connection with major organized crime investigation CASE-2026-0229.,nan
EV01896,Vehicle Movement,Vehicle Movement involving Kavya Reddy,2025-06-25T16:22:43,L0278,C0229,Vehicle Movement activity observed in connection with major organized crime investigation CASE-2026-0229.,E07838
EV01897,Call,Call involving Arjun Verma,2025-05-15T07:07:24,L0230,C0229,Call activity observed in connection with major organized crime investigation CASE-2026-0229.,E07839
EV01898,Transaction,Transaction involving Vanya Das,2025-08-17T14:55:33,L0278,C0229,Transaction activity observed in connection with major organized crime investigation CASE-2026-0229.,nan
EV01899,Vehicle Movement,Vehicle Movement involving Kavya Sethi,2025-05-22T07:50:54,L0278,C0229,Vehicle Movement activity observed in connection with major organized crime investigation CASE-2026-0229.,nan
EV01900,Arrest,Arrest involving Simran Thakur,2025-08-17T16:16:48,L0240,C0229,Arrest activity observed in connection with major organized crime investigation CASE-2026-0229.,nan
EV01901,Delivery,Delivery involving Rahul Das,2025-05-23T07:08:24,L0230,C0229,Delivery activity observed in connection with major organized crime investigation CASE-2026-0229.,nan
EV01902,Meeting,Meeting involving Rohan Kapoor,2025-06-19T12:07:25,L0222,C0229,Meeting activity observed in connection with major organized crime investigation CASE-2026-0229.,nan
EV01903,Evidence Collection,Evidence Collection involving Siddharth Naik,2025-07-29T20:50:45,L0222,C0229,Evidence Collection activity observed in connection with major organized crime investigation CASE-2026-0229.,nan
EV01904,Cyber Activity,Cyber Activity involving Pallavi Singh,2025-07-22T00:27:56,L0240,C0229,Cyber Activity activity observed in connection with major organized crime investigation CASE-2026-0229.,nan
EV01905,Call,Call involving Yamini Sethi,2025-05-24T06:14:30,L0230,C0229,Call activity observed in connection with major organized crime investigation CASE-2026-0229.,nan
EV01906,Observation,Observation involving Simran Nair,2025-07-29T19:21:44,L0316,C0229,Observation activity observed in connection with major organized crime investigation CASE-2026-0229.,nan
EV01907,Surveillance,Surveillance involving Simran Thakur,2025-08-19T13:09:58,L0316,C0229,Surveillance activity observed in connection with major organized crime investigation CASE-2026-0229.,nan
EV01908,Meeting,Meeting involving Rahul Naik,2025-06-07T07:57:17,L0316,C0229,Meeting activity observed in connection with major organized crime investigation CASE-2026-0229.,nan
EV01909,Cyber Activity,Cyber Activity involving Aman Joshi,2025-07-16T04:58:04,L0278,C0229,Cyber Activity activity observed in connection with major organized crime investigation CASE-2026-0229.,nan
EV01910,Observation,Observation involving Trisha Gupta,2025-08-26T12:01:31,L0316,C0229,Observation activity observed in connection with major organized crime investigation CASE-2026-0229.,E07840
EV01911,Crime,Crime involving Trisha Singh,2025-07-16T02:54:27,L0278,C0229,Crime activity observed in connection with major organized crime investigation CASE-2026-0229.,nan
EV01912,Transaction,Transaction involving Pranav Shetty,2025-08-23T17:50:47,L0278,C0229,Transaction activity observed in connection with major organized crime investigation CASE-2026-0229.,nan
EV01913,Transaction,Transaction involving Kavya Sethi,2025-08-02T10:29:26,L0230,C0229,Transaction activity observed in connection with major organized crime investigation CASE-2026-0229.,E07841
EV01914,Interview,Interview involving Trisha Singh,2025-06-17T02:35:42,L0222,C0229,Interview activity observed in connection with major organized crime investigation CASE-2026-0229.,nan
EV01915,Delivery,Delivery involving Vidhi Naik,2025-05-26T19:40:55,L0222,C0229,Delivery activity observed in connection with major organized crime investigation CASE-2026-0229.,E07842
EV01916,Cyber Activity,Cyber Activity involving Anushka Saxena,2025-06-03T00:06:51,L0316,C0229,Cyber Activity activity observed in connection with major organized crime investigation CASE-2026-0229.,nan
EV01917,Surveillance,Surveillance involving Vikram Khan,2025-06-04T09:56:19,L0316,C0229,Surveillance activity observed in connection with major organized crime investigation CASE-2026-0229.,E07843
EV01918,Evidence Collection,Evidence Collection involving Siddharth Naik,2025-08-26T21:46:08,L0222,C0229,Evidence Collection activity observed in connection with major organized crime investigation CASE-2026-0229.,nan
EV01919,Call,Call involving Diya Pillai,2025-07-30T06:06:58,L0240,C0229,Call activity observed in connection with major organized crime investigation CASE-2026-0229.,nan
EV01920,Financial Activity,Financial Activity involving Harsh Chavan,2025-07-01T19:37:57,L0316,C0229,Financial Activity activity observed in connection with major organized crime investigation CASE-2026-0229.,E07844
EV01921,Observation,Observation involving Nisha Mehta,2025-07-09T13:20:50,L0222,C0229,Observation activity observed in connection with major organized crime investigation CASE-2026-0229.,nan
EV01922,Meeting,Meeting involving Rahul Das,2025-08-22T10:21:41,L0230,C0229,Meeting activity observed in connection with major organized crime investigation CASE-2026-0229.,nan
EV01923,Crime,Crime involving Tara Kapoor,2025-06-22T02:31:03,L0230,C0229,Crime activity observed in connection with major organized crime investigation CASE-2026-0229.,E07845
EV01924,Interview,Interview involving Siddharth Bansal,2025-07-14T16:24:57,L0230,C0229,Interview activity observed in connection with major organized crime investigation CASE-2026-0229.,nan
EV01925,Evidence Collection,Evidence Collection involving Anushka Thakur,2025-07-01T13:23:35,L0278,C0229,Evidence Collection activity observed in connection with major organized crime investigation CASE-2026-0229.,E07846
EV01926,Transaction,Transaction involving Vanya Bhat,2025-07-29T01:41:23,L0240,C0229,Transaction activity observed in connection with major organized crime investigation CASE-2026-0229.,nan
EV01927,Financial Activity,Financial Activity involving Akash Nair,2025-08-12T23:02:16,L0278,C0229,Financial Activity activity observed in connection with major organized crime investigation CASE-2026-0229.,nan
EV01928,Crime,Crime involving Naina Joshi,2025-05-24T14:06:31,L0278,C0229,Crime activity observed in connection with major organized crime investigation CASE-2026-0229.,nan
EV01929,Interview,Interview involving Kavya Ghosh,2025-06-11T15:46:42,L0222,C0229,Interview activity observed in connection with major organized crime investigation CASE-2026-0229.,nan
EV01930,Transaction,Transaction involving Aman Desai,2025-07-21T19:00:44,L0240,C0229,Transaction activity observed in connection with major organized crime investigation CASE-2026-0229.,E07847
EV01931,Call,Call involving Aman Joshi,2025-06-15T05:37:56,L0278,C0229,Call activity observed in connection with major organized crime investigation CASE-2026-0229.,nan
EV01932,Meeting,Meeting involving Akash Nair,2025-05-15T08:49:38,L0222,C0229,Meeting activity observed in connection with major organized crime investigation CASE-2026-0229.,nan
EV01933,Transaction,Transaction involving Simran Thakur,2025-06-06T10:51:25,L0278,C0229,Transaction activity observed in connection with major organized crime investigation CASE-2026-0229.,nan
EV01934,Evidence Collection,Evidence Collection involving Siddharth Khan,2025-06-08T02:36:40,L0230,C0229,Evidence Collection activity observed in connection with major organized crime investigation CASE-2026-0229.,nan
EV01935,Cyber Activity,Cyber Activity involving Anushka Patil,2025-06-04T18:51:54,L0470,C0230,Cyber Activity activity observed in connection with unauthorized access investigation CASE-2026-0230.,nan
EV01936,Financial Activity,Financial Activity involving Siddharth Nair,2025-02-06T14:04:44,L0546,C0230,Financial Activity activity observed in connection with unauthorized access investigation CASE-2026-0230.,E07849
EV01937,Observation,Observation involving Neha Menon,2025-04-18T01:23:08,L0179,C0231,Observation activity observed in connection with large organized crime network investigation CASE-2026-0231.,nan
EV01938,Vehicle Movement,Vehicle Movement involving Ananya Khan,2025-04-27T18:48:59,L0179,C0231,Vehicle Movement activity observed in connection with large organized crime network investigation CASE-2026-0231.,nan
EV01939,Observation,Observation involving Kunal Kapoor,2025-04-15T14:17:27,L0487,C0231,Observation activity observed in connection with large organized crime network investigation CASE-2026-0231.,nan
EV01940,Transaction,Transaction involving Yamini Sethi,2025-12-01T04:42:27,L0381,C0231,Transaction activity observed in connection with large organized crime network investigation CASE-2026-0231.,E07864
EV01941,Interview,Interview involving Avni Gupta,2025-01-24T11:50:33,L0381,C0231,Interview activity observed in connection with large organized crime network investigation CASE-2026-0231.,nan
EV01942,Transaction,Transaction involving Aditya Sethi,2025-06-21T11:15:10,L0210,C0231,Transaction activity observed in connection with large organized crime network investigation CASE-2026-0231.,nan
EV01943,Vehicle Movement,Vehicle Movement involving Avni Kulkarni,2025-06-21T01:45:36,L0487,C0231,Vehicle Movement activity observed in connection with large organized crime network investigation CASE-2026-0231.,nan
EV01944,Observation,Observation involving Sana Pillai,2025-04-02T03:25:45,L0210,C0231,Observation activity observed in connection with large organized crime network investigation CASE-2026-0231.,nan
EV01945,Vehicle Movement,Vehicle Movement involving Avni Gupta,2025-06-01T20:52:29,L0179,C0231,Vehicle Movement activity observed in connection with large organized crime network investigation CASE-2026-0231.,nan
EV01946,Surveillance,Surveillance involving Meera Menon,2025-03-17T07:14:59,L0210,C0231,Surveillance activity observed in connection with large organized crime network investigation CASE-2026-0231.,E07865
EV01947,Cyber Activity,Cyber Activity involving Ananya Mishra,2025-05-06T18:10:28,L0210,C0231,Cyber Activity activity observed in connection with large organized crime network investigation CASE-2026-0231.,nan
EV01948,Crime,Crime involving Yamini Sethi,2025-07-11T23:03:49,L0179,C0231,Crime activity observed in connection with large organized crime network investigation CASE-2026-0231.,nan
EV01949,Evidence Collection,Evidence Collection involving Aditya Sethi,2025-07-27T19:21:33,L0381,C0231,Evidence Collection activity observed in connection with large organized crime network investigation CASE-2026-0231.,nan
EV01950,Delivery,Delivery involving Simran Mishra,2025-08-13T17:30:20,L0371,C0231,Delivery activity observed in connection with large organized crime network investigation CASE-2026-0231.,nan
EV01951,Surveillance,Surveillance involving Avni Kulkarni,2025-02-10T02:56:50,L0210,C0231,Surveillance activity observed in connection with large organized crime network investigation CASE-2026-0231.,E07866
EV01952,Delivery,Delivery involving Zoya Ghosh,2025-08-19T13:34:18,L0381,C0231,Delivery activity observed in connection with large organized crime network investigation CASE-2026-0231.,nan
EV01953,Meeting,Meeting involving Kiara Malhotra,2025-07-28T19:21:08,L0271,C0232,Meeting activity observed in connection with data theft investigation CASE-2026-0232.,E07872
EV01954,Transaction,Transaction involving Rohan Shetty,2025-07-29T17:23:51,L0342,C0232,Transaction activity observed in connection with data theft investigation CASE-2026-0232.,nan
EV01955,Meeting,Meeting involving Pooja Nair,2025-08-09T19:16:45,L0314,C0232,Meeting activity observed in connection with data theft investigation CASE-2026-0232.,nan
EV01956,Evidence Collection,Evidence Collection involving Tara Naik,2025-07-18T15:34:12,L0342,C0232,Evidence Collection activity observed in connection with data theft investigation CASE-2026-0232.,nan
EV01957,Financial Activity,Financial Activity involving Shreya Pillai,2025-07-10T19:53:23,L0258,C0233,Financial Activity activity observed in connection with insurance fraud investigation CASE-2026-0233.,nan
EV01958,Financial Activity,Financial Activity involving Rahul Kulkarni,2025-05-21T08:44:18,L0580,C0233,Financial Activity activity observed in connection with insurance fraud investigation CASE-2026-0233.,nan
EV01959,Arrest,Arrest involving Riya Rao,2025-03-23T09:12:30,L0388,C0233,Arrest activity observed in connection with insurance fraud investigation CASE-2026-0233.,nan
EV01960,Observation,Observation involving Manav Thakur,2025-05-20T03:15:07,L0388,C0233,Observation activity observed in connection with insurance fraud investigation CASE-2026-0233.,E07876
EV01961,Vehicle Movement,Vehicle Movement involving Tara Saxena,2025-03-23T10:54:49,L0202,C0234,Vehicle Movement activity observed in connection with minor fraud investigation CASE-2026-0234.,E07878
EV01962,Delivery,Delivery involving Tara Saxena,2025-08-06T12:43:46,L0299,C0234,Delivery activity observed in connection with minor fraud investigation CASE-2026-0234.,E07879
EV01963,Cyber Activity,Cyber Activity involving Kavya Khan,2025-06-28T11:56:39,L0048,C0235,Cyber Activity activity observed in connection with document fraud investigation CASE-2026-0235.,E07881
EV01964,Meeting,Meeting involving Pallavi Gupta,2025-06-26T00:20:50,L0167,C0235,Meeting activity observed in connection with document fraud investigation CASE-2026-0235.,nan
EV01965,Surveillance,Surveillance involving Yash Patil,2025-07-30T00:52:11,L0167,C0235,Surveillance activity observed in connection with document fraud investigation CASE-2026-0235.,nan
EV01966,Transaction,Transaction involving Rohan Shetty,2025-09-18T11:58:57,L0504,C0236,Transaction activity observed in connection with unauthorized access investigation CASE-2026-0236.,nan
EV01967,Crime,Crime involving Rohan Shetty,2025-08-14T22:58:46,L0294,C0236,Crime activity observed in connection with unauthorized access investigation CASE-2026-0236.,nan
EV01968,Interview,Interview involving Pooja Malhotra,2025-06-20T11:59:58,L0278,C0237,Interview activity observed in connection with vehicle theft network investigation CASE-2026-0237.,nan
EV01969,Financial Activity,Financial Activity involving Ishita Malhotra,2025-08-14T13:56:09,L0326,C0237,Financial Activity activity observed in connection with vehicle theft network investigation CASE-2026-0237.,nan
EV01970,Financial Activity,Financial Activity involving Trisha Singh,2025-07-20T04:15:23,L0238,C0237,Financial Activity activity observed in connection with vehicle theft network investigation CASE-2026-0237.,E07899
EV01971,Evidence Collection,Evidence Collection involving Pranav Chavan,2025-08-04T00:29:14,L0181,C0237,Evidence Collection activity observed in connection with vehicle theft network investigation CASE-2026-0237.,nan
EV01972,Evidence Collection,Evidence Collection involving Anushka Desai,2025-08-09T07:20:16,L0222,C0237,Evidence Collection activity observed in connection with vehicle theft network investigation CASE-2026-0237.,E07900
EV01973,Surveillance,Surveillance involving Ritesh Khan,2025-07-09T01:00:03,L0278,C0237,Surveillance activity observed in connection with vehicle theft network investigation CASE-2026-0237.,nan
EV01974,Vehicle Movement,Vehicle Movement involving Manav Mehta,2025-07-29T03:05:33,L0181,C0237,Vehicle Movement activity observed in connection with vehicle theft network investigation CASE-2026-0237.,nan
EV01975,Surveillance,Surveillance involving Kabir Menon,2025-08-20T21:59:46,L0238,C0237,Surveillance activity observed in connection with vehicle theft network investigation CASE-2026-0237.,E07901
EV01976,Vehicle Movement,Vehicle Movement involving Anushka Desai,2025-08-14T00:06:50,L0326,C0237,Vehicle Movement activity observed in connection with vehicle theft network investigation CASE-2026-0237.,nan
EV01977,Evidence Collection,Evidence Collection involving Pallavi Naik,2025-06-20T23:46:19,L0238,C0237,Evidence Collection activity observed in connection with vehicle theft network investigation CASE-2026-0237.,nan
EV01978,Surveillance,Surveillance involving Aman Menon,2025-07-20T17:52:07,L0181,C0237,Surveillance activity observed in connection with vehicle theft network investigation CASE-2026-0237.,nan
EV01979,Evidence Collection,Evidence Collection involving Saurabh Nair,2025-07-20T20:11:26,L0238,C0237,Evidence Collection activity observed in connection with vehicle theft network investigation CASE-2026-0237.,nan
EV01980,Vehicle Movement,Vehicle Movement involving Meera Das,2025-04-16T13:26:47,L0426,C0238,Vehicle Movement activity observed in connection with logistics fraud investigation CASE-2026-0238.,E07915
EV01981,Surveillance,Surveillance involving Kunal Naik,2025-05-30T18:16:14,L0419,C0238,Surveillance activity observed in connection with logistics fraud investigation CASE-2026-0238.,nan
EV01982,Arrest,Arrest involving Siddharth Ghosh,2025-01-19T15:45:42,L0259,C0238,Arrest activity observed in connection with logistics fraud investigation CASE-2026-0238.,nan
EV01983,Observation,Observation involving Kunal Naik,2025-04-02T03:36:44,L0069,C0238,Observation activity observed in connection with logistics fraud investigation CASE-2026-0238.,E07916
EV01984,Meeting,Meeting involving Manav Desai,2025-12-15T13:41:16,L0259,C0238,Meeting activity observed in connection with logistics fraud investigation CASE-2026-0238.,nan
EV01985,Call,Call involving Vanya Kulkarni,2025-01-06T15:20:38,L0259,C0238,Call activity observed in connection with logistics fraud investigation CASE-2026-0238.,nan
EV01986,Vehicle Movement,Vehicle Movement involving Aarav Mehta,2025-11-06T21:42:18,L0419,C0238,Vehicle Movement activity observed in connection with logistics fraud investigation CASE-2026-0238.,E07917
EV01987,Arrest,Arrest involving Kunal Naik,2025-07-25T01:58:45,L0113,C0238,Arrest activity observed in connection with logistics fraud investigation CASE-2026-0238.,nan
EV01988,Evidence Collection,Evidence Collection involving Vikram Khan,2025-03-01T15:01:32,L0259,C0238,Evidence Collection activity observed in connection with logistics fraud investigation CASE-2026-0238.,nan
EV01989,Call,Call involving Siddharth Ghosh,2025-10-29T22:06:32,L0259,C0238,Call activity observed in connection with logistics fraud investigation CASE-2026-0238.,E07918
EV01990,Delivery,Delivery involving Arnav Desai,2025-10-03T16:20:50,L0419,C0238,Delivery activity observed in connection with logistics fraud investigation CASE-2026-0238.,nan
EV01991,Observation,Observation involving Vikram Iyer,2025-06-30T23:10:35,L0069,C0238,Observation activity observed in connection with logistics fraud investigation CASE-2026-0238.,nan
EV01992,Interview,Interview involving Isha Saxena,2025-11-09T14:20:17,L0069,C0238,Interview activity observed in connection with logistics fraud investigation CASE-2026-0238.,nan
EV01993,Cyber Activity,Cyber Activity involving Rohan Bhat,2025-05-31T04:40:13,L0072,C0239,Cyber Activity activity observed in connection with murder investigation investigation CASE-2026-0239.,nan
EV01994,Call,Call involving Arjun Kapoor,2025-12-16T06:16:55,L0436,C0239,Call activity observed in connection with murder investigation investigation CASE-2026-0239.,nan
EV01995,Call,Call involving Avni Khan,2025-05-20T16:57:07,L0179,C0239,Call activity observed in connection with murder investigation investigation CASE-2026-0239.,nan
EV01996,Meeting,Meeting involving Dhruv Menon,2025-07-07T19:59:08,L0319,C0239,Meeting activity observed in connection with murder investigation investigation CASE-2026-0239.,nan
EV01997,Arrest,Arrest involving Arjun Kapoor,2025-01-20T05:58:10,L0072,C0239,Arrest activity observed in connection with murder investigation investigation CASE-2026-0239.,nan
EV01998,Call,Call involving Kunal Iyer,2025-02-22T00:33:07,L0179,C0239,Call activity observed in connection with murder investigation investigation CASE-2026-0239.,E07933
EV01999,Observation,Observation involving Pooja Menon,2025-10-22T16:03:15,L0047,C0239,Observation activity observed in connection with murder investigation investigation CASE-2026-0239.,E07934
EV02000,Vehicle Movement,Vehicle Movement involving Rohan Bhat,2025-09-26T14:49:58,L0319,C0239,Vehicle Movement activity observed in connection with murder investigation investigation CASE-2026-0239.,E07935
EV02001,Vehicle Movement,Vehicle Movement involving Pooja Menon,2025-05-01T09:34:24,L0179,C0239,Vehicle Movement activity observed in connection with murder investigation investigation CASE-2026-0239.,nan
EV02002,Interview,Interview involving Dhruv Menon,2025-05-10T18:34:57,L0179,C0239,Interview activity observed in connection with murder investigation investigation CASE-2026-0239.,E07936
EV02003,Call,Call involving Ananya Gupta,2025-10-10T05:44:30,L0436,C0239,Call activity observed in connection with murder investigation investigation CASE-2026-0239.,nan
EV02004,Meeting,Meeting involving Saurabh Patil,2025-12-17T09:02:59,L0319,C0239,Meeting activity observed in connection with murder investigation investigation CASE-2026-0239.,E07937
EV02005,Evidence Collection,Evidence Collection involving Dhruv Singh,2025-08-09T14:55:14,L0072,C0239,Evidence Collection activity observed in connection with murder investigation investigation CASE-2026-0239.,nan
EV02006,Call,Call involving Arjun Kapoor,2025-07-12T22:45:39,L0179,C0239,Call activity observed in connection with murder investigation investigation CASE-2026-0239.,nan
EV02007,Meeting,Meeting involving Tara Das,2025-05-04T22:37:42,L0072,C0239,Meeting activity observed in connection with murder investigation investigation CASE-2026-0239.,nan
EV02008,Interview,Interview involving Riya Iyer,2025-05-24T08:10:44,L0047,C0239,Interview activity observed in connection with murder investigation investigation CASE-2026-0239.,nan
EV02009,Delivery,Delivery involving Pooja Menon,2025-02-06T22:00:12,L0179,C0239,Delivery activity observed in connection with murder investigation investigation CASE-2026-0239.,E07938
EV02010,Financial Activity,Financial Activity involving Pooja Menon,2025-02-24T05:38:05,L0072,C0239,Financial Activity activity observed in connection with murder investigation investigation CASE-2026-0239.,nan
EV02011,Arrest,Arrest involving Pranav Chavan,2025-06-19T19:34:01,L0436,C0239,Arrest activity observed in connection with murder investigation investigation CASE-2026-0239.,nan
EV02012,Cyber Activity,Cyber Activity involving Dhruv Menon,2025-04-14T14:06:14,L0072,C0239,Cyber Activity activity observed in connection with murder investigation investigation CASE-2026-0239.,E07939
EV02013,Surveillance,Surveillance involving Aditya Shah,2025-03-06T08:59:59,L0436,C0239,Surveillance activity observed in connection with murder investigation investigation CASE-2026-0239.,nan
EV02014,Evidence Collection,Evidence Collection involving Rhea Pillai,2025-11-12T09:21:42,L0328,C0240,Evidence Collection activity observed in connection with payment fraud investigation CASE-2026-0240.,E07941
EV02015,Transaction,Transaction involving Sana Verma,2025-07-23T17:42:03,L0328,C0240,Transaction activity observed in connection with payment fraud investigation CASE-2026-0240.,nan
EV02016,Interview,Interview involving Tanvi Rao,2025-06-26T07:24:31,L0588,C0241,Interview activity observed in connection with financial fraud investigation CASE-2026-0241.,nan
EV02017,Evidence Collection,Evidence Collection involving Tanvi Chavan,2025-06-15T23:47:22,L0279,C0241,Evidence Collection activity observed in connection with financial fraud investigation CASE-2026-0241.,nan
EV02018,Arrest,Arrest involving Varun Menon,2025-08-07T03:00:07,L0462,C0241,Arrest activity observed in connection with financial fraud investigation CASE-2026-0241.,nan
EV02019,Financial Activity,Financial Activity involving Tanvi Chavan,2025-08-04T14:45:32,L0588,C0241,Financial Activity activity observed in connection with financial fraud investigation CASE-2026-0241.,nan
EV02020,Observation,Observation involving Aarav Das,2025-08-21T22:17:08,L0505,C0241,Observation activity observed in connection with financial fraud investigation CASE-2026-0241.,nan
EV02021,Arrest,Arrest involving Ritesh Nair,2025-01-22T02:03:57,L0419,C0242,Arrest activity observed in connection with cyber extortion investigation CASE-2026-0242.,E07958
EV02022,Delivery,Delivery involving Sameer Thakur,2025-12-09T07:37:48,L0244,C0242,Delivery activity observed in connection with cyber extortion investigation CASE-2026-0242.,nan
EV02023,Interview,Interview involving Aditi Joshi,2025-07-11T01:09:36,L0164,C0242,Interview activity observed in connection with cyber extortion investigation CASE-2026-0242.,E07959
EV02024,Crime,Crime involving Simran Bhat,2025-01-27T22:02:50,L0494,C0242,Crime activity observed in connection with cyber extortion investigation CASE-2026-0242.,nan
EV02025,Meeting,Meeting involving Dhruv Bhat,2025-08-07T19:30:46,L0244,C0242,Meeting activity observed in connection with cyber extortion investigation CASE-2026-0242.,nan
EV02026,Cyber Activity,Cyber Activity involving Isha Bansal,2025-12-09T21:51:07,L0494,C0242,Cyber Activity activity observed in connection with cyber extortion investigation CASE-2026-0242.,nan
EV02027,Evidence Collection,Evidence Collection involving Harsh Patil,2025-06-13T10:57:12,L0420,C0242,Evidence Collection activity observed in connection with cyber extortion investigation CASE-2026-0242.,nan
EV02028,Observation,Observation involving Karan Jadhav,2025-06-04T02:08:28,L0164,C0242,Observation activity observed in connection with cyber extortion investigation CASE-2026-0242.,nan
EV02029,Financial Activity,Financial Activity involving Vanya Menon,2025-04-17T23:36:29,L0494,C0242,Financial Activity activity observed in connection with cyber extortion investigation CASE-2026-0242.,nan
EV02030,Surveillance,Surveillance involving Raj Pillai,2025-05-01T05:14:30,L0244,C0242,Surveillance activity observed in connection with cyber extortion investigation CASE-2026-0242.,E07960
EV02031,Observation,Observation involving Raj Pillai,2025-07-02T17:18:23,L0494,C0242,Observation activity observed in connection with cyber extortion investigation CASE-2026-0242.,E07961
EV02032,Surveillance,Surveillance involving Yamini Jadhav,2025-02-09T15:32:32,L0420,C0242,Surveillance activity observed in connection with cyber extortion investigation CASE-2026-0242.,E07962
EV02033,Financial Activity,Financial Activity involving Rhea Kulkarni,2025-08-13T07:32:53,L0244,C0242,Financial Activity activity observed in connection with cyber extortion investigation CASE-2026-0242.,E07963
EV02034,Call,Call involving Karan Jadhav,2025-04-28T12:03:43,L0420,C0242,Call activity observed in connection with cyber extortion investigation CASE-2026-0242.,E07964
EV02035,Vehicle Movement,Vehicle Movement involving Raj Pillai,2025-01-11T23:30:09,L0164,C0242,Vehicle Movement activity observed in connection with cyber extortion investigation CASE-2026-0242.,nan
EV02036,Financial Activity,Financial Activity involving Shreya Singh,2025-12-07T20:53:58,L0244,C0242,Financial Activity activity observed in connection with cyber extortion investigation CASE-2026-0242.,E07965
EV02037,Arrest,Arrest involving Ritesh Pillai,2025-02-15T16:39:27,L0419,C0242,Arrest activity observed in connection with cyber extortion investigation CASE-2026-0242.,E07966
EV02038,Cyber Activity,Cyber Activity involving Karan Thakur,2025-05-22T02:21:50,L0244,C0242,Cyber Activity activity observed in connection with cyber extortion investigation CASE-2026-0242.,E07967
EV02039,Transaction,Transaction involving Aditi Joshi,2025-04-09T02:49:04,L0244,C0242,Transaction activity observed in connection with cyber extortion investigation CASE-2026-0242.,nan
EV02040,Interview,Interview involving Rohan Rao,2025-02-06T14:41:41,L0036,C0243,Interview activity observed in connection with simple robbery investigation CASE-2026-0243.,E07971
EV02041,Cyber Activity,Cyber Activity involving Ritesh Bansal,2025-05-03T12:46:06,L0573,C0243,Cyber Activity activity observed in connection with simple robbery investigation CASE-2026-0243.,E07972
EV02042,Transaction,Transaction involving Diya Bansal,2025-01-19T15:35:50,L0069,C0243,Transaction activity observed in connection with simple robbery investigation CASE-2026-0243.,E07973
EV02043,Call,Call involving Tara Kapoor,2025-04-22T08:11:06,L0036,C0243,Call activity observed in connection with simple robbery investigation CASE-2026-0243.,nan
EV02044,Cyber Activity,Cyber Activity involving Naveen Menon,2025-05-12T04:33:25,L0573,C0243,Cyber Activity activity observed in connection with simple robbery investigation CASE-2026-0243.,nan
EV02045,Observation,Observation involving Aditya Verma,2025-04-11T00:54:50,L0315,C0244,Observation activity observed in connection with large financial crime network investigation CASE-2026-0244.,nan
EV02046,Observation,Observation involving Ishaan Mishra,2025-08-14T00:59:56,L0113,C0244,Observation activity observed in connection with large financial crime network investigation CASE-2026-0244.,nan
EV02047,Financial Activity,Financial Activity involving Naina Gupta,2025-07-24T16:09:24,L0368,C0244,Financial Activity activity observed in connection with large financial crime network investigation CASE-2026-0244.,nan
EV02048,Transaction,Transaction involving Aniket Khan,2025-06-05T07:02:22,L0259,C0244,Transaction activity observed in connection with large financial crime network investigation CASE-2026-0244.,E08001
EV02049,Observation,Observation involving Rhea Mishra,2025-08-13T17:59:29,L0494,C0244,Observation activity observed in connection with large financial crime network investigation CASE-2026-0244.,nan
EV02050,Arrest,Arrest involving Manav Pillai,2025-06-06T12:56:30,L0113,C0244,Arrest activity observed in connection with large financial crime network investigation CASE-2026-0244.,nan
EV02051,Financial Activity,Financial Activity involving Sneha Bansal,2025-05-13T07:59:42,L0259,C0244,Financial Activity activity observed in connection with large financial crime network investigation CASE-2026-0244.,nan
EV02052,Arrest,Arrest involving Sana Gupta,2025-08-20T22:43:46,L0113,C0244,Arrest activity observed in connection with large financial crime network investigation CASE-2026-0244.,nan
EV02053,Vehicle Movement,Vehicle Movement involving Yamini Menon,2025-06-01T07:49:44,L0113,C0244,Vehicle Movement activity observed in connection with large financial crime network investigation CASE-2026-0244.,nan
EV02054,Interview,Interview involving Isha Khan,2025-06-06T23:22:35,L0259,C0244,Interview activity observed in connection with large financial crime network investigation CASE-2026-0244.,nan
EV02055,Arrest,Arrest involving Kiara Kulkarni,2025-08-26T15:55:06,L0494,C0244,Arrest activity observed in connection with large financial crime network investigation CASE-2026-0244.,nan
EV02056,Arrest,Arrest involving Sana Gupta,2025-04-28T23:53:09,L0259,C0244,Arrest activity observed in connection with large financial crime network investigation CASE-2026-0244.,nan
EV02057,Call,Call involving Simran Shetty,2025-07-23T18:10:10,L0368,C0244,Call activity observed in connection with large financial crime network investigation CASE-2026-0244.,E08002
EV02058,Transaction,Transaction involving Aditi Sethi,2025-08-05T10:16:08,L0368,C0244,Transaction activity observed in connection with large financial crime network investigation CASE-2026-0244.,E08003
EV02059,Call,Call involving Manav Pillai,2025-06-14T18:28:10,L0494,C0244,Call activity observed in connection with large financial crime network investigation CASE-2026-0244.,nan
EV02060,Evidence Collection,Evidence Collection involving Anushka Gupta,2025-05-10T21:11:02,L0368,C0244,Evidence Collection activity observed in connection with large financial crime network investigation CASE-2026-0244.,nan
EV02061,Surveillance,Surveillance involving Riya Saxena,2025-05-14T13:12:01,L0368,C0244,Surveillance activity observed in connection with large financial crime network investigation CASE-2026-0244.,nan
EV02062,Cyber Activity,Cyber Activity involving Riya Pillai,2025-06-26T00:16:22,L0315,C0244,Cyber Activity activity observed in connection with large financial crime network investigation CASE-2026-0244.,nan
EV02063,Surveillance,Surveillance involving Diya Patil,2025-05-03T12:47:24,L0315,C0244,Surveillance activity observed in connection with large financial crime network investigation CASE-2026-0244.,nan
EV02064,Delivery,Delivery involving Aniket Khan,2025-06-13T05:47:20,L0113,C0244,Delivery activity observed in connection with large financial crime network investigation CASE-2026-0244.,nan
EV02065,Observation,Observation involving Pranav Kapoor,2025-05-06T09:38:01,L0259,C0244,Observation activity observed in connection with large financial crime network investigation CASE-2026-0244.,nan
EV02066,Crime,Crime involving Aditya Verma,2025-08-08T05:47:33,L0494,C0244,Crime activity observed in connection with large financial crime network investigation CASE-2026-0244.,E08004
EV02067,Evidence Collection,Evidence Collection involving Sneha Bansal,2025-05-24T23:01:09,L0113,C0244,Evidence Collection activity observed in connection with large financial crime network investigation CASE-2026-0244.,nan
EV02068,Arrest,Arrest involving Neha Sethi,2025-04-07T16:04:12,L0113,C0244,Arrest activity observed in connection with large financial crime network investigation CASE-2026-0244.,E08005
EV02069,Surveillance,Surveillance involving Diya Patil,2025-07-04T09:31:49,L0113,C0244,Surveillance activity observed in connection with large financial crime network investigation CASE-2026-0244.,E08006
EV02070,Vehicle Movement,Vehicle Movement involving Arnav Jadhav,2025-07-21T21:15:02,L0494,C0244,Vehicle Movement activity observed in connection with large financial crime network investigation CASE-2026-0244.,nan
EV02071,Interview,Interview involving Ishaan Mishra,2025-04-20T09:01:24,L0315,C0244,Interview activity observed in connection with large financial crime network investigation CASE-2026-0244.,E08007
EV02072,Arrest,Arrest involving Ishaan Mishra,2025-04-16T05:29:41,L0113,C0244,Arrest activity observed in connection with large financial crime network investigation CASE-2026-0244.,nan
EV02073,Meeting,Meeting involving Raj Ghosh,2025-08-26T10:30:49,L0113,C0244,Meeting activity observed in connection with large financial crime network investigation CASE-2026-0244.,E08008
EV02074,Meeting,Meeting involving Pranav Kapoor,2025-04-19T02:22:55,L0315,C0244,Meeting activity observed in connection with large financial crime network investigation CASE-2026-0244.,nan
EV02075,Interview,Interview involving Sana Gupta,2025-08-30T02:27:36,L0315,C0244,Interview activity observed in connection with large financial crime network investigation CASE-2026-0244.,nan
EV02076,Call,Call involving Aman Malhotra,2025-05-11T21:59:43,L0113,C0244,Call activity observed in connection with large financial crime network investigation CASE-2026-0244.,nan
EV02077,Surveillance,Surveillance involving Avni Saxena,2025-07-06T23:32:42,L0297,C0245,Surveillance activity observed in connection with property fraud investigation CASE-2026-0245.,E08021
EV02078,Arrest,Arrest involving Anushka Shah,2025-10-26T16:03:17,L0297,C0245,Arrest activity observed in connection with property fraud investigation CASE-2026-0245.,nan
EV02079,Observation,Observation involving Ananya Nair,2025-01-02T12:50:25,L0297,C0245,Observation activity observed in connection with property fraud investigation CASE-2026-0245.,E08022
EV02080,Delivery,Delivery involving Ritesh Ghosh,2025-06-23T08:26:40,L0297,C0245,Delivery activity observed in connection with property fraud investigation CASE-2026-0245.,nan
EV02081,Crime,Crime involving Karan Gupta,2025-01-10T06:51:50,L0562,C0245,Crime activity observed in connection with property fraud investigation CASE-2026-0245.,E08023
EV02082,Vehicle Movement,Vehicle Movement involving Sameer Das,2025-08-15T20:58:30,L0562,C0245,Vehicle Movement activity observed in connection with property fraud investigation CASE-2026-0245.,E08024
EV02083,Surveillance,Surveillance involving Aman Gupta,2025-08-22T07:43:15,L0562,C0245,Surveillance activity observed in connection with property fraud investigation CASE-2026-0245.,nan
EV02084,Evidence Collection,Evidence Collection involving Avni Thakur,2025-11-19T13:39:47,L0035,C0245,Evidence Collection activity observed in connection with property fraud investigation CASE-2026-0245.,E08025
EV02085,Observation,Observation involving Ritesh Ghosh,2025-08-26T03:21:17,L0544,C0245,Observation activity observed in connection with property fraud investigation CASE-2026-0245.,nan
EV02086,Financial Activity,Financial Activity involving Diya Reddy,2025-08-06T12:49:27,L0562,C0245,Financial Activity activity observed in connection with property fraud investigation CASE-2026-0245.,nan
EV02087,Vehicle Movement,Vehicle Movement involving Simran Ghosh,2025-03-12T04:01:51,L0035,C0245,Vehicle Movement activity observed in connection with property fraud investigation CASE-2026-0245.,nan
EV02088,Interview,Interview involving Trisha Shetty,2025-01-03T17:50:10,L0544,C0245,Interview activity observed in connection with property fraud investigation CASE-2026-0245.,nan
EV02089,Surveillance,Surveillance involving Vanya Patil,2025-08-29T04:12:41,L0562,C0245,Surveillance activity observed in connection with property fraud investigation CASE-2026-0245.,nan
EV02090,Cyber Activity,Cyber Activity involving Diya Reddy,2025-08-18T10:53:37,L0544,C0245,Cyber Activity activity observed in connection with property fraud investigation CASE-2026-0245.,nan
EV02091,Meeting,Meeting involving Ananya Bhat,2025-07-28T20:58:22,L0200,C0246,Meeting activity observed in connection with property fraud investigation CASE-2026-0246.,nan
EV02092,Arrest,Arrest involving Kunal Das,2025-06-18T20:39:17,L0278,C0246,Arrest activity observed in connection with property fraud investigation CASE-2026-0246.,E08031
EV02093,Cyber Activity,Cyber Activity involving Tara Rao,2025-05-19T12:32:59,L0326,C0246,Cyber Activity activity observed in connection with property fraud investigation CASE-2026-0246.,nan
EV02094,Observation,Observation involving Kunal Das,2025-04-13T04:57:54,L0181,C0246,Observation activity observed in connection with property fraud investigation CASE-2026-0246.,nan
EV02095,Interview,Interview involving Manav Shah,2025-04-24T03:59:59,L0381,C0247,Interview activity observed in connection with payment fraud investigation CASE-2026-0247.,E08034
EV02096,Delivery,Delivery involving Neha Bansal,2025-01-18T12:48:08,L0047,C0247,Delivery activity observed in connection with payment fraud investigation CASE-2026-0247.,E08035
EV02097,Arrest,Arrest involving Zoya Verma,2025-02-20T23:47:42,L0210,C0247,Arrest activity observed in connection with payment fraud investigation CASE-2026-0247.,E08036
EV02098,Interview,Interview involving Manav Shah,2025-08-20T03:22:20,L0381,C0247,Interview activity observed in connection with payment fraud investigation CASE-2026-0247.,nan
EV02099,Evidence Collection,Evidence Collection involving Aditya Chavan,2025-06-29T04:21:41,L0059,C0248,Evidence Collection activity observed in connection with vehicle theft investigation CASE-2026-0248.,nan
EV02100,Delivery,Delivery involving Naveen Saxena,2025-08-10T05:09:48,L0387,C0248,Delivery activity observed in connection with vehicle theft investigation CASE-2026-0248.,nan
EV02101,Transaction,Transaction involving Dev Thakur,2025-08-22T02:22:24,L0114,C0249,Transaction activity observed in connection with insurance fraud investigation CASE-2026-0249.,nan
EV02102,Vehicle Movement,Vehicle Movement involving Isha Patil,2025-08-30T22:02:03,L0145,C0249,Vehicle Movement activity observed in connection with insurance fraud investigation CASE-2026-0249.,E08046
EV02103,Observation,Observation involving Isha Gupta,2025-08-18T16:38:50,L0114,C0249,Observation activity observed in connection with insurance fraud investigation CASE-2026-0249.,nan
EV02104,Arrest,Arrest involving Naina Jadhav,2025-08-17T09:45:22,L0288,C0249,Arrest activity observed in connection with insurance fraud investigation CASE-2026-0249.,E08047
EV02105,Transaction,Transaction involving Meera Malhotra,2025-08-10T07:40:30,L0583,C0249,Transaction activity observed in connection with insurance fraud investigation CASE-2026-0249.,nan
EV02106,Surveillance,Surveillance involving Vivek Rao,2025-08-08T21:33:40,L0583,C0249,Surveillance activity observed in connection with insurance fraud investigation CASE-2026-0249.,nan
EV02107,Surveillance,Surveillance involving Rahul Nair,2025-08-30T12:25:55,L0583,C0249,Surveillance activity observed in connection with insurance fraud investigation CASE-2026-0249.,E08048
EV02108,Evidence Collection,Evidence Collection involving Dhruv Bhat,2025-08-12T01:05:07,L0583,C0249,Evidence Collection activity observed in connection with insurance fraud investigation CASE-2026-0249.,E08049
EV02109,Vehicle Movement,Vehicle Movement involving Rahul Nair,2025-08-23T16:07:38,L0114,C0249,Vehicle Movement activity observed in connection with insurance fraud investigation CASE-2026-0249.,E08050
EV02110,Cyber Activity,Cyber Activity involving Arnav Thakur,2025-08-14T05:14:14,L0114,C0249,Cyber Activity activity observed in connection with insurance fraud investigation CASE-2026-0249.,nan
EV02111,Surveillance,Surveillance involving Kavya Iyer,2025-08-20T04:49:25,L0139,C0249,Surveillance activity observed in connection with insurance fraud investigation CASE-2026-0249.,nan
EV02112,Surveillance,Surveillance involving Nisha Shah,2025-08-29T18:41:11,L0145,C0249,Surveillance activity observed in connection with insurance fraud investigation CASE-2026-0249.,E08051
EV02113,Financial Activity,Financial Activity involving Kavya Iyer,2025-08-31T19:17:39,L0114,C0249,Financial Activity activity observed in connection with insurance fraud investigation CASE-2026-0249.,nan
EV02114,Evidence Collection,Evidence Collection involving Sana Chavan,2025-08-11T05:23:33,L0114,C0249,Evidence Collection activity observed in connection with insurance fraud investigation CASE-2026-0249.,nan
EV02115,Evidence Collection,Evidence Collection involving Isha Patil,2025-08-16T03:23:03,L0145,C0249,Evidence Collection activity observed in connection with insurance fraud investigation CASE-2026-0249.,nan
EV02116,Transaction,Transaction involving Varun Menon,2025-08-27T15:28:58,L0145,C0249,Transaction activity observed in connection with insurance fraud investigation CASE-2026-0249.,E08052
EV02117,Cyber Activity,Cyber Activity involving Tara Bansal,2025-07-07T23:59:05,L0462,C0250,Cyber Activity activity observed in connection with major cybercrime investigation CASE-2026-0250.,nan
EV02118,Arrest,Arrest involving Siddharth Menon,2025-05-22T20:32:53,L0199,C0250,Arrest activity observed in connection with major cybercrime investigation CASE-2026-0250.,nan
EV02119,Meeting,Meeting involving Siddharth Menon,2025-06-12T03:55:19,L0437,C0250,Meeting activity observed in connection with major cybercrime investigation CASE-2026-0250.,nan
EV02120,Evidence Collection,Evidence Collection involving Tara Bansal,2025-07-18T03:23:39,L0462,C0250,Evidence Collection activity observed in connection with major cybercrime investigation CASE-2026-0250.,nan
EV02121,Cyber Activity,Cyber Activity involving Tara Bansal,2025-05-24T19:12:07,L0199,C0250,Cyber Activity activity observed in connection with major cybercrime investigation CASE-2026-0250.,nan
EV02122,Financial Activity,Financial Activity involving Riya Naik,2025-07-23T06:08:51,L0294,C0250,Financial Activity activity observed in connection with major cybercrime investigation CASE-2026-0250.,nan
EV02123,Vehicle Movement,Vehicle Movement involving Pooja Singh,2025-07-02T09:09:45,L0199,C0250,Vehicle Movement activity observed in connection with major cybercrime investigation CASE-2026-0250.,nan
EV02124,Vehicle Movement,Vehicle Movement involving Naina Jadhav,2025-06-20T11:43:05,L0199,C0250,Vehicle Movement activity observed in connection with major cybercrime investigation CASE-2026-0250.,nan
EV02125,Surveillance,Surveillance involving Siddharth Menon,2025-06-01T16:18:14,L0437,C0250,Surveillance activity observed in connection with major cybercrime investigation CASE-2026-0250.,nan
EV02126,Delivery,Delivery involving Vanya Naik,2025-05-18T07:14:11,L0150,C0251,Delivery activity observed in connection with procurement fraud investigation CASE-2026-0251.,nan
EV02127,Vehicle Movement,Vehicle Movement involving Pallavi Saxena,2025-03-30T15:34:18,L0211,C0251,Vehicle Movement activity observed in connection with procurement fraud investigation CASE-2026-0251.,nan
EV02128,Vehicle Movement,Vehicle Movement involving Aanya Jadhav,2025-07-27T13:01:30,L0150,C0251,Vehicle Movement activity observed in connection with procurement fraud investigation CASE-2026-0251.,E08070
EV02129,Evidence Collection,Evidence Collection involving Kiara Bhat,2025-08-09T05:24:23,L0570,C0251,Evidence Collection activity observed in connection with procurement fraud investigation CASE-2026-0251.,nan
EV02130,Cyber Activity,Cyber Activity involving Karan Das,2025-07-16T00:00:21,L0439,C0251,Cyber Activity activity observed in connection with procurement fraud investigation CASE-2026-0251.,nan
EV02131,Financial Activity,Financial Activity involving Vanya Das,2025-07-15T01:25:11,L0570,C0251,Financial Activity activity observed in connection with procurement fraud investigation CASE-2026-0251.,nan
EV02132,Surveillance,Surveillance involving Aditya Ghosh,2025-06-08T16:19:00,L0439,C0251,Surveillance activity observed in connection with procurement fraud investigation CASE-2026-0251.,nan
EV02133,Evidence Collection,Evidence Collection involving Arnav Rao,2025-07-12T16:05:53,L0439,C0251,Evidence Collection activity observed in connection with procurement fraud investigation CASE-2026-0251.,nan
EV02134,Cyber Activity,Cyber Activity involving Karan Das,2025-11-05T08:40:19,L0439,C0251,Cyber Activity activity observed in connection with procurement fraud investigation CASE-2026-0251.,E08071
EV02135,Arrest,Arrest involving Dev Patil,2025-01-29T07:04:17,L0589,C0252,Arrest activity observed in connection with property fraud investigation CASE-2026-0252.,nan
EV02136,Transaction,Transaction involving Nikhil Malhotra,2025-08-20T15:26:50,L0438,C0252,Transaction activity observed in connection with property fraud investigation CASE-2026-0252.,E08081
EV02137,Arrest,Arrest involving Sameer Iyer,2025-05-30T23:20:44,L0133,C0252,Arrest activity observed in connection with property fraud investigation CASE-2026-0252.,nan
EV02138,Cyber Activity,Cyber Activity involving Aditi Ghosh,2025-01-31T00:38:01,L0589,C0252,Cyber Activity activity observed in connection with property fraud investigation CASE-2026-0252.,E08082
EV02139,Arrest,Arrest involving Aanya Mishra,2025-05-26T23:20:53,L0153,C0252,Arrest activity observed in connection with property fraud investigation CASE-2026-0252.,nan
EV02140,Crime,Crime involving Mahi Verma,2025-12-15T22:05:40,L0589,C0252,Crime activity observed in connection with property fraud investigation CASE-2026-0252.,E08083
EV02141,Transaction,Transaction involving Kavya Malhotra,2025-03-16T23:21:20,L0306,C0252,Transaction activity observed in connection with property fraud investigation CASE-2026-0252.,nan
EV02142,Observation,Observation involving Tara Patil,2025-12-27T12:07:13,L0306,C0252,Observation activity observed in connection with property fraud investigation CASE-2026-0252.,E08084
EV02143,Cyber Activity,Cyber Activity involving Zoya Shetty,2025-10-19T07:59:29,L0133,C0252,Cyber Activity activity observed in connection with property fraud investigation CASE-2026-0252.,E08085
EV02144,Delivery,Delivery involving Dev Patil,2025-02-02T15:39:25,L0133,C0252,Delivery activity observed in connection with property fraud investigation CASE-2026-0252.,nan
EV02145,Delivery,Delivery involving Ananya Khan,2025-09-21T05:19:55,L0133,C0252,Delivery activity observed in connection with property fraud investigation CASE-2026-0252.,E08086
EV02146,Crime,Crime involving Aman Chavan,2025-01-30T02:19:47,L0438,C0252,Crime activity observed in connection with property fraud investigation CASE-2026-0252.,E08087
EV02147,Meeting,Meeting involving Aanya Mishra,2025-01-26T13:58:23,L0438,C0252,Meeting activity observed in connection with property fraud investigation CASE-2026-0252.,E08088
EV02148,Observation,Observation involving Mahi Verma,2025-08-30T15:55:43,L0589,C0252,Observation activity observed in connection with property fraud investigation CASE-2026-0252.,nan
EV02149,Interview,Interview involving Sameer Iyer,2025-11-18T23:32:33,L0133,C0252,Interview activity observed in connection with property fraud investigation CASE-2026-0252.,nan
EV02150,Call,Call involving Sana Verma,2025-08-04T09:55:57,L0133,C0252,Call activity observed in connection with property fraud investigation CASE-2026-0252.,nan
EV02151,Meeting,Meeting involving Aditi Ghosh,2025-08-14T09:17:23,L0306,C0252,Meeting activity observed in connection with property fraud investigation CASE-2026-0252.,nan
EV02152,Meeting,Meeting involving Arnav Naik,2025-06-11T05:33:42,L0153,C0252,Meeting activity observed in connection with property fraud investigation CASE-2026-0252.,nan
EV02153,Arrest,Arrest involving Naveen Chavan,2025-08-16T13:43:25,L0086,C0253,Arrest activity observed in connection with logistics fraud investigation CASE-2026-0253.,nan
EV02154,Observation,Observation involving Mohit Mishra,2025-08-15T16:09:09,L0141,C0253,Observation activity observed in connection with logistics fraud investigation CASE-2026-0253.,nan
EV02155,Observation,Observation involving Pallavi Reddy,2025-08-17T16:42:55,L0102,C0253,Observation activity observed in connection with logistics fraud investigation CASE-2026-0253.,nan
EV02156,Crime,Crime involving Anushka Sethi,2025-08-23T08:18:08,L0102,C0253,Crime activity observed in connection with logistics fraud investigation CASE-2026-0253.,nan
EV02157,Call,Call involving Sameer Das,2025-08-17T15:52:54,L0042,C0253,Call activity observed in connection with logistics fraud investigation CASE-2026-0253.,E08098
EV02158,Delivery,Delivery involving Sameer Das,2025-08-17T20:31:18,L0102,C0253,Delivery activity observed in connection with logistics fraud investigation CASE-2026-0253.,E08099
EV02159,Cyber Activity,Cyber Activity involving Kavya Singh,2025-08-15T08:34:44,L0042,C0253,Cyber Activity activity observed in connection with logistics fraud investigation CASE-2026-0253.,nan
EV02160,Arrest,Arrest involving Tara Shetty,2025-08-27T21:53:34,L0563,C0253,Arrest activity observed in connection with logistics fraud investigation CASE-2026-0253.,nan
EV02161,Delivery,Delivery involving Rhea Singh,2025-08-30T10:40:05,L0086,C0253,Delivery activity observed in connection with logistics fraud investigation CASE-2026-0253.,nan
EV02162,Evidence Collection,Evidence Collection involving Mahi Reddy,2025-08-25T20:34:53,L0141,C0253,Evidence Collection activity observed in connection with logistics fraud investigation CASE-2026-0253.,E08100
EV02163,Surveillance,Surveillance involving Mahi Ghosh,2025-08-17T16:31:24,L0563,C0253,Surveillance activity observed in connection with logistics fraud investigation CASE-2026-0253.,E08101
EV02164,Meeting,Meeting involving Ishaan Joshi,2025-02-28T22:26:55,L0106,C0254,Meeting activity observed in connection with property fraud investigation CASE-2026-0254.,E08107
EV02165,Interview,Interview involving Aditi Kapoor,2025-05-22T09:13:45,L0215,C0254,Interview activity observed in connection with property fraud investigation CASE-2026-0254.,nan
EV02166,Call,Call involving Arnav Thakur,2025-12-13T17:46:07,L0207,C0254,Call activity observed in connection with property fraud investigation CASE-2026-0254.,E08108
EV02167,Arrest,Arrest involving Arnav Singh,2025-05-01T06:52:36,L0215,C0254,Arrest activity observed in connection with property fraud investigation CASE-2026-0254.,E08109
EV02168,Call,Call involving Tara Das,2025-06-10T23:16:07,L0207,C0254,Call activity observed in connection with property fraud investigation CASE-2026-0254.,nan
EV02169,Financial Activity,Financial Activity involving Pranav Chavan,2025-01-21T05:56:24,L0106,C0254,Financial Activity activity observed in connection with property fraud investigation CASE-2026-0254.,E08110
EV02170,Call,Call involving Kavya Sethi,2025-02-26T22:57:14,L0106,C0254,Call activity observed in connection with property fraud investigation CASE-2026-0254.,nan
EV02171,Call,Call involving Karan Kapoor,2025-05-13T06:50:13,L0463,C0254,Call activity observed in connection with property fraud investigation CASE-2026-0254.,nan
EV02172,Observation,Observation involving Varun Mehta,2025-07-11T04:09:58,L0589,C0255,Observation activity observed in connection with major cybercrime investigation CASE-2026-0255.,E08127
EV02173,Financial Activity,Financial Activity involving Mohit Singh,2025-07-19T17:10:07,L0338,C0255,Financial Activity activity observed in connection with major cybercrime investigation CASE-2026-0255.,E08128
EV02174,Financial Activity,Financial Activity involving Aditya Mishra,2025-07-27T21:45:13,L0589,C0255,Financial Activity activity observed in connection with major cybercrime investigation CASE-2026-0255.,nan
EV02175,Delivery,Delivery involving Vivek Khan,2025-06-05T11:31:46,L0032,C0255,Delivery activity observed in connection with major cybercrime investigation CASE-2026-0255.,nan
EV02176,Vehicle Movement,Vehicle Movement involving Mahi Bansal,2025-07-10T07:32:46,L0338,C0255,Vehicle Movement activity observed in connection with major cybercrime investigation CASE-2026-0255.,nan
EV02177,Transaction,Transaction involving Varun Mehta,2025-06-13T21:25:17,L0234,C0255,Transaction activity observed in connection with major cybercrime investigation CASE-2026-0255.,nan
EV02178,Financial Activity,Financial Activity involving Zoya Bansal,2025-03-10T19:17:36,L0589,C0255,Financial Activity activity observed in connection with major cybercrime investigation CASE-2026-0255.,nan
EV02179,Arrest,Arrest involving Manav Nair,2025-05-18T08:21:42,L0234,C0255,Arrest activity observed in connection with major cybercrime investigation CASE-2026-0255.,nan
EV02180,Call,Call involving Dhruv Bhat,2025-03-28T21:17:36,L0338,C0255,Call activity observed in connection with major cybercrime investigation CASE-2026-0255.,nan
EV02181,Interview,Interview involving Yash Thakur,2025-08-30T11:13:05,L0589,C0255,Interview activity observed in connection with major cybercrime investigation CASE-2026-0255.,E08129
EV02182,Call,Call involving Mahi Bansal,2025-07-26T08:14:22,L0589,C0255,Call activity observed in connection with major cybercrime investigation CASE-2026-0255.,nan
EV02183,Delivery,Delivery involving Manav Nair,2025-08-10T05:02:20,L0153,C0255,Delivery activity observed in connection with major cybercrime investigation CASE-2026-0255.,nan
EV02184,Transaction,Transaction involving Kunal Singh,2025-04-01T14:59:29,L0234,C0255,Transaction activity observed in connection with major cybercrime investigation CASE-2026-0255.,nan
EV02185,Arrest,Arrest involving Aditya Mishra,2025-03-04T21:24:06,L0032,C0255,Arrest activity observed in connection with major cybercrime investigation CASE-2026-0255.,nan
EV02186,Call,Call involving Nikhil Reddy,2025-06-19T22:39:44,L0522,C0256,Call activity observed in connection with unauthorized access investigation CASE-2026-0256.,nan
EV02187,Cyber Activity,Cyber Activity involving Harsh Shetty,2025-06-21T23:01:26,L0467,C0256,Cyber Activity activity observed in connection with unauthorized access investigation CASE-2026-0256.,nan
EV02188,Evidence Collection,Evidence Collection involving Avni Chavan,2025-06-22T18:40:48,L0522,C0256,Evidence Collection activity observed in connection with unauthorized access investigation CASE-2026-0256.,nan
EV02189,Financial Activity,Financial Activity involving Yamini Kulkarni,2025-02-28T22:57:24,L0161,C0257,Financial Activity activity observed in connection with logistics fraud investigation CASE-2026-0257.,E08142
EV02190,Crime,Crime involving Nikhil Ghosh,2025-04-22T20:02:11,L0161,C0257,Crime activity observed in connection with logistics fraud investigation CASE-2026-0257.,nan
EV02191,Surveillance,Surveillance involving Yamini Kulkarni,2025-10-06T16:40:06,L0031,C0257,Surveillance activity observed in connection with logistics fraud investigation CASE-2026-0257.,nan
EV02192,Transaction,Transaction involving Naveen Malhotra,2025-08-27T11:49:27,L0031,C0257,Transaction activity observed in connection with logistics fraud investigation CASE-2026-0257.,nan
EV02193,Vehicle Movement,Vehicle Movement involving Yamini Kulkarni,2025-03-29T17:19:55,L0233,C0257,Vehicle Movement activity observed in connection with logistics fraud investigation CASE-2026-0257.,nan
EV02194,Vehicle Movement,Vehicle Movement involving Ananya Reddy,2025-02-15T05:24:13,L0233,C0257,Vehicle Movement activity observed in connection with logistics fraud investigation CASE-2026-0257.,nan
EV02195,Call,Call involving Raj Saxena,2025-07-31T02:55:25,L0311,C0257,Call activity observed in connection with logistics fraud investigation CASE-2026-0257.,nan
EV02196,Meeting,Meeting involving Kavya Menon,2025-09-13T21:40:10,L0311,C0257,Meeting activity observed in connection with logistics fraud investigation CASE-2026-0257.,E08143
EV02197,Crime,Crime involving Ananya Reddy,2025-10-15T18:33:51,L0161,C0257,Crime activity observed in connection with logistics fraud investigation CASE-2026-0257.,nan
EV02198,Delivery,Delivery involving Nikhil Ghosh,2025-08-05T02:23:09,L0161,C0257,Delivery activity observed in connection with logistics fraud investigation CASE-2026-0257.,nan
EV02199,Call,Call involving Raj Saxena,2025-08-25T02:54:48,L0233,C0257,Call activity observed in connection with logistics fraud investigation CASE-2026-0257.,nan
EV02200,Delivery,Delivery involving Arnav Pillai,2025-06-13T03:47:47,L0043,C0258,Delivery activity observed in connection with unauthorized access investigation CASE-2026-0258.,E08144
EV02201,Crime,Crime involving Nikhil Naik,2025-12-18T23:08:31,L0043,C0258,Crime activity observed in connection with unauthorized access investigation CASE-2026-0258.,nan
EV02202,Interview,Interview involving Aarav Das,2025-03-18T23:21:02,L0184,C0259,Interview activity observed in connection with organized cybercrime investigation CASE-2026-0259.,nan
EV02203,Crime,Crime involving Diya Mishra,2025-12-26T11:08:50,L0574,C0259,Crime activity observed in connection with organized cybercrime investigation CASE-2026-0259.,nan
EV02204,Call,Call involving Avni Mehta,2025-12-15T21:08:57,L0574,C0259,Call activity observed in connection with organized cybercrime investigation CASE-2026-0259.,nan
EV02205,Call,Call involving Dhruv Gupta,2025-02-12T17:19:19,L0184,C0259,Call activity observed in connection with organized cybercrime investigation CASE-2026-0259.,nan
EV02206,Observation,Observation involving Mahi Thakur,2025-03-25T20:10:17,L0113,C0259,Observation activity observed in connection with organized cybercrime investigation CASE-2026-0259.,E08168
EV02207,Observation,Observation involving Kabir Thakur,2025-12-29T02:21:11,L0494,C0259,Observation activity observed in connection with organized cybercrime investigation CASE-2026-0259.,E08169
EV02208,Arrest,Arrest involving Manav Das,2025-10-22T18:34:22,L0184,C0259,Arrest activity observed in connection with organized cybercrime investigation CASE-2026-0259.,E08170
EV02209,Transaction,Transaction involving Kiara Kapoor,2025-06-10T03:49:28,L0494,C0259,Transaction activity observed in connection with organized cybercrime investigation CASE-2026-0259.,E08171
EV02210,Evidence Collection,Evidence Collection involving Ananya Iyer,2025-07-01T12:24:11,L0184,C0259,Evidence Collection activity observed in connection with organized cybercrime investigation CASE-2026-0259.,nan
EV02211,Meeting,Meeting involving Siddharth Shetty,2025-08-24T09:49:15,L0184,C0259,Meeting activity observed in connection with organized cybercrime investigation CASE-2026-0259.,nan
EV02212,Interview,Interview involving Sameer Kapoor,2025-01-18T01:00:56,L0184,C0259,Interview activity observed in connection with organized cybercrime investigation CASE-2026-0259.,nan
EV02213,Call,Call involving Dev Bansal,2025-02-02T23:41:12,L0184,C0259,Call activity observed in connection with organized cybercrime investigation CASE-2026-0259.,nan
EV02214,Interview,Interview involving Rhea Mishra,2025-03-20T04:09:31,L0574,C0259,Interview activity observed in connection with organized cybercrime investigation CASE-2026-0259.,E08172
EV02215,Interview,Interview involving Rhea Mishra,2025-06-27T09:47:49,L0574,C0259,Interview activity observed in connection with organized cybercrime investigation CASE-2026-0259.,nan
EV02216,Arrest,Arrest involving Kiara Kapoor,2025-04-12T04:51:09,L0245,C0259,Arrest activity observed in connection with organized cybercrime investigation CASE-2026-0259.,nan
EV02217,Delivery,Delivery involving Karan Mishra,2025-11-10T19:02:36,L0113,C0259,Delivery activity observed in connection with organized cybercrime investigation CASE-2026-0259.,E08173
EV02218,Cyber Activity,Cyber Activity involving Diya Patil,2025-10-04T01:16:06,L0245,C0259,Cyber Activity activity observed in connection with organized cybercrime investigation CASE-2026-0259.,nan
EV02219,Vehicle Movement,Vehicle Movement involving Avni Mehta,2025-02-14T18:49:53,L0184,C0259,Vehicle Movement activity observed in connection with organized cybercrime investigation CASE-2026-0259.,nan
EV02220,Vehicle Movement,Vehicle Movement involving Aditya Patil,2025-07-12T01:01:21,L0574,C0259,Vehicle Movement activity observed in connection with organized cybercrime investigation CASE-2026-0259.,nan
EV02221,Cyber Activity,Cyber Activity involving Meera Kulkarni,2025-11-20T23:39:58,L0494,C0259,Cyber Activity activity observed in connection with organized cybercrime investigation CASE-2026-0259.,nan
EV02222,Surveillance,Surveillance involving Shreya Bansal,2025-02-05T21:17:10,L0184,C0259,Surveillance activity observed in connection with organized cybercrime investigation CASE-2026-0259.,E08174
EV02223,Surveillance,Surveillance involving Siddharth Shetty,2025-01-07T03:50:04,L0184,C0259,Surveillance activity observed in connection with organized cybercrime investigation CASE-2026-0259.,nan
EV02224,Observation,Observation involving Yamini Sethi,2025-05-14T08:59:55,L0184,C0259,Observation activity observed in connection with organized cybercrime investigation CASE-2026-0259.,nan
EV02225,Cyber Activity,Cyber Activity involving Karan Menon,2025-04-18T01:25:36,L0574,C0259,Cyber Activity activity observed in connection with organized cybercrime investigation CASE-2026-0259.,nan
EV02226,Cyber Activity,Cyber Activity involving Harsh Khan,2025-11-16T23:22:32,L0574,C0259,Cyber Activity activity observed in connection with organized cybercrime investigation CASE-2026-0259.,nan
EV02227,Delivery,Delivery involving Vanya Khan,2025-12-02T11:47:25,L0184,C0259,Delivery activity observed in connection with organized cybercrime investigation CASE-2026-0259.,E08175
EV02228,Transaction,Transaction involving Akash Bhat,2025-06-07T10:50:37,L0340,C0260,Transaction activity observed in connection with online fraud investigation CASE-2026-0260.,E08178
EV02229,Delivery,Delivery involving Neha Kapoor,2025-07-10T07:37:37,L0275,C0260,Delivery activity observed in connection with online fraud investigation CASE-2026-0260.,nan
EV02230,Arrest,Arrest involving Neha Iyer,2025-04-05T17:49:17,L0346,C0260,Arrest activity observed in connection with online fraud investigation CASE-2026-0260.,nan
EV02231,Interview,Interview involving Vikram Malhotra,2025-08-08T21:55:14,L0517,C0260,Interview activity observed in connection with online fraud investigation CASE-2026-0260.,nan
EV02232,Financial Activity,Financial Activity involving Sana Naik,2025-08-20T21:20:21,L0063,C0261,Financial Activity activity observed in connection with unauthorized access investigation CASE-2026-0261.,nan
EV02233,Interview,Interview involving Manav Ghosh,2025-07-26T19:21:23,L0054,C0261,Interview activity observed in connection with unauthorized access investigation CASE-2026-0261.,nan
EV02234,Observation,Observation involving Sana Naik,2025-08-03T00:42:39,L0558,C0261,Observation activity observed in connection with unauthorized access investigation CASE-2026-0261.,nan
EV02235,Financial Activity,Financial Activity involving Sana Naik,2025-08-24T03:22:39,L0427,C0261,Financial Activity activity observed in connection with unauthorized access investigation CASE-2026-0261.,nan
EV02236,Vehicle Movement,Vehicle Movement involving Simran Pillai,2025-11-20T10:43:57,L0202,C0262,Vehicle Movement activity observed in connection with major organized crime investigation CASE-2026-0262.,E08193
EV02237,Delivery,Delivery involving Saurabh Sethi,2025-09-10T17:16:17,L0202,C0262,Delivery activity observed in connection with major organized crime investigation CASE-2026-0262.,E08194
EV02238,Arrest,Arrest involving Simran Pillai,2025-07-22T21:01:02,L0033,C0262,Arrest activity observed in connection with major organized crime investigation CASE-2026-0262.,nan
EV02239,Interview,Interview involving Nikhil Shetty,2025-07-30T01:14:31,L0098,C0262,Interview activity observed in connection with major organized crime investigation CASE-2026-0262.,nan
EV02240,Vehicle Movement,Vehicle Movement involving Simran Bansal,2025-11-28T05:01:21,L0033,C0262,Vehicle Movement activity observed in connection with major organized crime investigation CASE-2026-0262.,nan
EV02241,Meeting,Meeting involving Vanya Mehta,2025-04-09T08:33:22,L0033,C0262,Meeting activity observed in connection with major organized crime investigation CASE-2026-0262.,nan
EV02242,Crime,Crime involving Riya Menon,2025-12-11T11:23:29,L0178,C0262,Crime activity observed in connection with major organized crime investigation CASE-2026-0262.,nan
EV02243,Financial Activity,Financial Activity involving Vivek Naik,2025-09-22T15:36:49,L0202,C0262,Financial Activity activity observed in connection with major organized crime investigation CASE-2026-0262.,E08195
EV02244,Vehicle Movement,Vehicle Movement involving Simran Pillai,2025-04-17T03:56:12,L0033,C0262,Vehicle Movement activity observed in connection with major organized crime investigation CASE-2026-0262.,nan
EV02245,Crime,Crime involving Tara Gupta,2025-01-24T00:00:55,L0202,C0262,Crime activity observed in connection with major organized crime investigation CASE-2026-0262.,nan
EV02246,Meeting,Meeting involving Yamini Nair,2025-05-27T23:29:16,L0178,C0262,Meeting activity observed in connection with major organized crime investigation CASE-2026-0262.,E08196
EV02247,Crime,Crime involving Saurabh Sethi,2025-08-13T18:47:25,L0033,C0262,Crime activity observed in connection with major organized crime investigation CASE-2026-0262.,E08197
EV02248,Crime,Crime involving Yamini Nair,2025-03-26T04:53:17,L0033,C0262,Crime activity observed in connection with major organized crime investigation CASE-2026-0262.,E08198
EV02249,Interview,Interview involving Shreya Shah,2025-08-30T15:25:55,L0033,C0262,Interview activity observed in connection with major organized crime investigation CASE-2026-0262.,nan
EV02250,Transaction,Transaction involving Simran Pillai,2025-11-30T09:32:14,L0595,C0262,Transaction activity observed in connection with major organized crime investigation CASE-2026-0262.,E08199
EV02251,Call,Call involving Manav Gupta,2025-02-25T00:29:00,L0178,C0262,Call activity observed in connection with major organized crime investigation CASE-2026-0262.,nan
EV02252,Interview,Interview involving Vanya Mehta,2025-05-16T01:06:02,L0178,C0262,Interview activity observed in connection with major organized crime investigation CASE-2026-0262.,nan
EV02253,Observation,Observation involving Trisha Mehta,2025-07-18T04:45:47,L0178,C0262,Observation activity observed in connection with major organized crime investigation CASE-2026-0262.,E08200
EV02254,Meeting,Meeting involving Simran Nair,2025-06-17T13:58:08,L0278,C0263,Meeting activity observed in connection with online fraud investigation CASE-2026-0263.,nan
EV02255,Call,Call involving Simran Nair,2025-12-28T07:08:15,L0171,C0263,Call activity observed in connection with online fraud investigation CASE-2026-0263.,E08206
EV02256,Arrest,Arrest involving Simran Chavan,2025-09-08T09:06:15,L0171,C0263,Arrest activity observed in connection with online fraud investigation CASE-2026-0263.,nan
EV02257,Transaction,Transaction involving Simran Pillai,2025-08-27T11:27:01,L0278,C0263,Transaction activity observed in connection with online fraud investigation CASE-2026-0263.,nan
EV02258,Vehicle Movement,Vehicle Movement involving Simran Chavan,2025-06-16T07:13:54,L0406,C0263,Vehicle Movement activity observed in connection with online fraud investigation CASE-2026-0263.,E08207
EV02259,Crime,Crime involving Simran Pillai,2025-07-03T15:17:45,L0316,C0263,Crime activity observed in connection with online fraud investigation CASE-2026-0263.,nan
EV02260,Meeting,Meeting involving Harsh Shetty,2025-11-05T03:48:10,L0074,C0264,Meeting activity observed in connection with money laundering investigation investigation CASE-2026-0264.,E08232
EV02261,Cyber Activity,Cyber Activity involving Kabir Menon,2025-08-17T18:55:55,L0030,C0264,Cyber Activity activity observed in connection with money laundering investigation investigation CASE-2026-0264.,E08233
EV02262,Transaction,Transaction involving Kabir Menon,2025-10-24T23:22:04,L0049,C0264,Transaction activity observed in connection with money laundering investigation investigation CASE-2026-0264.,nan
EV02263,Delivery,Delivery involving Anushka Menon,2025-07-23T12:27:48,L0030,C0264,Delivery activity observed in connection with money laundering investigation investigation CASE-2026-0264.,E08234
EV02264,Cyber Activity,Cyber Activity involving Siddharth Gupta,2025-05-20T15:46:18,L0049,C0264,Cyber Activity activity observed in connection with money laundering investigation investigation CASE-2026-0264.,nan
EV02265,Meeting,Meeting involving Harsh Shetty,2025-10-09T10:39:29,L0524,C0264,Meeting activity observed in connection with money laundering investigation investigation CASE-2026-0264.,nan
EV02266,Crime,Crime involving Aman Khan,2025-07-24T12:06:02,L0074,C0264,Crime activity observed in connection with money laundering investigation investigation CASE-2026-0264.,E08235
EV02267,Interview,Interview involving Harsh Patil,2025-07-15T20:12:08,L0065,C0264,Interview activity observed in connection with money laundering investigation investigation CASE-2026-0264.,nan
EV02268,Evidence Collection,Evidence Collection involving Aarav Bhat,2025-08-08T16:12:06,L0065,C0264,Evidence Collection activity observed in connection with money laundering investigation investigation CASE-2026-0264.,nan
EV02269,Delivery,Delivery involving Riya Saxena,2025-03-04T19:30:24,L0074,C0264,Delivery activity observed in connection with money laundering investigation investigation CASE-2026-0264.,E08236
EV02270,Arrest,Arrest involving Dev Mehta,2025-03-05T09:44:22,L0524,C0264,Arrest activity observed in connection with money laundering investigation investigation CASE-2026-0264.,nan
EV02271,Arrest,Arrest involving Varun Jadhav,2025-10-18T09:33:34,L0049,C0264,Arrest activity observed in connection with money laundering investigation investigation CASE-2026-0264.,nan
EV02272,Arrest,Arrest involving Vidhi Thakur,2025-08-18T10:32:02,L0524,C0264,Arrest activity observed in connection with money laundering investigation investigation CASE-2026-0264.,nan
EV02273,Financial Activity,Financial Activity involving Vanya Kulkarni,2025-04-16T23:11:51,L0030,C0264,Financial Activity activity observed in connection with money laundering investigation investigation CASE-2026-0264.,E08237
EV02274,Vehicle Movement,Vehicle Movement involving Diya Das,2025-05-27T18:14:53,L0074,C0264,Vehicle Movement activity observed in connection with money laundering investigation investigation CASE-2026-0264.,nan
EV02275,Vehicle Movement,Vehicle Movement involving Saurabh Nair,2025-02-11T02:31:37,L0065,C0264,Vehicle Movement activity observed in connection with money laundering investigation investigation CASE-2026-0264.,E08238
EV02276,Crime,Crime involving Kiara Gupta,2025-10-09T10:22:21,L0065,C0264,Crime activity observed in connection with money laundering investigation investigation CASE-2026-0264.,E08239
EV02277,Arrest,Arrest involving Aman Khan,2025-08-10T18:23:59,L0049,C0264,Arrest activity observed in connection with money laundering investigation investigation CASE-2026-0264.,nan
EV02278,Cyber Activity,Cyber Activity involving Kabir Menon,2025-06-18T12:49:08,L0524,C0264,Cyber Activity activity observed in connection with money laundering investigation investigation CASE-2026-0264.,nan
EV02279,Vehicle Movement,Vehicle Movement involving Sameer Iyer,2025-02-02T08:05:07,L0065,C0264,Vehicle Movement activity observed in connection with money laundering investigation investigation CASE-2026-0264.,nan
EV02280,Surveillance,Surveillance involving Aman Khan,2025-09-20T03:32:31,L0049,C0264,Surveillance activity observed in connection with money laundering investigation investigation CASE-2026-0264.,nan
EV02281,Transaction,Transaction involving Tara Iyer,2025-09-09T04:29:36,L0524,C0264,Transaction activity observed in connection with money laundering investigation investigation CASE-2026-0264.,nan
EV02282,Vehicle Movement,Vehicle Movement involving Aditya Thakur,2025-06-07T10:06:51,L0065,C0264,Vehicle Movement activity observed in connection with money laundering investigation investigation CASE-2026-0264.,nan
EV02283,Call,Call involving Anushka Menon,2025-02-18T04:59:12,L0524,C0264,Call activity observed in connection with money laundering investigation investigation CASE-2026-0264.,E08240
EV02284,Evidence Collection,Evidence Collection involving Pallavi Das,2025-08-19T20:14:21,L0049,C0264,Evidence Collection activity observed in connection with money laundering investigation investigation CASE-2026-0264.,nan
EV02285,Interview,Interview involving Harsh Patil,2025-01-11T09:26:39,L0065,C0264,Interview activity observed in connection with money laundering investigation investigation CASE-2026-0264.,E08241
EV02286,Cyber Activity,Cyber Activity involving Naina Kapoor,2025-01-14T07:18:21,L0074,C0264,Cyber Activity activity observed in connection with money laundering investigation investigation CASE-2026-0264.,nan
EV02287,Delivery,Delivery involving Aanya Jadhav,2025-01-13T16:06:32,L0524,C0264,Delivery activity observed in connection with money laundering investigation investigation CASE-2026-0264.,nan
EV02288,Meeting,Meeting involving Sneha Thakur,2025-05-17T07:32:19,L0074,C0264,Meeting activity observed in connection with money laundering investigation investigation CASE-2026-0264.,nan
EV02289,Surveillance,Surveillance involving Mohit Kulkarni,2025-03-25T04:35:51,L0524,C0264,Surveillance activity observed in connection with money laundering investigation investigation CASE-2026-0264.,E08242
EV02290,Meeting,Meeting involving Aarav Bhat,2025-09-05T20:02:51,L0074,C0264,Meeting activity observed in connection with money laundering investigation investigation CASE-2026-0264.,E08243
EV02291,Observation,Observation involving Dev Mehta,2025-11-01T23:18:00,L0074,C0264,Observation activity observed in connection with money laundering investigation investigation CASE-2026-0264.,nan
EV02292,Interview,Interview involving Ananya Verma,2025-04-24T08:04:44,L0126,C0265,Interview activity observed in connection with vehicle theft investigation CASE-2026-0265.,nan
EV02293,Crime,Crime involving Manav Desai,2025-06-22T08:32:07,L0262,C0265,Crime activity observed in connection with vehicle theft investigation CASE-2026-0265.,nan
EV02294,Arrest,Arrest involving Ritesh Shah,2025-08-01T01:12:42,L0088,C0266,Arrest activity observed in connection with payment fraud investigation CASE-2026-0266.,E08247
EV02295,Delivery,Delivery involving Ritesh Shah,2025-07-29T02:24:03,L0152,C0266,Delivery activity observed in connection with payment fraud investigation CASE-2026-0266.,nan
EV02296,Cyber Activity,Cyber Activity involving Saurabh Iyer,2025-07-27T08:23:20,L0152,C0266,Cyber Activity activity observed in connection with payment fraud investigation CASE-2026-0266.,nan
EV02297,Surveillance,Surveillance involving Tara Naik,2025-06-20T06:18:33,L0041,C0267,Surveillance activity observed in connection with individual cyber fraud investigation CASE-2026-0267.,nan
EV02298,Interview,Interview involving Vanya Ghosh,2025-06-09T20:59:30,L0041,C0267,Interview activity observed in connection with individual cyber fraud investigation CASE-2026-0267.,nan
EV02299,Evidence Collection,Evidence Collection involving Rahul Rao,2025-12-15T10:44:28,L0585,C0268,Evidence Collection activity observed in connection with financial crime investigation investigation CASE-2026-0268.,nan
EV02300,Vehicle Movement,Vehicle Movement involving Simran Desai,2025-02-25T17:42:19,L0585,C0268,Vehicle Movement activity observed in connection with financial crime investigation investigation CASE-2026-0268.,nan
EV02301,Transaction,Transaction involving Shreya Mishra,2025-09-26T04:46:03,L0336,C0268,Transaction activity observed in connection with financial crime investigation investigation CASE-2026-0268.,nan
EV02302,Surveillance,Surveillance involving Ishita Reddy,2025-06-24T13:24:30,L0336,C0268,Surveillance activity observed in connection with financial crime investigation investigation CASE-2026-0268.,nan
EV02303,Surveillance,Surveillance involving Ishita Reddy,2025-07-18T03:03:51,L0585,C0268,Surveillance activity observed in connection with financial crime investigation investigation CASE-2026-0268.,E08269
EV02304,Observation,Observation involving Shreya Rao,2025-01-14T07:40:19,L0048,C0268,Observation activity observed in connection with financial crime investigation investigation CASE-2026-0268.,nan
EV02305,Crime,Crime involving Manav Saxena,2025-11-06T08:43:03,L0048,C0268,Crime activity observed in connection with financial crime investigation investigation CASE-2026-0268.,nan
EV02306,Crime,Crime involving Isha Malhotra,2025-08-11T05:15:48,L0215,C0268,Crime activity observed in connection with financial crime investigation investigation CASE-2026-0268.,nan
EV02307,Arrest,Arrest involving Vivek Gupta,2025-08-09T19:39:14,L0215,C0268,Arrest activity observed in connection with financial crime investigation investigation CASE-2026-0268.,nan
EV02308,Call,Call involving Shreya Mishra,2025-07-18T23:28:04,L0305,C0268,Call activity observed in connection with financial crime investigation investigation CASE-2026-0268.,E08270
EV02309,Call,Call involving Shreya Shah,2025-07-02T14:16:19,L0215,C0268,Call activity observed in connection with financial crime investigation investigation CASE-2026-0268.,nan
EV02310,Crime,Crime involving Shreya Singh,2025-11-04T02:40:36,L0048,C0268,Crime activity observed in connection with financial crime investigation investigation CASE-2026-0268.,nan
EV02311,Crime,Crime involving Isha Mishra,2025-02-03T12:52:42,L0305,C0268,Crime activity observed in connection with financial crime investigation investigation CASE-2026-0268.,E08271
EV02312,Financial Activity,Financial Activity involving Ishita Reddy,2025-10-31T07:33:59,L0336,C0268,Financial Activity activity observed in connection with financial crime investigation investigation CASE-2026-0268.,nan
EV02313,Arrest,Arrest involving Vivek Gupta,2025-08-19T13:38:33,L0305,C0268,Arrest activity observed in connection with financial crime investigation investigation CASE-2026-0268.,nan
EV02314,Arrest,Arrest involving Arnav Kulkarni,2025-05-01T08:36:14,L0336,C0268,Arrest activity observed in connection with financial crime investigation investigation CASE-2026-0268.,nan
EV02315,Arrest,Arrest involving Varun Rao,2025-06-08T14:43:53,L0194,C0269,Arrest activity observed in connection with data theft investigation CASE-2026-0269.,nan
EV02316,Meeting,Meeting involving Trisha Singh,2025-12-19T00:06:55,L0248,C0269,Meeting activity observed in connection with data theft investigation CASE-2026-0269.,nan
EV02317,Delivery,Delivery involving Trisha Singh,2025-09-06T20:45:24,L0248,C0269,Delivery activity observed in connection with data theft investigation CASE-2026-0269.,nan
EV02318,Delivery,Delivery involving Trisha Gupta,2025-12-20T02:07:43,L0510,C0269,Delivery activity observed in connection with data theft investigation CASE-2026-0269.,E08279
EV02319,Observation,Observation involving Varun Rao,2025-07-23T17:31:34,L0194,C0269,Observation activity observed in connection with data theft investigation CASE-2026-0269.,E08280
EV02320,Interview,Interview involving Varun Rao,2025-12-21T17:59:55,L0034,C0269,Interview activity observed in connection with data theft investigation CASE-2026-0269.,nan
EV02321,Observation,Observation involving Rahul Kapoor,2025-07-14T19:14:56,L0021,C0270,Observation activity observed in connection with identity fraud investigation CASE-2026-0270.,nan
EV02322,Financial Activity,Financial Activity involving Kiara Thakur,2025-05-19T05:57:14,L0070,C0270,Financial Activity activity observed in connection with identity fraud investigation CASE-2026-0270.,nan
EV02323,Call,Call involving Aniket Kapoor,2025-06-03T07:18:28,L0566,C0271,Call activity observed in connection with property fraud investigation CASE-2026-0271.,nan
EV02324,Surveillance,Surveillance involving Vikram Iyer,2025-07-01T01:46:58,L0239,C0271,Surveillance activity observed in connection with property fraud investigation CASE-2026-0271.,nan
EV02325,Interview,Interview involving Sameer Iyer,2025-05-17T18:43:46,L0271,C0271,Interview activity observed in connection with property fraud investigation CASE-2026-0271.,nan
EV02326,Call,Call involving Aniket Kapoor,2025-06-24T16:36:56,L0239,C0271,Call activity observed in connection with property fraud investigation CASE-2026-0271.,nan
EV02327,Cyber Activity,Cyber Activity involving Tanvi Ghosh,2025-04-05T04:03:09,L0395,C0272,Cyber Activity activity observed in connection with procurement fraud investigation CASE-2026-0272.,nan
EV02328,Interview,Interview involving Anushka Ghosh,2025-06-15T15:10:34,L0256,C0272,Interview activity observed in connection with procurement fraud investigation CASE-2026-0272.,nan
EV02329,Vehicle Movement,Vehicle Movement involving Aniket Desai,2025-07-11T12:35:24,L0377,C0272,Vehicle Movement activity observed in connection with procurement fraud investigation CASE-2026-0272.,nan
EV02330,Financial Activity,Financial Activity involving Tara Ghosh,2025-08-06T08:12:54,L0256,C0272,Financial Activity activity observed in connection with procurement fraud investigation CASE-2026-0272.,nan
EV02331,Crime,Crime involving Tara Ghosh,2025-05-26T16:04:23,L0128,C0272,Crime activity observed in connection with procurement fraud investigation CASE-2026-0272.,nan
EV02332,Delivery,Delivery involving Tanvi Ghosh,2025-04-12T01:48:41,L0128,C0272,Delivery activity observed in connection with procurement fraud investigation CASE-2026-0272.,E08292
EV02333,Financial Activity,Financial Activity involving Avni Ghosh,2025-07-20T15:05:41,L0377,C0272,Financial Activity activity observed in connection with procurement fraud investigation CASE-2026-0272.,nan
EV02334,Evidence Collection,Evidence Collection involving Sneha Pillai,2025-06-24T19:37:19,L0256,C0272,Evidence Collection activity observed in connection with procurement fraud investigation CASE-2026-0272.,nan
EV02335,Financial Activity,Financial Activity involving Sneha Shetty,2025-08-17T14:24:37,L0395,C0272,Financial Activity activity observed in connection with procurement fraud investigation CASE-2026-0272.,E08293
EV02336,Arrest,Arrest involving Anushka Iyer,2025-07-12T08:44:28,L0128,C0272,Arrest activity observed in connection with procurement fraud investigation CASE-2026-0272.,nan
EV02337,Surveillance,Surveillance involving Vanya Singh,2025-08-21T06:26:38,L0449,C0272,Surveillance activity observed in connection with procurement fraud investigation CASE-2026-0272.,nan
EV02338,Vehicle Movement,Vehicle Movement involving Aman Naik,2025-04-30T00:42:54,L0162,C0273,Vehicle Movement activity observed in connection with kidnapping investigation CASE-2026-0273.,nan
EV02339,Crime,Crime involving Rohan Ghosh,2025-04-26T22:28:25,L0338,C0273,Crime activity observed in connection with kidnapping investigation CASE-2026-0273.,E08301
EV02340,Transaction,Transaction involving Rohan Ghosh,2025-07-23T00:51:44,L0542,C0273,Transaction activity observed in connection with kidnapping investigation CASE-2026-0273.,nan
EV02341,Call,Call involving Varun Rao,2025-08-10T19:12:25,L0286,C0273,Call activity observed in connection with kidnapping investigation CASE-2026-0273.,nan
EV02342,Evidence Collection,Evidence Collection involving Harsh Naik,2025-06-08T03:02:33,L0338,C0273,Evidence Collection activity observed in connection with kidnapping investigation CASE-2026-0273.,nan
EV02343,Delivery,Delivery involving Avni Mishra,2025-05-18T12:59:01,L0162,C0273,Delivery activity observed in connection with kidnapping investigation CASE-2026-0273.,nan
EV02344,Crime,Crime involving Diya Nair,2025-08-21T08:24:03,L0316,C0274,Crime activity observed in connection with major cybercrime investigation CASE-2026-0274.,E08322
EV02345,Arrest,Arrest involving Vikram Khan,2025-08-13T16:33:57,L0515,C0274,Arrest activity observed in connection with major cybercrime investigation CASE-2026-0274.,nan
EV02346,Observation,Observation involving Yamini Menon,2025-05-16T11:50:11,L0181,C0274,Observation activity observed in connection with major cybercrime investigation CASE-2026-0274.,nan
EV02347,Vehicle Movement,Vehicle Movement involving Ishita Nair,2025-07-06T09:08:18,L0278,C0274,Vehicle Movement activity observed in connection with major cybercrime investigation CASE-2026-0274.,E08323
EV02348,Evidence Collection,Evidence Collection involving Avni Naik,2025-07-25T01:06:18,L0515,C0274,Evidence Collection activity observed in connection with major cybercrime investigation CASE-2026-0274.,E08324
EV02349,Delivery,Delivery involving Trisha Kapoor,2025-07-06T16:26:19,L0240,C0274,Delivery activity observed in connection with major cybercrime investigation CASE-2026-0274.,E08325
EV02350,Financial Activity,Financial Activity involving Pooja Bansal,2025-08-26T23:40:34,L0240,C0274,Financial Activity activity observed in connection with major cybercrime investigation CASE-2026-0274.,E08326
EV02351,Crime,Crime involving Yamini Menon,2025-05-02T20:11:03,L0316,C0274,Crime activity observed in connection with major cybercrime investigation CASE-2026-0274.,nan
EV02352,Financial Activity,Financial Activity involving Neha Kapoor,2025-08-02T05:13:15,L0181,C0274,Financial Activity activity observed in connection with major cybercrime investigation CASE-2026-0274.,nan
EV02353,Cyber Activity,Cyber Activity involving Avni Naik,2025-08-12T12:27:44,L0240,C0274,Cyber Activity activity observed in connection with major cybercrime investigation CASE-2026-0274.,nan
EV02354,Evidence Collection,Evidence Collection involving Ishita Nair,2025-08-15T12:09:46,L0515,C0274,Evidence Collection activity observed in connection with major cybercrime investigation CASE-2026-0274.,E08327
EV02355,Evidence Collection,Evidence Collection involving Pallavi Khan,2025-07-16T18:12:25,L0316,C0274,Evidence Collection activity observed in connection with major cybercrime investigation CASE-2026-0274.,nan
EV02356,Call,Call involving Karan Reddy,2025-05-29T19:23:19,L0278,C0274,Call activity observed in connection with major cybercrime investigation CASE-2026-0274.,nan
EV02357,Surveillance,Surveillance involving Aditi Kulkarni,2025-06-05T16:21:01,L0316,C0274,Surveillance activity observed in connection with major cybercrime investigation CASE-2026-0274.,nan
EV02358,Transaction,Transaction involving Dhruv Malhotra,2025-08-04T19:27:08,L0515,C0274,Transaction activity observed in connection with major cybercrime investigation CASE-2026-0274.,nan
EV02359,Transaction,Transaction involving Aditya Gupta,2025-06-30T00:51:29,L0240,C0274,Transaction activity observed in connection with major cybercrime investigation CASE-2026-0274.,E08328
EV02360,Surveillance,Surveillance involving Pallavi Kulkarni,2025-08-09T23:51:53,L0240,C0274,Surveillance activity observed in connection with major cybercrime investigation CASE-2026-0274.,nan
EV02361,Delivery,Delivery involving Ishaan Desai,2025-07-29T02:05:11,L0316,C0274,Delivery activity observed in connection with major cybercrime investigation CASE-2026-0274.,nan
EV02362,Vehicle Movement,Vehicle Movement involving Vikram Jadhav,2025-05-15T20:59:29,L0181,C0274,Vehicle Movement activity observed in connection with major cybercrime investigation CASE-2026-0274.,nan
EV02363,Meeting,Meeting involving Dhruv Malhotra,2025-07-04T13:08:53,L0316,C0274,Meeting activity observed in connection with major cybercrime investigation CASE-2026-0274.,nan
EV02364,Call,Call involving Pallavi Kulkarni,2025-07-30T13:46:38,L0316,C0274,Call activity observed in connection with major cybercrime investigation CASE-2026-0274.,E08329
EV02365,Surveillance,Surveillance involving Naveen Kulkarni,2025-07-20T17:09:32,L0240,C0274,Surveillance activity observed in connection with major cybercrime investigation CASE-2026-0274.,nan
EV02366,Evidence Collection,Evidence Collection involving Ishita Nair,2025-06-28T04:19:20,L0240,C0274,Evidence Collection activity observed in connection with major cybercrime investigation CASE-2026-0274.,E08330
EV02367,Vehicle Movement,Vehicle Movement involving Vikram Khan,2025-04-30T23:08:04,L0515,C0274,Vehicle Movement activity observed in connection with major cybercrime investigation CASE-2026-0274.,nan
EV02368,Arrest,Arrest involving Naveen Saxena,2025-07-29T01:17:02,L0240,C0274,Arrest activity observed in connection with major cybercrime investigation CASE-2026-0274.,nan
EV02369,Vehicle Movement,Vehicle Movement involving Tara Sethi,2025-07-31T04:23:33,L0181,C0274,Vehicle Movement activity observed in connection with major cybercrime investigation CASE-2026-0274.,nan
EV02370,Cyber Activity,Cyber Activity involving Avni Mehta,2025-10-29T06:55:55,L0358,C0275,Cyber Activity activity observed in connection with theft investigation CASE-2026-0275.,nan
EV02371,Delivery,Delivery involving Sneha Malhotra,2025-02-20T08:50:31,L0287,C0275,Delivery activity observed in connection with theft investigation CASE-2026-0275.,nan
EV02372,Cyber Activity,Cyber Activity involving Ishaan Desai,2025-01-22T16:29:20,L0161,C0275,Cyber Activity activity observed in connection with theft investigation CASE-2026-0275.,nan
EV02373,Transaction,Transaction involving Yamini Saxena,2025-08-17T14:42:47,L0287,C0275,Transaction activity observed in connection with theft investigation CASE-2026-0275.,nan
EV02374,Transaction,Transaction involving Mahi Verma,2025-06-17T12:38:28,L0287,C0275,Transaction activity observed in connection with theft investigation CASE-2026-0275.,E08334
EV02375,Observation,Observation involving Tara Sethi,2025-09-28T03:28:40,L0287,C0275,Observation activity observed in connection with theft investigation CASE-2026-0275.,nan
EV02376,Surveillance,Surveillance involving Karan Nair,2025-05-26T15:46:54,L0287,C0275,Surveillance activity observed in connection with theft investigation CASE-2026-0275.,nan
EV02377,Arrest,Arrest involving Mahi Verma,2025-09-15T01:19:10,L0580,C0275,Arrest activity observed in connection with theft investigation CASE-2026-0275.,E08335
EV02378,Financial Activity,Financial Activity involving Naveen Mehta,2025-09-28T19:51:04,L0580,C0275,Financial Activity activity observed in connection with theft investigation CASE-2026-0275.,nan
EV02379,Call,Call involving Ritesh Thakur,2025-07-02T23:44:01,L0364,C0276,Call activity observed in connection with cyber extortion investigation CASE-2026-0276.,E08339
EV02380,Crime,Crime involving Tanvi Jadhav,2025-06-22T13:38:58,L0102,C0276,Crime activity observed in connection with cyber extortion investigation CASE-2026-0276.,nan
EV02381,Crime,Crime involving Tanvi Jadhav,2025-07-14T04:22:03,L0379,C0276,Crime activity observed in connection with cyber extortion investigation CASE-2026-0276.,E08340
EV02382,Observation,Observation involving Nisha Menon,2025-07-05T16:59:13,L0379,C0276,Observation activity observed in connection with cyber extortion investigation CASE-2026-0276.,nan
EV02383,Vehicle Movement,Vehicle Movement involving Ritesh Thakur,2025-07-16T07:31:44,L0379,C0276,Vehicle Movement activity observed in connection with cyber extortion investigation CASE-2026-0276.,E08341
EV02384,Evidence Collection,Evidence Collection involving Saurabh Thakur,2025-06-26T11:36:43,L0364,C0276,Evidence Collection activity observed in connection with cyber extortion investigation CASE-2026-0276.,nan
EV02385,Meeting,Meeting involving Kabir Gupta,2025-07-04T13:03:00,L0099,C0277,Meeting activity observed in connection with data theft investigation CASE-2026-0277.,nan
EV02386,Transaction,Transaction involving Pooja Malhotra,2025-07-12T14:18:52,L0519,C0277,Transaction activity observed in connection with data theft investigation CASE-2026-0277.,nan
EV02387,Observation,Observation involving Sameer Das,2025-08-08T05:10:48,L0099,C0277,Observation activity observed in connection with data theft investigation CASE-2026-0277.,nan
EV02388,Evidence Collection,Evidence Collection involving Pranav Iyer,2025-06-24T17:27:09,L0499,C0278,Evidence Collection activity observed in connection with major cybercrime investigation CASE-2026-0278.,nan
EV02389,Meeting,Meeting involving Vivek Shah,2025-02-14T21:00:03,L0404,C0278,Meeting activity observed in connection with major cybercrime investigation CASE-2026-0278.,nan
EV02390,Financial Activity,Financial Activity involving Kavya Sethi,2025-06-21T14:11:59,L0485,C0278,Financial Activity activity observed in connection with major cybercrime investigation CASE-2026-0278.,E08352
EV02391,Transaction,Transaction involving Rhea Bansal,2025-06-30T11:53:36,L0499,C0278,Transaction activity observed in connection with major cybercrime investigation CASE-2026-0278.,nan
EV02392,Meeting,Meeting involving Aditya Kulkarni,2025-05-15T05:44:23,L0403,C0278,Meeting activity observed in connection with major cybercrime investigation CASE-2026-0278.,E08353
EV02393,Cyber Activity,Cyber Activity involving Vikram Kulkarni,2025-03-17T00:09:32,L0485,C0278,Cyber Activity activity observed in connection with major cybercrime investigation CASE-2026-0278.,nan
EV02394,Call,Call involving Manav Ghosh,2025-03-05T02:37:58,L0403,C0278,Call activity observed in connection with major cybercrime investigation CASE-2026-0278.,nan
EV02395,Delivery,Delivery involving Rhea Bansal,2025-05-17T07:37:18,L0403,C0278,Delivery activity observed in connection with major cybercrime investigation CASE-2026-0278.,E08354
EV02396,Vehicle Movement,Vehicle Movement involving Aanya Joshi,2025-02-11T16:02:44,L0403,C0278,Vehicle Movement activity observed in connection with major cybercrime investigation CASE-2026-0278.,nan
EV02397,Meeting,Meeting involving Anushka Patil,2025-05-06T21:35:53,L0485,C0278,Meeting activity observed in connection with major cybercrime investigation CASE-2026-0278.,nan
EV02398,Financial Activity,Financial Activity involving Vikram Kulkarni,2025-06-01T06:55:40,L0404,C0278,Financial Activity activity observed in connection with major cybercrime investigation CASE-2026-0278.,nan
EV02399,Arrest,Arrest involving Vivek Shah,2025-07-28T15:31:27,L0022,C0278,Arrest activity observed in connection with major cybercrime investigation CASE-2026-0278.,E08355
EV02400,Evidence Collection,Evidence Collection involving Naina Sethi,2025-03-20T21:50:35,L0022,C0278,Evidence Collection activity observed in connection with major cybercrime investigation CASE-2026-0278.,E08356
EV02401,Observation,Observation involving Aditya Kulkarni,2025-05-29T17:06:16,L0022,C0278,Observation activity observed in connection with major cybercrime investigation CASE-2026-0278.,E08357
EV02402,Financial Activity,Financial Activity involving Ishaan Malhotra,2025-08-16T12:05:29,L0022,C0279,Financial Activity activity observed in connection with property fraud investigation CASE-2026-0279.,nan
EV02403,Transaction,Transaction involving Vanya Das,2025-01-26T14:12:08,L0314,C0279,Transaction activity observed in connection with property fraud investigation CASE-2026-0279.,nan
EV02404,Vehicle Movement,Vehicle Movement involving Vanya Das,2025-08-03T20:18:08,L0022,C0279,Vehicle Movement activity observed in connection with property fraud investigation CASE-2026-0279.,nan
EV02405,Crime,Crime involving Rohan Shetty,2025-04-10T20:03:42,L0314,C0279,Crime activity observed in connection with property fraud investigation CASE-2026-0279.,nan
EV02406,Transaction,Transaction involving Aanya Bhat,2025-11-06T20:59:21,L0314,C0279,Transaction activity observed in connection with property fraud investigation CASE-2026-0279.,nan
EV02407,Financial Activity,Financial Activity involving Arjun Mishra,2025-02-24T05:10:14,L0429,C0279,Financial Activity activity observed in connection with property fraud investigation CASE-2026-0279.,nan
EV02408,Evidence Collection,Evidence Collection involving Pooja Sethi,2025-12-08T03:44:40,L0314,C0279,Evidence Collection activity observed in connection with property fraud investigation CASE-2026-0279.,E08369
EV02409,Observation,Observation involving Mohit Kapoor,2025-03-27T14:43:01,L0314,C0279,Observation activity observed in connection with property fraud investigation CASE-2026-0279.,E08370
EV02410,Evidence Collection,Evidence Collection involving Diya Shah,2025-02-27T07:03:21,L0225,C0279,Evidence Collection activity observed in connection with property fraud investigation CASE-2026-0279.,nan
EV02411,Meeting,Meeting involving Rohan Shetty,2025-06-06T06:18:01,L0225,C0279,Meeting activity observed in connection with property fraud investigation CASE-2026-0279.,E08371
EV02412,Arrest,Arrest involving Aanya Bhat,2025-05-24T19:51:36,L0022,C0279,Arrest activity observed in connection with property fraud investigation CASE-2026-0279.,nan
EV02413,Arrest,Arrest involving Rhea Bhat,2025-08-13T01:21:42,L0488,C0280,Arrest activity observed in connection with identity fraud investigation CASE-2026-0280.,nan
EV02414,Vehicle Movement,Vehicle Movement involving Pooja Chavan,2025-06-14T03:50:03,L0488,C0280,Vehicle Movement activity observed in connection with identity fraud investigation CASE-2026-0280.,E08377
EV02415,Interview,Interview involving Aman Shetty,2025-12-10T23:08:02,L0310,C0280,Interview activity observed in connection with identity fraud investigation CASE-2026-0280.,E08378
EV02416,Financial Activity,Financial Activity involving Pranav Pillai,2025-11-28T17:58:03,L0310,C0280,Financial Activity activity observed in connection with identity fraud investigation CASE-2026-0280.,nan
EV02417,Surveillance,Surveillance involving Rhea Bhat,2025-12-26T03:32:04,L0193,C0280,Surveillance activity observed in connection with identity fraud investigation CASE-2026-0280.,E08379
EV02418,Transaction,Transaction involving Nisha Desai,2025-10-30T00:32:31,L0596,C0281,Transaction activity observed in connection with minor fraud investigation CASE-2026-0281.,nan
EV02419,Financial Activity,Financial Activity involving Riya Nair,2025-08-26T01:20:34,L0368,C0281,Financial Activity activity observed in connection with minor fraud investigation CASE-2026-0281.,nan
EV02420,Vehicle Movement,Vehicle Movement involving Dhruv Joshi,2025-07-16T19:45:40,L0075,C0282,Vehicle Movement activity observed in connection with theft investigation CASE-2026-0282.,nan
EV02421,Cyber Activity,Cyber Activity involving Dhruv Joshi,2025-08-05T10:13:49,L0288,C0282,Cyber Activity activity observed in connection with theft investigation CASE-2026-0282.,nan
EV02422,Vehicle Movement,Vehicle Movement involving Kabir Desai,2025-10-09T16:24:24,L0391,C0282,Vehicle Movement activity observed in connection with theft investigation CASE-2026-0282.,E08381
EV02423,Arrest,Arrest involving Naveen Saxena,2025-02-27T19:53:47,L0075,C0282,Arrest activity observed in connection with theft investigation CASE-2026-0282.,nan
EV02424,Observation,Observation involving Mahi Thakur,2025-04-01T09:50:51,L0244,C0283,Observation activity observed in connection with minor fraud investigation CASE-2026-0283.,nan
EV02425,Meeting,Meeting involving Pranav Shah,2025-05-29T04:48:30,L0244,C0283,Meeting activity observed in connection with minor fraud investigation CASE-2026-0283.,nan
EV02426,Delivery,Delivery involving Mohit Mishra,2025-07-30T16:48:15,L0422,C0284,Delivery activity observed in connection with individual cyber fraud investigation CASE-2026-0284.,E08382
EV02427,Interview,Interview involving Aman Saxena,2025-08-18T05:41:50,L0422,C0284,Interview activity observed in connection with individual cyber fraud investigation CASE-2026-0284.,E08383
EV02428,Arrest,Arrest involving Tara Khan,2025-07-17T00:24:46,L0542,C0285,Arrest activity observed in connection with financial crime investigation investigation CASE-2026-0285.,nan
EV02429,Observation,Observation involving Vivek Pillai,2025-08-18T20:59:04,L0338,C0285,Observation activity observed in connection with financial crime investigation investigation CASE-2026-0285.,nan
EV02430,Arrest,Arrest involving Diya Das,2025-07-25T23:28:24,L0338,C0285,Arrest activity observed in connection with financial crime investigation investigation CASE-2026-0285.,nan
EV02431,Vehicle Movement,Vehicle Movement involving Avni Ghosh,2025-07-22T01:16:31,L0032,C0285,Vehicle Movement activity observed in connection with financial crime investigation investigation CASE-2026-0285.,E08395
EV02432,Crime,Crime involving Akash Khan,2025-06-06T23:06:48,L0323,C0285,Crime activity observed in connection with financial crime investigation investigation CASE-2026-0285.,nan
EV02433,Evidence Collection,Evidence Collection involving Tara Khan,2025-07-18T07:07:19,L0338,C0285,Evidence Collection activity observed in connection with financial crime investigation investigation CASE-2026-0285.,E08396
EV02434,Transaction,Transaction involving Neha Rao,2025-05-26T01:33:05,L0338,C0285,Transaction activity observed in connection with financial crime investigation investigation CASE-2026-0285.,nan
EV02435,Crime,Crime involving Avni Ghosh,2025-06-03T16:06:51,L0542,C0285,Crime activity observed in connection with financial crime investigation investigation CASE-2026-0285.,nan
EV02436,Financial Activity,Financial Activity involving Akash Khan,2025-04-21T23:11:56,L0235,C0285,Financial Activity activity observed in connection with financial crime investigation investigation CASE-2026-0285.,nan
EV02437,Arrest,Arrest involving Vivek Pillai,2025-05-07T13:00:31,L0542,C0285,Arrest activity observed in connection with financial crime investigation investigation CASE-2026-0285.,nan
EV02438,Meeting,Meeting involving Ishaan Ghosh,2025-06-06T15:08:47,L0032,C0285,Meeting activity observed in connection with financial crime investigation investigation CASE-2026-0285.,nan
EV02439,Observation,Observation involving Avni Kapoor,2025-06-07T13:00:44,L0021,C0286,Observation activity observed in connection with vehicle theft network investigation CASE-2026-0286.,nan
EV02440,Financial Activity,Financial Activity involving Vikram Bansal,2025-05-15T15:43:18,L0084,C0286,Financial Activity activity observed in connection with vehicle theft network investigation CASE-2026-0286.,nan
EV02441,Crime,Crime involving Sameer Malhotra,2025-06-11T02:45:46,L0349,C0286,Crime activity observed in connection with vehicle theft network investigation CASE-2026-0286.,nan
EV02442,Arrest,Arrest involving Yash Gupta,2025-05-12T13:31:33,L0084,C0286,Arrest activity observed in connection with vehicle theft network investigation CASE-2026-0286.,E08405
EV02443,Vehicle Movement,Vehicle Movement involving Aditya Verma,2025-07-25T00:04:12,L0349,C0286,Vehicle Movement activity observed in connection with vehicle theft network investigation CASE-2026-0286.,nan
EV02444,Arrest,Arrest involving Ishaan Pillai,2025-08-12T08:29:09,L0021,C0286,Arrest activity observed in connection with vehicle theft network investigation CASE-2026-0286.,nan
EV02445,Surveillance,Surveillance involving Dhruv Chavan,2025-07-29T09:09:57,L0021,C0286,Surveillance activity observed in connection with vehicle theft network investigation CASE-2026-0286.,nan
EV02446,Surveillance,Surveillance involving Ishaan Pillai,2025-06-13T09:59:47,L0349,C0286,Surveillance activity observed in connection with vehicle theft network investigation CASE-2026-0286.,nan
EV02447,Crime,Crime involving Manav Saxena,2025-08-31T09:45:34,L0349,C0286,Crime activity observed in connection with vehicle theft network investigation CASE-2026-0286.,nan
EV02448,Vehicle Movement,Vehicle Movement involving Dev Shetty,2025-08-02T20:05:10,L0431,C0286,Vehicle Movement activity observed in connection with vehicle theft network investigation CASE-2026-0286.,nan
EV02449,Arrest,Arrest involving Yash Gupta,2025-08-30T01:28:28,L0084,C0286,Arrest activity observed in connection with vehicle theft network investigation CASE-2026-0286.,E08406
EV02450,Surveillance,Surveillance involving Aanya Singh,2025-11-16T14:27:43,L0401,C0287,Surveillance activity observed in connection with major cybercrime investigation CASE-2026-0287.,E08425
EV02451,Observation,Observation involving Aniket Das,2025-06-04T04:32:02,L0199,C0287,Observation activity observed in connection with major cybercrime investigation CASE-2026-0287.,nan
EV02452,Call,Call involving Sameer Naik,2025-09-27T18:32:52,L0401,C0287,Call activity observed in connection with major cybercrime investigation CASE-2026-0287.,nan
EV02453,Delivery,Delivery involving Vivek Bhat,2025-06-10T05:17:49,L0401,C0287,Delivery activity observed in connection with major cybercrime investigation CASE-2026-0287.,nan
EV02454,Arrest,Arrest involving Aanya Joshi,2025-06-25T22:28:11,L0199,C0287,Arrest activity observed in connection with major cybercrime investigation CASE-2026-0287.,E08426
EV02455,Observation,Observation involving Aditya Sethi,2025-04-18T16:45:53,L0055,C0287,Observation activity observed in connection with major cybercrime investigation CASE-2026-0287.,nan
EV02456,Call,Call involving Avni Shetty,2025-12-22T22:33:41,L0549,C0287,Call activity observed in connection with major cybercrime investigation CASE-2026-0287.,E08427
EV02457,Evidence Collection,Evidence Collection involving Aarav Desai,2025-07-12T03:13:49,L0549,C0287,Evidence Collection activity observed in connection with major cybercrime investigation CASE-2026-0287.,nan
EV02458,Cyber Activity,Cyber Activity involving Aarav Chavan,2025-06-30T13:31:04,L0199,C0287,Cyber Activity activity observed in connection with major cybercrime investigation CASE-2026-0287.,nan
EV02459,Financial Activity,Financial Activity involving Sameer Menon,2025-03-01T16:06:24,L0055,C0287,Financial Activity activity observed in connection with major cybercrime investigation CASE-2026-0287.,nan
EV02460,Observation,Observation involving Aditya Sethi,2025-12-16T04:38:48,L0401,C0287,Observation activity observed in connection with major cybercrime investigation CASE-2026-0287.,nan
EV02461,Interview,Interview involving Pranav Sethi,2025-11-16T11:42:53,L0055,C0287,Interview activity observed in connection with major cybercrime investigation CASE-2026-0287.,nan
EV02462,Arrest,Arrest involving Mohit Gupta,2025-02-20T15:59:25,L0055,C0287,Arrest activity observed in connection with major cybercrime investigation CASE-2026-0287.,nan
EV02463,Surveillance,Surveillance involving Kiara Mishra,2025-06-20T15:12:51,L0549,C0287,Surveillance activity observed in connection with major cybercrime investigation CASE-2026-0287.,nan
EV02464,Arrest,Arrest involving Mohit Gupta,2025-05-10T11:03:07,L0199,C0287,Arrest activity observed in connection with major cybercrime investigation CASE-2026-0287.,nan
EV02465,Call,Call involving Raj Saxena,2025-11-25T18:01:09,L0401,C0287,Call activity observed in connection with major cybercrime investigation CASE-2026-0287.,nan
EV02466,Arrest,Arrest involving Arjun Ghosh,2025-09-13T06:20:20,L0549,C0287,Arrest activity observed in connection with major cybercrime investigation CASE-2026-0287.,nan
EV02467,Observation,Observation involving Isha Chavan,2025-05-10T18:54:10,L0055,C0287,Observation activity observed in connection with major cybercrime investigation CASE-2026-0287.,nan
EV02468,Arrest,Arrest involving Kiara Reddy,2025-04-25T22:29:51,L0401,C0287,Arrest activity observed in connection with major cybercrime investigation CASE-2026-0287.,nan
EV02469,Financial Activity,Financial Activity involving Kiara Reddy,2025-05-05T06:07:30,L0549,C0287,Financial Activity activity observed in connection with major cybercrime investigation CASE-2026-0287.,nan
EV02470,Financial Activity,Financial Activity involving Mohit Gupta,2025-06-02T20:07:20,L0401,C0287,Financial Activity activity observed in connection with major cybercrime investigation CASE-2026-0287.,nan
EV02471,Meeting,Meeting involving Aarav Desai,2025-08-11T00:01:28,L0199,C0287,Meeting activity observed in connection with major cybercrime investigation CASE-2026-0287.,E08428
EV02472,Arrest,Arrest involving Ishita Joshi,2025-06-27T03:50:59,L0481,C0288,Arrest activity observed in connection with minor fraud investigation CASE-2026-0288.,nan
EV02473,Evidence Collection,Evidence Collection involving Ishita Joshi,2025-05-24T15:54:43,L0500,C0288,Evidence Collection activity observed in connection with minor fraud investigation CASE-2026-0288.,nan
EV02474,Surveillance,Surveillance involving Ishita Joshi,2025-04-16T10:21:25,L0486,C0288,Surveillance activity observed in connection with minor fraud investigation CASE-2026-0288.,nan
EV02475,Financial Activity,Financial Activity involving Karan Mishra,2025-08-18T20:34:34,L0500,C0288,Financial Activity activity observed in connection with minor fraud investigation CASE-2026-0288.,nan
EV02476,Vehicle Movement,Vehicle Movement involving Naveen Mishra,2025-08-09T18:20:29,L0486,C0288,Vehicle Movement activity observed in connection with minor fraud investigation CASE-2026-0288.,nan
EV02477,Transaction,Transaction involving Kiara Patil,2025-09-14T18:36:31,L0229,C0289,Transaction activity observed in connection with organized cybercrime investigation CASE-2026-0289.,E08440
EV02478,Evidence Collection,Evidence Collection involving Arjun Chavan,2025-07-17T19:33:44,L0362,C0289,Evidence Collection activity observed in connection with organized cybercrime investigation CASE-2026-0289.,nan
EV02479,Interview,Interview involving Arjun Chavan,2025-06-22T05:49:34,L0362,C0289,Interview activity observed in connection with organized cybercrime investigation CASE-2026-0289.,nan
EV02480,Meeting,Meeting involving Raj Malhotra,2025-08-20T09:38:37,L0362,C0289,Meeting activity observed in connection with organized cybercrime investigation CASE-2026-0289.,E08441
EV02481,Call,Call involving Harsh Patil,2025-07-02T02:13:35,L0229,C0289,Call activity observed in connection with organized cybercrime investigation CASE-2026-0289.,E08442
EV02482,Meeting,Meeting involving Kiara Patil,2025-10-18T02:08:38,L0362,C0289,Meeting activity observed in connection with organized cybercrime investigation CASE-2026-0289.,nan
EV02483,Surveillance,Surveillance involving Sana Chavan,2025-01-29T15:42:05,L0082,C0289,Surveillance activity observed in connection with organized cybercrime investigation CASE-2026-0289.,E08443
EV02484,Call,Call involving Isha Shah,2025-04-24T04:37:40,L0022,C0289,Call activity observed in connection with organized cybercrime investigation CASE-2026-0289.,nan
EV02485,Delivery,Delivery involving Raj Malhotra,2025-09-02T13:56:00,L0229,C0289,Delivery activity observed in connection with organized cybercrime investigation CASE-2026-0289.,E08444
EV02486,Surveillance,Surveillance involving Kiara Patil,2025-12-25T15:43:26,L0342,C0289,Surveillance activity observed in connection with organized cybercrime investigation CASE-2026-0289.,E08445
EV02487,Arrest,Arrest involving Sneha Nair,2025-11-08T03:28:08,L0050,C0290,Arrest activity observed in connection with document fraud investigation CASE-2026-0290.,nan
EV02488,Financial Activity,Financial Activity involving Aditi Khan,2025-11-04T15:42:53,L0013,C0290,Financial Activity activity observed in connection with document fraud investigation CASE-2026-0290.,E08453
EV02489,Evidence Collection,Evidence Collection involving Aditya Menon,2025-10-23T09:53:51,L0050,C0290,Evidence Collection activity observed in connection with document fraud investigation CASE-2026-0290.,nan
EV02490,Vehicle Movement,Vehicle Movement involving Tanvi Joshi,2025-05-09T06:03:38,L0130,C0290,Vehicle Movement activity observed in connection with document fraud investigation CASE-2026-0290.,nan
EV02491,Arrest,Arrest involving Saurabh Iyer,2025-03-05T22:40:22,L0551,C0291,Arrest activity observed in connection with banking fraud investigation CASE-2026-0291.,E08459
EV02492,Cyber Activity,Cyber Activity involving Raj Naik,2025-05-18T03:34:50,L0124,C0291,Cyber Activity activity observed in connection with banking fraud investigation CASE-2026-0291.,E08460
EV02493,Arrest,Arrest involving Mohit Verma,2025-04-21T03:54:12,L0124,C0291,Arrest activity observed in connection with banking fraud investigation CASE-2026-0291.,E08461
EV02494,Observation,Observation involving Kabir Rao,2025-01-05T13:33:39,L0551,C0291,Observation activity observed in connection with banking fraud investigation CASE-2026-0291.,nan
EV02495,Surveillance,Surveillance involving Kabir Verma,2025-02-05T19:30:33,L0226,C0291,Surveillance activity observed in connection with banking fraud investigation CASE-2026-0291.,nan
EV02496,Meeting,Meeting involving Kabir Rao,2025-01-18T15:13:32,L0124,C0291,Meeting activity observed in connection with banking fraud investigation CASE-2026-0291.,nan
EV02497,Surveillance,Surveillance involving Ananya Patil,2025-01-03T16:37:46,L0021,C0291,Surveillance activity observed in connection with banking fraud investigation CASE-2026-0291.,nan
EV02498,Transaction,Transaction involving Mohit Verma,2025-01-20T06:45:07,L0226,C0291,Transaction activity observed in connection with banking fraud investigation CASE-2026-0291.,nan
EV02499,Vehicle Movement,Vehicle Movement involving Diya Pillai,2025-05-10T21:58:44,L0021,C0291,Vehicle Movement activity observed in connection with banking fraud investigation CASE-2026-0291.,nan
EV02500,Transaction,Transaction involving Saurabh Iyer,2025-01-14T13:48:27,L0226,C0291,Transaction activity observed in connection with banking fraud investigation CASE-2026-0291.,nan
EV02501,Interview,Interview involving Vanya Desai,2025-05-12T14:24:08,L0124,C0291,Interview activity observed in connection with banking fraud investigation CASE-2026-0291.,nan
EV02502,Financial Activity,Financial Activity involving Pranav Iyer,2025-06-24T21:38:25,L0343,C0292,Financial Activity activity observed in connection with individual cyber fraud investigation CASE-2026-0292.,E08462
EV02503,Vehicle Movement,Vehicle Movement involving Mohit Mehta,2025-06-15T17:27:49,L0403,C0292,Vehicle Movement activity observed in connection with individual cyber fraud investigation CASE-2026-0292.,nan
EV02504,Call,Call involving Aanya Nair,2025-07-02T18:51:35,L0289,C0293,Call activity observed in connection with minor fraud investigation CASE-2026-0293.,nan
EV02505,Observation,Observation involving Aanya Nair,2025-05-01T00:24:02,L0289,C0293,Observation activity observed in connection with minor fraud investigation CASE-2026-0293.,nan
EV02506,Observation,Observation involving Diya Mishra,2025-04-06T08:41:39,L0092,C0293,Observation activity observed in connection with minor fraud investigation CASE-2026-0293.,E08464
EV02507,Surveillance,Surveillance involving Kiara Saxena,2025-04-11T04:04:13,L0587,C0294,Surveillance activity observed in connection with financial fraud investigation CASE-2026-0294.,nan
EV02508,Cyber Activity,Cyber Activity involving Raj Singh,2025-05-10T21:55:43,L0523,C0294,Cyber Activity activity observed in connection with financial fraud investigation CASE-2026-0294.,E08469
EV02509,Surveillance,Surveillance involving Kavya Sethi,2025-06-26T14:46:00,L0118,C0294,Surveillance activity observed in connection with financial fraud investigation CASE-2026-0294.,nan
EV02510,Surveillance,Surveillance involving Sana Pillai,2025-06-02T07:03:37,L0523,C0294,Surveillance activity observed in connection with financial fraud investigation CASE-2026-0294.,nan
EV02511,Meeting,Meeting involving Arnav Bansal,2025-07-13T22:52:22,L0055,C0294,Meeting activity observed in connection with financial fraud investigation CASE-2026-0294.,E08470
EV02512,Transaction,Transaction involving Kiara Saxena,2025-05-09T07:17:42,L0512,C0294,Transaction activity observed in connection with financial fraud investigation CASE-2026-0294.,nan
EV02513,Vehicle Movement,Vehicle Movement involving Dhruv Kapoor,2025-02-18T04:54:26,L0523,C0294,Vehicle Movement activity observed in connection with financial fraud investigation CASE-2026-0294.,nan
EV02514,Evidence Collection,Evidence Collection involving Trisha Singh,2025-03-15T11:27:42,L0523,C0294,Evidence Collection activity observed in connection with financial fraud investigation CASE-2026-0294.,E08471
EV02515,Transaction,Transaction involving Tanvi Bhat,2025-04-22T06:14:35,L0413,C0295,Transaction activity observed in connection with money laundering investigation investigation CASE-2026-0295.,nan
EV02516,Interview,Interview involving Pranav Iyer,2025-06-27T17:29:20,L0542,C0295,Interview activity observed in connection with money laundering investigation investigation CASE-2026-0295.,nan
EV02517,Evidence Collection,Evidence Collection involving Dev Kapoor,2025-10-03T09:07:51,L0389,C0295,Evidence Collection activity observed in connection with money laundering investigation investigation CASE-2026-0295.,nan
EV02518,Interview,Interview involving Mohit Saxena,2025-03-16T11:36:02,L0253,C0295,Interview activity observed in connection with money laundering investigation investigation CASE-2026-0295.,E08478
EV02519,Cyber Activity,Cyber Activity involving Akash Patil,2025-01-16T13:14:26,L0413,C0295,Cyber Activity activity observed in connection with money laundering investigation investigation CASE-2026-0295.,nan
EV02520,Interview,Interview involving Varun Verma,2025-01-08T23:40:42,L0413,C0295,Interview activity observed in connection with money laundering investigation investigation CASE-2026-0295.,nan
EV02521,Transaction,Transaction involving Sameer Nair,2025-01-03T18:04:15,L0253,C0295,Transaction activity observed in connection with money laundering investigation investigation CASE-2026-0295.,nan
EV02522,Observation,Observation involving Anushka Reddy,2025-08-12T13:09:40,L0413,C0295,Observation activity observed in connection with money laundering investigation investigation CASE-2026-0295.,nan
EV02523,Surveillance,Surveillance involving Sameer Iyer,2025-09-30T22:48:51,L0389,C0295,Surveillance activity observed in connection with money laundering investigation investigation CASE-2026-0295.,nan
EV02524,Arrest,Arrest involving Neha Kapoor,2025-06-27T04:58:16,L0389,C0295,Arrest activity observed in connection with money laundering investigation investigation CASE-2026-0295.,E08479
EV02525,Evidence Collection,Evidence Collection involving Varun Verma,2025-10-22T05:05:02,L0389,C0295,Evidence Collection activity observed in connection with money laundering investigation investigation CASE-2026-0295.,E08480
EV02526,Observation,Observation involving Ishaan Ghosh,2025-09-25T21:23:59,L0236,C0296,Observation activity observed in connection with digital fraud investigation CASE-2026-0296.,nan
EV02527,Crime,Crime involving Ishaan Ghosh,2025-07-27T07:14:23,L0020,C0296,Crime activity observed in connection with digital fraud investigation CASE-2026-0296.,nan
EV02528,Interview,Interview involving Naveen Gupta,2025-09-10T08:01:13,L0256,C0296,Interview activity observed in connection with digital fraud investigation CASE-2026-0296.,nan
EV02529,Cyber Activity,Cyber Activity involving Tara Rao,2025-12-01T17:55:17,L0418,C0296,Cyber Activity activity observed in connection with digital fraud investigation CASE-2026-0296.,E08483
EV02530,Vehicle Movement,Vehicle Movement involving Karan Mehta,2025-08-24T15:42:53,L0236,C0296,Vehicle Movement activity observed in connection with digital fraud investigation CASE-2026-0296.,nan
EV02531,Arrest,Arrest involving Vanya Das,2025-07-01T09:11:44,L0418,C0296,Arrest activity observed in connection with digital fraud investigation CASE-2026-0296.,nan
EV02532,Arrest,Arrest involving Ishaan Ghosh,2025-11-14T15:48:38,L0418,C0296,Arrest activity observed in connection with digital fraud investigation CASE-2026-0296.,nan
EV02533,Arrest,Arrest involving Karan Mehta,2025-02-24T10:12:52,L0155,C0296,Arrest activity observed in connection with digital fraud investigation CASE-2026-0296.,nan
EV02534,Transaction,Transaction involving Pallavi Bhat,2025-04-17T01:10:59,L0277,C0297,Transaction activity observed in connection with theft investigation CASE-2026-0297.,nan
EV02535,Cyber Activity,Cyber Activity involving Aniket Malhotra,2025-07-11T05:52:47,L0146,C0297,Cyber Activity activity observed in connection with theft investigation CASE-2026-0297.,nan
EV02536,Surveillance,Surveillance involving Nikhil Reddy,2025-01-30T18:10:24,L0001,C0298,Surveillance activity observed in connection with identity fraud investigation CASE-2026-0298.,E08489
EV02537,Observation,Observation involving Nikhil Reddy,2025-03-23T05:53:02,L0001,C0298,Observation activity observed in connection with identity fraud investigation CASE-2026-0298.,nan
EV02538,Crime,Crime involving Vanya Menon,2025-08-20T14:11:21,L0069,C0299,Crime activity observed in connection with payment fraud investigation CASE-2026-0299.,E08492
EV02539,Arrest,Arrest involving Aditi Gupta,2025-08-23T03:06:33,L0244,C0299,Arrest activity observed in connection with payment fraud investigation CASE-2026-0299.,E08493
EV02540,Arrest,Arrest involving Sana Rao,2025-08-23T22:20:39,L0019,C0299,Arrest activity observed in connection with payment fraud investigation CASE-2026-0299.,nan
EV02541,Meeting,Meeting involving Sana Rao,2025-08-25T20:33:52,L0324,C0299,Meeting activity observed in connection with payment fraud investigation CASE-2026-0299.,E08494
EV02542,Evidence Collection,Evidence Collection involving Pooja Das,2025-08-19T11:46:17,L0551,C0300,Evidence Collection activity observed in connection with unauthorized access investigation CASE-2026-0300.,nan
EV02543,Call,Call involving Pooja Das,2025-08-24T06:19:30,L0562,C0300,Call activity observed in connection with unauthorized access investigation CASE-2026-0300.,nan
EV02544,Interview,Interview involving Naveen Singh,2025-07-16T06:45:46,L0295,C0301,Interview activity observed in connection with document fraud investigation CASE-2026-0301.,nan
EV02545,Financial Activity,Financial Activity involving Mahi Jadhav,2025-02-22T13:16:53,L0102,C0301,Financial Activity activity observed in connection with document fraud investigation CASE-2026-0301.,nan
EV02546,Transaction,Transaction involving Aditya Menon,2025-04-28T01:45:14,L0379,C0301,Transaction activity observed in connection with document fraud investigation CASE-2026-0301.,nan
EV02547,Surveillance,Surveillance involving Saurabh Singh,2025-07-03T20:45:16,L0102,C0301,Surveillance activity observed in connection with document fraud investigation CASE-2026-0301.,nan
EV02548,Arrest,Arrest involving Kunal Mishra,2025-06-30T20:26:02,L0379,C0301,Arrest activity observed in connection with document fraud investigation CASE-2026-0301.,nan
EV02549,Crime,Crime involving Aniket Mishra,2025-07-08T12:27:14,L0457,C0302,Crime activity observed in connection with corporate fraud investigation CASE-2026-0302.,nan
EV02550,Vehicle Movement,Vehicle Movement involving Pranav Kulkarni,2025-03-29T09:53:31,L0144,C0302,Vehicle Movement activity observed in connection with corporate fraud investigation CASE-2026-0302.,nan
EV02551,Interview,Interview involving Pooja Mishra,2025-11-01T02:32:27,L0457,C0302,Interview activity observed in connection with corporate fraud investigation CASE-2026-0302.,nan
EV02552,Delivery,Delivery involving Pooja Nair,2025-08-19T05:07:21,L0295,C0303,Delivery activity observed in connection with unauthorized access investigation CASE-2026-0303.,nan
EV02553,Evidence Collection,Evidence Collection involving Meera Kapoor,2025-10-18T07:30:59,L0042,C0303,Evidence Collection activity observed in connection with unauthorized access investigation CASE-2026-0303.,E08501
EV02554,Interview,Interview involving Isha Shah,2025-10-30T02:22:39,L0291,C0304,Interview activity observed in connection with organized cybercrime investigation CASE-2026-0304.,nan
EV02555,Meeting,Meeting involving Aditi Shah,2025-05-11T22:24:05,L0291,C0304,Meeting activity observed in connection with organized cybercrime investigation CASE-2026-0304.,nan
EV02556,Surveillance,Surveillance involving Mahi Gupta,2025-06-14T07:30:46,L0582,C0304,Surveillance activity observed in connection with organized cybercrime investigation CASE-2026-0304.,E08508
EV02557,Cyber Activity,Cyber Activity involving Kunal Bansal,2025-04-25T03:39:54,L0508,C0304,Cyber Activity activity observed in connection with organized cybercrime investigation CASE-2026-0304.,nan
EV02558,Observation,Observation involving Karan Thakur,2025-12-04T08:55:51,L0291,C0304,Observation activity observed in connection with organized cybercrime investigation CASE-2026-0304.,nan
EV02559,Transaction,Transaction involving Karan Thakur,2025-04-03T17:07:45,L0577,C0304,Transaction activity observed in connection with organized cybercrime investigation CASE-2026-0304.,nan
EV02560,Call,Call involving Vivek Rao,2025-08-27T13:05:04,L0461,C0305,Call activity observed in connection with insurance fraud investigation CASE-2026-0305.,nan
EV02561,Interview,Interview involving Saurabh Sethi,2025-01-09T04:23:11,L0251,C0305,Interview activity observed in connection with insurance fraud investigation CASE-2026-0305.,nan
EV02562,Surveillance,Surveillance involving Ritesh Chavan,2025-09-11T22:23:21,L0353,C0305,Surveillance activity observed in connection with insurance fraud investigation CASE-2026-0305.,nan
EV02563,Crime,Crime involving Saurabh Sethi,2025-07-28T08:30:33,L0461,C0305,Crime activity observed in connection with insurance fraud investigation CASE-2026-0305.,nan
EV02564,Observation,Observation involving Nisha Desai,2025-11-17T23:47:59,L0294,C0306,Observation activity observed in connection with burglary investigation CASE-2026-0306.,E08517
EV02565,Interview,Interview involving Nisha Gupta,2025-04-29T04:51:32,L0053,C0306,Interview activity observed in connection with burglary investigation CASE-2026-0306.,nan
EV02566,Evidence Collection,Evidence Collection involving Rhea Das,2025-05-07T09:59:37,L0505,C0306,Evidence Collection activity observed in connection with burglary investigation CASE-2026-0306.,nan
EV02567,Evidence Collection,Evidence Collection involving Shreya Sethi,2025-04-22T11:24:02,L0423,C0307,Evidence Collection activity observed in connection with logistics fraud investigation CASE-2026-0307.,nan
EV02568,Crime,Crime involving Vivek Iyer,2025-08-29T00:48:44,L0247,C0307,Crime activity observed in connection with logistics fraud investigation CASE-2026-0307.,nan
EV02569,Delivery,Delivery involving Ishaan Shah,2025-08-03T11:22:35,L0074,C0307,Delivery activity observed in connection with logistics fraud investigation CASE-2026-0307.,nan
EV02570,Interview,Interview involving Pooja Sethi,2025-02-22T16:38:44,L0195,C0307,Interview activity observed in connection with logistics fraud investigation CASE-2026-0307.,nan
EV02571,Delivery,Delivery involving Sneha Mishra,2025-05-24T14:40:50,L0423,C0307,Delivery activity observed in connection with logistics fraud investigation CASE-2026-0307.,E08526
EV02572,Evidence Collection,Evidence Collection involving Mohit Rao,2025-08-28T07:52:19,L0538,C0308,Evidence Collection activity observed in connection with minor fraud investigation CASE-2026-0308.,nan
EV02573,Cyber Activity,Cyber Activity involving Meera Das,2025-05-13T05:39:36,L0525,C0308,Cyber Activity activity observed in connection with minor fraud investigation CASE-2026-0308.,nan
EV02574,Vehicle Movement,Vehicle Movement involving Ritesh Thakur,2025-08-24T09:29:49,L0479,C0309,Vehicle Movement activity observed in connection with minor fraud investigation CASE-2026-0309.,E08531
EV02575,Cyber Activity,Cyber Activity involving Nikhil Nair,2025-08-31T20:54:30,L0479,C0309,Cyber Activity activity observed in connection with minor fraud investigation CASE-2026-0309.,nan
EV02576,Arrest,Arrest involving Ritesh Thakur,2025-04-26T01:48:22,L0329,C0309,Arrest activity observed in connection with minor fraud investigation CASE-2026-0309.,nan
EV02577,Arrest,Arrest involving Akash Saxena,2025-02-10T17:13:22,L0535,C0310,Arrest activity observed in connection with cyber extortion investigation CASE-2026-0310.,E08538
EV02578,Delivery,Delivery involving Avni Gupta,2025-09-29T06:27:09,L0394,C0310,Delivery activity observed in connection with cyber extortion investigation CASE-2026-0310.,nan
EV02579,Delivery,Delivery involving Aanya Das,2025-08-10T11:26:29,L0394,C0310,Delivery activity observed in connection with cyber extortion investigation CASE-2026-0310.,E08539
EV02580,Delivery,Delivery involving Tara Chavan,2025-12-13T03:39:35,L0149,C0310,Delivery activity observed in connection with cyber extortion investigation CASE-2026-0310.,nan
EV02581,Call,Call involving Tara Chavan,2025-08-04T12:48:19,L0394,C0310,Call activity observed in connection with cyber extortion investigation CASE-2026-0310.,nan
EV02582,Interview,Interview involving Shreya Kulkarni,2025-11-26T14:50:11,L0521,C0310,Interview activity observed in connection with cyber extortion investigation CASE-2026-0310.,E08540
EV02583,Meeting,Meeting involving Shreya Kulkarni,2025-08-14T17:57:33,L0149,C0310,Meeting activity observed in connection with cyber extortion investigation CASE-2026-0310.,E08541
EV02584,Financial Activity,Financial Activity involving Akash Saxena,2025-02-24T21:17:22,L0149,C0310,Financial Activity activity observed in connection with cyber extortion investigation CASE-2026-0310.,nan
EV02585,Transaction,Transaction involving Arnav Das,2025-05-17T02:06:21,L0149,C0310,Transaction activity observed in connection with cyber extortion investigation CASE-2026-0310.,E08542
EV02586,Financial Activity,Financial Activity involving Ananya Iyer,2025-04-29T23:11:11,L0149,C0310,Financial Activity activity observed in connection with cyber extortion investigation CASE-2026-0310.,nan
EV02587,Evidence Collection,Evidence Collection involving Nikhil Nair,2025-03-27T15:33:01,L0086,C0311,Evidence Collection activity observed in connection with individual cyber fraud investigation CASE-2026-0311.,nan
EV02588,Crime,Crime involving Nikhil Nair,2025-01-05T00:48:02,L0059,C0311,Crime activity observed in connection with individual cyber fraud investigation CASE-2026-0311.,E08543
EV02589,Interview,Interview involving Ishita Nair,2025-02-10T21:20:40,L0131,C0311,Interview activity observed in connection with individual cyber fraud investigation CASE-2026-0311.,E08544
EV02590,Surveillance,Surveillance involving Ishaan Naik,2025-07-15T10:34:15,L0376,C0312,Surveillance activity observed in connection with vehicle theft investigation CASE-2026-0312.,nan
EV02591,Cyber Activity,Cyber Activity involving Mahi Pillai,2025-04-12T19:20:01,L0376,C0312,Cyber Activity activity observed in connection with vehicle theft investigation CASE-2026-0312.,nan
EV02592,Delivery,Delivery involving Rhea Kulkarni,2025-08-13T16:36:50,L0291,C0312,Delivery activity observed in connection with vehicle theft investigation CASE-2026-0312.,E08549
EV02593,Crime,Crime involving Siddharth Thakur,2025-02-21T20:46:29,L0417,C0312,Crime activity observed in connection with vehicle theft investigation CASE-2026-0312.,E08550
EV02594,Observation,Observation involving Naina Mehta,2025-08-27T09:31:21,L0137,C0313,Observation activity observed in connection with vehicle theft network investigation CASE-2026-0313.,nan
EV02595,Arrest,Arrest involving Ishita Kulkarni,2025-01-22T01:11:58,L0296,C0313,Arrest activity observed in connection with vehicle theft network investigation CASE-2026-0313.,nan
EV02596,Observation,Observation involving Avni Bhat,2025-05-05T08:48:19,L0067,C0313,Observation activity observed in connection with vehicle theft network investigation CASE-2026-0313.,E08558
EV02597,Crime,Crime involving Ishita Kulkarni,2025-05-09T21:33:15,L0480,C0313,Crime activity observed in connection with vehicle theft network investigation CASE-2026-0313.,E08559
EV02598,Crime,Crime involving Dhruv Mishra,2025-06-05T14:46:01,L0067,C0313,Crime activity observed in connection with vehicle theft network investigation CASE-2026-0313.,E08560
EV02599,Meeting,Meeting involving Ishita Singh,2025-07-28T05:44:39,L0480,C0313,Meeting activity observed in connection with vehicle theft network investigation CASE-2026-0313.,E08561
EV02600,Arrest,Arrest involving Naina Mehta,2025-09-23T21:42:00,L0137,C0313,Arrest activity observed in connection with vehicle theft network investigation CASE-2026-0313.,nan
EV02601,Surveillance,Surveillance involving Aarav Iyer,2025-05-12T23:31:11,L0480,C0313,Surveillance activity observed in connection with vehicle theft network investigation CASE-2026-0313.,nan
EV02602,Cyber Activity,Cyber Activity involving Nisha Nair,2025-04-15T07:56:57,L0480,C0313,Cyber Activity activity observed in connection with vehicle theft network investigation CASE-2026-0313.,E08562
EV02603,Observation,Observation involving Ishita Kulkarni,2025-07-31T23:37:59,L0480,C0313,Observation activity observed in connection with vehicle theft network investigation CASE-2026-0313.,nan
EV02604,Interview,Interview involving Avni Bhat,2025-02-14T04:32:12,L0248,C0313,Interview activity observed in connection with vehicle theft network investigation CASE-2026-0313.,nan
EV02605,Vehicle Movement,Vehicle Movement involving Dhruv Mishra,2025-12-23T02:14:13,L0248,C0313,Vehicle Movement activity observed in connection with vehicle theft network investigation CASE-2026-0313.,nan
EV02606,Observation,Observation involving Aarav Iyer,2025-06-13T03:18:04,L0137,C0313,Observation activity observed in connection with vehicle theft network investigation CASE-2026-0313.,E08563
EV02607,Surveillance,Surveillance involving Tanvi Das,2025-04-23T13:55:27,L0248,C0313,Surveillance activity observed in connection with vehicle theft network investigation CASE-2026-0313.,nan
EV02608,Arrest,Arrest involving Dhruv Mishra,2025-04-02T01:56:08,L0137,C0313,Arrest activity observed in connection with vehicle theft network investigation CASE-2026-0313.,nan
EV02609,Arrest,Arrest involving Dhruv Rao,2025-12-10T11:29:31,L0296,C0313,Arrest activity observed in connection with vehicle theft network investigation CASE-2026-0313.,nan
EV02610,Evidence Collection,Evidence Collection involving Sneha Menon,2025-01-19T12:34:54,L0091,C0314,Evidence Collection activity observed in connection with assault investigation CASE-2026-0314.,E08564
EV02611,Interview,Interview involving Vivek Joshi,2025-05-24T06:26:45,L0545,C0314,Interview activity observed in connection with assault investigation CASE-2026-0314.,E08565
EV02612,Evidence Collection,Evidence Collection involving Trisha Desai,2025-06-16T17:15:55,L0305,C0315,Evidence Collection activity observed in connection with identity fraud investigation CASE-2026-0315.,E08569
EV02613,Transaction,Transaction involving Manav Mehta,2025-12-06T21:53:02,L0531,C0315,Transaction activity observed in connection with identity fraud investigation CASE-2026-0315.,nan
EV02614,Crime,Crime involving Nikhil Mehta,2025-07-21T17:46:57,L0558,C0316,Crime activity observed in connection with major cybercrime investigation CASE-2026-0316.,nan
EV02615,Financial Activity,Financial Activity involving Aditi Thakur,2025-07-27T13:24:05,L0283,C0316,Financial Activity activity observed in connection with major cybercrime investigation CASE-2026-0316.,E08585
EV02616,Call,Call involving Sameer Bhat,2025-07-06T05:33:46,L0077,C0316,Call activity observed in connection with major cybercrime investigation CASE-2026-0316.,E08586
EV02617,Meeting,Meeting involving Neha Naik,2025-08-19T02:51:22,L0558,C0316,Meeting activity observed in connection with major cybercrime investigation CASE-2026-0316.,E08587
EV02618,Cyber Activity,Cyber Activity involving Aditya Joshi,2025-08-26T09:03:43,L0558,C0316,Cyber Activity activity observed in connection with major cybercrime investigation CASE-2026-0316.,nan
EV02619,Observation,Observation involving Rhea Bansal,2025-07-18T03:15:56,L0558,C0316,Observation activity observed in connection with major cybercrime investigation CASE-2026-0316.,nan
EV02620,Vehicle Movement,Vehicle Movement involving Sneha Thakur,2025-08-16T15:30:18,L0558,C0316,Vehicle Movement activity observed in connection with major cybercrime investigation CASE-2026-0316.,nan
EV02621,Transaction,Transaction involving Sameer Bhat,2025-07-17T15:46:26,L0283,C0316,Transaction activity observed in connection with major cybercrime investigation CASE-2026-0316.,nan
EV02622,Surveillance,Surveillance involving Karan Das,2025-08-10T17:22:39,L0283,C0316,Surveillance activity observed in connection with major cybercrime investigation CASE-2026-0316.,nan
EV02623,Surveillance,Surveillance involving Nikhil Mehta,2025-08-08T17:10:52,L0558,C0316,Surveillance activity observed in connection with major cybercrime investigation CASE-2026-0316.,E08588
EV02624,Vehicle Movement,Vehicle Movement involving Nikhil Mehta,2025-08-25T06:59:09,L0117,C0316,Vehicle Movement activity observed in connection with major cybercrime investigation CASE-2026-0316.,E08589
EV02625,Transaction,Transaction involving Neha Pillai,2025-07-20T02:32:21,L0077,C0316,Transaction activity observed in connection with major cybercrime investigation CASE-2026-0316.,nan
EV02626,Call,Call involving Sana Verma,2025-08-24T12:44:27,L0077,C0316,Call activity observed in connection with major cybercrime investigation CASE-2026-0316.,E08590
EV02627,Delivery,Delivery involving Raj Kapoor,2025-08-22T10:02:17,L0077,C0316,Delivery activity observed in connection with major cybercrime investigation CASE-2026-0316.,E08591
EV02628,Vehicle Movement,Vehicle Movement involving Tanvi Bansal,2025-06-24T06:40:42,L0329,C0317,Vehicle Movement activity observed in connection with large organized crime network investigation CASE-2026-0317.,nan
EV02629,Surveillance,Surveillance involving Anushka Malhotra,2025-06-19T08:32:02,L0441,C0317,Surveillance activity observed in connection with large organized crime network investigation CASE-2026-0317.,nan
EV02630,Interview,Interview involving Zoya Naik,2025-08-06T11:58:27,L0198,C0317,Interview activity observed in connection with large organized crime network investigation CASE-2026-0317.,nan
EV02631,Crime,Crime involving Siddharth Saxena,2025-05-07T03:32:26,L0204,C0317,Crime activity observed in connection with large organized crime network investigation CASE-2026-0317.,nan
EV02632,Cyber Activity,Cyber Activity involving Sana Pillai,2025-08-03T13:32:05,L0441,C0317,Cyber Activity activity observed in connection with large organized crime network investigation CASE-2026-0317.,E08616
EV02633,Interview,Interview involving Mahi Jadhav,2025-04-11T05:08:29,L0198,C0317,Interview activity observed in connection with large organized crime network investigation CASE-2026-0317.,nan
EV02634,Interview,Interview involving Rohan Thakur,2025-08-14T04:46:57,L0441,C0317,Interview activity observed in connection with large organized crime network investigation CASE-2026-0317.,nan
EV02635,Cyber Activity,Cyber Activity involving Neha Sethi,2025-08-11T00:19:34,L0198,C0317,Cyber Activity activity observed in connection with large organized crime network investigation CASE-2026-0317.,nan
EV02636,Surveillance,Surveillance involving Aditya Shetty,2025-07-25T09:42:08,L0204,C0317,Surveillance activity observed in connection with large organized crime network investigation CASE-2026-0317.,nan
EV02637,Financial Activity,Financial Activity involving Rohan Thakur,2025-04-11T12:21:13,L0254,C0317,Financial Activity activity observed in connection with large organized crime network investigation CASE-2026-0317.,nan
EV02638,Evidence Collection,Evidence Collection involving Dev Kapoor,2025-03-26T01:33:43,L0198,C0317,Evidence Collection activity observed in connection with large organized crime network investigation CASE-2026-0317.,nan
EV02639,Crime,Crime involving Akash Rao,2025-08-08T21:43:46,L0204,C0317,Crime activity observed in connection with large organized crime network investigation CASE-2026-0317.,nan
EV02640,Interview,Interview involving Ritesh Kulkarni,2025-04-12T21:07:26,L0441,C0317,Interview activity observed in connection with large organized crime network investigation CASE-2026-0317.,nan
EV02641,Meeting,Meeting involving Nisha Verma,2025-07-30T20:50:39,L0204,C0317,Meeting activity observed in connection with large organized crime network investigation CASE-2026-0317.,nan
EV02642,Meeting,Meeting involving Isha Nair,2025-05-27T13:58:57,L0254,C0317,Meeting activity observed in connection with large organized crime network investigation CASE-2026-0317.,nan
EV02643,Observation,Observation involving Anushka Malhotra,2025-03-22T14:53:54,L0441,C0317,Observation activity observed in connection with large organized crime network investigation CASE-2026-0317.,nan
EV02644,Transaction,Transaction involving Kiara Desai,2025-06-19T18:39:53,L0329,C0317,Transaction activity observed in connection with large organized crime network investigation CASE-2026-0317.,E08617
EV02645,Observation,Observation involving Karan Saxena,2025-05-31T06:05:14,L0329,C0317,Observation activity observed in connection with large organized crime network investigation CASE-2026-0317.,E08618
EV02646,Observation,Observation involving Ishaan Kulkarni,2025-04-11T02:17:43,L0254,C0317,Observation activity observed in connection with large organized crime network investigation CASE-2026-0317.,nan
EV02647,Observation,Observation involving Isha Nair,2025-08-12T02:32:43,L0254,C0317,Observation activity observed in connection with large organized crime network investigation CASE-2026-0317.,E08619
EV02648,Interview,Interview involving Nisha Verma,2025-06-27T05:28:08,L0441,C0317,Interview activity observed in connection with large organized crime network investigation CASE-2026-0317.,E08620
EV02649,Arrest,Arrest involving Dev Kapoor,2025-05-30T00:41:53,L0254,C0317,Arrest activity observed in connection with large organized crime network investigation CASE-2026-0317.,nan
EV02650,Crime,Crime involving Aman Thakur,2025-05-21T10:52:32,L0254,C0317,Crime activity observed in connection with large organized crime network investigation CASE-2026-0317.,E08621
EV02651,Arrest,Arrest involving Isha Nair,2025-05-02T09:18:46,L0329,C0317,Arrest activity observed in connection with large organized crime network investigation CASE-2026-0317.,nan
EV02652,Call,Call involving Anushka Malhotra,2025-06-19T05:54:41,L0441,C0317,Call activity observed in connection with large organized crime network investigation CASE-2026-0317.,nan
EV02653,Vehicle Movement,Vehicle Movement involving Akash Verma,2025-06-06T16:18:50,L0198,C0317,Vehicle Movement activity observed in connection with large organized crime network investigation CASE-2026-0317.,nan
EV02654,Evidence Collection,Evidence Collection involving Siddharth Saxena,2025-06-07T13:59:40,L0441,C0317,Evidence Collection activity observed in connection with large organized crime network investigation CASE-2026-0317.,E08622
EV02655,Arrest,Arrest involving Sana Verma,2025-05-20T23:22:51,L0254,C0317,Arrest activity observed in connection with large organized crime network investigation CASE-2026-0317.,E08623
EV02656,Delivery,Delivery involving Isha Nair,2025-06-07T09:11:55,L0198,C0317,Delivery activity observed in connection with large organized crime network investigation CASE-2026-0317.,nan
EV02657,Evidence Collection,Evidence Collection involving Nisha Verma,2025-04-15T04:03:32,L0329,C0317,Evidence Collection activity observed in connection with large organized crime network investigation CASE-2026-0317.,nan
EV02658,Meeting,Meeting involving Vivek Reddy,2025-07-03T00:47:39,L0329,C0317,Meeting activity observed in connection with large organized crime network investigation CASE-2026-0317.,E08624
EV02659,Observation,Observation involving Tanvi Nair,2025-08-14T23:09:27,L0198,C0317,Observation activity observed in connection with large organized crime network investigation CASE-2026-0317.,nan
EV02660,Delivery,Delivery involving Karan Saxena,2025-07-01T13:29:42,L0254,C0317,Delivery activity observed in connection with large organized crime network investigation CASE-2026-0317.,nan
EV02661,Delivery,Delivery involving Pooja Desai,2025-04-10T04:16:33,L0441,C0317,Delivery activity observed in connection with large organized crime network investigation CASE-2026-0317.,nan
EV02662,Arrest,Arrest involving Kabir Menon,2025-07-15T03:04:32,L0329,C0317,Arrest activity observed in connection with large organized crime network investigation CASE-2026-0317.,nan
EV02663,Transaction,Transaction involving Mahi Jadhav,2025-05-18T16:47:42,L0204,C0317,Transaction activity observed in connection with large organized crime network investigation CASE-2026-0317.,nan
EV02664,Observation,Observation involving Vidhi Thakur,2025-06-18T18:38:55,L0204,C0317,Observation activity observed in connection with large organized crime network investigation CASE-2026-0317.,nan
EV02665,Financial Activity,Financial Activity involving Dev Menon,2025-08-17T09:44:59,L0198,C0317,Financial Activity activity observed in connection with large organized crime network investigation CASE-2026-0317.,nan
EV02666,Financial Activity,Financial Activity involving Anushka Reddy,2025-08-17T12:00:25,L0329,C0317,Financial Activity activity observed in connection with large organized crime network investigation CASE-2026-0317.,E08625
EV02667,Surveillance,Surveillance involving Aditya Desai,2025-08-06T05:15:24,L0204,C0317,Surveillance activity observed in connection with large organized crime network investigation CASE-2026-0317.,nan
EV02668,Arrest,Arrest involving Diya Joshi,2025-08-29T06:21:52,L0198,C0317,Arrest activity observed in connection with large organized crime network investigation CASE-2026-0317.,nan
EV02669,Evidence Collection,Evidence Collection involving Rhea Rao,2025-05-03T09:09:25,L0329,C0317,Evidence Collection activity observed in connection with large organized crime network investigation CASE-2026-0317.,E08626
EV02670,Interview,Interview involving Vivek Reddy,2025-04-14T01:28:22,L0198,C0317,Interview activity observed in connection with large organized crime network investigation CASE-2026-0317.,nan
EV02671,Financial Activity,Financial Activity involving Kunal Iyer,2025-07-10T10:47:33,L0254,C0317,Financial Activity activity observed in connection with large organized crime network investigation CASE-2026-0317.,nan
EV02672,Call,Call involving Naina Bhat,2025-05-05T20:32:21,L0329,C0317,Call activity observed in connection with large organized crime network investigation CASE-2026-0317.,nan
EV02673,Observation,Observation involving Siddharth Jadhav,2025-04-23T05:02:13,L0567,C0318,Observation activity observed in connection with minor fraud investigation CASE-2026-0318.,E08628
EV02674,Surveillance,Surveillance involving Aditi Gupta,2025-07-21T13:40:35,L0294,C0318,Surveillance activity observed in connection with minor fraud investigation CASE-2026-0318.,nan
EV02675,Transaction,Transaction involving Aanya Bhat,2025-07-31T04:13:34,L0195,C0319,Transaction activity observed in connection with money laundering investigation investigation CASE-2026-0319.,nan
EV02676,Interview,Interview involving Aniket Desai,2025-07-09T12:38:15,L0407,C0319,Interview activity observed in connection with money laundering investigation investigation CASE-2026-0319.,nan
EV02677,Observation,Observation involving Meera Ghosh,2025-07-17T04:04:00,L0030,C0319,Observation activity observed in connection with money laundering investigation investigation CASE-2026-0319.,E08636
EV02678,Observation,Observation involving Pranav Iyer,2025-08-12T04:16:49,L0407,C0319,Observation activity observed in connection with money laundering investigation investigation CASE-2026-0319.,nan
EV02679,Delivery,Delivery involving Trisha Saxena,2025-08-30T04:18:04,L0165,C0319,Delivery activity observed in connection with money laundering investigation investigation CASE-2026-0319.,E08637
EV02680,Surveillance,Surveillance involving Nisha Rao,2025-08-19T21:42:03,L0407,C0319,Surveillance activity observed in connection with money laundering investigation investigation CASE-2026-0319.,nan
EV02681,Transaction,Transaction involving Sameer Menon,2025-07-31T17:25:23,L0584,C0319,Transaction activity observed in connection with money laundering investigation investigation CASE-2026-0319.,nan
EV02682,Surveillance,Surveillance involving Aniket Desai,2025-07-11T03:44:23,L0195,C0319,Surveillance activity observed in connection with money laundering investigation investigation CASE-2026-0319.,nan
EV02683,Cyber Activity,Cyber Activity involving Harsh Sethi,2025-07-24T08:55:54,L0030,C0319,Cyber Activity activity observed in connection with money laundering investigation investigation CASE-2026-0319.,nan
EV02684,Financial Activity,Financial Activity involving Ritesh Nair,2025-08-22T16:22:15,L0407,C0319,Financial Activity activity observed in connection with money laundering investigation investigation CASE-2026-0319.,E08638
EV02685,Interview,Interview involving Aditi Sethi,2025-06-29T01:14:28,L0195,C0319,Interview activity observed in connection with money laundering investigation investigation CASE-2026-0319.,nan
EV02686,Vehicle Movement,Vehicle Movement involving Kabir Saxena,2025-07-25T20:21:25,L0165,C0319,Vehicle Movement activity observed in connection with money laundering investigation investigation CASE-2026-0319.,nan
EV02687,Vehicle Movement,Vehicle Movement involving Varun Sethi,2025-07-29T23:49:09,L0407,C0319,Vehicle Movement activity observed in connection with money laundering investigation investigation CASE-2026-0319.,nan
EV02688,Cyber Activity,Cyber Activity involving Naveen Singh,2025-07-29T06:39:34,L0195,C0319,Cyber Activity activity observed in connection with money laundering investigation investigation CASE-2026-0319.,nan
EV02689,Surveillance,Surveillance involving Shreya Shetty,2025-08-17T06:42:55,L0584,C0319,Surveillance activity observed in connection with money laundering investigation investigation CASE-2026-0319.,nan
EV02690,Cyber Activity,Cyber Activity involving Rohan Naik,2025-06-30T23:03:32,L0195,C0319,Cyber Activity activity observed in connection with money laundering investigation investigation CASE-2026-0319.,nan
EV02691,Vehicle Movement,Vehicle Movement involving Rahul Kulkarni,2025-07-30T05:39:24,L0030,C0319,Vehicle Movement activity observed in connection with money laundering investigation investigation CASE-2026-0319.,nan
EV02692,Financial Activity,Financial Activity involving Tanvi Reddy,2025-06-27T00:25:55,L0195,C0319,Financial Activity activity observed in connection with money laundering investigation investigation CASE-2026-0319.,nan
EV02693,Arrest,Arrest involving Nikhil Shetty,2025-08-15T01:18:22,L0584,C0319,Arrest activity observed in connection with money laundering investigation investigation CASE-2026-0319.,nan
EV02694,Surveillance,Surveillance involving Dev Shetty,2025-07-07T01:10:50,L0195,C0319,Surveillance activity observed in connection with money laundering investigation investigation CASE-2026-0319.,nan
EV02695,Crime,Crime involving Sameer Menon,2025-08-15T02:09:33,L0195,C0319,Crime activity observed in connection with money laundering investigation investigation CASE-2026-0319.,E08639
EV02696,Financial Activity,Financial Activity involving Naveen Singh,2025-08-13T16:21:24,L0165,C0319,Financial Activity activity observed in connection with money laundering investigation investigation CASE-2026-0319.,E08640
EV02697,Meeting,Meeting involving Aman Khan,2025-02-27T19:45:41,L0198,C0320,Meeting activity observed in connection with major organized crime investigation CASE-2026-0320.,E08669
EV02698,Vehicle Movement,Vehicle Movement involving Naveen Naik,2025-11-25T22:28:16,L0411,C0320,Vehicle Movement activity observed in connection with major organized crime investigation CASE-2026-0320.,nan
EV02699,Crime,Crime involving Kavya Das,2025-08-01T23:10:45,L0411,C0320,Crime activity observed in connection with major organized crime investigation CASE-2026-0320.,nan
EV02700,Cyber Activity,Cyber Activity involving Ishita Mishra,2025-02-08T18:50:30,L0198,C0320,Cyber Activity activity observed in connection with major organized crime investigation CASE-2026-0320.,nan
EV02701,Delivery,Delivery involving Trisha Bansal,2025-03-05T11:57:52,L0257,C0320,Delivery activity observed in connection with major organized crime investigation CASE-2026-0320.,E08670
EV02702,Call,Call involving Akash Ghosh,2025-05-03T14:25:07,L0453,C0320,Call activity observed in connection with major organized crime investigation CASE-2026-0320.,E08671
EV02703,Cyber Activity,Cyber Activity involving Kunal Ghosh,2025-01-02T01:44:52,L0198,C0320,Cyber Activity activity observed in connection with major organized crime investigation CASE-2026-0320.,nan
EV02704,Call,Call involving Arnav Ghosh,2025-08-25T19:56:47,L0198,C0320,Call activity observed in connection with major organized crime investigation CASE-2026-0320.,nan
EV02705,Arrest,Arrest involving Isha Singh,2025-02-28T16:01:29,L0453,C0320,Arrest activity observed in connection with major organized crime investigation CASE-2026-0320.,nan
EV02706,Interview,Interview involving Nikhil Nair,2025-10-29T05:52:42,L0254,C0320,Interview activity observed in connection with major organized crime investigation CASE-2026-0320.,E08672
EV02707,Financial Activity,Financial Activity involving Kavya Patil,2025-01-23T15:22:20,L0254,C0320,Financial Activity activity observed in connection with major organized crime investigation CASE-2026-0320.,E08673
EV02708,Financial Activity,Financial Activity involving Karan Pillai,2025-07-14T19:20:35,L0257,C0320,Financial Activity activity observed in connection with major organized crime investigation CASE-2026-0320.,nan
EV02709,Observation,Observation involving Rohan Shetty,2025-02-21T06:29:57,L0453,C0320,Observation activity observed in connection with major organized crime investigation CASE-2026-0320.,nan
EV02710,Observation,Observation involving Kavya Das,2025-08-13T16:42:39,L0257,C0320,Observation activity observed in connection with major organized crime investigation CASE-2026-0320.,nan
EV02711,Meeting,Meeting involving Akash Ghosh,2025-01-17T02:53:27,L0257,C0320,Meeting activity observed in connection with major organized crime investigation CASE-2026-0320.,nan
EV02712,Transaction,Transaction involving Nisha Shah,2025-08-19T19:57:23,L0198,C0320,Transaction activity observed in connection with major organized crime investigation CASE-2026-0320.,nan
EV02713,Evidence Collection,Evidence Collection involving Shreya Bansal,2025-10-26T02:29:44,L0411,C0320,Evidence Collection activity observed in connection with major organized crime investigation CASE-2026-0320.,nan
EV02714,Interview,Interview involving Ishaan Ghosh,2025-10-20T20:38:25,L0257,C0320,Interview activity observed in connection with major organized crime investigation CASE-2026-0320.,nan
EV02715,Evidence Collection,Evidence Collection involving Ishaan Ghosh,2025-06-12T17:05:49,L0198,C0320,Evidence Collection activity observed in connection with major organized crime investigation CASE-2026-0320.,nan
EV02716,Delivery,Delivery involving Kunal Ghosh,2025-02-09T04:07:51,L0254,C0320,Delivery activity observed in connection with major organized crime investigation CASE-2026-0320.,nan
EV02717,Vehicle Movement,Vehicle Movement involving Vivek Naik,2025-10-11T21:17:17,L0453,C0320,Vehicle Movement activity observed in connection with major organized crime investigation CASE-2026-0320.,nan
EV02718,Financial Activity,Financial Activity involving Nisha Shah,2025-06-04T14:10:20,L0257,C0320,Financial Activity activity observed in connection with major organized crime investigation CASE-2026-0320.,E08674
EV02719,Observation,Observation involving Arnav Ghosh,2025-02-04T22:26:26,L0198,C0320,Observation activity observed in connection with major organized crime investigation CASE-2026-0320.,nan
EV02720,Interview,Interview involving Simran Bhat,2025-08-30T08:14:31,L0198,C0320,Interview activity observed in connection with major organized crime investigation CASE-2026-0320.,nan
EV02721,Evidence Collection,Evidence Collection involving Raj Kulkarni,2025-02-28T01:25:26,L0198,C0320,Evidence Collection activity observed in connection with major organized crime investigation CASE-2026-0320.,nan
EV02722,Crime,Crime involving Sana Iyer,2025-06-04T16:59:34,L0411,C0320,Crime activity observed in connection with major organized crime investigation CASE-2026-0320.,E08675
EV02723,Arrest,Arrest involving Vikram Singh,2025-03-01T08:12:02,L0257,C0320,Arrest activity observed in connection with major organized crime investigation CASE-2026-0320.,nan
EV02724,Crime,Crime involving Rhea Bansal,2025-10-04T09:48:17,L0198,C0320,Crime activity observed in connection with major organized crime investigation CASE-2026-0320.,nan
EV02725,Crime,Crime involving Kabir Joshi,2025-07-08T19:05:06,L0411,C0320,Crime activity observed in connection with major organized crime investigation CASE-2026-0320.,E08676
EV02726,Meeting,Meeting involving Aanya Reddy,2025-02-27T17:58:09,L0254,C0320,Meeting activity observed in connection with major organized crime investigation CASE-2026-0320.,nan
EV02727,Meeting,Meeting involving Shreya Bansal,2025-09-25T06:54:03,L0254,C0320,Meeting activity observed in connection with major organized crime investigation CASE-2026-0320.,E08677
EV02728,Meeting,Meeting involving Varun Thakur,2025-02-19T04:44:28,L0453,C0320,Meeting activity observed in connection with major organized crime investigation CASE-2026-0320.,nan
EV02729,Cyber Activity,Cyber Activity involving Ishita Mishra,2025-08-04T11:04:21,L0411,C0320,Cyber Activity activity observed in connection with major organized crime investigation CASE-2026-0320.,nan
EV02730,Crime,Crime involving Rhea Bansal,2025-05-07T14:05:43,L0453,C0320,Crime activity observed in connection with major organized crime investigation CASE-2026-0320.,nan
EV02731,Call,Call involving Rahul Shah,2025-05-05T03:27:53,L0411,C0320,Call activity observed in connection with major organized crime investigation CASE-2026-0320.,nan
EV02732,Surveillance,Surveillance involving Nisha Thakur,2025-10-21T15:05:46,L0509,C0321,Surveillance activity observed in connection with online fraud investigation CASE-2026-0321.,nan
EV02733,Crime,Crime involving Nisha Thakur,2025-11-23T05:51:37,L0538,C0321,Crime activity observed in connection with online fraud investigation CASE-2026-0321.,nan
EV02734,Delivery,Delivery involving Nisha Thakur,2025-06-28T19:27:07,L0538,C0321,Delivery activity observed in connection with online fraud investigation CASE-2026-0321.,nan
EV02735,Transaction,Transaction involving Anushka Ghosh,2025-03-08T13:36:44,L0066,C0321,Transaction activity observed in connection with online fraud investigation CASE-2026-0321.,nan
EV02736,Vehicle Movement,Vehicle Movement involving Vivek Thakur,2025-09-26T15:50:08,L0066,C0321,Vehicle Movement activity observed in connection with online fraud investigation CASE-2026-0321.,nan
EV02737,Call,Call involving Neha Bansal,2025-06-13T19:08:55,L0096,C0322,Call activity observed in connection with document fraud investigation CASE-2026-0322.,E08690
EV02738,Evidence Collection,Evidence Collection involving Kunal Jadhav,2025-05-01T11:09:29,L0535,C0322,Evidence Collection activity observed in connection with document fraud investigation CASE-2026-0322.,nan
EV02739,Arrest,Arrest involving Kunal Jadhav,2025-04-18T07:57:26,L0344,C0322,Arrest activity observed in connection with document fraud investigation CASE-2026-0322.,nan
EV02740,Vehicle Movement,Vehicle Movement involving Dev Shetty,2025-07-24T23:41:43,L0535,C0322,Vehicle Movement activity observed in connection with document fraud investigation CASE-2026-0322.,E08691
EV02741,Vehicle Movement,Vehicle Movement involving Varun Mehta,2025-08-16T02:27:58,L0365,C0323,Vehicle Movement activity observed in connection with online fraud investigation CASE-2026-0323.,nan
EV02742,Evidence Collection,Evidence Collection involving Arjun Shah,2025-01-07T15:45:35,L0365,C0323,Evidence Collection activity observed in connection with online fraud investigation CASE-2026-0323.,E08696
EV02743,Surveillance,Surveillance involving Riya Sethi,2025-10-12T20:57:11,L0365,C0323,Surveillance activity observed in connection with online fraud investigation CASE-2026-0323.,nan
EV02744,Evidence Collection,Evidence Collection involving Riya Sethi,2025-03-21T15:53:45,L0016,C0323,Evidence Collection activity observed in connection with online fraud investigation CASE-2026-0323.,E08697
EV02745,Delivery,Delivery involving Arjun Chavan,2025-07-13T14:50:58,L0365,C0323,Delivery activity observed in connection with online fraud investigation CASE-2026-0323.,nan
EV02746,Meeting,Meeting involving Vikram Iyer,2025-07-13T06:05:00,L0261,C0324,Meeting activity observed in connection with insurance fraud investigation CASE-2026-0324.,nan
EV02747,Observation,Observation involving Kavya Bansal,2025-04-19T14:01:38,L0568,C0324,Observation activity observed in connection with insurance fraud investigation CASE-2026-0324.,nan
EV02748,Vehicle Movement,Vehicle Movement involving Avni Sethi,2025-06-21T20:46:18,L0142,C0324,Vehicle Movement activity observed in connection with insurance fraud investigation CASE-2026-0324.,E08706
EV02749,Interview,Interview involving Aanya Shah,2025-07-25T06:36:01,L0119,C0324,Interview activity observed in connection with insurance fraud investigation CASE-2026-0324.,nan
EV02750,Cyber Activity,Cyber Activity involving Ishita Ghosh,2025-03-16T03:45:42,L0568,C0324,Cyber Activity activity observed in connection with insurance fraud investigation CASE-2026-0324.,nan
EV02751,Observation,Observation involving Ananya Naik,2025-04-26T02:11:46,L0568,C0324,Observation activity observed in connection with insurance fraud investigation CASE-2026-0324.,nan
EV02752,Call,Call involving Yamini Nair,2025-06-17T14:27:05,L0525,C0325,Call activity observed in connection with financial crime investigation investigation CASE-2026-0325.,nan
EV02753,Meeting,Meeting involving Aditya Pillai,2025-04-17T02:04:21,L0525,C0325,Meeting activity observed in connection with financial crime investigation investigation CASE-2026-0325.,nan
EV02754,Observation,Observation involving Kabir Nair,2025-06-16T08:37:12,L0569,C0325,Observation activity observed in connection with financial crime investigation investigation CASE-2026-0325.,nan
EV02755,Interview,Interview involving Shreya Reddy,2025-07-05T09:57:49,L0083,C0325,Interview activity observed in connection with financial crime investigation investigation CASE-2026-0325.,nan
EV02756,Delivery,Delivery involving Kavya Joshi,2025-05-13T08:42:14,L0569,C0325,Delivery activity observed in connection with financial crime investigation investigation CASE-2026-0325.,nan
EV02757,Surveillance,Surveillance involving Kavya Joshi,2025-05-28T10:48:32,L0073,C0325,Surveillance activity observed in connection with financial crime investigation investigation CASE-2026-0325.,nan
EV02758,Surveillance,Surveillance involving Aditya Pillai,2025-06-08T05:46:19,L0073,C0325,Surveillance activity observed in connection with financial crime investigation investigation CASE-2026-0325.,nan
EV02759,Transaction,Transaction involving Kabir Singh,2025-04-26T21:07:55,L0360,C0325,Transaction activity observed in connection with financial crime investigation investigation CASE-2026-0325.,nan
EV02760,Vehicle Movement,Vehicle Movement involving Sana Thakur,2025-05-04T12:29:24,L0569,C0325,Vehicle Movement activity observed in connection with financial crime investigation investigation CASE-2026-0325.,nan
EV02761,Crime,Crime involving Yamini Nair,2025-05-27T14:23:54,L0083,C0325,Crime activity observed in connection with financial crime investigation investigation CASE-2026-0325.,nan
EV02762,Vehicle Movement,Vehicle Movement involving Vidhi Chavan,2025-08-18T20:15:17,L0083,C0325,Vehicle Movement activity observed in connection with financial crime investigation investigation CASE-2026-0325.,E08718
EV02763,Evidence Collection,Evidence Collection involving Dev Ghosh,2025-06-19T11:31:33,L0073,C0325,Evidence Collection activity observed in connection with financial crime investigation investigation CASE-2026-0325.,nan
EV02764,Vehicle Movement,Vehicle Movement involving Yamini Shah,2025-08-16T13:01:17,L0360,C0325,Vehicle Movement activity observed in connection with financial crime investigation investigation CASE-2026-0325.,nan
EV02765,Interview,Interview involving Neha Nair,2025-07-31T02:44:34,L0266,C0326,Interview activity observed in connection with burglary investigation CASE-2026-0326.,nan
EV02766,Delivery,Delivery involving Yamini Saxena,2025-06-15T08:15:32,L0086,C0326,Delivery activity observed in connection with burglary investigation CASE-2026-0326.,nan
EV02767,Observation,Observation involving Aditi Verma,2025-11-21T15:00:13,L0445,C0327,Observation activity observed in connection with document fraud investigation CASE-2026-0327.,nan
EV02768,Surveillance,Surveillance involving Aditi Verma,2025-08-24T04:57:48,L0445,C0327,Surveillance activity observed in connection with document fraud investigation CASE-2026-0327.,E08723
EV02769,Delivery,Delivery involving Aman Das,2025-07-31T05:32:15,L0517,C0328,Delivery activity observed in connection with major cybercrime investigation CASE-2026-0328.,E08738
EV02770,Transaction,Transaction involving Naina Iyer,2025-08-24T07:13:51,L0519,C0328,Transaction activity observed in connection with major cybercrime investigation CASE-2026-0328.,nan
EV02771,Call,Call involving Nisha Desai,2025-08-17T23:45:49,L0242,C0328,Call activity observed in connection with major cybercrime investigation CASE-2026-0328.,nan
EV02772,Delivery,Delivery involving Vanya Desai,2025-08-08T09:38:46,L0399,C0328,Delivery activity observed in connection with major cybercrime investigation CASE-2026-0328.,E08739
EV02773,Surveillance,Surveillance involving Kabir Desai,2025-06-28T13:47:46,L0132,C0328,Surveillance activity observed in connection with major cybercrime investigation CASE-2026-0328.,nan
EV02774,Surveillance,Surveillance involving Raj Verma,2025-08-03T07:55:45,L0399,C0328,Surveillance activity observed in connection with major cybercrime investigation CASE-2026-0328.,nan
EV02775,Observation,Observation involving Varun Patil,2025-07-21T19:22:37,L0399,C0328,Observation activity observed in connection with major cybercrime investigation CASE-2026-0328.,nan
EV02776,Observation,Observation involving Vivek Malhotra,2025-07-05T21:44:38,L0399,C0328,Observation activity observed in connection with major cybercrime investigation CASE-2026-0328.,nan
EV02777,Transaction,Transaction involving Aman Das,2025-07-14T20:40:55,L0399,C0328,Transaction activity observed in connection with major cybercrime investigation CASE-2026-0328.,nan
EV02778,Delivery,Delivery involving Akash Mehta,2025-06-28T09:18:19,L0242,C0328,Delivery activity observed in connection with major cybercrime investigation CASE-2026-0328.,nan
EV02779,Observation,Observation involving Dhruv Mishra,2025-07-31T09:12:40,L0132,C0328,Observation activity observed in connection with major cybercrime investigation CASE-2026-0328.,E08740
EV02780,Arrest,Arrest involving Siddharth Chavan,2025-08-09T11:19:29,L0519,C0328,Arrest activity observed in connection with major cybercrime investigation CASE-2026-0328.,E08741
EV02781,Arrest,Arrest involving Naina Iyer,2025-07-10T22:50:05,L0399,C0328,Arrest activity observed in connection with major cybercrime investigation CASE-2026-0328.,nan
EV02782,Surveillance,Surveillance involving Harsh Verma,2025-08-09T22:00:51,L0242,C0328,Surveillance activity observed in connection with major cybercrime investigation CASE-2026-0328.,nan
EV02783,Arrest,Arrest involving Dhruv Mishra,2025-07-10T00:27:13,L0519,C0328,Arrest activity observed in connection with major cybercrime investigation CASE-2026-0328.,E08742
EV02784,Interview,Interview involving Sneha Jadhav,2025-07-01T01:04:59,L0519,C0328,Interview activity observed in connection with major cybercrime investigation CASE-2026-0328.,nan
EV02785,Interview,Interview involving Aanya Khan,2025-07-21T10:17:00,L0519,C0328,Interview activity observed in connection with major cybercrime investigation CASE-2026-0328.,nan
EV02786,Transaction,Transaction involving Saurabh Sethi,2025-06-26T09:43:58,L0519,C0328,Transaction activity observed in connection with major cybercrime investigation CASE-2026-0328.,E08743
EV02787,Evidence Collection,Evidence Collection involving Vivek Gupta,2025-07-30T00:07:47,L0132,C0328,Evidence Collection activity observed in connection with major cybercrime investigation CASE-2026-0328.,nan
EV02788,Transaction,Transaction involving Vanya Sethi,2025-06-25T04:37:47,L0132,C0328,Transaction activity observed in connection with major cybercrime investigation CASE-2026-0328.,nan
EV02789,Transaction,Transaction involving Kabir Desai,2025-08-26T20:16:15,L0517,C0328,Transaction activity observed in connection with major cybercrime investigation CASE-2026-0328.,E08744
EV02790,Surveillance,Surveillance involving Zoya Naik,2025-08-14T05:06:26,L0399,C0328,Surveillance activity observed in connection with major cybercrime investigation CASE-2026-0328.,nan
EV02791,Arrest,Arrest involving Aanya Pillai,2025-06-28T22:04:04,L0132,C0328,Arrest activity observed in connection with major cybercrime investigation CASE-2026-0328.,E08745
EV02792,Vehicle Movement,Vehicle Movement involving Aanya Khan,2025-07-13T07:08:59,L0242,C0328,Vehicle Movement activity observed in connection with major cybercrime investigation CASE-2026-0328.,nan
EV02793,Crime,Crime involving Sameer Patil,2025-08-19T11:35:00,L0132,C0328,Crime activity observed in connection with major cybercrime investigation CASE-2026-0328.,nan
EV02794,Meeting,Meeting involving Aarav Gupta,2025-07-22T14:55:36,L0132,C0328,Meeting activity observed in connection with major cybercrime investigation CASE-2026-0328.,nan
EV02795,Crime,Crime involving Sameer Patil,2025-07-10T12:53:12,L0132,C0328,Crime activity observed in connection with major cybercrime investigation CASE-2026-0328.,nan
EV02796,Surveillance,Surveillance involving Zoya Naik,2025-07-15T23:47:27,L0399,C0328,Surveillance activity observed in connection with major cybercrime investigation CASE-2026-0328.,E08746
EV02797,Cyber Activity,Cyber Activity involving Sneha Jadhav,2025-07-26T05:52:28,L0519,C0328,Cyber Activity activity observed in connection with major cybercrime investigation CASE-2026-0328.,nan
EV02798,Arrest,Arrest involving Sana Patil,2025-08-10T13:36:47,L0132,C0328,Arrest activity observed in connection with major cybercrime investigation CASE-2026-0328.,nan
EV02799,Crime,Crime involving Mahi Rao,2025-08-02T18:22:51,L0399,C0328,Crime activity observed in connection with major cybercrime investigation CASE-2026-0328.,E08747
EV02800,Meeting,Meeting involving Raj Verma,2025-07-31T06:34:41,L0242,C0328,Meeting activity observed in connection with major cybercrime investigation CASE-2026-0328.,nan
EV02801,Interview,Interview involving Saurabh Verma,2025-08-08T11:43:10,L0399,C0328,Interview activity observed in connection with major cybercrime investigation CASE-2026-0328.,nan
EV02802,Crime,Crime involving Mahi Rao,2025-08-12T04:06:37,L0399,C0328,Crime activity observed in connection with major cybercrime investigation CASE-2026-0328.,E08748
EV02803,Cyber Activity,Cyber Activity involving Zoya Naik,2025-08-10T05:11:18,L0242,C0328,Cyber Activity activity observed in connection with major cybercrime investigation CASE-2026-0328.,nan
EV02804,Meeting,Meeting involving Varun Saxena,2025-06-28T08:00:31,L0242,C0328,Meeting activity observed in connection with major cybercrime investigation CASE-2026-0328.,E08749
EV02805,Arrest,Arrest involving Rahul Iyer,2025-04-08T15:13:46,L0031,C0329,Arrest activity observed in connection with vehicle theft investigation CASE-2026-0329.,nan
EV02806,Interview,Interview involving Ananya Nair,2025-08-13T14:10:36,L0545,C0329,Interview activity observed in connection with vehicle theft investigation CASE-2026-0329.,E08755
EV02807,Evidence Collection,Evidence Collection involving Rahul Joshi,2025-03-27T18:05:04,L0550,C0330,Evidence Collection activity observed in connection with document fraud investigation CASE-2026-0330.,nan
EV02808,Cyber Activity,Cyber Activity involving Tara Iyer,2025-08-22T13:06:18,L0550,C0330,Cyber Activity activity observed in connection with document fraud investigation CASE-2026-0330.,nan
EV02809,Interview,Interview involving Vivek Das,2025-08-02T23:58:53,L0101,C0330,Interview activity observed in connection with document fraud investigation CASE-2026-0330.,nan
EV02810,Arrest,Arrest involving Isha Pillai,2025-08-27T06:34:40,L0597,C0331,Arrest activity observed in connection with individual cyber fraud investigation CASE-2026-0331.,E08761
EV02811,Interview,Interview involving Vikram Iyer,2025-07-28T02:16:49,L0354,C0331,Interview activity observed in connection with individual cyber fraud investigation CASE-2026-0331.,nan
EV02812,Crime,Crime involving Aarav Bansal,2025-10-19T17:05:42,L0584,C0332,Crime activity observed in connection with major organized crime investigation CASE-2026-0332.,nan
EV02813,Meeting,Meeting involving Ritesh Shetty,2025-08-10T10:15:15,L0524,C0332,Meeting activity observed in connection with major organized crime investigation CASE-2026-0332.,E08775
EV02814,Transaction,Transaction involving Harsh Chavan,2025-06-02T00:59:03,L0182,C0332,Transaction activity observed in connection with major organized crime investigation CASE-2026-0332.,nan
EV02815,Interview,Interview involving Yash Menon,2025-10-26T03:05:49,L0584,C0332,Interview activity observed in connection with major organized crime investigation CASE-2026-0332.,nan
EV02816,Crime,Crime involving Zoya Gupta,2025-10-18T09:52:16,L0584,C0332,Crime activity observed in connection with major organized crime investigation CASE-2026-0332.,nan
EV02817,Financial Activity,Financial Activity involving Aditya Nair,2025-03-18T17:36:44,L0593,C0332,Financial Activity activity observed in connection with major organized crime investigation CASE-2026-0332.,nan
EV02818,Transaction,Transaction involving Aditya Nair,2025-01-21T05:22:53,L0182,C0332,Transaction activity observed in connection with major organized crime investigation CASE-2026-0332.,nan
EV02819,Arrest,Arrest involving Siddharth Singh,2025-08-03T20:16:23,L0264,C0332,Arrest activity observed in connection with major organized crime investigation CASE-2026-0332.,nan
EV02820,Transaction,Transaction involving Vikram Jadhav,2025-10-08T08:01:29,L0584,C0332,Transaction activity observed in connection with major organized crime investigation CASE-2026-0332.,E08776
EV02821,Crime,Crime involving Tanvi Mishra,2025-01-16T23:13:48,L0264,C0332,Crime activity observed in connection with major organized crime investigation CASE-2026-0332.,nan
EV02822,Surveillance,Surveillance involving Kavya Rao,2025-09-13T19:21:29,L0182,C0332,Surveillance activity observed in connection with major organized crime investigation CASE-2026-0332.,nan
EV02823,Surveillance,Surveillance involving Kiara Shah,2025-01-26T00:56:33,L0593,C0332,Surveillance activity observed in connection with major organized crime investigation CASE-2026-0332.,nan
EV02824,Transaction,Transaction involving Ananya Mehta,2025-01-14T20:36:20,L0593,C0332,Transaction activity observed in connection with major organized crime investigation CASE-2026-0332.,nan
EV02825,Meeting,Meeting involving Shreya Chavan,2025-04-02T08:35:14,L0065,C0333,Meeting activity observed in connection with data theft investigation CASE-2026-0333.,nan
EV02826,Surveillance,Surveillance involving Ishaan Malhotra,2025-03-15T02:44:24,L0065,C0333,Surveillance activity observed in connection with data theft investigation CASE-2026-0333.,E08779
EV02827,Crime,Crime involving Isha Kulkarni,2025-04-26T17:29:08,L0309,C0334,Crime activity observed in connection with vehicle theft investigation CASE-2026-0334.,nan
EV02828,Meeting,Meeting involving Ishaan Ghosh,2025-04-24T18:28:33,L0309,C0334,Meeting activity observed in connection with vehicle theft investigation CASE-2026-0334.,nan
EV02829,Crime,Crime involving Arjun Verma,2025-12-24T21:43:03,L0226,C0335,Crime activity observed in connection with simple robbery investigation CASE-2026-0335.,E08788
EV02830,Evidence Collection,Evidence Collection involving Naveen Rao,2025-11-16T17:37:35,L0071,C0335,Evidence Collection activity observed in connection with simple robbery investigation CASE-2026-0335.,nan
EV02831,Interview,Interview involving Vivek Joshi,2025-08-28T02:48:30,L0021,C0335,Interview activity observed in connection with simple robbery investigation CASE-2026-0335.,nan
EV02832,Interview,Interview involving Vivek Joshi,2025-12-09T13:10:31,L0071,C0335,Interview activity observed in connection with simple robbery investigation CASE-2026-0335.,nan
EV02833,Meeting,Meeting involving Arjun Thakur,2025-11-13T06:46:36,L0562,C0335,Meeting activity observed in connection with simple robbery investigation CASE-2026-0335.,nan
EV02834,Vehicle Movement,Vehicle Movement involving Arjun Verma,2025-04-30T09:54:44,L0226,C0335,Vehicle Movement activity observed in connection with simple robbery investigation CASE-2026-0335.,E08789
EV02835,Arrest,Arrest involving Naveen Rao,2025-10-26T15:31:05,L0071,C0335,Arrest activity observed in connection with simple robbery investigation CASE-2026-0335.,nan
EV02836,Cyber Activity,Cyber Activity involving Shreya Sethi,2025-12-21T06:59:50,L0226,C0335,Cyber Activity activity observed in connection with simple robbery investigation CASE-2026-0335.,nan
EV02837,Interview,Interview involving Arjun Rao,2025-01-04T03:21:20,L0278,C0336,Interview activity observed in connection with logistics fraud investigation CASE-2026-0336.,nan
EV02838,Arrest,Arrest involving Yash Reddy,2025-06-16T05:09:13,L0240,C0336,Arrest activity observed in connection with logistics fraud investigation CASE-2026-0336.,E08791
EV02839,Meeting,Meeting involving Siddharth Iyer,2025-02-27T13:12:14,L0009,C0336,Meeting activity observed in connection with logistics fraud investigation CASE-2026-0336.,E08792
EV02840,Observation,Observation involving Vivek Singh,2025-08-02T22:25:07,L0181,C0336,Observation activity observed in connection with logistics fraud investigation CASE-2026-0336.,nan
EV02841,Transaction,Transaction involving Vivek Singh,2025-11-17T12:54:40,L0009,C0336,Transaction activity observed in connection with logistics fraud investigation CASE-2026-0336.,nan
EV02842,Transaction,Transaction involving Naveen Pillai,2025-05-29T08:14:01,L0190,C0337,Transaction activity observed in connection with procurement fraud investigation CASE-2026-0337.,nan
EV02843,Crime,Crime involving Rohan Patil,2025-08-29T02:54:06,L0427,C0337,Crime activity observed in connection with procurement fraud investigation CASE-2026-0337.,nan
EV02844,Meeting,Meeting involving Pooja Patil,2025-05-14T16:33:18,L0054,C0337,Meeting activity observed in connection with procurement fraud investigation CASE-2026-0337.,E08801
EV02845,Surveillance,Surveillance involving Pooja Patil,2025-04-28T09:47:09,L0190,C0337,Surveillance activity observed in connection with procurement fraud investigation CASE-2026-0337.,nan
EV02846,Arrest,Arrest involving Rohan Mehta,2025-08-27T12:32:28,L0457,C0337,Arrest activity observed in connection with procurement fraud investigation CASE-2026-0337.,nan
EV02847,Cyber Activity,Cyber Activity involving Vikram Rao,2025-08-14T17:33:39,L0054,C0337,Cyber Activity activity observed in connection with procurement fraud investigation CASE-2026-0337.,E08802
EV02848,Transaction,Transaction involving Dev Shetty,2025-06-22T23:39:11,L0457,C0337,Transaction activity observed in connection with procurement fraud investigation CASE-2026-0337.,nan
EV02849,Vehicle Movement,Vehicle Movement involving Rhea Malhotra,2025-07-09T13:14:23,L0427,C0337,Vehicle Movement activity observed in connection with procurement fraud investigation CASE-2026-0337.,E08803
EV02850,Interview,Interview involving Vikram Rao,2025-07-19T13:11:35,L0190,C0337,Interview activity observed in connection with procurement fraud investigation CASE-2026-0337.,nan
EV02851,Meeting,Meeting involving Rhea Malhotra,2025-06-14T08:29:55,L0190,C0337,Meeting activity observed in connection with procurement fraud investigation CASE-2026-0337.,nan
EV02852,Transaction,Transaction involving Vikram Reddy,2025-05-08T18:50:18,L0457,C0337,Transaction activity observed in connection with procurement fraud investigation CASE-2026-0337.,nan
EV02853,Crime,Crime involving Rahul Nair,2025-04-01T04:07:23,L0457,C0337,Crime activity observed in connection with procurement fraud investigation CASE-2026-0337.,E08804
EV02854,Meeting,Meeting involving Pooja Patil,2025-06-23T21:33:56,L0190,C0337,Meeting activity observed in connection with procurement fraud investigation CASE-2026-0337.,nan
EV02855,Transaction,Transaction involving Vikram Rao,2025-06-18T03:26:59,L0457,C0337,Transaction activity observed in connection with procurement fraud investigation CASE-2026-0337.,E08805
EV02856,Interview,Interview involving Akash Menon,2025-05-11T11:53:41,L0190,C0337,Interview activity observed in connection with procurement fraud investigation CASE-2026-0337.,nan
EV02857,Vehicle Movement,Vehicle Movement involving Sneha Mishra,2025-07-16T09:16:45,L0551,C0338,Vehicle Movement activity observed in connection with procurement fraud investigation CASE-2026-0338.,E08813
EV02858,Observation,Observation involving Varun Nair,2025-08-02T02:12:57,L0349,C0338,Observation activity observed in connection with procurement fraud investigation CASE-2026-0338.,nan
EV02859,Interview,Interview involving Aarav Mishra,2025-08-13T20:33:19,L0349,C0338,Interview activity observed in connection with procurement fraud investigation CASE-2026-0338.,nan
EV02860,Interview,Interview involving Mahi Reddy,2025-07-30T00:14:20,L0349,C0338,Interview activity observed in connection with procurement fraud investigation CASE-2026-0338.,E08814
EV02861,Evidence Collection,Evidence Collection involving Sneha Mishra,2025-07-14T05:34:37,L0349,C0338,Evidence Collection activity observed in connection with procurement fraud investigation CASE-2026-0338.,nan
EV02862,Interview,Interview involving Dev Singh,2025-08-19T19:59:35,L0124,C0338,Interview activity observed in connection with procurement fraud investigation CASE-2026-0338.,nan
EV02863,Surveillance,Surveillance involving Varun Nair,2025-07-19T06:30:06,L0551,C0338,Surveillance activity observed in connection with procurement fraud investigation CASE-2026-0338.,E08815
EV02864,Cyber Activity,Cyber Activity involving Yash Gupta,2025-07-09T08:08:41,L0349,C0338,Cyber Activity activity observed in connection with procurement fraud investigation CASE-2026-0338.,nan
EV02865,Delivery,Delivery involving Kiara Malhotra,2025-08-31T01:12:27,L0123,C0339,Delivery activity observed in connection with simple robbery investigation CASE-2026-0339.,nan
EV02866,Crime,Crime involving Ananya Nair,2025-12-27T06:41:00,L0521,C0339,Crime activity observed in connection with simple robbery investigation CASE-2026-0339.,E08817
EV02867,Arrest,Arrest involving Sana Joshi,2025-03-25T00:06:12,L0155,C0340,Arrest activity observed in connection with unauthorized access investigation CASE-2026-0340.,nan
EV02868,Arrest,Arrest involving Arjun Saxena,2025-03-28T02:27:27,L0155,C0340,Arrest activity observed in connection with unauthorized access investigation CASE-2026-0340.,E08821
EV02869,Meeting,Meeting involving Aanya Naik,2025-04-07T02:55:40,L0256,C0340,Meeting activity observed in connection with unauthorized access investigation CASE-2026-0340.,E08822
EV02870,Cyber Activity,Cyber Activity involving Raj Bhat,2025-08-11T13:15:24,L0191,C0340,Cyber Activity activity observed in connection with unauthorized access investigation CASE-2026-0340.,nan
EV02871,Financial Activity,Financial Activity involving Neha Iyer,2025-06-29T19:07:26,L0118,C0341,Financial Activity activity observed in connection with procurement fraud investigation CASE-2026-0341.,nan
EV02872,Evidence Collection,Evidence Collection involving Zoya Gupta,2025-04-17T14:04:53,L0523,C0341,Evidence Collection activity observed in connection with procurement fraud investigation CASE-2026-0341.,nan
EV02873,Delivery,Delivery involving Zoya Gupta,2025-07-26T20:19:06,L0185,C0341,Delivery activity observed in connection with procurement fraud investigation CASE-2026-0341.,nan
EV02874,Cyber Activity,Cyber Activity involving Ananya Bansal,2025-07-17T08:35:03,L0046,C0342,Cyber Activity activity observed in connection with major cybercrime investigation CASE-2026-0342.,nan
EV02875,Arrest,Arrest involving Dev Reddy,2025-08-08T14:21:39,L0482,C0342,Arrest activity observed in connection with major cybercrime investigation CASE-2026-0342.,E08839
EV02876,Crime,Crime involving Tanvi Patil,2025-06-08T20:19:47,L0373,C0342,Crime activity observed in connection with major cybercrime investigation CASE-2026-0342.,E08840
EV02877,Evidence Collection,Evidence Collection involving Ishaan Thakur,2025-07-06T00:26:21,L0100,C0342,Evidence Collection activity observed in connection with major cybercrime investigation CASE-2026-0342.,nan
EV02878,Surveillance,Surveillance involving Nikhil Shetty,2025-07-19T06:34:16,L0100,C0342,Surveillance activity observed in connection with major cybercrime investigation CASE-2026-0342.,nan
EV02879,Vehicle Movement,Vehicle Movement involving Ritesh Shah,2025-07-14T00:49:49,L0482,C0342,Vehicle Movement activity observed in connection with major cybercrime investigation CASE-2026-0342.,nan
EV02880,Cyber Activity,Cyber Activity involving Naina Malhotra,2025-06-30T05:54:37,L0373,C0342,Cyber Activity activity observed in connection with major cybercrime investigation CASE-2026-0342.,nan
EV02881,Interview,Interview involving Dev Reddy,2025-08-15T11:30:04,L0482,C0342,Interview activity observed in connection with major cybercrime investigation CASE-2026-0342.,nan
EV02882,Transaction,Transaction involving Aarav Ghosh,2025-03-31T18:54:38,L0570,C0342,Transaction activity observed in connection with major cybercrime investigation CASE-2026-0342.,nan
EV02883,Interview,Interview involving Ishaan Thakur,2025-08-15T14:46:51,L0046,C0342,Interview activity observed in connection with major cybercrime investigation CASE-2026-0342.,nan
EV02884,Transaction,Transaction involving Shreya Pillai,2025-08-06T03:57:53,L0046,C0342,Transaction activity observed in connection with major cybercrime investigation CASE-2026-0342.,E08841
EV02885,Transaction,Transaction involving Shreya Pillai,2025-07-05T15:59:55,L0373,C0342,Transaction activity observed in connection with major cybercrime investigation CASE-2026-0342.,E08842
EV02886,Crime,Crime involving Dev Reddy,2025-07-08T13:18:36,L0100,C0342,Crime activity observed in connection with major cybercrime investigation CASE-2026-0342.,E08843
EV02887,Financial Activity,Financial Activity involving Aanya Joshi,2025-03-13T16:43:10,L0482,C0342,Financial Activity activity observed in connection with major cybercrime investigation CASE-2026-0342.,nan
EV02888,Vehicle Movement,Vehicle Movement involving Vidhi Das,2025-08-09T15:37:19,L0373,C0342,Vehicle Movement activity observed in connection with major cybercrime investigation CASE-2026-0342.,nan
EV02889,Crime,Crime involving Tanvi Patil,2025-06-11T20:28:36,L0046,C0342,Crime activity observed in connection with major cybercrime investigation CASE-2026-0342.,nan
EV02890,Meeting,Meeting involving Pranav Thakur,2025-06-19T03:51:27,L0570,C0342,Meeting activity observed in connection with major cybercrime investigation CASE-2026-0342.,nan
EV02891,Call,Call involving Sneha Gupta,2025-07-27T06:13:08,L0570,C0342,Call activity observed in connection with major cybercrime investigation CASE-2026-0342.,nan
EV02892,Cyber Activity,Cyber Activity involving Pooja Jadhav,2025-03-29T20:45:24,L0383,C0343,Cyber Activity activity observed in connection with cyber extortion investigation CASE-2026-0343.,E08861
EV02893,Meeting,Meeting involving Aanya Pillai,2025-01-08T17:03:10,L0544,C0343,Meeting activity observed in connection with cyber extortion investigation CASE-2026-0343.,nan
EV02894,Evidence Collection,Evidence Collection involving Vanya Saxena,2025-08-23T03:58:44,L0212,C0343,Evidence Collection activity observed in connection with cyber extortion investigation CASE-2026-0343.,nan
EV02895,Arrest,Arrest involving Sameer Das,2025-06-14T16:14:52,L0383,C0343,Arrest activity observed in connection with cyber extortion investigation CASE-2026-0343.,E08862
EV02896,Delivery,Delivery involving Nisha Verma,2025-09-12T00:50:14,L0226,C0343,Delivery activity observed in connection with cyber extortion investigation CASE-2026-0343.,E08863
EV02897,Delivery,Delivery involving Tanvi Thakur,2025-05-23T18:50:48,L0383,C0343,Delivery activity observed in connection with cyber extortion investigation CASE-2026-0343.,nan
EV02898,Arrest,Arrest involving Ritesh Ghosh,2025-06-07T15:56:18,L0021,C0343,Arrest activity observed in connection with cyber extortion investigation CASE-2026-0343.,nan
EV02899,Vehicle Movement,Vehicle Movement involving Ishita Mishra,2025-07-05T14:48:37,L0226,C0343,Vehicle Movement activity observed in connection with cyber extortion investigation CASE-2026-0343.,E08864
EV02900,Transaction,Transaction involving Raj Singh,2025-03-29T23:01:48,L0021,C0343,Transaction activity observed in connection with cyber extortion investigation CASE-2026-0343.,E08865
EV02901,Delivery,Delivery involving Meera Khan,2025-10-24T13:52:35,L0544,C0343,Delivery activity observed in connection with cyber extortion investigation CASE-2026-0343.,E08866
EV02902,Cyber Activity,Cyber Activity involving Tanvi Thakur,2025-03-09T17:23:16,L0544,C0343,Cyber Activity activity observed in connection with cyber extortion investigation CASE-2026-0343.,nan
EV02903,Arrest,Arrest involving Ishita Mishra,2025-04-06T08:36:10,L0212,C0343,Arrest activity observed in connection with cyber extortion investigation CASE-2026-0343.,nan
EV02904,Delivery,Delivery involving Mohit Singh,2025-07-24T10:50:40,L0435,C0344,Delivery activity observed in connection with simple robbery investigation CASE-2026-0344.,nan
EV02905,Arrest,Arrest involving Rahul Das,2025-04-01T19:38:12,L0053,C0344,Arrest activity observed in connection with simple robbery investigation CASE-2026-0344.,E08869
EV02906,Evidence Collection,Evidence Collection involving Mohit Singh,2025-03-06T23:24:49,L0435,C0344,Evidence Collection activity observed in connection with simple robbery investigation CASE-2026-0344.,nan
EV02907,Arrest,Arrest involving Vikram Desai,2025-04-24T07:53:31,L0435,C0344,Arrest activity observed in connection with simple robbery investigation CASE-2026-0344.,E08870
EV02908,Arrest,Arrest involving Dhruv Shetty,2025-04-02T07:55:00,L0053,C0344,Arrest activity observed in connection with simple robbery investigation CASE-2026-0344.,nan
EV02909,Arrest,Arrest involving Dhruv Shetty,2025-03-16T12:29:51,L0588,C0344,Arrest activity observed in connection with simple robbery investigation CASE-2026-0344.,nan
EV02910,Observation,Observation involving Vivek Iyer,2025-08-10T03:41:36,L0010,C0345,Observation activity observed in connection with organized fraud investigation CASE-2026-0345.,nan
EV02911,Arrest,Arrest involving Aman Bhat,2025-03-10T01:51:11,L0579,C0345,Arrest activity observed in connection with organized fraud investigation CASE-2026-0345.,E08881
EV02912,Financial Activity,Financial Activity involving Vivek Saxena,2025-07-09T19:11:09,L0183,C0345,Financial Activity activity observed in connection with organized fraud investigation CASE-2026-0345.,E08882
EV02913,Evidence Collection,Evidence Collection involving Pooja Shah,2025-12-25T08:51:24,L0456,C0345,Evidence Collection activity observed in connection with organized fraud investigation CASE-2026-0345.,nan
EV02914,Surveillance,Surveillance involving Anushka Menon,2025-08-28T22:11:14,L0456,C0345,Surveillance activity observed in connection with organized fraud investigation CASE-2026-0345.,nan
EV02915,Arrest,Arrest involving Karan Pillai,2025-01-18T14:48:05,L0456,C0345,Arrest activity observed in connection with organized fraud investigation CASE-2026-0345.,nan
EV02916,Interview,Interview involving Saurabh Thakur,2025-07-26T09:17:14,L0170,C0345,Interview activity observed in connection with organized fraud investigation CASE-2026-0345.,nan
EV02917,Cyber Activity,Cyber Activity involving Vivek Iyer,2025-07-16T08:04:36,L0456,C0345,Cyber Activity activity observed in connection with organized fraud investigation CASE-2026-0345.,nan
EV02918,Arrest,Arrest involving Trisha Thakur,2025-05-26T20:03:32,L0010,C0345,Arrest activity observed in connection with organized fraud investigation CASE-2026-0345.,nan
EV02919,Observation,Observation involving Harsh Bansal,2025-06-27T22:33:23,L0010,C0345,Observation activity observed in connection with organized fraud investigation CASE-2026-0345.,nan
EV02920,Crime,Crime involving Mahi Pillai,2025-01-11T11:37:24,L0456,C0345,Crime activity observed in connection with organized fraud investigation CASE-2026-0345.,nan
EV02921,Cyber Activity,Cyber Activity involving Siddharth Singh,2025-07-01T12:21:54,L0010,C0345,Cyber Activity activity observed in connection with organized fraud investigation CASE-2026-0345.,nan
EV02922,Delivery,Delivery involving Vikram Mishra,2025-04-22T13:31:19,L0147,C0346,Delivery activity observed in connection with burglary investigation CASE-2026-0346.,nan
EV02923,Observation,Observation involving Vivek Reddy,2025-12-02T19:09:25,L0411,C0346,Observation activity observed in connection with burglary investigation CASE-2026-0346.,nan
EV02924,Delivery,Delivery involving Ritesh Khan,2025-02-12T02:32:04,L0158,C0346,Delivery activity observed in connection with burglary investigation CASE-2026-0346.,E08887
EV02925,Cyber Activity,Cyber Activity involving Ishita Shah,2025-02-11T12:42:04,L0490,C0346,Cyber Activity activity observed in connection with burglary investigation CASE-2026-0346.,E08888
EV02926,Observation,Observation involving Naveen Singh,2025-12-02T17:39:23,L0158,C0346,Observation activity observed in connection with burglary investigation CASE-2026-0346.,nan
EV02927,Call,Call involving Ritesh Khan,2025-03-31T15:21:08,L0147,C0346,Call activity observed in connection with burglary investigation CASE-2026-0346.,nan
EV02928,Crime,Crime involving Kiara Kulkarni,2025-07-13T15:08:00,L0490,C0346,Crime activity observed in connection with burglary investigation CASE-2026-0346.,E08889
EV02929,Cyber Activity,Cyber Activity involving Aniket Menon,2025-04-07T05:01:05,L0158,C0346,Cyber Activity activity observed in connection with burglary investigation CASE-2026-0346.,nan
EV02930,Vehicle Movement,Vehicle Movement involving Mohit Chavan,2025-01-29T20:21:42,L0411,C0346,Vehicle Movement activity observed in connection with burglary investigation CASE-2026-0346.,E08890
EV02931,Delivery,Delivery involving Ishaan Patil,2025-04-28T20:32:46,L0158,C0346,Delivery activity observed in connection with burglary investigation CASE-2026-0346.,nan
EV02932,Vehicle Movement,Vehicle Movement involving Neha Chavan,2025-02-27T18:03:12,L0554,C0347,Vehicle Movement activity observed in connection with logistics fraud investigation CASE-2026-0347.,E08897
EV02933,Interview,Interview involving Nisha Shah,2025-08-08T01:46:40,L0062,C0347,Interview activity observed in connection with logistics fraud investigation CASE-2026-0347.,nan
EV02934,Observation,Observation involving Aditya Rao,2025-05-26T08:11:10,L0328,C0347,Observation activity observed in connection with logistics fraud investigation CASE-2026-0347.,nan
EV02935,Meeting,Meeting involving Akash Desai,2025-03-15T20:45:33,L0062,C0347,Meeting activity observed in connection with logistics fraud investigation CASE-2026-0347.,nan
EV02936,Vehicle Movement,Vehicle Movement involving Aniket Reddy,2025-04-12T01:31:45,L0328,C0347,Vehicle Movement activity observed in connection with logistics fraud investigation CASE-2026-0347.,E08898
EV02937,Cyber Activity,Cyber Activity involving Pallavi Mishra,2025-12-23T10:16:23,L0095,C0348,Cyber Activity activity observed in connection with vehicle theft investigation CASE-2026-0348.,E08901
EV02938,Vehicle Movement,Vehicle Movement involving Aditi Mishra,2025-10-02T04:36:24,L0565,C0348,Vehicle Movement activity observed in connection with vehicle theft investigation CASE-2026-0348.,nan
EV02939,Crime,Crime involving Aarav Bhat,2025-08-21T16:51:03,L0193,C0348,Crime activity observed in connection with vehicle theft investigation CASE-2026-0348.,E08902
EV02940,Call,Call involving Ishaan Patil,2025-07-02T08:23:49,L0399,C0349,Call activity observed in connection with procurement fraud investigation CASE-2026-0349.,nan
EV02941,Crime,Crime involving Yamini Thakur,2025-07-02T09:06:51,L0399,C0349,Crime activity observed in connection with procurement fraud investigation CASE-2026-0349.,E08908
EV02942,Vehicle Movement,Vehicle Movement involving Kavya Khan,2025-07-29T11:15:56,L0262,C0349,Vehicle Movement activity observed in connection with procurement fraud investigation CASE-2026-0349.,nan
EV02943,Interview,Interview involving Pranav Patil,2025-07-29T05:39:44,L0399,C0349,Interview activity observed in connection with procurement fraud investigation CASE-2026-0349.,E08909
EV02944,Interview,Interview involving Aditya Kulkarni,2025-08-04T22:53:47,L0517,C0349,Interview activity observed in connection with procurement fraud investigation CASE-2026-0349.,nan
EV02945,Observation,Observation involving Anushka Mishra,2025-06-08T13:07:48,L0399,C0349,Observation activity observed in connection with procurement fraud investigation CASE-2026-0349.,E08910
EV02946,Cyber Activity,Cyber Activity involving Saurabh Pillai,2025-08-19T14:52:43,L0124,C0350,Cyber Activity activity observed in connection with minor fraud investigation CASE-2026-0350.,E08912
EV02947,Cyber Activity,Cyber Activity involving Aarav Desai,2025-06-08T18:16:54,L0071,C0350,Cyber Activity activity observed in connection with minor fraud investigation CASE-2026-0350.,E08913
EV02948,Surveillance,Surveillance involving Aarav Desai,2025-07-30T09:56:02,L0169,C0350,Surveillance activity observed in connection with minor fraud investigation CASE-2026-0350.,nan
EV02949,Delivery,Delivery involving Pooja Verma,2025-11-27T23:02:22,L0525,C0351,Delivery activity observed in connection with logistics fraud investigation CASE-2026-0351.,E08922
EV02950,Delivery,Delivery involving Pooja Verma,2025-03-11T11:30:49,L0520,C0351,Delivery activity observed in connection with logistics fraud investigation CASE-2026-0351.,nan
EV02951,Delivery,Delivery involving Raj Iyer,2025-02-21T11:22:38,L0116,C0351,Delivery activity observed in connection with logistics fraud investigation CASE-2026-0351.,nan
EV02952,Transaction,Transaction involving Aditya Bhat,2025-07-08T04:55:14,L0116,C0351,Transaction activity observed in connection with logistics fraud investigation CASE-2026-0351.,E08923
EV02953,Delivery,Delivery involving Arnav Saxena,2025-09-10T20:23:45,L0201,C0351,Delivery activity observed in connection with logistics fraud investigation CASE-2026-0351.,E08924
EV02954,Cyber Activity,Cyber Activity involving Aniket Chavan,2025-05-17T09:07:58,L0116,C0351,Cyber Activity activity observed in connection with logistics fraud investigation CASE-2026-0351.,E08925
EV02955,Financial Activity,Financial Activity involving Yash Singh,2025-06-19T06:40:12,L0116,C0351,Financial Activity activity observed in connection with logistics fraud investigation CASE-2026-0351.,E08926
EV02956,Delivery,Delivery involving Aanya Saxena,2025-08-17T19:14:00,L0315,C0352,Delivery activity observed in connection with corporate fraud investigation CASE-2026-0352.,nan
EV02957,Observation,Observation involving Rhea Das,2025-03-17T08:27:13,L0426,C0352,Observation activity observed in connection with corporate fraud investigation CASE-2026-0352.,nan
EV02958,Transaction,Transaction involving Karan Das,2025-04-01T00:31:04,L0368,C0352,Transaction activity observed in connection with corporate fraud investigation CASE-2026-0352.,nan
EV02959,Arrest,Arrest involving Shreya Sethi,2025-03-03T02:34:16,L0426,C0352,Arrest activity observed in connection with corporate fraud investigation CASE-2026-0352.,nan
EV02960,Arrest,Arrest involving Kiara Bansal,2025-10-30T23:55:31,L0426,C0352,Arrest activity observed in connection with corporate fraud investigation CASE-2026-0352.,E08939
EV02961,Cyber Activity,Cyber Activity involving Rahul Mehta,2025-12-06T19:48:06,L0244,C0352,Cyber Activity activity observed in connection with corporate fraud investigation CASE-2026-0352.,E08940
EV02962,Meeting,Meeting involving Zoya Verma,2025-08-18T21:29:01,L0315,C0352,Meeting activity observed in connection with corporate fraud investigation CASE-2026-0352.,nan
EV02963,Observation,Observation involving Akash Malhotra,2025-07-08T02:00:52,L0368,C0352,Observation activity observed in connection with corporate fraud investigation CASE-2026-0352.,nan
EV02964,Transaction,Transaction involving Shreya Kulkarni,2025-02-21T03:37:26,L0596,C0352,Transaction activity observed in connection with corporate fraud investigation CASE-2026-0352.,nan
EV02965,Financial Activity,Financial Activity involving Varun Bhat,2025-04-13T08:59:35,L0377,C0353,Financial Activity activity observed in connection with major cybercrime investigation CASE-2026-0353.,nan
EV02966,Delivery,Delivery involving Aditi Naik,2025-03-12T14:48:51,L0377,C0353,Delivery activity observed in connection with major cybercrime investigation CASE-2026-0353.,nan
EV02967,Call,Call involving Aditi Naik,2025-07-27T11:28:53,L0068,C0353,Call activity observed in connection with major cybercrime investigation CASE-2026-0353.,nan
EV02968,Cyber Activity,Cyber Activity involving Aanya Das,2025-03-16T10:37:35,L0191,C0353,Cyber Activity activity observed in connection with major cybercrime investigation CASE-2026-0353.,nan
EV02969,Evidence Collection,Evidence Collection involving Vidhi Iyer,2025-04-13T17:12:26,L0191,C0353,Evidence Collection activity observed in connection with major cybercrime investigation CASE-2026-0353.,nan
EV02970,Interview,Interview involving Saurabh Malhotra,2025-08-07T23:01:50,L0377,C0353,Interview activity observed in connection with major cybercrime investigation CASE-2026-0353.,nan
EV02971,Crime,Crime involving Naveen Saxena,2025-04-01T02:42:15,L0548,C0353,Crime activity observed in connection with major cybercrime investigation CASE-2026-0353.,nan
EV02972,Delivery,Delivery involving Saurabh Malhotra,2025-08-06T11:52:07,L0191,C0353,Delivery activity observed in connection with major cybercrime investigation CASE-2026-0353.,nan
EV02973,Call,Call involving Kavya Jadhav,2025-12-22T21:11:03,L0557,C0354,Call activity observed in connection with minor fraud investigation CASE-2026-0354.,E08956
EV02974,Cyber Activity,Cyber Activity involving Aditi Sethi,2025-07-23T11:40:33,L0086,C0354,Cyber Activity activity observed in connection with minor fraud investigation CASE-2026-0354.,nan
EV02975,Call,Call involving Aditi Khan,2025-01-06T07:01:20,L0557,C0354,Call activity observed in connection with minor fraud investigation CASE-2026-0354.,nan
EV02976,Surveillance,Surveillance involving Vikram Kapoor,2025-06-16T03:26:15,L0387,C0355,Surveillance activity observed in connection with assault investigation CASE-2026-0355.,nan
EV02977,Delivery,Delivery involving Raj Iyer,2025-08-20T20:14:14,L0387,C0355,Delivery activity observed in connection with assault investigation CASE-2026-0355.,E08962
EV02978,Transaction,Transaction involving Diya Khan,2025-04-28T22:10:16,L0375,C0356,Transaction activity observed in connection with vehicle theft network investigation CASE-2026-0356.,nan
EV02979,Delivery,Delivery involving Trisha Chavan,2025-04-26T22:42:18,L0262,C0356,Delivery activity observed in connection with vehicle theft network investigation CASE-2026-0356.,nan
EV02980,Call,Call involving Dev Bhat,2025-06-24T12:16:20,L0375,C0356,Call activity observed in connection with vehicle theft network investigation CASE-2026-0356.,nan
EV02981,Arrest,Arrest involving Meera Shetty,2025-06-26T13:32:06,L0262,C0356,Arrest activity observed in connection with vehicle theft network investigation CASE-2026-0356.,nan
EV02982,Evidence Collection,Evidence Collection involving Aditi Chavan,2025-07-24T13:32:57,L0346,C0356,Evidence Collection activity observed in connection with vehicle theft network investigation CASE-2026-0356.,nan
EV02983,Cyber Activity,Cyber Activity involving Ritesh Gupta,2025-06-24T22:28:09,L0375,C0356,Cyber Activity activity observed in connection with vehicle theft network investigation CASE-2026-0356.,E08976
EV02984,Vehicle Movement,Vehicle Movement involving Kabir Kapoor,2025-05-07T04:18:21,L0262,C0356,Vehicle Movement activity observed in connection with vehicle theft network investigation CASE-2026-0356.,nan
EV02985,Cyber Activity,Cyber Activity involving Naina Desai,2025-06-06T11:05:06,L0023,C0356,Cyber Activity activity observed in connection with vehicle theft network investigation CASE-2026-0356.,nan
EV02986,Cyber Activity,Cyber Activity involving Ananya Naik,2025-08-26T17:12:21,L0375,C0356,Cyber Activity activity observed in connection with vehicle theft network investigation CASE-2026-0356.,nan
EV02987,Observation,Observation involving Trisha Chavan,2025-06-12T22:18:31,L0375,C0356,Observation activity observed in connection with vehicle theft network investigation CASE-2026-0356.,E08977
EV02988,Cyber Activity,Cyber Activity involving Naina Sethi,2025-04-20T11:27:32,L0262,C0356,Cyber Activity activity observed in connection with vehicle theft network investigation CASE-2026-0356.,nan
EV02989,Cyber Activity,Cyber Activity involving Anushka Bansal,2025-01-01T12:43:02,L0396,C0357,Cyber Activity activity observed in connection with organized cybercrime investigation CASE-2026-0357.,nan
EV02990,Financial Activity,Financial Activity involving Ishaan Sethi,2025-08-02T20:51:06,L0396,C0357,Financial Activity activity observed in connection with organized cybercrime investigation CASE-2026-0357.,nan
EV02991,Interview,Interview involving Avni Sethi,2025-03-26T22:00:01,L0339,C0357,Interview activity observed in connection with organized cybercrime investigation CASE-2026-0357.,nan
EV02992,Crime,Crime involving Harsh Naik,2025-02-22T10:13:18,L0351,C0357,Crime activity observed in connection with organized cybercrime investigation CASE-2026-0357.,nan
EV02993,Call,Call involving Arjun Ghosh,2025-09-22T06:33:05,L0005,C0357,Call activity observed in connection with organized cybercrime investigation CASE-2026-0357.,nan
EV02994,Arrest,Arrest involving Simran Menon,2025-06-15T06:47:57,L0339,C0357,Arrest activity observed in connection with organized cybercrime investigation CASE-2026-0357.,nan
EV02995,Meeting,Meeting involving Arjun Shetty,2025-07-29T01:53:32,L0351,C0357,Meeting activity observed in connection with organized cybercrime investigation CASE-2026-0357.,nan
EV02996,Call,Call involving Kabir Saxena,2025-02-01T17:52:54,L0005,C0357,Call activity observed in connection with organized cybercrime investigation CASE-2026-0357.,nan
EV02997,Vehicle Movement,Vehicle Movement involving Aanya Mehta,2025-12-21T21:03:19,L0396,C0357,Vehicle Movement activity observed in connection with organized cybercrime investigation CASE-2026-0357.,nan
EV02998,Delivery,Delivery involving Zoya Iyer,2025-11-16T10:56:57,L0339,C0357,Delivery activity observed in connection with organized cybercrime investigation CASE-2026-0357.,nan
EV02999,Observation,Observation involving Tara Saxena,2025-03-18T07:53:34,L0351,C0357,Observation activity observed in connection with organized cybercrime investigation CASE-2026-0357.,E09000
EV03000,Surveillance,Surveillance involving Ishaan Sethi,2025-02-26T09:16:42,L0339,C0357,Surveillance activity observed in connection with organized cybercrime investigation CASE-2026-0357.,nan
EV03001,Arrest,Arrest involving Diya Joshi,2025-09-18T04:59:32,L0139,C0357,Arrest activity observed in connection with organized cybercrime investigation CASE-2026-0357.,nan
EV03002,Evidence Collection,Evidence Collection involving Neha Kulkarni,2025-01-10T06:17:46,L0339,C0357,Evidence Collection activity observed in connection with organized cybercrime investigation CASE-2026-0357.,nan
EV03003,Transaction,Transaction involving Harsh Naik,2025-08-22T06:21:49,L0396,C0357,Transaction activity observed in connection with organized cybercrime investigation CASE-2026-0357.,nan
EV03004,Financial Activity,Financial Activity involving Rohan Singh,2025-05-06T01:26:16,L0339,C0357,Financial Activity activity observed in connection with organized cybercrime investigation CASE-2026-0357.,E09001
EV03005,Call,Call involving Diya Joshi,2025-03-10T23:00:52,L0005,C0357,Call activity observed in connection with organized cybercrime investigation CASE-2026-0357.,E09002
EV03006,Arrest,Arrest involving Pallavi Das,2025-11-24T02:24:20,L0139,C0357,Arrest activity observed in connection with organized cybercrime investigation CASE-2026-0357.,E09003
EV03007,Meeting,Meeting involving Neha Kulkarni,2025-11-12T11:29:28,L0139,C0357,Meeting activity observed in connection with organized cybercrime investigation CASE-2026-0357.,nan
EV03008,Arrest,Arrest involving Aman Menon,2025-02-22T11:01:47,L0005,C0357,Arrest activity observed in connection with organized cybercrime investigation CASE-2026-0357.,E09004
EV03009,Evidence Collection,Evidence Collection involving Vanya Joshi,2025-08-04T14:46:01,L0339,C0357,Evidence Collection activity observed in connection with organized cybercrime investigation CASE-2026-0357.,E09005
EV03010,Cyber Activity,Cyber Activity involving Tara Rao,2025-11-14T10:39:10,L0339,C0357,Cyber Activity activity observed in connection with organized cybercrime investigation CASE-2026-0357.,nan
EV03011,Interview,Interview involving Aanya Shah,2025-06-12T17:33:27,L0139,C0357,Interview activity observed in connection with organized cybercrime investigation CASE-2026-0357.,E09006
EV03012,Vehicle Movement,Vehicle Movement involving Vivek Thakur,2025-01-26T09:05:26,L0139,C0357,Vehicle Movement activity observed in connection with organized cybercrime investigation CASE-2026-0357.,nan
EV03013,Call,Call involving Arjun Shetty,2025-11-04T04:55:55,L0339,C0357,Call activity observed in connection with organized cybercrime investigation CASE-2026-0357.,nan
EV03014,Evidence Collection,Evidence Collection involving Sameer Ghosh,2025-02-22T03:57:20,L0005,C0357,Evidence Collection activity observed in connection with organized cybercrime investigation CASE-2026-0357.,nan
EV03015,Interview,Interview involving Neha Chavan,2025-08-19T07:47:00,L0139,C0357,Interview activity observed in connection with organized cybercrime investigation CASE-2026-0357.,nan
EV03016,Evidence Collection,Evidence Collection involving Vivek Thakur,2025-10-17T18:10:18,L0339,C0357,Evidence Collection activity observed in connection with organized cybercrime investigation CASE-2026-0357.,E09007
EV03017,Interview,Interview involving Neha Joshi,2025-03-14T21:32:09,L0139,C0357,Interview activity observed in connection with organized cybercrime investigation CASE-2026-0357.,nan
EV03018,Surveillance,Surveillance involving Vivek Thakur,2025-07-12T20:09:00,L0005,C0357,Surveillance activity observed in connection with organized cybercrime investigation CASE-2026-0357.,nan
EV03019,Arrest,Arrest involving Neha Kulkarni,2025-04-14T08:39:36,L0339,C0357,Arrest activity observed in connection with organized cybercrime investigation CASE-2026-0357.,E09008
EV03020,Observation,Observation involving Sneha Verma,2025-04-19T08:52:11,L0025,C0358,Observation activity observed in connection with theft investigation CASE-2026-0358.,nan
EV03021,Meeting,Meeting involving Rohan Menon,2025-08-30T12:09:39,L0291,C0358,Meeting activity observed in connection with theft investigation CASE-2026-0358.,nan
EV03022,Vehicle Movement,Vehicle Movement involving Sneha Verma,2025-04-30T01:56:02,L0029,C0358,Vehicle Movement activity observed in connection with theft investigation CASE-2026-0358.,E09013
EV03023,Transaction,Transaction involving Mahi Iyer,2025-08-10T06:35:48,L0234,C0359,Transaction activity observed in connection with online fraud investigation CASE-2026-0359.,nan
EV03024,Interview,Interview involving Rohan Mehta,2025-08-26T07:49:43,L0413,C0359,Interview activity observed in connection with online fraud investigation CASE-2026-0359.,nan
EV03025,Financial Activity,Financial Activity involving Avni Joshi,2025-06-21T18:30:54,L0438,C0359,Financial Activity activity observed in connection with online fraud investigation CASE-2026-0359.,nan
EV03026,Delivery,Delivery involving Yamini Chavan,2025-08-03T12:23:32,L0589,C0359,Delivery activity observed in connection with online fraud investigation CASE-2026-0359.,nan
EV03027,Delivery,Delivery involving Aniket Pillai,2025-05-22T22:29:49,L0234,C0359,Delivery activity observed in connection with online fraud investigation CASE-2026-0359.,nan
EV03028,Observation,Observation involving Zoya Menon,2025-08-02T05:59:00,L0413,C0359,Observation activity observed in connection with online fraud investigation CASE-2026-0359.,nan
EV03029,Interview,Interview involving Yamini Chavan,2025-07-27T05:23:46,L0234,C0359,Interview activity observed in connection with online fraud investigation CASE-2026-0359.,E09024
EV03030,Vehicle Movement,Vehicle Movement involving Yamini Chavan,2025-08-13T21:44:42,L0413,C0359,Vehicle Movement activity observed in connection with online fraud investigation CASE-2026-0359.,E09025
EV03031,Meeting,Meeting involving Mahi Iyer,2025-06-11T03:23:44,L0413,C0359,Meeting activity observed in connection with online fraud investigation CASE-2026-0359.,nan
EV03032,Call,Call involving Nisha Gupta,2025-06-03T14:18:58,L0286,C0359,Call activity observed in connection with online fraud investigation CASE-2026-0359.,nan
EV03033,Surveillance,Surveillance involving Saurabh Iyer,2025-06-19T11:12:38,L0413,C0359,Surveillance activity observed in connection with online fraud investigation CASE-2026-0359.,nan
EV03034,Financial Activity,Financial Activity involving Simran Mishra,2025-08-17T22:22:14,L0286,C0359,Financial Activity activity observed in connection with online fraud investigation CASE-2026-0359.,nan
EV03035,Vehicle Movement,Vehicle Movement involving Isha Iyer,2025-08-20T15:35:52,L0413,C0359,Vehicle Movement activity observed in connection with online fraud investigation CASE-2026-0359.,nan
EV03036,Transaction,Transaction involving Zoya Menon,2025-05-18T09:58:43,L0589,C0359,Transaction activity observed in connection with online fraud investigation CASE-2026-0359.,nan
EV03037,Financial Activity,Financial Activity involving Aniket Mishra,2025-07-13T00:05:53,L0245,C0360,Financial Activity activity observed in connection with individual cyber fraud investigation CASE-2026-0360.,nan
EV03038,Interview,Interview involving Aniket Mishra,2025-07-19T20:42:11,L0315,C0360,Interview activity observed in connection with individual cyber fraud investigation CASE-2026-0360.,nan
EV03039,Evidence Collection,Evidence Collection involving Aniket Iyer,2025-04-05T16:28:47,L0245,C0360,Evidence Collection activity observed in connection with individual cyber fraud investigation CASE-2026-0360.,nan
EV03040,Surveillance,Surveillance involving Naina Kapoor,2025-07-08T01:52:43,L0368,C0360,Surveillance activity observed in connection with individual cyber fraud investigation CASE-2026-0360.,nan
EV03041,Crime,Crime involving Trisha Nair,2025-07-30T08:52:01,L0008,C0361,Crime activity observed in connection with financial fraud investigation CASE-2026-0361.,nan
EV03042,Cyber Activity,Cyber Activity involving Neha Patil,2025-06-09T02:57:58,L0456,C0361,Cyber Activity activity observed in connection with financial fraud investigation CASE-2026-0361.,E09038
EV03043,Call,Call involving Neha Singh,2025-04-10T16:34:54,L0456,C0361,Call activity observed in connection with financial fraud investigation CASE-2026-0361.,nan
EV03044,Financial Activity,Financial Activity involving Vidhi Chavan,2025-05-31T04:10:21,L0456,C0361,Financial Activity activity observed in connection with financial fraud investigation CASE-2026-0361.,E09039
EV03045,Evidence Collection,Evidence Collection involving Vidhi Chavan,2025-07-11T06:00:38,L0511,C0361,Evidence Collection activity observed in connection with financial fraud investigation CASE-2026-0361.,E09040
EV03046,Cyber Activity,Cyber Activity involving Vidhi Chavan,2025-07-29T19:56:50,L0579,C0361,Cyber Activity activity observed in connection with financial fraud investigation CASE-2026-0361.,nan
EV03047,Meeting,Meeting involving Aman Pillai,2025-04-21T09:34:02,L0511,C0361,Meeting activity observed in connection with financial fraud investigation CASE-2026-0361.,nan
EV03048,Vehicle Movement,Vehicle Movement involving Aditi Verma,2025-03-12T17:39:14,L0185,C0362,Vehicle Movement activity observed in connection with theft investigation CASE-2026-0362.,nan
EV03049,Evidence Collection,Evidence Collection involving Dev Mehta,2025-06-02T10:00:57,L0185,C0362,Evidence Collection activity observed in connection with theft investigation CASE-2026-0362.,nan
EV03050,Interview,Interview involving Naveen Singh,2025-07-07T11:07:58,L0185,C0362,Interview activity observed in connection with theft investigation CASE-2026-0362.,E09042
EV03051,Vehicle Movement,Vehicle Movement involving Simran Bhat,2025-07-06T18:48:59,L0311,C0363,Vehicle Movement activity observed in connection with organized cybercrime investigation CASE-2026-0363.,nan
EV03052,Transaction,Transaction involving Isha Desai,2025-11-01T19:45:04,L0311,C0363,Transaction activity observed in connection with organized cybercrime investigation CASE-2026-0363.,E09060
EV03053,Vehicle Movement,Vehicle Movement involving Kabir Reddy,2025-06-06T03:40:30,L0311,C0363,Vehicle Movement activity observed in connection with organized cybercrime investigation CASE-2026-0363.,nan
EV03054,Surveillance,Surveillance involving Rohan Bhat,2025-05-26T10:54:25,L0318,C0363,Surveillance activity observed in connection with organized cybercrime investigation CASE-2026-0363.,nan
EV03055,Arrest,Arrest involving Vikram Patil,2025-01-14T08:05:37,L0415,C0363,Arrest activity observed in connection with organized cybercrime investigation CASE-2026-0363.,E09061
EV03056,Crime,Crime involving Nisha Thakur,2025-02-19T23:27:22,L0311,C0363,Crime activity observed in connection with organized cybercrime investigation CASE-2026-0363.,nan
EV03057,Meeting,Meeting involving Vikram Kapoor,2025-11-17T07:24:06,L0458,C0363,Meeting activity observed in connection with organized cybercrime investigation CASE-2026-0363.,nan
EV03058,Vehicle Movement,Vehicle Movement involving Kunal Mehta,2025-10-05T07:05:35,L0511,C0363,Vehicle Movement activity observed in connection with organized cybercrime investigation CASE-2026-0363.,E09062
EV03059,Meeting,Meeting involving Kunal Mehta,2025-01-01T08:06:10,L0311,C0363,Meeting activity observed in connection with organized cybercrime investigation CASE-2026-0363.,nan
EV03060,Delivery,Delivery involving Aditi Khan,2025-07-28T11:50:55,L0458,C0363,Delivery activity observed in connection with organized cybercrime investigation CASE-2026-0363.,E09063
EV03061,Call,Call involving Naveen Singh,2025-08-08T16:20:52,L0318,C0363,Call activity observed in connection with organized cybercrime investigation CASE-2026-0363.,E09064
EV03062,Financial Activity,Financial Activity involving Naina Saxena,2025-06-13T14:02:54,L0511,C0363,Financial Activity activity observed in connection with organized cybercrime investigation CASE-2026-0363.,nan
EV03063,Transaction,Transaction involving Neha Shetty,2025-02-19T14:18:32,L0311,C0363,Transaction activity observed in connection with organized cybercrime investigation CASE-2026-0363.,E09065
EV03064,Evidence Collection,Evidence Collection involving Nikhil Das,2025-07-24T19:05:27,L0415,C0363,Evidence Collection activity observed in connection with organized cybercrime investigation CASE-2026-0363.,nan
EV03065,Financial Activity,Financial Activity involving Vivek Pillai,2025-04-30T03:14:16,L0458,C0363,Financial Activity activity observed in connection with organized cybercrime investigation CASE-2026-0363.,nan
EV03066,Vehicle Movement,Vehicle Movement involving Aditi Thakur,2025-02-05T17:02:41,L0311,C0363,Vehicle Movement activity observed in connection with organized cybercrime investigation CASE-2026-0363.,nan
EV03067,Cyber Activity,Cyber Activity involving Simran Bhat,2025-06-19T00:44:23,L0511,C0363,Cyber Activity activity observed in connection with organized cybercrime investigation CASE-2026-0363.,E09066
EV03068,Arrest,Arrest involving Akash Kulkarni,2025-05-16T21:31:35,L0229,C0364,Arrest activity observed in connection with procurement fraud investigation CASE-2026-0364.,nan
EV03069,Vehicle Movement,Vehicle Movement involving Vanya Jadhav,2025-05-19T06:27:51,L0229,C0364,Vehicle Movement activity observed in connection with procurement fraud investigation CASE-2026-0364.,nan
EV03070,Vehicle Movement,Vehicle Movement involving Anushka Gupta,2025-09-15T00:11:25,L0372,C0364,Vehicle Movement activity observed in connection with procurement fraud investigation CASE-2026-0364.,E09081
EV03071,Call,Call involving Sneha Shetty,2025-01-26T06:30:46,L0372,C0364,Call activity observed in connection with procurement fraud investigation CASE-2026-0364.,nan
EV03072,Arrest,Arrest involving Kabir Naik,2025-04-08T10:44:28,L0475,C0364,Arrest activity observed in connection with procurement fraud investigation CASE-2026-0364.,nan
EV03073,Delivery,Delivery involving Yash Ghosh,2025-08-08T00:06:00,L0403,C0364,Delivery activity observed in connection with procurement fraud investigation CASE-2026-0364.,E09082
EV03074,Interview,Interview involving Vivek Mishra,2025-08-28T21:08:43,L0229,C0364,Interview activity observed in connection with procurement fraud investigation CASE-2026-0364.,nan
EV03075,Cyber Activity,Cyber Activity involving Rahul Iyer,2025-06-29T22:32:49,L0372,C0364,Cyber Activity activity observed in connection with procurement fraud investigation CASE-2026-0364.,E09083
EV03076,Cyber Activity,Cyber Activity involving Varun Joshi,2025-04-12T22:19:58,L0229,C0364,Cyber Activity activity observed in connection with procurement fraud investigation CASE-2026-0364.,nan
EV03077,Surveillance,Surveillance involving Yash Ghosh,2025-09-15T14:13:49,L0475,C0364,Surveillance activity observed in connection with procurement fraud investigation CASE-2026-0364.,E09084
EV03078,Arrest,Arrest involving Varun Joshi,2025-02-18T00:34:27,L0343,C0364,Arrest activity observed in connection with procurement fraud investigation CASE-2026-0364.,nan
EV03079,Evidence Collection,Evidence Collection involving Riya Sethi,2025-02-11T12:03:11,L0343,C0364,Evidence Collection activity observed in connection with procurement fraud investigation CASE-2026-0364.,nan
EV03080,Financial Activity,Financial Activity involving Yash Reddy,2025-05-13T23:11:30,L0374,C0365,Financial Activity activity observed in connection with payment fraud investigation CASE-2026-0365.,nan
EV03081,Meeting,Meeting involving Vidhi Patil,2025-12-05T11:59:29,L0076,C0365,Meeting activity observed in connection with payment fraud investigation CASE-2026-0365.,nan
EV03082,Delivery,Delivery involving Karan Desai,2025-11-04T09:29:09,L0263,C0365,Delivery activity observed in connection with payment fraud investigation CASE-2026-0365.,E09088
EV03083,Evidence Collection,Evidence Collection involving Shreya Saxena,2025-02-07T21:43:03,L0485,C0365,Evidence Collection activity observed in connection with payment fraud investigation CASE-2026-0365.,nan
EV03084,Observation,Observation involving Riya Jadhav,2025-04-23T12:33:25,L0374,C0365,Observation activity observed in connection with payment fraud investigation CASE-2026-0365.,nan
EV03085,Interview,Interview involving Shreya Desai,2025-03-14T14:02:29,L0263,C0365,Interview activity observed in connection with payment fraud investigation CASE-2026-0365.,nan
EV03086,Observation,Observation involving Sneha Shetty,2025-04-26T16:50:43,L0263,C0365,Observation activity observed in connection with payment fraud investigation CASE-2026-0365.,E09089
EV03087,Vehicle Movement,Vehicle Movement involving Shreya Desai,2025-05-21T12:13:00,L0263,C0365,Vehicle Movement activity observed in connection with payment fraud investigation CASE-2026-0365.,E09090
EV03088,Surveillance,Surveillance involving Nisha Rao,2025-04-15T11:12:58,L0355,C0366,Surveillance activity observed in connection with major organized crime investigation CASE-2026-0366.,nan
EV03089,Arrest,Arrest involving Sameer Kulkarni,2025-04-28T22:35:05,L0412,C0366,Arrest activity observed in connection with major organized crime investigation CASE-2026-0366.,nan
EV03090,Call,Call involving Aarav Saxena,2025-05-16T17:42:01,L0142,C0366,Call activity observed in connection with major organized crime investigation CASE-2026-0366.,nan
EV03091,Delivery,Delivery involving Nikhil Desai,2025-05-15T01:57:57,L0227,C0366,Delivery activity observed in connection with major organized crime investigation CASE-2026-0366.,E09100
EV03092,Transaction,Transaction involving Akash Khan,2025-06-11T21:28:16,L0227,C0366,Transaction activity observed in connection with major organized crime investigation CASE-2026-0366.,nan
EV03093,Cyber Activity,Cyber Activity involving Ritesh Chavan,2025-05-19T19:22:44,L0412,C0366,Cyber Activity activity observed in connection with major organized crime investigation CASE-2026-0366.,nan
EV03094,Transaction,Transaction involving Simran Pillai,2025-04-17T02:55:50,L0227,C0366,Transaction activity observed in connection with major organized crime investigation CASE-2026-0366.,E09101
EV03095,Observation,Observation involving Simran Pillai,2025-08-29T15:33:06,L0355,C0366,Observation activity observed in connection with major organized crime investigation CASE-2026-0366.,nan
EV03096,Crime,Crime involving Ishita Joshi,2025-08-27T11:30:18,L0355,C0366,Crime activity observed in connection with major organized crime investigation CASE-2026-0366.,nan
EV03097,Delivery,Delivery involving Aanya Joshi,2025-07-07T01:01:07,L0355,C0366,Delivery activity observed in connection with major organized crime investigation CASE-2026-0366.,nan
EV03098,Evidence Collection,Evidence Collection involving Sneha Thakur,2025-05-23T10:58:49,L0224,C0366,Evidence Collection activity observed in connection with major organized crime investigation CASE-2026-0366.,nan
EV03099,Transaction,Transaction involving Aarav Bansal,2025-06-27T18:34:46,L0412,C0366,Transaction activity observed in connection with major organized crime investigation CASE-2026-0366.,nan
EV03100,Interview,Interview involving Shreya Das,2025-06-18T03:46:46,L0001,C0367,Interview activity observed in connection with individual cyber fraud investigation CASE-2026-0367.,nan
EV03101,Meeting,Meeting involving Shreya Das,2025-01-02T15:14:49,L0308,C0367,Meeting activity observed in connection with individual cyber fraud investigation CASE-2026-0367.,nan
EV03102,Surveillance,Surveillance involving Trisha Jadhav,2025-10-18T00:17:43,L0193,C0368,Surveillance activity observed in connection with assault investigation CASE-2026-0368.,nan
EV03103,Cyber Activity,Cyber Activity involving Trisha Jadhav,2025-01-19T11:54:24,L0338,C0368,Cyber Activity activity observed in connection with assault investigation CASE-2026-0368.,nan
EV03104,Financial Activity,Financial Activity involving Vivek Thakur,2026-02-14T13:08:46,L0555,C0369,Financial Activity activity observed in connection with unauthorized access investigation CASE-2026-0369.,E09103
EV03105,Surveillance,Surveillance involving Arjun Reddy,2026-08-10T09:13:17,L0199,C0369,Surveillance activity observed in connection with unauthorized access investigation CASE-2026-0369.,nan
EV03106,Arrest,Arrest involving Raj Saxena,2026-05-05T10:17:26,L0223,C0370,Arrest activity observed in connection with murder investigation investigation CASE-2026-0370.,nan
EV03107,Crime,Crime involving Ishaan Gupta,2026-07-13T06:20:29,L0134,C0370,Crime activity observed in connection with murder investigation investigation CASE-2026-0370.,nan
EV03108,Interview,Interview involving Kavya Menon,2026-07-03T05:39:08,L0442,C0370,Interview activity observed in connection with murder investigation investigation CASE-2026-0370.,nan
EV03109,Observation,Observation involving Dev Patil,2026-06-11T01:19:39,L0442,C0370,Observation activity observed in connection with murder investigation investigation CASE-2026-0370.,E09122
EV03110,Observation,Observation involving Trisha Desai,2026-05-27T21:09:55,L0134,C0370,Observation activity observed in connection with murder investigation investigation CASE-2026-0370.,nan
EV03111,Observation,Observation involving Ishaan Gupta,2026-05-09T12:23:18,L0265,C0370,Observation activity observed in connection with murder investigation investigation CASE-2026-0370.,nan
EV03112,Interview,Interview involving Raj Saxena,2026-08-12T19:45:53,L0361,C0370,Interview activity observed in connection with murder investigation investigation CASE-2026-0370.,nan
EV03113,Financial Activity,Financial Activity involving Aman Shetty,2026-07-26T01:39:00,L0134,C0370,Financial Activity activity observed in connection with murder investigation investigation CASE-2026-0370.,E09123
EV03114,Financial Activity,Financial Activity involving Kavya Menon,2026-05-30T18:09:39,L0265,C0370,Financial Activity activity observed in connection with murder investigation investigation CASE-2026-0370.,nan
EV03115,Cyber Activity,Cyber Activity involving Ritesh Jadhav,2026-07-22T19:52:12,L0134,C0370,Cyber Activity activity observed in connection with murder investigation investigation CASE-2026-0370.,E09124
EV03116,Financial Activity,Financial Activity involving Ritesh Shah,2026-05-17T16:40:52,L0442,C0370,Financial Activity activity observed in connection with murder investigation investigation CASE-2026-0370.,nan
EV03117,Observation,Observation involving Pooja Patil,2026-06-12T00:23:13,L0134,C0370,Observation activity observed in connection with murder investigation investigation CASE-2026-0370.,nan
EV03118,Financial Activity,Financial Activity involving Diya Bhat,2026-06-16T15:07:04,L0134,C0370,Financial Activity activity observed in connection with murder investigation investigation CASE-2026-0370.,E09125
EV03119,Evidence Collection,Evidence Collection involving Pooja Patil,2026-06-16T23:57:18,L0265,C0370,Evidence Collection activity observed in connection with murder investigation investigation CASE-2026-0370.,nan
EV03120,Call,Call involving Rohan Malhotra,2026-05-28T07:24:01,L0134,C0370,Call activity observed in connection with murder investigation investigation CASE-2026-0370.,nan
EV03121,Meeting,Meeting involving Trisha Mishra,2026-06-08T15:42:34,L0223,C0370,Meeting activity observed in connection with murder investigation investigation CASE-2026-0370.,E09126
EV03122,Arrest,Arrest involving Dev Patil,2026-08-26T17:38:26,L0134,C0370,Arrest activity observed in connection with murder investigation investigation CASE-2026-0370.,E09127
EV03123,Crime,Crime involving Tanvi Gupta,2026-07-27T09:54:36,L0317,C0371,Crime activity observed in connection with identity fraud investigation CASE-2026-0371.,nan
EV03124,Surveillance,Surveillance involving Mahi Gupta,2026-06-01T07:57:23,L0265,C0371,Surveillance activity observed in connection with identity fraud investigation CASE-2026-0371.,nan
EV03125,Delivery,Delivery involving Vanya Shah,2026-08-06T07:08:00,L0333,C0372,Delivery activity observed in connection with money laundering investigation investigation CASE-2026-0372.,nan
EV03126,Financial Activity,Financial Activity involving Riya Shetty,2026-01-05T07:08:37,L0517,C0372,Financial Activity activity observed in connection with money laundering investigation investigation CASE-2026-0372.,nan
EV03127,Delivery,Delivery involving Nikhil Sethi,2026-01-04T23:09:42,L0399,C0372,Delivery activity observed in connection with money laundering investigation investigation CASE-2026-0372.,E09141
EV03128,Evidence Collection,Evidence Collection involving Riya Khan,2026-04-10T03:36:15,L0517,C0372,Evidence Collection activity observed in connection with money laundering investigation investigation CASE-2026-0372.,nan
EV03129,Financial Activity,Financial Activity involving Riya Khan,2026-10-10T18:20:20,L0399,C0372,Financial Activity activity observed in connection with money laundering investigation investigation CASE-2026-0372.,nan
EV03130,Crime,Crime involving Akash Das,2026-07-07T01:39:15,L0517,C0372,Crime activity observed in connection with money laundering investigation investigation CASE-2026-0372.,nan
EV03131,Cyber Activity,Cyber Activity involving Riya Khan,2026-08-22T19:52:56,L0399,C0372,Cyber Activity activity observed in connection with money laundering investigation investigation CASE-2026-0372.,nan
EV03132,Surveillance,Surveillance involving Yash Saxena,2026-02-18T20:48:55,L0517,C0372,Surveillance activity observed in connection with money laundering investigation investigation CASE-2026-0372.,nan
EV03133,Observation,Observation involving Aarav Mishra,2026-02-03T10:44:25,L0399,C0372,Observation activity observed in connection with money laundering investigation investigation CASE-2026-0372.,nan
EV03134,Observation,Observation involving Saurabh Kulkarni,2026-09-29T14:10:37,L0099,C0372,Observation activity observed in connection with money laundering investigation investigation CASE-2026-0372.,nan
EV03135,Evidence Collection,Evidence Collection involving Vikram Verma,2026-08-02T23:53:16,L0333,C0372,Evidence Collection activity observed in connection with money laundering investigation investigation CASE-2026-0372.,nan
EV03136,Crime,Crime involving Rhea Desai,2026-07-24T23:25:32,L0399,C0372,Crime activity observed in connection with money laundering investigation investigation CASE-2026-0372.,nan
EV03137,Delivery,Delivery involving Aarav Mishra,2026-08-30T05:44:40,L0333,C0372,Delivery activity observed in connection with money laundering investigation investigation CASE-2026-0372.,nan
EV03138,Transaction,Transaction involving Saurabh Kulkarni,2026-08-01T18:44:30,L0333,C0372,Transaction activity observed in connection with money laundering investigation investigation CASE-2026-0372.,E09142
EV03139,Surveillance,Surveillance involving Varun Reddy,2026-06-09T02:43:33,L0313,C0372,Surveillance activity observed in connection with money laundering investigation investigation CASE-2026-0372.,nan
EV03140,Financial Activity,Financial Activity involving Arjun Pillai,2026-08-18T14:40:03,L0333,C0372,Financial Activity activity observed in connection with money laundering investigation investigation CASE-2026-0372.,nan
EV03141,Transaction,Transaction involving Vikram Verma,2026-09-26T16:15:27,L0517,C0372,Transaction activity observed in connection with money laundering investigation investigation CASE-2026-0372.,nan
EV03142,Observation,Observation involving Simran Shah,2026-01-19T07:33:47,L0575,C0373,Observation activity observed in connection with payment fraud investigation CASE-2026-0373.,nan
EV03143,Observation,Observation involving Nikhil Joshi,2026-08-05T05:53:53,L0501,C0373,Observation activity observed in connection with payment fraud investigation CASE-2026-0373.,nan
EV03144,Meeting,Meeting involving Simran Shah,2026-08-26T00:58:05,L0364,C0373,Meeting activity observed in connection with payment fraud investigation CASE-2026-0373.,E09147
EV03145,Financial Activity,Financial Activity involving Sneha Naik,2026-12-25T00:39:04,L0131,C0373,Financial Activity activity observed in connection with payment fraud investigation CASE-2026-0373.,nan
EV03146,Delivery,Delivery involving Ishaan Nair,2026-08-17T20:19:35,L0570,C0374,Delivery activity observed in connection with banking fraud investigation CASE-2026-0374.,nan
EV03147,Interview,Interview involving Ishaan Nair,2026-06-16T07:28:11,L0570,C0374,Interview activity observed in connection with banking fraud investigation CASE-2026-0374.,nan
EV03148,Surveillance,Surveillance involving Ishaan Nair,2026-05-18T18:45:32,L0570,C0374,Surveillance activity observed in connection with banking fraud investigation CASE-2026-0374.,nan
EV03149,Financial Activity,Financial Activity involving Meera Reddy,2026-05-20T15:13:57,L0174,C0374,Financial Activity activity observed in connection with banking fraud investigation CASE-2026-0374.,nan
EV03150,Surveillance,Surveillance involving Kabir Naik,2026-06-19T00:20:09,L0174,C0374,Surveillance activity observed in connection with banking fraud investigation CASE-2026-0374.,nan
EV03151,Interview,Interview involving Arnav Thakur,2026-08-02T16:47:36,L0174,C0374,Interview activity observed in connection with banking fraud investigation CASE-2026-0374.,E09152
EV03152,Evidence Collection,Evidence Collection involving Simran Mehta,2026-10-18T05:46:01,L0342,C0375,Evidence Collection activity observed in connection with corporate fraud investigation CASE-2026-0375.,nan
EV03153,Financial Activity,Financial Activity involving Aman Saxena,2026-08-01T01:21:58,L0459,C0375,Financial Activity activity observed in connection with corporate fraud investigation CASE-2026-0375.,nan
EV03154,Financial Activity,Financial Activity involving Mahi Joshi,2026-05-23T11:33:37,L0560,C0375,Financial Activity activity observed in connection with corporate fraud investigation CASE-2026-0375.,nan
EV03155,Arrest,Arrest involving Ananya Ghosh,2026-11-30T22:07:48,L0560,C0375,Arrest activity observed in connection with corporate fraud investigation CASE-2026-0375.,nan
EV03156,Crime,Crime involving Neha Iyer,2026-08-08T23:34:39,L0314,C0375,Crime activity observed in connection with corporate fraud investigation CASE-2026-0375.,nan
EV03157,Evidence Collection,Evidence Collection involving Aditya Bhat,2026-05-19T19:28:46,L0560,C0375,Evidence Collection activity observed in connection with corporate fraud investigation CASE-2026-0375.,nan
EV03158,Transaction,Transaction involving Vanya Jadhav,2026-08-31T17:23:07,L0342,C0375,Transaction activity observed in connection with corporate fraud investigation CASE-2026-0375.,nan
EV03159,Call,Call involving Simran Mehta,2026-04-11T18:13:24,L0314,C0375,Call activity observed in connection with corporate fraud investigation CASE-2026-0375.,nan
EV03160,Evidence Collection,Evidence Collection involving Kavya Patil,2026-04-23T10:49:44,L0560,C0375,Evidence Collection activity observed in connection with corporate fraud investigation CASE-2026-0375.,nan
EV03161,Transaction,Transaction involving Vikram Menon,2026-03-11T09:18:38,L0297,C0376,Transaction activity observed in connection with document fraud investigation CASE-2026-0376.,E09168
EV03162,Cyber Activity,Cyber Activity involving Siddharth Bansal,2026-08-08T03:04:53,L0129,C0376,Cyber Activity activity observed in connection with document fraud investigation CASE-2026-0376.,nan
EV03163,Arrest,Arrest involving Nisha Menon,2026-08-09T10:11:00,L0297,C0376,Arrest activity observed in connection with document fraud investigation CASE-2026-0376.,nan
EV03164,Financial Activity,Financial Activity involving Nisha Menon,2026-07-02T02:45:15,L0431,C0376,Financial Activity activity observed in connection with document fraud investigation CASE-2026-0376.,nan
EV03165,Interview,Interview involving Siddharth Malhotra,2026-01-09T21:12:10,L0383,C0376,Interview activity observed in connection with document fraud investigation CASE-2026-0376.,nan
EV03166,Crime,Crime involving Naina Desai,2026-03-19T14:37:57,L0129,C0376,Crime activity observed in connection with document fraud investigation CASE-2026-0376.,nan
EV03167,Call,Call involving Diya Mishra,2026-07-09T18:31:40,L0129,C0376,Call activity observed in connection with document fraud investigation CASE-2026-0376.,nan
EV03168,Financial Activity,Financial Activity involving Naveen Chavan,2026-10-21T12:46:33,L0129,C0376,Financial Activity activity observed in connection with document fraud investigation CASE-2026-0376.,nan
EV03169,Cyber Activity,Cyber Activity involving Vikram Menon,2026-04-30T14:51:46,L0383,C0376,Cyber Activity activity observed in connection with document fraud investigation CASE-2026-0376.,E09169
EV03170,Evidence Collection,Evidence Collection involving Kavya Menon,2026-09-14T11:30:22,L0244,C0377,Evidence Collection activity observed in connection with minor fraud investigation CASE-2026-0377.,nan
EV03171,Arrest,Arrest involving Sana Verma,2026-04-04T18:40:47,L0244,C0377,Arrest activity observed in connection with minor fraud investigation CASE-2026-0377.,nan
EV03172,Evidence Collection,Evidence Collection involving Karan Thakur,2026-07-10T06:16:37,L0244,C0377,Evidence Collection activity observed in connection with minor fraud investigation CASE-2026-0377.,E09171
EV03173,Financial Activity,Financial Activity involving Simran Khan,2026-10-04T15:39:52,L0490,C0378,Financial Activity activity observed in connection with identity fraud investigation CASE-2026-0378.,E09176
EV03174,Vehicle Movement,Vehicle Movement involving Naina Saxena,2026-07-23T10:01:51,L0546,C0378,Vehicle Movement activity observed in connection with identity fraud investigation CASE-2026-0378.,nan
EV03175,Interview,Interview involving Harsh Kapoor,2026-10-31T04:42:14,L0546,C0378,Interview activity observed in connection with identity fraud investigation CASE-2026-0378.,E09177
EV03176,Interview,Interview involving Mohit Singh,2026-03-01T18:55:04,L0470,C0378,Interview activity observed in connection with identity fraud investigation CASE-2026-0378.,nan
EV03177,Cyber Activity,Cyber Activity involving Vidhi Chavan,2026-06-01T09:56:51,L0450,C0378,Cyber Activity activity observed in connection with identity fraud investigation CASE-2026-0378.,E09178
EV03178,Observation,Observation involving Vidhi Chavan,2026-08-26T12:54:53,L0490,C0378,Observation activity observed in connection with identity fraud investigation CASE-2026-0378.,nan
EV03179,Call,Call involving Siddharth Malhotra,2026-06-10T04:23:35,L0324,C0379,Call activity observed in connection with theft investigation CASE-2026-0379.,nan
EV03180,Evidence Collection,Evidence Collection involving Siddharth Malhotra,2026-11-08T15:12:18,L0324,C0379,Evidence Collection activity observed in connection with theft investigation CASE-2026-0379.,nan
EV03181,Delivery,Delivery involving Arjun Chavan,2026-10-05T12:24:37,L0324,C0379,Delivery activity observed in connection with theft investigation CASE-2026-0379.,nan
EV03182,Meeting,Meeting involving Trisha Jadhav,2026-07-14T10:11:02,L0504,C0380,Meeting activity observed in connection with banking fraud investigation CASE-2026-0380.,E09198
EV03183,Arrest,Arrest involving Vivek Ghosh,2026-04-26T23:43:59,L0435,C0380,Arrest activity observed in connection with banking fraud investigation CASE-2026-0380.,nan
EV03184,Financial Activity,Financial Activity involving Aarav Iyer,2026-08-22T23:31:52,L0504,C0380,Financial Activity activity observed in connection with banking fraud investigation CASE-2026-0380.,nan
EV03185,Transaction,Transaction involving Zoya Verma,2026-04-30T22:17:38,L0507,C0380,Transaction activity observed in connection with banking fraud investigation CASE-2026-0380.,nan
EV03186,Evidence Collection,Evidence Collection involving Saurabh Bansal,2026-04-11T03:13:29,L0504,C0380,Evidence Collection activity observed in connection with banking fraud investigation CASE-2026-0380.,nan
EV03187,Surveillance,Surveillance involving Harsh Verma,2026-04-29T13:38:42,L0507,C0380,Surveillance activity observed in connection with banking fraud investigation CASE-2026-0380.,E09199
EV03188,Delivery,Delivery involving Sameer Nair,2026-04-11T23:16:51,L0504,C0380,Delivery activity observed in connection with banking fraud investigation CASE-2026-0380.,E09200
EV03189,Observation,Observation involving Arnav Mishra,2026-07-18T17:34:57,L0435,C0380,Observation activity observed in connection with banking fraud investigation CASE-2026-0380.,E09201
EV03190,Financial Activity,Financial Activity involving Zoya Bhat,2026-04-27T14:40:32,L0055,C0380,Financial Activity activity observed in connection with banking fraud investigation CASE-2026-0380.,nan
EV03191,Financial Activity,Financial Activity involving Sameer Nair,2026-04-22T13:19:00,L0055,C0380,Financial Activity activity observed in connection with banking fraud investigation CASE-2026-0380.,nan
EV03192,Call,Call involving Aarav Iyer,2026-03-31T20:42:47,L0507,C0380,Call activity observed in connection with banking fraud investigation CASE-2026-0380.,nan
EV03193,Meeting,Meeting involving Karan Das,2026-07-30T00:07:00,L0435,C0380,Meeting activity observed in connection with banking fraud investigation CASE-2026-0380.,E09202
EV03194,Surveillance,Surveillance involving Varun Das,2026-07-19T03:58:03,L0435,C0380,Surveillance activity observed in connection with banking fraud investigation CASE-2026-0380.,nan
EV03195,Meeting,Meeting involving Nikhil Pillai,2026-08-29T09:52:42,L0588,C0380,Meeting activity observed in connection with banking fraud investigation CASE-2026-0380.,E09203
EV03196,Call,Call involving Dhruv Bhat,2026-06-01T23:53:57,L0588,C0380,Call activity observed in connection with banking fraud investigation CASE-2026-0380.,nan
EV03197,Transaction,Transaction involving Varun Das,2026-08-30T18:33:45,L0507,C0380,Transaction activity observed in connection with banking fraud investigation CASE-2026-0380.,nan
EV03198,Interview,Interview involving Karan Das,2026-06-06T22:59:01,L0588,C0380,Interview activity observed in connection with banking fraud investigation CASE-2026-0380.,nan
EV03199,Transaction,Transaction involving Diya Das,2026-04-14T14:26:25,L0504,C0380,Transaction activity observed in connection with banking fraud investigation CASE-2026-0380.,nan
EV03200,Financial Activity,Financial Activity involving Karan Das,2026-03-23T05:13:41,L0507,C0380,Financial Activity activity observed in connection with banking fraud investigation CASE-2026-0380.,nan
EV03201,Delivery,Delivery involving Varun Patil,2026-07-31T15:27:44,L0012,C0381,Delivery activity observed in connection with data theft investigation CASE-2026-0381.,nan
EV03202,Observation,Observation involving Anushka Desai,2026-04-15T22:57:49,L0267,C0381,Observation activity observed in connection with data theft investigation CASE-2026-0381.,nan
EV03203,Evidence Collection,Evidence Collection involving Manav Menon,2026-05-14T08:15:48,L0456,C0382,Evidence Collection activity observed in connection with assault investigation CASE-2026-0382.,nan
EV03204,Delivery,Delivery involving Tanvi Jadhav,2026-03-09T23:43:14,L0424,C0382,Delivery activity observed in connection with assault investigation CASE-2026-0382.,E09210
EV03205,Interview,Interview involving Raj Thakur,2026-07-24T02:54:20,L0293,C0382,Interview activity observed in connection with assault investigation CASE-2026-0382.,nan
EV03206,Transaction,Transaction involving Rohan Singh,2026-10-01T18:09:37,L0079,C0383,Transaction activity observed in connection with money laundering investigation investigation CASE-2026-0383.,nan
EV03207,Financial Activity,Financial Activity involving Avni Shetty,2026-01-14T03:35:03,L0079,C0383,Financial Activity activity observed in connection with money laundering investigation investigation CASE-2026-0383.,nan
EV03208,Arrest,Arrest involving Siddharth Jadhav,2026-11-09T17:42:36,L0003,C0383,Arrest activity observed in connection with money laundering investigation investigation CASE-2026-0383.,nan
EV03209,Financial Activity,Financial Activity involving Arjun Malhotra,2026-06-27T22:43:53,L0414,C0383,Financial Activity activity observed in connection with money laundering investigation investigation CASE-2026-0383.,E09226
EV03210,Vehicle Movement,Vehicle Movement involving Diya Saxena,2026-04-22T10:02:38,L0079,C0383,Vehicle Movement activity observed in connection with money laundering investigation investigation CASE-2026-0383.,nan
EV03211,Arrest,Arrest involving Diya Bansal,2026-03-10T00:14:12,L0537,C0383,Arrest activity observed in connection with money laundering investigation investigation CASE-2026-0383.,nan
EV03212,Call,Call involving Harsh Verma,2026-04-17T20:43:01,L0537,C0383,Call activity observed in connection with money laundering investigation investigation CASE-2026-0383.,E09227
EV03213,Financial Activity,Financial Activity involving Ishaan Joshi,2026-01-29T01:46:26,L0556,C0383,Financial Activity activity observed in connection with money laundering investigation investigation CASE-2026-0383.,nan
EV03214,Evidence Collection,Evidence Collection involving Aniket Shah,2026-05-17T02:15:05,L0079,C0383,Evidence Collection activity observed in connection with money laundering investigation investigation CASE-2026-0383.,nan
EV03215,Surveillance,Surveillance involving Siddharth Jadhav,2026-05-15T03:46:55,L0079,C0383,Surveillance activity observed in connection with money laundering investigation investigation CASE-2026-0383.,nan
EV03216,Cyber Activity,Cyber Activity involving Diya Menon,2026-07-13T13:42:53,L0556,C0383,Cyber Activity activity observed in connection with money laundering investigation investigation CASE-2026-0383.,nan
EV03217,Surveillance,Surveillance involving Ritesh Joshi,2026-06-09T17:09:22,L0079,C0383,Surveillance activity observed in connection with money laundering investigation investigation CASE-2026-0383.,E09228
EV03218,Interview,Interview involving Rohan Singh,2026-04-26T12:53:21,L0079,C0383,Interview activity observed in connection with money laundering investigation investigation CASE-2026-0383.,E09229
EV03219,Financial Activity,Financial Activity involving Sameer Bhat,2026-01-23T09:16:25,L0414,C0383,Financial Activity activity observed in connection with money laundering investigation investigation CASE-2026-0383.,nan
EV03220,Observation,Observation involving Aman Kulkarni,2026-06-18T18:22:17,L0537,C0383,Observation activity observed in connection with money laundering investigation investigation CASE-2026-0383.,nan
EV03221,Arrest,Arrest involving Aditi Naik,2026-11-07T13:20:39,L0537,C0383,Arrest activity observed in connection with money laundering investigation investigation CASE-2026-0383.,E09230
EV03222,Cyber Activity,Cyber Activity involving Ritesh Joshi,2026-03-02T19:56:39,L0556,C0383,Cyber Activity activity observed in connection with money laundering investigation investigation CASE-2026-0383.,nan
EV03223,Transaction,Transaction involving Diya Jadhav,2026-04-29T12:21:59,L0079,C0383,Transaction activity observed in connection with money laundering investigation investigation CASE-2026-0383.,nan
EV03224,Vehicle Movement,Vehicle Movement involving Nikhil Kapoor,2026-02-02T04:14:17,L0079,C0383,Vehicle Movement activity observed in connection with money laundering investigation investigation CASE-2026-0383.,nan
EV03225,Observation,Observation involving Rohan Desai,2026-07-20T09:24:02,L0395,C0384,Observation activity observed in connection with money laundering investigation investigation CASE-2026-0384.,nan
EV03226,Transaction,Transaction involving Nisha Rao,2026-08-10T05:16:43,L0503,C0384,Transaction activity observed in connection with money laundering investigation investigation CASE-2026-0384.,nan
EV03227,Transaction,Transaction involving Vanya Joshi,2026-08-26T12:06:08,L0395,C0384,Transaction activity observed in connection with money laundering investigation investigation CASE-2026-0384.,E09244
EV03228,Delivery,Delivery involving Rahul Iyer,2026-07-21T12:33:40,L0137,C0384,Delivery activity observed in connection with money laundering investigation investigation CASE-2026-0384.,E09245
EV03229,Call,Call involving Tanvi Thakur,2026-08-07T05:25:42,L0503,C0384,Call activity observed in connection with money laundering investigation investigation CASE-2026-0384.,E09246
EV03230,Surveillance,Surveillance involving Vikram Ghosh,2026-08-28T06:05:22,L0503,C0384,Surveillance activity observed in connection with money laundering investigation investigation CASE-2026-0384.,nan
EV03231,Transaction,Transaction involving Kabir Chavan,2026-07-11T12:46:16,L0503,C0384,Transaction activity observed in connection with money laundering investigation investigation CASE-2026-0384.,nan
EV03232,Delivery,Delivery involving Rohan Desai,2026-07-17T16:17:52,L0395,C0384,Delivery activity observed in connection with money laundering investigation investigation CASE-2026-0384.,nan
EV03233,Cyber Activity,Cyber Activity involving Kabir Chavan,2026-07-02T22:45:18,L0503,C0384,Cyber Activity activity observed in connection with money laundering investigation investigation CASE-2026-0384.,nan
EV03234,Crime,Crime involving Tara Reddy,2026-06-15T05:43:18,L0159,C0384,Crime activity observed in connection with money laundering investigation investigation CASE-2026-0384.,nan
EV03235,Vehicle Movement,Vehicle Movement involving Sana Khan,2026-07-29T02:31:18,L0159,C0384,Vehicle Movement activity observed in connection with money laundering investigation investigation CASE-2026-0384.,nan
EV03236,Arrest,Arrest involving Shreya Iyer,2026-07-09T20:53:43,L0137,C0384,Arrest activity observed in connection with money laundering investigation investigation CASE-2026-0384.,E09247
EV03237,Surveillance,Surveillance involving Ananya Rao,2026-06-21T09:33:40,L0137,C0384,Surveillance activity observed in connection with money laundering investigation investigation CASE-2026-0384.,nan
EV03238,Call,Call involving Kabir Chavan,2026-05-14T08:05:42,L0296,C0384,Call activity observed in connection with money laundering investigation investigation CASE-2026-0384.,nan
EV03239,Crime,Crime involving Simran Shetty,2026-05-22T10:41:03,L0137,C0384,Crime activity observed in connection with money laundering investigation investigation CASE-2026-0384.,E09248
EV03240,Financial Activity,Financial Activity involving Tara Reddy,2026-08-08T22:39:59,L0503,C0384,Financial Activity activity observed in connection with money laundering investigation investigation CASE-2026-0384.,E09249
EV03241,Arrest,Arrest involving Rahul Iyer,2026-06-12T05:46:23,L0137,C0384,Arrest activity observed in connection with money laundering investigation investigation CASE-2026-0384.,nan
EV03242,Delivery,Delivery involving Sana Khan,2026-07-07T15:42:21,L0137,C0384,Delivery activity observed in connection with money laundering investigation investigation CASE-2026-0384.,nan
EV03243,Interview,Interview involving Vidhi Menon,2026-07-13T12:58:35,L0395,C0384,Interview activity observed in connection with money laundering investigation investigation CASE-2026-0384.,E09250
EV03244,Vehicle Movement,Vehicle Movement involving Aditya Shah,2026-05-16T12:38:27,L0395,C0384,Vehicle Movement activity observed in connection with money laundering investigation investigation CASE-2026-0384.,nan
EV03245,Financial Activity,Financial Activity involving Arjun Thakur,2026-05-25T07:01:44,L0296,C0384,Financial Activity activity observed in connection with money laundering investigation investigation CASE-2026-0384.,nan
EV03246,Arrest,Arrest involving Aanya Saxena,2026-08-02T07:26:24,L0128,C0385,Arrest activity observed in connection with banking fraud investigation CASE-2026-0385.,E09262
EV03247,Observation,Observation involving Aman Thakur,2026-06-15T12:36:26,L0188,C0385,Observation activity observed in connection with banking fraud investigation CASE-2026-0385.,E09263
EV03248,Observation,Observation involving Kavya Nair,2026-12-01T12:41:43,L0128,C0385,Observation activity observed in connection with banking fraud investigation CASE-2026-0385.,nan
EV03249,Evidence Collection,Evidence Collection involving Vivek Mishra,2026-05-01T07:55:26,L0296,C0385,Evidence Collection activity observed in connection with banking fraud investigation CASE-2026-0385.,nan
EV03250,Crime,Crime involving Aanya Saxena,2026-12-15T10:36:27,L0128,C0385,Crime activity observed in connection with banking fraud investigation CASE-2026-0385.,nan
EV03251,Delivery,Delivery involving Mohit Patil,2026-09-19T18:20:30,L0296,C0385,Delivery activity observed in connection with banking fraud investigation CASE-2026-0385.,nan
EV03252,Crime,Crime involving Tara Joshi,2026-11-18T00:40:22,L0188,C0385,Crime activity observed in connection with banking fraud investigation CASE-2026-0385.,nan
EV03253,Evidence Collection,Evidence Collection involving Zoya Bansal,2026-12-24T06:23:51,L0068,C0385,Evidence Collection activity observed in connection with banking fraud investigation CASE-2026-0385.,nan
EV03254,Cyber Activity,Cyber Activity involving Tara Joshi,2026-05-01T08:51:28,L0068,C0385,Cyber Activity activity observed in connection with banking fraud investigation CASE-2026-0385.,E09264
EV03255,Arrest,Arrest involving Kabir Bansal,2026-08-27T21:51:10,L0128,C0385,Arrest activity observed in connection with banking fraud investigation CASE-2026-0385.,nan
EV03256,Cyber Activity,Cyber Activity involving Naina Shetty,2026-08-21T19:40:51,L0236,C0385,Cyber Activity activity observed in connection with banking fraud investigation CASE-2026-0385.,nan
EV03257,Transaction,Transaction involving Karan Sethi,2026-07-16T18:35:52,L0068,C0385,Transaction activity observed in connection with banking fraud investigation CASE-2026-0385.,E09265
EV03258,Evidence Collection,Evidence Collection involving Mahi Verma,2026-05-20T03:38:47,L0236,C0385,Evidence Collection activity observed in connection with banking fraud investigation CASE-2026-0385.,E09266
EV03259,Observation,Observation involving Vivek Mishra,2026-09-12T17:13:30,L0128,C0385,Observation activity observed in connection with banking fraud investigation CASE-2026-0385.,nan
EV03260,Transaction,Transaction involving Rhea Malhotra,2026-08-19T23:41:27,L0380,C0386,Transaction activity observed in connection with assault investigation CASE-2026-0386.,nan
EV03261,Vehicle Movement,Vehicle Movement involving Tara Rao,2026-08-06T23:08:48,L0380,C0386,Vehicle Movement activity observed in connection with assault investigation CASE-2026-0386.,nan
EV03262,Transaction,Transaction involving Trisha Chavan,2026-08-27T19:05:15,L0081,C0386,Transaction activity observed in connection with assault investigation CASE-2026-0386.,nan
EV03263,Interview,Interview involving Aman Patil,2026-07-25T20:11:43,L0081,C0386,Interview activity observed in connection with assault investigation CASE-2026-0386.,nan
EV03264,Evidence Collection,Evidence Collection involving Sameer Saxena,2026-07-18T09:30:32,L0380,C0386,Evidence Collection activity observed in connection with assault investigation CASE-2026-0386.,nan
EV03265,Vehicle Movement,Vehicle Movement involving Trisha Chavan,2026-08-23T12:23:10,L0045,C0386,Vehicle Movement activity observed in connection with assault investigation CASE-2026-0386.,nan
EV03266,Crime,Crime involving Yamini Kulkarni,2026-08-16T15:06:58,L0380,C0386,Crime activity observed in connection with assault investigation CASE-2026-0386.,nan
EV03267,Crime,Crime involving Tara Rao,2026-08-27T18:37:12,L0051,C0386,Crime activity observed in connection with assault investigation CASE-2026-0386.,nan
EV03268,Interview,Interview involving Pranav Shah,2026-07-11T16:47:39,L0045,C0386,Interview activity observed in connection with assault investigation CASE-2026-0386.,nan
EV03269,Transaction,Transaction involving Ishaan Nair,2026-08-23T15:44:14,L0241,C0386,Transaction activity observed in connection with assault investigation CASE-2026-0386.,E09276
EV03270,Observation,Observation involving Aditya Rao,2026-07-18T05:45:59,L0241,C0386,Observation activity observed in connection with assault investigation CASE-2026-0386.,nan
EV03271,Delivery,Delivery involving Simran Verma,2026-08-29T14:29:05,L0241,C0386,Delivery activity observed in connection with assault investigation CASE-2026-0386.,nan
EV03272,Transaction,Transaction involving Yamini Khan,2026-07-18T01:03:41,L0051,C0386,Transaction activity observed in connection with assault investigation CASE-2026-0386.,nan
EV03273,Interview,Interview involving Rhea Malhotra,2026-08-01T02:01:58,L0081,C0386,Interview activity observed in connection with assault investigation CASE-2026-0386.,E09277
EV03274,Delivery,Delivery involving Isha Saxena,2026-08-03T21:01:40,L0051,C0386,Delivery activity observed in connection with assault investigation CASE-2026-0386.,nan
EV03275,Evidence Collection,Evidence Collection involving Yamini Malhotra,2026-07-20T05:34:13,L0051,C0386,Evidence Collection activity observed in connection with assault investigation CASE-2026-0386.,E09278
EV03276,Cyber Activity,Cyber Activity involving Sameer Saxena,2026-08-05T07:45:52,L0051,C0386,Cyber Activity activity observed in connection with assault investigation CASE-2026-0386.,E09279
EV03277,Vehicle Movement,Vehicle Movement involving Tara Ghosh,2026-08-20T23:18:00,L0051,C0386,Vehicle Movement activity observed in connection with assault investigation CASE-2026-0386.,nan
EV03278,Financial Activity,Financial Activity involving Avni Gupta,2026-08-04T06:56:26,L0345,C0387,Financial Activity activity observed in connection with simple robbery investigation CASE-2026-0387.,nan
EV03279,Vehicle Movement,Vehicle Movement involving Aniket Chavan,2026-07-30T11:33:07,L0345,C0387,Vehicle Movement activity observed in connection with simple robbery investigation CASE-2026-0387.,nan
EV03280,Arrest,Arrest involving Harsh Joshi,2026-07-14T22:33:39,L0356,C0388,Arrest activity observed in connection with insurance fraud investigation CASE-2026-0388.,nan
EV03281,Delivery,Delivery involving Dev Chavan,2026-04-07T08:41:12,L0052,C0388,Delivery activity observed in connection with insurance fraud investigation CASE-2026-0388.,E09281
EV03282,Observation,Observation involving Kunal Patil,2026-05-31T21:43:07,L0106,C0388,Observation activity observed in connection with insurance fraud investigation CASE-2026-0388.,nan
EV03283,Interview,Interview involving Kunal Patil,2026-04-04T18:09:37,L0367,C0388,Interview activity observed in connection with insurance fraud investigation CASE-2026-0388.,nan
EV03284,Surveillance,Surveillance involving Avni Jadhav,2026-06-28T00:58:51,L0367,C0388,Surveillance activity observed in connection with insurance fraud investigation CASE-2026-0388.,nan
EV03285,Arrest,Arrest involving Vanya Bhat,2026-05-31T07:01:39,L0367,C0388,Arrest activity observed in connection with insurance fraud investigation CASE-2026-0388.,E09282
EV03286,Arrest,Arrest involving Yamini Iyer,2026-05-21T14:51:13,L0554,C0389,Arrest activity observed in connection with assault investigation CASE-2026-0389.,nan
EV03287,Arrest,Arrest involving Kiara Malhotra,2026-07-17T06:33:21,L0590,C0389,Arrest activity observed in connection with assault investigation CASE-2026-0389.,nan
EV03288,Transaction,Transaction involving Karan Bansal,2026-06-18T18:18:02,L0106,C0389,Transaction activity observed in connection with assault investigation CASE-2026-0389.,nan
EV03289,Vehicle Movement,Vehicle Movement involving Sana Iyer,2026-08-08T11:15:42,L0106,C0389,Vehicle Movement activity observed in connection with assault investigation CASE-2026-0389.,nan
EV03290,Vehicle Movement,Vehicle Movement involving Tara Verma,2026-05-28T09:04:53,L0531,C0389,Vehicle Movement activity observed in connection with assault investigation CASE-2026-0389.,nan
EV03291,Vehicle Movement,Vehicle Movement involving Aditi Thakur,2026-05-19T01:49:01,L0554,C0389,Vehicle Movement activity observed in connection with assault investigation CASE-2026-0389.,nan
EV03292,Cyber Activity,Cyber Activity involving Karan Bansal,2026-08-07T05:57:36,L0554,C0389,Cyber Activity activity observed in connection with assault investigation CASE-2026-0389.,E09297
EV03293,Arrest,Arrest involving Aarav Ghosh,2026-06-17T17:50:30,L0590,C0389,Arrest activity observed in connection with assault investigation CASE-2026-0389.,E09298
EV03294,Financial Activity,Financial Activity involving Arnav Singh,2026-05-15T15:01:57,L0531,C0389,Financial Activity activity observed in connection with assault investigation CASE-2026-0389.,nan
EV03295,Observation,Observation involving Meera Saxena,2026-05-07T21:14:22,L0106,C0389,Observation activity observed in connection with assault investigation CASE-2026-0389.,nan
EV03296,Vehicle Movement,Vehicle Movement involving Kavya Reddy,2026-08-19T13:51:11,L0061,C0389,Vehicle Movement activity observed in connection with assault investigation CASE-2026-0389.,nan
EV03297,Interview,Interview involving Yamini Iyer,2026-05-16T01:28:21,L0590,C0389,Interview activity observed in connection with assault investigation CASE-2026-0389.,nan
EV03298,Arrest,Arrest involving Karan Verma,2026-05-22T00:56:05,L0262,C0390,Arrest activity observed in connection with murder investigation investigation CASE-2026-0390.,nan
EV03299,Transaction,Transaction involving Naveen Patil,2026-02-15T06:08:21,L0517,C0390,Transaction activity observed in connection with murder investigation investigation CASE-2026-0390.,nan
EV03300,Crime,Crime involving Vidhi Sethi,2026-02-13T08:21:39,L0517,C0390,Crime activity observed in connection with murder investigation investigation CASE-2026-0390.,nan
EV03301,Arrest,Arrest involving Harsh Gupta,2026-06-14T02:19:11,L0517,C0390,Arrest activity observed in connection with murder investigation investigation CASE-2026-0390.,nan
EV03302,Delivery,Delivery involving Aniket Ghosh,2026-12-02T02:04:58,L0346,C0390,Delivery activity observed in connection with murder investigation investigation CASE-2026-0390.,E09309
EV03303,Observation,Observation involving Ishaan Gupta,2026-08-18T08:05:56,L0272,C0390,Observation activity observed in connection with murder investigation investigation CASE-2026-0390.,nan
EV03304,Interview,Interview involving Ishaan Gupta,2026-01-04T07:28:15,L0178,C0390,Interview activity observed in connection with murder investigation investigation CASE-2026-0390.,nan
EV03305,Surveillance,Surveillance involving Pallavi Desai,2026-09-14T14:35:24,L0178,C0390,Surveillance activity observed in connection with murder investigation investigation CASE-2026-0390.,nan
EV03306,Arrest,Arrest involving Ishaan Gupta,2026-01-10T06:18:25,L0262,C0390,Arrest activity observed in connection with murder investigation investigation CASE-2026-0390.,nan
EV03307,Surveillance,Surveillance involving Vidhi Sethi,2026-04-11T21:23:54,L0346,C0390,Surveillance activity observed in connection with murder investigation investigation CASE-2026-0390.,nan
EV03308,Cyber Activity,Cyber Activity involving Sneha Thakur,2026-11-05T19:14:29,L0346,C0390,Cyber Activity activity observed in connection with murder investigation investigation CASE-2026-0390.,nan
EV03309,Delivery,Delivery involving Aarav Nair,2026-07-12T05:57:31,L0272,C0390,Delivery activity observed in connection with murder investigation investigation CASE-2026-0390.,nan
EV03310,Delivery,Delivery involving Meera Saxena,2026-07-04T04:30:56,L0272,C0390,Delivery activity observed in connection with murder investigation investigation CASE-2026-0390.,nan
EV03311,Vehicle Movement,Vehicle Movement involving Naveen Verma,2026-02-27T01:53:14,L0346,C0390,Vehicle Movement activity observed in connection with murder investigation investigation CASE-2026-0390.,nan
EV03312,Observation,Observation involving Harsh Gupta,2026-03-27T23:28:37,L0517,C0390,Observation activity observed in connection with murder investigation investigation CASE-2026-0390.,E09310
EV03313,Transaction,Transaction involving Aarav Mehta,2026-06-22T13:39:20,L0525,C0391,Transaction activity observed in connection with simple robbery investigation CASE-2026-0391.,nan
EV03314,Observation,Observation involving Yash Joshi,2026-08-15T14:50:49,L0509,C0391,Observation activity observed in connection with simple robbery investigation CASE-2026-0391.,E09314
EV03315,Meeting,Meeting involving Tanvi Rao,2026-05-14T06:56:48,L0246,C0392,Meeting activity observed in connection with banking fraud investigation CASE-2026-0392.,E09331
EV03316,Interview,Interview involving Karan Nair,2026-02-01T21:26:56,L0107,C0392,Interview activity observed in connection with banking fraud investigation CASE-2026-0392.,E09332
EV03317,Meeting,Meeting involving Ishaan Reddy,2026-03-10T12:13:22,L0478,C0392,Meeting activity observed in connection with banking fraud investigation CASE-2026-0392.,nan
EV03318,Observation,Observation involving Diya Patil,2026-08-20T18:27:16,L0107,C0392,Observation activity observed in connection with banking fraud investigation CASE-2026-0392.,nan
EV03319,Transaction,Transaction involving Kiara Thakur,2026-01-12T18:55:14,L0511,C0392,Transaction activity observed in connection with banking fraud investigation CASE-2026-0392.,nan
EV03320,Call,Call involving Tara Chavan,2026-04-11T16:56:05,L0478,C0392,Call activity observed in connection with banking fraud investigation CASE-2026-0392.,nan
EV03321,Crime,Crime involving Manav Menon,2026-08-30T09:25:50,L0246,C0392,Crime activity observed in connection with banking fraud investigation CASE-2026-0392.,E09333
EV03322,Meeting,Meeting involving Vidhi Naik,2026-01-19T05:03:25,L0107,C0392,Meeting activity observed in connection with banking fraud investigation CASE-2026-0392.,nan
EV03323,Transaction,Transaction involving Raj Thakur,2026-07-05T01:21:28,L0511,C0392,Transaction activity observed in connection with banking fraud investigation CASE-2026-0392.,nan
EV03324,Delivery,Delivery involving Ishaan Reddy,2026-06-25T12:07:34,L0478,C0392,Delivery activity observed in connection with banking fraud investigation CASE-2026-0392.,nan
EV03325,Call,Call involving Vidhi Naik,2026-07-02T23:58:14,L0478,C0392,Call activity observed in connection with banking fraud investigation CASE-2026-0392.,E09334
EV03326,Surveillance,Surveillance involving Manav Menon,2026-07-24T09:58:29,L0246,C0392,Surveillance activity observed in connection with banking fraud investigation CASE-2026-0392.,nan
EV03327,Financial Activity,Financial Activity involving Aniket Shetty,2026-03-19T09:50:46,L0246,C0392,Financial Activity activity observed in connection with banking fraud investigation CASE-2026-0392.,nan
EV03328,Call,Call involving Tara Chavan,2026-01-09T00:52:14,L0478,C0392,Call activity observed in connection with banking fraud investigation CASE-2026-0392.,nan
EV03329,Arrest,Arrest involving Mahi Das,2026-02-26T14:09:16,L0246,C0392,Arrest activity observed in connection with banking fraud investigation CASE-2026-0392.,E09335
EV03330,Observation,Observation involving Kiara Thakur,2026-02-06T17:13:28,L0246,C0392,Observation activity observed in connection with banking fraud investigation CASE-2026-0392.,nan
EV03331,Cyber Activity,Cyber Activity involving Dhruv Bansal,2026-02-18T03:18:37,L0511,C0392,Cyber Activity activity observed in connection with banking fraud investigation CASE-2026-0392.,E09336
EV03332,Transaction,Transaction involving Vikram Bansal,2026-07-05T22:18:34,L0494,C0393,Transaction activity observed in connection with organized fraud investigation CASE-2026-0393.,nan
EV03333,Interview,Interview involving Vikram Bansal,2026-11-07T22:24:01,L0315,C0393,Interview activity observed in connection with organized fraud investigation CASE-2026-0393.,E09346
EV03334,Call,Call involving Vikram Bansal,2026-06-17T18:09:27,L0596,C0393,Call activity observed in connection with organized fraud investigation CASE-2026-0393.,nan
EV03335,Observation,Observation involving Pooja Bansal,2026-06-10T04:02:18,L0315,C0393,Observation activity observed in connection with organized fraud investigation CASE-2026-0393.,nan
EV03336,Transaction,Transaction involving Akash Reddy,2026-09-19T07:09:02,L0315,C0393,Transaction activity observed in connection with organized fraud investigation CASE-2026-0393.,nan
EV03337,Cyber Activity,Cyber Activity involving Rohan Singh,2026-08-14T10:45:06,L0596,C0393,Cyber Activity activity observed in connection with organized fraud investigation CASE-2026-0393.,E09347
EV03338,Meeting,Meeting involving Pooja Bansal,2026-06-03T19:37:24,L0596,C0393,Meeting activity observed in connection with organized fraud investigation CASE-2026-0393.,E09348
EV03339,Interview,Interview involving Vivek Jadhav,2026-07-08T17:05:06,L0573,C0393,Interview activity observed in connection with organized fraud investigation CASE-2026-0393.,E09349
EV03340,Vehicle Movement,Vehicle Movement involving Nisha Verma,2026-05-10T15:20:38,L0573,C0393,Vehicle Movement activity observed in connection with organized fraud investigation CASE-2026-0393.,nan
EV03341,Delivery,Delivery involving Vikram Bansal,2026-03-18T15:51:29,L0573,C0393,Delivery activity observed in connection with organized fraud investigation CASE-2026-0393.,E09350
EV03342,Arrest,Arrest involving Vikram Bansal,2026-07-31T02:49:03,L0315,C0393,Arrest activity observed in connection with organized fraud investigation CASE-2026-0393.,nan
EV03343,Evidence Collection,Evidence Collection involving Kunal Kulkarni,2026-07-29T00:41:50,L0494,C0393,Evidence Collection activity observed in connection with organized fraud investigation CASE-2026-0393.,nan
EV03344,Interview,Interview involving Shreya Bansal,2026-08-05T04:43:27,L0581,C0394,Interview activity observed in connection with murder investigation investigation CASE-2026-0394.,nan
EV03345,Surveillance,Surveillance involving Rohan Shetty,2026-06-01T17:32:13,L0581,C0394,Surveillance activity observed in connection with murder investigation investigation CASE-2026-0394.,nan
EV03346,Interview,Interview involving Aarav Menon,2026-08-15T11:06:27,L0100,C0394,Interview activity observed in connection with murder investigation investigation CASE-2026-0394.,nan
EV03347,Interview,Interview involving Aditya Saxena,2026-03-22T02:03:14,L0100,C0394,Interview activity observed in connection with murder investigation investigation CASE-2026-0394.,nan
EV03348,Cyber Activity,Cyber Activity involving Raj Reddy,2026-04-08T05:04:39,L0211,C0394,Cyber Activity activity observed in connection with murder investigation investigation CASE-2026-0394.,nan
EV03349,Interview,Interview involving Shreya Bansal,2026-06-05T01:00:12,L0330,C0394,Interview activity observed in connection with murder investigation investigation CASE-2026-0394.,nan
EV03350,Observation,Observation involving Aarav Menon,2026-06-18T02:53:05,L0581,C0394,Observation activity observed in connection with murder investigation investigation CASE-2026-0394.,nan
EV03351,Transaction,Transaction involving Vikram Rao,2026-07-31T14:20:00,L0330,C0394,Transaction activity observed in connection with murder investigation investigation CASE-2026-0394.,nan
EV03352,Delivery,Delivery involving Rohan Kulkarni,2026-07-12T03:53:04,L0206,C0394,Delivery activity observed in connection with murder investigation investigation CASE-2026-0394.,E09363
EV03353,Cyber Activity,Cyber Activity involving Manav Patil,2026-05-06T19:17:09,L0206,C0394,Cyber Activity activity observed in connection with murder investigation investigation CASE-2026-0394.,nan
EV03354,Transaction,Transaction involving Rahul Khan,2026-04-04T09:34:01,L0581,C0394,Transaction activity observed in connection with murder investigation investigation CASE-2026-0394.,E09364
EV03355,Vehicle Movement,Vehicle Movement involving Aarav Menon,2026-05-06T20:36:00,L0330,C0394,Vehicle Movement activity observed in connection with murder investigation investigation CASE-2026-0394.,E09365
EV03356,Evidence Collection,Evidence Collection involving Karan Menon,2026-08-24T18:58:01,L0206,C0394,Evidence Collection activity observed in connection with murder investigation investigation CASE-2026-0394.,nan
EV03357,Arrest,Arrest involving Ishaan Desai,2026-05-12T17:14:52,L0211,C0394,Arrest activity observed in connection with murder investigation investigation CASE-2026-0394.,E09366
EV03358,Observation,Observation involving Nikhil Malhotra,2026-06-25T04:54:19,L0330,C0394,Observation activity observed in connection with murder investigation investigation CASE-2026-0394.,nan
EV03359,Arrest,Arrest involving Anushka Kapoor,2026-08-06T01:09:44,L0206,C0394,Arrest activity observed in connection with murder investigation investigation CASE-2026-0394.,nan
EV03360,Interview,Interview involving Riya Khan,2026-06-07T00:58:05,L0330,C0394,Interview activity observed in connection with murder investigation investigation CASE-2026-0394.,nan
EV03361,Transaction,Transaction involving Rohan Kulkarni,2026-06-27T12:38:20,L0100,C0394,Transaction activity observed in connection with murder investigation investigation CASE-2026-0394.,E09367
EV03362,Delivery,Delivery involving Vanya Das,2026-04-30T02:03:26,L0100,C0394,Delivery activity observed in connection with murder investigation investigation CASE-2026-0394.,nan
EV03363,Call,Call involving Ishaan Desai,2026-04-22T12:15:28,L0100,C0394,Call activity observed in connection with murder investigation investigation CASE-2026-0394.,nan
EV03364,Delivery,Delivery involving Manav Patil,2026-07-31T21:32:18,L0211,C0394,Delivery activity observed in connection with murder investigation investigation CASE-2026-0394.,E09368
EV03365,Surveillance,Surveillance involving Anushka Chavan,2026-07-20T10:33:04,L0100,C0394,Surveillance activity observed in connection with murder investigation investigation CASE-2026-0394.,nan
EV03366,Arrest,Arrest involving Anushka Kapoor,2026-04-14T02:32:14,L0100,C0394,Arrest activity observed in connection with murder investigation investigation CASE-2026-0394.,nan
EV03367,Vehicle Movement,Vehicle Movement involving Siddharth Bansal,2026-05-14T04:58:35,L0354,C0395,Vehicle Movement activity observed in connection with vehicle theft investigation CASE-2026-0395.,nan
EV03368,Evidence Collection,Evidence Collection involving Rahul Reddy,2026-04-18T02:22:48,L0044,C0395,Evidence Collection activity observed in connection with vehicle theft investigation CASE-2026-0395.,nan
EV03369,Evidence Collection,Evidence Collection involving Dhruv Naik,2026-04-04T02:42:36,L0556,C0395,Evidence Collection activity observed in connection with vehicle theft investigation CASE-2026-0395.,nan
EV03370,Evidence Collection,Evidence Collection involving Akash Das,2026-07-03T06:56:51,L0571,C0395,Evidence Collection activity observed in connection with vehicle theft investigation CASE-2026-0395.,nan
EV03371,Meeting,Meeting involving Manav Mishra,2026-08-17T16:19:25,L0270,C0396,Meeting activity observed in connection with vehicle theft investigation CASE-2026-0396.,nan
EV03372,Observation,Observation involving Rohan Bhat,2026-08-31T16:29:47,L0520,C0396,Observation activity observed in connection with vehicle theft investigation CASE-2026-0396.,nan
EV03373,Delivery,Delivery involving Manav Nair,2026-05-23T09:47:49,L0509,C0396,Delivery activity observed in connection with vehicle theft investigation CASE-2026-0396.,nan
EV03374,Meeting,Meeting involving Naina Bhat,2026-04-22T16:19:44,L0509,C0396,Meeting activity observed in connection with vehicle theft investigation CASE-2026-0396.,nan
EV03375,Delivery,Delivery involving Shreya Reddy,2026-04-24T06:20:53,L0201,C0396,Delivery activity observed in connection with vehicle theft investigation CASE-2026-0396.,E09380
EV03376,Observation,Observation involving Naveen Naik,2026-08-25T20:02:04,L0201,C0396,Observation activity observed in connection with vehicle theft investigation CASE-2026-0396.,nan
EV03377,Surveillance,Surveillance involving Manav Nair,2026-05-18T03:59:05,L0473,C0396,Surveillance activity observed in connection with vehicle theft investigation CASE-2026-0396.,nan
EV03378,Evidence Collection,Evidence Collection involving Trisha Shetty,2026-06-16T05:24:16,L0520,C0396,Evidence Collection activity observed in connection with vehicle theft investigation CASE-2026-0396.,nan
EV03379,Delivery,Delivery involving Naina Bhat,2026-08-31T11:46:58,L0270,C0396,Delivery activity observed in connection with vehicle theft investigation CASE-2026-0396.,E09381
EV03380,Cyber Activity,Cyber Activity involving Shreya Reddy,2026-08-26T10:14:00,L0201,C0396,Cyber Activity activity observed in connection with vehicle theft investigation CASE-2026-0396.,E09382
EV03381,Financial Activity,Financial Activity involving Manav Mishra,2026-04-02T11:09:30,L0473,C0396,Financial Activity activity observed in connection with vehicle theft investigation CASE-2026-0396.,E09383
EV03382,Interview,Interview involving Dev Menon,2026-07-26T16:32:21,L0201,C0397,Interview activity observed in connection with money laundering investigation investigation CASE-2026-0397.,nan
EV03383,Vehicle Movement,Vehicle Movement involving Nisha Shah,2026-06-12T08:55:43,L0495,C0397,Vehicle Movement activity observed in connection with money laundering investigation investigation CASE-2026-0397.,nan
EV03384,Call,Call involving Manav Nair,2026-03-13T07:34:43,L0495,C0397,Call activity observed in connection with money laundering investigation investigation CASE-2026-0397.,nan
EV03385,Observation,Observation involving Ishaan Kulkarni,2026-09-16T16:09:08,L0520,C0397,Observation activity observed in connection with money laundering investigation investigation CASE-2026-0397.,nan
EV03386,Evidence Collection,Evidence Collection involving Ananya Khan,2026-11-20T00:38:32,L0201,C0397,Evidence Collection activity observed in connection with money laundering investigation investigation CASE-2026-0397.,nan
EV03387,Surveillance,Surveillance involving Raj Patil,2026-01-24T22:04:40,L0360,C0397,Surveillance activity observed in connection with money laundering investigation investigation CASE-2026-0397.,nan
EV03388,Evidence Collection,Evidence Collection involving Neha Malhotra,2026-09-18T17:39:23,L0495,C0397,Evidence Collection activity observed in connection with money laundering investigation investigation CASE-2026-0397.,E09393
EV03389,Cyber Activity,Cyber Activity involving Raj Iyer,2026-03-18T22:15:50,L0201,C0397,Cyber Activity activity observed in connection with money laundering investigation investigation CASE-2026-0397.,nan
EV03390,Vehicle Movement,Vehicle Movement involving Neha Malhotra,2026-01-27T17:25:03,L0520,C0397,Vehicle Movement activity observed in connection with money laundering investigation investigation CASE-2026-0397.,nan
EV03391,Transaction,Transaction involving Dev Menon,2026-11-05T01:23:21,L0201,C0397,Transaction activity observed in connection with money laundering investigation investigation CASE-2026-0397.,nan
EV03392,Observation,Observation involving Ananya Khan,2026-02-13T04:17:06,L0495,C0397,Observation activity observed in connection with money laundering investigation investigation CASE-2026-0397.,E09394
EV03393,Crime,Crime involving Kiara Nair,2026-10-01T11:06:17,L0360,C0397,Crime activity observed in connection with money laundering investigation investigation CASE-2026-0397.,nan
EV03394,Interview,Interview involving Dev Menon,2026-11-17T17:44:11,L0360,C0397,Interview activity observed in connection with money laundering investigation investigation CASE-2026-0397.,nan
EV03395,Cyber Activity,Cyber Activity involving Aditi Sethi,2026-10-25T15:27:39,L0201,C0397,Cyber Activity activity observed in connection with money laundering investigation investigation CASE-2026-0397.,E09395
EV03396,Interview,Interview involving Tara Sethi,2026-05-15T11:29:13,L0495,C0397,Interview activity observed in connection with money laundering investigation investigation CASE-2026-0397.,nan
EV03397,Delivery,Delivery involving Trisha Bhat,2026-05-17T23:12:01,L0509,C0397,Delivery activity observed in connection with money laundering investigation investigation CASE-2026-0397.,nan
EV03398,Cyber Activity,Cyber Activity involving Dev Menon,2026-10-20T23:30:32,L0201,C0397,Cyber Activity activity observed in connection with money laundering investigation investigation CASE-2026-0397.,nan
EV03399,Delivery,Delivery involving Harsh Pillai,2026-10-19T20:42:35,L0509,C0397,Delivery activity observed in connection with money laundering investigation investigation CASE-2026-0397.,nan
EV03400,Observation,Observation involving Sana Bhat,2026-09-23T19:42:52,L0201,C0397,Observation activity observed in connection with money laundering investigation investigation CASE-2026-0397.,nan
EV03401,Cyber Activity,Cyber Activity involving Ananya Khan,2026-08-07T09:09:19,L0520,C0397,Cyber Activity activity observed in connection with money laundering investigation investigation CASE-2026-0397.,nan
EV03402,Transaction,Transaction involving Kavya Rao,2026-01-18T19:44:56,L0495,C0397,Transaction activity observed in connection with money laundering investigation investigation CASE-2026-0397.,nan
EV03403,Delivery,Delivery involving Kiara Sethi,2026-04-10T04:32:17,L0495,C0397,Delivery activity observed in connection with money laundering investigation investigation CASE-2026-0397.,nan
EV03404,Arrest,Arrest involving Kiara Nair,2026-04-15T08:23:50,L0495,C0397,Arrest activity observed in connection with money laundering investigation investigation CASE-2026-0397.,nan
EV03405,Arrest,Arrest involving Ananya Das,2026-05-16T05:25:56,L0495,C0397,Arrest activity observed in connection with money laundering investigation investigation CASE-2026-0397.,nan
EV03406,Cyber Activity,Cyber Activity involving Mahi Sethi,2026-12-02T14:27:59,L0063,C0398,Cyber Activity activity observed in connection with identity fraud investigation CASE-2026-0398.,nan
EV03407,Interview,Interview involving Riya Saxena,2026-07-07T16:53:58,L0457,C0398,Interview activity observed in connection with identity fraud investigation CASE-2026-0398.,nan
EV03408,Vehicle Movement,Vehicle Movement involving Aditi Nair,2026-05-13T09:17:12,L0063,C0398,Vehicle Movement activity observed in connection with identity fraud investigation CASE-2026-0398.,nan
EV03409,Meeting,Meeting involving Ishaan Kulkarni,2026-07-22T19:59:40,L0265,C0399,Meeting activity observed in connection with logistics fraud investigation CASE-2026-0399.,nan
EV03410,Interview,Interview involving Kabir Sethi,2026-07-23T13:37:12,L0276,C0399,Interview activity observed in connection with logistics fraud investigation CASE-2026-0399.,nan
EV03411,Interview,Interview involving Yash Saxena,2026-07-02T10:34:57,L0598,C0399,Interview activity observed in connection with logistics fraud investigation CASE-2026-0399.,nan
EV03412,Evidence Collection,Evidence Collection involving Ishita Patil,2026-07-03T11:55:28,L0276,C0399,Evidence Collection activity observed in connection with logistics fraud investigation CASE-2026-0399.,nan
EV03413,Call,Call involving Dev Verma,2026-07-31T18:05:12,L0276,C0399,Call activity observed in connection with logistics fraud investigation CASE-2026-0399.,E09409
EV03414,Crime,Crime involving Aniket Mishra,2026-06-28T01:33:39,L0276,C0399,Crime activity observed in connection with logistics fraud investigation CASE-2026-0399.,nan
EV03415,Financial Activity,Financial Activity involving Tanvi Bansal,2026-06-23T19:55:42,L0243,C0399,Financial Activity activity observed in connection with logistics fraud investigation CASE-2026-0399.,nan
EV03416,Meeting,Meeting involving Kabir Sethi,2026-06-15T15:59:35,L0243,C0399,Meeting activity observed in connection with logistics fraud investigation CASE-2026-0399.,nan
EV03417,Delivery,Delivery involving Diya Verma,2026-08-07T04:04:48,L0537,C0400,Delivery activity observed in connection with document fraud investigation CASE-2026-0400.,nan
EV03418,Vehicle Movement,Vehicle Movement involving Pooja Gupta,2026-05-25T23:06:23,L0556,C0400,Vehicle Movement activity observed in connection with document fraud investigation CASE-2026-0400.,E09415
EV03419,Vehicle Movement,Vehicle Movement involving Yash Menon,2026-07-30T14:14:42,L0571,C0400,Vehicle Movement activity observed in connection with document fraud investigation CASE-2026-0400.,nan
EV03420,Delivery,Delivery involving Naina Joshi,2026-05-01T19:16:09,L0571,C0400,Delivery activity observed in connection with document fraud investigation CASE-2026-0400.,nan
EV03421,Delivery,Delivery involving Siddharth Ghosh,2026-08-11T00:47:29,L0189,C0400,Delivery activity observed in connection with document fraud investigation CASE-2026-0400.,nan
EV03422,Observation,Observation involving Ananya Iyer,2026-04-25T03:04:46,L0571,C0400,Observation activity observed in connection with document fraud investigation CASE-2026-0400.,nan
EV03423,Evidence Collection,Evidence Collection involving Yash Menon,2026-07-12T11:59:23,L0571,C0400,Evidence Collection activity observed in connection with document fraud investigation CASE-2026-0400.,nan
EV03424,Call,Call involving Saurabh Das,2026-07-12T20:16:55,L0189,C0400,Call activity observed in connection with document fraud investigation CASE-2026-0400.,E09416
EV03425,Meeting,Meeting involving Mahi Kulkarni,2026-05-14T04:23:41,L0288,C0401,Meeting activity observed in connection with unauthorized access investigation CASE-2026-0401.,nan
EV03426,Interview,Interview involving Raj Patil,2026-06-03T12:26:05,L0288,C0401,Interview activity observed in connection with unauthorized access investigation CASE-2026-0401.,nan
EV03427,Transaction,Transaction involving Kunal Mehta,2026-02-11T14:18:22,L0025,C0402,Transaction activity observed in connection with logistics fraud investigation CASE-2026-0402.,E09425
EV03428,Crime,Crime involving Aditya Thakur,2026-09-20T02:51:17,L0376,C0402,Crime activity observed in connection with logistics fraud investigation CASE-2026-0402.,nan
EV03429,Cyber Activity,Cyber Activity involving Sana Das,2026-12-23T06:01:24,L0514,C0402,Cyber Activity activity observed in connection with logistics fraud investigation CASE-2026-0402.,nan
EV03430,Call,Call involving Karan Menon,2026-12-28T09:35:39,L0250,C0402,Call activity observed in connection with logistics fraud investigation CASE-2026-0402.,nan
EV03431,Transaction,Transaction involving Shreya Malhotra,2026-11-04T16:00:13,L0376,C0402,Transaction activity observed in connection with logistics fraud investigation CASE-2026-0402.,nan
EV03432,Meeting,Meeting involving Pooja Shah,2026-12-28T05:51:17,L0110,C0402,Meeting activity observed in connection with logistics fraud investigation CASE-2026-0402.,nan
EV03433,Vehicle Movement,Vehicle Movement involving Ananya Patil,2026-03-01T16:16:10,L0250,C0402,Vehicle Movement activity observed in connection with logistics fraud investigation CASE-2026-0402.,nan
EV03434,Vehicle Movement,Vehicle Movement involving Sana Jadhav,2026-08-09T19:20:45,L0376,C0402,Vehicle Movement activity observed in connection with logistics fraud investigation CASE-2026-0402.,E09426
EV03435,Surveillance,Surveillance involving Shreya Malhotra,2026-02-23T23:59:42,L0514,C0402,Surveillance activity observed in connection with logistics fraud investigation CASE-2026-0402.,nan
EV03436,Financial Activity,Financial Activity involving Vivek Saxena,2026-05-11T12:58:05,L0203,C0403,Financial Activity activity observed in connection with large organized crime network investigation CASE-2026-0403.,nan
EV03437,Observation,Observation involving Yash Iyer,2026-03-06T04:56:25,L0147,C0403,Observation activity observed in connection with large organized crime network investigation CASE-2026-0403.,nan
EV03438,Surveillance,Surveillance involving Varun Menon,2026-07-07T08:33:44,L0450,C0403,Surveillance activity observed in connection with large organized crime network investigation CASE-2026-0403.,nan
EV03439,Crime,Crime involving Mahi Menon,2026-04-14T08:56:46,L0158,C0403,Crime activity observed in connection with large organized crime network investigation CASE-2026-0403.,E09459
EV03440,Transaction,Transaction involving Siddharth Singh,2026-03-27T05:42:36,L0158,C0403,Transaction activity observed in connection with large organized crime network investigation CASE-2026-0403.,E09460
EV03441,Cyber Activity,Cyber Activity involving Ishita Shah,2026-08-22T21:39:02,L0147,C0403,Cyber Activity activity observed in connection with large organized crime network investigation CASE-2026-0403.,nan
EV03442,Arrest,Arrest involving Naina Shetty,2026-03-11T16:44:47,L0147,C0403,Arrest activity observed in connection with large organized crime network investigation CASE-2026-0403.,nan
EV03443,Meeting,Meeting involving Pallavi Menon,2026-06-21T07:09:35,L0203,C0403,Meeting activity observed in connection with large organized crime network investigation CASE-2026-0403.,nan
EV03444,Crime,Crime involving Dev Verma,2026-05-03T20:24:56,L0479,C0403,Crime activity observed in connection with large organized crime network investigation CASE-2026-0403.,nan
EV03445,Financial Activity,Financial Activity involving Kunal Reddy,2026-08-06T18:40:58,L0450,C0403,Financial Activity activity observed in connection with large organized crime network investigation CASE-2026-0403.,nan
EV03446,Surveillance,Surveillance involving Riya Iyer,2026-03-10T06:24:13,L0147,C0403,Surveillance activity observed in connection with large organized crime network investigation CASE-2026-0403.,E09461
EV03447,Cyber Activity,Cyber Activity involving Sana Ghosh,2026-05-24T16:41:37,L0147,C0403,Cyber Activity activity observed in connection with large organized crime network investigation CASE-2026-0403.,E09462
EV03448,Call,Call involving Mahi Desai,2026-05-25T19:34:36,L0450,C0403,Call activity observed in connection with large organized crime network investigation CASE-2026-0403.,nan
EV03449,Observation,Observation involving Kunal Reddy,2026-07-23T12:38:38,L0158,C0403,Observation activity observed in connection with large organized crime network investigation CASE-2026-0403.,nan
EV03450,Evidence Collection,Evidence Collection involving Sana Pillai,2026-03-17T05:41:11,L0158,C0403,Evidence Collection activity observed in connection with large organized crime network investigation CASE-2026-0403.,E09463
EV03451,Interview,Interview involving Yash Ghosh,2026-04-10T02:46:52,L0479,C0403,Interview activity observed in connection with large organized crime network investigation CASE-2026-0403.,E09464
EV03452,Evidence Collection,Evidence Collection involving Anushka Singh,2026-03-07T05:25:28,L0203,C0403,Evidence Collection activity observed in connection with large organized crime network investigation CASE-2026-0403.,nan
EV03453,Crime,Crime involving Raj Ghosh,2026-05-11T13:33:46,L0479,C0403,Crime activity observed in connection with large organized crime network investigation CASE-2026-0403.,E09465
EV03454,Arrest,Arrest involving Raj Desai,2026-04-27T17:15:33,L0158,C0403,Arrest activity observed in connection with large organized crime network investigation CASE-2026-0403.,nan
EV03455,Meeting,Meeting involving Raj Desai,2026-07-10T08:29:56,L0479,C0403,Meeting activity observed in connection with large organized crime network investigation CASE-2026-0403.,nan
EV03456,Meeting,Meeting involving Nisha Shah,2026-03-23T00:34:37,L0158,C0403,Meeting activity observed in connection with large organized crime network investigation CASE-2026-0403.,nan
EV03457,Call,Call involving Riya Iyer,2026-03-04T16:23:53,L0158,C0403,Call activity observed in connection with large organized crime network investigation CASE-2026-0403.,nan
EV03458,Interview,Interview involving Yash Bansal,2026-03-11T16:21:12,L0450,C0403,Interview activity observed in connection with large organized crime network investigation CASE-2026-0403.,E09466
EV03459,Interview,Interview involving Arnav Gupta,2026-02-26T01:51:07,L0203,C0403,Interview activity observed in connection with large organized crime network investigation CASE-2026-0403.,nan
EV03460,Interview,Interview involving Kavya Khan,2026-07-11T08:52:25,L0158,C0403,Interview activity observed in connection with large organized crime network investigation CASE-2026-0403.,nan
EV03461,Delivery,Delivery involving Harsh Gupta,2026-06-02T11:51:35,L0479,C0403,Delivery activity observed in connection with large organized crime network investigation CASE-2026-0403.,nan
EV03462,Transaction,Transaction involving Anushka Singh,2026-03-11T00:36:50,L0158,C0403,Transaction activity observed in connection with large organized crime network investigation CASE-2026-0403.,E09467
EV03463,Call,Call involving Ishita Menon,2026-05-04T05:32:30,L0450,C0403,Call activity observed in connection with large organized crime network investigation CASE-2026-0403.,E09468
EV03464,Interview,Interview involving Pooja Patil,2026-10-04T04:33:15,L0162,C0404,Interview activity observed in connection with vehicle theft investigation CASE-2026-0404.,nan
EV03465,Crime,Crime involving Pooja Patil,2026-10-17T11:01:41,L0162,C0404,Crime activity observed in connection with vehicle theft investigation CASE-2026-0404.,E09475
EV03466,Evidence Collection,Evidence Collection involving Mahi Joshi,2026-06-11T15:50:21,L0139,C0405,Evidence Collection activity observed in connection with simple robbery investigation CASE-2026-0405.,nan
EV03467,Transaction,Transaction involving Naveen Kapoor,2026-07-06T02:05:08,L0104,C0405,Transaction activity observed in connection with simple robbery investigation CASE-2026-0405.,nan
EV03468,Arrest,Arrest involving Mahi Joshi,2026-07-11T14:11:46,L0391,C0405,Arrest activity observed in connection with simple robbery investigation CASE-2026-0405.,nan
EV03469,Evidence Collection,Evidence Collection involving Karan Joshi,2026-08-13T22:40:41,L0044,C0405,Evidence Collection activity observed in connection with simple robbery investigation CASE-2026-0405.,E09477
EV03470,Transaction,Transaction involving Dhruv Gupta,2026-06-28T02:07:51,L0343,C0406,Transaction activity observed in connection with individual cyber fraud investigation CASE-2026-0406.,E09483
EV03471,Surveillance,Surveillance involving Rhea Chavan,2026-11-21T15:09:30,L0592,C0406,Surveillance activity observed in connection with individual cyber fraud investigation CASE-2026-0406.,nan
EV03472,Call,Call involving Karan Shah,2026-07-15T23:26:16,L0343,C0406,Call activity observed in connection with individual cyber fraud investigation CASE-2026-0406.,nan
EV03473,Interview,Interview involving Dhruv Gupta,2026-08-24T12:04:20,L0592,C0406,Interview activity observed in connection with individual cyber fraud investigation CASE-2026-0406.,nan
EV03474,Crime,Crime involving Zoya Iyer,2026-08-20T14:45:16,L0230,C0407,Crime activity observed in connection with financial fraud investigation CASE-2026-0407.,nan
EV03475,Vehicle Movement,Vehicle Movement involving Sneha Menon,2026-08-13T01:30:59,L0303,C0407,Vehicle Movement activity observed in connection with financial fraud investigation CASE-2026-0407.,nan
EV03476,Vehicle Movement,Vehicle Movement involving Avni Khan,2026-08-28T22:17:57,L0216,C0407,Vehicle Movement activity observed in connection with financial fraud investigation CASE-2026-0407.,nan
EV03477,Interview,Interview involving Saurabh Reddy,2026-08-24T00:51:37,L0171,C0407,Interview activity observed in connection with financial fraud investigation CASE-2026-0407.,nan
EV03478,Observation,Observation involving Sneha Menon,2026-08-13T15:42:51,L0216,C0407,Observation activity observed in connection with financial fraud investigation CASE-2026-0407.,nan
EV03479,Meeting,Meeting involving Naina Shah,2026-07-29T23:38:27,L0230,C0407,Meeting activity observed in connection with financial fraud investigation CASE-2026-0407.,E09492
EV03480,Surveillance,Surveillance involving Avni Khan,2026-08-17T15:26:41,L0171,C0407,Surveillance activity observed in connection with financial fraud investigation CASE-2026-0407.,nan
EV03481,Arrest,Arrest involving Akash Nair,2026-07-15T13:00:47,L0593,C0408,Arrest activity observed in connection with major cybercrime investigation CASE-2026-0408.,E09500
EV03482,Evidence Collection,Evidence Collection involving Simran Joshi,2026-12-23T08:15:13,L0180,C0408,Evidence Collection activity observed in connection with major cybercrime investigation CASE-2026-0408.,nan
EV03483,Vehicle Movement,Vehicle Movement involving Dhruv Singh,2026-01-22T21:59:00,L0464,C0408,Vehicle Movement activity observed in connection with major cybercrime investigation CASE-2026-0408.,nan
EV03484,Financial Activity,Financial Activity involving Kunal Shah,2026-05-20T16:29:59,L0049,C0408,Financial Activity activity observed in connection with major cybercrime investigation CASE-2026-0408.,nan
EV03485,Evidence Collection,Evidence Collection involving Dev Shetty,2026-10-31T03:51:07,L0283,C0408,Evidence Collection activity observed in connection with major cybercrime investigation CASE-2026-0408.,E09501
EV03486,Delivery,Delivery involving Rahul Jadhav,2026-10-11T00:56:16,L0464,C0408,Delivery activity observed in connection with major cybercrime investigation CASE-2026-0408.,nan
EV03487,Observation,Observation involving Kunal Shah,2026-05-22T04:29:30,L0180,C0408,Observation activity observed in connection with major cybercrime investigation CASE-2026-0408.,nan
EV03488,Arrest,Arrest involving Pallavi Rao,2026-03-17T19:41:14,L0283,C0408,Arrest activity observed in connection with major cybercrime investigation CASE-2026-0408.,nan
EV03489,Financial Activity,Financial Activity involving Dev Shetty,2026-06-23T08:03:15,L0283,C0408,Financial Activity activity observed in connection with major cybercrime investigation CASE-2026-0408.,nan
EV03490,Transaction,Transaction involving Dev Shetty,2026-02-13T01:13:49,L0049,C0408,Transaction activity observed in connection with major cybercrime investigation CASE-2026-0408.,E09502
EV03491,Financial Activity,Financial Activity involving Ananya Mishra,2026-04-23T09:24:52,L0049,C0408,Financial Activity activity observed in connection with major cybercrime investigation CASE-2026-0408.,E09503
EV03492,Surveillance,Surveillance involving Aditi Joshi,2026-07-07T00:47:38,L0049,C0408,Surveillance activity observed in connection with major cybercrime investigation CASE-2026-0408.,nan
EV03493,Financial Activity,Financial Activity involving Pooja Menon,2026-11-03T21:26:13,L0283,C0408,Financial Activity activity observed in connection with major cybercrime investigation CASE-2026-0408.,nan
EV03494,Interview,Interview involving Pallavi Rao,2026-07-10T02:13:41,L0049,C0408,Interview activity observed in connection with major cybercrime investigation CASE-2026-0408.,nan
EV03495,Transaction,Transaction involving Aditi Joshi,2026-11-10T14:09:29,L0593,C0408,Transaction activity observed in connection with major cybercrime investigation CASE-2026-0408.,E09504
EV03496,Meeting,Meeting involving Siddharth Malhotra,2026-12-31T06:07:48,L0458,C0409,Meeting activity observed in connection with vehicle theft network investigation CASE-2026-0409.,nan
EV03497,Cyber Activity,Cyber Activity involving Rohan Kapoor,2026-04-22T15:04:25,L0300,C0409,Cyber Activity activity observed in connection with vehicle theft network investigation CASE-2026-0409.,E09518
EV03498,Crime,Crime involving Aman Khan,2026-06-16T13:15:49,L0008,C0409,Crime activity observed in connection with vehicle theft network investigation CASE-2026-0409.,E09519
EV03499,Evidence Collection,Evidence Collection involving Shreya Shah,2026-02-17T08:55:46,L0008,C0409,Evidence Collection activity observed in connection with vehicle theft network investigation CASE-2026-0409.,E09520
EV03500,Cyber Activity,Cyber Activity involving Raj Saxena,2026-02-10T14:33:49,L0094,C0409,Cyber Activity activity observed in connection with vehicle theft network investigation CASE-2026-0409.,E09521
EV03501,Crime,Crime involving Shreya Shah,2026-03-17T07:51:02,L0008,C0409,Crime activity observed in connection with vehicle theft network investigation CASE-2026-0409.,E09522
EV03502,Delivery,Delivery involving Varun Menon,2026-01-03T20:11:47,L0300,C0409,Delivery activity observed in connection with vehicle theft network investigation CASE-2026-0409.,nan
EV03503,Surveillance,Surveillance involving Siddharth Malhotra,2026-04-08T22:34:09,L0094,C0409,Surveillance activity observed in connection with vehicle theft network investigation CASE-2026-0409.,E09523
EV03504,Financial Activity,Financial Activity involving Raj Iyer,2026-02-20T11:48:16,L0161,C0409,Financial Activity activity observed in connection with vehicle theft network investigation CASE-2026-0409.,E09524
EV03505,Surveillance,Surveillance involving Siddharth Malhotra,2026-10-24T02:34:41,L0161,C0409,Surveillance activity observed in connection with vehicle theft network investigation CASE-2026-0409.,nan
EV03506,Crime,Crime involving Vikram Verma,2026-12-23T22:41:24,L0013,C0410,Crime activity observed in connection with burglary investigation CASE-2026-0410.,nan
EV03507,Crime,Crime involving Avni Joshi,2026-08-07T02:44:24,L0013,C0410,Crime activity observed in connection with burglary investigation CASE-2026-0410.,nan
EV03508,Cyber Activity,Cyber Activity involving Pranav Khan,2026-04-10T13:10:06,L0007,C0411,Cyber Activity activity observed in connection with property fraud investigation CASE-2026-0411.,nan
EV03509,Delivery,Delivery involving Neha Iyer,2026-01-23T11:17:24,L0096,C0411,Delivery activity observed in connection with property fraud investigation CASE-2026-0411.,nan
EV03510,Surveillance,Surveillance involving Ananya Patil,2026-07-21T08:52:35,L0096,C0411,Surveillance activity observed in connection with property fraud investigation CASE-2026-0411.,E09539
EV03511,Arrest,Arrest involving Neha Iyer,2026-03-17T21:07:48,L0096,C0411,Arrest activity observed in connection with property fraud investigation CASE-2026-0411.,E09540
EV03512,Transaction,Transaction involving Pooja Singh,2026-09-29T10:11:16,L0409,C0411,Transaction activity observed in connection with property fraud investigation CASE-2026-0411.,E09541
EV03513,Transaction,Transaction involving Rahul Shah,2026-07-04T11:49:27,L0224,C0411,Transaction activity observed in connection with property fraud investigation CASE-2026-0411.,nan
EV03514,Call,Call involving Dhruv Rao,2026-04-29T02:33:44,L0096,C0411,Call activity observed in connection with property fraud investigation CASE-2026-0411.,nan
EV03515,Cyber Activity,Cyber Activity involving Pooja Singh,2026-12-26T02:34:25,L0096,C0411,Cyber Activity activity observed in connection with property fraud investigation CASE-2026-0411.,nan
EV03516,Vehicle Movement,Vehicle Movement involving Trisha Kulkarni,2026-07-09T10:42:28,L0096,C0411,Vehicle Movement activity observed in connection with property fraud investigation CASE-2026-0411.,nan
EV03517,Financial Activity,Financial Activity involving Sana Verma,2026-08-15T22:20:10,L0409,C0411,Financial Activity activity observed in connection with property fraud investigation CASE-2026-0411.,E09542
EV03518,Crime,Crime involving Vanya Das,2026-01-02T01:51:19,L0096,C0411,Crime activity observed in connection with property fraud investigation CASE-2026-0411.,nan
EV03519,Observation,Observation involving Isha Bansal,2026-03-04T18:19:26,L0539,C0412,Observation activity observed in connection with identity fraud investigation CASE-2026-0412.,E09549
EV03520,Transaction,Transaction involving Nisha Bhat,2026-02-11T11:08:36,L0539,C0412,Transaction activity observed in connection with identity fraud investigation CASE-2026-0412.,E09550
EV03521,Transaction,Transaction involving Dhruv Malhotra,2026-04-26T10:32:27,L0220,C0413,Transaction activity observed in connection with document fraud investigation CASE-2026-0413.,E09554
EV03522,Observation,Observation involving Tara Joshi,2026-06-08T11:28:03,L0529,C0413,Observation activity observed in connection with document fraud investigation CASE-2026-0413.,nan
EV03523,Evidence Collection,Evidence Collection involving Nisha Nair,2026-07-17T00:37:06,L0570,C0413,Evidence Collection activity observed in connection with document fraud investigation CASE-2026-0413.,E09555
EV03524,Meeting,Meeting involving Mahi Khan,2026-08-14T15:00:31,L0057,C0413,Meeting activity observed in connection with document fraud investigation CASE-2026-0413.,E09556
EV03525,Arrest,Arrest involving Neha Kapoor,2026-07-10T01:22:03,L0554,C0414,Arrest activity observed in connection with simple robbery investigation CASE-2026-0414.,nan
EV03526,Evidence Collection,Evidence Collection involving Saurabh Bansal,2026-07-17T16:10:40,L0554,C0414,Evidence Collection activity observed in connection with simple robbery investigation CASE-2026-0414.,nan
EV03527,Interview,Interview involving Pranav Menon,2026-07-26T20:52:48,L0369,C0414,Interview activity observed in connection with simple robbery investigation CASE-2026-0414.,E09559
EV03528,Crime,Crime involving Akash Bhat,2026-08-04T11:38:58,L0345,C0414,Crime activity observed in connection with simple robbery investigation CASE-2026-0414.,nan
EV03529,Arrest,Arrest involving Akash Bhat,2026-08-24T03:02:59,L0215,C0414,Arrest activity observed in connection with simple robbery investigation CASE-2026-0414.,nan
EV03530,Observation,Observation involving Aarav Desai,2026-06-17T16:53:43,L0585,C0414,Observation activity observed in connection with simple robbery investigation CASE-2026-0414.,E09560
EV03531,Transaction,Transaction involving Rahul Joshi,2026-08-08T09:38:32,L0108,C0415,Transaction activity observed in connection with theft investigation CASE-2026-0415.,E09564
EV03532,Delivery,Delivery involving Vivek Gupta,2026-06-12T22:37:23,L0582,C0415,Delivery activity observed in connection with theft investigation CASE-2026-0415.,nan
EV03533,Observation,Observation involving Kunal Kapoor,2026-06-06T14:11:10,L0158,C0416,Observation activity observed in connection with major cybercrime investigation CASE-2026-0416.,E09576
EV03534,Financial Activity,Financial Activity involving Neha Bansal,2026-02-02T11:03:24,L0497,C0416,Financial Activity activity observed in connection with major cybercrime investigation CASE-2026-0416.,nan
EV03535,Interview,Interview involving Neha Bansal,2026-11-08T17:44:33,L0441,C0416,Interview activity observed in connection with major cybercrime investigation CASE-2026-0416.,E09577
EV03536,Call,Call involving Aditi Singh,2026-03-23T22:38:32,L0158,C0416,Call activity observed in connection with major cybercrime investigation CASE-2026-0416.,nan
EV03537,Observation,Observation involving Harsh Saxena,2026-04-12T17:42:49,L0465,C0416,Observation activity observed in connection with major cybercrime investigation CASE-2026-0416.,E09578
EV03538,Cyber Activity,Cyber Activity involving Diya Shah,2026-09-16T16:40:23,L0497,C0416,Cyber Activity activity observed in connection with major cybercrime investigation CASE-2026-0416.,nan
EV03539,Interview,Interview involving Sneha Nair,2026-04-20T03:31:34,L0158,C0416,Interview activity observed in connection with major cybercrime investigation CASE-2026-0416.,nan
EV03540,Call,Call involving Karan Shah,2026-08-07T04:01:31,L0158,C0416,Call activity observed in connection with major cybercrime investigation CASE-2026-0416.,E09579
EV03541,Observation,Observation involving Sneha Nair,2026-08-08T15:43:48,L0497,C0416,Observation activity observed in connection with major cybercrime investigation CASE-2026-0416.,E09580
EV03542,Crime,Crime involving Manav Thakur,2026-12-31T12:21:59,L0441,C0416,Crime activity observed in connection with major cybercrime investigation CASE-2026-0416.,E09581
EV03543,Cyber Activity,Cyber Activity involving Tanvi Verma,2026-08-31T20:06:31,L0490,C0417,Cyber Activity activity observed in connection with cyber extortion investigation CASE-2026-0417.,nan
EV03544,Crime,Crime involving Aman Jadhav,2026-07-16T01:00:24,L0490,C0417,Crime activity observed in connection with cyber extortion investigation CASE-2026-0417.,E09597
EV03545,Call,Call involving Aarav Ghosh,2026-07-14T09:34:05,L0490,C0417,Call activity observed in connection with cyber extortion investigation CASE-2026-0417.,E09598
EV03546,Arrest,Arrest involving Mahi Saxena,2026-07-30T14:02:51,L0257,C0417,Arrest activity observed in connection with cyber extortion investigation CASE-2026-0417.,nan
EV03547,Surveillance,Surveillance involving Shreya Menon,2026-08-13T17:55:13,L0490,C0417,Surveillance activity observed in connection with cyber extortion investigation CASE-2026-0417.,E09599
EV03548,Arrest,Arrest involving Isha Iyer,2026-08-24T18:17:41,L0257,C0417,Arrest activity observed in connection with cyber extortion investigation CASE-2026-0417.,nan
EV03549,Vehicle Movement,Vehicle Movement involving Arjun Saxena,2026-07-19T17:18:25,L0497,C0417,Vehicle Movement activity observed in connection with cyber extortion investigation CASE-2026-0417.,E09600
EV03550,Call,Call involving Tara Joshi,2026-08-30T18:12:23,L0121,C0417,Call activity observed in connection with cyber extortion investigation CASE-2026-0417.,nan
EV03551,Crime,Crime involving Shreya Menon,2026-08-03T16:41:17,L0490,C0417,Crime activity observed in connection with cyber extortion investigation CASE-2026-0417.,E09601
EV03552,Vehicle Movement,Vehicle Movement involving Tanvi Verma,2026-08-07T16:40:11,L0121,C0417,Vehicle Movement activity observed in connection with cyber extortion investigation CASE-2026-0417.,E09602
EV03553,Meeting,Meeting involving Shreya Menon,2026-07-21T02:25:07,L0121,C0417,Meeting activity observed in connection with cyber extortion investigation CASE-2026-0417.,nan
EV03554,Observation,Observation involving Aman Jadhav,2026-08-19T15:24:09,L0121,C0417,Observation activity observed in connection with cyber extortion investigation CASE-2026-0417.,E09603
EV03555,Delivery,Delivery involving Isha Iyer,2026-07-14T15:00:53,L0121,C0417,Delivery activity observed in connection with cyber extortion investigation CASE-2026-0417.,nan
EV03556,Call,Call involving Aman Jadhav,2026-08-27T12:49:30,L0497,C0417,Call activity observed in connection with cyber extortion investigation CASE-2026-0417.,E09604
EV03557,Crime,Crime involving Yash Patil,2026-08-23T03:03:50,L0465,C0417,Crime activity observed in connection with cyber extortion investigation CASE-2026-0417.,nan
EV03558,Arrest,Arrest involving Raj Shetty,2026-07-12T04:30:41,L0465,C0417,Arrest activity observed in connection with cyber extortion investigation CASE-2026-0417.,E09605
EV03559,Vehicle Movement,Vehicle Movement involving Yash Patil,2026-08-03T17:26:37,L0121,C0417,Vehicle Movement activity observed in connection with cyber extortion investigation CASE-2026-0417.,nan
EV03560,Delivery,Delivery involving Vanya Ghosh,2026-08-26T20:58:23,L0121,C0417,Delivery activity observed in connection with cyber extortion investigation CASE-2026-0417.,nan
EV03561,Crime,Crime involving Aniket Mishra,2026-07-29T17:03:41,L0257,C0417,Crime activity observed in connection with cyber extortion investigation CASE-2026-0417.,nan
EV03562,Cyber Activity,Cyber Activity involving Aman Thakur,2026-07-05T14:49:42,L0444,C0418,Cyber Activity activity observed in connection with identity fraud investigation CASE-2026-0418.,E09612
EV03563,Cyber Activity,Cyber Activity involving Trisha Gupta,2026-03-17T02:38:27,L0154,C0418,Cyber Activity activity observed in connection with identity fraud investigation CASE-2026-0418.,nan
EV03564,Financial Activity,Financial Activity involving Naveen Menon,2026-06-29T19:43:41,L0296,C0418,Financial Activity activity observed in connection with identity fraud investigation CASE-2026-0418.,E09613
EV03565,Call,Call involving Mahi Kapoor,2026-03-17T16:11:24,L0020,C0418,Call activity observed in connection with identity fraud investigation CASE-2026-0418.,nan
EV03566,Evidence Collection,Evidence Collection involving Naveen Menon,2026-03-26T15:11:01,L0444,C0418,Evidence Collection activity observed in connection with identity fraud investigation CASE-2026-0418.,E09614
EV03567,Arrest,Arrest involving Arnav Chavan,2026-07-09T09:11:24,L0296,C0418,Arrest activity observed in connection with identity fraud investigation CASE-2026-0418.,nan
EV03568,Crime,Crime involving Mahi Kapoor,2026-07-04T22:01:56,L0154,C0418,Crime activity observed in connection with identity fraud investigation CASE-2026-0418.,E09615
EV03569,Cyber Activity,Cyber Activity involving Naveen Menon,2026-02-18T04:49:11,L0296,C0418,Cyber Activity activity observed in connection with identity fraud investigation CASE-2026-0418.,nan
EV03570,Arrest,Arrest involving Anushka Rao,2026-08-06T06:59:32,L0469,C0419,Arrest activity observed in connection with organized cybercrime investigation CASE-2026-0419.,E09626
EV03571,Call,Call involving Kabir Pillai,2026-05-31T20:55:16,L0022,C0419,Call activity observed in connection with organized cybercrime investigation CASE-2026-0419.,E09627
EV03572,Transaction,Transaction involving Aarav Mishra,2026-04-23T18:07:01,L0469,C0419,Transaction activity observed in connection with organized cybercrime investigation CASE-2026-0419.,E09628
EV03573,Call,Call involving Yash Singh,2026-04-26T19:36:13,L0263,C0419,Call activity observed in connection with organized cybercrime investigation CASE-2026-0419.,nan
EV03574,Meeting,Meeting involving Raj Naik,2026-02-22T12:50:51,L0362,C0419,Meeting activity observed in connection with organized cybercrime investigation CASE-2026-0419.,nan
EV03575,Observation,Observation involving Anushka Singh,2026-07-28T17:34:31,L0372,C0419,Observation activity observed in connection with organized cybercrime investigation CASE-2026-0419.,nan
EV03576,Observation,Observation involving Rahul Das,2026-07-18T06:12:48,L0362,C0419,Observation activity observed in connection with organized cybercrime investigation CASE-2026-0419.,nan
EV03577,Call,Call involving Aarav Mishra,2026-04-10T05:38:58,L0469,C0419,Call activity observed in connection with organized cybercrime investigation CASE-2026-0419.,E09629
EV03578,Meeting,Meeting involving Kunal Joshi,2026-08-27T22:47:54,L0362,C0419,Meeting activity observed in connection with organized cybercrime investigation CASE-2026-0419.,nan
EV03579,Cyber Activity,Cyber Activity involving Meera Sethi,2026-08-03T01:22:29,L0372,C0419,Cyber Activity activity observed in connection with organized cybercrime investigation CASE-2026-0419.,E09630
EV03580,Financial Activity,Financial Activity involving Meera Sethi,2026-07-03T06:38:24,L0372,C0419,Financial Activity activity observed in connection with organized cybercrime investigation CASE-2026-0419.,nan
EV03581,Interview,Interview involving Vanya Nair,2026-06-25T11:59:51,L0469,C0419,Interview activity observed in connection with organized cybercrime investigation CASE-2026-0419.,E09631
EV03582,Evidence Collection,Evidence Collection involving Sameer Desai,2026-08-15T01:40:34,L0362,C0419,Evidence Collection activity observed in connection with organized cybercrime investigation CASE-2026-0419.,nan
EV03583,Evidence Collection,Evidence Collection involving Zoya Ghosh,2026-06-11T09:11:52,L0332,C0420,Evidence Collection activity observed in connection with unauthorized access investigation CASE-2026-0420.,nan
EV03584,Financial Activity,Financial Activity involving Aarav Menon,2026-08-30T00:39:53,L0332,C0420,Financial Activity activity observed in connection with unauthorized access investigation CASE-2026-0420.,E09634
EV03585,Meeting,Meeting involving Diya Jadhav,2026-08-31T23:30:50,L0418,C0420,Meeting activity observed in connection with unauthorized access investigation CASE-2026-0420.,E09635
EV03586,Arrest,Arrest involving Harsh Jadhav,2026-08-21T23:38:14,L0155,C0420,Arrest activity observed in connection with unauthorized access investigation CASE-2026-0420.,nan
EV03587,Crime,Crime involving Yash Shetty,2026-08-03T02:13:53,L0123,C0421,Crime activity observed in connection with document fraud investigation CASE-2026-0421.,nan
EV03588,Vehicle Movement,Vehicle Movement involving Vanya Chavan,2026-07-02T22:08:25,L0007,C0421,Vehicle Movement activity observed in connection with document fraud investigation CASE-2026-0421.,nan
EV03589,Vehicle Movement,Vehicle Movement involving Saurabh Naik,2026-06-24T12:54:15,L0542,C0422,Vehicle Movement activity observed in connection with financial fraud investigation CASE-2026-0422.,nan
EV03590,Surveillance,Surveillance involving Vidhi Rao,2026-04-03T14:21:07,L0133,C0422,Surveillance activity observed in connection with financial fraud investigation CASE-2026-0422.,nan
EV03591,Vehicle Movement,Vehicle Movement involving Vivek Verma,2026-04-09T16:53:07,L0390,C0422,Vehicle Movement activity observed in connection with financial fraud investigation CASE-2026-0422.,nan
EV03592,Vehicle Movement,Vehicle Movement involving Aditi Chavan,2026-04-05T12:05:12,L0390,C0422,Vehicle Movement activity observed in connection with financial fraud investigation CASE-2026-0422.,nan
EV03593,Vehicle Movement,Vehicle Movement involving Naveen Singh,2026-06-20T22:14:22,L0542,C0422,Vehicle Movement activity observed in connection with financial fraud investigation CASE-2026-0422.,E09641
EV03594,Surveillance,Surveillance involving Vanya Kulkarni,2026-06-27T01:05:37,L0133,C0422,Surveillance activity observed in connection with financial fraud investigation CASE-2026-0422.,nan
EV03595,Surveillance,Surveillance involving Akash Das,2026-05-10T13:37:23,L0390,C0422,Surveillance activity observed in connection with financial fraud investigation CASE-2026-0422.,nan
EV03596,Financial Activity,Financial Activity involving Simran Bhat,2026-04-24T01:39:17,L0542,C0422,Financial Activity activity observed in connection with financial fraud investigation CASE-2026-0422.,nan
EV03597,Interview,Interview involving Naveen Singh,2026-06-27T13:23:12,L0323,C0422,Interview activity observed in connection with financial fraud investigation CASE-2026-0422.,nan
EV03598,Meeting,Meeting involving Riya Nair,2026-07-20T06:22:07,L0390,C0422,Meeting activity observed in connection with financial fraud investigation CASE-2026-0422.,E09642
EV03599,Vehicle Movement,Vehicle Movement involving Ishita Bhat,2026-04-14T10:10:05,L0133,C0422,Vehicle Movement activity observed in connection with financial fraud investigation CASE-2026-0422.,nan
EV03600,Evidence Collection,Evidence Collection involving Saurabh Naik,2026-06-15T16:21:29,L0542,C0422,Evidence Collection activity observed in connection with financial fraud investigation CASE-2026-0422.,nan
EV03601,Observation,Observation involving Riya Nair,2026-08-11T01:55:24,L0390,C0422,Observation activity observed in connection with financial fraud investigation CASE-2026-0422.,nan
EV03602,Surveillance,Surveillance involving Vidhi Rao,2026-04-27T00:21:37,L0323,C0422,Surveillance activity observed in connection with financial fraud investigation CASE-2026-0422.,E09643
EV03603,Transaction,Transaction involving Naveen Singh,2026-04-09T01:25:00,L0133,C0422,Transaction activity observed in connection with financial fraud investigation CASE-2026-0422.,E09644
EV03604,Interview,Interview involving Naina Kapoor,2026-04-08T04:51:07,L0133,C0422,Interview activity observed in connection with financial fraud investigation CASE-2026-0422.,nan
EV03605,Crime,Crime involving Anushka Singh,2026-09-04T11:22:13,L0370,C0423,Crime activity observed in connection with digital fraud investigation CASE-2026-0423.,nan
EV03606,Evidence Collection,Evidence Collection involving Diya Gupta,2026-05-28T08:05:14,L0343,C0423,Evidence Collection activity observed in connection with digital fraud investigation CASE-2026-0423.,nan
EV03607,Crime,Crime involving Arnav Naik,2026-01-14T22:25:34,L0343,C0423,Crime activity observed in connection with digital fraud investigation CASE-2026-0423.,nan
EV03608,Transaction,Transaction involving Vivek Naik,2026-07-15T18:05:47,L0370,C0423,Transaction activity observed in connection with digital fraud investigation CASE-2026-0423.,E09652
EV03609,Crime,Crime involving Pranav Rao,2026-08-25T19:44:20,L0229,C0423,Crime activity observed in connection with digital fraud investigation CASE-2026-0423.,E09653
EV03610,Crime,Crime involving Dev Jadhav,2026-11-26T23:08:25,L0370,C0423,Crime activity observed in connection with digital fraud investigation CASE-2026-0423.,nan
EV03611,Observation,Observation involving Dev Jadhav,2026-05-20T04:07:17,L0229,C0423,Observation activity observed in connection with digital fraud investigation CASE-2026-0423.,E09654
EV03612,Arrest,Arrest involving Varun Ghosh,2026-08-19T01:38:05,L0211,C0424,Arrest activity observed in connection with large organized crime network investigation CASE-2026-0424.,nan
EV03613,Cyber Activity,Cyber Activity involving Manav Shah,2026-08-25T01:40:25,L0016,C0424,Cyber Activity activity observed in connection with large organized crime network investigation CASE-2026-0424.,E09674
EV03614,Arrest,Arrest involving Riya Jadhav,2026-08-21T22:03:51,L0016,C0424,Arrest activity observed in connection with large organized crime network investigation CASE-2026-0424.,nan
EV03615,Transaction,Transaction involving Riya Thakur,2026-08-30T22:38:40,L0150,C0424,Transaction activity observed in connection with large organized crime network investigation CASE-2026-0424.,E09675
EV03616,Delivery,Delivery involving Pranav Thakur,2026-08-16T17:24:33,L0016,C0424,Delivery activity observed in connection with large organized crime network investigation CASE-2026-0424.,E09676
EV03617,Call,Call involving Siddharth Kulkarni,2026-08-17T06:49:12,L0211,C0424,Call activity observed in connection with large organized crime network investigation CASE-2026-0424.,nan
EV03618,Vehicle Movement,Vehicle Movement involving Aarav Rao,2026-08-19T01:54:11,L0150,C0424,Vehicle Movement activity observed in connection with large organized crime network investigation CASE-2026-0424.,E09677
EV03619,Vehicle Movement,Vehicle Movement involving Ishaan Bansal,2026-08-17T08:07:10,L0211,C0424,Vehicle Movement activity observed in connection with large organized crime network investigation CASE-2026-0424.,E09678
EV03620,Financial Activity,Financial Activity involving Simran Verma,2026-08-11T09:40:08,L0150,C0424,Financial Activity activity observed in connection with large organized crime network investigation CASE-2026-0424.,nan
EV03621,Financial Activity,Financial Activity involving Anushka Menon,2026-08-26T17:58:42,L0211,C0424,Financial Activity activity observed in connection with large organized crime network investigation CASE-2026-0424.,E09679
EV03622,Observation,Observation involving Anushka Naik,2026-08-17T23:00:50,L0455,C0424,Observation activity observed in connection with large organized crime network investigation CASE-2026-0424.,nan
EV03623,Crime,Crime involving Vidhi Singh,2026-08-13T04:45:57,L0455,C0424,Crime activity observed in connection with large organized crime network investigation CASE-2026-0424.,nan
EV03624,Delivery,Delivery involving Kiara Mishra,2026-08-29T08:22:36,L0455,C0424,Delivery activity observed in connection with large organized crime network investigation CASE-2026-0424.,E09680
EV03625,Evidence Collection,Evidence Collection involving Manav Mehta,2026-08-23T07:31:55,L0150,C0424,Evidence Collection activity observed in connection with large organized crime network investigation CASE-2026-0424.,nan
EV03626,Transaction,Transaction involving Rohan Chavan,2026-08-17T11:41:59,L0150,C0424,Transaction activity observed in connection with large organized crime network investigation CASE-2026-0424.,nan
EV03627,Observation,Observation involving Nikhil Joshi,2026-08-12T09:45:57,L0455,C0424,Observation activity observed in connection with large organized crime network investigation CASE-2026-0424.,nan
EV03628,Transaction,Transaction involving Neha Patil,2026-08-09T02:43:52,L0529,C0424,Transaction activity observed in connection with large organized crime network investigation CASE-2026-0424.,nan
EV03629,Arrest,Arrest involving Akash Das,2026-08-19T02:55:10,L0150,C0424,Arrest activity observed in connection with large organized crime network investigation CASE-2026-0424.,nan
EV03630,Evidence Collection,Evidence Collection involving Simran Ghosh,2026-08-22T19:54:11,L0211,C0424,Evidence Collection activity observed in connection with large organized crime network investigation CASE-2026-0424.,E09681
EV03631,Arrest,Arrest involving Aniket Shetty,2026-08-19T11:22:46,L0211,C0424,Arrest activity observed in connection with large organized crime network investigation CASE-2026-0424.,E09682
EV03632,Arrest,Arrest involving Akash Rao,2026-08-21T15:32:22,L0150,C0424,Arrest activity observed in connection with large organized crime network investigation CASE-2026-0424.,nan
EV03633,Cyber Activity,Cyber Activity involving Vivek Shetty,2026-08-24T21:54:42,L0211,C0424,Cyber Activity activity observed in connection with large organized crime network investigation CASE-2026-0424.,nan
EV03634,Surveillance,Surveillance involving Akash Das,2026-08-17T19:34:17,L0529,C0424,Surveillance activity observed in connection with large organized crime network investigation CASE-2026-0424.,E09683
EV03635,Vehicle Movement,Vehicle Movement involving Manav Shah,2026-08-21T16:22:37,L0455,C0424,Vehicle Movement activity observed in connection with large organized crime network investigation CASE-2026-0424.,nan
EV03636,Delivery,Delivery involving Akash Jadhav,2026-08-17T14:52:44,L0211,C0424,Delivery activity observed in connection with large organized crime network investigation CASE-2026-0424.,E09684
EV03637,Crime,Crime involving Vivek Shetty,2026-08-17T09:09:28,L0211,C0424,Crime activity observed in connection with large organized crime network investigation CASE-2026-0424.,nan
EV03638,Crime,Crime involving Trisha Shetty,2026-08-27T20:16:22,L0150,C0424,Crime activity observed in connection with large organized crime network investigation CASE-2026-0424.,E09685
EV03639,Evidence Collection,Evidence Collection involving Aniket Shetty,2026-08-13T09:09:29,L0211,C0424,Evidence Collection activity observed in connection with large organized crime network investigation CASE-2026-0424.,E09686
EV03640,Financial Activity,Financial Activity involving Kunal Jadhav,2026-08-26T06:02:44,L0150,C0424,Financial Activity activity observed in connection with large organized crime network investigation CASE-2026-0424.,nan
EV03641,Observation,Observation involving Ritesh Chavan,2026-08-22T09:23:58,L0150,C0424,Observation activity observed in connection with large organized crime network investigation CASE-2026-0424.,nan
EV03642,Observation,Observation involving Aarav Rao,2026-08-24T21:06:27,L0150,C0424,Observation activity observed in connection with large organized crime network investigation CASE-2026-0424.,nan
EV03643,Cyber Activity,Cyber Activity involving Ishita Iyer,2026-08-21T01:42:31,L0211,C0424,Cyber Activity activity observed in connection with large organized crime network investigation CASE-2026-0424.,nan
EV03644,Interview,Interview involving Akash Jadhav,2026-08-25T08:52:13,L0150,C0424,Interview activity observed in connection with large organized crime network investigation CASE-2026-0424.,nan
EV03645,Delivery,Delivery involving Manav Patil,2026-08-27T07:46:48,L0150,C0424,Delivery activity observed in connection with large organized crime network investigation CASE-2026-0424.,nan
EV03646,Arrest,Arrest involving Manav Mehta,2026-08-18T12:19:33,L0211,C0424,Arrest activity observed in connection with large organized crime network investigation CASE-2026-0424.,nan
EV03647,Transaction,Transaction involving Avni Singh,2026-08-10T08:32:26,L0455,C0424,Transaction activity observed in connection with large organized crime network investigation CASE-2026-0424.,nan
EV03648,Surveillance,Surveillance involving Manav Pillai,2026-07-25T20:29:30,L0591,C0425,Surveillance activity observed in connection with corporate fraud investigation CASE-2026-0425.,nan
EV03649,Arrest,Arrest involving Arnav Khan,2026-10-11T11:38:45,L0514,C0425,Arrest activity observed in connection with corporate fraud investigation CASE-2026-0425.,nan
EV03650,Observation,Observation involving Kabir Mehta,2026-06-15T21:40:39,L0250,C0425,Observation activity observed in connection with corporate fraud investigation CASE-2026-0425.,nan
EV03651,Vehicle Movement,Vehicle Movement involving Neha Malhotra,2026-04-23T13:57:46,L0514,C0425,Vehicle Movement activity observed in connection with corporate fraud investigation CASE-2026-0425.,E09694
EV03652,Meeting,Meeting involving Arnav Khan,2026-09-16T23:14:38,L0514,C0425,Meeting activity observed in connection with corporate fraud investigation CASE-2026-0425.,E09695
EV03653,Call,Call involving Mahi Rao,2026-12-22T23:43:43,L0304,C0425,Call activity observed in connection with corporate fraud investigation CASE-2026-0425.,nan
EV03654,Call,Call involving Riya Mishra,2026-05-08T11:07:58,L0591,C0425,Call activity observed in connection with corporate fraud investigation CASE-2026-0425.,E09696
EV03655,Evidence Collection,Evidence Collection involving Arnav Khan,2026-01-30T23:36:03,L0591,C0425,Evidence Collection activity observed in connection with corporate fraud investigation CASE-2026-0425.,nan
EV03656,Arrest,Arrest involving Naina Bhat,2026-03-27T07:46:13,L0591,C0425,Arrest activity observed in connection with corporate fraud investigation CASE-2026-0425.,nan
EV03657,Transaction,Transaction involving Riya Mishra,2026-05-02T14:21:57,L0591,C0425,Transaction activity observed in connection with corporate fraud investigation CASE-2026-0425.,nan
EV03658,Vehicle Movement,Vehicle Movement involving Kabir Patil,2026-09-07T15:12:00,L0304,C0425,Vehicle Movement activity observed in connection with corporate fraud investigation CASE-2026-0425.,E09697
EV03659,Observation,Observation involving Mahi Rao,2026-10-14T21:06:57,L0304,C0425,Observation activity observed in connection with corporate fraud investigation CASE-2026-0425.,nan
EV03660,Cyber Activity,Cyber Activity involving Mohit Gupta,2026-04-28T06:05:56,L0188,C0426,Cyber Activity activity observed in connection with insurance fraud investigation CASE-2026-0426.,nan
EV03661,Meeting,Meeting involving Riya Nair,2026-08-23T16:20:08,L0418,C0426,Meeting activity observed in connection with insurance fraud investigation CASE-2026-0426.,nan
EV03662,Cyber Activity,Cyber Activity involving Mahi Bhat,2026-08-17T13:04:00,L0020,C0426,Cyber Activity activity observed in connection with insurance fraud investigation CASE-2026-0426.,E09703
EV03663,Observation,Observation involving Mohit Gupta,2026-06-30T21:29:10,L0395,C0426,Observation activity observed in connection with insurance fraud investigation CASE-2026-0426.,nan
EV03664,Delivery,Delivery involving Shreya Mishra,2026-01-20T17:42:10,L0052,C0427,Delivery activity observed in connection with cyber extortion investigation CASE-2026-0427.,nan
EV03665,Meeting,Meeting involving Aman Iyer,2026-05-25T02:08:21,L0363,C0427,Meeting activity observed in connection with cyber extortion investigation CASE-2026-0427.,nan
EV03666,Interview,Interview involving Kiara Singh,2026-05-17T08:14:03,L0363,C0427,Interview activity observed in connection with cyber extortion investigation CASE-2026-0427.,nan
EV03667,Interview,Interview involving Meera Bansal,2026-05-19T17:38:33,L0052,C0427,Interview activity observed in connection with cyber extortion investigation CASE-2026-0427.,nan
EV03668,Surveillance,Surveillance involving Isha Shah,2026-11-26T23:01:52,L0547,C0427,Surveillance activity observed in connection with cyber extortion investigation CASE-2026-0427.,nan
EV03669,Transaction,Transaction involving Nikhil Reddy,2026-07-22T16:43:21,L0260,C0427,Transaction activity observed in connection with cyber extortion investigation CASE-2026-0427.,E09708
EV03670,Crime,Crime involving Arnav Reddy,2026-06-23T03:53:22,L0547,C0427,Crime activity observed in connection with cyber extortion investigation CASE-2026-0427.,E09709
EV03671,Evidence Collection,Evidence Collection involving Shreya Mishra,2026-02-12T18:12:37,L0167,C0427,Evidence Collection activity observed in connection with cyber extortion investigation CASE-2026-0427.,nan
EV03672,Crime,Crime involving Manav Saxena,2026-06-14T10:51:02,L0214,C0428,Crime activity observed in connection with procurement fraud investigation CASE-2026-0428.,nan
EV03673,Financial Activity,Financial Activity involving Siddharth Naik,2026-06-17T06:18:00,L0058,C0428,Financial Activity activity observed in connection with procurement fraud investigation CASE-2026-0428.,E09716
EV03674,Call,Call involving Sneha Thakur,2026-08-27T04:18:44,L0058,C0428,Call activity observed in connection with procurement fraud investigation CASE-2026-0428.,E09717
EV03675,Crime,Crime involving Dhruv Verma,2026-05-26T06:40:48,L0042,C0428,Crime activity observed in connection with procurement fraud investigation CASE-2026-0428.,nan
EV03676,Evidence Collection,Evidence Collection involving Sameer Singh,2026-08-07T22:43:09,L0058,C0428,Evidence Collection activity observed in connection with procurement fraud investigation CASE-2026-0428.,nan
EV03677,Observation,Observation involving Sameer Singh,2026-07-29T05:30:23,L0214,C0428,Observation activity observed in connection with procurement fraud investigation CASE-2026-0428.,nan
EV03678,Transaction,Transaction involving Siddharth Naik,2026-06-08T03:41:31,L0058,C0428,Transaction activity observed in connection with procurement fraud investigation CASE-2026-0428.,E09718
EV03679,Evidence Collection,Evidence Collection involving Aditi Chavan,2026-06-26T21:54:23,L0214,C0428,Evidence Collection activity observed in connection with procurement fraud investigation CASE-2026-0428.,E09719
EV03680,Financial Activity,Financial Activity involving Rahul Naik,2026-11-30T08:39:31,L0447,C0429,Financial Activity activity observed in connection with simple robbery investigation CASE-2026-0429.,E09721
EV03681,Crime,Crime involving Harsh Das,2026-08-27T00:57:48,L0047,C0429,Crime activity observed in connection with simple robbery investigation CASE-2026-0429.,nan
EV03682,Transaction,Transaction involving Ishaan Iyer,2026-07-06T20:52:34,L0447,C0429,Transaction activity observed in connection with simple robbery investigation CASE-2026-0429.,nan
EV03683,Meeting,Meeting involving Tanvi Mishra,2026-08-09T06:01:47,L0448,C0430,Meeting activity observed in connection with individual cyber fraud investigation CASE-2026-0430.,nan
EV03684,Arrest,Arrest involving Vikram Singh,2026-07-08T07:18:07,L0366,C0430,Arrest activity observed in connection with individual cyber fraud investigation CASE-2026-0430.,nan
EV03685,Arrest,Arrest involving Arnav Bhat,2026-01-25T10:15:43,L0564,C0430,Arrest activity observed in connection with individual cyber fraud investigation CASE-2026-0430.,E09725
EV03686,Meeting,Meeting involving Mahi Shetty,2026-07-23T20:16:37,L0267,C0431,Meeting activity observed in connection with assault investigation CASE-2026-0431.,nan
EV03687,Evidence Collection,Evidence Collection involving Siddharth Bansal,2026-02-16T18:07:47,L0200,C0431,Evidence Collection activity observed in connection with assault investigation CASE-2026-0431.,nan
EV03688,Cyber Activity,Cyber Activity involving Diya Rao,2026-04-20T01:09:12,L0267,C0431,Cyber Activity activity observed in connection with assault investigation CASE-2026-0431.,nan
EV03689,Arrest,Arrest involving Kunal Naik,2026-06-20T06:12:52,L0002,C0431,Arrest activity observed in connection with assault investigation CASE-2026-0431.,E09731
EV03690,Meeting,Meeting involving Shreya Rao,2026-06-04T21:47:51,L0267,C0431,Meeting activity observed in connection with assault investigation CASE-2026-0431.,nan
EV03691,Financial Activity,Financial Activity involving Rhea Chavan,2026-03-31T17:29:45,L0002,C0432,Financial Activity activity observed in connection with property fraud investigation CASE-2026-0432.,E09739
EV03692,Observation,Observation involving Saurabh Saxena,2026-01-27T21:24:13,L0181,C0432,Observation activity observed in connection with property fraud investigation CASE-2026-0432.,nan
EV03693,Meeting,Meeting involving Kiara Gupta,2026-06-26T09:20:35,L0406,C0432,Meeting activity observed in connection with property fraud investigation CASE-2026-0432.,nan
EV03694,Vehicle Movement,Vehicle Movement involving Kabir Ghosh,2026-06-29T01:25:34,L0002,C0432,Vehicle Movement activity observed in connection with property fraud investigation CASE-2026-0432.,nan
EV03695,Call,Call involving Naina Gupta,2026-03-16T13:46:09,L0002,C0432,Call activity observed in connection with property fraud investigation CASE-2026-0432.,nan
EV03696,Interview,Interview involving Harsh Patil,2026-02-23T19:15:09,L0326,C0432,Interview activity observed in connection with property fraud investigation CASE-2026-0432.,E09740
EV03697,Transaction,Transaction involving Kiara Gupta,2026-04-19T17:17:26,L0181,C0432,Transaction activity observed in connection with property fraud investigation CASE-2026-0432.,E09741
EV03698,Surveillance,Surveillance involving Shreya Saxena,2026-03-13T12:29:56,L0406,C0432,Surveillance activity observed in connection with property fraud investigation CASE-2026-0432.,nan
EV03699,Interview,Interview involving Sana Rao,2026-03-21T21:27:48,L0406,C0432,Interview activity observed in connection with property fraud investigation CASE-2026-0432.,E09742
EV03700,Interview,Interview involving Vivek Saxena,2026-07-03T22:55:39,L0379,C0433,Interview activity observed in connection with property fraud investigation CASE-2026-0433.,E09750
EV03701,Vehicle Movement,Vehicle Movement involving Tara Menon,2026-06-01T22:36:38,L0102,C0433,Vehicle Movement activity observed in connection with property fraud investigation CASE-2026-0433.,nan
EV03702,Arrest,Arrest involving Dhruv Bhat,2026-04-18T09:38:51,L0397,C0433,Arrest activity observed in connection with property fraud investigation CASE-2026-0433.,E09751
EV03703,Call,Call involving Akash Das,2026-06-04T09:07:18,L0131,C0433,Call activity observed in connection with property fraud investigation CASE-2026-0433.,nan
EV03704,Evidence Collection,Evidence Collection involving Ishita Joshi,2026-05-25T05:37:40,L0285,C0433,Evidence Collection activity observed in connection with property fraud investigation CASE-2026-0433.,E09752
EV03705,Financial Activity,Financial Activity involving Vivek Saxena,2026-06-20T11:50:30,L0285,C0433,Financial Activity activity observed in connection with property fraud investigation CASE-2026-0433.,nan
EV03706,Surveillance,Surveillance involving Varun Thakur,2026-06-01T18:53:19,L0446,C0434,Surveillance activity observed in connection with identity fraud investigation CASE-2026-0434.,nan
EV03707,Delivery,Delivery involving Isha Verma,2026-06-30T17:18:43,L0513,C0434,Delivery activity observed in connection with identity fraud investigation CASE-2026-0434.,nan
EV03708,Financial Activity,Financial Activity involving Pooja Patil,2026-07-25T07:34:38,L0111,C0435,Financial Activity activity observed in connection with payment fraud investigation CASE-2026-0435.,nan
EV03709,Delivery,Delivery involving Shreya Mishra,2026-07-28T09:56:02,L0594,C0435,Delivery activity observed in connection with payment fraud investigation CASE-2026-0435.,E09757
EV03710,Vehicle Movement,Vehicle Movement involving Kabir Khan,2026-08-26T22:18:04,L0088,C0436,Vehicle Movement activity observed in connection with minor fraud investigation CASE-2026-0436.,nan
EV03711,Evidence Collection,Evidence Collection involving Aditya Shetty,2026-05-19T22:25:08,L0582,C0436,Evidence Collection activity observed in connection with minor fraud investigation CASE-2026-0436.,nan
EV03712,Meeting,Meeting involving Raj Shah,2026-06-08T05:35:47,L0088,C0436,Meeting activity observed in connection with minor fraud investigation CASE-2026-0436.,E09763
EV03713,Surveillance,Surveillance involving Raj Shah,2026-05-14T16:49:22,L0273,C0436,Surveillance activity observed in connection with minor fraud investigation CASE-2026-0436.,nan
EV03714,Crime,Crime involving Riya Shah,2026-05-18T13:59:44,L0088,C0436,Crime activity observed in connection with minor fraud investigation CASE-2026-0436.,nan
EV03715,Call,Call involving Aman Nair,2026-04-21T04:20:41,L0273,C0436,Call activity observed in connection with minor fraud investigation CASE-2026-0436.,nan
EV03716,Financial Activity,Financial Activity involving Sameer Shetty,2026-05-11T13:43:31,L0004,C0437,Financial Activity activity observed in connection with major cybercrime investigation CASE-2026-0437.,E09775
EV03717,Evidence Collection,Evidence Collection involving Saurabh Desai,2026-07-09T09:01:13,L0280,C0437,Evidence Collection activity observed in connection with major cybercrime investigation CASE-2026-0437.,nan
EV03718,Interview,Interview involving Nikhil Bansal,2026-05-18T23:47:18,L0138,C0437,Interview activity observed in connection with major cybercrime investigation CASE-2026-0437.,nan
EV03719,Surveillance,Surveillance involving Saurabh Desai,2026-08-22T06:19:41,L0559,C0437,Surveillance activity observed in connection with major cybercrime investigation CASE-2026-0437.,nan
EV03720,Transaction,Transaction involving Saurabh Desai,2026-04-17T09:08:31,L0138,C0437,Transaction activity observed in connection with major cybercrime investigation CASE-2026-0437.,nan
EV03721,Evidence Collection,Evidence Collection involving Aditi Sethi,2026-04-16T13:31:46,L0004,C0437,Evidence Collection activity observed in connection with major cybercrime investigation CASE-2026-0437.,E09776
EV03722,Cyber Activity,Cyber Activity involving Diya Verma,2026-07-01T10:56:50,L0138,C0437,Cyber Activity activity observed in connection with major cybercrime investigation CASE-2026-0437.,nan
EV03723,Vehicle Movement,Vehicle Movement involving Riya Kapoor,2026-02-23T03:54:36,L0138,C0437,Vehicle Movement activity observed in connection with major cybercrime investigation CASE-2026-0437.,E09777
EV03724,Transaction,Transaction involving Akash Verma,2026-07-31T07:17:32,L0280,C0437,Transaction activity observed in connection with major cybercrime investigation CASE-2026-0437.,nan
EV03725,Arrest,Arrest involving Raj Nair,2026-04-17T02:50:41,L0138,C0437,Arrest activity observed in connection with major cybercrime investigation CASE-2026-0437.,E09778
EV03726,Vehicle Movement,Vehicle Movement involving Saurabh Desai,2026-03-04T11:36:03,L0004,C0437,Vehicle Movement activity observed in connection with major cybercrime investigation CASE-2026-0437.,nan
EV03727,Observation,Observation involving Akash Verma,2026-06-19T04:32:32,L0318,C0437,Observation activity observed in connection with major cybercrime investigation CASE-2026-0437.,nan
EV03728,Surveillance,Surveillance involving Saurabh Desai,2026-07-17T02:40:40,L0138,C0437,Surveillance activity observed in connection with major cybercrime investigation CASE-2026-0437.,E09779
EV03729,Evidence Collection,Evidence Collection involving Anushka Rao,2026-02-26T10:11:00,L0559,C0437,Evidence Collection activity observed in connection with major cybercrime investigation CASE-2026-0437.,nan
EV03730,Financial Activity,Financial Activity involving Sameer Shetty,2026-04-10T17:34:15,L0318,C0437,Financial Activity activity observed in connection with major cybercrime investigation CASE-2026-0437.,nan
EV03731,Transaction,Transaction involving Dhruv Gupta,2026-08-18T04:18:25,L0318,C0437,Transaction activity observed in connection with major cybercrime investigation CASE-2026-0437.,nan
EV03732,Evidence Collection,Evidence Collection involving Akash Verma,2026-07-03T23:52:34,L0318,C0437,Evidence Collection activity observed in connection with major cybercrime investigation CASE-2026-0437.,E09780
EV03733,Call,Call involving Ritesh Das,2026-04-25T23:39:49,L0318,C0437,Call activity observed in connection with major cybercrime investigation CASE-2026-0437.,nan
EV03734,Cyber Activity,Cyber Activity involving Diya Verma,2026-08-04T11:35:48,L0004,C0437,Cyber Activity activity observed in connection with major cybercrime investigation CASE-2026-0437.,nan
EV03735,Observation,Observation involving Raj Nair,2026-03-09T02:09:59,L0138,C0437,Observation activity observed in connection with major cybercrime investigation CASE-2026-0437.,nan
EV03736,Meeting,Meeting involving Simran Pillai,2026-06-26T07:15:11,L0280,C0437,Meeting activity observed in connection with major cybercrime investigation CASE-2026-0437.,E09781
EV03737,Surveillance,Surveillance involving Nikhil Bansal,2026-08-26T10:34:58,L0318,C0437,Surveillance activity observed in connection with major cybercrime investigation CASE-2026-0437.,E09782
EV03738,Evidence Collection,Evidence Collection involving Simran Singh,2026-06-14T08:48:46,L0004,C0437,Evidence Collection activity observed in connection with major cybercrime investigation CASE-2026-0437.,nan
EV03739,Financial Activity,Financial Activity involving Aditi Thakur,2026-01-25T05:02:57,L0298,C0438,Financial Activity activity observed in connection with data theft investigation CASE-2026-0438.,E09783
EV03740,Cyber Activity,Cyber Activity involving Aditi Thakur,2026-12-23T21:02:04,L0590,C0438,Cyber Activity activity observed in connection with data theft investigation CASE-2026-0438.,nan
EV03741,Crime,Crime involving Aditi Sethi,2026-02-06T00:44:34,L0026,C0439,Crime activity observed in connection with banking fraud investigation CASE-2026-0439.,E09794
EV03742,Observation,Observation involving Isha Mehta,2026-01-19T13:32:34,L0074,C0439,Observation activity observed in connection with banking fraud investigation CASE-2026-0439.,nan
EV03743,Interview,Interview involving Shreya Das,2026-09-25T21:57:03,L0427,C0439,Interview activity observed in connection with banking fraud investigation CASE-2026-0439.,nan
EV03744,Interview,Interview involving Sana Nair,2026-05-01T20:31:57,L0427,C0439,Interview activity observed in connection with banking fraud investigation CASE-2026-0439.,E09795
EV03745,Delivery,Delivery involving Rohan Shetty,2026-04-25T14:45:09,L0074,C0439,Delivery activity observed in connection with banking fraud investigation CASE-2026-0439.,nan
EV03746,Call,Call involving Tanvi Malhotra,2026-08-22T12:53:58,L0423,C0439,Call activity observed in connection with banking fraud investigation CASE-2026-0439.,nan
EV03747,Interview,Interview involving Tanvi Malhotra,2026-01-15T07:18:59,L0423,C0439,Interview activity observed in connection with banking fraud investigation CASE-2026-0439.,nan
EV03748,Financial Activity,Financial Activity involving Tanvi Bansal,2026-07-27T03:45:47,L0074,C0439,Financial Activity activity observed in connection with banking fraud investigation CASE-2026-0439.,nan
EV03749,Meeting,Meeting involving Kunal Joshi,2026-06-18T22:11:37,L0427,C0439,Meeting activity observed in connection with banking fraud investigation CASE-2026-0439.,nan
EV03750,Call,Call involving Tanvi Jadhav,2026-02-11T02:23:29,L0074,C0439,Call activity observed in connection with banking fraud investigation CASE-2026-0439.,nan
EV03751,Crime,Crime involving Pranav Bansal,2026-07-14T14:06:56,L0093,C0439,Crime activity observed in connection with banking fraud investigation CASE-2026-0439.,nan
EV03752,Call,Call involving Aditya Nair,2026-08-12T15:49:04,L0026,C0439,Call activity observed in connection with banking fraud investigation CASE-2026-0439.,nan
EV03753,Crime,Crime involving Aditi Sethi,2026-02-27T01:21:22,L0427,C0439,Crime activity observed in connection with banking fraud investigation CASE-2026-0439.,nan
EV03754,Transaction,Transaction involving Sameer Naik,2026-08-08T19:49:30,L0582,C0440,Transaction activity observed in connection with payment fraud investigation CASE-2026-0440.,E09796
EV03755,Financial Activity,Financial Activity involving Sameer Naik,2026-06-24T10:36:13,L0108,C0440,Financial Activity activity observed in connection with payment fraud investigation CASE-2026-0440.,nan
EV03756,Call,Call involving Sameer Naik,2026-01-23T08:13:33,L0420,C0441,Call activity observed in connection with individual cyber fraud investigation CASE-2026-0441.,E09800
EV03757,Evidence Collection,Evidence Collection involving Aanya Reddy,2026-10-13T09:18:34,L0259,C0441,Evidence Collection activity observed in connection with individual cyber fraud investigation CASE-2026-0441.,nan
EV03758,Surveillance,Surveillance involving Vivek Ghosh,2026-07-04T09:54:22,L0102,C0442,Surveillance activity observed in connection with assault investigation CASE-2026-0442.,nan
EV03759,Observation,Observation involving Naina Rao,2026-11-21T20:54:14,L0058,C0442,Observation activity observed in connection with assault investigation CASE-2026-0442.,nan
EV03760,Evidence Collection,Evidence Collection involving Diya Patil,2026-07-18T19:50:52,L0224,C0443,Evidence Collection activity observed in connection with document fraud investigation CASE-2026-0443.,nan
EV03761,Delivery,Delivery involving Diya Patil,2026-05-02T23:44:06,L0312,C0443,Delivery activity observed in connection with document fraud investigation CASE-2026-0443.,nan
EV03762,Meeting,Meeting involving Sameer Pillai,2026-02-15T09:33:25,L0261,C0443,Meeting activity observed in connection with document fraud investigation CASE-2026-0443.,nan
EV03763,Observation,Observation involving Simran Gupta,2026-01-31T08:37:44,L0292,C0444,Observation activity observed in connection with digital fraud investigation CASE-2026-0444.,nan
EV03764,Crime,Crime involving Ishita Malhotra,2026-10-07T15:27:50,L0068,C0444,Crime activity observed in connection with digital fraud investigation CASE-2026-0444.,nan
EV03765,Interview,Interview involving Siddharth Bansal,2026-08-14T04:39:35,L0068,C0444,Interview activity observed in connection with digital fraud investigation CASE-2026-0444.,nan
EV03766,Transaction,Transaction involving Arjun Das,2026-07-27T05:50:41,L0412,C0445,Transaction activity observed in connection with identity fraud investigation CASE-2026-0445.,E09814
EV03767,Financial Activity,Financial Activity involving Aniket Iyer,2026-08-06T00:04:32,L0568,C0445,Financial Activity activity observed in connection with identity fraud investigation CASE-2026-0445.,nan
EV03768,Delivery,Delivery involving Raj Singh,2026-12-08T09:40:52,L0352,C0445,Delivery activity observed in connection with identity fraud investigation CASE-2026-0445.,E09815
EV03769,Interview,Interview involving Trisha Mishra,2026-01-07T01:44:15,L0352,C0445,Interview activity observed in connection with identity fraud investigation CASE-2026-0445.,E09816
EV03770,Meeting,Meeting involving Raj Singh,2026-01-06T04:49:12,L0568,C0445,Meeting activity observed in connection with identity fraud investigation CASE-2026-0445.,nan
EV03771,Delivery,Delivery involving Mahi Sethi,2026-07-25T17:59:41,L0119,C0446,Delivery activity observed in connection with assault investigation CASE-2026-0446.,E09820
EV03772,Transaction,Transaction involving Tara Bansal,2026-08-10T05:13:50,L0085,C0446,Transaction activity observed in connection with assault investigation CASE-2026-0446.,nan
EV03773,Financial Activity,Financial Activity involving Pranav Menon,2026-12-14T19:09:30,L0119,C0446,Financial Activity activity observed in connection with assault investigation CASE-2026-0446.,E09821
EV03774,Arrest,Arrest involving Kiara Reddy,2026-08-25T12:50:09,L0273,C0447,Arrest activity observed in connection with procurement fraud investigation CASE-2026-0447.,nan
EV03775,Delivery,Delivery involving Vivek Reddy,2026-08-27T03:07:14,L0514,C0447,Delivery activity observed in connection with procurement fraud investigation CASE-2026-0447.,E09830
EV03776,Vehicle Movement,Vehicle Movement involving Yash Singh,2026-07-27T11:23:50,L0251,C0447,Vehicle Movement activity observed in connection with procurement fraud investigation CASE-2026-0447.,nan
EV03777,Evidence Collection,Evidence Collection involving Karan Mishra,2026-08-08T18:56:09,L0251,C0447,Evidence Collection activity observed in connection with procurement fraud investigation CASE-2026-0447.,nan
EV03778,Cyber Activity,Cyber Activity involving Tanvi Kapoor,2026-06-14T01:20:44,L0273,C0447,Cyber Activity activity observed in connection with procurement fraud investigation CASE-2026-0447.,nan
EV03779,Observation,Observation involving Raj Iyer,2026-08-04T11:59:52,L0088,C0447,Observation activity observed in connection with procurement fraud investigation CASE-2026-0447.,nan
EV03780,Observation,Observation involving Tara Pillai,2026-08-25T11:21:29,L0273,C0447,Observation activity observed in connection with procurement fraud investigation CASE-2026-0447.,nan
EV03781,Delivery,Delivery involving Tanvi Singh,2026-06-18T15:59:19,L0251,C0447,Delivery activity observed in connection with procurement fraud investigation CASE-2026-0447.,nan
EV03782,Call,Call involving Zoya Patil,2026-07-17T03:01:28,L0289,C0447,Call activity observed in connection with procurement fraud investigation CASE-2026-0447.,nan
EV03783,Surveillance,Surveillance involving Aanya Jadhav,2026-07-20T19:31:55,L0251,C0447,Surveillance activity observed in connection with procurement fraud investigation CASE-2026-0447.,E09831
EV03784,Interview,Interview involving Kavya Gupta,2026-08-14T10:14:46,L0399,C0448,Interview activity observed in connection with simple robbery investigation CASE-2026-0448.,nan
EV03785,Transaction,Transaction involving Siddharth Chavan,2026-05-28T02:33:05,L0493,C0448,Transaction activity observed in connection with simple robbery investigation CASE-2026-0448.,nan
EV03786,Delivery,Delivery involving Pranav Verma,2026-08-15T01:50:57,L0275,C0448,Delivery activity observed in connection with simple robbery investigation CASE-2026-0448.,nan
EV03787,Evidence Collection,Evidence Collection involving Kavya Gupta,2026-08-07T03:31:50,L0126,C0448,Evidence Collection activity observed in connection with simple robbery investigation CASE-2026-0448.,nan
EV03788,Cyber Activity,Cyber Activity involving Diya Gupta,2026-06-22T16:00:48,L0242,C0448,Cyber Activity activity observed in connection with simple robbery investigation CASE-2026-0448.,nan
EV03789,Observation,Observation involving Harsh Chavan,2026-08-27T10:30:55,L0126,C0448,Observation activity observed in connection with simple robbery investigation CASE-2026-0448.,nan
EV03790,Interview,Interview involving Yamini Shetty,2026-07-19T03:42:45,L0242,C0448,Interview activity observed in connection with simple robbery investigation CASE-2026-0448.,E09837
EV03791,Observation,Observation involving Pooja Khan,2026-02-26T03:27:31,L0584,C0449,Observation activity observed in connection with logistics fraud investigation CASE-2026-0449.,nan
EV03792,Arrest,Arrest involving Naveen Kulkarni,2026-03-17T14:37:37,L0144,C0449,Arrest activity observed in connection with logistics fraud investigation CASE-2026-0449.,nan
EV03793,Surveillance,Surveillance involving Naina Sethi,2026-10-30T13:00:19,L0065,C0449,Surveillance activity observed in connection with logistics fraud investigation CASE-2026-0449.,nan
EV03794,Vehicle Movement,Vehicle Movement involving Naveen Kulkarni,2026-10-27T12:09:04,L0427,C0449,Vehicle Movement activity observed in connection with logistics fraud investigation CASE-2026-0449.,nan
EV03795,Observation,Observation involving Avni Desai,2026-08-18T14:09:26,L0485,C0450,Observation activity observed in connection with property fraud investigation CASE-2026-0450.,nan
EV03796,Call,Call involving Siddharth Chavan,2026-07-11T11:49:48,L0475,C0450,Call activity observed in connection with property fraud investigation CASE-2026-0450.,nan
EV03797,Delivery,Delivery involving Aniket Das,2026-08-27T11:22:20,L0469,C0450,Delivery activity observed in connection with property fraud investigation CASE-2026-0450.,nan
EV03798,Surveillance,Surveillance involving Ishaan Chavan,2026-07-02T21:15:38,L0370,C0450,Surveillance activity observed in connection with property fraud investigation CASE-2026-0450.,nan
EV03799,Cyber Activity,Cyber Activity involving Aniket Das,2026-08-25T10:35:29,L0485,C0450,Cyber Activity activity observed in connection with property fraud investigation CASE-2026-0450.,nan
EV03800,Meeting,Meeting involving Ishaan Chavan,2026-07-22T12:12:53,L0076,C0450,Meeting activity observed in connection with property fraud investigation CASE-2026-0450.,nan
EV03801,Delivery,Delivery involving Ishaan Chavan,2026-07-25T11:13:24,L0370,C0450,Delivery activity observed in connection with property fraud investigation CASE-2026-0450.,nan
EV03802,Meeting,Meeting involving Siddharth Chavan,2026-08-18T08:50:02,L0475,C0450,Meeting activity observed in connection with property fraud investigation CASE-2026-0450.,E09848
EV03803,Evidence Collection,Evidence Collection involving Sneha Gupta,2026-05-06T15:23:03,L0495,C0451,Evidence Collection activity observed in connection with major organized crime investigation CASE-2026-0451.,nan
EV03804,Arrest,Arrest involving Riya Shah,2026-06-16T05:01:00,L0115,C0451,Arrest activity observed in connection with major organized crime investigation CASE-2026-0451.,nan
EV03805,Interview,Interview involving Zoya Chavan,2026-04-14T14:38:07,L0360,C0451,Interview activity observed in connection with major organized crime investigation CASE-2026-0451.,nan
EV03806,Evidence Collection,Evidence Collection involving Nisha Desai,2026-05-21T00:35:59,L0270,C0451,Evidence Collection activity observed in connection with major organized crime investigation CASE-2026-0451.,nan
EV03807,Cyber Activity,Cyber Activity involving Varun Pillai,2026-07-12T09:59:17,L0115,C0451,Cyber Activity activity observed in connection with major organized crime investigation CASE-2026-0451.,E09872
EV03808,Call,Call involving Dev Verma,2026-06-06T06:36:17,L0360,C0451,Call activity observed in connection with major organized crime investigation CASE-2026-0451.,nan
EV03809,Observation,Observation involving Kabir Mehta,2026-05-03T00:41:48,L0360,C0451,Observation activity observed in connection with major organized crime investigation CASE-2026-0451.,nan
EV03810,Crime,Crime involving Nisha Desai,2026-06-08T13:35:38,L0270,C0451,Crime activity observed in connection with major organized crime investigation CASE-2026-0451.,nan
EV03811,Call,Call involving Varun Patil,2026-08-28T23:03:03,L0360,C0451,Call activity observed in connection with major organized crime investigation CASE-2026-0451.,E09873
EV03812,Observation,Observation involving Varun Patil,2026-05-02T02:25:55,L0270,C0451,Observation activity observed in connection with major organized crime investigation CASE-2026-0451.,nan
EV03813,Cyber Activity,Cyber Activity involving Nisha Desai,2026-06-29T21:57:05,L0553,C0451,Cyber Activity activity observed in connection with major organized crime investigation CASE-2026-0451.,nan
EV03814,Crime,Crime involving Arjun Gupta,2026-08-17T14:56:01,L0360,C0451,Crime activity observed in connection with major organized crime investigation CASE-2026-0451.,E09874
EV03815,Arrest,Arrest involving Anushka Jadhav,2026-06-18T15:44:18,L0495,C0451,Arrest activity observed in connection with major organized crime investigation CASE-2026-0451.,E09875
EV03816,Vehicle Movement,Vehicle Movement involving Varun Patil,2026-08-28T12:11:09,L0553,C0451,Vehicle Movement activity observed in connection with major organized crime investigation CASE-2026-0451.,E09876
EV03817,Interview,Interview involving Nisha Desai,2026-04-21T14:59:32,L0270,C0451,Interview activity observed in connection with major organized crime investigation CASE-2026-0451.,nan
EV03818,Surveillance,Surveillance involving Avni Naik,2026-05-09T20:37:54,L0115,C0451,Surveillance activity observed in connection with major organized crime investigation CASE-2026-0451.,nan
EV03819,Cyber Activity,Cyber Activity involving Rahul Menon,2026-08-14T09:31:29,L0270,C0451,Cyber Activity activity observed in connection with major organized crime investigation CASE-2026-0451.,nan
EV03820,Meeting,Meeting involving Kavya Nair,2026-07-15T17:00:57,L0115,C0451,Meeting activity observed in connection with major organized crime investigation CASE-2026-0451.,E09877
EV03821,Surveillance,Surveillance involving Dev Verma,2026-07-18T16:13:59,L0495,C0451,Surveillance activity observed in connection with major organized crime investigation CASE-2026-0451.,E09878
EV03822,Call,Call involving Kunal Naik,2026-08-14T16:02:46,L0270,C0451,Call activity observed in connection with major organized crime investigation CASE-2026-0451.,E09879
EV03823,Observation,Observation involving Pooja Kulkarni,2026-07-21T09:47:54,L0553,C0451,Observation activity observed in connection with major organized crime investigation CASE-2026-0451.,nan
EV03824,Call,Call involving Aditi Ghosh,2026-02-23T15:26:22,L0431,C0452,Call activity observed in connection with procurement fraud investigation CASE-2026-0452.,nan
EV03825,Evidence Collection,Evidence Collection involving Aanya Nair,2026-10-30T02:19:40,L0021,C0452,Evidence Collection activity observed in connection with procurement fraud investigation CASE-2026-0452.,E09893
EV03826,Arrest,Arrest involving Varun Patil,2026-08-19T07:34:35,L0212,C0452,Arrest activity observed in connection with procurement fraud investigation CASE-2026-0452.,E09894
EV03827,Call,Call involving Tara Malhotra,2026-08-22T04:39:47,L0551,C0452,Call activity observed in connection with procurement fraud investigation CASE-2026-0452.,nan
EV03828,Financial Activity,Financial Activity involving Varun Patil,2026-11-28T01:43:45,L0021,C0452,Financial Activity activity observed in connection with procurement fraud investigation CASE-2026-0452.,E09895
EV03829,Crime,Crime involving Pallavi Kapoor,2026-08-21T05:13:20,L0212,C0452,Crime activity observed in connection with procurement fraud investigation CASE-2026-0452.,nan
EV03830,Delivery,Delivery involving Aniket Naik,2026-06-06T11:45:37,L0551,C0452,Delivery activity observed in connection with procurement fraud investigation CASE-2026-0452.,nan
EV03831,Delivery,Delivery involving Nisha Verma,2026-08-29T15:55:52,L0212,C0452,Delivery activity observed in connection with procurement fraud investigation CASE-2026-0452.,nan
EV03832,Vehicle Movement,Vehicle Movement involving Naveen Verma,2026-11-18T18:10:54,L0035,C0452,Vehicle Movement activity observed in connection with procurement fraud investigation CASE-2026-0452.,nan
EV03833,Interview,Interview involving Varun Patil,2026-03-15T04:13:52,L0035,C0452,Interview activity observed in connection with procurement fraud investigation CASE-2026-0452.,nan
EV03834,Arrest,Arrest involving Diya Gupta,2026-01-12T12:24:35,L0035,C0452,Arrest activity observed in connection with procurement fraud investigation CASE-2026-0452.,E09896
EV03835,Delivery,Delivery involving Varun Patil,2026-11-10T05:18:27,L0431,C0452,Delivery activity observed in connection with procurement fraud investigation CASE-2026-0452.,nan
EV03836,Arrest,Arrest involving Riya Rao,2026-01-04T16:01:06,L0035,C0452,Arrest activity observed in connection with procurement fraud investigation CASE-2026-0452.,nan
EV03837,Financial Activity,Financial Activity involving Arjun Kulkarni,2026-09-04T11:26:22,L0021,C0452,Financial Activity activity observed in connection with procurement fraud investigation CASE-2026-0452.,nan
EV03838,Vehicle Movement,Vehicle Movement involving Aarav Desai,2026-04-02T17:34:58,L0035,C0452,Vehicle Movement activity observed in connection with procurement fraud investigation CASE-2026-0452.,nan
EV03839,Financial Activity,Financial Activity involving Kiara Nair,2026-03-22T19:54:22,L0335,C0453,Financial Activity activity observed in connection with document fraud investigation CASE-2026-0453.,nan
EV03840,Arrest,Arrest involving Kiara Nair,2026-12-26T20:31:17,L0335,C0453,Arrest activity observed in connection with document fraud investigation CASE-2026-0453.,nan
EV03841,Crime,Crime involving Rohan Ghosh,2026-04-11T07:34:58,L0212,C0454,Crime activity observed in connection with kidnapping investigation CASE-2026-0454.,E09905
EV03842,Call,Call involving Mahi Das,2026-06-14T02:15:21,L0600,C0454,Call activity observed in connection with kidnapping investigation CASE-2026-0454.,nan
EV03843,Observation,Observation involving Aditya Singh,2026-04-14T04:19:58,L0543,C0454,Observation activity observed in connection with kidnapping investigation CASE-2026-0454.,E09906
EV03844,Financial Activity,Financial Activity involving Yash Singh,2026-08-05T21:38:24,L0383,C0454,Financial Activity activity observed in connection with kidnapping investigation CASE-2026-0454.,nan
EV03845,Vehicle Movement,Vehicle Movement involving Vivek Khan,2026-03-13T20:35:27,L0212,C0454,Vehicle Movement activity observed in connection with kidnapping investigation CASE-2026-0454.,nan
EV03846,Arrest,Arrest involving Rahul Kapoor,2026-07-19T06:16:06,L0543,C0454,Arrest activity observed in connection with kidnapping investigation CASE-2026-0454.,nan
EV03847,Financial Activity,Financial Activity involving Saurabh Gupta,2026-08-07T01:39:05,L0212,C0454,Financial Activity activity observed in connection with kidnapping investigation CASE-2026-0454.,nan
EV03848,Meeting,Meeting involving Saurabh Gupta,2026-07-14T14:30:20,L0169,C0454,Meeting activity observed in connection with kidnapping investigation CASE-2026-0454.,nan
EV03849,Call,Call involving Rahul Kapoor,2026-03-15T19:06:51,L0600,C0454,Call activity observed in connection with kidnapping investigation CASE-2026-0454.,nan
EV03850,Meeting,Meeting involving Mahi Pillai,2026-07-03T00:02:34,L0383,C0454,Meeting activity observed in connection with kidnapping investigation CASE-2026-0454.,nan
EV03851,Vehicle Movement,Vehicle Movement involving Yamini Rao,2026-05-25T22:29:37,L0330,C0455,Vehicle Movement activity observed in connection with individual cyber fraud investigation CASE-2026-0455.,E09909
EV03852,Call,Call involving Sana Iyer,2026-02-15T02:14:09,L0581,C0455,Call activity observed in connection with individual cyber fraud investigation CASE-2026-0455.,nan
EV03853,Arrest,Arrest involving Yamini Rao,2026-04-17T06:02:03,L0330,C0455,Arrest activity observed in connection with individual cyber fraud investigation CASE-2026-0455.,nan
EV03854,Financial Activity,Financial Activity involving Sana Iyer,2026-04-06T14:31:05,L0365,C0455,Financial Activity activity observed in connection with individual cyber fraud investigation CASE-2026-0455.,E09910
EV03855,Interview,Interview involving Diya Patil,2026-09-30T10:58:52,L0586,C0456,Interview activity observed in connection with unauthorized access investigation CASE-2026-0456.,nan
EV03856,Observation,Observation involving Yamini Kulkarni,2026-07-21T09:13:09,L0292,C0456,Observation activity observed in connection with unauthorized access investigation CASE-2026-0456.,E09911
EV03857,Transaction,Transaction involving Kiara Mishra,2026-05-22T05:29:22,L0504,C0457,Transaction activity observed in connection with burglary investigation CASE-2026-0457.,nan
EV03858,Observation,Observation involving Arnav Chavan,2026-08-05T09:42:06,L0294,C0457,Observation activity observed in connection with burglary investigation CASE-2026-0457.,nan
EV03859,Evidence Collection,Evidence Collection involving Manav Naik,2026-05-19T15:42:17,L0504,C0457,Evidence Collection activity observed in connection with burglary investigation CASE-2026-0457.,E09916
EV03860,Meeting,Meeting involving Kiara Mishra,2026-08-03T03:05:00,L0555,C0457,Meeting activity observed in connection with burglary investigation CASE-2026-0457.,nan
EV03861,Observation,Observation involving Saurabh Desai,2026-07-09T01:01:10,L0294,C0457,Observation activity observed in connection with burglary investigation CASE-2026-0457.,nan
EV03862,Interview,Interview involving Kiara Verma,2026-04-28T07:35:19,L0555,C0457,Interview activity observed in connection with burglary investigation CASE-2026-0457.,nan
EV03863,Arrest,Arrest involving Manav Naik,2026-05-31T14:50:18,L0053,C0457,Arrest activity observed in connection with burglary investigation CASE-2026-0457.,nan
EV03864,Evidence Collection,Evidence Collection involving Neha Kapoor,2026-04-27T22:56:15,L0345,C0458,Evidence Collection activity observed in connection with data theft investigation CASE-2026-0458.,E09919
EV03865,Surveillance,Surveillance involving Shreya Sethi,2026-11-03T16:44:31,L0345,C0458,Surveillance activity observed in connection with data theft investigation CASE-2026-0458.,nan
EV03866,Call,Call involving Aarav Rao,2026-02-28T02:53:21,L0509,C0459,Call activity observed in connection with unauthorized access investigation CASE-2026-0459.,nan
EV03867,Call,Call involving Kiara Shah,2026-05-30T06:10:13,L0553,C0459,Call activity observed in connection with unauthorized access investigation CASE-2026-0459.,E09923
EV03868,Delivery,Delivery involving Harsh Thakur,2026-01-06T07:39:28,L0509,C0459,Delivery activity observed in connection with unauthorized access investigation CASE-2026-0459.,nan
EV03869,Arrest,Arrest involving Kiara Menon,2026-06-20T18:10:02,L0473,C0459,Arrest activity observed in connection with unauthorized access investigation CASE-2026-0459.,nan
EV03870,Crime,Crime involving Ishaan Shah,2026-06-02T02:44:14,L0175,C0460,Crime activity observed in connection with unauthorized access investigation CASE-2026-0460.,nan
EV03871,Vehicle Movement,Vehicle Movement involving Aditya Gupta,2026-06-09T20:50:44,L0569,C0460,Vehicle Movement activity observed in connection with unauthorized access investigation CASE-2026-0460.,nan
EV03872,Cyber Activity,Cyber Activity involving Rahul Naik,2026-10-21T11:27:08,L0569,C0460,Cyber Activity activity observed in connection with unauthorized access investigation CASE-2026-0460.,nan
EV03873,Cyber Activity,Cyber Activity involving Ishaan Shah,2026-08-06T13:57:52,L0473,C0460,Cyber Activity activity observed in connection with unauthorized access investigation CASE-2026-0460.,nan
EV03874,Delivery,Delivery involving Sneha Sethi,2026-01-16T01:18:13,L0175,C0460,Delivery activity observed in connection with unauthorized access investigation CASE-2026-0460.,nan
EV03875,Call,Call involving Kabir Bhat,2026-04-11T19:16:31,L0520,C0460,Call activity observed in connection with unauthorized access investigation CASE-2026-0460.,E09934
EV03876,Evidence Collection,Evidence Collection involving Kiara Nair,2026-06-26T11:59:14,L0518,C0461,Evidence Collection activity observed in connection with data theft investigation CASE-2026-0461.,nan
EV03877,Transaction,Transaction involving Avni Mishra,2026-05-10T19:44:56,L0150,C0461,Transaction activity observed in connection with data theft investigation CASE-2026-0461.,E09943
EV03878,Transaction,Transaction involving Kiara Nair,2026-05-05T00:22:23,L0373,C0461,Transaction activity observed in connection with data theft investigation CASE-2026-0461.,nan
EV03879,Evidence Collection,Evidence Collection involving Riya Ghosh,2026-10-01T21:33:12,L0150,C0461,Evidence Collection activity observed in connection with data theft investigation CASE-2026-0461.,nan
EV03880,Evidence Collection,Evidence Collection involving Avni Mishra,2026-04-24T15:13:50,L0439,C0461,Evidence Collection activity observed in connection with data theft investigation CASE-2026-0461.,nan
EV03881,Vehicle Movement,Vehicle Movement involving Avni Mishra,2026-12-22T12:05:01,L0483,C0461,Vehicle Movement activity observed in connection with data theft investigation CASE-2026-0461.,E09944
EV03882,Transaction,Transaction involving Mohit Mehta,2026-03-20T10:26:16,L0150,C0461,Transaction activity observed in connection with data theft investigation CASE-2026-0461.,E09945
EV03883,Call,Call involving Neha Bansal,2026-05-11T05:21:15,L0518,C0461,Call activity observed in connection with data theft investigation CASE-2026-0461.,nan
EV03884,Surveillance,Surveillance involving Ishita Mishra,2026-06-05T20:22:58,L0164,C0462,Surveillance activity observed in connection with financial fraud investigation CASE-2026-0462.,E09952
EV03885,Surveillance,Surveillance involving Varun Joshi,2026-05-07T02:33:10,L0368,C0462,Surveillance activity observed in connection with financial fraud investigation CASE-2026-0462.,nan
EV03886,Arrest,Arrest involving Arnav Thakur,2026-05-27T21:39:57,L0368,C0462,Arrest activity observed in connection with financial fraud investigation CASE-2026-0462.,nan
EV03887,Delivery,Delivery involving Riya Nair,2026-03-25T07:27:56,L0164,C0462,Delivery activity observed in connection with financial fraud investigation CASE-2026-0462.,nan
EV03888,Surveillance,Surveillance involving Yamini Iyer,2026-08-22T03:17:59,L0574,C0462,Surveillance activity observed in connection with financial fraud investigation CASE-2026-0462.,nan
EV03889,Transaction,Transaction involving Ishita Mishra,2026-07-07T00:43:27,L0090,C0462,Transaction activity observed in connection with financial fraud investigation CASE-2026-0462.,E09953
EV03890,Transaction,Transaction involving Sneha Sethi,2026-08-20T04:55:17,L0416,C0463,Transaction activity observed in connection with vehicle theft investigation CASE-2026-0463.,E09960
EV03891,Arrest,Arrest involving Vidhi Shetty,2026-08-12T13:29:45,L0266,C0463,Arrest activity observed in connection with vehicle theft investigation CASE-2026-0463.,E09961
EV03892,Transaction,Transaction involving Sana Shah,2026-08-08T12:46:35,L0266,C0463,Transaction activity observed in connection with vehicle theft investigation CASE-2026-0463.,nan
EV03893,Meeting,Meeting involving Riya Mehta,2026-01-26T17:22:10,L0563,C0464,Meeting activity observed in connection with procurement fraud investigation CASE-2026-0464.,nan
EV03894,Arrest,Arrest involving Varun Thakur,2026-09-25T05:13:48,L0563,C0464,Arrest activity observed in connection with procurement fraud investigation CASE-2026-0464.,nan
EV03895,Surveillance,Surveillance involving Sana Patil,2026-06-30T02:27:04,L0501,C0464,Surveillance activity observed in connection with procurement fraud investigation CASE-2026-0464.,nan
EV03896,Vehicle Movement,Vehicle Movement involving Sana Patil,2026-09-18T20:32:36,L0501,C0464,Vehicle Movement activity observed in connection with procurement fraud investigation CASE-2026-0464.,E09964
EV03897,Observation,Observation involving Sana Patil,2026-11-19T14:47:29,L0214,C0464,Observation activity observed in connection with procurement fraud investigation CASE-2026-0464.,nan
EV03898,Evidence Collection,Evidence Collection involving Aanya Gupta,2026-04-05T22:44:58,L0214,C0464,Evidence Collection activity observed in connection with procurement fraud investigation CASE-2026-0464.,nan
EV03899,Surveillance,Surveillance involving Kiara Mishra,2026-05-06T23:13:01,L0058,C0464,Surveillance activity observed in connection with procurement fraud investigation CASE-2026-0464.,nan
EV03900,Surveillance,Surveillance involving Saurabh Pillai,2026-11-06T19:24:46,L0427,C0465,Surveillance activity observed in connection with data theft investigation CASE-2026-0465.,E09966
EV03901,Transaction,Transaction involving Saurabh Pillai,2026-10-05T22:33:29,L0423,C0465,Transaction activity observed in connection with data theft investigation CASE-2026-0465.,E09967
EV03902,Meeting,Meeting involving Aman Sethi,2026-10-15T12:07:45,L0427,C0465,Meeting activity observed in connection with data theft investigation CASE-2026-0465.,E09968
EV03903,Observation,Observation involving Saurabh Pillai,2026-05-06T03:02:53,L0144,C0465,Observation activity observed in connection with data theft investigation CASE-2026-0465.,nan
EV03904,Observation,Observation involving Karan Gupta,2026-07-28T07:19:02,L0423,C0465,Observation activity observed in connection with data theft investigation CASE-2026-0465.,E09969
EV03905,Interview,Interview involving Shreya Bansal,2026-02-21T04:49:44,L0391,C0466,Interview activity observed in connection with assault investigation CASE-2026-0466.,nan
EV03906,Observation,Observation involving Sameer Ghosh,2026-07-17T17:29:35,L0114,C0466,Observation activity observed in connection with assault investigation CASE-2026-0466.,E09970
EV03907,Meeting,Meeting involving Nisha Singh,2026-12-11T21:03:53,L0350,C0467,Meeting activity observed in connection with financial fraud investigation CASE-2026-0467.,nan
EV03908,Cyber Activity,Cyber Activity involving Arnav Singh,2026-03-25T14:28:28,L0522,C0467,Cyber Activity activity observed in connection with financial fraud investigation CASE-2026-0467.,nan
EV03909,Cyber Activity,Cyber Activity involving Pallavi Bansal,2026-08-22T08:43:22,L0522,C0467,Cyber Activity activity observed in connection with financial fraud investigation CASE-2026-0467.,E09977
EV03910,Financial Activity,Financial Activity involving Rohan Kulkarni,2026-07-13T21:47:57,L0522,C0467,Financial Activity activity observed in connection with financial fraud investigation CASE-2026-0467.,nan
EV03911,Call,Call involving Sameer Menon,2026-04-12T03:28:50,L0350,C0467,Call activity observed in connection with financial fraud investigation CASE-2026-0467.,E09978
EV03912,Crime,Crime involving Ritesh Gupta,2026-02-18T16:28:58,L0467,C0467,Crime activity observed in connection with financial fraud investigation CASE-2026-0467.,nan
EV03913,Evidence Collection,Evidence Collection involving Rohan Kulkarni,2026-07-23T06:23:00,L0307,C0467,Evidence Collection activity observed in connection with financial fraud investigation CASE-2026-0467.,E09979
EV03914,Financial Activity,Financial Activity involving Aanya Chavan,2026-08-21T00:48:25,L0467,C0467,Financial Activity activity observed in connection with financial fraud investigation CASE-2026-0467.,nan
EV03915,Arrest,Arrest involving Karan Rao,2026-01-03T11:53:13,L0176,C0467,Arrest activity observed in connection with financial fraud investigation CASE-2026-0467.,nan
EV03916,Meeting,Meeting involving Aanya Verma,2026-01-30T03:42:07,L0307,C0467,Meeting activity observed in connection with financial fraud investigation CASE-2026-0467.,E09980
EV03917,Surveillance,Surveillance involving Kabir Patil,2026-10-31T03:21:11,L0307,C0467,Surveillance activity observed in connection with financial fraud investigation CASE-2026-0467.,nan
EV03918,Vehicle Movement,Vehicle Movement involving Naina Joshi,2026-02-16T23:40:51,L0467,C0467,Vehicle Movement activity observed in connection with financial fraud investigation CASE-2026-0467.,nan
EV03919,Financial Activity,Financial Activity involving Arnav Mishra,2026-06-10T16:46:35,L0131,C0468,Financial Activity activity observed in connection with simple robbery investigation CASE-2026-0468.,E09982
EV03920,Evidence Collection,Evidence Collection involving Rhea Joshi,2026-05-24T08:46:07,L0268,C0468,Evidence Collection activity observed in connection with simple robbery investigation CASE-2026-0468.,nan
EV03921,Interview,Interview involving Ritesh Bansal,2026-04-11T18:54:26,L0151,C0469,Interview activity observed in connection with cyber extortion investigation CASE-2026-0469.,nan
EV03922,Financial Activity,Financial Activity involving Vivek Shah,2026-07-05T07:32:05,L0484,C0469,Financial Activity activity observed in connection with cyber extortion investigation CASE-2026-0469.,E09987
EV03923,Transaction,Transaction involving Vanya Bansal,2026-07-28T22:24:17,L0381,C0469,Transaction activity observed in connection with cyber extortion investigation CASE-2026-0469.,nan
EV03924,Transaction,Transaction involving Pooja Thakur,2026-07-09T16:30:54,L0440,C0469,Transaction activity observed in connection with cyber extortion investigation CASE-2026-0469.,E09988
EV03925,Delivery,Delivery involving Vivek Shah,2026-06-24T05:12:56,L0484,C0469,Delivery activity observed in connection with cyber extortion investigation CASE-2026-0469.,nan
EV03926,Financial Activity,Financial Activity involving Vivek Shah,2026-12-11T13:08:44,L0484,C0469,Financial Activity activity observed in connection with cyber extortion investigation CASE-2026-0469.,nan
EV03927,Financial Activity,Financial Activity involving Aditya Mehta,2026-05-04T06:26:05,L0513,C0470,Financial Activity activity observed in connection with assault investigation CASE-2026-0470.,nan
EV03928,Observation,Observation involving Mahi Menon,2026-03-28T13:47:38,L0066,C0470,Observation activity observed in connection with assault investigation CASE-2026-0470.,nan
EV03929,Call,Call involving Rohan Chavan,2026-02-23T20:42:10,L0366,C0471,Call activity observed in connection with kidnapping investigation CASE-2026-0471.,nan
EV03930,Surveillance,Surveillance involving Kiara Chavan,2026-06-01T21:34:16,L0366,C0471,Surveillance activity observed in connection with kidnapping investigation CASE-2026-0471.,nan
EV03931,Transaction,Transaction involving Aanya Nair,2026-07-06T03:14:37,L0250,C0471,Transaction activity observed in connection with kidnapping investigation CASE-2026-0471.,nan
EV03932,Financial Activity,Financial Activity involving Kiara Chavan,2026-08-28T01:42:00,L0273,C0471,Financial Activity activity observed in connection with kidnapping investigation CASE-2026-0471.,E09995
EV03933,Observation,Observation involving Aanya Nair,2026-07-14T07:11:31,L0172,C0471,Observation activity observed in connection with kidnapping investigation CASE-2026-0471.,E09996
EV03934,Transaction,Transaction involving Rohan Chavan,2026-11-11T21:42:39,L0366,C0471,Transaction activity observed in connection with kidnapping investigation CASE-2026-0471.,nan
EV03935,Crime,Crime involving Neha Singh,2026-09-26T07:32:52,L0346,C0472,Crime activity observed in connection with vehicle theft network investigation CASE-2026-0472.,E10014
EV03936,Interview,Interview involving Aniket Mishra,2026-07-09T00:06:04,L0346,C0472,Interview activity observed in connection with vehicle theft network investigation CASE-2026-0472.,nan
EV03937,Meeting,Meeting involving Aanya Kapoor,2026-06-28T12:32:22,L0526,C0472,Meeting activity observed in connection with vehicle theft network investigation CASE-2026-0472.,nan
EV03938,Cyber Activity,Cyber Activity involving Isha Kulkarni,2026-01-10T14:32:27,L0242,C0472,Cyber Activity activity observed in connection with vehicle theft network investigation CASE-2026-0472.,E10015
EV03939,Vehicle Movement,Vehicle Movement involving Neha Singh,2026-03-05T21:05:22,L0033,C0472,Vehicle Movement activity observed in connection with vehicle theft network investigation CASE-2026-0472.,nan
EV03940,Financial Activity,Financial Activity involving Aditya Menon,2026-04-14T06:22:03,L0526,C0472,Financial Activity activity observed in connection with vehicle theft network investigation CASE-2026-0472.,nan
EV03941,Crime,Crime involving Avni Singh,2026-07-23T17:21:55,L0375,C0472,Crime activity observed in connection with vehicle theft network investigation CASE-2026-0472.,nan
EV03942,Cyber Activity,Cyber Activity involving Avni Singh,2026-04-17T19:56:21,L0526,C0472,Cyber Activity activity observed in connection with vehicle theft network investigation CASE-2026-0472.,E10016
EV03943,Delivery,Delivery involving Neha Singh,2026-08-27T13:00:43,L0242,C0472,Delivery activity observed in connection with vehicle theft network investigation CASE-2026-0472.,E10017
EV03944,Meeting,Meeting involving Meera Bansal,2026-06-15T03:11:05,L0033,C0472,Meeting activity observed in connection with vehicle theft network investigation CASE-2026-0472.,E10018
EV03945,Arrest,Arrest involving Kunal Desai,2026-06-21T11:39:58,L0242,C0472,Arrest activity observed in connection with vehicle theft network investigation CASE-2026-0472.,nan
EV03946,Financial Activity,Financial Activity involving Aarav Ghosh,2026-05-08T02:30:23,L0375,C0472,Financial Activity activity observed in connection with vehicle theft network investigation CASE-2026-0472.,E10019
EV03947,Transaction,Transaction involving Kunal Saxena,2026-04-14T00:44:46,L0346,C0472,Transaction activity observed in connection with vehicle theft network investigation CASE-2026-0472.,E10020
EV03948,Transaction,Transaction involving Anushka Kapoor,2026-08-26T19:12:41,L0033,C0472,Transaction activity observed in connection with vehicle theft network investigation CASE-2026-0472.,nan
EV03949,Transaction,Transaction involving Kabir Rao,2026-05-06T10:16:07,L0375,C0472,Transaction activity observed in connection with vehicle theft network investigation CASE-2026-0472.,nan
EV03950,Meeting,Meeting involving Neha Singh,2026-01-12T09:28:58,L0033,C0472,Meeting activity observed in connection with vehicle theft network investigation CASE-2026-0472.,nan
EV03951,Transaction,Transaction involving Aditya Menon,2026-03-21T15:02:03,L0526,C0472,Transaction activity observed in connection with vehicle theft network investigation CASE-2026-0472.,nan
EV03952,Transaction,Transaction involving Sana Kulkarni,2026-02-12T01:18:21,L0491,C0473,Transaction activity observed in connection with theft investigation CASE-2026-0473.,E10021
EV03953,Cyber Activity,Cyber Activity involving Sana Kulkarni,2026-05-30T01:25:40,L0491,C0473,Cyber Activity activity observed in connection with theft investigation CASE-2026-0473.,nan
EV03954,Crime,Crime involving Zoya Gupta,2026-03-28T03:41:02,L0032,C0474,Crime activity observed in connection with major cybercrime investigation CASE-2026-0474.,nan
EV03955,Crime,Crime involving Ananya Bhat,2026-08-30T22:34:08,L0253,C0474,Crime activity observed in connection with major cybercrime investigation CASE-2026-0474.,E10035
EV03956,Arrest,Arrest involving Nisha Nair,2026-06-30T14:25:21,L0032,C0474,Arrest activity observed in connection with major cybercrime investigation CASE-2026-0474.,nan
EV03957,Evidence Collection,Evidence Collection involving Varun Menon,2026-04-24T12:02:47,L0253,C0474,Evidence Collection activity observed in connection with major cybercrime investigation CASE-2026-0474.,nan
EV03958,Cyber Activity,Cyber Activity involving Ananya Bansal,2026-02-20T03:34:58,L0032,C0474,Cyber Activity activity observed in connection with major cybercrime investigation CASE-2026-0474.,nan
EV03959,Surveillance,Surveillance involving Shreya Malhotra,2026-01-19T10:13:19,L0193,C0474,Surveillance activity observed in connection with major cybercrime investigation CASE-2026-0474.,nan
EV03960,Interview,Interview involving Ananya Bansal,2026-03-17T11:04:18,L0253,C0474,Interview activity observed in connection with major cybercrime investigation CASE-2026-0474.,nan
EV03961,Transaction,Transaction involving Siddharth Chavan,2026-05-01T22:03:35,L0390,C0474,Transaction activity observed in connection with major cybercrime investigation CASE-2026-0474.,nan
EV03962,Vehicle Movement,Vehicle Movement involving Kiara Mishra,2026-04-16T14:28:55,L0253,C0474,Vehicle Movement activity observed in connection with major cybercrime investigation CASE-2026-0474.,E10036
EV03963,Transaction,Transaction involving Nisha Nair,2026-02-05T08:33:58,L0153,C0474,Transaction activity observed in connection with major cybercrime investigation CASE-2026-0474.,E10037
EV03964,Call,Call involving Arjun Shah,2026-05-21T14:36:56,L0203,C0475,Call activity observed in connection with major organized crime investigation CASE-2026-0475.,nan
EV03965,Delivery,Delivery involving Simran Mishra,2026-07-11T14:21:24,L0203,C0475,Delivery activity observed in connection with major organized crime investigation CASE-2026-0475.,nan
EV03966,Transaction,Transaction involving Aarav Nair,2026-07-10T17:03:17,L0203,C0475,Transaction activity observed in connection with major organized crime investigation CASE-2026-0475.,E10048
EV03967,Cyber Activity,Cyber Activity involving Vidhi Gupta,2026-06-29T10:40:18,L0472,C0475,Cyber Activity activity observed in connection with major organized crime investigation CASE-2026-0475.,nan
EV03968,Arrest,Arrest involving Aarav Shetty,2026-08-08T18:09:54,L0121,C0475,Arrest activity observed in connection with major organized crime investigation CASE-2026-0475.,E10049
EV03969,Call,Call involving Rhea Patil,2026-05-18T11:06:10,L0203,C0475,Call activity observed in connection with major organized crime investigation CASE-2026-0475.,nan
EV03970,Evidence Collection,Evidence Collection involving Avni Reddy,2026-06-27T05:28:32,L0121,C0475,Evidence Collection activity observed in connection with major organized crime investigation CASE-2026-0475.,nan
EV03971,Crime,Crime involving Vidhi Gupta,2026-07-20T11:42:39,L0472,C0475,Crime activity observed in connection with major organized crime investigation CASE-2026-0475.,E10050
EV03972,Cyber Activity,Cyber Activity involving Aarav Shetty,2026-04-14T07:40:24,L0393,C0475,Cyber Activity activity observed in connection with major organized crime investigation CASE-2026-0475.,nan
EV03973,Interview,Interview involving Naveen Gupta,2026-08-15T17:50:52,L0412,C0476,Interview activity observed in connection with digital fraud investigation CASE-2026-0476.,nan
EV03974,Crime,Crime involving Isha Jadhav,2026-08-20T18:40:42,L0394,C0476,Crime activity observed in connection with digital fraud investigation CASE-2026-0476.,nan
EV03975,Arrest,Arrest involving Sneha Reddy,2026-08-18T09:10:04,L0355,C0476,Arrest activity observed in connection with digital fraud investigation CASE-2026-0476.,E10057
EV03976,Evidence Collection,Evidence Collection involving Vanya Desai,2026-08-16T03:29:52,L0355,C0476,Evidence Collection activity observed in connection with digital fraud investigation CASE-2026-0476.,E10058
EV03977,Evidence Collection,Evidence Collection involving Dhruv Rao,2026-08-26T19:39:43,L0355,C0476,Evidence Collection activity observed in connection with digital fraud investigation CASE-2026-0476.,E10059
EV03978,Surveillance,Surveillance involving Aditi Thakur,2026-08-17T02:15:47,L0123,C0476,Surveillance activity observed in connection with digital fraud investigation CASE-2026-0476.,nan
EV03979,Observation,Observation involving Diya Reddy,2026-08-17T22:16:19,L0394,C0476,Observation activity observed in connection with digital fraud investigation CASE-2026-0476.,nan
EV03980,Delivery,Delivery involving Ishita Desai,2026-08-18T23:16:53,L0123,C0476,Delivery activity observed in connection with digital fraud investigation CASE-2026-0476.,nan
EV03981,Cyber Activity,Cyber Activity involving Trisha Kulkarni,2026-08-16T16:26:42,L0561,C0476,Cyber Activity activity observed in connection with digital fraud investigation CASE-2026-0476.,nan
EV03982,Crime,Crime involving Ishita Desai,2026-08-23T15:24:40,L0123,C0476,Crime activity observed in connection with digital fraud investigation CASE-2026-0476.,E10060
EV03983,Transaction,Transaction involving Kabir Shetty,2026-08-22T12:05:07,L0394,C0476,Transaction activity observed in connection with digital fraud investigation CASE-2026-0476.,nan
EV03984,Transaction,Transaction involving Diya Reddy,2026-08-31T17:29:36,L0412,C0476,Transaction activity observed in connection with digital fraud investigation CASE-2026-0476.,nan
EV03985,Meeting,Meeting involving Rahul Verma,2026-06-24T23:43:47,L0194,C0477,Meeting activity observed in connection with assault investigation CASE-2026-0477.,E10066
EV03986,Transaction,Transaction involving Naina Shah,2026-06-03T11:02:13,L0122,C0477,Transaction activity observed in connection with assault investigation CASE-2026-0477.,nan
EV03987,Evidence Collection,Evidence Collection involving Rahul Verma,2026-08-26T05:06:39,L0137,C0477,Evidence Collection activity observed in connection with assault investigation CASE-2026-0477.,nan
EV03988,Observation,Observation involving Rahul Verma,2026-06-25T10:51:55,L0137,C0477,Observation activity observed in connection with assault investigation CASE-2026-0477.,E10067
EV03989,Crime,Crime involving Meera Bansal,2026-05-11T19:48:45,L0321,C0478,Crime activity observed in connection with corporate fraud investigation CASE-2026-0478.,E10074
EV03990,Delivery,Delivery involving Meera Bansal,2026-02-27T11:05:10,L0570,C0478,Delivery activity observed in connection with corporate fraud investigation CASE-2026-0478.,nan
EV03991,Observation,Observation involving Meera Iyer,2026-11-10T10:13:07,L0228,C0478,Observation activity observed in connection with corporate fraud investigation CASE-2026-0478.,nan
EV03992,Interview,Interview involving Varun Bhat,2026-09-27T20:11:17,L0220,C0478,Interview activity observed in connection with corporate fraud investigation CASE-2026-0478.,nan
EV03993,Arrest,Arrest involving Isha Nair,2026-03-11T18:01:28,L0228,C0478,Arrest activity observed in connection with corporate fraud investigation CASE-2026-0478.,nan
EV03994,Arrest,Arrest involving Kiara Pillai,2026-06-15T06:39:07,L0321,C0478,Arrest activity observed in connection with corporate fraud investigation CASE-2026-0478.,E10075
EV03995,Delivery,Delivery involving Varun Bhat,2026-03-27T12:46:55,L0321,C0478,Delivery activity observed in connection with corporate fraud investigation CASE-2026-0478.,E10076
EV03996,Financial Activity,Financial Activity involving Ananya Patil,2026-07-06T20:30:00,L0321,C0478,Financial Activity activity observed in connection with corporate fraud investigation CASE-2026-0478.,nan
EV03997,Transaction,Transaction involving Sneha Patil,2026-07-08T13:19:43,L0570,C0478,Transaction activity observed in connection with corporate fraud investigation CASE-2026-0478.,nan
EV03998,Observation,Observation involving Isha Nair,2026-09-04T02:10:55,L0228,C0478,Observation activity observed in connection with corporate fraud investigation CASE-2026-0478.,nan
EV03999,Crime,Crime involving Shreya Patil,2026-08-17T00:59:24,L0111,C0479,Crime activity observed in connection with property fraud investigation CASE-2026-0479.,E10088
EV04000,Meeting,Meeting involving Neha Chavan,2026-08-21T08:31:40,L0217,C0479,Meeting activity observed in connection with property fraud investigation CASE-2026-0479.,E10089
EV04001,Vehicle Movement,Vehicle Movement involving Rhea Iyer,2026-08-23T05:54:35,L0111,C0479,Vehicle Movement activity observed in connection with property fraud investigation CASE-2026-0479.,E10090
EV04002,Evidence Collection,Evidence Collection involving Rhea Mishra,2026-08-26T14:44:26,L0095,C0479,Evidence Collection activity observed in connection with property fraud investigation CASE-2026-0479.,E10091
EV04003,Evidence Collection,Evidence Collection involving Neha Chavan,2026-08-20T11:50:50,L0095,C0479,Evidence Collection activity observed in connection with property fraud investigation CASE-2026-0479.,nan
EV04004,Transaction,Transaction involving Kavya Sethi,2026-08-17T22:51:29,L0111,C0479,Transaction activity observed in connection with property fraud investigation CASE-2026-0479.,nan
EV04005,Observation,Observation involving Pranav Thakur,2026-08-16T07:03:40,L0095,C0479,Observation activity observed in connection with property fraud investigation CASE-2026-0479.,E10092
EV04006,Cyber Activity,Cyber Activity involving Rhea Iyer,2026-08-13T02:09:41,L0217,C0479,Cyber Activity activity observed in connection with property fraud investigation CASE-2026-0479.,nan
EV04007,Crime,Crime involving Arjun Kulkarni,2026-08-20T11:08:15,L0111,C0479,Crime activity observed in connection with property fraud investigation CASE-2026-0479.,nan
EV04008,Interview,Interview involving Sana Das,2026-08-30T20:24:28,L0425,C0479,Interview activity observed in connection with property fraud investigation CASE-2026-0479.,nan
EV04009,Call,Call involving Anushka Shetty,2026-08-13T22:49:42,L0111,C0479,Call activity observed in connection with property fraud investigation CASE-2026-0479.,nan
EV04010,Call,Call involving Raj Saxena,2026-08-23T09:59:20,L0111,C0479,Call activity observed in connection with property fraud investigation CASE-2026-0479.,nan
EV04011,Crime,Crime involving Raj Jadhav,2026-08-26T05:49:41,L0111,C0479,Crime activity observed in connection with property fraud investigation CASE-2026-0479.,nan
EV04012,Evidence Collection,Evidence Collection involving Meera Patil,2026-07-11T07:17:54,L0314,C0480,Evidence Collection activity observed in connection with banking fraud investigation CASE-2026-0480.,nan
EV04013,Cyber Activity,Cyber Activity involving Zoya Shetty,2026-08-01T11:11:28,L0314,C0480,Cyber Activity activity observed in connection with banking fraud investigation CASE-2026-0480.,E10116
EV04014,Vehicle Movement,Vehicle Movement involving Naveen Verma,2026-06-12T22:43:40,L0429,C0480,Vehicle Movement activity observed in connection with banking fraud investigation CASE-2026-0480.,nan
EV04015,Crime,Crime involving Zoya Naik,2026-12-25T10:55:06,L0229,C0480,Crime activity observed in connection with banking fraud investigation CASE-2026-0480.,nan
EV04016,Financial Activity,Financial Activity involving Zoya Naik,2026-07-31T00:48:12,L0429,C0480,Financial Activity activity observed in connection with banking fraud investigation CASE-2026-0480.,E10117
EV04017,Call,Call involving Sana Khan,2026-08-30T02:03:36,L0592,C0480,Call activity observed in connection with banking fraud investigation CASE-2026-0480.,E10118
EV04018,Observation,Observation involving Zoya Shetty,2026-01-27T22:37:06,L0343,C0480,Observation activity observed in connection with banking fraud investigation CASE-2026-0480.,nan
EV04019,Interview,Interview involving Manav Iyer,2026-11-13T09:46:07,L0314,C0480,Interview activity observed in connection with banking fraud investigation CASE-2026-0480.,nan
EV04020,Arrest,Arrest involving Arjun Sethi,2026-11-17T20:38:58,L0592,C0480,Arrest activity observed in connection with banking fraud investigation CASE-2026-0480.,nan
EV04021,Vehicle Movement,Vehicle Movement involving Aniket Menon,2026-12-01T10:35:50,L0229,C0480,Vehicle Movement activity observed in connection with banking fraud investigation CASE-2026-0480.,nan
EV04022,Observation,Observation involving Karan Singh,2026-04-06T22:35:03,L0189,C0481,Observation activity observed in connection with theft investigation CASE-2026-0481.,E10121
EV04023,Crime,Crime involving Karan Singh,2026-04-29T13:45:55,L0237,C0481,Crime activity observed in connection with theft investigation CASE-2026-0481.,E10122
EV04024,Financial Activity,Financial Activity involving Isha Bansal,2026-04-30T13:35:13,L0024,C0481,Financial Activity activity observed in connection with theft investigation CASE-2026-0481.,E10123
EV04025,Transaction,Transaction involving Yash Naik,2026-07-02T22:31:08,L0588,C0482,Transaction activity observed in connection with organized cybercrime investigation CASE-2026-0482.,nan
EV04026,Observation,Observation involving Arjun Malhotra,2026-05-26T02:19:14,L0148,C0482,Observation activity observed in connection with organized cybercrime investigation CASE-2026-0482.,nan
EV04027,Transaction,Transaction involving Ishita Rao,2026-08-02T01:40:55,L0505,C0482,Transaction activity observed in connection with organized cybercrime investigation CASE-2026-0482.,E10133
EV04028,Observation,Observation involving Simran Thakur,2026-05-31T09:28:11,L0588,C0482,Observation activity observed in connection with organized cybercrime investigation CASE-2026-0482.,nan
EV04029,Surveillance,Surveillance involving Yash Naik,2026-06-26T17:06:52,L0437,C0482,Surveillance activity observed in connection with organized cybercrime investigation CASE-2026-0482.,E10134
EV04030,Arrest,Arrest involving Yash Naik,2026-06-17T23:37:14,L0148,C0482,Arrest activity observed in connection with organized cybercrime investigation CASE-2026-0482.,E10135
EV04031,Meeting,Meeting involving Sneha Verma,2026-07-25T15:11:31,L0505,C0482,Meeting activity observed in connection with organized cybercrime investigation CASE-2026-0482.,nan
EV04032,Delivery,Delivery involving Simran Reddy,2026-07-28T13:11:24,L0555,C0482,Delivery activity observed in connection with organized cybercrime investigation CASE-2026-0482.,nan
EV04033,Interview,Interview involving Akash Saxena,2026-05-16T16:18:25,L0437,C0482,Interview activity observed in connection with organized cybercrime investigation CASE-2026-0482.,nan
EV04034,Meeting,Meeting involving Naveen Nair,2026-05-28T18:30:26,L0588,C0482,Meeting activity observed in connection with organized cybercrime investigation CASE-2026-0482.,nan
EV04035,Delivery,Delivery involving Naveen Nair,2026-08-15T13:42:55,L0555,C0482,Delivery activity observed in connection with organized cybercrime investigation CASE-2026-0482.,nan
EV04036,Evidence Collection,Evidence Collection involving Ritesh Das,2026-08-05T12:20:40,L0392,C0483,Evidence Collection activity observed in connection with simple robbery investigation CASE-2026-0483.,nan
EV04037,Evidence Collection,Evidence Collection involving Yash Gupta,2026-08-11T11:14:49,L0392,C0483,Evidence Collection activity observed in connection with simple robbery investigation CASE-2026-0483.,nan
EV04038,Observation,Observation involving Ritesh Das,2026-04-03T15:55:27,L0312,C0483,Observation activity observed in connection with simple robbery investigation CASE-2026-0483.,E10140
EV04039,Observation,Observation involving Trisha Naik,2026-11-27T14:18:11,L0535,C0483,Observation activity observed in connection with simple robbery investigation CASE-2026-0483.,E10141
EV04040,Vehicle Movement,Vehicle Movement involving Ritesh Thakur,2026-09-26T09:24:19,L0477,C0484,Vehicle Movement activity observed in connection with financial fraud investigation CASE-2026-0484.,nan
EV04041,Arrest,Arrest involving Pallavi Gupta,2026-01-30T11:36:08,L0046,C0484,Arrest activity observed in connection with financial fraud investigation CASE-2026-0484.,E10147
EV04042,Surveillance,Surveillance involving Kiara Nair,2026-02-19T15:49:42,L0477,C0484,Surveillance activity observed in connection with financial fraud investigation CASE-2026-0484.,nan
EV04043,Delivery,Delivery involving Harsh Menon,2026-02-22T01:45:06,L0581,C0484,Delivery activity observed in connection with financial fraud investigation CASE-2026-0484.,nan
EV04044,Observation,Observation involving Pallavi Gupta,2026-03-02T16:22:35,L0581,C0484,Observation activity observed in connection with financial fraud investigation CASE-2026-0484.,E10148
EV04045,Crime,Crime involving Aditi Reddy,2026-02-10T06:16:23,L0203,C0485,Crime activity observed in connection with cyber extortion investigation CASE-2026-0485.,nan
EV04046,Interview,Interview involving Ishaan Kulkarni,2026-08-24T21:17:47,L0498,C0485,Interview activity observed in connection with cyber extortion investigation CASE-2026-0485.,E10151
EV04047,Transaction,Transaction involving Yamini Malhotra,2026-05-01T00:55:43,L0393,C0485,Transaction activity observed in connection with cyber extortion investigation CASE-2026-0485.,E10152
EV04048,Evidence Collection,Evidence Collection involving Isha Patil,2026-06-27T04:55:00,L0418,C0486,Evidence Collection activity observed in connection with simple robbery investigation CASE-2026-0486.,E10156
EV04049,Evidence Collection,Evidence Collection involving Nikhil Nair,2026-01-19T10:42:34,L0418,C0486,Evidence Collection activity observed in connection with simple robbery investigation CASE-2026-0486.,E10157
EV04050,Vehicle Movement,Vehicle Movement involving Ritesh Patil,2026-01-13T09:56:52,L0347,C0487,Vehicle Movement activity observed in connection with financial fraud investigation CASE-2026-0487.,nan
EV04051,Meeting,Meeting involving Riya Das,2026-02-16T11:55:13,L0113,C0487,Meeting activity observed in connection with financial fraud investigation CASE-2026-0487.,nan
EV04052,Cyber Activity,Cyber Activity involving Ritesh Patil,2026-07-14T20:04:13,L0113,C0487,Cyber Activity activity observed in connection with financial fraud investigation CASE-2026-0487.,nan
EV04053,Cyber Activity,Cyber Activity involving Aniket Malhotra,2026-01-04T15:01:43,L0347,C0487,Cyber Activity activity observed in connection with financial fraud investigation CASE-2026-0487.,nan
EV04054,Observation,Observation involving Kabir Pillai,2026-07-23T01:30:02,L0196,C0488,Observation activity observed in connection with kidnapping investigation CASE-2026-0488.,nan
EV04055,Crime,Crime involving Mahi Iyer,2026-01-07T15:00:07,L0078,C0488,Crime activity observed in connection with kidnapping investigation CASE-2026-0488.,nan
EV04056,Cyber Activity,Cyber Activity involving Kabir Pillai,2026-03-08T02:38:39,L0078,C0488,Cyber Activity activity observed in connection with kidnapping investigation CASE-2026-0488.,nan
EV04057,Interview,Interview involving Dhruv Bhat,2026-09-01T00:16:15,L0206,C0488,Interview activity observed in connection with kidnapping investigation CASE-2026-0488.,nan
EV04058,Cyber Activity,Cyber Activity involving Rohan Shetty,2026-11-03T05:52:23,L0477,C0488,Cyber Activity activity observed in connection with kidnapping investigation CASE-2026-0488.,nan
EV04059,Financial Activity,Financial Activity involving Sameer Kapoor,2026-04-27T06:18:43,L0206,C0488,Financial Activity activity observed in connection with kidnapping investigation CASE-2026-0488.,nan
EV04060,Transaction,Transaction involving Rahul Gupta,2026-07-12T03:41:55,L0228,C0488,Transaction activity observed in connection with kidnapping investigation CASE-2026-0488.,nan
EV04061,Meeting,Meeting involving Kabir Pillai,2026-07-15T17:30:54,L0228,C0488,Meeting activity observed in connection with kidnapping investigation CASE-2026-0488.,E10176
EV04062,Interview,Interview involving Kunal Malhotra,2026-04-09T06:12:24,L0196,C0488,Interview activity observed in connection with kidnapping investigation CASE-2026-0488.,nan
EV04063,Vehicle Movement,Vehicle Movement involving Akash Desai,2026-07-30T16:16:10,L0196,C0488,Vehicle Movement activity observed in connection with kidnapping investigation CASE-2026-0488.,nan
EV04064,Vehicle Movement,Vehicle Movement involving Rahul Shetty,2026-04-30T14:34:39,L0477,C0488,Vehicle Movement activity observed in connection with kidnapping investigation CASE-2026-0488.,nan
EV04065,Meeting,Meeting involving Nisha Mehta,2026-07-29T02:52:24,L0248,C0489,Meeting activity observed in connection with payment fraud investigation CASE-2026-0489.,nan
EV04066,Evidence Collection,Evidence Collection involving Kavya Sethi,2026-08-12T11:08:16,L0377,C0489,Evidence Collection activity observed in connection with payment fraud investigation CASE-2026-0489.,E10179
EV04067,Observation,Observation involving Vanya Kulkarni,2026-04-15T13:23:35,L0209,C0489,Observation activity observed in connection with payment fraud investigation CASE-2026-0489.,nan
EV04068,Transaction,Transaction involving Siddharth Shetty,2026-06-25T23:46:14,L0377,C0489,Transaction activity observed in connection with payment fraud investigation CASE-2026-0489.,E10180
EV04069,Transaction,Transaction involving Mahi Shetty,2026-06-30T17:49:18,L0372,C0490,Transaction activity observed in connection with logistics fraud investigation CASE-2026-0490.,nan
EV04070,Evidence Collection,Evidence Collection involving Trisha Joshi,2026-01-15T22:54:20,L0271,C0490,Evidence Collection activity observed in connection with logistics fraud investigation CASE-2026-0490.,E10187
EV04071,Financial Activity,Financial Activity involving Aniket Shetty,2026-05-18T19:10:01,L0263,C0490,Financial Activity activity observed in connection with logistics fraud investigation CASE-2026-0490.,nan
EV04072,Transaction,Transaction involving Ananya Chavan,2026-03-15T12:54:06,L0372,C0490,Transaction activity observed in connection with logistics fraud investigation CASE-2026-0490.,nan
EV04073,Observation,Observation involving Trisha Joshi,2026-03-17T23:20:37,L0082,C0490,Observation activity observed in connection with logistics fraud investigation CASE-2026-0490.,nan
EV04074,Arrest,Arrest involving Akash Sethi,2026-01-13T03:26:09,L0346,C0491,Arrest activity observed in connection with assault investigation CASE-2026-0491.,nan
EV04075,Surveillance,Surveillance involving Arjun Sethi,2026-08-05T09:39:37,L0346,C0491,Surveillance activity observed in connection with assault investigation CASE-2026-0491.,nan
EV04076,Surveillance,Surveillance involving Rahul Singh,2026-12-23T05:29:59,L0404,C0492,Surveillance activity observed in connection with data theft investigation CASE-2026-0492.,E10195
EV04077,Transaction,Transaction involving Yash Menon,2026-11-17T09:31:51,L0239,C0492,Transaction activity observed in connection with data theft investigation CASE-2026-0492.,nan
EV04078,Cyber Activity,Cyber Activity involving Shreya Das,2026-06-04T03:42:43,L0342,C0492,Cyber Activity activity observed in connection with data theft investigation CASE-2026-0492.,nan
EV04079,Crime,Crime involving Rohan Mishra,2026-05-24T07:00:37,L0239,C0492,Crime activity observed in connection with data theft investigation CASE-2026-0492.,nan
EV04080,Evidence Collection,Evidence Collection involving Rahul Singh,2026-05-29T15:25:52,L0404,C0492,Evidence Collection activity observed in connection with data theft investigation CASE-2026-0492.,nan
EV04081,Cyber Activity,Cyber Activity involving Naina Mishra,2026-11-26T19:06:59,L0404,C0492,Cyber Activity activity observed in connection with data theft investigation CASE-2026-0492.,E10196
EV04082,Cyber Activity,Cyber Activity involving Riya Nair,2026-06-28T20:45:30,L0419,C0493,Cyber Activity activity observed in connection with assault investigation CASE-2026-0493.,nan
EV04083,Meeting,Meeting involving Naina Bansal,2026-08-11T01:14:26,L0244,C0493,Meeting activity observed in connection with assault investigation CASE-2026-0493.,E10206
EV04084,Transaction,Transaction involving Sneha Bansal,2026-08-10T21:12:16,L0019,C0493,Transaction activity observed in connection with assault investigation CASE-2026-0493.,E10207
EV04085,Evidence Collection,Evidence Collection involving Arnav Bhat,2026-08-17T17:49:12,L0419,C0493,Evidence Collection activity observed in connection with assault investigation CASE-2026-0493.,E10208
EV04086,Surveillance,Surveillance involving Riya Nair,2026-07-08T09:53:21,L0419,C0493,Surveillance activity observed in connection with assault investigation CASE-2026-0493.,nan
EV04087,Financial Activity,Financial Activity involving Ishita Shah,2026-08-08T06:57:06,L0368,C0493,Financial Activity activity observed in connection with assault investigation CASE-2026-0493.,nan
EV04088,Transaction,Transaction involving Ishita Shah,2026-07-07T10:45:01,L0244,C0493,Transaction activity observed in connection with assault investigation CASE-2026-0493.,nan
EV04089,Crime,Crime involving Sameer Shetty,2026-07-18T10:35:40,L0368,C0493,Crime activity observed in connection with assault investigation CASE-2026-0493.,E10209
EV04090,Delivery,Delivery involving Arnav Bhat,2026-07-24T11:04:38,L0019,C0493,Delivery activity observed in connection with assault investigation CASE-2026-0493.,nan
EV04091,Vehicle Movement,Vehicle Movement involving Rhea Chavan,2026-07-04T21:42:14,L0244,C0493,Vehicle Movement activity observed in connection with assault investigation CASE-2026-0493.,nan
EV04092,Vehicle Movement,Vehicle Movement involving Ishita Shah,2026-07-19T16:52:57,L0019,C0493,Vehicle Movement activity observed in connection with assault investigation CASE-2026-0493.,E10210
EV04093,Call,Call involving Ishita Shah,2026-06-28T17:35:32,L0019,C0493,Call activity observed in connection with assault investigation CASE-2026-0493.,nan
EV04094,Surveillance,Surveillance involving Varun Reddy,2026-07-24T21:21:27,L0416,C0494,Surveillance activity observed in connection with document fraud investigation CASE-2026-0494.,E10214
EV04095,Evidence Collection,Evidence Collection involving Riya Nair,2026-06-16T22:39:05,L0379,C0494,Evidence Collection activity observed in connection with document fraud investigation CASE-2026-0494.,nan
EV04096,Transaction,Transaction involving Rohan Mehta,2026-02-05T04:17:22,L0291,C0495,Transaction activity observed in connection with minor fraud investigation CASE-2026-0495.,E10217
EV04097,Delivery,Delivery involving Aarav Menon,2026-04-03T19:25:35,L0289,C0495,Delivery activity observed in connection with minor fraud investigation CASE-2026-0495.,nan
EV04098,Meeting,Meeting involving Shreya Desai,2026-08-18T21:06:01,L0469,C0496,Meeting activity observed in connection with organized cybercrime investigation CASE-2026-0496.,nan
EV04099,Meeting,Meeting involving Shreya Desai,2026-07-20T10:42:00,L0271,C0496,Meeting activity observed in connection with organized cybercrime investigation CASE-2026-0496.,nan
EV04100,Arrest,Arrest involving Harsh Mishra,2026-08-02T02:33:10,L0469,C0496,Arrest activity observed in connection with organized cybercrime investigation CASE-2026-0496.,E10230
EV04101,Evidence Collection,Evidence Collection involving Yamini Iyer,2026-08-18T15:00:26,L0485,C0496,Evidence Collection activity observed in connection with organized cybercrime investigation CASE-2026-0496.,nan
EV04102,Arrest,Arrest involving Aanya Mishra,2026-07-23T04:41:16,L0485,C0496,Arrest activity observed in connection with organized cybercrime investigation CASE-2026-0496.,nan
EV04103,Observation,Observation involving Kabir Joshi,2026-06-26T11:25:42,L0271,C0496,Observation activity observed in connection with organized cybercrime investigation CASE-2026-0496.,E10231
EV04104,Arrest,Arrest involving Kabir Joshi,2026-07-18T08:03:28,L0469,C0496,Arrest activity observed in connection with organized cybercrime investigation CASE-2026-0496.,nan
EV04105,Vehicle Movement,Vehicle Movement involving Yamini Iyer,2026-07-30T07:02:04,L0469,C0496,Vehicle Movement activity observed in connection with organized cybercrime investigation CASE-2026-0496.,nan
EV04106,Financial Activity,Financial Activity involving Anushka Thakur,2026-08-26T21:35:27,L0271,C0496,Financial Activity activity observed in connection with organized cybercrime investigation CASE-2026-0496.,nan
EV04107,Financial Activity,Financial Activity involving Akash Reddy,2026-06-19T03:32:55,L0271,C0496,Financial Activity activity observed in connection with organized cybercrime investigation CASE-2026-0496.,nan
EV04108,Crime,Crime involving Trisha Nair,2026-07-11T01:22:27,L0271,C0496,Crime activity observed in connection with organized cybercrime investigation CASE-2026-0496.,nan
EV04109,Arrest,Arrest involving Karan Kulkarni,2026-08-05T21:34:58,L0239,C0496,Arrest activity observed in connection with organized cybercrime investigation CASE-2026-0496.,nan
EV04110,Meeting,Meeting involving Tara Bhat,2026-08-03T20:00:26,L0271,C0496,Meeting activity observed in connection with organized cybercrime investigation CASE-2026-0496.,nan
EV04111,Cyber Activity,Cyber Activity involving Trisha Nair,2026-08-30T22:56:49,L0469,C0496,Cyber Activity activity observed in connection with organized cybercrime investigation CASE-2026-0496.,nan
EV04112,Evidence Collection,Evidence Collection involving Simran Bhat,2026-08-31T16:02:55,L0578,C0497,Evidence Collection activity observed in connection with payment fraud investigation CASE-2026-0497.,nan
EV04113,Crime,Crime involving Simran Bhat,2026-08-15T22:17:18,L0546,C0497,Crime activity observed in connection with payment fraud investigation CASE-2026-0497.,E10232
EV04114,Evidence Collection,Evidence Collection involving Shreya Patil,2026-02-22T20:38:36,L0036,C0498,Evidence Collection activity observed in connection with corporate fraud investigation CASE-2026-0498.,E10240
EV04115,Transaction,Transaction involving Simran Mishra,2026-03-22T00:48:18,L0036,C0498,Transaction activity observed in connection with corporate fraud investigation CASE-2026-0498.,nan
EV04116,Meeting,Meeting involving Trisha Joshi,2026-07-12T18:12:51,L0574,C0498,Meeting activity observed in connection with corporate fraud investigation CASE-2026-0498.,E10241
EV04117,Delivery,Delivery involving Shreya Jadhav,2026-04-16T08:55:20,L0036,C0498,Delivery activity observed in connection with corporate fraud investigation CASE-2026-0498.,E10242
EV04118,Evidence Collection,Evidence Collection involving Tanvi Jadhav,2026-08-29T01:15:35,L0596,C0498,Evidence Collection activity observed in connection with corporate fraud investigation CASE-2026-0498.,nan
EV04119,Interview,Interview involving Aman Menon,2026-06-14T05:32:18,L0036,C0498,Interview activity observed in connection with corporate fraud investigation CASE-2026-0498.,nan
EV04120,Surveillance,Surveillance involving Aman Menon,2026-07-06T14:07:30,L0596,C0498,Surveillance activity observed in connection with corporate fraud investigation CASE-2026-0498.,nan
EV04121,Vehicle Movement,Vehicle Movement involving Diya Menon,2026-08-23T20:36:38,L0574,C0498,Vehicle Movement activity observed in connection with corporate fraud investigation CASE-2026-0498.,nan
EV04122,Evidence Collection,Evidence Collection involving Aarav Kapoor,2026-03-27T11:02:10,L0090,C0498,Evidence Collection activity observed in connection with corporate fraud investigation CASE-2026-0498.,nan
EV04123,Observation,Observation involving Sana Rao,2026-07-07T10:33:15,L0596,C0498,Observation activity observed in connection with corporate fraud investigation CASE-2026-0498.,E10243
EV04124,Observation,Observation involving Nikhil Nair,2026-03-19T06:57:07,L0596,C0498,Observation activity observed in connection with corporate fraud investigation CASE-2026-0498.,E10244
EV04125,Surveillance,Surveillance involving Rohan Chavan,2026-09-20T13:47:20,L0033,C0499,Surveillance activity observed in connection with kidnapping investigation CASE-2026-0499.,nan
EV04126,Arrest,Arrest involving Rohan Chavan,2026-02-01T20:32:29,L0033,C0499,Arrest activity observed in connection with kidnapping investigation CASE-2026-0499.,nan
EV04127,Vehicle Movement,Vehicle Movement involving Pranav Rao,2026-08-03T06:59:02,L0242,C0499,Vehicle Movement activity observed in connection with kidnapping investigation CASE-2026-0499.,nan
EV04128,Call,Call involving Avni Thakur,2026-08-06T00:28:25,L0033,C0499,Call activity observed in connection with kidnapping investigation CASE-2026-0499.,E10252
EV04129,Surveillance,Surveillance involving Ritesh Bansal,2026-08-07T19:12:51,L0242,C0499,Surveillance activity observed in connection with kidnapping investigation CASE-2026-0499.,E10253
EV04130,Interview,Interview involving Kabir Bansal,2026-12-11T21:49:57,L0242,C0499,Interview activity observed in connection with kidnapping investigation CASE-2026-0499.,nan
EV04131,Call,Call involving Naina Kulkarni,2026-07-27T18:41:51,L0023,C0499,Call activity observed in connection with kidnapping investigation CASE-2026-0499.,nan
EV04132,Delivery,Delivery involving Kabir Bansal,2026-01-04T01:14:16,L0023,C0499,Delivery activity observed in connection with kidnapping investigation CASE-2026-0499.,nan
EV04133,Crime,Crime involving Nisha Mehta,2026-10-26T12:57:14,L0242,C0499,Crime activity observed in connection with kidnapping investigation CASE-2026-0499.,nan
EV04134,Arrest,Arrest involving Pranav Rao,2026-04-13T22:45:24,L0033,C0499,Arrest activity observed in connection with kidnapping investigation CASE-2026-0499.,nan
EV04135,Arrest,Arrest involving Kabir Bansal,2026-07-18T22:29:29,L0242,C0499,Arrest activity observed in connection with kidnapping investigation CASE-2026-0499.,nan
EV04136,Arrest,Arrest involving Ritesh Nair,2026-05-12T21:40:06,L0126,C0499,Arrest activity observed in connection with kidnapping investigation CASE-2026-0499.,E10254
EV04137,Call,Call involving Harsh Pillai,2026-07-14T22:09:35,L0591,C0500,Call activity observed in connection with major organized crime investigation CASE-2026-0500.,E10270
EV04138,Arrest,Arrest involving Zoya Chavan,2026-01-06T06:01:07,L0135,C0500,Arrest activity observed in connection with major organized crime investigation CASE-2026-0500.,nan
EV04139,Call,Call involving Aniket Desai,2026-12-24T12:53:55,L0378,C0500,Call activity observed in connection with major organized crime investigation CASE-2026-0500.,nan
EV04140,Call,Call involving Zoya Chavan,2026-06-27T04:02:14,L0135,C0500,Call activity observed in connection with major organized crime investigation CASE-2026-0500.,nan
EV04141,Arrest,Arrest involving Sneha Shah,2026-03-09T16:23:14,L0378,C0500,Arrest activity observed in connection with major organized crime investigation CASE-2026-0500.,nan
EV04142,Crime,Crime involving Akash Saxena,2026-02-27T19:42:51,L0378,C0500,Crime activity observed in connection with major organized crime investigation CASE-2026-0500.,nan
EV04143,Interview,Interview involving Vivek Saxena,2026-08-22T01:30:33,L0398,C0500,Interview activity observed in connection with major organized crime investigation CASE-2026-0500.,nan
EV04144,Delivery,Delivery involving Isha Khan,2026-03-27T00:20:05,L0135,C0500,Delivery activity observed in connection with major organized crime investigation CASE-2026-0500.,nan
EV04145,Arrest,Arrest involving Vivek Saxena,2026-08-04T22:03:45,L0398,C0500,Arrest activity observed in connection with major organized crime investigation CASE-2026-0500.,nan
EV04146,Surveillance,Surveillance involving Vivek Saxena,2026-04-30T03:25:45,L0410,C0500,Surveillance activity observed in connection with major organized crime investigation CASE-2026-0500.,nan
EV04147,Evidence Collection,Evidence Collection involving Harsh Pillai,2026-12-22T16:38:13,L0135,C0500,Evidence Collection activity observed in connection with major organized crime investigation CASE-2026-0500.,nan
EV04148,Crime,Crime involving Sneha Shah,2026-01-28T00:55:56,L0378,C0500,Crime activity observed in connection with major organized crime investigation CASE-2026-0500.,E10271
EV04149,Call,Call involving Arjun Gupta,2026-04-23T05:53:27,L0591,C0500,Call activity observed in connection with major organized crime investigation CASE-2026-0500.,nan
EV04150,Delivery,Delivery involving Rhea Khan,2026-02-18T17:05:18,L0410,C0500,Delivery activity observed in connection with major organized crime investigation CASE-2026-0500.,nan
EV04151,Call,Call involving Zoya Naik,2026-01-27T07:54:14,L0410,C0500,Call activity observed in connection with major organized crime investigation CASE-2026-0500.,nan
EV04152,Vehicle Movement,Vehicle Movement involving Vivek Saxena,2026-03-28T10:08:42,L0591,C0500,Vehicle Movement activity observed in connection with major organized crime investigation CASE-2026-0500.,nan
EV04153,Call,Call involving Isha Khan,2026-08-28T19:59:25,L0135,C0500,Call activity observed in connection with major organized crime investigation CASE-2026-0500.,nan
EV04154,Financial Activity,Financial Activity involving Naveen Sethi,2026-08-03T03:25:24,L0432,C0501,Financial Activity activity observed in connection with kidnapping investigation CASE-2026-0501.,nan
EV04155,Crime,Crime involving Rahul Shah,2026-08-28T02:12:22,L0124,C0501,Crime activity observed in connection with kidnapping investigation CASE-2026-0501.,nan
EV04156,Delivery,Delivery involving Naveen Sethi,2026-05-07T09:07:21,L0432,C0501,Delivery activity observed in connection with kidnapping investigation CASE-2026-0501.,E10277
EV04157,Arrest,Arrest involving Dhruv Saxena,2026-05-16T14:18:54,L0281,C0501,Arrest activity observed in connection with kidnapping investigation CASE-2026-0501.,E10278
EV04158,Cyber Activity,Cyber Activity involving Naveen Patil,2026-02-02T17:45:52,L0084,C0501,Cyber Activity activity observed in connection with kidnapping investigation CASE-2026-0501.,nan
EV04159,Call,Call involving Kabir Desai,2026-03-08T02:58:07,L0431,C0501,Call activity observed in connection with kidnapping investigation CASE-2026-0501.,nan
EV04160,Arrest,Arrest involving Naveen Patil,2026-07-27T02:50:02,L0281,C0501,Arrest activity observed in connection with kidnapping investigation CASE-2026-0501.,E10279
EV04161,Crime,Crime involving Rohan Singh,2026-07-29T13:48:24,L0193,C0502,Crime activity observed in connection with simple robbery investigation CASE-2026-0502.,nan
EV04162,Interview,Interview involving Akash Singh,2026-08-05T08:03:42,L0193,C0502,Interview activity observed in connection with simple robbery investigation CASE-2026-0502.,E10280
EV04163,Arrest,Arrest involving Naveen Mishra,2026-03-28T21:36:26,L0429,C0503,Arrest activity observed in connection with simple robbery investigation CASE-2026-0503.,nan
EV04164,Surveillance,Surveillance involving Naveen Mishra,2026-06-04T17:59:59,L0592,C0503,Surveillance activity observed in connection with simple robbery investigation CASE-2026-0503.,nan
EV04165,Arrest,Arrest involving Isha Nair,2026-07-22T12:48:16,L0431,C0504,Arrest activity observed in connection with financial crime investigation investigation CASE-2026-0504.,nan
EV04166,Transaction,Transaction involving Shreya Pillai,2026-10-23T13:14:38,L0349,C0504,Transaction activity observed in connection with financial crime investigation investigation CASE-2026-0504.,nan
EV04167,Financial Activity,Financial Activity involving Sneha Reddy,2026-03-28T05:30:54,L0349,C0504,Financial Activity activity observed in connection with financial crime investigation investigation CASE-2026-0504.,E10292
EV04168,Cyber Activity,Cyber Activity involving Simran Shah,2026-09-19T01:33:03,L0124,C0504,Cyber Activity activity observed in connection with financial crime investigation investigation CASE-2026-0504.,nan
EV04169,Interview,Interview involving Riya Malhotra,2026-11-27T02:39:33,L0124,C0504,Interview activity observed in connection with financial crime investigation investigation CASE-2026-0504.,nan
EV04170,Vehicle Movement,Vehicle Movement involving Saurabh Naik,2026-06-30T04:58:59,L0124,C0504,Vehicle Movement activity observed in connection with financial crime investigation investigation CASE-2026-0504.,nan
EV04171,Cyber Activity,Cyber Activity involving Ananya Naik,2026-08-05T17:12:37,L0349,C0504,Cyber Activity activity observed in connection with financial crime investigation investigation CASE-2026-0504.,nan
EV04172,Meeting,Meeting involving Isha Nair,2026-07-09T20:11:45,L0551,C0504,Meeting activity observed in connection with financial crime investigation investigation CASE-2026-0504.,nan
EV04173,Interview,Interview involving Isha Malhotra,2026-06-06T09:42:27,L0124,C0504,Interview activity observed in connection with financial crime investigation investigation CASE-2026-0504.,nan
EV04174,Call,Call involving Nisha Khan,2026-08-10T17:44:48,L0124,C0504,Call activity observed in connection with financial crime investigation investigation CASE-2026-0504.,nan
EV04175,Surveillance,Surveillance involving Tanvi Kulkarni,2026-04-18T13:32:11,L0551,C0504,Surveillance activity observed in connection with financial crime investigation investigation CASE-2026-0504.,E10293
EV04176,Crime,Crime involving Shreya Pillai,2026-07-23T19:05:29,L0551,C0504,Crime activity observed in connection with financial crime investigation investigation CASE-2026-0504.,nan
EV04177,Vehicle Movement,Vehicle Movement involving Ananya Shetty,2026-03-04T20:07:48,L0124,C0504,Vehicle Movement activity observed in connection with financial crime investigation investigation CASE-2026-0504.,nan
EV04178,Vehicle Movement,Vehicle Movement involving Rhea Khan,2026-02-18T23:50:34,L0124,C0504,Vehicle Movement activity observed in connection with financial crime investigation investigation CASE-2026-0504.,nan
EV04179,Meeting,Meeting involving Saurabh Naik,2026-08-15T10:42:58,L0431,C0504,Meeting activity observed in connection with financial crime investigation investigation CASE-2026-0504.,nan
EV04180,Delivery,Delivery involving Riya Malhotra,2026-09-09T15:20:22,L0124,C0504,Delivery activity observed in connection with financial crime investigation investigation CASE-2026-0504.,nan
EV04181,Interview,Interview involving Riya Malhotra,2026-04-03T01:51:57,L0349,C0504,Interview activity observed in connection with financial crime investigation investigation CASE-2026-0504.,nan
EV04182,Interview,Interview involving Vidhi Saxena,2026-06-17T05:27:48,L0124,C0504,Interview activity observed in connection with financial crime investigation investigation CASE-2026-0504.,E10294
EV04183,Call,Call involving Ananya Naik,2026-02-04T06:32:57,L0544,C0504,Call activity observed in connection with financial crime investigation investigation CASE-2026-0504.,nan
EV04184,Vehicle Movement,Vehicle Movement involving Riya Malhotra,2026-10-10T11:15:19,L0349,C0504,Vehicle Movement activity observed in connection with financial crime investigation investigation CASE-2026-0504.,nan
EV04185,Surveillance,Surveillance involving Sana Mishra,2026-08-03T19:35:50,L0253,C0505,Surveillance activity observed in connection with financial fraud investigation CASE-2026-0505.,nan
EV04186,Interview,Interview involving Mahi Shetty,2026-06-24T00:43:18,L0594,C0505,Interview activity observed in connection with financial fraud investigation CASE-2026-0505.,E10302
EV04187,Financial Activity,Financial Activity involving Karan Thakur,2026-02-09T19:17:42,L0027,C0505,Financial Activity activity observed in connection with financial fraud investigation CASE-2026-0505.,nan
EV04188,Arrest,Arrest involving Akash Kapoor,2026-01-13T10:16:01,L0253,C0505,Arrest activity observed in connection with financial fraud investigation CASE-2026-0505.,nan
EV04189,Surveillance,Surveillance involving Riya Das,2026-02-20T07:28:42,L0253,C0505,Surveillance activity observed in connection with financial fraud investigation CASE-2026-0505.,nan
EV04190,Meeting,Meeting involving Mohit Joshi,2026-12-30T17:16:25,L0253,C0505,Meeting activity observed in connection with financial fraud investigation CASE-2026-0505.,nan
EV04191,Surveillance,Surveillance involving Riya Das,2026-12-05T22:51:53,L0533,C0505,Surveillance activity observed in connection with financial fraud investigation CASE-2026-0505.,E10303
EV04192,Evidence Collection,Evidence Collection involving Arjun Kulkarni,2026-06-15T21:18:08,L0029,C0506,Evidence Collection activity observed in connection with vehicle theft investigation CASE-2026-0506.,nan
EV04193,Transaction,Transaction involving Ishaan Mehta,2026-04-11T16:41:34,L0514,C0506,Transaction activity observed in connection with vehicle theft investigation CASE-2026-0506.,nan
EV04194,Transaction,Transaction involving Aarav Kapoor,2026-08-23T20:21:12,L0028,C0506,Transaction activity observed in connection with vehicle theft investigation CASE-2026-0506.,E10304
EV04195,Call,Call involving Zoya Sethi,2026-08-28T09:13:19,L0577,C0507,Call activity observed in connection with vehicle theft investigation CASE-2026-0507.,nan
EV04196,Surveillance,Surveillance involving Zoya Sethi,2026-08-30T05:04:41,L0366,C0507,Surveillance activity observed in connection with vehicle theft investigation CASE-2026-0507.,nan
EV04197,Arrest,Arrest involving Varun Patil,2026-06-29T10:51:18,L0494,C0508,Arrest activity observed in connection with burglary investigation CASE-2026-0508.,nan
EV04198,Observation,Observation involving Varun Patil,2026-03-26T12:36:37,L0574,C0508,Observation activity observed in connection with burglary investigation CASE-2026-0508.,E10305
EV04199,Evidence Collection,Evidence Collection involving Vivek Kulkarni,2026-08-11T11:54:22,L0034,C0509,Evidence Collection activity observed in connection with property fraud investigation CASE-2026-0509.,nan
EV04200,Interview,Interview involving Anushka Verma,2026-08-16T06:15:47,L0309,C0509,Interview activity observed in connection with property fraud investigation CASE-2026-0509.,nan
EV04201,Arrest,Arrest involving Trisha Menon,2026-08-12T19:03:59,L0309,C0509,Arrest activity observed in connection with property fraud investigation CASE-2026-0509.,E10309
EV04202,Call,Call involving Trisha Menon,2026-08-23T13:41:31,L0034,C0509,Call activity observed in connection with property fraud investigation CASE-2026-0509.,nan
EV04203,Call,Call involving Ananya Pillai,2026-08-08T21:32:37,L0480,C0509,Call activity observed in connection with property fraud investigation CASE-2026-0509.,nan
EV04204,Cyber Activity,Cyber Activity involving Rahul Bhat,2026-08-21T18:53:47,L0480,C0509,Cyber Activity activity observed in connection with property fraud investigation CASE-2026-0509.,nan
EV04205,Financial Activity,Financial Activity involving Ishaan Malhotra,2026-08-14T01:35:06,L0034,C0509,Financial Activity activity observed in connection with property fraud investigation CASE-2026-0509.,nan
EV04206,Arrest,Arrest involving Aditya Mehta,2026-08-17T17:28:35,L0503,C0509,Arrest activity observed in connection with property fraud investigation CASE-2026-0509.,E10310
EV04207,Vehicle Movement,Vehicle Movement involving Mahi Singh,2026-03-24T18:25:41,L0078,C0510,Vehicle Movement activity observed in connection with burglary investigation CASE-2026-0510.,E10311
EV04208,Interview,Interview involving Zoya Verma,2026-08-30T02:39:34,L0016,C0510,Interview activity observed in connection with burglary investigation CASE-2026-0510.,nan
EV04209,Financial Activity,Financial Activity involving Kiara Joshi,2026-07-07T14:32:00,L0127,C0510,Financial Activity activity observed in connection with burglary investigation CASE-2026-0510.,E10312
EV04210,Arrest,Arrest involving Pranav Mehta,2026-07-27T07:33:13,L0127,C0510,Arrest activity observed in connection with burglary investigation CASE-2026-0510.,nan
EV04211,Transaction,Transaction involving Kunal Mishra,2026-08-14T15:53:22,L0102,C0511,Transaction activity observed in connection with large organized crime network investigation CASE-2026-0511.,nan
EV04212,Cyber Activity,Cyber Activity involving Tara Ghosh,2026-09-27T04:18:52,L0379,C0511,Cyber Activity activity observed in connection with large organized crime network investigation CASE-2026-0511.,nan
EV04213,Evidence Collection,Evidence Collection involving Siddharth Menon,2026-07-27T07:09:24,L0364,C0511,Evidence Collection activity observed in connection with large organized crime network investigation CASE-2026-0511.,E10328
EV04214,Financial Activity,Financial Activity involving Aanya Jadhav,2026-08-29T22:58:35,L0285,C0511,Financial Activity activity observed in connection with large organized crime network investigation CASE-2026-0511.,E10329
EV04215,Cyber Activity,Cyber Activity involving Vikram Verma,2026-08-26T14:39:26,L0058,C0511,Cyber Activity activity observed in connection with large organized crime network investigation CASE-2026-0511.,nan
EV04216,Vehicle Movement,Vehicle Movement involving Aanya Jadhav,2026-10-11T16:56:43,L0102,C0511,Vehicle Movement activity observed in connection with large organized crime network investigation CASE-2026-0511.,nan
EV04217,Financial Activity,Financial Activity involving Avni Ghosh,2026-01-03T19:00:37,L0285,C0511,Financial Activity activity observed in connection with large organized crime network investigation CASE-2026-0511.,nan
EV04218,Transaction,Transaction involving Pooja Das,2026-09-10T03:43:30,L0285,C0511,Transaction activity observed in connection with large organized crime network investigation CASE-2026-0511.,E10330
EV04219,Evidence Collection,Evidence Collection involving Avni Ghosh,2026-02-06T07:34:00,L0102,C0511,Evidence Collection activity observed in connection with large organized crime network investigation CASE-2026-0511.,nan
EV04220,Call,Call involving Mahi Kulkarni,2026-03-29T04:48:09,L0102,C0511,Call activity observed in connection with large organized crime network investigation CASE-2026-0511.,E10331
EV04221,Evidence Collection,Evidence Collection involving Vikram Thakur,2026-09-11T20:27:36,L0102,C0511,Evidence Collection activity observed in connection with large organized crime network investigation CASE-2026-0511.,nan
EV04222,Arrest,Arrest involving Saurabh Saxena,2026-05-11T22:19:08,L0285,C0511,Arrest activity observed in connection with large organized crime network investigation CASE-2026-0511.,nan
EV04223,Call,Call involving Mahi Kulkarni,2026-06-27T03:03:13,L0058,C0511,Call activity observed in connection with large organized crime network investigation CASE-2026-0511.,nan
EV04224,Interview,Interview involving Isha Nair,2026-12-04T20:17:05,L0364,C0511,Interview activity observed in connection with large organized crime network investigation CASE-2026-0511.,nan
EV04225,Crime,Crime involving Siddharth Ghosh,2026-11-25T02:19:29,L0058,C0511,Crime activity observed in connection with large organized crime network investigation CASE-2026-0511.,nan
EV04226,Surveillance,Surveillance involving Vikram Thakur,2026-04-20T16:51:47,L0379,C0511,Surveillance activity observed in connection with large organized crime network investigation CASE-2026-0511.,nan
EV04227,Crime,Crime involving Shreya Saxena,2026-02-26T14:06:33,L0364,C0511,Crime activity observed in connection with large organized crime network investigation CASE-2026-0511.,nan
EV04228,Crime,Crime involving Sana Singh,2026-03-10T05:49:36,L0364,C0511,Crime activity observed in connection with large organized crime network investigation CASE-2026-0511.,E10332
EV04229,Interview,Interview involving Kunal Mishra,2026-04-11T22:25:02,L0364,C0511,Interview activity observed in connection with large organized crime network investigation CASE-2026-0511.,E10333
EV04230,Surveillance,Surveillance involving Siddharth Ghosh,2026-12-25T13:42:46,L0285,C0511,Surveillance activity observed in connection with large organized crime network investigation CASE-2026-0511.,E10334
EV04231,Meeting,Meeting involving Raj Desai,2026-06-02T07:59:41,L0379,C0511,Meeting activity observed in connection with large organized crime network investigation CASE-2026-0511.,nan
EV04232,Surveillance,Surveillance involving Ritesh Ghosh,2026-04-11T05:08:57,L0364,C0511,Surveillance activity observed in connection with large organized crime network investigation CASE-2026-0511.,nan
EV04233,Vehicle Movement,Vehicle Movement involving Pranav Rao,2026-02-13T00:04:37,L0364,C0511,Vehicle Movement activity observed in connection with large organized crime network investigation CASE-2026-0511.,E10335
EV04234,Interview,Interview involving Vikram Malhotra,2026-04-23T14:18:55,L0379,C0511,Interview activity observed in connection with large organized crime network investigation CASE-2026-0511.,E10336
EV04235,Meeting,Meeting involving Pranav Rao,2026-08-31T00:47:10,L0183,C0512,Meeting activity observed in connection with money laundering investigation investigation CASE-2026-0512.,nan
EV04236,Observation,Observation involving Ishita Singh,2026-08-25T20:15:00,L0183,C0512,Observation activity observed in connection with money laundering investigation investigation CASE-2026-0512.,nan
EV04237,Surveillance,Surveillance involving Nisha Das,2026-08-25T21:57:21,L0246,C0512,Surveillance activity observed in connection with money laundering investigation investigation CASE-2026-0512.,nan
EV04238,Arrest,Arrest involving Pooja Singh,2026-08-21T10:54:48,L0246,C0512,Arrest activity observed in connection with money laundering investigation investigation CASE-2026-0512.,nan
EV04239,Observation,Observation involving Isha Iyer,2026-08-03T11:11:39,L0246,C0512,Observation activity observed in connection with money laundering investigation investigation CASE-2026-0512.,nan
EV04240,Observation,Observation involving Pooja Ghosh,2026-08-26T20:50:07,L0300,C0512,Observation activity observed in connection with money laundering investigation investigation CASE-2026-0512.,nan
EV04241,Observation,Observation involving Isha Iyer,2026-08-06T15:32:59,L0318,C0512,Observation activity observed in connection with money laundering investigation investigation CASE-2026-0512.,nan
EV04242,Crime,Crime involving Diya Ghosh,2026-08-28T23:47:00,L0280,C0512,Crime activity observed in connection with money laundering investigation investigation CASE-2026-0512.,nan
EV04243,Surveillance,Surveillance involving Ishita Singh,2026-08-07T14:27:19,L0318,C0512,Surveillance activity observed in connection with money laundering investigation investigation CASE-2026-0512.,nan
EV04244,Vehicle Movement,Vehicle Movement involving Avni Bansal,2026-08-18T18:46:40,L0318,C0512,Vehicle Movement activity observed in connection with money laundering investigation investigation CASE-2026-0512.,nan
EV04245,Surveillance,Surveillance involving Kiara Rao,2026-08-08T17:35:12,L0318,C0512,Surveillance activity observed in connection with money laundering investigation investigation CASE-2026-0512.,E10347
EV04246,Meeting,Meeting involving Dhruv Thakur,2026-07-19T01:52:16,L0036,C0513,Meeting activity observed in connection with theft investigation CASE-2026-0513.,E10356
EV04247,Evidence Collection,Evidence Collection involving Naina Mehta,2026-05-10T05:28:43,L0259,C0513,Evidence Collection activity observed in connection with theft investigation CASE-2026-0513.,nan
EV04248,Cyber Activity,Cyber Activity involving Siddharth Singh,2026-06-04T11:42:45,L0036,C0513,Cyber Activity activity observed in connection with theft investigation CASE-2026-0513.,nan
EV04249,Call,Call involving Trisha Kulkarni,2026-05-09T20:05:21,L0596,C0513,Call activity observed in connection with theft investigation CASE-2026-0513.,E10357
EV04250,Evidence Collection,Evidence Collection involving Manav Patil,2026-08-28T01:43:57,L0259,C0513,Evidence Collection activity observed in connection with theft investigation CASE-2026-0513.,E10358
EV04251,Cyber Activity,Cyber Activity involving Ishita Menon,2026-08-31T03:19:18,L0574,C0513,Cyber Activity activity observed in connection with theft investigation CASE-2026-0513.,nan
EV04252,Vehicle Movement,Vehicle Movement involving Aarav Gupta,2026-07-12T01:58:25,L0454,C0514,Vehicle Movement activity observed in connection with minor fraud investigation CASE-2026-0514.,nan
EV04253,Call,Call involving Vanya Singh,2026-08-11T15:17:16,L0200,C0514,Call activity observed in connection with minor fraud investigation CASE-2026-0514.,nan
EV04254,Transaction,Transaction involving Pranav Shah,2026-08-07T00:36:05,L0267,C0514,Transaction activity observed in connection with minor fraud investigation CASE-2026-0514.,E10361
EV04255,Crime,Crime involving Karan Joshi,2026-08-26T09:27:24,L0200,C0514,Crime activity observed in connection with minor fraud investigation CASE-2026-0514.,nan
EV04256,Surveillance,Surveillance involving Tara Bhat,2026-03-25T04:28:48,L0036,C0515,Surveillance activity observed in connection with corporate fraud investigation CASE-2026-0515.,E10366
EV04257,Observation,Observation involving Raj Malhotra,2026-03-06T03:18:27,L0019,C0515,Observation activity observed in connection with corporate fraud investigation CASE-2026-0515.,nan
EV04258,Crime,Crime involving Ananya Bhat,2026-11-10T21:20:07,L0164,C0515,Crime activity observed in connection with corporate fraud investigation CASE-2026-0515.,E10367
EV04259,Delivery,Delivery involving Akash Reddy,2026-01-28T16:18:32,L0019,C0515,Delivery activity observed in connection with corporate fraud investigation CASE-2026-0515.,nan
EV04260,Interview,Interview involving Aman Kulkarni,2026-07-10T00:10:12,L0036,C0515,Interview activity observed in connection with corporate fraud investigation CASE-2026-0515.,nan
EV04261,Crime,Crime involving Vivek Rao,2026-04-16T12:07:18,L0420,C0515,Crime activity observed in connection with corporate fraud investigation CASE-2026-0515.,nan
EV04262,Evidence Collection,Evidence Collection involving Vidhi Iyer,2026-03-09T12:23:23,L0421,C0516,Evidence Collection activity observed in connection with identity fraud investigation CASE-2026-0516.,E10370
EV04263,Meeting,Meeting involving Vidhi Iyer,2026-06-18T16:08:35,L0350,C0516,Meeting activity observed in connection with identity fraud investigation CASE-2026-0516.,nan
EV04264,Meeting,Meeting involving Raj Bansal,2026-04-08T08:03:25,L0241,C0516,Meeting activity observed in connection with identity fraud investigation CASE-2026-0516.,E10371
EV04265,Interview,Interview involving Tara Sethi,2026-07-26T15:48:14,L0241,C0516,Interview activity observed in connection with identity fraud investigation CASE-2026-0516.,nan
EV04266,Surveillance,Surveillance involving Aanya Thakur,2026-04-09T23:55:34,L0350,C0516,Surveillance activity observed in connection with identity fraud investigation CASE-2026-0516.,nan
EV04267,Meeting,Meeting involving Vivek Saxena,2026-02-09T11:20:46,L0216,C0517,Meeting activity observed in connection with money laundering investigation investigation CASE-2026-0517.,nan
EV04268,Crime,Crime involving Siddharth Malhotra,2026-01-10T19:24:24,L0326,C0517,Crime activity observed in connection with money laundering investigation investigation CASE-2026-0517.,E10383
EV04269,Crime,Crime involving Mahi Malhotra,2026-10-13T15:36:24,L0230,C0517,Crime activity observed in connection with money laundering investigation investigation CASE-2026-0517.,nan
EV04270,Financial Activity,Financial Activity involving Pallavi Saxena,2026-05-21T01:22:23,L0308,C0517,Financial Activity activity observed in connection with money laundering investigation investigation CASE-2026-0517.,nan
EV04271,Cyber Activity,Cyber Activity involving Sneha Verma,2026-05-04T03:29:19,L0326,C0517,Cyber Activity activity observed in connection with money laundering investigation investigation CASE-2026-0517.,nan
EV04272,Interview,Interview involving Simran Gupta,2026-08-12T06:53:08,L0428,C0517,Interview activity observed in connection with money laundering investigation investigation CASE-2026-0517.,nan
EV04273,Evidence Collection,Evidence Collection involving Mahi Malhotra,2026-08-04T08:00:41,L0428,C0517,Evidence Collection activity observed in connection with money laundering investigation investigation CASE-2026-0517.,nan
EV04274,Cyber Activity,Cyber Activity involving Mahi Ghosh,2026-01-01T17:52:02,L0428,C0517,Cyber Activity activity observed in connection with money laundering investigation investigation CASE-2026-0517.,E10384
EV04275,Call,Call involving Simran Gupta,2026-02-23T13:15:24,L0428,C0517,Call activity observed in connection with money laundering investigation investigation CASE-2026-0517.,nan
EV04276,Evidence Collection,Evidence Collection involving Zoya Patil,2026-04-28T02:26:00,L0216,C0517,Evidence Collection activity observed in connection with money laundering investigation investigation CASE-2026-0517.,E10385
EV04277,Financial Activity,Financial Activity involving Rhea Khan,2026-01-31T11:19:25,L0230,C0517,Financial Activity activity observed in connection with money laundering investigation investigation CASE-2026-0517.,nan
EV04278,Surveillance,Surveillance involving Manav Nair,2026-07-17T16:22:50,L0164,C0518,Surveillance activity observed in connection with financial crime investigation investigation CASE-2026-0518.,nan
EV04279,Observation,Observation involving Aanya Khan,2026-06-29T06:17:48,L0368,C0518,Observation activity observed in connection with financial crime investigation investigation CASE-2026-0518.,nan
EV04280,Observation,Observation involving Aman Jadhav,2026-05-07T05:56:42,L0573,C0518,Observation activity observed in connection with financial crime investigation investigation CASE-2026-0518.,nan
EV04281,Transaction,Transaction involving Zoya Sethi,2026-07-31T11:44:25,L0043,C0518,Transaction activity observed in connection with financial crime investigation investigation CASE-2026-0518.,nan
EV04282,Cyber Activity,Cyber Activity involving Aman Jadhav,2026-05-22T21:05:01,L0043,C0518,Cyber Activity activity observed in connection with financial crime investigation investigation CASE-2026-0518.,nan
EV04283,Observation,Observation involving Zoya Iyer,2026-07-16T13:47:49,L0573,C0518,Observation activity observed in connection with financial crime investigation investigation CASE-2026-0518.,nan
EV04284,Evidence Collection,Evidence Collection involving Aman Jadhav,2026-05-01T10:52:41,L0322,C0518,Evidence Collection activity observed in connection with financial crime investigation investigation CASE-2026-0518.,E10400
EV04285,Cyber Activity,Cyber Activity involving Akash Joshi,2026-04-20T06:24:27,L0573,C0518,Cyber Activity activity observed in connection with financial crime investigation investigation CASE-2026-0518.,nan
EV04286,Arrest,Arrest involving Raj Jadhav,2026-11-05T18:56:02,L0368,C0518,Arrest activity observed in connection with financial crime investigation investigation CASE-2026-0518.,E10401
EV04287,Vehicle Movement,Vehicle Movement involving Varun Kapoor,2026-05-14T01:29:24,L0043,C0518,Vehicle Movement activity observed in connection with financial crime investigation investigation CASE-2026-0518.,nan
EV04288,Delivery,Delivery involving Vivek Reddy,2026-04-10T04:25:08,L0573,C0518,Delivery activity observed in connection with financial crime investigation investigation CASE-2026-0518.,E10402
EV04289,Observation,Observation involving Anushka Gupta,2026-02-05T19:23:40,L0043,C0518,Observation activity observed in connection with financial crime investigation investigation CASE-2026-0518.,nan
EV04290,Call,Call involving Varun Kapoor,2026-07-25T07:21:16,L0164,C0518,Call activity observed in connection with financial crime investigation investigation CASE-2026-0518.,nan
EV04291,Cyber Activity,Cyber Activity involving Zoya Iyer,2026-02-06T17:39:17,L0322,C0518,Cyber Activity activity observed in connection with financial crime investigation investigation CASE-2026-0518.,E10403
EV04292,Financial Activity,Financial Activity involving Pranav Bansal,2026-02-08T17:41:49,L0573,C0518,Financial Activity activity observed in connection with financial crime investigation investigation CASE-2026-0518.,nan
EV04293,Delivery,Delivery involving Trisha Shetty,2026-08-15T02:35:14,L0028,C0519,Delivery activity observed in connection with vehicle theft network investigation CASE-2026-0519.,nan
EV04294,Financial Activity,Financial Activity involving Kiara Bansal,2026-04-27T21:59:10,L0448,C0519,Financial Activity activity observed in connection with vehicle theft network investigation CASE-2026-0519.,nan
EV04295,Meeting,Meeting involving Kiara Bansal,2026-06-15T18:17:57,L0304,C0519,Meeting activity observed in connection with vehicle theft network investigation CASE-2026-0519.,E10415
EV04296,Interview,Interview involving Yash Kulkarni,2026-07-27T07:53:12,L0304,C0519,Interview activity observed in connection with vehicle theft network investigation CASE-2026-0519.,nan
EV04297,Observation,Observation involving Sana Iyer,2026-07-01T11:55:22,L0448,C0519,Observation activity observed in connection with vehicle theft network investigation CASE-2026-0519.,nan
EV04298,Vehicle Movement,Vehicle Movement involving Kabir Joshi,2026-08-15T16:03:09,L0108,C0519,Vehicle Movement activity observed in connection with vehicle theft network investigation CASE-2026-0519.,nan
EV04299,Cyber Activity,Cyber Activity involving Sana Iyer,2026-06-05T11:57:46,L0028,C0519,Cyber Activity activity observed in connection with vehicle theft network investigation CASE-2026-0519.,nan
EV04300,Observation,Observation involving Shreya Rao,2026-04-28T15:28:59,L0028,C0519,Observation activity observed in connection with vehicle theft network investigation CASE-2026-0519.,nan
EV04301,Interview,Interview involving Kabir Joshi,2026-08-11T01:59:03,L0028,C0519,Interview activity observed in connection with vehicle theft network investigation CASE-2026-0519.,nan
EV04302,Delivery,Delivery involving Aniket Iyer,2026-04-07T18:05:46,L0448,C0519,Delivery activity observed in connection with vehicle theft network investigation CASE-2026-0519.,E10416
EV04303,Interview,Interview involving Saurabh Singh,2026-08-09T16:42:52,L0528,C0519,Interview activity observed in connection with vehicle theft network investigation CASE-2026-0519.,E10417
EV04304,Arrest,Arrest involving Trisha Shetty,2026-05-16T15:47:10,L0448,C0519,Arrest activity observed in connection with vehicle theft network investigation CASE-2026-0519.,nan
EV04305,Transaction,Transaction involving Zoya Naik,2026-03-11T12:34:52,L0280,C0520,Transaction activity observed in connection with assault investigation CASE-2026-0520.,nan
EV04306,Delivery,Delivery involving Zoya Naik,2026-07-03T22:38:59,L0516,C0520,Delivery activity observed in connection with assault investigation CASE-2026-0520.,nan
EV04307,Transaction,Transaction involving Diya Nair,2026-10-30T04:02:38,L0051,C0521,Transaction activity observed in connection with organized cybercrime investigation CASE-2026-0521.,nan
EV04308,Vehicle Movement,Vehicle Movement involving Diya Nair,2026-06-01T15:56:17,L0176,C0521,Vehicle Movement activity observed in connection with organized cybercrime investigation CASE-2026-0521.,nan
EV04309,Delivery,Delivery involving Zoya Reddy,2026-07-30T03:36:23,L0051,C0521,Delivery activity observed in connection with organized cybercrime investigation CASE-2026-0521.,nan
EV04310,Delivery,Delivery involving Simran Ghosh,2026-08-16T14:42:56,L0468,C0521,Delivery activity observed in connection with organized cybercrime investigation CASE-2026-0521.,nan
EV04311,Interview,Interview involving Ishaan Shah,2026-02-16T01:36:32,L0051,C0521,Interview activity observed in connection with organized cybercrime investigation CASE-2026-0521.,E10438
EV04312,Interview,Interview involving Pooja Sethi,2026-02-24T01:21:27,L0468,C0521,Interview activity observed in connection with organized cybercrime investigation CASE-2026-0521.,E10439
EV04313,Evidence Collection,Evidence Collection involving Aman Kulkarni,2026-06-28T02:22:51,L0176,C0521,Evidence Collection activity observed in connection with organized cybercrime investigation CASE-2026-0521.,nan
EV04314,Crime,Crime involving Manav Chavan,2026-12-01T07:15:54,L0252,C0521,Crime activity observed in connection with organized cybercrime investigation CASE-2026-0521.,nan
EV04315,Meeting,Meeting involving Arnav Desai,2026-04-12T07:26:17,L0176,C0521,Meeting activity observed in connection with organized cybercrime investigation CASE-2026-0521.,nan
EV04316,Interview,Interview involving Anushka Mishra,2026-05-19T10:11:07,L0307,C0521,Interview activity observed in connection with organized cybercrime investigation CASE-2026-0521.,nan
EV04317,Arrest,Arrest involving Pranav Naik,2026-06-12T12:33:55,L0252,C0521,Arrest activity observed in connection with organized cybercrime investigation CASE-2026-0521.,nan
EV04318,Evidence Collection,Evidence Collection involving Saurabh Thakur,2026-06-27T16:35:45,L0307,C0521,Evidence Collection activity observed in connection with organized cybercrime investigation CASE-2026-0521.,nan
EV04319,Surveillance,Surveillance involving Akash Malhotra,2026-04-22T00:05:42,L0468,C0521,Surveillance activity observed in connection with organized cybercrime investigation CASE-2026-0521.,nan
EV04320,Cyber Activity,Cyber Activity involving Arjun Verma,2026-05-12T15:40:18,L0252,C0521,Cyber Activity activity observed in connection with organized cybercrime investigation CASE-2026-0521.,E10440
EV04321,Vehicle Movement,Vehicle Movement involving Neha Mishra,2026-05-17T23:36:31,L0307,C0521,Vehicle Movement activity observed in connection with organized cybercrime investigation CASE-2026-0521.,nan
EV04322,Transaction,Transaction involving Akash Malhotra,2026-01-20T02:03:42,L0252,C0521,Transaction activity observed in connection with organized cybercrime investigation CASE-2026-0521.,nan
EV04323,Call,Call involving Neha Mishra,2026-10-29T08:22:13,L0176,C0521,Call activity observed in connection with organized cybercrime investigation CASE-2026-0521.,nan
EV04324,Surveillance,Surveillance involving Sneha Jadhav,2026-06-29T08:01:24,L0468,C0521,Surveillance activity observed in connection with organized cybercrime investigation CASE-2026-0521.,nan
EV04325,Cyber Activity,Cyber Activity involving Anushka Mishra,2026-07-13T01:14:35,L0252,C0521,Cyber Activity activity observed in connection with organized cybercrime investigation CASE-2026-0521.,nan
EV04326,Crime,Crime involving Rahul Nair,2026-05-02T17:35:59,L0176,C0521,Crime activity observed in connection with organized cybercrime investigation CASE-2026-0521.,nan
EV04327,Transaction,Transaction involving Anushka Mishra,2026-08-11T03:54:16,L0252,C0521,Transaction activity observed in connection with organized cybercrime investigation CASE-2026-0521.,E10441
EV04328,Evidence Collection,Evidence Collection involving Anushka Mishra,2026-04-29T02:46:50,L0307,C0521,Evidence Collection activity observed in connection with organized cybercrime investigation CASE-2026-0521.,E10442
EV04329,Financial Activity,Financial Activity involving Trisha Khan,2026-10-02T10:01:20,L0307,C0521,Financial Activity activity observed in connection with organized cybercrime investigation CASE-2026-0521.,nan
EV04330,Delivery,Delivery involving Rahul Nair,2026-07-18T20:25:49,L0468,C0521,Delivery activity observed in connection with organized cybercrime investigation CASE-2026-0521.,nan
EV04331,Financial Activity,Financial Activity involving Ishaan Shah,2026-08-18T17:53:09,L0252,C0521,Financial Activity activity observed in connection with organized cybercrime investigation CASE-2026-0521.,E10443
EV04332,Evidence Collection,Evidence Collection involving Aanya Shah,2026-05-26T14:27:58,L0307,C0521,Evidence Collection activity observed in connection with organized cybercrime investigation CASE-2026-0521.,E10444
EV04333,Vehicle Movement,Vehicle Movement involving Neha Mishra,2026-04-27T17:23:52,L0468,C0521,Vehicle Movement activity observed in connection with organized cybercrime investigation CASE-2026-0521.,nan
EV04334,Financial Activity,Financial Activity involving Saurabh Reddy,2026-09-17T06:07:11,L0176,C0521,Financial Activity activity observed in connection with organized cybercrime investigation CASE-2026-0521.,nan
EV04335,Meeting,Meeting involving Nikhil Verma,2026-07-21T18:54:57,L0468,C0521,Meeting activity observed in connection with organized cybercrime investigation CASE-2026-0521.,nan
EV04336,Call,Call involving Ritesh Verma,2026-04-30T16:03:20,L0252,C0521,Call activity observed in connection with organized cybercrime investigation CASE-2026-0521.,nan
EV04337,Call,Call involving Diya Sethi,2026-02-15T07:14:08,L0051,C0521,Call activity observed in connection with organized cybercrime investigation CASE-2026-0521.,nan
EV04338,Interview,Interview involving Aditya Verma,2026-09-15T03:38:17,L0468,C0521,Interview activity observed in connection with organized cybercrime investigation CASE-2026-0521.,nan
EV04339,Interview,Interview involving Pooja Sethi,2026-05-29T21:31:13,L0176,C0521,Interview activity observed in connection with organized cybercrime investigation CASE-2026-0521.,nan
EV04340,Interview,Interview involving Akash Malhotra,2026-11-23T12:26:46,L0051,C0521,Interview activity observed in connection with organized cybercrime investigation CASE-2026-0521.,nan
EV04341,Evidence Collection,Evidence Collection involving Isha Saxena,2026-09-03T02:41:00,L0307,C0521,Evidence Collection activity observed in connection with organized cybercrime investigation CASE-2026-0521.,nan
EV04342,Cyber Activity,Cyber Activity involving Aditi Reddy,2026-08-03T07:03:36,L0440,C0522,Cyber Activity activity observed in connection with payment fraud investigation CASE-2026-0522.,nan
EV04343,Arrest,Arrest involving Varun Saxena,2026-05-20T05:50:24,L0440,C0522,Arrest activity observed in connection with payment fraud investigation CASE-2026-0522.,nan
EV04344,Surveillance,Surveillance involving Pallavi Bansal,2026-08-04T23:52:30,L0487,C0523,Surveillance activity observed in connection with organized cybercrime investigation CASE-2026-0523.,E10456
EV04345,Vehicle Movement,Vehicle Movement involving Tanvi Pillai,2026-08-14T17:20:20,L0487,C0523,Vehicle Movement activity observed in connection with organized cybercrime investigation CASE-2026-0523.,nan
EV04346,Evidence Collection,Evidence Collection involving Ananya Bansal,2026-08-11T13:14:46,L0506,C0523,Evidence Collection activity observed in connection with organized cybercrime investigation CASE-2026-0523.,E10457
EV04347,Crime,Crime involving Shreya Rao,2026-08-23T15:21:37,L0006,C0523,Crime activity observed in connection with organized cybercrime investigation CASE-2026-0523.,nan
EV04348,Interview,Interview involving Sneha Sethi,2026-08-10T11:07:08,L0572,C0523,Interview activity observed in connection with organized cybercrime investigation CASE-2026-0523.,nan
EV04349,Evidence Collection,Evidence Collection involving Kavya Rao,2026-08-26T14:07:57,L0282,C0523,Evidence Collection activity observed in connection with organized cybercrime investigation CASE-2026-0523.,nan
EV04350,Crime,Crime involving Naveen Patil,2026-08-02T17:17:09,L0572,C0523,Crime activity observed in connection with organized cybercrime investigation CASE-2026-0523.,nan
EV04351,Observation,Observation involving Isha Desai,2026-08-14T07:24:04,L0282,C0523,Observation activity observed in connection with organized cybercrime investigation CASE-2026-0523.,E10458
EV04352,Delivery,Delivery involving Pallavi Bansal,2026-08-18T02:47:29,L0487,C0523,Delivery activity observed in connection with organized cybercrime investigation CASE-2026-0523.,nan
EV04353,Vehicle Movement,Vehicle Movement involving Naveen Mehta,2026-08-04T16:19:14,L0572,C0523,Vehicle Movement activity observed in connection with organized cybercrime investigation CASE-2026-0523.,nan
EV04354,Delivery,Delivery involving Manav Gupta,2026-07-29T02:17:53,L0487,C0523,Delivery activity observed in connection with organized cybercrime investigation CASE-2026-0523.,E10459
EV04355,Observation,Observation involving Naveen Bansal,2026-08-23T10:22:58,L0487,C0523,Observation activity observed in connection with organized cybercrime investigation CASE-2026-0523.,nan
EV04356,Financial Activity,Financial Activity involving Sameer Pillai,2026-08-18T12:31:44,L0006,C0523,Financial Activity activity observed in connection with organized cybercrime investigation CASE-2026-0523.,E10460
EV04357,Interview,Interview involving Shreya Rao,2026-08-26T22:38:06,L0572,C0523,Interview activity observed in connection with organized cybercrime investigation CASE-2026-0523.,nan
EV04358,Cyber Activity,Cyber Activity involving Vanya Singh,2026-07-17T05:30:57,L0337,C0524,Cyber Activity activity observed in connection with individual cyber fraud investigation CASE-2026-0524.,E10465
EV04359,Delivery,Delivery involving Pooja Pillai,2026-05-08T03:17:56,L0527,C0524,Delivery activity observed in connection with individual cyber fraud investigation CASE-2026-0524.,nan
EV04360,Arrest,Arrest involving Kabir Kapoor,2026-05-11T10:21:09,L0457,C0524,Arrest activity observed in connection with individual cyber fraud investigation CASE-2026-0524.,nan
EV04361,Cyber Activity,Cyber Activity involving Isha Singh,2026-08-19T00:31:31,L0464,C0524,Cyber Activity activity observed in connection with individual cyber fraud investigation CASE-2026-0524.,nan
EV04362,Meeting,Meeting involving Meera Kulkarni,2026-10-10T13:38:33,L0165,C0525,Meeting activity observed in connection with cyber extortion investigation CASE-2026-0525.,nan
EV04363,Financial Activity,Financial Activity involving Yamini Desai,2026-12-05T13:10:29,L0165,C0525,Financial Activity activity observed in connection with cyber extortion investigation CASE-2026-0525.,E10482
EV04364,Call,Call involving Nikhil Mehta,2026-06-23T04:03:55,L0341,C0525,Call activity observed in connection with cyber extortion investigation CASE-2026-0525.,nan
EV04365,Observation,Observation involving Siddharth Thakur,2026-03-22T20:30:55,L0427,C0525,Observation activity observed in connection with cyber extortion investigation CASE-2026-0525.,nan
EV04366,Call,Call involving Siddharth Thakur,2026-04-28T06:29:17,L0341,C0525,Call activity observed in connection with cyber extortion investigation CASE-2026-0525.,nan
EV04367,Meeting,Meeting involving Raj Verma,2026-04-11T07:07:00,L0341,C0525,Meeting activity observed in connection with cyber extortion investigation CASE-2026-0525.,E10483
EV04368,Arrest,Arrest involving Vivek Singh,2026-04-24T18:13:02,L0165,C0525,Arrest activity observed in connection with cyber extortion investigation CASE-2026-0525.,nan
EV04369,Crime,Crime involving Simran Malhotra,2026-07-06T15:07:44,L0524,C0525,Crime activity observed in connection with cyber extortion investigation CASE-2026-0525.,nan
EV04370,Delivery,Delivery involving Aanya Pillai,2026-06-14T11:33:56,L0524,C0525,Delivery activity observed in connection with cyber extortion investigation CASE-2026-0525.,nan
EV04371,Evidence Collection,Evidence Collection involving Nikhil Mehta,2026-07-29T12:29:28,L0427,C0525,Evidence Collection activity observed in connection with cyber extortion investigation CASE-2026-0525.,E10484
EV04372,Observation,Observation involving Trisha Desai,2026-11-22T22:42:20,L0427,C0525,Observation activity observed in connection with cyber extortion investigation CASE-2026-0525.,nan
EV04373,Arrest,Arrest involving Aarav Joshi,2026-05-07T21:31:41,L0524,C0525,Arrest activity observed in connection with cyber extortion investigation CASE-2026-0525.,nan
EV04374,Delivery,Delivery involving Yamini Desai,2026-09-08T15:19:11,L0065,C0525,Delivery activity observed in connection with cyber extortion investigation CASE-2026-0525.,nan
EV04375,Surveillance,Surveillance involving Meera Kulkarni,2026-10-17T01:36:29,L0065,C0525,Surveillance activity observed in connection with cyber extortion investigation CASE-2026-0525.,E10485
EV04376,Cyber Activity,Cyber Activity involving Aanya Pillai,2026-06-25T10:56:00,L0341,C0525,Cyber Activity activity observed in connection with cyber extortion investigation CASE-2026-0525.,E10486
EV04377,Interview,Interview involving Siddharth Thakur,2026-08-06T03:43:34,L0524,C0525,Interview activity observed in connection with cyber extortion investigation CASE-2026-0525.,E10487
EV04378,Financial Activity,Financial Activity involving Aarav Joshi,2026-07-29T00:34:23,L0524,C0525,Financial Activity activity observed in connection with cyber extortion investigation CASE-2026-0525.,E10488
EV04379,Crime,Crime involving Ishita Iyer,2026-08-09T12:32:25,L0524,C0525,Crime activity observed in connection with cyber extortion investigation CASE-2026-0525.,nan
EV04380,Call,Call involving Dev Bansal,2026-02-24T09:38:50,L0385,C0526,Call activity observed in connection with identity fraud investigation CASE-2026-0526.,E10490
EV04381,Evidence Collection,Evidence Collection involving Simran Bhat,2026-05-01T16:57:52,L0130,C0526,Evidence Collection activity observed in connection with identity fraud investigation CASE-2026-0526.,nan
EV04382,Surveillance,Surveillance involving Vanya Gupta,2026-03-17T22:20:53,L0393,C0527,Surveillance activity observed in connection with kidnapping investigation CASE-2026-0527.,nan
EV04383,Cyber Activity,Cyber Activity involving Rhea Joshi,2026-06-05T20:06:26,L0393,C0527,Cyber Activity activity observed in connection with kidnapping investigation CASE-2026-0527.,nan
EV04384,Crime,Crime involving Ishaan Menon,2026-10-19T03:05:16,L0158,C0527,Crime activity observed in connection with kidnapping investigation CASE-2026-0527.,nan
EV04385,Transaction,Transaction involving Vanya Gupta,2026-07-12T10:06:00,L0158,C0527,Transaction activity observed in connection with kidnapping investigation CASE-2026-0527.,E10498
EV04386,Meeting,Meeting involving Vanya Gupta,2026-05-13T08:29:34,L0498,C0527,Meeting activity observed in connection with kidnapping investigation CASE-2026-0527.,nan
EV04387,Cyber Activity,Cyber Activity involving Vanya Gupta,2026-08-29T20:29:19,L0203,C0527,Cyber Activity activity observed in connection with kidnapping investigation CASE-2026-0527.,E10499
EV04388,Transaction,Transaction involving Nikhil Menon,2026-04-17T18:54:34,L0158,C0527,Transaction activity observed in connection with kidnapping investigation CASE-2026-0527.,nan
EV04389,Vehicle Movement,Vehicle Movement involving Anushka Thakur,2026-07-28T21:28:21,L0203,C0527,Vehicle Movement activity observed in connection with kidnapping investigation CASE-2026-0527.,nan
EV04390,Interview,Interview involving Rhea Joshi,2026-07-11T09:47:02,L0453,C0527,Interview activity observed in connection with kidnapping investigation CASE-2026-0527.,nan
EV04391,Meeting,Meeting involving Ishaan Menon,2026-01-15T02:07:01,L0453,C0527,Meeting activity observed in connection with kidnapping investigation CASE-2026-0527.,E10500
EV04392,Vehicle Movement,Vehicle Movement involving Anushka Bansal,2026-09-14T10:47:16,L0453,C0527,Vehicle Movement activity observed in connection with kidnapping investigation CASE-2026-0527.,nan
EV04393,Interview,Interview involving Sana Mishra,2026-08-06T18:48:59,L0062,C0528,Interview activity observed in connection with data theft investigation CASE-2026-0528.,nan
EV04394,Transaction,Transaction involving Ishaan Thakur,2026-08-18T15:58:16,L0554,C0528,Transaction activity observed in connection with data theft investigation CASE-2026-0528.,nan
EV04395,Crime,Crime involving Saurabh Gupta,2026-08-31T00:06:49,L0305,C0528,Crime activity observed in connection with data theft investigation CASE-2026-0528.,nan
EV04396,Interview,Interview involving Tanvi Verma,2026-08-01T00:04:58,L0155,C0529,Interview activity observed in connection with minor fraud investigation CASE-2026-0529.,E10507
EV04397,Meeting,Meeting involving Aman Bhat,2026-07-06T09:46:24,L0402,C0529,Meeting activity observed in connection with minor fraud investigation CASE-2026-0529.,nan
EV04398,Meeting,Meeting involving Aman Bhat,2026-05-21T07:16:51,L0155,C0529,Meeting activity observed in connection with minor fraud investigation CASE-2026-0529.,E10508
EV04399,Cyber Activity,Cyber Activity involving Naina Joshi,2026-05-06T03:36:40,L0402,C0529,Cyber Activity activity observed in connection with minor fraud investigation CASE-2026-0529.,nan
EV04400,Interview,Interview involving Karan Bansal,2026-07-04T20:02:36,L0390,C0530,Interview activity observed in connection with minor fraud investigation CASE-2026-0530.,nan
EV04401,Meeting,Meeting involving Mohit Verma,2026-07-13T11:22:31,L0589,C0530,Meeting activity observed in connection with minor fraud investigation CASE-2026-0530.,E10511
EV04402,Vehicle Movement,Vehicle Movement involving Sana Nair,2026-08-09T10:07:49,L0310,C0530,Vehicle Movement activity observed in connection with minor fraud investigation CASE-2026-0530.,nan
EV04403,Transaction,Transaction involving Sameer Mehta,2026-03-13T02:01:25,L0338,C0530,Transaction activity observed in connection with minor fraud investigation CASE-2026-0530.,nan
EV04404,Delivery,Delivery involving Raj Singh,2026-03-22T00:27:54,L0105,C0531,Delivery activity observed in connection with minor fraud investigation CASE-2026-0531.,E10512
EV04405,Call,Call involving Sneha Bansal,2026-03-18T12:25:21,L0105,C0531,Call activity observed in connection with minor fraud investigation CASE-2026-0531.,nan
EV04406,Vehicle Movement,Vehicle Movement involving Tara Thakur,2026-07-11T11:49:27,L0276,C0532,Vehicle Movement activity observed in connection with money laundering investigation investigation CASE-2026-0532.,nan
EV04407,Observation,Observation involving Naina Jadhav,2026-06-19T15:14:44,L0089,C0532,Observation activity observed in connection with money laundering investigation investigation CASE-2026-0532.,nan
EV04408,Interview,Interview involving Yash Joshi,2026-08-26T11:24:47,L0442,C0532,Interview activity observed in connection with money laundering investigation investigation CASE-2026-0532.,E10551
EV04409,Evidence Collection,Evidence Collection involving Shreya Mehta,2026-06-17T22:41:29,L0276,C0532,Evidence Collection activity observed in connection with money laundering investigation investigation CASE-2026-0532.,nan
EV04410,Call,Call involving Yash Joshi,2026-07-08T10:36:01,L0089,C0532,Call activity observed in connection with money laundering investigation investigation CASE-2026-0532.,nan
EV04411,Meeting,Meeting involving Arjun Saxena,2026-07-10T14:38:47,L0089,C0532,Meeting activity observed in connection with money laundering investigation investigation CASE-2026-0532.,nan
EV04412,Call,Call involving Nikhil Menon,2026-08-09T18:22:52,L0089,C0532,Call activity observed in connection with money laundering investigation investigation CASE-2026-0532.,E10552
EV04413,Crime,Crime involving Riya Rao,2026-08-22T18:35:28,L0276,C0532,Crime activity observed in connection with money laundering investigation investigation CASE-2026-0532.,nan
EV04414,Transaction,Transaction involving Riya Rao,2026-07-11T16:12:44,L0089,C0532,Transaction activity observed in connection with money laundering investigation investigation CASE-2026-0532.,E10553
EV04415,Observation,Observation involving Naina Jadhav,2026-06-15T16:10:43,L0265,C0532,Observation activity observed in connection with money laundering investigation investigation CASE-2026-0532.,nan
EV04416,Evidence Collection,Evidence Collection involving Naveen Rao,2026-07-22T16:24:49,L0089,C0532,Evidence Collection activity observed in connection with money laundering investigation investigation CASE-2026-0532.,E10554
EV04417,Delivery,Delivery involving Raj Thakur,2026-08-23T17:41:21,L0442,C0532,Delivery activity observed in connection with money laundering investigation investigation CASE-2026-0532.,nan
EV04418,Vehicle Movement,Vehicle Movement involving Arjun Saxena,2026-07-19T07:54:34,L0265,C0532,Vehicle Movement activity observed in connection with money laundering investigation investigation CASE-2026-0532.,nan
EV04419,Interview,Interview involving Nisha Menon,2026-06-10T23:39:10,L0476,C0532,Interview activity observed in connection with money laundering investigation investigation CASE-2026-0532.,nan
EV04420,Delivery,Delivery involving Shreya Iyer,2026-07-25T10:40:26,L0442,C0532,Delivery activity observed in connection with money laundering investigation investigation CASE-2026-0532.,nan
EV04421,Meeting,Meeting involving Sana Ghosh,2026-08-28T23:40:29,L0476,C0532,Meeting activity observed in connection with money laundering investigation investigation CASE-2026-0532.,E10555
EV04422,Arrest,Arrest involving Karan Bansal,2026-08-07T02:02:15,L0276,C0532,Arrest activity observed in connection with money laundering investigation investigation CASE-2026-0532.,nan
EV04423,Crime,Crime involving Isha Kulkarni,2026-08-03T04:57:06,L0442,C0532,Crime activity observed in connection with money laundering investigation investigation CASE-2026-0532.,E10556
EV04424,Transaction,Transaction involving Yash Reddy,2026-07-21T04:35:51,L0276,C0532,Transaction activity observed in connection with money laundering investigation investigation CASE-2026-0532.,nan
EV04425,Surveillance,Surveillance involving Karan Mehta,2026-08-01T13:04:09,L0276,C0532,Surveillance activity observed in connection with money laundering investigation investigation CASE-2026-0532.,nan
EV04426,Call,Call involving Karan Patil,2026-07-16T05:25:33,L0476,C0532,Call activity observed in connection with money laundering investigation investigation CASE-2026-0532.,nan
EV04427,Transaction,Transaction involving Raj Thakur,2026-06-21T02:15:30,L0520,C0533,Transaction activity observed in connection with identity fraud investigation CASE-2026-0533.,nan
EV04428,Arrest,Arrest involving Pallavi Verma,2026-04-01T06:59:18,L0520,C0533,Arrest activity observed in connection with identity fraud investigation CASE-2026-0533.,nan
EV04429,Surveillance,Surveillance involving Kiara Bhat,2026-10-26T07:40:42,L0360,C0533,Surveillance activity observed in connection with identity fraud investigation CASE-2026-0533.,nan
EV04430,Vehicle Movement,Vehicle Movement involving Aditya Naik,2026-07-09T03:06:13,L0218,C0533,Vehicle Movement activity observed in connection with identity fraud investigation CASE-2026-0533.,nan
EV04431,Arrest,Arrest involving Ishita Naik,2026-07-17T02:21:29,L0360,C0534,Arrest activity observed in connection with banking fraud investigation CASE-2026-0534.,nan
EV04432,Delivery,Delivery involving Shreya Desai,2026-05-17T11:33:39,L0520,C0534,Delivery activity observed in connection with banking fraud investigation CASE-2026-0534.,nan
EV04433,Call,Call involving Ishaan Menon,2026-06-29T14:13:20,L0073,C0534,Call activity observed in connection with banking fraud investigation CASE-2026-0534.,nan
EV04434,Crime,Crime involving Diya Shah,2026-05-03T11:33:39,L0525,C0534,Crime activity observed in connection with banking fraud investigation CASE-2026-0534.,nan
EV04435,Delivery,Delivery involving Akash Khan,2026-08-15T05:43:57,L0520,C0534,Delivery activity observed in connection with banking fraud investigation CASE-2026-0534.,E10568
EV04436,Transaction,Transaction involving Vivek Shah,2026-08-09T06:19:51,L0525,C0534,Transaction activity observed in connection with banking fraud investigation CASE-2026-0534.,E10569
EV04437,Surveillance,Surveillance involving Ishaan Menon,2026-03-05T10:05:20,L0360,C0534,Surveillance activity observed in connection with banking fraud investigation CASE-2026-0534.,nan
EV04438,Cyber Activity,Cyber Activity involving Sameer Malhotra,2026-03-20T06:58:41,L0385,C0535,Cyber Activity activity observed in connection with insurance fraud investigation CASE-2026-0535.,nan
EV04439,Delivery,Delivery involving Simran Kapoor,2026-10-02T15:04:45,L0179,C0535,Delivery activity observed in connection with insurance fraud investigation CASE-2026-0535.,nan
EV04440,Meeting,Meeting involving Karan Shah,2026-04-14T12:02:02,L0179,C0535,Meeting activity observed in connection with insurance fraud investigation CASE-2026-0535.,nan
EV04441,Delivery,Delivery involving Simran Kapoor,2026-02-12T00:21:24,L0210,C0535,Delivery activity observed in connection with insurance fraud investigation CASE-2026-0535.,E10576
EV04442,Evidence Collection,Evidence Collection involving Shreya Bansal,2026-12-15T07:35:39,L0179,C0535,Evidence Collection activity observed in connection with insurance fraud investigation CASE-2026-0535.,nan
EV04443,Call,Call involving Ananya Khan,2026-11-11T17:52:19,L0385,C0535,Call activity observed in connection with insurance fraud investigation CASE-2026-0535.,E10577
EV04444,Observation,Observation involving Sameer Malhotra,2026-04-28T10:07:31,L0130,C0535,Observation activity observed in connection with insurance fraud investigation CASE-2026-0535.,nan
EV04445,Vehicle Movement,Vehicle Movement involving Sameer Malhotra,2026-06-30T03:49:31,L0210,C0535,Vehicle Movement activity observed in connection with insurance fraud investigation CASE-2026-0535.,nan
EV04446,Transaction,Transaction involving Karan Shah,2026-04-22T10:05:00,L0385,C0535,Transaction activity observed in connection with insurance fraud investigation CASE-2026-0535.,nan
EV04447,Interview,Interview involving Ishaan Kulkarni,2026-10-01T10:28:16,L0090,C0536,Interview activity observed in connection with document fraud investigation CASE-2026-0536.,nan
EV04448,Meeting,Meeting involving Sneha Jadhav,2026-06-12T13:31:54,L0113,C0536,Meeting activity observed in connection with document fraud investigation CASE-2026-0536.,nan
EV04449,Crime,Crime involving Riya Shah,2026-08-03T03:59:25,L0164,C0536,Crime activity observed in connection with document fraud investigation CASE-2026-0536.,nan
EV04450,Financial Activity,Financial Activity involving Kunal Thakur,2026-11-23T13:22:28,L0573,C0536,Financial Activity activity observed in connection with document fraud investigation CASE-2026-0536.,E10583
EV04451,Vehicle Movement,Vehicle Movement involving Sneha Jadhav,2026-08-08T21:14:03,L0164,C0536,Vehicle Movement activity observed in connection with document fraud investigation CASE-2026-0536.,nan
EV04452,Crime,Crime involving Neha Thakur,2026-12-27T16:05:28,L0362,C0537,Crime activity observed in connection with major cybercrime investigation CASE-2026-0537.,nan
EV04453,Call,Call involving Rhea Joshi,2026-06-16T19:51:55,L0362,C0537,Call activity observed in connection with major cybercrime investigation CASE-2026-0537.,nan
EV04454,Cyber Activity,Cyber Activity involving Isha Nair,2026-02-24T01:42:22,L0225,C0537,Cyber Activity activity observed in connection with major cybercrime investigation CASE-2026-0537.,E10590
EV04455,Arrest,Arrest involving Aditya Jadhav,2026-12-06T20:20:44,L0082,C0537,Arrest activity observed in connection with major cybercrime investigation CASE-2026-0537.,nan
EV04456,Cyber Activity,Cyber Activity involving Neha Thakur,2026-11-26T09:02:58,L0592,C0537,Cyber Activity activity observed in connection with major cybercrime investigation CASE-2026-0537.,nan
EV04457,Cyber Activity,Cyber Activity involving Tara Desai,2026-02-16T13:05:15,L0362,C0537,Cyber Activity activity observed in connection with major cybercrime investigation CASE-2026-0537.,nan
EV04458,Interview,Interview involving Yash Kapoor,2026-05-02T05:51:10,L0225,C0537,Interview activity observed in connection with major cybercrime investigation CASE-2026-0537.,nan
EV04459,Financial Activity,Financial Activity involving Manav Nair,2026-12-03T08:12:13,L0082,C0537,Financial Activity activity observed in connection with major cybercrime investigation CASE-2026-0537.,nan
EV04460,Cyber Activity,Cyber Activity involving Ishita Singh,2026-06-24T10:38:45,L0082,C0537,Cyber Activity activity observed in connection with major cybercrime investigation CASE-2026-0537.,nan
EV04461,Surveillance,Surveillance involving Aditya Menon,2026-07-08T06:02:02,L0592,C0537,Surveillance activity observed in connection with major cybercrime investigation CASE-2026-0537.,nan
EV04462,Crime,Crime involving Zoya Verma,2026-01-21T03:29:17,L0298,C0538,Crime activity observed in connection with vehicle theft investigation CASE-2026-0538.,nan
EV04463,Cyber Activity,Cyber Activity involving Zoya Verma,2026-06-03T22:09:18,L0590,C0538,Cyber Activity activity observed in connection with vehicle theft investigation CASE-2026-0538.,E10593
EV04464,Vehicle Movement,Vehicle Movement involving Saurabh Iyer,2026-07-30T11:16:49,L0556,C0539,Vehicle Movement activity observed in connection with cyber extortion investigation CASE-2026-0539.,nan
EV04465,Observation,Observation involving Saurabh Iyer,2026-11-21T20:17:12,L0571,C0539,Observation activity observed in connection with cyber extortion investigation CASE-2026-0539.,nan
EV04466,Meeting,Meeting involving Kiara Shah,2026-06-25T12:27:00,L0556,C0539,Meeting activity observed in connection with cyber extortion investigation CASE-2026-0539.,nan
EV04467,Vehicle Movement,Vehicle Movement involving Vikram Kulkarni,2026-06-09T19:11:59,L0145,C0539,Vehicle Movement activity observed in connection with cyber extortion investigation CASE-2026-0539.,nan
EV04468,Evidence Collection,Evidence Collection involving Avni Naik,2026-05-01T17:45:51,L0351,C0539,Evidence Collection activity observed in connection with cyber extortion investigation CASE-2026-0539.,nan
EV04469,Transaction,Transaction involving Neha Kapoor,2026-02-01T08:34:10,L0571,C0539,Transaction activity observed in connection with cyber extortion investigation CASE-2026-0539.,nan
EV04470,Cyber Activity,Cyber Activity involving Diya Verma,2026-12-09T05:45:47,L0351,C0539,Cyber Activity activity observed in connection with cyber extortion investigation CASE-2026-0539.,E10601
EV04471,Vehicle Movement,Vehicle Movement involving Vikram Kulkarni,2026-01-13T12:16:17,L0351,C0539,Vehicle Movement activity observed in connection with cyber extortion investigation CASE-2026-0539.,nan
EV04472,Observation,Observation involving Riya Saxena,2026-09-20T16:27:32,L0179,C0540,Observation activity observed in connection with large organized crime network investigation CASE-2026-0540.,E10612
EV04473,Transaction,Transaction involving Pranav Bansal,2026-06-14T22:27:32,L0381,C0540,Transaction activity observed in connection with large organized crime network investigation CASE-2026-0540.,nan
EV04474,Surveillance,Surveillance involving Ritesh Iyer,2026-07-20T04:06:02,L0179,C0540,Surveillance activity observed in connection with large organized crime network investigation CASE-2026-0540.,nan
EV04475,Arrest,Arrest involving Tara Kapoor,2026-02-10T18:56:16,L0447,C0540,Arrest activity observed in connection with large organized crime network investigation CASE-2026-0540.,nan
EV04476,Financial Activity,Financial Activity involving Rahul Das,2026-06-20T20:59:04,L0179,C0540,Financial Activity activity observed in connection with large organized crime network investigation CASE-2026-0540.,nan
EV04477,Call,Call involving Yamini Menon,2026-09-26T14:41:45,L0179,C0540,Call activity observed in connection with large organized crime network investigation CASE-2026-0540.,nan
EV04478,Meeting,Meeting involving Yamini Menon,2026-07-01T11:47:40,L0179,C0540,Meeting activity observed in connection with large organized crime network investigation CASE-2026-0540.,E10613
EV04479,Evidence Collection,Evidence Collection involving Meera Kulkarni,2026-03-27T02:05:50,L0130,C0540,Evidence Collection activity observed in connection with large organized crime network investigation CASE-2026-0540.,E10614
EV04480,Call,Call involving Yash Sethi,2026-12-02T00:45:33,L0179,C0540,Call activity observed in connection with large organized crime network investigation CASE-2026-0540.,E10615
EV04481,Cyber Activity,Cyber Activity involving Yash Sethi,2026-11-20T19:10:59,L0381,C0540,Cyber Activity activity observed in connection with large organized crime network investigation CASE-2026-0540.,nan
EV04482,Observation,Observation involving Trisha Singh,2026-04-10T21:10:58,L0572,C0540,Observation activity observed in connection with large organized crime network investigation CASE-2026-0540.,nan
EV04483,Call,Call involving Dev Malhotra,2026-06-12T05:46:24,L0572,C0540,Call activity observed in connection with large organized crime network investigation CASE-2026-0540.,nan
EV04484,Interview,Interview involving Ritesh Iyer,2026-11-19T20:57:14,L0381,C0540,Interview activity observed in connection with large organized crime network investigation CASE-2026-0540.,nan
EV04485,Surveillance,Surveillance involving Naina Kulkarni,2026-10-20T19:54:30,L0179,C0540,Surveillance activity observed in connection with large organized crime network investigation CASE-2026-0540.,nan
EV04486,Meeting,Meeting involving Naina Kulkarni,2026-12-27T04:14:57,L0447,C0540,Meeting activity observed in connection with large organized crime network investigation CASE-2026-0540.,nan
EV04487,Evidence Collection,Evidence Collection involving Ritesh Iyer,2026-03-28T22:26:28,L0447,C0540,Evidence Collection activity observed in connection with large organized crime network investigation CASE-2026-0540.,nan
EV04488,Interview,Interview involving Aanya Malhotra,2026-02-01T22:12:45,L0381,C0540,Interview activity observed in connection with large organized crime network investigation CASE-2026-0540.,nan
EV04489,Arrest,Arrest involving Rahul Das,2026-05-24T00:55:05,L0130,C0540,Arrest activity observed in connection with large organized crime network investigation CASE-2026-0540.,nan
EV04490,Financial Activity,Financial Activity involving Shreya Desai,2026-04-17T06:43:02,L0332,C0541,Financial Activity activity observed in connection with unauthorized access investigation CASE-2026-0541.,nan
EV04491,Cyber Activity,Cyber Activity involving Shreya Desai,2026-01-11T17:03:33,L0159,C0541,Cyber Activity activity observed in connection with unauthorized access investigation CASE-2026-0541.,nan
EV04492,Surveillance,Surveillance involving Karan Shah,2026-08-19T23:29:29,L0553,C0542,Surveillance activity observed in connection with burglary investigation CASE-2026-0542.,E10618
EV04493,Interview,Interview involving Simran Bansal,2026-08-18T21:23:13,L0553,C0542,Interview activity observed in connection with burglary investigation CASE-2026-0542.,nan
EV04494,Crime,Crime involving Trisha Bansal,2026-08-22T10:33:11,L0553,C0542,Crime activity observed in connection with burglary investigation CASE-2026-0542.,nan
EV04495,Crime,Crime involving Simran Bansal,2026-08-13T03:30:04,L0553,C0542,Crime activity observed in connection with burglary investigation CASE-2026-0542.,nan
EV04496,Cyber Activity,Cyber Activity involving Naveen Patil,2026-05-09T20:23:09,L0175,C0543,Cyber Activity activity observed in connection with organized cybercrime investigation CASE-2026-0543.,E10638
EV04497,Surveillance,Surveillance involving Ishaan Kulkarni,2026-08-10T21:49:35,L0446,C0543,Surveillance activity observed in connection with organized cybercrime investigation CASE-2026-0543.,E10639
EV04498,Interview,Interview involving Neha Kulkarni,2026-05-23T10:05:47,L0446,C0543,Interview activity observed in connection with organized cybercrime investigation CASE-2026-0543.,E10640
EV04499,Arrest,Arrest involving Diya Naik,2026-08-29T09:41:44,L0509,C0543,Arrest activity observed in connection with organized cybercrime investigation CASE-2026-0543.,nan
EV04500,Interview,Interview involving Dev Mehta,2026-02-06T17:53:01,L0446,C0543,Interview activity observed in connection with organized cybercrime investigation CASE-2026-0543.,E10641
EV04501,Transaction,Transaction involving Shreya Rao,2026-09-27T13:51:36,L0073,C0543,Transaction activity observed in connection with organized cybercrime investigation CASE-2026-0543.,nan
EV04502,Observation,Observation involving Ishaan Kulkarni,2026-01-19T21:54:26,L0509,C0543,Observation activity observed in connection with organized cybercrime investigation CASE-2026-0543.,nan
EV04503,Vehicle Movement,Vehicle Movement involving Aditya Shetty,2026-05-23T01:40:55,L0569,C0543,Vehicle Movement activity observed in connection with organized cybercrime investigation CASE-2026-0543.,nan
EV04504,Call,Call involving Karan Patil,2026-01-24T17:16:22,L0073,C0543,Call activity observed in connection with organized cybercrime investigation CASE-2026-0543.,nan
EV04505,Evidence Collection,Evidence Collection involving Ishaan Kulkarni,2026-11-18T02:29:52,L0175,C0543,Evidence Collection activity observed in connection with organized cybercrime investigation CASE-2026-0543.,E10642
EV04506,Vehicle Movement,Vehicle Movement involving Aman Kulkarni,2026-08-06T01:59:41,L0509,C0543,Vehicle Movement activity observed in connection with organized cybercrime investigation CASE-2026-0543.,E10643
EV04507,Crime,Crime involving Nisha Nair,2026-07-28T22:11:40,L0073,C0543,Crime activity observed in connection with organized cybercrime investigation CASE-2026-0543.,E10644
EV04508,Arrest,Arrest involving Ananya Patil,2026-11-29T06:27:27,L0569,C0543,Arrest activity observed in connection with organized cybercrime investigation CASE-2026-0543.,nan
EV04509,Cyber Activity,Cyber Activity involving Trisha Thakur,2026-08-21T19:52:14,L0446,C0543,Cyber Activity activity observed in connection with organized cybercrime investigation CASE-2026-0543.,nan
EV04510,Delivery,Delivery involving Siddharth Joshi,2026-01-04T13:59:22,L0569,C0543,Delivery activity observed in connection with organized cybercrime investigation CASE-2026-0543.,nan
EV04511,Cyber Activity,Cyber Activity involving Tara Shetty,2026-09-01T08:49:29,L0509,C0543,Cyber Activity activity observed in connection with organized cybercrime investigation CASE-2026-0543.,nan
EV04512,Meeting,Meeting involving Arjun Verma,2026-05-10T09:18:57,L0073,C0543,Meeting activity observed in connection with organized cybercrime investigation CASE-2026-0543.,nan
EV04513,Interview,Interview involving Karan Patil,2026-03-29T19:58:24,L0509,C0543,Interview activity observed in connection with organized cybercrime investigation CASE-2026-0543.,nan
EV04514,Transaction,Transaction involving Nisha Nair,2026-04-04T17:38:22,L0446,C0543,Transaction activity observed in connection with organized cybercrime investigation CASE-2026-0543.,E10645
EV04515,Financial Activity,Financial Activity involving Aniket Jadhav,2026-07-26T22:39:50,L0569,C0543,Financial Activity activity observed in connection with organized cybercrime investigation CASE-2026-0543.,nan
EV04516,Surveillance,Surveillance involving Aniket Jadhav,2026-08-02T16:24:36,L0569,C0543,Surveillance activity observed in connection with organized cybercrime investigation CASE-2026-0543.,E10646
EV04517,Arrest,Arrest involving Varun Kulkarni,2026-11-12T06:49:15,L0509,C0543,Arrest activity observed in connection with organized cybercrime investigation CASE-2026-0543.,E10647
EV04518,Cyber Activity,Cyber Activity involving Arjun Patil,2026-02-20T01:53:12,L0446,C0543,Cyber Activity activity observed in connection with organized cybercrime investigation CASE-2026-0543.,nan
EV04519,Interview,Interview involving Nikhil Sethi,2026-06-15T22:45:58,L0175,C0543,Interview activity observed in connection with organized cybercrime investigation CASE-2026-0543.,E10648
EV04520,Call,Call involving Ishaan Kulkarni,2026-12-20T23:55:48,L0446,C0543,Call activity observed in connection with organized cybercrime investigation CASE-2026-0543.,nan
EV04521,Cyber Activity,Cyber Activity involving Siddharth Joshi,2026-11-04T19:59:36,L0446,C0543,Cyber Activity activity observed in connection with organized cybercrime investigation CASE-2026-0543.,nan
EV04522,Arrest,Arrest involving Varun Kulkarni,2026-12-10T14:44:38,L0446,C0543,Arrest activity observed in connection with organized cybercrime investigation CASE-2026-0543.,nan
EV04523,Interview,Interview involving Ishaan Iyer,2026-03-15T01:03:30,L0175,C0543,Interview activity observed in connection with organized cybercrime investigation CASE-2026-0543.,nan
EV04524,Surveillance,Surveillance involving Ishaan Kulkarni,2026-02-10T04:41:39,L0175,C0543,Surveillance activity observed in connection with organized cybercrime investigation CASE-2026-0543.,nan
EV04525,Transaction,Transaction involving Aditi Joshi,2026-03-12T08:21:17,L0509,C0543,Transaction activity observed in connection with organized cybercrime investigation CASE-2026-0543.,nan
EV04526,Vehicle Movement,Vehicle Movement involving Arjun Verma,2026-08-29T19:36:28,L0446,C0543,Vehicle Movement activity observed in connection with organized cybercrime investigation CASE-2026-0543.,nan
EV04527,Meeting,Meeting involving Kiara Gupta,2026-06-13T01:42:42,L0569,C0543,Meeting activity observed in connection with organized cybercrime investigation CASE-2026-0543.,nan
EV04528,Delivery,Delivery involving Meera Bhat,2026-07-31T11:47:31,L0262,C0544,Delivery activity observed in connection with identity fraud investigation CASE-2026-0544.,nan
EV04529,Financial Activity,Financial Activity involving Karan Bhat,2026-03-05T17:16:04,L0359,C0544,Financial Activity activity observed in connection with identity fraud investigation CASE-2026-0544.,nan
EV04530,Crime,Crime involving Arnav Bhat,2026-02-20T13:09:21,L0359,C0544,Crime activity observed in connection with identity fraud investigation CASE-2026-0544.,nan
EV04531,Cyber Activity,Cyber Activity involving Meera Bhat,2026-07-02T05:31:38,L0359,C0544,Cyber Activity activity observed in connection with identity fraud investigation CASE-2026-0544.,E10653
EV04532,Meeting,Meeting involving Arnav Bhat,2026-04-11T05:32:50,L0178,C0544,Meeting activity observed in connection with identity fraud investigation CASE-2026-0544.,E10654
EV04533,Surveillance,Surveillance involving Sameer Joshi,2026-06-18T07:07:57,L0178,C0544,Surveillance activity observed in connection with identity fraud investigation CASE-2026-0544.,E10655
EV04534,Call,Call involving Yamini Malhotra,2026-06-28T21:20:25,L0178,C0544,Call activity observed in connection with identity fraud investigation CASE-2026-0544.,nan
EV04535,Surveillance,Surveillance involving Meera Bhat,2026-05-01T04:12:41,L0359,C0544,Surveillance activity observed in connection with identity fraud investigation CASE-2026-0544.,nan
EV04536,Arrest,Arrest involving Aditi Naik,2026-07-19T08:07:06,L0262,C0544,Arrest activity observed in connection with identity fraud investigation CASE-2026-0544.,nan
EV04537,Surveillance,Surveillance involving Karan Bhat,2026-09-13T10:09:51,L0178,C0544,Surveillance activity observed in connection with identity fraud investigation CASE-2026-0544.,nan
EV04538,Arrest,Arrest involving Vanya Singh,2026-09-28T18:43:42,L0340,C0544,Arrest activity observed in connection with identity fraud investigation CASE-2026-0544.,E10656
EV04539,Surveillance,Surveillance involving Kunal Khan,2026-11-23T17:06:39,L0011,C0545,Surveillance activity observed in connection with organized cybercrime investigation CASE-2026-0545.,nan
EV04540,Call,Call involving Sana Das,2026-12-27T01:03:31,L0134,C0545,Call activity observed in connection with organized cybercrime investigation CASE-2026-0545.,nan
EV04541,Financial Activity,Financial Activity involving Kunal Khan,2026-12-19T00:11:53,L0011,C0545,Financial Activity activity observed in connection with organized cybercrime investigation CASE-2026-0545.,nan
EV04542,Transaction,Transaction involving Yamini Rao,2026-09-04T12:30:56,L0157,C0545,Transaction activity observed in connection with organized cybercrime investigation CASE-2026-0545.,nan
EV04543,Evidence Collection,Evidence Collection involving Karan Nair,2026-01-26T18:39:38,L0011,C0545,Evidence Collection activity observed in connection with organized cybercrime investigation CASE-2026-0545.,nan
EV04544,Crime,Crime involving Yamini Rao,2026-07-10T10:41:15,L0241,C0545,Crime activity observed in connection with organized cybercrime investigation CASE-2026-0545.,E10664
EV04545,Evidence Collection,Evidence Collection involving Naveen Mishra,2026-03-11T20:52:26,L0157,C0545,Evidence Collection activity observed in connection with organized cybercrime investigation CASE-2026-0545.,nan
EV04546,Call,Call involving Vivek Mehta,2026-11-07T13:19:43,L0476,C0545,Call activity observed in connection with organized cybercrime investigation CASE-2026-0545.,nan
EV04547,Interview,Interview involving Aditya Bansal,2026-06-28T11:13:55,L0476,C0545,Interview activity observed in connection with organized cybercrime investigation CASE-2026-0545.,nan
EV04548,Crime,Crime involving Aarav Saxena,2026-08-09T09:35:48,L0243,C0546,Crime activity observed in connection with money laundering investigation investigation CASE-2026-0546.,nan
EV04549,Interview,Interview involving Yamini Thakur,2026-08-16T00:50:37,L0522,C0546,Interview activity observed in connection with money laundering investigation investigation CASE-2026-0546.,nan
EV04550,Vehicle Movement,Vehicle Movement involving Yamini Thakur,2026-08-19T16:48:11,L0197,C0546,Vehicle Movement activity observed in connection with money laundering investigation investigation CASE-2026-0546.,nan
EV04551,Financial Activity,Financial Activity involving Vidhi Mehta,2026-08-23T21:17:51,L0197,C0546,Financial Activity activity observed in connection with money laundering investigation investigation CASE-2026-0546.,E10678
EV04552,Observation,Observation involving Mahi Thakur,2026-07-09T01:29:12,L0197,C0546,Observation activity observed in connection with money laundering investigation investigation CASE-2026-0546.,nan
EV04553,Interview,Interview involving Sana Joshi,2026-08-08T00:21:41,L0468,C0546,Interview activity observed in connection with money laundering investigation investigation CASE-2026-0546.,nan
EV04554,Vehicle Movement,Vehicle Movement involving Aarav Saxena,2026-08-07T19:58:40,L0468,C0546,Vehicle Movement activity observed in connection with money laundering investigation investigation CASE-2026-0546.,nan
EV04555,Arrest,Arrest involving Aman Menon,2026-08-10T10:42:59,L0197,C0546,Arrest activity observed in connection with money laundering investigation investigation CASE-2026-0546.,nan
EV04556,Interview,Interview involving Kabir Desai,2026-07-05T02:05:43,L0243,C0546,Interview activity observed in connection with money laundering investigation investigation CASE-2026-0546.,E10679
EV04557,Observation,Observation involving Yamini Thakur,2026-07-02T02:45:56,L0468,C0546,Observation activity observed in connection with money laundering investigation investigation CASE-2026-0546.,E10680
EV04558,Crime,Crime involving Rohan Rao,2026-08-31T01:44:11,L0197,C0546,Crime activity observed in connection with money laundering investigation investigation CASE-2026-0546.,E10681
EV04559,Financial Activity,Financial Activity involving Rahul Kapoor,2026-07-27T11:51:12,L0573,C0547,Financial Activity activity observed in connection with logistics fraud investigation CASE-2026-0547.,nan
EV04560,Transaction,Transaction involving Ishita Shetty,2026-08-23T12:22:20,L0573,C0547,Transaction activity observed in connection with logistics fraud investigation CASE-2026-0547.,nan
EV04561,Vehicle Movement,Vehicle Movement involving Varun Patil,2026-08-05T17:18:48,L0573,C0547,Vehicle Movement activity observed in connection with logistics fraud investigation CASE-2026-0547.,E10688
EV04562,Call,Call involving Ishita Shetty,2026-07-02T04:13:53,L0596,C0547,Call activity observed in connection with logistics fraud investigation CASE-2026-0547.,nan
EV04563,Evidence Collection,Evidence Collection involving Rohan Thakur,2026-08-17T09:14:54,L0036,C0547,Evidence Collection activity observed in connection with logistics fraud investigation CASE-2026-0547.,nan
EV04564,Financial Activity,Financial Activity involving Simran Verma,2026-07-01T12:34:14,L0090,C0547,Financial Activity activity observed in connection with logistics fraud investigation CASE-2026-0547.,nan
EV04565,Arrest,Arrest involving Rohan Iyer,2026-03-16T04:41:35,L0172,C0548,Arrest activity observed in connection with assault investigation CASE-2026-0548.,nan
EV04566,Arrest,Arrest involving Akash Reddy,2026-05-19T21:32:27,L0029,C0548,Arrest activity observed in connection with assault investigation CASE-2026-0548.,nan
EV04567,Call,Call involving Dhruv Joshi,2026-08-27T00:01:44,L0307,C0549,Call activity observed in connection with cyber extortion investigation CASE-2026-0549.,nan
EV04568,Surveillance,Surveillance involving Pooja Rao,2026-12-21T11:08:25,L0157,C0549,Surveillance activity observed in connection with cyber extortion investigation CASE-2026-0549.,nan
EV04569,Observation,Observation involving Kabir Nair,2026-04-01T08:13:35,L0307,C0549,Observation activity observed in connection with cyber extortion investigation CASE-2026-0549.,nan
EV04570,Interview,Interview involving Vivek Kulkarni,2026-06-05T09:20:17,L0467,C0549,Interview activity observed in connection with cyber extortion investigation CASE-2026-0549.,nan
EV04571,Vehicle Movement,Vehicle Movement involving Pranav Thakur,2026-05-28T03:00:09,L0160,C0550,Vehicle Movement activity observed in connection with large financial crime network investigation CASE-2026-0550.,nan
EV04572,Delivery,Delivery involving Kavya Das,2026-07-15T00:47:47,L0150,C0550,Delivery activity observed in connection with large financial crime network investigation CASE-2026-0550.,nan
EV04573,Evidence Collection,Evidence Collection involving Aanya Reddy,2026-07-03T02:29:50,L0080,C0550,Evidence Collection activity observed in connection with large financial crime network investigation CASE-2026-0550.,nan
EV04574,Vehicle Movement,Vehicle Movement involving Meera Menon,2026-08-13T05:42:37,L0321,C0550,Vehicle Movement activity observed in connection with large financial crime network investigation CASE-2026-0550.,nan
EV04575,Interview,Interview involving Tanvi Desai,2026-07-07T18:48:29,L0080,C0550,Interview activity observed in connection with large financial crime network investigation CASE-2026-0550.,nan
EV04576,Surveillance,Surveillance involving Arjun Singh,2026-06-16T06:08:31,L0080,C0550,Surveillance activity observed in connection with large financial crime network investigation CASE-2026-0550.,E10725
EV04577,Evidence Collection,Evidence Collection involving Aman Iyer,2026-08-30T12:30:09,L0160,C0550,Evidence Collection activity observed in connection with large financial crime network investigation CASE-2026-0550.,E10726
EV04578,Surveillance,Surveillance involving Siddharth Sethi,2026-06-08T19:16:33,L0581,C0550,Surveillance activity observed in connection with large financial crime network investigation CASE-2026-0550.,nan
EV04579,Arrest,Arrest involving Naina Ghosh,2026-07-23T11:04:46,L0160,C0550,Arrest activity observed in connection with large financial crime network investigation CASE-2026-0550.,E10727
EV04580,Evidence Collection,Evidence Collection involving Trisha Desai,2026-07-18T02:49:26,L0321,C0550,Evidence Collection activity observed in connection with large financial crime network investigation CASE-2026-0550.,E10728
EV04581,Call,Call involving Meera Mehta,2026-06-26T20:35:49,L0080,C0550,Call activity observed in connection with large financial crime network investigation CASE-2026-0550.,nan
EV04582,Meeting,Meeting involving Kiara Reddy,2026-06-28T19:17:50,L0080,C0550,Meeting activity observed in connection with large financial crime network investigation CASE-2026-0550.,E10729
EV04583,Cyber Activity,Cyber Activity involving Nikhil Reddy,2026-07-02T11:26:03,L0150,C0550,Cyber Activity activity observed in connection with large financial crime network investigation CASE-2026-0550.,E10730
EV04584,Vehicle Movement,Vehicle Movement involving Pranav Bansal,2026-07-31T00:34:03,L0150,C0550,Vehicle Movement activity observed in connection with large financial crime network investigation CASE-2026-0550.,E10731
EV04585,Transaction,Transaction involving Sana Khan,2026-08-02T14:11:54,L0321,C0550,Transaction activity observed in connection with large financial crime network investigation CASE-2026-0550.,E10732
EV04586,Arrest,Arrest involving Pooja Singh,2026-07-18T00:31:14,L0321,C0550,Arrest activity observed in connection with large financial crime network investigation CASE-2026-0550.,E10733
EV04587,Vehicle Movement,Vehicle Movement involving Rhea Nair,2026-06-15T12:19:24,L0160,C0550,Vehicle Movement activity observed in connection with large financial crime network investigation CASE-2026-0550.,E10734
EV04588,Interview,Interview involving Pooja Kapoor,2026-08-20T16:45:41,L0160,C0550,Interview activity observed in connection with large financial crime network investigation CASE-2026-0550.,E10735
EV04589,Interview,Interview involving Pooja Mishra,2026-06-21T02:54:29,L0150,C0550,Interview activity observed in connection with large financial crime network investigation CASE-2026-0550.,E10736
EV04590,Vehicle Movement,Vehicle Movement involving Meera Mehta,2026-07-09T13:14:32,L0150,C0550,Vehicle Movement activity observed in connection with large financial crime network investigation CASE-2026-0550.,nan
EV04591,Arrest,Arrest involving Siddharth Gupta,2026-06-03T20:53:59,L0150,C0550,Arrest activity observed in connection with large financial crime network investigation CASE-2026-0550.,nan
EV04592,Call,Call involving Naveen Chavan,2026-07-06T17:58:44,L0080,C0550,Call activity observed in connection with large financial crime network investigation CASE-2026-0550.,nan
EV04593,Evidence Collection,Evidence Collection involving Pallavi Naik,2026-08-07T23:57:45,L0160,C0550,Evidence Collection activity observed in connection with large financial crime network investigation CASE-2026-0550.,E10737
EV04594,Call,Call involving Siddharth Gupta,2026-06-01T01:55:01,L0321,C0550,Call activity observed in connection with large financial crime network investigation CASE-2026-0550.,nan
EV04595,Arrest,Arrest involving Nikhil Kapoor,2026-08-24T01:12:44,L0321,C0550,Arrest activity observed in connection with large financial crime network investigation CASE-2026-0550.,E10738
EV04596,Delivery,Delivery involving Tara Malhotra,2026-07-09T13:58:49,L0160,C0550,Delivery activity observed in connection with large financial crime network investigation CASE-2026-0550.,nan
EV04597,Crime,Crime involving Tanvi Desai,2026-06-10T17:34:16,L0160,C0550,Crime activity observed in connection with large financial crime network investigation CASE-2026-0550.,nan
EV04598,Observation,Observation involving Aanya Reddy,2026-08-09T01:27:49,L0321,C0550,Observation activity observed in connection with large financial crime network investigation CASE-2026-0550.,nan
EV04599,Interview,Interview involving Tara Thakur,2026-06-09T05:12:33,L0160,C0550,Interview activity observed in connection with large financial crime network investigation CASE-2026-0550.,nan
EV04600,Meeting,Meeting involving Akash Naik,2026-07-24T05:41:53,L0321,C0550,Meeting activity observed in connection with large financial crime network investigation CASE-2026-0550.,E10739
EV04601,Financial Activity,Financial Activity involving Sana Menon,2026-08-18T12:51:18,L0321,C0550,Financial Activity activity observed in connection with large financial crime network investigation CASE-2026-0550.,E10740
EV04602,Observation,Observation involving Aditi Joshi,2026-07-12T12:07:47,L0321,C0550,Observation activity observed in connection with large financial crime network investigation CASE-2026-0550.,nan
EV04603,Cyber Activity,Cyber Activity involving Karan Gupta,2026-06-05T18:56:10,L0150,C0550,Cyber Activity activity observed in connection with large financial crime network investigation CASE-2026-0550.,E10741
EV04604,Evidence Collection,Evidence Collection involving Kavya Das,2026-06-26T15:49:30,L0321,C0550,Evidence Collection activity observed in connection with large financial crime network investigation CASE-2026-0550.,E10742
EV04605,Interview,Interview involving Tara Malhotra,2026-06-26T00:12:31,L0150,C0550,Interview activity observed in connection with large financial crime network investigation CASE-2026-0550.,nan
EV04606,Call,Call involving Anushka Menon,2026-06-22T15:45:55,L0321,C0550,Call activity observed in connection with large financial crime network investigation CASE-2026-0550.,E10743
EV04607,Observation,Observation involving Rahul Ghosh,2026-08-26T17:20:14,L0581,C0550,Observation activity observed in connection with large financial crime network investigation CASE-2026-0550.,nan
EV04608,Financial Activity,Financial Activity involving Rohan Shah,2026-06-22T16:31:32,L0556,C0551,Financial Activity activity observed in connection with vehicle theft investigation CASE-2026-0551.,nan
EV04609,Cyber Activity,Cyber Activity involving Kavya Mehta,2026-07-29T09:00:19,L0189,C0551,Cyber Activity activity observed in connection with vehicle theft investigation CASE-2026-0551.,nan
EV04610,Crime,Crime involving Naina Kapoor,2026-05-01T02:55:13,L0544,C0552,Crime activity observed in connection with cyber extortion investigation CASE-2026-0552.,nan
EV04611,Interview,Interview involving Naina Kapoor,2026-07-03T02:37:40,L0544,C0552,Interview activity observed in connection with cyber extortion investigation CASE-2026-0552.,E10752
EV04612,Arrest,Arrest involving Rahul Shetty,2026-08-31T16:51:35,L0035,C0552,Arrest activity observed in connection with cyber extortion investigation CASE-2026-0552.,nan
EV04613,Meeting,Meeting involving Raj Iyer,2026-07-06T12:59:56,L0084,C0552,Meeting activity observed in connection with cyber extortion investigation CASE-2026-0552.,nan
EV04614,Transaction,Transaction involving Anushka Reddy,2026-07-08T07:21:14,L0129,C0552,Transaction activity observed in connection with cyber extortion investigation CASE-2026-0552.,E10753
EV04615,Arrest,Arrest involving Arnav Bansal,2026-07-22T22:16:59,L0035,C0552,Arrest activity observed in connection with cyber extortion investigation CASE-2026-0552.,nan
EV04616,Financial Activity,Financial Activity involving Anushka Reddy,2026-07-31T22:15:39,L0544,C0552,Financial Activity activity observed in connection with cyber extortion investigation CASE-2026-0552.,nan
EV04617,Call,Call involving Pooja Menon,2026-07-08T00:52:14,L0035,C0552,Call activity observed in connection with cyber extortion investigation CASE-2026-0552.,nan
EV04618,Cyber Activity,Cyber Activity involving Naveen Joshi,2026-07-19T12:32:31,L0035,C0552,Cyber Activity activity observed in connection with cyber extortion investigation CASE-2026-0552.,E10754
EV04619,Delivery,Delivery involving Arnav Bansal,2026-06-15T10:19:45,L0562,C0552,Delivery activity observed in connection with cyber extortion investigation CASE-2026-0552.,nan
