finding_id,source_id,entity_id,entity_type,finding_type,content,timestamp,confidence,status,case_id
OF00001,OS0001,O0001,organization,Business Listing,OSINT record references business listing possibly linked to Ganga Constructions Pvt Ltd (O0001).,2024-07-20T13:18:41,0.84,Review,C0001
OF00002,OS0001,P00001,person,Digital Footprint,OSINT record suggests online presence associated with Kavya Khan (P00001).,2024-07-20T00:18:41,0.72,Disputed,C0001
OF00003,OS0002,P00013,person,Business Listing,OSINT record suggests online presence associated with Mohit Pillai (P00013).,2024-08-20T18:17:49,0.75,Review,C0002
OF00004,OS0003,P00006,person,Business Listing,OSINT record suggests online presence associated with Aarav Nair (P00006).,2024-08-16T04:59:00,0.52,Disputed,C0002
OF00005,OS0003,P00028,person,Business Listing,OSINT record suggests online presence associated with Zoya Iyer (P00028).,2024-08-16T18:59:00,0.78,Review,C0002
OF00006,OS0004,O0002,organization,Business Listing,OSINT record references business listing possibly linked to Blue Horizon Solutions Pvt Ltd (O0002).,2024-02-26T23:20:16,0.81,Review,C0003
OF00007,OS0004,O0002,organization,Public Mention,OSINT record references business listing possibly linked to Blue Horizon Solutions Pvt Ltd (O0002).,2024-02-26T23:20:16,0.75,Verified,C0003
OF00008,OS0004,P00057,person,Business Listing,OSINT record suggests online presence associated with Mohit Jadhav (P00057).,2024-02-27T21:20:16,0.63,Disputed,C0003
OF00009,OS0005,P00036,person,Digital Footprint,OSINT record suggests online presence associated with Arjun Ghosh (P00036).,2024-07-05T20:48:19,0.52,Verified,C0003
OF00010,OS0006,P00073,person,Social Identity,OSINT record suggests online presence associated with Tanvi Das (P00073).,2024-11-21T05:32:57,0.69,Review,C0004
OF00011,OS0006,P00067,person,Public Mention,OSINT record suggests online presence associated with Aditya Joshi (P00067).,2024-11-21T12:32:57,0.48,Review,C0004
OF00012,OS0007,P00068,person,Digital Footprint,OSINT record suggests online presence associated with Aarav Kapoor (P00068).,2024-09-28T18:58:52,0.71,Verified,C0004
OF00013,OS0007,P00069,person,Public Mention,OSINT record suggests online presence associated with Mohit Khan (P00069).,2024-09-30T07:58:52,0.6,Disputed,C0004
OF00014,OS0008,P00064,person,Business Listing,OSINT record suggests online presence associated with Rhea Singh (P00064).,2024-10-31T02:09:19,0.72,Disputed,C0004
OF00015,OS0008,P00069,person,Social Identity,OSINT record suggests online presence associated with Mohit Khan (P00069).,2024-10-30T16:09:19,0.47,Review,C0004
OF00016,OS0009,P00075,person,Public Mention,OSINT record suggests online presence associated with Aarav Mishra (P00075).,2024-08-22T05:55:58,0.85,Disputed,C0005
OF00017,OS0010,P00109,person,Public Mention,OSINT record suggests online presence associated with Pallavi Verma (P00109).,2024-02-24T20:44:33,0.75,Disputed,C0006
OF00018,OS0010,P00094,person,Digital Footprint,OSINT record suggests online presence associated with Karan Mehta (P00094).,2024-02-25T10:44:33,0.47,Disputed,C0006
OF00019,OS0011,P00090,person,Digital Footprint,OSINT record suggests online presence associated with Sneha Joshi (P00090).,2024-06-18T04:36:25,0.54,Disputed,C0006
OF00020,OS0011,P00112,person,Public Mention,OSINT record suggests online presence associated with Meera Shah (P00112).,2024-06-17T08:36:25,0.47,Review,C0006
OF00021,OS0011,P00091,person,Social Identity,OSINT record suggests online presence associated with Naveen Menon (P00091).,2024-06-18T20:36:25,0.71,Verified,C0006
OF00022,OS0012,O0004,organization,Social Identity,OSINT record references business listing possibly linked to Sterling Realty Pvt Ltd (O0004).,2024-07-02T06:34:12,0.47,Review,C0007
OF00023,OS0012,P00123,person,Business Listing,OSINT record suggests online presence associated with Pooja Joshi (P00123).,2024-07-01T02:34:12,0.68,Disputed,C0007
OF00024,OS0013,P00123,person,Digital Footprint,OSINT record suggests online presence associated with Pooja Joshi (P00123).,2024-04-30T15:26:48,0.77,Verified,C0007
OF00025,OS0014,P00113,person,Public Mention,OSINT record suggests online presence associated with Siddharth Gupta (P00113).,2024-07-26T10:37:22,0.58,Verified,C0007
OF00026,OS0014,P00114,person,Digital Footprint,OSINT record suggests online presence associated with Vivek Kulkarni (P00114).,2024-07-26T07:37:22,0.6,Review,C0007
OF00027,OS0014,P00114,person,Social Identity,OSINT record suggests online presence associated with Vivek Kulkarni (P00114).,2024-07-27T22:37:22,0.55,Review,C0007
OF00028,OS0015,P00122,person,Digital Footprint,OSINT record suggests online presence associated with Aman Bansal (P00122).,2024-05-17T06:23:29,0.72,Review,C0007
OF00029,OS0015,P00114,person,Business Listing,OSINT record suggests online presence associated with Vivek Kulkarni (P00114).,2024-05-18T06:23:29,0.6,Disputed,C0007
OF00030,OS0016,P00014,person,Public Mention,OSINT record suggests online presence associated with Mohit Shah (P00014).,2024-07-03T20:21:39,0.5,Review,C0008
OF00031,OS0017,P00136,person,Public Mention,OSINT record suggests online presence associated with Pranav Kulkarni (P00136).,2024-06-29T06:05:41,0.54,Review,C0008
OF00032,OS0017,P00140,person,Business Listing,OSINT record suggests online presence associated with Aman Kulkarni (P00140).,2024-06-30T19:05:41,0.8,Disputed,C0008
OF00033,OS0018,P00148,person,Public Mention,OSINT record suggests online presence associated with Aanya Jadhav (P00148).,2024-07-31T16:21:24,0.53,Verified,C0009
OF00034,OS0019,P00142,person,Public Mention,OSINT record suggests online presence associated with Ishita Rao (P00142).,2024-07-03T18:05:41,0.64,Review,C0009
OF00035,OS0019,P00146,person,Public Mention,OSINT record suggests online presence associated with Aanya Menon (P00146).,2024-07-04T07:05:41,0.49,Review,C0009
OF00036,OS0020,P00153,person,Digital Footprint,OSINT record suggests online presence associated with Varun Malhotra (P00153).,2024-03-03T16:55:14,0.57,Review,C0010
OF00037,OS0021,P00161,person,Public Mention,OSINT record suggests online presence associated with Dhruv Khan (P00161).,2024-07-22T06:37:42,0.91,Disputed,C0011
OF00038,OS0021,P00166,person,Social Identity,OSINT record suggests online presence associated with Pranav Patil (P00166).,2024-07-23T04:37:42,0.69,Verified,C0011
OF00039,OS0022,P00175,person,Public Mention,OSINT record suggests online presence associated with Akash Joshi (P00175).,2024-07-12T20:39:24,0.86,Verified,C0011
OF00040,OS0022,P00172,person,Business Listing,OSINT record suggests online presence associated with Aanya Mehta (P00172).,2024-07-14T04:39:24,0.69,Disputed,C0011
OF00041,OS0022,P00178,person,Social Identity,OSINT record suggests online presence associated with Yash Malhotra (P00178).,2024-07-13T16:39:24,0.55,Disputed,C0011
OF00042,OS0023,O0006,organization,Public Mention,OSINT record references business listing possibly linked to Horizon Consulting Services (O0006).,2024-07-22T02:24:53,0.81,Verified,C0011
OF00043,OS0023,P00163,person,Public Mention,OSINT record suggests online presence associated with Dev Singh (P00163).,2024-07-22T15:24:53,0.76,Review,C0011
OF00044,OS0023,P00179,person,Public Mention,OSINT record suggests online presence associated with Diya Das (P00179).,2024-07-22T01:24:53,0.7,Review,C0011
OF00045,OS0024,P00007,person,Social Identity,OSINT record suggests online presence associated with Rahul Verma (P00007).,2024-02-27T08:05:49,0.78,Disputed,C0012
OF00046,OS0025,P00010,person,Business Listing,OSINT record suggests online presence associated with Naveen Reddy (P00010).,2024-01-28T10:43:09,0.88,Disputed,C0012
OF00047,OS0026,P00007,person,Digital Footprint,OSINT record suggests online presence associated with Rahul Verma (P00007).,2024-05-27T18:40:57,0.61,Review,C0012
OF00048,OS0027,P00195,person,Public Mention,OSINT record suggests online presence associated with Rahul Naik (P00195).,2024-03-25T20:12:14,0.5,Verified,C0013
OF00049,OS0027,P00192,person,Social Identity,OSINT record suggests online presence associated with Sameer Jadhav (P00192).,2024-03-26T19:12:14,0.64,Review,C0013
OF00050,OS0027,P00194,person,Social Identity,OSINT record suggests online presence associated with Rohan Ghosh (P00194).,2024-03-26T02:12:14,0.8,Verified,C0013
OF00051,OS0028,P00213,person,Digital Footprint,OSINT record suggests online presence associated with Aditya Naik (P00213).,2024-03-14T20:37:08,0.59,Review,C0014
OF00052,OS0029,O0008,organization,Business Listing,OSINT record references business listing possibly linked to Ganga Realty Pvt Ltd (O0008).,2024-07-25T21:52:53,0.75,Verified,C0014
OF00053,OS0030,P00231,person,Public Mention,OSINT record suggests online presence associated with Varun Menon (P00231).,2024-07-31T05:21:43,0.69,Review,C0015
OF00054,OS0030,P00238,person,Social Identity,OSINT record suggests online presence associated with Rhea Patil (P00238).,2024-07-31T09:21:43,0.78,Verified,C0015
OF00055,OS0031,P00238,person,Public Mention,OSINT record suggests online presence associated with Rhea Patil (P00238).,2024-08-08T14:57:17,0.63,Verified,C0015
OF00056,OS0031,O0009,organization,Social Identity,OSINT record references business listing possibly linked to Sahyadri Transport (O0009).,2024-08-10T09:57:17,0.73,Review,C0015
OF00057,OS0031,P00236,person,Public Mention,OSINT record suggests online presence associated with Akash Saxena (P00236).,2024-08-09T17:57:17,0.9,Review,C0015
OF00058,OS0032,P00227,person,Business Listing,OSINT record suggests online presence associated with Pranav Shetty (P00227).,2024-08-19T01:48:18,0.59,Verified,C0015
OF00059,OS0032,P00232,person,Social Identity,OSINT record suggests online presence associated with Karan Mehta (P00232).,2024-08-18T15:48:18,0.7,Verified,C0015
OF00060,OS0033,O0009,organization,Digital Footprint,OSINT record references business listing possibly linked to Sahyadri Transport (O0009).,2024-08-25T06:24:52,0.6,Verified,C0015
OF00061,OS0034,P00245,person,Social Identity,OSINT record suggests online presence associated with Yamini Singh (P00245).,2024-06-11T00:59:26,0.47,Verified,C0016
OF00062,OS0035,P00268,person,Public Mention,OSINT record suggests online presence associated with Pranav Ghosh (P00268).,2024-08-01T00:25:12,0.76,Review,C0017
OF00063,OS0035,P00271,person,Digital Footprint,OSINT record suggests online presence associated with Avni Singh (P00271).,2024-07-30T19:25:12,0.91,Review,C0017
OF00064,OS0035,P00270,person,Public Mention,OSINT record suggests online presence associated with Vivek Saxena (P00270).,2024-07-31T21:25:12,0.75,Disputed,C0017
OF00065,OS0036,P00265,person,Business Listing,OSINT record suggests online presence associated with Zoya Reddy (P00265).,2024-11-22T23:47:20,0.91,Verified,C0017
OF00066,OS0037,P00267,person,Public Mention,OSINT record suggests online presence associated with Yamini Shetty (P00267).,2024-01-20T03:29:31,0.46,Review,C0017
OF00067,OS0037,P00271,person,Social Identity,OSINT record suggests online presence associated with Avni Singh (P00271).,2024-01-21T14:29:31,0.71,Review,C0017
OF00068,OS0037,P00270,person,Public Mention,OSINT record suggests online presence associated with Vivek Saxena (P00270).,2024-01-21T04:29:31,0.79,Disputed,C0017
OF00069,OS0038,P00270,person,Public Mention,OSINT record suggests online presence associated with Vivek Saxena (P00270).,2024-07-25T03:56:23,0.89,Review,C0017
OF00070,OS0038,P00271,person,Social Identity,OSINT record suggests online presence associated with Avni Singh (P00271).,2024-07-25T20:56:23,0.68,Review,C0017
OF00071,OS0039,P00274,person,Digital Footprint,OSINT record suggests online presence associated with Kiara Joshi (P00274).,2024-06-19T09:03:29,0.82,Verified,C0018
OF00072,OS0040,P00286,person,Social Identity,OSINT record suggests online presence associated with Diya Patil (P00286).,2024-07-24T09:34:56,0.66,Verified,C0018
OF00073,OS0040,P00274,person,Digital Footprint,OSINT record suggests online presence associated with Kiara Joshi (P00274).,2024-07-23T08:34:56,0.89,Disputed,C0018
OF00074,OS0041,P00282,person,Public Mention,OSINT record suggests online presence associated with Dev Pillai (P00282).,2024-03-22T16:59:45,0.79,Review,C0018
OF00075,OS0041,P00291,person,Social Identity,OSINT record suggests online presence associated with Harsh Mehta (P00291).,2024-03-22T08:59:45,0.5,Review,C0018
OF00076,OS0042,P00297,person,Social Identity,OSINT record suggests online presence associated with Aanya Thakur (P00297).,2024-07-15T07:28:18,0.89,Disputed,C0019
OF00077,OS0043,P00327,person,Digital Footprint,OSINT record suggests online presence associated with Avni Desai (P00327).,2024-06-02T15:28:55,0.67,Verified,C0020
OF00078,OS0043,P00326,person,Social Identity,OSINT record suggests online presence associated with Vidhi Naik (P00326).,2024-06-03T07:28:55,0.68,Review,C0020
OF00079,OS0044,P00332,person,Social Identity,OSINT record suggests online presence associated with Karan Mehta (P00332).,2024-08-05T09:09:53,0.91,Disputed,C0020
OF00080,OS0044,P00307,person,Social Identity,OSINT record suggests online presence associated with Kiara Shah (P00307).,2024-08-05T20:09:53,0.85,Review,C0020
OF00081,OS0044,P00330,person,Digital Footprint,OSINT record suggests online presence associated with Siddharth Singh (P00330).,2024-08-05T09:09:53,0.79,Disputed,C0020
OF00082,OS0045,P00338,person,Public Mention,OSINT record suggests online presence associated with Zoya Patil (P00338).,2024-07-26T04:59:34,0.78,Review,C0021
OF00083,OS0045,P00335,person,Social Identity,OSINT record suggests online presence associated with Manav Das (P00335).,2024-07-25T14:59:34,0.72,Review,C0021
OF00084,OS0046,P00344,person,Digital Footprint,OSINT record suggests online presence associated with Saurabh Sethi (P00344).,2024-08-02T10:10:37,0.52,Verified,C0022
OF00085,OS0047,P00348,person,Business Listing,OSINT record suggests online presence associated with Aniket Malhotra (P00348).,2024-08-07T18:18:02,0.54,Verified,C0023
OF00086,OS0047,P00060,person,Digital Footprint,OSINT record suggests online presence associated with Varun Das (P00060).,2024-08-08T20:18:02,0.88,Verified,C0023
OF00087,OS0048,P00361,person,Public Mention,OSINT record suggests online presence associated with Rohan Saxena (P00361).,2024-07-11T09:57:12,0.85,Review,C0024
OF00088,OS0048,P00360,person,Business Listing,OSINT record suggests online presence associated with Arnav Chavan (P00360).,2024-07-12T01:57:12,0.68,Verified,C0024
OF00089,OS0049,O0013,organization,Public Mention,OSINT record references business listing possibly linked to Maharashtra Industrial Transport (O0013).,2024-10-22T17:26:51,0.58,Review,C0025
OF00090,OS0049,P00386,person,Public Mention,OSINT record suggests online presence associated with Shreya Iyer (P00386).,2024-10-23T02:26:51,0.88,Disputed,C0025
OF00091,OS0050,P00389,person,Social Identity,OSINT record suggests online presence associated with Kiara Sethi (P00389).,2024-09-10T13:03:44,0.45,Review,C0026
OF00092,OS0050,P00391,person,Digital Footprint,OSINT record suggests online presence associated with Rohan Menon (P00391).,2024-09-11T16:03:44,0.86,Disputed,C0026
OF00093,OS0051,P00394,person,Social Identity,OSINT record suggests online presence associated with Zoya Verma (P00394).,2024-02-28T18:08:30,0.89,Verified,C0027
OF00094,OS0052,P00400,person,Public Mention,OSINT record suggests online presence associated with Karan Kapoor (P00400).,2024-08-28T03:36:48,0.74,Disputed,C0028
OF00095,OS0052,P00397,person,Digital Footprint,OSINT record suggests online presence associated with Dhruv Mishra (P00397).,2024-08-27T12:36:48,0.47,Verified,C0028
OF00096,OS0053,P00399,person,Digital Footprint,OSINT record suggests online presence associated with Saurabh Khan (P00399).,2024-08-27T02:34:48,0.61,Review,C0028
OF00097,OS0053,P00396,person,Public Mention,OSINT record suggests online presence associated with Raj Kulkarni (P00396).,2024-08-26T09:34:48,0.52,Disputed,C0028
OF00098,OS0054,O0015,organization,Digital Footprint,OSINT record references business listing possibly linked to Sunrise Realty Pvt Ltd (O0015).,2024-08-25T23:51:02,0.61,Disputed,C0028
OF00099,OS0054,P00398,person,Public Mention,OSINT record suggests online presence associated with Ishita Malhotra (P00398).,2024-08-26T05:51:02,0.78,Verified,C0028
OF00100,OS0054,P00396,person,Digital Footprint,OSINT record suggests online presence associated with Raj Kulkarni (P00396).,2024-08-25T05:51:02,0.72,Disputed,C0028
OF00101,OS0055,O0016,organization,Digital Footprint,OSINT record references business listing possibly linked to Vertex Realty Pvt Ltd (O0016).,2024-11-25T04:09:52,0.53,Verified,C0029
OF00102,OS0055,O0016,organization,Public Mention,OSINT record references business listing possibly linked to Vertex Realty Pvt Ltd (O0016).,2024-11-24T06:09:52,0.64,Review,C0029
OF00103,OS0056,P00422,person,Digital Footprint,OSINT record suggests online presence associated with Tanvi Malhotra (P00422).,2024-05-17T14:42:53,0.6,Review,C0029
OF00104,OS0056,P00452,person,Public Mention,OSINT record suggests online presence associated with Kavya Nair (P00452).,2024-05-16T20:42:53,0.74,Verified,C0029
OF00105,OS0057,P00458,person,Digital Footprint,OSINT record suggests online presence associated with Naina Mehta (P00458).,2024-02-21T21:39:23,0.5,Review,C0030
OF00106,OS0057,P00457,person,Social Identity,OSINT record suggests online presence associated with Rahul Iyer (P00457).,2024-02-21T12:39:23,0.63,Review,C0030
OF00107,OS0058,O0017,organization,Business Listing,OSINT record references business listing possibly linked to Konkan Transport (O0017).,2024-08-16T06:44:43,0.49,Disputed,C0031
OF00108,OS0058,P00479,person,Public Mention,OSINT record suggests online presence associated with Rohan Kulkarni (P00479).,2024-08-15T10:44:43,0.9,Verified,C0031
OF00109,OS0059,P00487,person,Social Identity,OSINT record suggests online presence associated with Raj Ghosh (P00487).,2024-05-07T14:19:05,0.76,Disputed,C0032
OF00110,OS0059,P00490,person,Business Listing,OSINT record suggests online presence associated with Shreya Bansal (P00490).,2024-05-08T09:19:05,0.86,Review,C0032
OF00111,OS0059,P00487,person,Social Identity,OSINT record suggests online presence associated with Raj Ghosh (P00487).,2024-05-08T20:19:05,0.85,Review,C0032
OF00112,OS0060,P00231,person,Business Listing,OSINT record suggests online presence associated with Varun Menon (P00231).,2024-02-24T11:10:39,0.57,Review,C0033
OF00113,OS0060,O0018,organization,Public Mention,OSINT record references business listing possibly linked to Sterling Constructions Pvt Ltd (O0018).,2024-02-24T06:10:39,0.45,Review,C0033
OF00114,OS0060,P00219,person,Business Listing,OSINT record suggests online presence associated with Kiara Malhotra (P00219).,2024-02-24T01:10:39,0.88,Review,C0033
OF00115,OS0061,P00494,person,Social Identity,OSINT record suggests online presence associated with Kunal Patil (P00494).,2024-03-10T06:50:21,0.74,Disputed,C0034
OF00116,OS0062,P00516,person,Digital Footprint,OSINT record suggests online presence associated with Zoya Patil (P00516).,2024-07-15T16:15:17,0.46,Verified,C0035
OF00117,OS0063,P00519,person,Public Mention,OSINT record suggests online presence associated with Meera Mishra (P00519).,2024-08-25T23:52:49,0.51,Review,C0035
OF00118,OS0064,P00506,person,Digital Footprint,OSINT record suggests online presence associated with Naina Sethi (P00506).,2024-08-24T13:33:48,0.77,Verified,C0035
OF00119,OS0064,P00506,person,Business Listing,OSINT record suggests online presence associated with Naina Sethi (P00506).,2024-08-23T05:33:48,0.91,Disputed,C0035
OF00120,OS0065,P00526,person,Business Listing,OSINT record suggests online presence associated with Sneha Bansal (P00526).,2024-08-19T19:10:46,0.45,Disputed,C0036
OF00121,OS0066,P00533,person,Business Listing,OSINT record suggests online presence associated with Vanya Ghosh (P00533).,2024-07-18T05:37:18,0.51,Disputed,C0037
OF00122,OS0066,P00551,person,Public Mention,OSINT record suggests online presence associated with Meera Malhotra (P00551).,2024-07-18T05:37:18,0.62,Disputed,C0037
OF00123,OS0067,O0021,organization,Social Identity,OSINT record references business listing possibly linked to Yamuna Freight Services (O0021).,2024-07-07T11:12:14,0.85,Review,C0037
OF00124,OS0067,P00554,person,Business Listing,OSINT record suggests online presence associated with Yamini Shetty (P00554).,2024-07-07T17:12:14,0.75,Review,C0037
OF00125,OS0068,O0021,organization,Digital Footprint,OSINT record references business listing possibly linked to Yamuna Freight Services (O0021).,2024-08-07T14:27:43,0.8,Disputed,C0037
OF00126,OS0069,P00572,person,Social Identity,OSINT record suggests online presence associated with Sneha Iyer (P00572).,2024-03-31T05:33:49,0.78,Review,C0038
OF00127,OS0070,P00568,person,Digital Footprint,OSINT record suggests online presence associated with Kavya Bansal (P00568).,2024-08-03T05:18:17,0.79,Verified,C0038
OF00128,OS0070,P00568,person,Digital Footprint,OSINT record suggests online presence associated with Kavya Bansal (P00568).,2024-08-03T14:18:17,0.51,Verified,C0038
OF00129,OS0070,P00569,person,Business Listing,OSINT record suggests online presence associated with Mahi Rao (P00569).,2024-08-04T06:18:17,0.92,Verified,C0038
OF00130,OS0071,P00578,person,Public Mention,OSINT record suggests online presence associated with Vivek Bhat (P00578).,2024-03-20T23:11:36,0.45,Review,C0039
OF00131,OS0071,P00576,person,Social Identity,OSINT record suggests online presence associated with Aditya Patil (P00576).,2024-03-21T15:11:36,0.64,Verified,C0039
OF00132,OS0071,P00577,person,Digital Footprint,OSINT record suggests online presence associated with Naveen Naik (P00577).,2024-03-21T01:11:36,0.5,Disputed,C0039
OF00133,OS0072,O0022,organization,Public Mention,OSINT record references business listing possibly linked to Konkan Retailers Pvt Ltd (O0022).,2024-08-04T23:23:22,0.46,Disputed,C0039
OF00134,OS0072,O0022,organization,Business Listing,OSINT record references business listing possibly linked to Konkan Retailers Pvt Ltd (O0022).,2024-08-04T03:23:22,0.82,Disputed,C0039
OF00135,OS0073,O0022,organization,Public Mention,OSINT record references business listing possibly linked to Konkan Retailers Pvt Ltd (O0022).,2024-02-19T04:59:36,0.9,Verified,C0039
OF00136,OS0073,P00576,person,Digital Footprint,OSINT record suggests online presence associated with Aditya Patil (P00576).,2024-02-20T00:59:36,0.71,Verified,C0039
OF00137,OS0073,O0022,organization,Public Mention,OSINT record references business listing possibly linked to Konkan Retailers Pvt Ltd (O0022).,2024-02-20T09:59:36,0.58,Review,C0039
OF00138,OS0074,P00592,person,Digital Footprint,OSINT record suggests online presence associated with Manav Shah (P00592).,2024-12-05T05:47:58,0.77,Disputed,C0040
OF00139,OS0074,P00584,person,Business Listing,OSINT record suggests online presence associated with Rahul Iyer (P00584).,2024-12-05T12:47:58,0.86,Disputed,C0040
OF00140,OS0075,P00592,person,Public Mention,OSINT record suggests online presence associated with Manav Shah (P00592).,2024-06-18T05:44:16,0.7,Verified,C0040
OF00141,OS0075,P00582,person,Social Identity,OSINT record suggests online presence associated with Tara Bansal (P00582).,2024-06-18T04:44:16,0.77,Review,C0040
OF00142,OS0075,P00589,person,Digital Footprint,OSINT record suggests online presence associated with Tanvi Bhat (P00589).,2024-06-17T16:44:16,0.6,Verified,C0040
OF00143,OS0076,P00588,person,Business Listing,OSINT record suggests online presence associated with Shreya Saxena (P00588).,2024-05-15T01:02:19,0.76,Verified,C0040
OF00144,OS0077,P00591,person,Business Listing,OSINT record suggests online presence associated with Pranav Naik (P00591).,2024-12-23T05:23:02,0.68,Verified,C0040
OF00145,OS0077,P00594,person,Public Mention,OSINT record suggests online presence associated with Riya Das (P00594).,2024-12-21T23:23:02,0.48,Disputed,C0040
OF00146,OS0078,P00596,person,Digital Footprint,OSINT record suggests online presence associated with Sana Rao (P00596).,2024-09-07T14:23:47,0.55,Verified,C0041
OF00147,OS0078,O0024,organization,Public Mention,OSINT record references business listing possibly linked to Sunrise Freight Services (O0024).,2024-09-08T13:23:47,0.52,Verified,C0041
OF00148,OS0079,P00598,person,Digital Footprint,OSINT record suggests online presence associated with Kabir Menon (P00598).,2024-06-16T10:20:24,0.79,Verified,C0042
OF00149,OS0079,P00597,person,Public Mention,OSINT record suggests online presence associated with Vanya Mishra (P00597).,2024-06-16T00:20:24,0.78,Verified,C0042
OF00150,OS0080,P00599,person,Business Listing,OSINT record suggests online presence associated with Diya Jadhav (P00599).,2024-06-27T11:24:03,0.59,Verified,C0043
OF00151,OS0080,P00599,person,Public Mention,OSINT record suggests online presence associated with Diya Jadhav (P00599).,2024-06-28T15:24:03,0.8,Disputed,C0043
OF00152,OS0080,P00608,person,Public Mention,OSINT record suggests online presence associated with Rhea Patil (P00608).,2024-06-27T03:24:03,0.56,Disputed,C0043
OF00153,OS0081,P00601,person,Social Identity,OSINT record suggests online presence associated with Kiara Khan (P00601).,2024-08-22T10:00:19,0.65,Disputed,C0043
OF00154,OS0081,P00605,person,Digital Footprint,OSINT record suggests online presence associated with Sneha Naik (P00605).,2024-08-23T03:00:19,0.72,Verified,C0043
OF00155,OS0081,P00602,person,Business Listing,OSINT record suggests online presence associated with Diya Naik (P00602).,2024-08-23T13:00:19,0.64,Verified,C0043
OF00156,OS0082,P00600,person,Social Identity,OSINT record suggests online presence associated with Arjun Bansal (P00600).,2024-07-11T22:36:25,0.64,Disputed,C0043
OF00157,OS0082,P00603,person,Public Mention,OSINT record suggests online presence associated with Kabir Chavan (P00603).,2024-07-10T13:36:25,0.72,Verified,C0043
OF00158,OS0082,P00604,person,Business Listing,OSINT record suggests online presence associated with Naina Jadhav (P00604).,2024-07-11T21:36:25,0.68,Verified,C0043
OF00159,OS0083,P00086,person,Social Identity,OSINT record suggests online presence associated with Aditya Iyer (P00086).,2024-02-02T20:52:22,0.65,Disputed,C0044
OF00160,OS0083,O0025,organization,Social Identity,OSINT record references business listing possibly linked to Highland Freight Services (O0025).,2024-02-03T07:52:22,0.89,Review,C0044
OF00161,OS0083,P00612,person,Public Mention,OSINT record suggests online presence associated with Ishaan Jadhav (P00612).,2024-02-02T00:52:22,0.48,Review,C0044
OF00162,OS0084,P00640,person,Social Identity,OSINT record suggests online presence associated with Kiara Jadhav (P00640).,2024-07-22T05:37:47,0.6,Review,C0045
OF00163,OS0084,P00634,person,Digital Footprint,OSINT record suggests online presence associated with Yash Das (P00634).,2024-07-21T08:37:47,0.87,Review,C0045
OF00164,OS0084,P00636,person,Public Mention,OSINT record suggests online presence associated with Vanya Nair (P00636).,2024-07-21T21:37:47,0.91,Verified,C0045
OF00165,OS0085,P00662,person,Business Listing,OSINT record suggests online presence associated with Ritesh Verma (P00662).,2024-07-22T18:42:43,0.54,Disputed,C0046
OF00166,OS0086,O0027,organization,Public Mention,OSINT record references business listing possibly linked to Metro Trading Company (O0027).,2024-05-27T23:23:29,0.55,Review,C0046
OF00167,OS0087,P00667,person,Social Identity,OSINT record suggests online presence associated with Ishaan Das (P00667).,2024-12-19T16:24:17,0.61,Review,C0047
OF00168,OS0087,P00667,person,Public Mention,OSINT record suggests online presence associated with Ishaan Das (P00667).,2024-12-19T23:24:17,0.78,Disputed,C0047
OF00169,OS0088,P00670,person,Digital Footprint,OSINT record suggests online presence associated with Diya Chavan (P00670).,2024-08-07T06:19:36,0.76,Disputed,C0048
OF00170,OS0088,O0028,organization,Digital Footprint,OSINT record references business listing possibly linked to Coastal Consulting Services (O0028).,2024-08-05T11:19:36,0.77,Disputed,C0048
OF00171,OS0089,P00252,person,Digital Footprint,OSINT record suggests online presence associated with Siddharth Bhat (P00252).,2024-08-14T22:32:12,0.46,Disputed,C0049
OF00172,OS0090,P00691,person,Digital Footprint,OSINT record suggests online presence associated with Neha Pillai (P00691).,2024-05-27T13:50:19,0.77,Review,C0050
OF00173,OS0090,P00682,person,Public Mention,OSINT record suggests online presence associated with Aman Nair (P00682).,2024-05-27T06:50:19,0.77,Disputed,C0050
OF00174,OS0090,P00680,person,Public Mention,OSINT record suggests online presence associated with Pranav Singh (P00680).,2024-05-26T19:50:19,0.88,Verified,C0050
OF00175,OS0091,P00691,person,Social Identity,OSINT record suggests online presence associated with Neha Pillai (P00691).,2024-04-29T06:52:22,0.49,Verified,C0050
OF00176,OS0092,P00689,person,Business Listing,OSINT record suggests online presence associated with Rhea Mishra (P00689).,2024-08-06T22:48:47,0.79,Verified,C0050
OF00177,OS0092,P00692,person,Business Listing,OSINT record suggests online presence associated with Kunal Singh (P00692).,2024-08-07T03:48:47,0.92,Disputed,C0050
OF00178,OS0092,P00600,person,Business Listing,OSINT record suggests online presence associated with Arjun Bansal (P00600).,2024-08-07T03:48:47,0.74,Review,C0050
OF00179,OS0093,O0029,organization,Public Mention,OSINT record references business listing possibly linked to Highland Financial Solutions (O0029).,2024-05-16T23:42:36,0.54,Disputed,C0051
OF00180,OS0093,P00698,person,Social Identity,OSINT record suggests online presence associated with Aniket Iyer (P00698).,2024-05-17T17:42:36,0.46,Disputed,C0051
OF00181,OS0093,P00285,person,Business Listing,OSINT record suggests online presence associated with Neha Shetty (P00285).,2024-05-17T21:42:36,0.49,Disputed,C0051
OF00182,OS0094,P00696,person,Digital Footprint,OSINT record suggests online presence associated with Karan Singh (P00696).,2024-08-12T22:48:18,0.69,Verified,C0051
OF00183,OS0094,P00285,person,Business Listing,OSINT record suggests online presence associated with Neha Shetty (P00285).,2024-08-12T15:48:18,0.5,Review,C0051
OF00184,OS0095,O0029,organization,Social Identity,OSINT record references business listing possibly linked to Highland Financial Solutions (O0029).,2024-03-18T04:56:42,0.86,Verified,C0051
OF00185,OS0095,P00699,person,Public Mention,OSINT record suggests online presence associated with Karan Khan (P00699).,2024-03-19T20:56:42,0.65,Disputed,C0051
OF00186,OS0095,P00701,person,Digital Footprint,OSINT record suggests online presence associated with Meera Naik (P00701).,2024-03-18T22:56:42,0.73,Review,C0051
OF00187,OS0096,P00697,person,Business Listing,OSINT record suggests online presence associated with Raj Shetty (P00697).,2024-09-19T10:00:18,0.5,Verified,C0051
OF00188,OS0096,P00701,person,Public Mention,OSINT record suggests online presence associated with Meera Naik (P00701).,2024-09-19T06:00:18,0.81,Review,C0051
OF00189,OS0096,P00700,person,Social Identity,OSINT record suggests online presence associated with Zoya Shetty (P00700).,2024-09-17T22:00:18,0.47,Verified,C0051
OF00190,OS0097,P00708,person,Public Mention,OSINT record suggests online presence associated with Mahi Shah (P00708).,2024-09-07T03:09:25,0.7,Disputed,C0052
OF00191,OS0098,P00715,person,Social Identity,OSINT record suggests online presence associated with Raj Nair (P00715).,2024-04-22T08:40:29,0.89,Verified,C0052
OF00192,OS0098,P00725,person,Business Listing,OSINT record suggests online presence associated with Dhruv Joshi (P00725).,2024-04-23T10:40:29,0.92,Disputed,C0052
OF00193,OS0098,P00708,person,Digital Footprint,OSINT record suggests online presence associated with Mahi Shah (P00708).,2024-04-22T13:40:29,0.72,Verified,C0052
OF00194,OS0099,P00713,person,Digital Footprint,OSINT record suggests online presence associated with Avni Singh (P00713).,2024-07-13T04:31:30,0.5,Disputed,C0052
OF00195,OS0099,P00498,person,Business Listing,OSINT record suggests online presence associated with Aditi Ghosh (P00498).,2024-07-12T14:31:30,0.63,Disputed,C0052
OF00196,OS0100,P00726,person,Public Mention,OSINT record suggests online presence associated with Naina Kapoor (P00726).,2024-08-20T09:33:33,0.84,Review,C0053
OF00197,OS0101,P00744,person,Digital Footprint,OSINT record suggests online presence associated with Simran Bhat (P00744).,2024-12-15T02:05:34,0.47,Verified,C0054
OF00198,OS0101,P00738,person,Social Identity,OSINT record suggests online presence associated with Naina Ghosh (P00738).,2024-12-16T13:05:34,0.84,Disputed,C0054
OF00199,OS0102,P00732,person,Public Mention,OSINT record suggests online presence associated with Arnav Desai (P00732).,2024-06-24T08:16:03,0.71,Disputed,C0054
OF00200,OS0102,P00737,person,Public Mention,OSINT record suggests online presence associated with Arjun Chavan (P00737).,2024-06-25T06:16:03,0.48,Verified,C0054
OF00201,OS0102,P00737,person,Public Mention,OSINT record suggests online presence associated with Arjun Chavan (P00737).,2024-06-25T12:16:03,0.55,Disputed,C0054
OF00202,OS0103,P00738,person,Business Listing,OSINT record suggests online presence associated with Naina Ghosh (P00738).,2024-08-28T10:42:57,0.56,Disputed,C0054
OF00203,OS0103,P00729,person,Social Identity,OSINT record suggests online presence associated with Tara Sethi (P00729).,2024-08-27T15:42:57,0.57,Review,C0054
OF00204,OS0104,P00753,person,Digital Footprint,OSINT record suggests online presence associated with Sameer Pillai (P00753).,2024-06-11T06:24:23,0.5,Verified,C0055
OF00205,OS0105,O0032,organization,Social Identity,OSINT record references business listing possibly linked to Regal Enterprises (O0032).,2024-08-02T14:55:10,0.66,Disputed,C0056
OF00206,OS0105,P00762,person,Public Mention,OSINT record suggests online presence associated with Ritesh Desai (P00762).,2024-08-02T10:55:10,0.81,Review,C0056
OF00207,OS0106,P00765,person,Public Mention,OSINT record suggests online presence associated with Saurabh Gupta (P00765).,2024-07-16T18:56:35,0.74,Verified,C0056
OF00208,OS0107,P00534,person,Digital Footprint,OSINT record suggests online presence associated with Diya Patil (P00534).,2024-08-19T14:19:47,0.62,Disputed,C0057
OF00209,OS0107,P00785,person,Public Mention,OSINT record suggests online presence associated with Arnav Singh (P00785).,2024-08-18T20:19:47,0.59,Review,C0057
OF00210,OS0107,P00802,person,Business Listing,OSINT record suggests online presence associated with Trisha Mishra (P00802).,2024-08-18T15:19:47,0.69,Disputed,C0057
OF00211,OS0108,P00814,person,Social Identity,OSINT record suggests online presence associated with Vivek Nair (P00814).,2024-07-24T03:10:01,0.64,Disputed,C0058
OF00212,OS0108,P00813,person,Digital Footprint,OSINT record suggests online presence associated with Isha Nair (P00813).,2024-07-24T01:10:01,0.53,Review,C0058
OF00213,OS0108,P00813,person,Digital Footprint,OSINT record suggests online presence associated with Isha Nair (P00813).,2024-07-22T19:10:01,0.6,Review,C0058
OF00214,OS0109,P00818,person,Social Identity,OSINT record suggests online presence associated with Shreya Shetty (P00818).,2024-08-23T15:32:36,0.91,Review,C0058
OF00215,OS0109,P00810,person,Business Listing,OSINT record suggests online presence associated with Aanya Chavan (P00810).,2024-08-23T11:32:36,0.71,Review,C0058
OF00216,OS0110,P00837,person,Digital Footprint,OSINT record suggests online presence associated with Kunal Joshi (P00837).,2024-07-05T17:08:58,0.66,Review,C0059
OF00217,OS0110,P00837,person,Business Listing,OSINT record suggests online presence associated with Kunal Joshi (P00837).,2024-07-05T22:08:58,0.71,Verified,C0059
OF00218,OS0111,P00825,person,Public Mention,OSINT record suggests online presence associated with Varun Khan (P00825).,2024-04-05T15:27:17,0.46,Disputed,C0059
OF00219,OS0111,O0034,organization,Digital Footprint,OSINT record references business listing possibly linked to Sahyadri Financial Solutions (O0034).,2024-04-05T03:27:17,0.49,Disputed,C0059
OF00220,OS0111,P00827,person,Business Listing,OSINT record suggests online presence associated with Meera Saxena (P00827).,2024-04-06T01:27:17,0.56,Review,C0059
OF00221,OS0112,P00830,person,Digital Footprint,OSINT record suggests online presence associated with Dev Khan (P00830).,2024-03-03T21:27:29,0.8,Review,C0059
OF00222,OS0112,P00844,person,Digital Footprint,OSINT record suggests online presence associated with Yamini Saxena (P00844).,2024-03-04T13:27:29,0.48,Verified,C0059
OF00223,OS0113,P00851,person,Digital Footprint,OSINT record suggests online presence associated with Ishita Shah (P00851).,2024-04-08T12:44:21,0.45,Disputed,C0060
OF00224,OS0114,P00871,person,Public Mention,OSINT record suggests online presence associated with Aarav Jadhav (P00871).,2024-08-02T18:30:17,0.61,Review,C0060
OF00225,OS0114,P00862,person,Business Listing,OSINT record suggests online presence associated with Akash Das (P00862).,2024-08-03T17:30:17,0.69,Verified,C0060
OF00226,OS0115,P00866,person,Digital Footprint,OSINT record suggests online presence associated with Ananya Kapoor (P00866).,2024-12-02T03:46:13,0.85,Verified,C0060
OF00227,OS0116,P00870,person,Business Listing,OSINT record suggests online presence associated with Aarav Das (P00870).,2024-05-30T15:49:19,0.73,Verified,C0060
OF00228,OS0116,P00872,person,Business Listing,OSINT record suggests online presence associated with Aditi Shah (P00872).,2024-05-30T18:49:19,0.62,Review,C0060
OF00229,OS0117,P00891,person,Digital Footprint,OSINT record suggests online presence associated with Vivek Ghosh (P00891).,2024-07-15T05:03:43,0.91,Disputed,C0061
OF00230,OS0118,P00885,person,Public Mention,OSINT record suggests online presence associated with Pooja Thakur (P00885).,2024-02-12T13:25:35,0.66,Review,C0061
OF00231,OS0118,P00886,person,Digital Footprint,OSINT record suggests online presence associated with Nisha Patil (P00886).,2024-02-12T05:25:35,0.53,Disputed,C0061
OF00232,OS0118,P00882,person,Digital Footprint,OSINT record suggests online presence associated with Aman Verma (P00882).,2024-02-12T03:25:35,0.78,Disputed,C0061
OF00233,OS0119,P00881,person,Business Listing,OSINT record suggests online presence associated with Vidhi Ghosh (P00881).,2024-11-08T12:23:43,0.54,Verified,C0061
OF00234,OS0119,P00888,person,Social Identity,OSINT record suggests online presence associated with Trisha Saxena (P00888).,2024-11-07T07:23:43,0.57,Disputed,C0061
OF00235,OS0119,P00880,person,Social Identity,OSINT record suggests online presence associated with Nikhil Malhotra (P00880).,2024-11-08T10:23:43,0.75,Verified,C0061
OF00236,OS0120,P00901,person,Digital Footprint,OSINT record suggests online presence associated with Kiara Bansal (P00901).,2024-08-29T08:45:47,0.89,Disputed,C0062
OF00237,OS0121,O0036,organization,Digital Footprint,OSINT record references business listing possibly linked to Central Transport (O0036).,2024-06-06T05:09:51,0.81,Verified,C0063
OF00238,OS0121,P00948,person,Digital Footprint,OSINT record suggests online presence associated with Aniket Rao (P00948).,2024-06-06T13:09:51,0.7,Verified,C0063
OF00239,OS0121,O0036,organization,Business Listing,OSINT record references business listing possibly linked to Central Transport (O0036).,2024-06-06T14:09:51,0.84,Verified,C0063
OF00240,OS0122,P00942,person,Social Identity,OSINT record suggests online presence associated with Aniket Ghosh (P00942).,2024-07-26T14:10:38,0.64,Verified,C0063
OF00241,OS0122,O0036,organization,Business Listing,OSINT record references business listing possibly linked to Central Transport (O0036).,2024-07-25T08:10:38,0.79,Verified,C0063
OF00242,OS0122,P00957,person,Business Listing,OSINT record suggests online presence associated with Ishaan Patil (P00957).,2024-07-26T09:10:38,0.9,Disputed,C0063
OF00243,OS0123,P00945,person,Business Listing,OSINT record suggests online presence associated with Zoya Rao (P00945).,2024-10-23T03:26:07,0.86,Disputed,C0063
OF00244,OS0123,O0036,organization,Public Mention,OSINT record references business listing possibly linked to Central Transport (O0036).,2024-10-22T06:26:07,0.77,Disputed,C0063
OF00245,OS0124,P00955,person,Social Identity,OSINT record suggests online presence associated with Aniket Saxena (P00955).,2024-03-01T03:52:57,0.49,Verified,C0063
OF00246,OS0124,O0036,organization,Social Identity,OSINT record references business listing possibly linked to Central Transport (O0036).,2024-02-28T13:52:57,0.61,Review,C0063
OF00247,OS0125,P00961,person,Public Mention,OSINT record suggests online presence associated with Shreya Menon (P00961).,2024-08-03T02:48:43,0.91,Disputed,C0064
OF00248,OS0126,O0037,organization,Social Identity,OSINT record references business listing possibly linked to Sterling Logistics Pvt Ltd (O0037).,2024-07-22T06:35:43,0.86,Review,C0065
OF00249,OS0127,P00988,person,Business Listing,OSINT record suggests online presence associated with Kunal Thakur (P00988).,2024-08-24T06:22:09,0.64,Disputed,C0066
OF00250,OS0127,P00969,person,Public Mention,OSINT record suggests online presence associated with Vanya Thakur (P00969).,2024-08-24T09:22:09,0.55,Verified,C0066
OF00251,OS0128,O0038,organization,Digital Footprint,OSINT record references business listing possibly linked to Zenith Industrial Supplies (O0038).,2024-05-16T19:47:40,0.79,Verified,C0066
OF00252,OS0129,O0039,organization,Social Identity,OSINT record references business listing possibly linked to Western Realty Pvt Ltd (O0039).,2024-03-12T23:46:25,0.84,Disputed,C0067
OF00253,OS0129,O0039,organization,Digital Footprint,OSINT record references business listing possibly linked to Western Realty Pvt Ltd (O0039).,2024-03-14T15:46:25,0.82,Review,C0067
OF00254,OS0130,P01022,person,Digital Footprint,OSINT record suggests online presence associated with Rhea Mishra (P01022).,2024-08-04T03:01:21,0.88,Verified,C0068
OF00255,OS0131,P01011,person,Digital Footprint,OSINT record suggests online presence associated with Dhruv Singh (P01011).,2024-05-14T08:00:42,0.54,Disputed,C0068
OF00256,OS0131,P01017,person,Business Listing,OSINT record suggests online presence associated with Arjun Saxena (P01017).,2024-05-14T23:00:42,0.5,Disputed,C0068
OF00257,OS0132,P01005,person,Public Mention,OSINT record suggests online presence associated with Arjun Iyer (P01005).,2024-07-07T21:37:44,0.87,Review,C0068
OF00258,OS0133,P01027,person,Business Listing,OSINT record suggests online presence associated with Aditya Shetty (P01027).,2024-03-04T11:12:45,0.53,Review,C0069
OF00259,OS0133,P01026,person,Digital Footprint,OSINT record suggests online presence associated with Aditya Malhotra (P01026).,2024-03-04T12:12:45,0.79,Review,C0069
OF00260,OS0133,P01031,person,Public Mention,OSINT record suggests online presence associated with Ritesh Kapoor (P01031).,2024-03-04T03:12:45,0.72,Disputed,C0069
OF00261,OS0134,O0040,organization,Public Mention,OSINT record references business listing possibly linked to National Trade Import Export House (O0040).,2024-07-30T00:24:10,0.51,Verified,C0070
OF00262,OS0134,P01040,person,Digital Footprint,OSINT record suggests online presence associated with Saurabh Nair (P01040).,2024-07-30T21:24:10,0.9,Verified,C0070
OF00263,OS0134,P01040,person,Digital Footprint,OSINT record suggests online presence associated with Saurabh Nair (P01040).,2024-07-29T16:24:10,0.69,Review,C0070
OF00264,OS0135,P00236,person,Public Mention,OSINT record suggests online presence associated with Akash Saxena (P00236).,2024-07-17T08:11:39,0.74,Disputed,C0070
OF00265,OS0135,O0040,organization,Business Listing,OSINT record references business listing possibly linked to National Trade Import Export House (O0040).,2024-07-16T22:11:39,0.47,Disputed,C0070
OF00266,OS0135,O0040,organization,Social Identity,OSINT record references business listing possibly linked to National Trade Import Export House (O0040).,2024-07-16T11:11:39,0.61,Disputed,C0070
OF00267,OS0136,P00235,person,Public Mention,OSINT record suggests online presence associated with Manav Naik (P00235).,2024-08-16T12:45:44,0.47,Review,C0070
OF00268,OS0136,P01039,person,Digital Footprint,OSINT record suggests online presence associated with Tanvi Iyer (P01039).,2024-08-15T19:45:44,0.84,Verified,C0070
OF00269,OS0136,P01036,person,Social Identity,OSINT record suggests online presence associated with Manav Shah (P01036).,2024-08-16T08:45:44,0.65,Verified,C0070
OF00270,OS0137,P00217,person,Public Mention,OSINT record suggests online presence associated with Aanya Khan (P00217).,2024-08-29T12:27:43,0.7,Verified,C0070
OF00271,OS0137,P01039,person,Public Mention,OSINT record suggests online presence associated with Tanvi Iyer (P01039).,2024-08-29T15:27:43,0.79,Disputed,C0070
OF00272,OS0137,P01037,person,Digital Footprint,OSINT record suggests online presence associated with Vikram Thakur (P01037).,2024-08-28T16:27:43,0.54,Verified,C0070
OF00273,OS0138,P01042,person,Digital Footprint,OSINT record suggests online presence associated with Kiara Jadhav (P01042).,2024-07-29T14:15:06,0.76,Verified,C0071
OF00274,OS0139,P01056,person,Public Mention,OSINT record suggests online presence associated with Kavya Khan (P01056).,2024-10-01T12:05:28,0.63,Verified,C0072
OF00275,OS0139,O0042,organization,Business Listing,OSINT record references business listing possibly linked to Regal Trading Company (O0042).,2024-09-30T23:05:28,0.55,Disputed,C0072
OF00276,OS0139,O0042,organization,Business Listing,OSINT record references business listing possibly linked to Regal Trading Company (O0042).,2024-09-30T15:05:28,0.67,Verified,C0072
OF00277,OS0140,O0042,organization,Digital Footprint,OSINT record references business listing possibly linked to Regal Trading Company (O0042).,2024-03-09T06:51:39,0.84,Verified,C0072
OF00278,OS0141,P01053,person,Social Identity,OSINT record suggests online presence associated with Vidhi Das (P01053).,2024-12-25T05:51:25,0.9,Verified,C0072
OF00279,OS0141,P01070,person,Digital Footprint,OSINT record suggests online presence associated with Avni Saxena (P01070).,2024-12-24T19:51:25,0.61,Disputed,C0072
OF00280,OS0142,O0042,organization,Public Mention,OSINT record references business listing possibly linked to Regal Trading Company (O0042).,2024-11-30T16:11:35,0.92,Disputed,C0072
OF00281,OS0142,P01067,person,Social Identity,OSINT record suggests online presence associated with Naveen Rao (P01067).,2024-11-30T02:11:35,0.58,Verified,C0072
OF00282,OS0142,P01054,person,Public Mention,OSINT record suggests online presence associated with Dev Ghosh (P01054).,2024-11-30T18:11:35,0.67,Review,C0072
OF00283,OS0143,P01119,person,Public Mention,OSINT record suggests online presence associated with Riya Nair (P01119).,2024-05-25T10:38:22,0.92,Verified,C0073
OF00284,OS0144,O0043,organization,Public Mention,OSINT record references business listing possibly linked to Coastal Retailers Pvt Ltd (O0043).,2024-12-16T02:28:17,0.88,Review,C0073
OF00285,OS0145,P01111,person,Business Listing,OSINT record suggests online presence associated with Arjun Patil (P01111).,2024-01-23T15:27:50,0.52,Disputed,C0073
OF00286,OS0145,P01113,person,Social Identity,OSINT record suggests online presence associated with Aman Chavan (P01113).,2024-01-23T00:27:50,0.92,Review,C0073
OF00287,OS0146,P01089,person,Social Identity,OSINT record suggests online presence associated with Diya Shah (P01089).,2024-09-03T08:11:45,0.85,Verified,C0073
OF00288,OS0147,P01133,person,Social Identity,OSINT record suggests online presence associated with Manav Khan (P01133).,2024-08-06T13:45:32,0.62,Verified,C0074
OF00289,OS0147,P01131,person,Social Identity,OSINT record suggests online presence associated with Arnav Thakur (P01131).,2024-08-06T18:45:32,0.45,Disputed,C0074
OF00290,OS0147,P01065,person,Business Listing,OSINT record suggests online presence associated with Rahul Shah (P01065).,2024-08-06T19:45:32,0.46,Disputed,C0074
OF00291,OS0148,P01048,person,Public Mention,OSINT record suggests online presence associated with Aarav Das (P01048).,2024-07-26T12:43:01,0.51,Review,C0074
OF00292,OS0149,P01137,person,Social Identity,OSINT record suggests online presence associated with Ishita Menon (P01137).,2024-06-12T14:22:18,0.73,Review,C0075
OF00293,OS0150,P01139,person,Public Mention,OSINT record suggests online presence associated with Aniket Shetty (P01139).,2024-01-26T04:18:52,0.51,Review,C0075
OF00294,OS0151,P01141,person,Business Listing,OSINT record suggests online presence associated with Manav Bhat (P01141).,2024-02-26T10:59:12,0.55,Disputed,C0075
OF00295,OS0151,P01138,person,Digital Footprint,OSINT record suggests online presence associated with Varun Malhotra (P01138).,2024-02-25T16:59:12,0.54,Review,C0075
OF00296,OS0152,O0044,organization,Public Mention,OSINT record references business listing possibly linked to Deccan Trading Company (O0044).,2024-05-15T02:12:40,0.9,Review,C0076
OF00297,OS0153,O0044,organization,Public Mention,OSINT record references business listing possibly linked to Deccan Trading Company (O0044).,2024-06-13T00:34:21,0.8,Verified,C0076
OF00298,OS0153,P01146,person,Social Identity,OSINT record suggests online presence associated with Aarav Rao (P01146).,2024-06-13T20:34:21,0.88,Disputed,C0076
OF00299,OS0154,P00787,person,Business Listing,OSINT record suggests online presence associated with Rahul Naik (P00787).,2024-02-23T13:48:46,0.58,Review,C0076
OF00300,OS0154,P00787,person,Digital Footprint,OSINT record suggests online presence associated with Rahul Naik (P00787).,2024-02-23T13:48:46,0.68,Review,C0076
OF00301,OS0154,P01144,person,Digital Footprint,OSINT record suggests online presence associated with Manav Desai (P01144).,2024-02-23T18:48:46,0.81,Verified,C0076
OF00302,OS0155,P01161,person,Digital Footprint,OSINT record suggests online presence associated with Karan Singh (P01161).,2024-02-03T12:32:52,0.84,Review,C0077
OF00303,OS0155,P01180,person,Social Identity,OSINT record suggests online presence associated with Siddharth Joshi (P01180).,2024-02-03T04:32:52,0.72,Disputed,C0077
OF00304,OS0156,O0045,organization,Business Listing,OSINT record references business listing possibly linked to Zenith Import Export House (O0045).,2024-04-05T08:19:47,0.59,Review,C0077
OF00305,OS0156,O0045,organization,Social Identity,OSINT record references business listing possibly linked to Zenith Import Export House (O0045).,2024-04-04T08:19:47,0.78,Verified,C0077
OF00306,OS0157,P01154,person,Business Listing,OSINT record suggests online presence associated with Rahul Gupta (P01154).,2024-05-16T03:32:22,0.55,Disputed,C0077
OF00307,OS0157,P01182,person,Social Identity,OSINT record suggests online presence associated with Riya Menon (P01182).,2024-05-14T17:32:22,0.64,Review,C0077
OF00308,OS0157,P01189,person,Business Listing,OSINT record suggests online presence associated with Mohit Ghosh (P01189).,2024-05-16T00:32:22,0.62,Review,C0077
OF00309,OS0158,P00027,person,Social Identity,OSINT record suggests online presence associated with Mahi Mishra (P00027).,2024-05-03T09:58:25,0.86,Review,C0078
OF00310,OS0158,P01199,person,Public Mention,OSINT record suggests online presence associated with Simran Saxena (P01199).,2024-05-04T05:58:25,0.63,Verified,C0078
OF00311,OS0159,P01206,person,Business Listing,OSINT record suggests online presence associated with Naina Khan (P01206).,2024-07-17T02:49:43,0.72,Disputed,C0079
OF00312,OS0159,P01203,person,Social Identity,OSINT record suggests online presence associated with Vivek Das (P01203).,2024-07-16T15:49:43,0.6,Review,C0079
OF00313,OS0159,P01201,person,Business Listing,OSINT record suggests online presence associated with Pallavi Khan (P01201).,2024-07-16T15:49:43,0.63,Verified,C0079
OF00314,OS0160,P01204,person,Public Mention,OSINT record suggests online presence associated with Naina Verma (P01204).,2024-05-07T06:53:53,0.77,Disputed,C0079
OF00315,OS0161,P01203,person,Digital Footprint,OSINT record suggests online presence associated with Vivek Das (P01203).,2024-07-21T23:09:49,0.6,Verified,C0079
OF00316,OS0162,P01204,person,Public Mention,OSINT record suggests online presence associated with Naina Verma (P01204).,2024-01-29T07:55:11,0.67,Review,C0079
OF00317,OS0163,P01214,person,Social Identity,OSINT record suggests online presence associated with Aniket Rao (P01214).,2024-03-21T07:48:06,0.79,Review,C0080
OF00318,OS0163,P01232,person,Social Identity,OSINT record suggests online presence associated with Isha Iyer (P01232).,2024-03-20T21:48:06,0.65,Disputed,C0080
OF00319,OS0164,P01215,person,Business Listing,OSINT record suggests online presence associated with Nikhil Shetty (P01215).,2024-01-11T11:44:18,0.89,Review,C0080
OF00320,OS0164,P01209,person,Public Mention,OSINT record suggests online presence associated with Raj Malhotra (P01209).,2024-01-12T10:44:18,0.81,Verified,C0080
OF00321,OS0164,P01210,person,Public Mention,OSINT record suggests online presence associated with Ananya Ghosh (P01210).,2024-01-12T21:44:18,0.88,Review,C0080
OF00322,OS0165,P01224,person,Public Mention,OSINT record suggests online presence associated with Pooja Bansal (P01224).,2024-06-18T13:25:04,0.46,Review,C0080
OF00323,OS0166,P01229,person,Digital Footprint,OSINT record suggests online presence associated with Naveen Malhotra (P01229).,2024-05-17T21:29:53,0.79,Disputed,C0080
OF00324,OS0167,P01237,person,Public Mention,OSINT record suggests online presence associated with Tara Joshi (P01237).,2024-07-15T16:10:58,0.62,Review,C0081
OF00325,OS0167,P01236,person,Public Mention,OSINT record suggests online presence associated with Pranav Thakur (P01236).,2024-07-15T16:10:58,0.76,Review,C0081
OF00326,OS0167,P01237,person,Social Identity,OSINT record suggests online presence associated with Tara Joshi (P01237).,2024-07-15T10:10:58,0.88,Review,C0081
OF00327,OS0168,P01238,person,Business Listing,OSINT record suggests online presence associated with Rhea Chavan (P01238).,2024-08-12T15:44:11,0.83,Disputed,C0082
OF00328,OS0168,P01238,person,Business Listing,OSINT record suggests online presence associated with Rhea Chavan (P01238).,2024-08-13T21:44:11,0.73,Review,C0082
OF00329,OS0168,P01239,person,Social Identity,OSINT record suggests online presence associated with Dhruv Malhotra (P01239).,2024-08-13T17:44:11,0.83,Disputed,C0082
OF00330,OS0169,O0048,organization,Digital Footprint,OSINT record references business listing possibly linked to Western Technologies Pvt Ltd (O0048).,2024-06-22T08:25:15,0.73,Review,C0083
OF00331,OS0169,O0048,organization,Public Mention,OSINT record references business listing possibly linked to Western Technologies Pvt Ltd (O0048).,2024-06-22T21:25:15,0.7,Verified,C0083
OF00332,OS0169,P01242,person,Social Identity,OSINT record suggests online presence associated with Trisha Desai (P01242).,2024-06-23T22:25:15,0.87,Verified,C0083
OF00333,OS0170,P01252,person,Public Mention,OSINT record suggests online presence associated with Yamini Singh (P01252).,2024-08-24T00:18:00,0.88,Review,C0084
OF00334,OS0171,P01254,person,Business Listing,OSINT record suggests online presence associated with Siddharth Rao (P01254).,2024-08-14T22:00:28,0.5,Review,C0084
OF00335,OS0171,P01260,person,Public Mention,OSINT record suggests online presence associated with Vikram Verma (P01260).,2024-08-13T11:00:28,0.46,Review,C0084
OF00336,OS0171,P01283,person,Social Identity,OSINT record suggests online presence associated with Kabir Bansal (P01283).,2024-08-13T15:00:28,0.82,Disputed,C0084
OF00337,OS0172,P01274,person,Public Mention,OSINT record suggests online presence associated with Rahul Verma (P01274).,2024-07-09T01:32:47,0.62,Verified,C0084
OF00338,OS0172,P01243,person,Public Mention,OSINT record suggests online presence associated with Kavya Nair (P01243).,2024-07-09T08:32:47,0.67,Verified,C0084
OF00339,OS0173,P00196,person,Social Identity,OSINT record suggests online presence associated with Akash Patil (P00196).,2024-12-17T23:47:55,0.66,Review,C0085
OF00340,OS0173,P01301,person,Social Identity,OSINT record suggests online presence associated with Aniket Bhat (P01301).,2024-12-18T18:47:55,0.87,Verified,C0085
OF00341,OS0174,P00064,person,Digital Footprint,OSINT record suggests online presence associated with Rhea Singh (P00064).,2024-06-24T23:04:04,0.89,Review,C0086
OF00342,OS0175,P01308,person,Business Listing,OSINT record suggests online presence associated with Harsh Kulkarni (P01308).,2024-04-25T06:33:41,0.84,Verified,C0086
OF00343,OS0175,P01309,person,Public Mention,OSINT record suggests online presence associated with Tara Naik (P01309).,2024-04-25T17:33:41,0.58,Review,C0086
OF00344,OS0176,P01322,person,Social Identity,OSINT record suggests online presence associated with Arnav Sethi (P01322).,2024-06-23T12:45:09,0.77,Disputed,C0086
OF00345,OS0176,P01317,person,Public Mention,OSINT record suggests online presence associated with Rahul Naik (P01317).,2024-06-23T07:45:09,0.61,Review,C0086
OF00346,OS0177,P00064,person,Digital Footprint,OSINT record suggests online presence associated with Rhea Singh (P00064).,2024-05-17T19:39:05,0.78,Verified,C0086
OF00347,OS0177,P01305,person,Digital Footprint,OSINT record suggests online presence associated with Isha Verma (P01305).,2024-05-17T18:39:05,0.69,Disputed,C0086
OF00348,OS0178,P01249,person,Social Identity,OSINT record suggests online presence associated with Akash Rao (P01249).,2024-02-11T01:28:31,0.62,Disputed,C0087
OF00349,OS0179,O0050,organization,Digital Footprint,OSINT record references business listing possibly linked to Unity Trading Company (O0050).,2024-06-21T09:56:41,0.76,Verified,C0088
OF00350,OS0179,P01346,person,Public Mention,OSINT record suggests online presence associated with Kavya Das (P01346).,2024-06-21T00:56:41,0.47,Verified,C0088
OF00351,OS0179,O0050,organization,Public Mention,OSINT record references business listing possibly linked to Unity Trading Company (O0050).,2024-06-21T12:56:41,0.46,Verified,C0088
OF00352,OS0180,P01344,person,Business Listing,OSINT record suggests online presence associated with Aditi Sethi (P01344).,2024-11-02T06:02:52,0.69,Review,C0088
OF00353,OS0180,P01342,person,Business Listing,OSINT record suggests online presence associated with Yash Reddy (P01342).,2024-11-02T05:02:52,0.87,Disputed,C0088
OF00354,OS0180,P01339,person,Social Identity,OSINT record suggests online presence associated with Sameer Shetty (P01339).,2024-11-01T00:02:52,0.89,Review,C0088
OF00355,OS0181,O0050,organization,Social Identity,OSINT record references business listing possibly linked to Unity Trading Company (O0050).,2024-02-12T17:50:43,0.85,Verified,C0088
OF00356,OS0181,O0050,organization,Digital Footprint,OSINT record references business listing possibly linked to Unity Trading Company (O0050).,2024-02-12T08:50:43,0.56,Verified,C0088
OF00357,OS0181,P01342,person,Public Mention,OSINT record suggests online presence associated with Yash Reddy (P01342).,2024-02-11T14:50:43,0.58,Review,C0088
OF00358,OS0182,P01356,person,Public Mention,OSINT record suggests online presence associated with Kiara Bansal (P01356).,2024-11-15T00:32:46,0.51,Review,C0088
OF00359,OS0182,P01347,person,Business Listing,OSINT record suggests online presence associated with Naina Kulkarni (P01347).,2024-11-13T09:32:46,0.6,Review,C0088
OF00360,OS0182,P01350,person,Social Identity,OSINT record suggests online presence associated with Karan Saxena (P01350).,2024-11-14T14:32:46,0.77,Review,C0088
OF00361,OS0183,O0051,organization,Business Listing,OSINT record references business listing possibly linked to Prime Consulting Services (O0051).,2024-09-07T00:59:15,0.57,Review,C0089
OF00362,OS0183,O0051,organization,Social Identity,OSINT record references business listing possibly linked to Prime Consulting Services (O0051).,2024-09-05T07:59:15,0.52,Review,C0089
OF00363,OS0184,O0051,organization,Public Mention,OSINT record references business listing possibly linked to Prime Consulting Services (O0051).,2024-12-20T23:02:33,0.57,Verified,C0089
OF00364,OS0184,O0051,organization,Social Identity,OSINT record references business listing possibly linked to Prime Consulting Services (O0051).,2024-12-21T00:02:33,0.76,Review,C0089
OF00365,OS0185,O0051,organization,Business Listing,OSINT record references business listing possibly linked to Prime Consulting Services (O0051).,2024-08-06T19:27:38,0.52,Disputed,C0089
OF00366,OS0185,P01364,person,Business Listing,OSINT record suggests online presence associated with Sneha Singh (P01364).,2024-08-05T20:27:38,0.65,Verified,C0089
OF00367,OS0185,O0051,organization,Digital Footprint,OSINT record references business listing possibly linked to Prime Consulting Services (O0051).,2024-08-07T02:27:38,0.52,Review,C0089
OF00368,OS0186,P00492,person,Social Identity,OSINT record suggests online presence associated with Naveen Khan (P00492).,2024-04-06T16:31:01,0.76,Disputed,C0090
OF00369,OS0187,P01385,person,Public Mention,OSINT record suggests online presence associated with Aditya Rao (P01385).,2024-08-19T00:07:08,0.82,Verified,C0091
OF00370,OS0187,P01383,person,Public Mention,OSINT record suggests online presence associated with Ishaan Saxena (P01383).,2024-08-19T15:07:08,0.77,Verified,C0091
OF00371,OS0188,P01379,person,Social Identity,OSINT record suggests online presence associated with Avni Bhat (P01379).,2024-08-19T14:58:37,0.9,Review,C0091
OF00372,OS0188,P01383,person,Business Listing,OSINT record suggests online presence associated with Ishaan Saxena (P01383).,2024-08-19T05:58:37,0.49,Verified,C0091
OF00373,OS0188,P01379,person,Business Listing,OSINT record suggests online presence associated with Avni Bhat (P01379).,2024-08-18T14:58:37,0.84,Review,C0091
OF00374,OS0189,P01382,person,Digital Footprint,OSINT record suggests online presence associated with Sana Nair (P01382).,2024-08-04T14:17:46,0.66,Verified,C0091
OF00375,OS0189,P01379,person,Digital Footprint,OSINT record suggests online presence associated with Avni Bhat (P01379).,2024-08-05T13:17:46,0.62,Disputed,C0091
OF00376,OS0189,P01384,person,Social Identity,OSINT record suggests online presence associated with Raj Shah (P01384).,2024-08-05T09:17:46,0.91,Disputed,C0091
OF00377,OS0190,P01377,person,Business Listing,OSINT record suggests online presence associated with Yash Joshi (P01377).,2024-08-30T22:29:42,0.65,Disputed,C0091
OF00378,OS0190,P01380,person,Public Mention,OSINT record suggests online presence associated with Shreya Menon (P01380).,2024-08-30T05:29:42,0.47,Review,C0091
OF00379,OS0191,P01399,person,Digital Footprint,OSINT record suggests online presence associated with Aditi Nair (P01399).,2024-08-31T21:07:28,0.48,Review,C0092
OF00380,OS0192,P01052,person,Social Identity,OSINT record suggests online presence associated with Sana Bhat (P01052).,2024-05-11T22:27:23,0.47,Disputed,C0093
OF00381,OS0192,P01432,person,Digital Footprint,OSINT record suggests online presence associated with Aditi Saxena (P01432).,2024-05-11T01:27:23,0.49,Review,C0093
OF00382,OS0193,P01431,person,Business Listing,OSINT record suggests online presence associated with Pooja Mehta (P01431).,2024-11-30T19:46:52,0.62,Review,C0093
OF00383,OS0194,P01442,person,Digital Footprint,OSINT record suggests online presence associated with Pallavi Ghosh (P01442).,2024-10-13T17:57:33,0.82,Disputed,C0094
OF00384,OS0194,O0054,organization,Social Identity,OSINT record references business listing possibly linked to Crescent Constructions Pvt Ltd (O0054).,2024-10-14T04:57:33,0.8,Review,C0094
OF00385,OS0195,O0054,organization,Public Mention,OSINT record references business listing possibly linked to Crescent Constructions Pvt Ltd (O0054).,2024-07-08T23:35:37,0.53,Review,C0094
OF00386,OS0195,O0054,organization,Social Identity,OSINT record references business listing possibly linked to Crescent Constructions Pvt Ltd (O0054).,2024-07-08T08:35:37,0.87,Disputed,C0094
OF00387,OS0196,P01455,person,Public Mention,OSINT record suggests online presence associated with Saurabh Malhotra (P01455).,2024-04-15T10:18:23,0.67,Disputed,C0095
OF00388,OS0196,P01456,person,Social Identity,OSINT record suggests online presence associated with Vanya Naik (P01456).,2024-04-16T05:18:23,0.5,Review,C0095
OF00389,OS0196,P01456,person,Social Identity,OSINT record suggests online presence associated with Vanya Naik (P01456).,2024-04-14T19:18:23,0.52,Review,C0095
OF00390,OS0197,O0056,organization,Social Identity,OSINT record references business listing possibly linked to Metro Enterprises (O0056).,2024-02-24T17:11:49,0.61,Verified,C0096
OF00391,OS0197,P01463,person,Digital Footprint,OSINT record suggests online presence associated with Sneha Thakur (P01463).,2024-02-26T02:11:49,0.47,Verified,C0096
OF00392,OS0197,P01457,person,Business Listing,OSINT record suggests online presence associated with Pranav Das (P01457).,2024-02-24T11:11:49,0.54,Review,C0096
OF00393,OS0198,P01475,person,Digital Footprint,OSINT record suggests online presence associated with Yamini Iyer (P01475).,2024-05-29T17:40:01,0.74,Review,C0096
OF00394,OS0199,P01475,person,Business Listing,OSINT record suggests online presence associated with Yamini Iyer (P01475).,2024-06-16T18:36:27,0.71,Verified,C0096
OF00395,OS0200,P01482,person,Digital Footprint,OSINT record suggests online presence associated with Aarav Gupta (P01482).,2024-04-18T17:33:20,0.7,Verified,C0096
OF00396,OS0200,P01473,person,Public Mention,OSINT record suggests online presence associated with Aditi Khan (P01473).,2024-04-18T16:33:20,0.65,Disputed,C0096
OF00397,OS0201,P00254,person,Business Listing,OSINT record suggests online presence associated with Siddharth Shetty (P00254).,2024-05-12T15:30:36,0.83,Verified,C0097
OF00398,OS0202,P00024,person,Digital Footprint,OSINT record suggests online presence associated with Aman Saxena (P00024).,2024-03-12T05:08:36,0.7,Verified,C0098
OF00399,OS0203,O0059,organization,Digital Footprint,OSINT record references business listing possibly linked to Sunrise Solutions Pvt Ltd (O0059).,2024-09-21T07:48:56,0.64,Review,C0099
OF00400,OS0204,P01496,person,Public Mention,OSINT record suggests online presence associated with Aanya Bhat (P01496).,2024-08-25T03:38:22,0.57,Disputed,C0100
OF00401,OS0204,P01495,person,Social Identity,OSINT record suggests online presence associated with Yamini Menon (P01495).,2024-08-25T02:38:22,0.52,Verified,C0100
OF00402,OS0205,P01497,person,Business Listing,OSINT record suggests online presence associated with Isha Khan (P01497).,2024-08-19T17:21:09,0.84,Disputed,C0101
OF00403,OS0206,P01507,person,Digital Footprint,OSINT record suggests online presence associated with Simran Bansal (P01507).,2024-07-21T00:20:14,0.74,Review,C0102
OF00404,OS0207,P01519,person,Business Listing,OSINT record suggests online presence associated with Kiara Verma (P01519).,2024-07-31T12:54:01,0.85,Disputed,C0103
OF00405,OS0207,P01516,person,Business Listing,OSINT record suggests online presence associated with Pranav Shah (P01516).,2024-07-31T06:54:01,0.53,Verified,C0103
OF00406,OS0207,P01523,person,Public Mention,OSINT record suggests online presence associated with Yamini Nair (P01523).,2024-07-30T05:54:01,0.69,Disputed,C0103
OF00407,OS0208,P01525,person,Business Listing,OSINT record suggests online presence associated with Yamini Gupta (P01525).,2024-10-12T18:56:04,0.92,Review,C0103
OF00408,OS0209,O0061,organization,Public Mention,OSINT record references business listing possibly linked to Deccan Constructions Pvt Ltd (O0061).,2024-08-21T17:45:14,0.68,Disputed,C0103
OF00409,OS0210,P01515,person,Public Mention,OSINT record suggests online presence associated with Simran Bansal (P01515).,2024-08-21T14:05:27,0.69,Review,C0103
OF00410,OS0210,P01525,person,Business Listing,OSINT record suggests online presence associated with Yamini Gupta (P01525).,2024-08-21T13:05:27,0.86,Verified,C0103
OF00411,OS0210,P01526,person,Digital Footprint,OSINT record suggests online presence associated with Vanya Shah (P01526).,2024-08-21T07:05:27,0.8,Review,C0103
OF00412,OS0211,P01531,person,Business Listing,OSINT record suggests online presence associated with Sana Patil (P01531).,2024-03-31T03:19:02,0.78,Verified,C0104
OF00413,OS0211,P01531,person,Public Mention,OSINT record suggests online presence associated with Sana Patil (P01531).,2024-03-31T09:19:02,0.69,Review,C0104
OF00414,OS0211,P01532,person,Social Identity,OSINT record suggests online presence associated with Aniket Das (P01532).,2024-04-01T14:19:02,0.71,Disputed,C0104
OF00415,OS0212,P01537,person,Social Identity,OSINT record suggests online presence associated with Anushka Bansal (P01537).,2024-10-21T04:21:56,0.87,Review,C0104
OF00416,OS0212,P01537,person,Public Mention,OSINT record suggests online presence associated with Anushka Bansal (P01537).,2024-10-20T12:21:56,0.46,Verified,C0104
OF00417,OS0213,P01535,person,Business Listing,OSINT record suggests online presence associated with Rahul Iyer (P01535).,2024-10-20T09:27:52,0.5,Disputed,C0104
OF00418,OS0213,P01536,person,Social Identity,OSINT record suggests online presence associated with Nisha Desai (P01536).,2024-10-19T10:27:52,0.58,Review,C0104
OF00419,OS0213,P01533,person,Business Listing,OSINT record suggests online presence associated with Nisha Naik (P01533).,2024-10-19T10:27:52,0.61,Verified,C0104
OF00420,OS0214,P01538,person,Business Listing,OSINT record suggests online presence associated with Nikhil Jadhav (P01538).,2024-08-03T18:29:04,0.77,Review,C0105
OF00421,OS0214,P01538,person,Digital Footprint,OSINT record suggests online presence associated with Nikhil Jadhav (P01538).,2024-08-05T04:29:04,0.71,Disputed,C0105
OF00422,OS0214,P01541,person,Public Mention,OSINT record suggests online presence associated with Anushka Sethi (P01541).,2024-08-05T14:29:04,0.63,Review,C0105
OF00423,OS0215,P01550,person,Business Listing,OSINT record suggests online presence associated with Sneha Nair (P01550).,2024-05-22T17:28:17,0.78,Verified,C0106
OF00424,OS0215,P01544,person,Digital Footprint,OSINT record suggests online presence associated with Mohit Mishra (P01544).,2024-05-22T19:28:17,0.63,Review,C0106
OF00425,OS0216,P01561,person,Business Listing,OSINT record suggests online presence associated with Ananya Shah (P01561).,2024-04-24T06:29:21,0.62,Review,C0106
OF00426,OS0216,P01565,person,Social Identity,OSINT record suggests online presence associated with Mohit Khan (P01565).,2024-04-24T00:29:21,0.58,Disputed,C0106
OF00427,OS0217,P01547,person,Public Mention,OSINT record suggests online presence associated with Aarav Mehta (P01547).,2024-07-08T05:43:53,0.82,Disputed,C0106
OF00428,OS0218,P00494,person,Business Listing,OSINT record suggests online presence associated with Kunal Patil (P00494).,2024-08-21T15:06:11,0.56,Verified,C0107
OF00429,OS0218,P01569,person,Business Listing,OSINT record suggests online presence associated with Vidhi Naik (P01569).,2024-08-21T00:06:11,0.63,Disputed,C0107
OF00430,OS0218,P01568,person,Digital Footprint,OSINT record suggests online presence associated with Diya Jadhav (P01568).,2024-08-21T14:06:11,0.78,Review,C0107
OF00431,OS0219,O0062,organization,Public Mention,OSINT record references business listing possibly linked to Central Traders (O0062).,2024-04-26T09:46:14,0.71,Review,C0108
OF00432,OS0219,P01581,person,Social Identity,OSINT record suggests online presence associated with Trisha Verma (P01581).,2024-04-27T00:46:14,0.88,Disputed,C0108
OF00433,OS0220,P01585,person,Social Identity,OSINT record suggests online presence associated with Kavya Nair (P01585).,2024-03-24T11:52:51,0.53,Disputed,C0108
OF00434,OS0220,O0062,organization,Social Identity,OSINT record references business listing possibly linked to Central Traders (O0062).,2024-03-24T07:52:51,0.48,Verified,C0108
OF00435,OS0220,P01584,person,Public Mention,OSINT record suggests online presence associated with Aman Verma (P01584).,2024-03-24T04:52:51,0.45,Verified,C0108
OF00436,OS0221,O0063,organization,Digital Footprint,OSINT record references business listing possibly linked to Urban Link Trade Consultants (O0063).,2024-02-27T13:01:04,0.62,Disputed,C0109
OF00437,OS0222,P01596,person,Digital Footprint,OSINT record suggests online presence associated with Karan Das (P01596).,2024-03-01T07:12:48,0.48,Disputed,C0110
OF00438,OS0222,P01594,person,Social Identity,OSINT record suggests online presence associated with Aditi Singh (P01594).,2024-03-01T10:12:48,0.59,Verified,C0110
OF00439,OS0223,P01602,person,Digital Footprint,OSINT record suggests online presence associated with Zoya Patil (P01602).,2024-07-07T09:44:38,0.78,Verified,C0111
OF00440,OS0223,P01597,person,Public Mention,OSINT record suggests online presence associated with Aditya Shetty (P01597).,2024-07-07T13:44:38,0.84,Disputed,C0111
OF00441,OS0223,P01601,person,Public Mention,OSINT record suggests online presence associated with Dev Nair (P01601).,2024-07-08T15:44:38,0.51,Verified,C0111
OF00442,OS0224,O0064,organization,Public Mention,OSINT record references business listing possibly linked to Coastal Solutions Pvt Ltd (O0064).,2024-08-24T17:24:39,0.74,Disputed,C0112
OF00443,OS0224,O0064,organization,Social Identity,OSINT record references business listing possibly linked to Coastal Solutions Pvt Ltd (O0064).,2024-08-25T22:24:39,0.81,Verified,C0112
OF00444,OS0224,O0064,organization,Business Listing,OSINT record references business listing possibly linked to Coastal Solutions Pvt Ltd (O0064).,2024-08-25T01:24:39,0.78,Verified,C0112
OF00445,OS0225,O0064,organization,Social Identity,OSINT record references business listing possibly linked to Coastal Solutions Pvt Ltd (O0064).,2024-09-11T00:52:15,0.75,Verified,C0112
OF00446,OS0225,P01618,person,Public Mention,OSINT record suggests online presence associated with Sneha Bansal (P01618).,2024-09-12T05:52:15,0.91,Disputed,C0112
OF00447,OS0225,P01619,person,Business Listing,OSINT record suggests online presence associated with Saurabh Saxena (P01619).,2024-09-10T20:52:15,0.73,Verified,C0112
OF00448,OS0226,O0065,organization,Social Identity,OSINT record references business listing possibly linked to Crescent Traders (O0065).,2024-09-12T22:40:07,0.61,Disputed,C0113
OF00449,OS0227,O0066,organization,Social Identity,OSINT record references business listing possibly linked to National Trade Freight Services (O0066).,2024-03-13T08:56:16,0.67,Verified,C0114
OF00450,OS0228,P01649,person,Digital Footprint,OSINT record suggests online presence associated with Vivek Naik (P01649).,2024-08-27T14:14:32,0.73,Review,C0115
OF00451,OS0228,P01642,person,Business Listing,OSINT record suggests online presence associated with Rahul Nair (P01642).,2024-08-27T17:14:32,0.61,Review,C0115
OF00452,OS0229,P01676,person,Public Mention,OSINT record suggests online presence associated with Vanya Gupta (P01676).,2024-08-30T07:19:15,0.61,Disputed,C0116
OF00453,OS0229,P01670,person,Business Listing,OSINT record suggests online presence associated with Siddharth Sethi (P01670).,2024-08-30T14:19:15,0.81,Review,C0116
OF00454,OS0229,P01664,person,Digital Footprint,OSINT record suggests online presence associated with Rohan Bhat (P01664).,2024-08-30T13:19:15,0.9,Disputed,C0116
OF00455,OS0230,P01663,person,Business Listing,OSINT record suggests online presence associated with Rhea Patil (P01663).,2024-08-05T18:07:59,0.49,Verified,C0116
OF00456,OS0230,P01656,person,Public Mention,OSINT record suggests online presence associated with Dhruv Gupta (P01656).,2024-08-05T11:07:59,0.64,Disputed,C0116
OF00457,OS0230,P01653,person,Public Mention,OSINT record suggests online presence associated with Mohit Kapoor (P01653).,2024-08-05T21:07:59,0.73,Disputed,C0116
OF00458,OS0231,P01653,person,Business Listing,OSINT record suggests online presence associated with Mohit Kapoor (P01653).,2024-07-29T02:51:43,0.6,Disputed,C0116
OF00459,OS0231,O0068,organization,Business Listing,OSINT record references business listing possibly linked to Pioneer Trading Company (O0068).,2024-07-29T13:51:43,0.64,Disputed,C0116
OF00460,OS0231,P01669,person,Digital Footprint,OSINT record suggests online presence associated with Yash Saxena (P01669).,2024-07-28T10:51:43,0.7,Verified,C0116
OF00461,OS0232,O0068,organization,Digital Footprint,OSINT record references business listing possibly linked to Pioneer Trading Company (O0068).,2024-07-27T22:04:11,0.89,Disputed,C0116
OF00462,OS0232,P01664,person,Digital Footprint,OSINT record suggests online presence associated with Rohan Bhat (P01664).,2024-07-28T08:04:11,0.49,Review,C0116
OF00463,OS0232,P01655,person,Social Identity,OSINT record suggests online presence associated with Manav Mehta (P01655).,2024-07-27T18:04:11,0.51,Review,C0116
OF00464,OS0233,P01689,person,Public Mention,OSINT record suggests online presence associated with Riya Patil (P01689).,2024-06-05T22:34:22,0.7,Review,C0117
OF00465,OS0233,O0069,organization,Public Mention,OSINT record references business listing possibly linked to Pioneer Transport (O0069).,2024-06-06T00:34:22,0.62,Verified,C0117
OF00466,OS0234,P01679,person,Business Listing,OSINT record suggests online presence associated with Anushka Shetty (P01679).,2024-04-30T01:38:34,0.52,Verified,C0117
OF00467,OS0235,P01684,person,Business Listing,OSINT record suggests online presence associated with Aditya Mehta (P01684).,2024-06-03T02:18:38,0.54,Verified,C0117
OF00468,OS0235,P01684,person,Public Mention,OSINT record suggests online presence associated with Aditya Mehta (P01684).,2024-06-01T13:18:38,0.88,Verified,C0117
OF00469,OS0235,P01688,person,Digital Footprint,OSINT record suggests online presence associated with Akash Jadhav (P01688).,2024-06-01T20:18:38,0.86,Verified,C0117
OF00470,OS0236,P01693,person,Business Listing,OSINT record suggests online presence associated with Kiara Saxena (P01693).,2024-02-17T20:17:14,0.75,Disputed,C0118
OF00471,OS0236,P01696,person,Public Mention,OSINT record suggests online presence associated with Varun Das (P01696).,2024-02-18T14:17:14,0.76,Disputed,C0118
OF00472,OS0236,P01695,person,Digital Footprint,OSINT record suggests online presence associated with Yash Kulkarni (P01695).,2024-02-17T17:17:14,0.76,Disputed,C0118
OF00473,OS0237,O0070,organization,Public Mention,OSINT record references business listing possibly linked to Horizon Financial Solutions (O0070).,2024-04-02T02:17:46,0.54,Review,C0119
OF00474,OS0237,P00275,person,Public Mention,OSINT record suggests online presence associated with Pallavi Kapoor (P00275).,2024-04-01T00:17:46,0.67,Review,C0119
OF00475,OS0238,P01703,person,Business Listing,OSINT record suggests online presence associated with Arjun Kulkarni (P01703).,2024-07-03T00:06:21,0.81,Review,C0120
OF00476,OS0238,P01706,person,Digital Footprint,OSINT record suggests online presence associated with Harsh Jadhav (P01706).,2024-07-04T01:06:21,0.61,Disputed,C0120
OF00477,OS0238,P01129,person,Public Mention,OSINT record suggests online presence associated with Isha Jadhav (P01129).,2024-07-03T05:06:21,0.89,Disputed,C0120
OF00478,OS0239,P01713,person,Digital Footprint,OSINT record suggests online presence associated with Diya Jadhav (P01713).,2024-10-07T19:32:41,0.53,Verified,C0121
OF00479,OS0239,P01711,person,Digital Footprint,OSINT record suggests online presence associated with Pooja Menon (P01711).,2024-10-07T04:32:41,0.56,Verified,C0121
OF00480,OS0239,P01711,person,Digital Footprint,OSINT record suggests online presence associated with Pooja Menon (P01711).,2024-10-07T03:32:41,0.67,Verified,C0121
OF00481,OS0240,P01711,person,Social Identity,OSINT record suggests online presence associated with Pooja Menon (P01711).,2024-04-21T21:13:17,0.72,Verified,C0121
OF00482,OS0241,P01713,person,Digital Footprint,OSINT record suggests online presence associated with Diya Jadhav (P01713).,2024-08-08T03:59:32,0.81,Verified,C0121
OF00483,OS0241,P01711,person,Public Mention,OSINT record suggests online presence associated with Pooja Menon (P01711).,2024-08-07T08:59:32,0.79,Review,C0121
OF00484,OS0242,P01714,person,Business Listing,OSINT record suggests online presence associated with Diya Desai (P01714).,2024-01-21T01:34:31,0.46,Disputed,C0122
OF00485,OS0243,P01726,person,Social Identity,OSINT record suggests online presence associated with Sameer Kulkarni (P01726).,2024-06-28T05:56:20,0.78,Verified,C0123
OF00486,OS0244,P01733,person,Digital Footprint,OSINT record suggests online presence associated with Aniket Reddy (P01733).,2024-06-22T15:27:26,0.81,Verified,C0124
OF00487,OS0245,P01739,person,Social Identity,OSINT record suggests online presence associated with Varun Desai (P01739).,2024-07-30T22:06:26,0.69,Verified,C0125
OF00488,OS0246,P01736,person,Business Listing,OSINT record suggests online presence associated with Isha Nair (P01736).,2024-09-20T03:50:24,0.82,Disputed,C0125
OF00489,OS0246,P01745,person,Public Mention,OSINT record suggests online presence associated with Pooja Kapoor (P01745).,2024-09-18T20:50:24,0.66,Review,C0125
OF00490,OS0247,P01737,person,Business Listing,OSINT record suggests online presence associated with Pooja Reddy (P01737).,2024-08-30T05:23:25,0.76,Verified,C0125
OF00491,OS0247,P01739,person,Social Identity,OSINT record suggests online presence associated with Varun Desai (P01739).,2024-08-29T02:23:25,0.89,Disputed,C0125
OF00492,OS0248,P01747,person,Public Mention,OSINT record suggests online presence associated with Nisha Verma (P01747).,2024-08-24T16:39:26,0.54,Disputed,C0126
OF00493,OS0248,P01748,person,Public Mention,OSINT record suggests online presence associated with Raj Rao (P01748).,2024-08-25T13:39:26,0.53,Review,C0126
OF00494,OS0248,P01249,person,Public Mention,OSINT record suggests online presence associated with Akash Rao (P01249).,2024-08-26T02:39:26,0.7,Review,C0126
OF00495,OS0249,P01750,person,Public Mention,OSINT record suggests online presence associated with Aditya Shah (P01750).,2024-08-23T18:37:58,0.69,Review,C0127
OF00496,OS0249,P01755,person,Social Identity,OSINT record suggests online presence associated with Aditya Das (P01755).,2024-08-24T04:37:58,0.88,Disputed,C0127
OF00497,OS0249,P01753,person,Social Identity,OSINT record suggests online presence associated with Meera Menon (P01753).,2024-08-22T23:37:58,0.65,Verified,C0127
OF00498,OS0250,P01753,person,Business Listing,OSINT record suggests online presence associated with Meera Menon (P01753).,2024-06-25T08:27:05,0.67,Review,C0127
OF00499,OS0250,P01750,person,Digital Footprint,OSINT record suggests online presence associated with Aditya Shah (P01750).,2024-06-26T05:27:05,0.49,Verified,C0127
OF00500,OS0250,P01752,person,Public Mention,OSINT record suggests online presence associated with Riya Shah (P01752).,2024-06-26T06:27:05,0.53,Disputed,C0127
OF00501,OS0251,P01749,person,Business Listing,OSINT record suggests online presence associated with Tara Saxena (P01749).,2024-11-06T17:51:05,0.52,Review,C0127
OF00502,OS0252,O0074,organization,Business Listing,OSINT record references business listing possibly linked to Apex Logistics Pvt Ltd (O0074).,2024-09-19T07:39:00,0.88,Disputed,C0127
OF00503,OS0252,P01754,person,Business Listing,OSINT record suggests online presence associated with Dev Mehta (P01754).,2024-09-20T04:39:00,0.83,Review,C0127
OF00504,OS0253,O0075,organization,Public Mention,OSINT record references business listing possibly linked to Highland Import Export House (O0075).,2024-10-15T14:18:31,0.54,Disputed,C0128
OF00505,OS0253,P01758,person,Public Mention,OSINT record suggests online presence associated with Ishita Rao (P01758).,2024-10-14T12:18:31,0.68,Disputed,C0128
OF00506,OS0254,P01768,person,Public Mention,OSINT record suggests online presence associated with Zoya Bansal (P01768).,2024-08-19T00:35:38,0.9,Disputed,C0129
OF00507,OS0255,P01814,person,Public Mention,OSINT record suggests online presence associated with Rahul Shetty (P01814).,2024-03-11T21:52:02,0.87,Verified,C0130
OF00508,OS0255,P01804,person,Public Mention,OSINT record suggests online presence associated with Vivek Ghosh (P01804).,2024-03-10T23:52:02,0.58,Review,C0130
OF00509,OS0255,O0077,organization,Public Mention,OSINT record references business listing possibly linked to Unity Industrial Supplies (O0077).,2024-03-10T18:52:02,0.68,Review,C0130
OF00510,OS0256,P01817,person,Social Identity,OSINT record suggests online presence associated with Anushka Iyer (P01817).,2024-06-23T15:07:56,0.9,Verified,C0130
OF00511,OS0256,O0077,organization,Social Identity,OSINT record references business listing possibly linked to Unity Industrial Supplies (O0077).,2024-06-25T14:07:56,0.72,Disputed,C0130
OF00512,OS0256,O0077,organization,Social Identity,OSINT record references business listing possibly linked to Unity Industrial Supplies (O0077).,2024-06-24T06:07:56,0.88,Review,C0130
OF00513,OS0257,P01803,person,Public Mention,OSINT record suggests online presence associated with Vidhi Kulkarni (P01803).,2024-07-06T02:54:52,0.52,Review,C0130
OF00514,OS0257,P01797,person,Business Listing,OSINT record suggests online presence associated with Ishaan Sethi (P01797).,2024-07-06T20:54:52,0.66,Verified,C0130
OF00515,OS0257,P01816,person,Public Mention,OSINT record suggests online presence associated with Aman Ghosh (P01816).,2024-07-05T22:54:52,0.82,Disputed,C0130
OF00516,OS0258,P01815,person,Social Identity,OSINT record suggests online presence associated with Isha Rao (P01815).,2024-08-23T05:21:07,0.65,Review,C0130
OF00517,OS0258,P01772,person,Public Mention,OSINT record suggests online presence associated with Kavya Patil (P01772).,2024-08-21T19:21:07,0.76,Review,C0130
OF00518,OS0258,O0077,organization,Digital Footprint,OSINT record references business listing possibly linked to Unity Industrial Supplies (O0077).,2024-08-22T06:21:07,0.53,Review,C0130
OF00519,OS0259,O0078,organization,Business Listing,OSINT record references business listing possibly linked to Malabar Distribution Services (O0078).,2024-07-21T05:17:14,0.46,Verified,C0131
OF00520,OS0259,O0078,organization,Digital Footprint,OSINT record references business listing possibly linked to Malabar Distribution Services (O0078).,2024-07-20T09:17:14,0.7,Disputed,C0131
OF00521,OS0260,P01855,person,Business Listing,OSINT record suggests online presence associated with Zoya Gupta (P01855).,2024-02-21T01:24:33,0.82,Disputed,C0132
OF00522,OS0261,P01827,person,Digital Footprint,OSINT record suggests online presence associated with Dev Shah (P01827).,2024-08-22T15:23:59,0.86,Verified,C0132
OF00523,OS0262,P01837,person,Digital Footprint,OSINT record suggests online presence associated with Neha Mishra (P01837).,2024-05-21T13:59:46,0.9,Disputed,C0132
OF00524,OS0262,P01853,person,Business Listing,OSINT record suggests online presence associated with Yamini Das (P01853).,2024-05-22T06:59:46,0.89,Disputed,C0132
OF00525,OS0263,P01843,person,Public Mention,OSINT record suggests online presence associated with Kabir Iyer (P01843).,2024-04-05T20:49:07,0.71,Disputed,C0132
OF00526,OS0263,P01855,person,Digital Footprint,OSINT record suggests online presence associated with Zoya Gupta (P01855).,2024-04-05T04:49:07,0.61,Verified,C0132
OF00527,OS0264,P01856,person,Social Identity,OSINT record suggests online presence associated with Nikhil Malhotra (P01856).,2024-10-23T03:26:19,0.63,Disputed,C0133
OF00528,OS0265,P01871,person,Public Mention,OSINT record suggests online presence associated with Isha Khan (P01871).,2024-07-15T22:33:03,0.64,Review,C0134
OF00529,OS0265,P01864,person,Digital Footprint,OSINT record suggests online presence associated with Arnav Gupta (P01864).,2024-07-15T01:33:03,0.9,Disputed,C0134
OF00530,OS0266,O0079,organization,Business Listing,OSINT record references business listing possibly linked to Blue Horizon Trading Company (O0079).,2024-06-23T21:28:51,0.83,Verified,C0135
OF00531,OS0266,P01875,person,Digital Footprint,OSINT record suggests online presence associated with Arnav Jadhav (P01875).,2024-06-22T07:28:51,0.88,Review,C0135
OF00532,OS0266,P01874,person,Business Listing,OSINT record suggests online presence associated with Diya Das (P01874).,2024-06-23T11:28:51,0.62,Review,C0135
OF00533,OS0267,P01899,person,Business Listing,OSINT record suggests online presence associated with Aditi Desai (P01899).,2024-01-07T02:34:53,0.49,Disputed,C0136
OF00534,OS0267,P01881,person,Social Identity,OSINT record suggests online presence associated with Ananya Mehta (P01881).,2024-01-07T00:34:53,0.84,Verified,C0136
OF00535,OS0267,P01882,person,Digital Footprint,OSINT record suggests online presence associated with Riya Kapoor (P01882).,2024-01-07T02:34:53,0.59,Disputed,C0136
OF00536,OS0268,P01903,person,Business Listing,OSINT record suggests online presence associated with Tara Bansal (P01903).,2024-05-07T22:38:42,0.67,Review,C0136
OF00537,OS0268,P01898,person,Social Identity,OSINT record suggests online presence associated with Harsh Shetty (P01898).,2024-05-06T12:38:42,0.47,Review,C0136
OF00538,OS0268,P01889,person,Social Identity,OSINT record suggests online presence associated with Aditya Bhat (P01889).,2024-05-08T01:38:42,0.84,Verified,C0136
OF00539,OS0269,P01922,person,Digital Footprint,OSINT record suggests online presence associated with Rahul Chavan (P01922).,2024-10-11T13:19:15,0.62,Disputed,C0137
OF00540,OS0270,P01907,person,Digital Footprint,OSINT record suggests online presence associated with Rohan Shetty (P01907).,2024-12-22T09:01:31,0.69,Disputed,C0137
OF00541,OS0270,P01906,person,Digital Footprint,OSINT record suggests online presence associated with Mohit Kulkarni (P01906).,2024-12-22T14:01:31,0.8,Verified,C0137
OF00542,OS0270,P01904,person,Public Mention,OSINT record suggests online presence associated with Kavya Mishra (P01904).,2024-12-22T15:01:31,0.53,Disputed,C0137
OF00543,OS0271,P01914,person,Public Mention,OSINT record suggests online presence associated with Nikhil Shetty (P01914).,2024-12-28T16:11:32,0.46,Review,C0137
OF00544,OS0271,P01909,person,Business Listing,OSINT record suggests online presence associated with Aditya Bansal (P01909).,2024-12-28T23:11:32,0.79,Review,C0137
OF00545,OS0272,P01904,person,Public Mention,OSINT record suggests online presence associated with Kavya Mishra (P01904).,2024-04-06T05:10:26,0.53,Verified,C0137
OF00546,OS0272,P01912,person,Social Identity,OSINT record suggests online presence associated with Aditya Pillai (P01912).,2024-04-05T21:10:26,0.76,Verified,C0137
OF00547,OS0272,P01908,person,Public Mention,OSINT record suggests online presence associated with Naveen Naik (P01908).,2024-04-05T08:10:26,0.91,Disputed,C0137
OF00548,OS0273,P01938,person,Social Identity,OSINT record suggests online presence associated with Siddharth Bansal (P01938).,2024-10-27T07:12:09,0.86,Verified,C0138
OF00549,OS0273,O0080,organization,Digital Footprint,OSINT record references business listing possibly linked to Metro Import Export House (O0080).,2024-10-26T16:12:09,0.48,Disputed,C0138
OF00550,OS0274,P01929,person,Public Mention,OSINT record suggests online presence associated with Sneha Sethi (P01929).,2024-08-07T02:05:37,0.78,Review,C0138
OF00551,OS0274,P01935,person,Social Identity,OSINT record suggests online presence associated with Kavya Reddy (P01935).,2024-08-05T15:05:37,0.74,Disputed,C0138
OF00552,OS0275,P01949,person,Digital Footprint,OSINT record suggests online presence associated with Tara Bhat (P01949).,2024-07-20T02:13:58,0.49,Disputed,C0139
OF00553,OS0275,P01957,person,Social Identity,OSINT record suggests online presence associated with Diya Khan (P01957).,2024-07-19T03:13:58,0.51,Disputed,C0139
OF00554,OS0276,P01947,person,Social Identity,OSINT record suggests online presence associated with Ishita Menon (P01947).,2024-11-11T16:54:28,0.64,Review,C0139
OF00555,OS0277,P01951,person,Business Listing,OSINT record suggests online presence associated with Rohan Shah (P01951).,2024-10-28T10:42:03,0.6,Verified,C0139
OF00556,OS0278,P01967,person,Social Identity,OSINT record suggests online presence associated with Naina Kulkarni (P01967).,2024-12-26T14:53:29,0.83,Review,C0139
OF00557,OS0278,P01960,person,Public Mention,OSINT record suggests online presence associated with Pranav Mehta (P01960).,2024-12-27T05:53:29,0.77,Disputed,C0139
OF00558,OS0278,P01983,person,Social Identity,OSINT record suggests online presence associated with Manav Thakur (P01983).,2024-12-26T22:53:29,0.85,Review,C0139
OF00559,OS0279,P01984,person,Social Identity,OSINT record suggests online presence associated with Arjun Ghosh (P01984).,2024-05-13T15:56:50,0.55,Disputed,C0140
OF00560,OS0279,P01182,person,Social Identity,OSINT record suggests online presence associated with Riya Menon (P01182).,2024-05-12T11:56:50,0.75,Review,C0140
OF00561,OS0279,P02003,person,Business Listing,OSINT record suggests online presence associated with Varun Nair (P02003).,2024-05-13T19:56:50,0.81,Disputed,C0140
OF00562,OS0280,O0081,organization,Social Identity,OSINT record references business listing possibly linked to Sunrise Enterprises (O0081).,2024-08-28T18:37:19,0.71,Verified,C0140
OF00563,OS0280,P01991,person,Digital Footprint,OSINT record suggests online presence associated with Vanya Patil (P01991).,2024-08-28T16:37:19,0.84,Disputed,C0140
OF00564,OS0281,P01182,person,Social Identity,OSINT record suggests online presence associated with Riya Menon (P01182).,2024-07-21T20:18:01,0.86,Verified,C0140
OF00565,OS0281,P01990,person,Public Mention,OSINT record suggests online presence associated with Zoya Iyer (P01990).,2024-07-22T13:18:01,0.45,Disputed,C0140
OF00566,OS0282,P02018,person,Public Mention,OSINT record suggests online presence associated with Ananya Naik (P02018).,2024-08-30T07:56:29,0.69,Disputed,C0141
OF00567,OS0283,P02016,person,Business Listing,OSINT record suggests online presence associated with Anushka Mishra (P02016).,2024-08-31T06:31:02,0.61,Review,C0141
OF00568,OS0283,P02021,person,Public Mention,OSINT record suggests online presence associated with Meera Pillai (P02021).,2024-08-30T07:31:02,0.91,Disputed,C0141
OF00569,OS0283,P02011,person,Digital Footprint,OSINT record suggests online presence associated with Anushka Menon (P02011).,2024-08-29T13:31:02,0.64,Verified,C0141
OF00570,OS0284,P02014,person,Digital Footprint,OSINT record suggests online presence associated with Simran Shah (P02014).,2024-09-01T15:41:26,0.84,Verified,C0141
OF00571,OS0285,P02011,person,Public Mention,OSINT record suggests online presence associated with Anushka Menon (P02011).,2024-08-26T09:22:04,0.84,Review,C0141
OF00572,OS0285,P02007,person,Public Mention,OSINT record suggests online presence associated with Vanya Das (P02007).,2024-08-28T03:22:04,0.92,Verified,C0141
OF00573,OS0286,O0082,organization,Business Listing,OSINT record references business listing possibly linked to Unity Traders (O0082).,2024-11-24T08:09:14,0.71,Verified,C0142
OF00574,OS0286,O0082,organization,Social Identity,OSINT record references business listing possibly linked to Unity Traders (O0082).,2024-11-24T12:09:14,0.67,Disputed,C0142
OF00575,OS0287,P02029,person,Social Identity,OSINT record suggests online presence associated with Ishita Reddy (P02029).,2024-07-26T07:50:03,0.61,Verified,C0143
OF00576,OS0287,O0083,organization,Digital Footprint,OSINT record references business listing possibly linked to Zenith Retailers Pvt Ltd (O0083).,2024-07-25T00:50:03,0.71,Verified,C0143
OF00577,OS0288,P02033,person,Public Mention,OSINT record suggests online presence associated with Pranav Kulkarni (P02033).,2024-03-14T15:53:19,0.63,Disputed,C0144
OF00578,OS0289,P02047,person,Social Identity,OSINT record suggests online presence associated with Rohan Chavan (P02047).,2024-05-19T19:54:56,0.83,Review,C0144
OF00579,OS0290,P02045,person,Digital Footprint,OSINT record suggests online presence associated with Arnav Jadhav (P02045).,2024-07-28T09:38:08,0.73,Verified,C0144
OF00580,OS0291,P02043,person,Business Listing,OSINT record suggests online presence associated with Saurabh Singh (P02043).,2024-08-31T04:38:43,0.91,Review,C0144
OF00581,OS0292,P02064,person,Public Mention,OSINT record suggests online presence associated with Sameer Mishra (P02064).,2024-01-13T05:02:49,0.64,Review,C0145
OF00582,OS0293,P02073,person,Business Listing,OSINT record suggests online presence associated with Anushka Joshi (P02073).,2024-01-30T13:41:01,0.7,Review,C0145
OF00583,OS0293,P01843,person,Public Mention,OSINT record suggests online presence associated with Kabir Iyer (P01843).,2024-01-31T07:41:01,0.51,Review,C0145
OF00584,OS0293,P02060,person,Business Listing,OSINT record suggests online presence associated with Nikhil Verma (P02060).,2024-01-29T23:41:01,0.79,Review,C0145
OF00585,OS0294,P02061,person,Social Identity,OSINT record suggests online presence associated with Naveen Malhotra (P02061).,2024-01-20T20:27:12,0.85,Disputed,C0145
OF00586,OS0294,P02070,person,Business Listing,OSINT record suggests online presence associated with Vanya Nair (P02070).,2024-01-19T05:27:12,0.91,Disputed,C0145
OF00587,OS0294,P02072,person,Social Identity,OSINT record suggests online presence associated with Trisha Desai (P02072).,2024-01-19T09:27:12,0.9,Disputed,C0145
OF00588,OS0295,P02081,person,Business Listing,OSINT record suggests online presence associated with Aditi Reddy (P02081).,2024-01-31T16:17:23,0.85,Review,C0145
OF00589,OS0296,P01049,person,Social Identity,OSINT record suggests online presence associated with Arnav Chavan (P01049).,2024-07-26T20:47:48,0.67,Verified,C0146
OF00590,OS0296,P02088,person,Business Listing,OSINT record suggests online presence associated with Pranav Rao (P02088).,2024-07-27T09:47:48,0.48,Review,C0146
OF00591,OS0296,O0084,organization,Business Listing,OSINT record references business listing possibly linked to Metro Retailers Pvt Ltd (O0084).,2024-07-26T20:47:48,0.77,Disputed,C0146
OF00592,OS0297,O0085,organization,Business Listing,OSINT record references business listing possibly linked to Sterling Traders (O0085).,2024-07-06T10:21:52,0.71,Disputed,C0147
OF00593,OS0298,P02108,person,Public Mention,OSINT record suggests online presence associated with Mahi Das (P02108).,2024-07-13T14:48:13,0.63,Verified,C0147
OF00594,OS0298,P02113,person,Social Identity,OSINT record suggests online presence associated with Sameer Saxena (P02113).,2024-07-13T19:48:13,0.84,Verified,C0147
OF00595,OS0299,P02098,person,Business Listing,OSINT record suggests online presence associated with Isha Iyer (P02098).,2024-07-13T23:36:39,0.65,Verified,C0147
OF00596,OS0299,P02111,person,Business Listing,OSINT record suggests online presence associated with Trisha Verma (P02111).,2024-07-12T23:36:39,0.59,Disputed,C0147
OF00597,OS0300,P02103,person,Business Listing,OSINT record suggests online presence associated with Pooja Kulkarni (P02103).,2024-07-10T01:49:19,0.59,Review,C0147
OF00598,OS0300,P02105,person,Business Listing,OSINT record suggests online presence associated with Kavya Rao (P02105).,2024-07-10T04:49:19,0.77,Verified,C0147
OF00599,OS0300,P02118,person,Social Identity,OSINT record suggests online presence associated with Karan Chavan (P02118).,2024-07-08T16:49:19,0.84,Review,C0147
OF00600,OS0301,P02121,person,Social Identity,OSINT record suggests online presence associated with Avni Bansal (P02121).,2024-09-05T17:03:20,0.67,Review,C0148
OF00601,OS0301,O0086,organization,Social Identity,OSINT record references business listing possibly linked to Maharashtra Industrial Manufacturing Co (O0086).,2024-09-06T21:03:20,0.88,Disputed,C0148
OF00602,OS0301,P02119,person,Public Mention,OSINT record suggests online presence associated with Naveen Kulkarni (P02119).,2024-09-06T17:03:20,0.6,Review,C0148
OF00603,OS0302,O0087,organization,Social Identity,OSINT record references business listing possibly linked to Yamuna Exports (O0087).,2024-01-23T21:56:49,0.53,Review,C0149
OF00604,OS0302,O0087,organization,Social Identity,OSINT record references business listing possibly linked to Yamuna Exports (O0087).,2024-01-24T02:56:49,0.63,Review,C0149
OF00605,OS0303,P02122,person,Business Listing,OSINT record suggests online presence associated with Simran Kapoor (P02122).,2024-05-09T02:21:53,0.56,Review,C0149
OF00606,OS0304,O0087,organization,Social Identity,OSINT record references business listing possibly linked to Yamuna Exports (O0087).,2024-06-28T16:30:05,0.86,Verified,C0149
OF00607,OS0304,P02127,person,Digital Footprint,OSINT record suggests online presence associated with Rahul Das (P02127).,2024-06-28T13:30:05,0.65,Review,C0149
OF00608,OS0305,P02124,person,Business Listing,OSINT record suggests online presence associated with Zoya Kapoor (P02124).,2024-05-18T18:09:10,0.49,Verified,C0149
OF00609,OS0306,P02154,person,Digital Footprint,OSINT record suggests online presence associated with Karan Khan (P02154).,2024-06-18T08:45:52,0.9,Disputed,C0150
OF00610,OS0307,P02155,person,Public Mention,OSINT record suggests online presence associated with Sneha Sethi (P02155).,2024-05-06T00:43:10,0.83,Verified,C0150
OF00611,OS0307,P02141,person,Business Listing,OSINT record suggests online presence associated with Manav Shah (P02141).,2024-05-06T07:43:10,0.9,Disputed,C0150
OF00612,OS0307,P02152,person,Business Listing,OSINT record suggests online presence associated with Vikram Iyer (P02152).,2024-05-05T19:43:10,0.62,Disputed,C0150
OF00613,OS0308,P02155,person,Public Mention,OSINT record suggests online presence associated with Sneha Sethi (P02155).,2024-02-01T00:47:25,0.47,Disputed,C0150
OF00614,OS0308,P02130,person,Digital Footprint,OSINT record suggests online presence associated with Yamini Saxena (P02130).,2024-02-01T20:47:25,0.91,Verified,C0150
OF00615,OS0309,P02136,person,Business Listing,OSINT record suggests online presence associated with Ishita Mishra (P02136).,2024-04-14T15:29:12,0.7,Review,C0150
OF00616,OS0309,P02143,person,Business Listing,OSINT record suggests online presence associated with Vanya Bansal (P02143).,2024-04-15T08:29:12,0.55,Verified,C0150
OF00617,OS0309,P02162,person,Business Listing,OSINT record suggests online presence associated with Simran Shah (P02162).,2024-04-14T20:29:12,0.53,Review,C0150
OF00618,OS0310,O0088,organization,Digital Footprint,OSINT record references business listing possibly linked to Western Enterprises (O0088).,2024-03-30T09:52:07,0.72,Review,C0151
OF00619,OS0311,P02187,person,Business Listing,OSINT record suggests online presence associated with Yamini Desai (P02187).,2024-03-17T15:45:04,0.59,Review,C0152
OF00620,OS0311,P02188,person,Public Mention,OSINT record suggests online presence associated with Ishaan Menon (P02188).,2024-03-16T18:45:04,0.47,Review,C0152
OF00621,OS0311,O0089,organization,Business Listing,OSINT record references business listing possibly linked to Unity Retailers Pvt Ltd (O0089).,2024-03-16T17:45:04,0.57,Verified,C0152
OF00622,OS0312,P02214,person,Public Mention,OSINT record suggests online presence associated with Arjun Rao (P02214).,2024-07-31T21:29:09,0.71,Disputed,C0153
OF00623,OS0312,P02212,person,Social Identity,OSINT record suggests online presence associated with Simran Shah (P02212).,2024-08-02T10:29:09,0.77,Disputed,C0153
OF00624,OS0312,P02203,person,Public Mention,OSINT record suggests online presence associated with Tanvi Ghosh (P02203).,2024-08-01T12:29:09,0.51,Disputed,C0153
OF00625,OS0313,P02218,person,Digital Footprint,OSINT record suggests online presence associated with Yamini Pillai (P02218).,2024-07-30T22:01:43,0.8,Review,C0153
OF00626,OS0314,P02237,person,Digital Footprint,OSINT record suggests online presence associated with Aniket Ghosh (P02237).,2024-08-14T00:38:27,0.71,Verified,C0154
OF00627,OS0314,O0090,organization,Public Mention,OSINT record references business listing possibly linked to Maharashtra Industrial Financial Solutions (O0090).,2024-08-13T08:38:27,0.52,Disputed,C0154
OF00628,OS0315,P02235,person,Digital Footprint,OSINT record suggests online presence associated with Aman Saxena (P02235).,2024-04-07T11:14:37,0.56,Verified,C0154
OF00629,OS0316,P02240,person,Public Mention,OSINT record suggests online presence associated with Rhea Desai (P02240).,2024-07-11T00:01:30,0.47,Disputed,C0155
OF00630,OS0316,P02246,person,Digital Footprint,OSINT record suggests online presence associated with Dev Pillai (P02246).,2024-07-10T10:01:30,0.89,Verified,C0155
OF00631,OS0317,O0091,organization,Public Mention,OSINT record references business listing possibly linked to Konkan Trade Consultants (O0091).,2024-06-29T11:04:51,0.74,Verified,C0155
OF00632,OS0317,O0091,organization,Social Identity,OSINT record references business listing possibly linked to Konkan Trade Consultants (O0091).,2024-07-01T06:04:51,0.88,Review,C0155
OF00633,OS0317,P02239,person,Digital Footprint,OSINT record suggests online presence associated with Riya Mehta (P02239).,2024-06-29T14:04:51,0.73,Disputed,C0155
OF00634,OS0318,P02250,person,Social Identity,OSINT record suggests online presence associated with Akash Iyer (P02250).,2024-08-01T11:57:08,0.65,Disputed,C0156
OF00635,OS0319,P02258,person,Digital Footprint,OSINT record suggests online presence associated with Neha Kapoor (P02258).,2024-08-17T09:24:34,0.63,Verified,C0156
OF00636,OS0319,P02254,person,Social Identity,OSINT record suggests online presence associated with Aditi Verma (P02254).,2024-08-16T22:24:34,0.53,Disputed,C0156
OF00637,OS0320,P02255,person,Digital Footprint,OSINT record suggests online presence associated with Varun Nair (P02255).,2024-09-01T06:12:42,0.62,Review,C0156
OF00638,OS0321,P02256,person,Social Identity,OSINT record suggests online presence associated with Neha Iyer (P02256).,2024-08-13T10:18:32,0.83,Verified,C0156
OF00639,OS0321,P02258,person,Business Listing,OSINT record suggests online presence associated with Neha Kapoor (P02258).,2024-08-14T11:18:32,0.79,Verified,C0156
OF00640,OS0322,P01340,person,Public Mention,OSINT record suggests online presence associated with Rohan Thakur (P01340).,2024-05-31T01:11:04,0.9,Verified,C0157
OF00641,OS0322,O0092,organization,Business Listing,OSINT record references business listing possibly linked to Central Realty Pvt Ltd (O0092).,2024-05-30T11:11:04,0.81,Verified,C0157
OF00642,OS0322,P02261,person,Public Mention,OSINT record suggests online presence associated with Nikhil Menon (P02261).,2024-05-30T06:11:04,0.72,Verified,C0157
OF00643,OS0323,P02266,person,Business Listing,OSINT record suggests online presence associated with Trisha Jadhav (P02266).,2024-12-03T12:39:54,0.87,Verified,C0158
OF00644,OS0323,P02266,person,Public Mention,OSINT record suggests online presence associated with Trisha Jadhav (P02266).,2024-12-02T16:39:54,0.65,Disputed,C0158
OF00645,OS0323,P02265,person,Digital Footprint,OSINT record suggests online presence associated with Mahi Joshi (P02265).,2024-12-04T10:39:54,0.84,Review,C0158
OF00646,OS0324,P02268,person,Business Listing,OSINT record suggests online presence associated with Isha Reddy (P02268).,2024-11-03T17:17:22,0.45,Verified,C0159
OF00647,OS0325,P02268,person,Digital Footprint,OSINT record suggests online presence associated with Isha Reddy (P02268).,2024-08-10T19:52:03,0.65,Review,C0159
OF00648,OS0325,P02273,person,Business Listing,OSINT record suggests online presence associated with Ritesh Ghosh (P02273).,2024-08-10T15:52:03,0.69,Verified,C0159
OF00649,OS0325,P02268,person,Digital Footprint,OSINT record suggests online presence associated with Isha Reddy (P02268).,2024-08-10T04:52:03,0.85,Verified,C0159
OF00650,OS0326,P01098,person,Digital Footprint,OSINT record suggests online presence associated with Harsh Menon (P01098).,2024-07-04T04:34:35,0.46,Review,C0159
OF00651,OS0327,O0093,organization,Social Identity,OSINT record references business listing possibly linked to Urban Link Manufacturing Co (O0093).,2024-07-30T17:26:57,0.86,Verified,C0160
OF00652,OS0327,P02274,person,Public Mention,OSINT record suggests online presence associated with Ananya Iyer (P02274).,2024-07-30T03:26:57,0.69,Review,C0160
OF00653,OS0327,P02275,person,Public Mention,OSINT record suggests online presence associated with Ananya Kapoor (P02275).,2024-07-30T17:26:57,0.47,Verified,C0160
OF00654,OS0328,P02307,person,Digital Footprint,OSINT record suggests online presence associated with Harsh Mehta (P02307).,2024-08-13T13:39:10,0.79,Review,C0161
OF00655,OS0328,O0094,organization,Social Identity,OSINT record references business listing possibly linked to Horizon Distribution Services (O0094).,2024-08-13T14:39:10,0.9,Disputed,C0161
OF00656,OS0328,P02293,person,Business Listing,OSINT record suggests online presence associated with Aditya Saxena (P02293).,2024-08-12T08:39:10,0.74,Review,C0161
OF00657,OS0329,P02303,person,Digital Footprint,OSINT record suggests online presence associated with Riya Mishra (P02303).,2024-06-14T02:53:12,0.55,Review,C0161
OF00658,OS0330,P02290,person,Digital Footprint,OSINT record suggests online presence associated with Vivek Iyer (P02290).,2024-04-04T16:38:21,0.51,Review,C0161
OF00659,OS0330,O0094,organization,Public Mention,OSINT record references business listing possibly linked to Horizon Distribution Services (O0094).,2024-04-04T06:38:21,0.61,Review,C0161
OF00660,OS0330,O0094,organization,Public Mention,OSINT record references business listing possibly linked to Horizon Distribution Services (O0094).,2024-04-03T07:38:21,0.49,Verified,C0161
OF00661,OS0331,P02314,person,Digital Footprint,OSINT record suggests online presence associated with Ishaan Menon (P02314).,2024-07-24T11:16:08,0.78,Verified,C0162
OF00662,OS0331,O0095,organization,Digital Footprint,OSINT record references business listing possibly linked to Orbit Industrial Supplies (O0095).,2024-07-25T15:16:08,0.86,Disputed,C0162
OF00663,OS0332,P02318,person,Digital Footprint,OSINT record suggests online presence associated with Isha Singh (P02318).,2024-06-30T23:28:10,0.62,Verified,C0162
OF00664,OS0332,P02324,person,Digital Footprint,OSINT record suggests online presence associated with Anushka Desai (P02324).,2024-06-29T08:28:10,0.79,Disputed,C0162
OF00665,OS0333,O0095,organization,Social Identity,OSINT record references business listing possibly linked to Orbit Industrial Supplies (O0095).,2024-07-19T23:49:21,0.49,Review,C0162
OF00666,OS0334,O0096,organization,Public Mention,OSINT record references business listing possibly linked to Zenith Traders (O0096).,2024-05-09T05:37:50,0.54,Review,C0163
OF00667,OS0334,O0096,organization,Digital Footprint,OSINT record references business listing possibly linked to Zenith Traders (O0096).,2024-05-08T17:37:50,0.57,Review,C0163
OF00668,OS0335,P02341,person,Public Mention,OSINT record suggests online presence associated with Aniket Desai (P02341).,2024-05-14T07:47:14,0.67,Verified,C0164
OF00669,OS0335,P01342,person,Social Identity,OSINT record suggests online presence associated with Yash Reddy (P01342).,2024-05-15T02:47:14,0.5,Verified,C0164
OF00670,OS0335,P02343,person,Business Listing,OSINT record suggests online presence associated with Sameer Iyer (P02343).,2024-05-14T23:47:14,0.6,Disputed,C0164
OF00671,OS0336,P02387,person,Business Listing,OSINT record suggests online presence associated with Sneha Verma (P02387).,2024-01-03T20:52:04,0.85,Verified,C0165
OF00672,OS0337,P02359,person,Social Identity,OSINT record suggests online presence associated with Mahi Reddy (P02359).,2024-05-04T03:54:20,0.67,Disputed,C0165
OF00673,OS0337,P02377,person,Business Listing,OSINT record suggests online presence associated with Aditya Saxena (P02377).,2024-05-03T14:54:20,0.58,Verified,C0165
OF00674,OS0338,P02388,person,Social Identity,OSINT record suggests online presence associated with Rahul Iyer (P02388).,2024-12-30T10:58:56,0.7,Disputed,C0166
OF00675,OS0339,P02405,person,Digital Footprint,OSINT record suggests online presence associated with Anushka Shetty (P02405).,2024-12-02T19:13:12,0.83,Verified,C0166
OF00676,OS0339,P02397,person,Public Mention,OSINT record suggests online presence associated with Dhruv Das (P02397).,2024-12-02T02:13:12,0.63,Review,C0166
OF00677,OS0340,P02396,person,Digital Footprint,OSINT record suggests online presence associated with Kiara Shetty (P02396).,2024-05-17T22:05:54,0.74,Disputed,C0166
OF00678,OS0340,P02399,person,Social Identity,OSINT record suggests online presence associated with Pooja Reddy (P02399).,2024-05-17T06:05:54,0.74,Disputed,C0166
OF00679,OS0340,P02401,person,Social Identity,OSINT record suggests online presence associated with Sameer Shetty (P02401).,2024-05-16T04:05:54,0.52,Review,C0166
OF00680,OS0341,P02397,person,Digital Footprint,OSINT record suggests online presence associated with Dhruv Das (P02397).,2024-04-21T19:38:19,0.89,Verified,C0166
OF00681,OS0341,P02389,person,Business Listing,OSINT record suggests online presence associated with Ishita Joshi (P02389).,2024-04-21T21:38:19,0.91,Review,C0166
OF00682,OS0341,P02406,person,Social Identity,OSINT record suggests online presence associated with Aditya Verma (P02406).,2024-04-22T00:38:19,0.67,Disputed,C0166
OF00683,OS0342,P00882,person,Public Mention,OSINT record suggests online presence associated with Aman Verma (P00882).,2024-12-30T13:12:02,0.88,Disputed,C0167
OF00684,OS0342,P00882,person,Business Listing,OSINT record suggests online presence associated with Aman Verma (P00882).,2024-12-30T18:12:02,0.91,Disputed,C0167
OF00685,OS0343,P02418,person,Digital Footprint,OSINT record suggests online presence associated with Shreya Das (P02418).,2024-11-20T01:51:08,0.57,Verified,C0168
OF00686,OS0344,P02421,person,Digital Footprint,OSINT record suggests online presence associated with Pranav Patil (P02421).,2024-04-01T00:45:05,0.48,Verified,C0169
OF00687,OS0344,P02420,person,Social Identity,OSINT record suggests online presence associated with Aditi Mehta (P02420).,2024-03-31T17:45:05,0.81,Review,C0169
OF00688,OS0345,P02426,person,Social Identity,OSINT record suggests online presence associated with Harsh Das (P02426).,2024-08-29T06:52:40,0.46,Disputed,C0170
OF00689,OS0346,P02427,person,Social Identity,OSINT record suggests online presence associated with Akash Joshi (P02427).,2024-05-13T18:20:24,0.56,Disputed,C0170
OF00690,OS0346,P02426,person,Social Identity,OSINT record suggests online presence associated with Harsh Das (P02426).,2024-05-15T02:20:24,0.54,Disputed,C0170
OF00691,OS0347,P02428,person,Business Listing,OSINT record suggests online presence associated with Pooja Das (P02428).,2024-04-03T18:34:43,0.73,Verified,C0170
OF00692,OS0347,P02432,person,Social Identity,OSINT record suggests online presence associated with Trisha Pillai (P02432).,2024-04-04T05:34:43,0.86,Disputed,C0170
OF00693,OS0348,P02426,person,Social Identity,OSINT record suggests online presence associated with Harsh Das (P02426).,2024-06-07T12:16:50,0.51,Verified,C0170
OF00694,OS0348,P02423,person,Social Identity,OSINT record suggests online presence associated with Ananya Chavan (P02423).,2024-06-05T22:16:50,0.83,Disputed,C0170
OF00695,OS0349,P02441,person,Public Mention,OSINT record suggests online presence associated with Shreya Kulkarni (P02441).,2024-05-18T04:50:04,0.83,Disputed,C0171
OF00696,OS0349,P02440,person,Social Identity,OSINT record suggests online presence associated with Shreya Bansal (P02440).,2024-05-17T08:50:04,0.54,Review,C0171
OF00697,OS0349,P02437,person,Digital Footprint,OSINT record suggests online presence associated with Zoya Kapoor (P02437).,2024-05-18T01:50:04,0.68,Disputed,C0171
OF00698,OS0350,P02434,person,Public Mention,OSINT record suggests online presence associated with Yamini Ghosh (P02434).,2024-08-30T23:50:30,0.83,Verified,C0171
OF00699,OS0351,P02441,person,Business Listing,OSINT record suggests online presence associated with Shreya Kulkarni (P02441).,2024-04-16T12:05:52,0.9,Disputed,C0171
OF00700,OS0351,P02436,person,Public Mention,OSINT record suggests online presence associated with Tanvi Menon (P02436).,2024-04-17T02:05:52,0.91,Review,C0171
OF00701,OS0351,P02438,person,Social Identity,OSINT record suggests online presence associated with Aanya Mishra (P02438).,2024-04-16T23:05:52,0.52,Review,C0171
OF00702,OS0352,O0100,organization,Digital Footprint,OSINT record references business listing possibly linked to Horizon Retailers Pvt Ltd (O0100).,2024-07-19T04:05:08,0.55,Verified,C0172
OF00703,OS0352,P02445,person,Business Listing,OSINT record suggests online presence associated with Varun Reddy (P02445).,2024-07-19T15:05:08,0.68,Disputed,C0172
OF00704,OS0353,P02446,person,Business Listing,OSINT record suggests online presence associated with Vivek Nair (P02446).,2024-06-02T17:51:36,0.54,Disputed,C0173
OF00705,OS0353,P00140,person,Social Identity,OSINT record suggests online presence associated with Aman Kulkarni (P00140).,2024-06-01T11:51:36,0.73,Verified,C0173
OF00706,OS0354,P01246,person,Business Listing,OSINT record suggests online presence associated with Karan Singh (P01246).,2024-08-20T01:44:35,0.56,Verified,C0174
OF00707,OS0355,P00334,person,Business Listing,OSINT record suggests online presence associated with Shreya Shetty (P00334).,2024-05-03T10:34:13,0.89,Disputed,C0174
OF00708,OS0356,O0102,organization,Public Mention,OSINT record references business listing possibly linked to Maharashtra Industrial Consulting Services (O0102).,2024-08-30T02:27:05,0.49,Disputed,C0175
OF00709,OS0356,O0102,organization,Business Listing,OSINT record references business listing possibly linked to Maharashtra Industrial Consulting Services (O0102).,2024-08-29T23:27:05,0.55,Disputed,C0175
OF00710,OS0357,P02474,person,Social Identity,OSINT record suggests online presence associated with Kunal Mehta (P02474).,2024-04-30T08:33:41,0.66,Disputed,C0176
OF00711,OS0358,O0103,organization,Public Mention,OSINT record references business listing possibly linked to Konkan Freight Services (O0103).,2024-08-11T23:37:30,0.61,Disputed,C0177
OF00712,OS0358,O0103,organization,Digital Footprint,OSINT record references business listing possibly linked to Konkan Freight Services (O0103).,2024-08-11T21:37:30,0.83,Verified,C0177
OF00713,OS0358,P02507,person,Public Mention,OSINT record suggests online presence associated with Varun Menon (P02507).,2024-08-10T12:37:30,0.65,Disputed,C0177
OF00714,OS0359,O0103,organization,Public Mention,OSINT record references business listing possibly linked to Konkan Freight Services (O0103).,2024-08-11T15:33:27,0.52,Review,C0177
OF00715,OS0359,O0103,organization,Social Identity,OSINT record references business listing possibly linked to Konkan Freight Services (O0103).,2024-08-10T08:33:27,0.9,Verified,C0177
OF00716,OS0360,O0104,organization,Public Mention,OSINT record references business listing possibly linked to Sterling Transport (O0104).,2024-08-09T17:45:13,0.78,Verified,C0178
OF00717,OS0360,P02536,person,Digital Footprint,OSINT record suggests online presence associated with Kunal Shetty (P02536).,2024-08-10T17:45:13,0.74,Review,C0178
OF00718,OS0360,O0104,organization,Business Listing,OSINT record references business listing possibly linked to Sterling Transport (O0104).,2024-08-10T10:45:13,0.54,Verified,C0178
OF00719,OS0361,P02537,person,Business Listing,OSINT record suggests online presence associated with Meera Saxena (P02537).,2024-09-01T02:25:33,0.79,Review,C0178
OF00720,OS0361,P02537,person,Social Identity,OSINT record suggests online presence associated with Meera Saxena (P02537).,2024-09-01T00:25:33,0.8,Disputed,C0178
OF00721,OS0362,P02536,person,Digital Footprint,OSINT record suggests online presence associated with Kunal Shetty (P02536).,2024-12-21T12:04:31,0.61,Review,C0178
OF00722,OS0362,P02535,person,Social Identity,OSINT record suggests online presence associated with Aniket Verma (P02535).,2024-12-21T16:04:31,0.9,Verified,C0178
OF00723,OS0362,O0104,organization,Social Identity,OSINT record references business listing possibly linked to Sterling Transport (O0104).,2024-12-21T13:04:31,0.8,Review,C0178
OF00724,OS0363,P02542,person,Public Mention,OSINT record suggests online presence associated with Aanya Kulkarni (P02542).,2024-05-21T18:25:32,0.52,Disputed,C0179
OF00725,OS0363,P02539,person,Digital Footprint,OSINT record suggests online presence associated with Manav Menon (P02539).,2024-05-21T19:25:32,0.55,Verified,C0179
OF00726,OS0363,P02541,person,Business Listing,OSINT record suggests online presence associated with Aditya Gupta (P02541).,2024-05-22T11:25:32,0.66,Review,C0179
OF00727,OS0364,P02548,person,Social Identity,OSINT record suggests online presence associated with Ishaan Chavan (P02548).,2024-07-14T09:43:23,0.86,Disputed,C0180
OF00728,OS0365,P02553,person,Business Listing,OSINT record suggests online presence associated with Karan Nair (P02553).,2024-10-20T10:13:52,0.6,Review,C0181
OF00729,OS0366,P02572,person,Social Identity,OSINT record suggests online presence associated with Diya Mishra (P02572).,2024-04-30T21:31:01,0.71,Verified,C0181
OF00730,OS0367,P02553,person,Public Mention,OSINT record suggests online presence associated with Karan Nair (P02553).,2024-05-02T13:03:54,0.8,Review,C0181
OF00731,OS0368,O0106,organization,Digital Footprint,OSINT record references business listing possibly linked to Maharashtra Industrial Logistics Pvt Ltd (O0106).,2024-08-16T21:26:58,0.69,Review,C0182
OF00732,OS0368,P02266,person,Digital Footprint,OSINT record suggests online presence associated with Trisha Jadhav (P02266).,2024-08-17T20:26:58,0.58,Verified,C0182
OF00733,OS0369,P02581,person,Social Identity,OSINT record suggests online presence associated with Ishaan Shah (P02581).,2024-05-13T11:49:31,0.68,Verified,C0183
OF00734,OS0369,P02592,person,Public Mention,OSINT record suggests online presence associated with Mohit Mehta (P02592).,2024-05-12T09:49:31,0.6,Verified,C0183
OF00735,OS0370,P02597,person,Business Listing,OSINT record suggests online presence associated with Diya Mishra (P02597).,2024-07-17T12:34:38,0.49,Disputed,C0183
OF00736,OS0371,P02598,person,Social Identity,OSINT record suggests online presence associated with Aditi Rao (P02598).,2024-08-15T17:23:55,0.51,Verified,C0184
OF00737,OS0371,P02598,person,Social Identity,OSINT record suggests online presence associated with Aditi Rao (P02598).,2024-08-15T10:23:55,0.84,Review,C0184
OF00738,OS0371,P02598,person,Digital Footprint,OSINT record suggests online presence associated with Aditi Rao (P02598).,2024-08-14T11:23:55,0.45,Review,C0184
OF00739,OS0372,O0108,organization,Social Identity,OSINT record references business listing possibly linked to Vertex Technologies Pvt Ltd (O0108).,2025-08-02T03:29:46,0.52,Verified,C0185
OF00740,OS0372,O0108,organization,Social Identity,OSINT record references business listing possibly linked to Vertex Technologies Pvt Ltd (O0108).,2025-08-01T17:29:46,0.74,Verified,C0185
OF00741,OS0372,O0108,organization,Social Identity,OSINT record references business listing possibly linked to Vertex Technologies Pvt Ltd (O0108).,2025-08-02T17:29:46,0.8,Disputed,C0185
OF00742,OS0373,P01701,person,Social Identity,OSINT record suggests online presence associated with Naina Sethi (P01701).,2025-07-23T05:32:42,0.46,Disputed,C0186
OF00743,OS0373,P01701,person,Social Identity,OSINT record suggests online presence associated with Naina Sethi (P01701).,2025-07-23T03:32:42,0.59,Verified,C0186
OF00744,OS0374,P02629,person,Business Listing,OSINT record suggests online presence associated with Tara Chavan (P02629).,2025-09-01T20:22:17,0.82,Disputed,C0187
OF00745,OS0375,P00716,person,Public Mention,OSINT record suggests online presence associated with Simran Khan (P00716).,2025-03-08T09:58:59,0.56,Review,C0187
OF00746,OS0375,P02437,person,Digital Footprint,OSINT record suggests online presence associated with Zoya Kapoor (P02437).,2025-03-07T08:58:59,0.75,Review,C0187
OF00747,OS0376,P02634,person,Digital Footprint,OSINT record suggests online presence associated with Dhruv Bhat (P02634).,2025-11-30T09:03:38,0.64,Review,C0187
OF00748,OS0377,P02632,person,Public Mention,OSINT record suggests online presence associated with Tanvi Iyer (P02632).,2025-11-21T03:02:55,0.79,Review,C0187
OF00749,OS0377,P02634,person,Social Identity,OSINT record suggests online presence associated with Dhruv Bhat (P02634).,2025-11-21T13:02:55,0.68,Review,C0187
OF00750,OS0378,P02641,person,Business Listing,OSINT record suggests online presence associated with Simran Shah (P02641).,2025-08-19T11:33:01,0.65,Disputed,C0188
OF00751,OS0378,P02638,person,Social Identity,OSINT record suggests online presence associated with Riya Malhotra (P02638).,2025-08-19T11:33:01,0.91,Review,C0188
OF00752,OS0379,P02638,person,Digital Footprint,OSINT record suggests online presence associated with Riya Malhotra (P02638).,2025-05-13T08:22:58,0.89,Verified,C0188
OF00753,OS0379,O0109,organization,Social Identity,OSINT record references business listing possibly linked to Deccan Consulting Services (O0109).,2025-05-13T23:22:58,0.52,Review,C0188
OF00754,OS0379,P00260,person,Business Listing,OSINT record suggests online presence associated with Arnav Thakur (P00260).,2025-05-13T18:22:58,0.52,Verified,C0188
OF00755,OS0380,P02643,person,Public Mention,OSINT record suggests online presence associated with Arjun Ghosh (P02643).,2025-12-06T22:42:55,0.5,Disputed,C0188
OF00756,OS0380,O0109,organization,Digital Footprint,OSINT record references business listing possibly linked to Deccan Consulting Services (O0109).,2025-12-05T12:42:55,0.55,Disputed,C0188
OF00757,OS0380,P02635,person,Public Mention,OSINT record suggests online presence associated with Naveen Chavan (P02635).,2025-12-06T01:42:55,0.72,Disputed,C0188
OF00758,OS0381,O0110,organization,Digital Footprint,OSINT record references business listing possibly linked to Metro Solutions Pvt Ltd (O0110).,2025-08-29T00:42:05,0.76,Review,C0189
OF00759,OS0381,O0110,organization,Social Identity,OSINT record references business listing possibly linked to Metro Solutions Pvt Ltd (O0110).,2025-08-28T00:42:05,0.72,Disputed,C0189
OF00760,OS0381,P02657,person,Public Mention,OSINT record suggests online presence associated with Rohan Chavan (P02657).,2025-08-29T00:42:05,0.7,Disputed,C0189
OF00761,OS0382,P02660,person,Public Mention,OSINT record suggests online presence associated with Pranav Ghosh (P02660).,2025-08-28T02:40:39,0.7,Disputed,C0189
OF00762,OS0383,P02647,person,Business Listing,OSINT record suggests online presence associated with Tanvi Malhotra (P02647).,2025-09-28T00:33:55,0.54,Verified,C0189
OF00763,OS0383,P02663,person,Digital Footprint,OSINT record suggests online presence associated with Siddharth Joshi (P02663).,2025-09-27T09:33:55,0.62,Verified,C0189
OF00764,OS0383,P02663,person,Public Mention,OSINT record suggests online presence associated with Siddharth Joshi (P02663).,2025-09-28T17:33:55,0.86,Verified,C0189
OF00765,OS0384,P02545,person,Social Identity,OSINT record suggests online presence associated with Saurabh Mehta (P02545).,2025-04-19T07:13:43,0.71,Review,C0190
OF00766,OS0385,O0111,organization,Digital Footprint,OSINT record references business listing possibly linked to Highland Consulting Services (O0111).,2025-01-22T20:00:29,0.51,Disputed,C0191
OF00767,OS0386,P02678,person,Business Listing,OSINT record suggests online presence associated with Raj Patil (P02678).,2025-08-04T14:13:41,0.7,Disputed,C0192
OF00768,OS0387,P00684,person,Public Mention,OSINT record suggests online presence associated with Nisha Das (P00684).,2025-07-14T21:27:30,0.45,Review,C0192
OF00769,OS0387,P02688,person,Public Mention,OSINT record suggests online presence associated with Rhea Patil (P02688).,2025-07-14T22:27:30,0.85,Disputed,C0192
OF00770,OS0388,P02677,person,Business Listing,OSINT record suggests online presence associated with Shreya Shah (P02677).,2025-07-17T09:14:25,0.82,Review,C0192
OF00771,OS0388,O0112,organization,Social Identity,OSINT record references business listing possibly linked to Metro Industrial Supplies (O0112).,2025-07-17T02:14:25,0.68,Disputed,C0192
OF00772,OS0388,P02683,person,Social Identity,OSINT record suggests online presence associated with Pooja Patil (P02683).,2025-07-16T06:14:25,0.5,Review,C0192
OF00773,OS0389,P02714,person,Business Listing,OSINT record suggests online presence associated with Tara Das (P02714).,2025-07-24T09:37:15,0.58,Verified,C0193
OF00774,OS0389,P02710,person,Public Mention,OSINT record suggests online presence associated with Naina Reddy (P02710).,2025-07-23T14:37:15,0.67,Disputed,C0193
OF00775,OS0390,P02718,person,Digital Footprint,OSINT record suggests online presence associated with Aarav Singh (P02718).,2025-07-29T22:25:50,0.56,Review,C0193
OF00776,OS0390,P02692,person,Business Listing,OSINT record suggests online presence associated with Rahul Iyer (P02692).,2025-07-30T09:25:50,0.84,Review,C0193
OF00777,OS0390,P02701,person,Business Listing,OSINT record suggests online presence associated with Isha Khan (P02701).,2025-07-30T23:25:50,0.7,Verified,C0193
OF00778,OS0391,P02724,person,Social Identity,OSINT record suggests online presence associated with Naina Rao (P02724).,2025-03-28T18:25:02,0.68,Verified,C0194
OF00779,OS0391,P02723,person,Social Identity,OSINT record suggests online presence associated with Yash Bhat (P02723).,2025-03-28T07:25:02,0.46,Disputed,C0194
OF00780,OS0392,P02725,person,Social Identity,OSINT record suggests online presence associated with Zoya Menon (P02725).,2025-07-31T04:00:11,0.48,Disputed,C0195
OF00781,OS0393,P02748,person,Business Listing,OSINT record suggests online presence associated with Ishaan Kulkarni (P02748).,2025-08-27T01:03:06,0.56,Review,C0196
OF00782,OS0393,O0114,organization,Digital Footprint,OSINT record references business listing possibly linked to Central Manufacturing Co (O0114).,2025-08-26T06:03:06,0.85,Review,C0196
OF00783,OS0393,P02737,person,Public Mention,OSINT record suggests online presence associated with Vivek Menon (P02737).,2025-08-26T16:03:06,0.53,Review,C0196
OF00784,OS0394,P02750,person,Public Mention,OSINT record suggests online presence associated with Vivek Singh (P02750).,2025-07-01T17:29:42,0.5,Verified,C0196
OF00785,OS0394,O0114,organization,Social Identity,OSINT record references business listing possibly linked to Central Manufacturing Co (O0114).,2025-07-01T21:29:42,0.52,Disputed,C0196
OF00786,OS0395,P02770,person,Digital Footprint,OSINT record suggests online presence associated with Rhea Patil (P02770).,2025-07-09T15:05:00,0.75,Verified,C0197
OF00787,OS0395,P02766,person,Public Mention,OSINT record suggests online presence associated with Anushka Jadhav (P02766).,2025-07-10T01:05:00,0.62,Review,C0197
OF00788,OS0395,O0115,organization,Digital Footprint,OSINT record references business listing possibly linked to Silverline Freight Services (O0115).,2025-07-09T19:05:00,0.65,Review,C0197
OF00789,OS0396,O0116,organization,Digital Footprint,OSINT record references business listing possibly linked to Horizon Technologies Pvt Ltd (O0116).,2025-08-20T14:06:34,0.78,Verified,C0198
OF00790,OS0396,P02784,person,Digital Footprint,OSINT record suggests online presence associated with Mohit Verma (P02784).,2025-08-20T13:06:34,0.78,Verified,C0198
OF00791,OS0396,O0116,organization,Digital Footprint,OSINT record references business listing possibly linked to Horizon Technologies Pvt Ltd (O0116).,2025-08-20T08:06:34,0.81,Review,C0198
OF00792,OS0397,P02772,person,Public Mention,OSINT record suggests online presence associated with Naveen Verma (P02772).,2025-05-06T20:37:14,0.81,Disputed,C0198
OF00793,OS0398,P02778,person,Public Mention,OSINT record suggests online presence associated with Sameer Verma (P02778).,2025-07-27T16:18:42,0.84,Verified,C0198
OF00794,OS0398,O0116,organization,Digital Footprint,OSINT record references business listing possibly linked to Horizon Technologies Pvt Ltd (O0116).,2025-07-28T15:18:42,0.64,Disputed,C0198
OF00795,OS0399,P02780,person,Social Identity,OSINT record suggests online presence associated with Aditya Jadhav (P02780).,2025-05-30T06:04:40,0.73,Disputed,C0198
OF00796,OS0400,P02795,person,Digital Footprint,OSINT record suggests online presence associated with Aniket Mishra (P02795).,2025-06-22T01:53:53,0.86,Disputed,C0199
OF00797,OS0400,P02789,person,Digital Footprint,OSINT record suggests online presence associated with Dhruv Bhat (P02789).,2025-06-22T09:53:53,0.62,Review,C0199
OF00798,OS0400,P02795,person,Digital Footprint,OSINT record suggests online presence associated with Aniket Mishra (P02795).,2025-06-22T21:53:53,0.86,Disputed,C0199
OF00799,OS0401,P02797,person,Social Identity,OSINT record suggests online presence associated with Pooja Naik (P02797).,2025-07-01T01:53:56,0.82,Disputed,C0200
OF00800,OS0402,P02821,person,Digital Footprint,OSINT record suggests online presence associated with Nisha Singh (P02821).,2025-12-24T20:49:01,0.67,Verified,C0201
OF00801,OS0402,P02805,person,Public Mention,OSINT record suggests online presence associated with Mahi Singh (P02805).,2025-12-24T20:49:01,0.58,Review,C0201
OF00802,OS0402,P02808,person,Digital Footprint,OSINT record suggests online presence associated with Meera Desai (P02808).,2025-12-25T02:49:01,0.85,Verified,C0201
OF00803,OS0403,P02804,person,Digital Footprint,OSINT record suggests online presence associated with Trisha Bansal (P02804).,2025-08-14T04:50:33,0.6,Verified,C0201
OF00804,OS0403,P02804,person,Business Listing,OSINT record suggests online presence associated with Trisha Bansal (P02804).,2025-08-15T00:50:33,0.66,Disputed,C0201
OF00805,OS0403,P02808,person,Social Identity,OSINT record suggests online presence associated with Meera Desai (P02808).,2025-08-14T17:50:33,0.69,Verified,C0201
OF00806,OS0404,P02808,person,Social Identity,OSINT record suggests online presence associated with Meera Desai (P02808).,2025-09-23T00:49:36,0.78,Disputed,C0201
OF00807,OS0404,P02821,person,Digital Footprint,OSINT record suggests online presence associated with Nisha Singh (P02821).,2025-09-23T08:49:36,0.47,Disputed,C0201
OF00808,OS0404,P02818,person,Digital Footprint,OSINT record suggests online presence associated with Pooja Malhotra (P02818).,2025-09-22T14:49:36,0.63,Review,C0201
OF00809,OS0405,P02807,person,Social Identity,OSINT record suggests online presence associated with Simran Shetty (P02807).,2025-05-06T05:24:14,0.74,Disputed,C0201
OF00810,OS0405,P02805,person,Digital Footprint,OSINT record suggests online presence associated with Mahi Singh (P02805).,2025-05-06T11:24:14,0.69,Disputed,C0201
OF00811,OS0405,P02803,person,Business Listing,OSINT record suggests online presence associated with Neha Bansal (P02803).,2025-05-07T12:24:14,0.51,Disputed,C0201
OF00812,OS0406,P02828,person,Digital Footprint,OSINT record suggests online presence associated with Shreya Malhotra (P02828).,2025-06-01T08:13:49,0.84,Disputed,C0202
OF00813,OS0406,P02826,person,Business Listing,OSINT record suggests online presence associated with Diya Thakur (P02826).,2025-06-01T18:13:49,0.75,Disputed,C0202
OF00814,OS0407,P02831,person,Business Listing,OSINT record suggests online presence associated with Raj Das (P02831).,2025-08-25T11:37:33,0.55,Disputed,C0202
OF00815,OS0407,P02843,person,Digital Footprint,OSINT record suggests online presence associated with Mohit Menon (P02843).,2025-08-25T16:37:33,0.6,Disputed,C0202
OF00816,OS0407,P02836,person,Digital Footprint,OSINT record suggests online presence associated with Tanvi Chavan (P02836).,2025-08-24T23:37:33,0.87,Disputed,C0202
OF00817,OS0408,P02842,person,Public Mention,OSINT record suggests online presence associated with Simran Shah (P02842).,2025-05-22T09:39:00,0.66,Verified,C0202
OF00818,OS0408,O0118,organization,Social Identity,OSINT record references business listing possibly linked to Central Exports (O0118).,2025-05-24T01:39:00,0.52,Verified,C0202
OF00819,OS0409,P02831,person,Business Listing,OSINT record suggests online presence associated with Raj Das (P02831).,2025-07-04T02:55:02,0.86,Review,C0202
OF00820,OS0410,P00807,person,Business Listing,OSINT record suggests online presence associated with Anushka Malhotra (P00807).,2025-02-26T03:13:01,0.61,Disputed,C0203
OF00821,OS0410,P01862,person,Social Identity,OSINT record suggests online presence associated with Aditya Kapoor (P01862).,2025-02-26T21:13:01,0.7,Review,C0203
OF00822,OS0410,P00810,person,Business Listing,OSINT record suggests online presence associated with Aanya Chavan (P00810).,2025-02-27T02:13:01,0.58,Verified,C0203
OF00823,OS0411,O0119,organization,Business Listing,OSINT record references business listing possibly linked to Western Industrial Supplies (O0119).,2025-08-21T15:46:08,0.62,Review,C0204
OF00824,OS0411,O0119,organization,Public Mention,OSINT record references business listing possibly linked to Western Industrial Supplies (O0119).,2025-08-22T06:46:08,0.62,Disputed,C0204
OF00825,OS0411,O0119,organization,Social Identity,OSINT record references business listing possibly linked to Western Industrial Supplies (O0119).,2025-08-21T02:46:08,0.72,Disputed,C0204
OF00826,OS0412,P02856,person,Public Mention,OSINT record suggests online presence associated with Vanya Verma (P02856).,2025-07-21T11:45:07,0.62,Verified,C0204
OF00827,OS0412,P02853,person,Digital Footprint,OSINT record suggests online presence associated with Isha Verma (P02853).,2025-07-22T04:45:07,0.73,Disputed,C0204
OF00828,OS0412,O0119,organization,Digital Footprint,OSINT record references business listing possibly linked to Western Industrial Supplies (O0119).,2025-07-21T09:45:07,0.84,Verified,C0204
OF00829,OS0413,P02853,person,Digital Footprint,OSINT record suggests online presence associated with Isha Verma (P02853).,2025-07-08T03:58:17,0.61,Disputed,C0204
OF00830,OS0414,P02864,person,Business Listing,OSINT record suggests online presence associated with Aditi Joshi (P02864).,2025-05-17T10:42:46,0.85,Verified,C0205
OF00831,OS0415,O0120,organization,Digital Footprint,OSINT record references business listing possibly linked to Coastal Financial Solutions (O0120).,2025-05-02T08:54:08,0.76,Disputed,C0205
OF00832,OS0415,P02868,person,Business Listing,OSINT record suggests online presence associated with Nisha Joshi (P02868).,2025-05-03T14:54:08,0.65,Verified,C0205
OF00833,OS0415,O0120,organization,Social Identity,OSINT record references business listing possibly linked to Coastal Financial Solutions (O0120).,2025-05-02T21:54:08,0.64,Verified,C0205
OF00834,OS0416,P02868,person,Social Identity,OSINT record suggests online presence associated with Nisha Joshi (P02868).,2025-06-15T03:28:44,0.74,Verified,C0205
OF00835,OS0416,P02863,person,Digital Footprint,OSINT record suggests online presence associated with Saurabh Verma (P02863).,2025-06-16T09:28:44,0.68,Verified,C0205
OF00836,OS0416,O0120,organization,Digital Footprint,OSINT record references business listing possibly linked to Coastal Financial Solutions (O0120).,2025-06-15T16:28:44,0.85,Review,C0205
OF00837,OS0417,P02872,person,Digital Footprint,OSINT record suggests online presence associated with Mohit Desai (P02872).,2025-12-02T07:54:17,0.89,Verified,C0206
OF00838,OS0417,O0121,organization,Public Mention,OSINT record references business listing possibly linked to Sunrise Technologies Pvt Ltd (O0121).,2025-12-03T13:54:17,0.51,Disputed,C0206
OF00839,OS0417,P02871,person,Business Listing,OSINT record suggests online presence associated with Pallavi Naik (P02871).,2025-12-02T18:54:17,0.88,Review,C0206
OF00840,OS0418,P02887,person,Public Mention,OSINT record suggests online presence associated with Mahi Rao (P02887).,2025-12-30T03:59:11,0.71,Verified,C0207
OF00841,OS0418,P02883,person,Social Identity,OSINT record suggests online presence associated with Rahul Rao (P02883).,2025-12-29T08:59:11,0.79,Verified,C0207
OF00842,OS0419,P02879,person,Digital Footprint,OSINT record suggests online presence associated with Rahul Chavan (P02879).,2025-03-17T17:46:22,0.52,Disputed,C0207
OF00843,OS0419,P02888,person,Digital Footprint,OSINT record suggests online presence associated with Raj Thakur (P02888).,2025-03-16T19:46:22,0.61,Disputed,C0207
OF00844,OS0419,O0122,organization,Public Mention,OSINT record references business listing possibly linked to Shree Ganesh Distribution Services (O0122).,2025-03-16T10:46:22,0.77,Review,C0207
OF00845,OS0420,P02891,person,Digital Footprint,OSINT record suggests online presence associated with Mohit Verma (P02891).,2025-08-31T23:10:52,0.63,Verified,C0208
OF00846,OS0420,O0123,organization,Public Mention,OSINT record references business listing possibly linked to Malabar Technologies Pvt Ltd (O0123).,2025-09-01T00:10:52,0.75,Review,C0208
OF00847,OS0420,P00329,person,Public Mention,OSINT record suggests online presence associated with Karan Gupta (P00329).,2025-09-02T01:10:52,0.73,Review,C0208
OF00848,OS0421,P02910,person,Public Mention,OSINT record suggests online presence associated with Raj Jadhav (P02910).,2025-08-23T18:38:22,0.8,Verified,C0209
OF00849,OS0422,O0124,organization,Public Mention,OSINT record references business listing possibly linked to Coastal Import Export House (O0124).,2025-07-07T01:31:04,0.49,Review,C0209
OF00850,OS0422,P02909,person,Public Mention,OSINT record suggests online presence associated with Vikram Desai (P02909).,2025-07-08T21:31:04,0.81,Verified,C0209
OF00851,OS0422,O0124,organization,Digital Footprint,OSINT record references business listing possibly linked to Coastal Import Export House (O0124).,2025-07-07T05:31:04,0.73,Disputed,C0209
OF00852,OS0423,P02902,person,Social Identity,OSINT record suggests online presence associated with Tara Naik (P02902).,2025-05-27T14:15:08,0.65,Disputed,C0209
OF00853,OS0423,O0124,organization,Digital Footprint,OSINT record references business listing possibly linked to Coastal Import Export House (O0124).,2025-05-27T09:15:08,0.59,Review,C0209
OF00854,OS0423,O0124,organization,Public Mention,OSINT record references business listing possibly linked to Coastal Import Export House (O0124).,2025-05-26T16:15:08,0.48,Review,C0209
OF00855,OS0424,P02919,person,Digital Footprint,OSINT record suggests online presence associated with Manav Mehta (P02919).,2025-09-17T00:08:41,0.5,Disputed,C0210
OF00856,OS0424,P02920,person,Social Identity,OSINT record suggests online presence associated with Ananya Joshi (P02920).,2025-09-16T04:08:41,0.86,Review,C0210
OF00857,OS0425,P02932,person,Digital Footprint,OSINT record suggests online presence associated with Tara Sethi (P02932).,2025-07-08T06:23:24,0.52,Disputed,C0211
OF00858,OS0425,P02933,person,Business Listing,OSINT record suggests online presence associated with Manav Thakur (P02933).,2025-07-09T05:23:24,0.81,Verified,C0211
OF00859,OS0425,P02935,person,Social Identity,OSINT record suggests online presence associated with Vivek Malhotra (P02935).,2025-07-08T22:23:24,0.89,Review,C0211
OF00860,OS0426,P00661,person,Digital Footprint,OSINT record suggests online presence associated with Vivek Khan (P00661).,2025-03-08T01:24:54,0.71,Disputed,C0211
OF00861,OS0426,P00661,person,Business Listing,OSINT record suggests online presence associated with Vivek Khan (P00661).,2025-03-07T12:24:54,0.78,Review,C0211
OF00862,OS0427,P02936,person,Social Identity,OSINT record suggests online presence associated with Trisha Khan (P02936).,2025-07-17T11:40:47,0.88,Verified,C0211
OF00863,OS0427,P02939,person,Digital Footprint,OSINT record suggests online presence associated with Ananya Shah (P02939).,2025-07-17T00:40:47,0.51,Review,C0211
OF00864,OS0427,P02935,person,Public Mention,OSINT record suggests online presence associated with Vivek Malhotra (P02935).,2025-07-17T19:40:47,0.85,Disputed,C0211
OF00865,OS0428,P02949,person,Social Identity,OSINT record suggests online presence associated with Raj Ghosh (P02949).,2025-05-01T09:09:17,0.73,Disputed,C0212
OF00866,OS0428,P02945,person,Public Mention,OSINT record suggests online presence associated with Yash Malhotra (P02945).,2025-04-30T10:09:17,0.87,Disputed,C0212
OF00867,OS0428,P02945,person,Digital Footprint,OSINT record suggests online presence associated with Yash Malhotra (P02945).,2025-05-01T08:09:17,0.69,Review,C0212
OF00868,OS0429,P02956,person,Social Identity,OSINT record suggests online presence associated with Kiara Mishra (P02956).,2025-02-03T01:20:42,0.72,Verified,C0213
OF00869,OS0429,P02963,person,Business Listing,OSINT record suggests online presence associated with Yash Shah (P02963).,2025-02-02T20:20:42,0.87,Review,C0213
OF00870,OS0430,P02958,person,Business Listing,OSINT record suggests online presence associated with Rahul Verma (P02958).,2025-09-23T16:32:18,0.8,Disputed,C0213
OF00871,OS0431,P02952,person,Digital Footprint,OSINT record suggests online presence associated with Sneha Mishra (P02952).,2025-11-09T07:01:39,0.85,Disputed,C0213
OF00872,OS0432,P02966,person,Business Listing,OSINT record suggests online presence associated with Sneha Shetty (P02966).,2025-01-24T12:01:44,0.68,Review,C0214
OF00873,OS0432,O0126,organization,Public Mention,OSINT record references business listing possibly linked to Horizon Solutions Pvt Ltd (O0126).,2025-01-24T11:01:44,0.62,Disputed,C0214
OF00874,OS0433,P02968,person,Public Mention,OSINT record suggests online presence associated with Arjun Mishra (P02968).,2025-07-30T10:41:49,0.91,Review,C0215
OF00875,OS0434,O0127,organization,Public Mention,OSINT record references business listing possibly linked to Vertex Constructions Pvt Ltd (O0127).,2025-06-05T21:48:20,0.52,Disputed,C0216
OF00876,OS0434,O0127,organization,Digital Footprint,OSINT record references business listing possibly linked to Vertex Constructions Pvt Ltd (O0127).,2025-06-07T11:48:20,0.8,Disputed,C0216
OF00877,OS0434,O0127,organization,Digital Footprint,OSINT record references business listing possibly linked to Vertex Constructions Pvt Ltd (O0127).,2025-06-06T14:48:20,0.55,Verified,C0216
OF00878,OS0435,P02978,person,Public Mention,OSINT record suggests online presence associated with Arjun Kulkarni (P02978).,2025-07-10T19:24:13,0.84,Review,C0217
OF00879,OS0435,P02979,person,Business Listing,OSINT record suggests online presence associated with Harsh Jadhav (P02979).,2025-07-10T06:24:13,0.88,Review,C0217
OF00880,OS0436,P02987,person,Social Identity,OSINT record suggests online presence associated with Ananya Das (P02987).,2025-05-02T04:24:08,0.65,Review,C0218
OF00881,OS0436,P02987,person,Digital Footprint,OSINT record suggests online presence associated with Ananya Das (P02987).,2025-05-02T21:24:08,0.6,Disputed,C0218
OF00882,OS0436,P02209,person,Social Identity,OSINT record suggests online presence associated with Yamini Shetty (P02209).,2025-05-02T06:24:08,0.61,Disputed,C0218
OF00883,OS0437,P02209,person,Public Mention,OSINT record suggests online presence associated with Yamini Shetty (P02209).,2025-03-26T07:06:55,0.6,Verified,C0218
OF00884,OS0438,P02987,person,Digital Footprint,OSINT record suggests online presence associated with Ananya Das (P02987).,2025-06-17T08:17:12,0.47,Review,C0219
OF00885,OS0438,P03005,person,Business Listing,OSINT record suggests online presence associated with Anushka Kapoor (P03005).,2025-06-16T22:17:12,0.46,Disputed,C0219
OF00886,OS0439,O0130,organization,Public Mention,OSINT record references business listing possibly linked to Apex Exports (O0130).,2025-06-04T01:10:36,0.57,Disputed,C0220
OF00887,OS0440,O0131,organization,Public Mention,OSINT record references business listing possibly linked to Crescent Financial Solutions (O0131).,2025-04-27T13:15:26,0.5,Review,C0221
OF00888,OS0441,O0132,organization,Business Listing,OSINT record references business listing possibly linked to Sahyadri Logistics Pvt Ltd (O0132).,2025-04-12T08:07:19,0.84,Review,C0222
OF00889,OS0441,P03041,person,Public Mention,OSINT record suggests online presence associated with Kiara Saxena (P03041).,2025-04-12T23:07:19,0.65,Review,C0222
OF00890,OS0442,P03056,person,Business Listing,OSINT record suggests online presence associated with Ritesh Singh (P03056).,2025-04-05T20:19:52,0.5,Disputed,C0223
OF00891,OS0442,P03058,person,Business Listing,OSINT record suggests online presence associated with Anushka Desai (P03058).,2025-04-04T22:19:52,0.45,Review,C0223
OF00892,OS0443,P03062,person,Digital Footprint,OSINT record suggests online presence associated with Saurabh Patil (P03062).,2025-05-31T15:49:06,0.63,Disputed,C0223
OF00893,OS0444,P03061,person,Digital Footprint,OSINT record suggests online presence associated with Meera Sethi (P03061).,2025-04-08T20:41:40,0.77,Disputed,C0223
OF00894,OS0445,P03059,person,Business Listing,OSINT record suggests online presence associated with Trisha Bansal (P03059).,2025-07-06T21:43:08,0.91,Review,C0223
OF00895,OS0445,P03060,person,Social Identity,OSINT record suggests online presence associated with Aanya Patil (P03060).,2025-07-06T14:43:08,0.5,Verified,C0223
OF00896,OS0445,P00662,person,Public Mention,OSINT record suggests online presence associated with Ritesh Verma (P00662).,2025-07-05T12:43:08,0.6,Verified,C0223
OF00897,OS0446,P00481,person,Digital Footprint,OSINT record suggests online presence associated with Manav Chavan (P00481).,2025-05-10T05:50:28,0.76,Disputed,C0224
OF00898,OS0447,P03069,person,Public Mention,OSINT record suggests online presence associated with Aanya Verma (P03069).,2025-08-02T22:58:25,0.71,Review,C0224
OF00899,OS0447,P03066,person,Digital Footprint,OSINT record suggests online presence associated with Ishaan Thakur (P03066).,2025-08-02T12:58:25,0.54,Verified,C0224
OF00900,OS0447,P03066,person,Social Identity,OSINT record suggests online presence associated with Ishaan Thakur (P03066).,2025-08-03T15:58:25,0.59,Review,C0224
OF00901,OS0448,P03071,person,Social Identity,OSINT record suggests online presence associated with Vidhi Sethi (P03071).,2025-03-02T17:48:34,0.79,Verified,C0224
OF00902,OS0448,P03070,person,Social Identity,OSINT record suggests online presence associated with Naina Jadhav (P03070).,2025-03-03T16:48:34,0.46,Review,C0224
OF00903,OS0449,P02547,person,Digital Footprint,OSINT record suggests online presence associated with Aditi Singh (P02547).,2025-11-10T05:22:16,0.77,Verified,C0225
OF00904,OS0449,O0133,organization,Digital Footprint,OSINT record references business listing possibly linked to Urban Link Freight Services (O0133).,2025-11-10T10:22:16,0.62,Review,C0225
OF00905,OS0450,P03079,person,Business Listing,OSINT record suggests online presence associated with Vanya Desai (P03079).,2025-05-14T18:02:48,0.66,Verified,C0226
OF00906,OS0450,P00805,person,Social Identity,OSINT record suggests online presence associated with Meera Patil (P00805).,2025-05-15T13:02:48,0.58,Disputed,C0226
OF00907,OS0450,P01278,person,Digital Footprint,OSINT record suggests online presence associated with Mahi Bhat (P01278).,2025-05-15T13:02:48,0.45,Verified,C0226
OF00908,OS0451,P03090,person,Digital Footprint,OSINT record suggests online presence associated with Trisha Singh (P03090).,2025-07-25T09:48:41,0.65,Verified,C0227
OF00909,OS0451,P03083,person,Social Identity,OSINT record suggests online presence associated with Raj Kulkarni (P03083).,2025-07-24T10:48:41,0.67,Review,C0227
OF00910,OS0452,P03121,person,Public Mention,OSINT record suggests online presence associated with Varun Joshi (P03121).,2025-05-01T01:01:50,0.65,Disputed,C0228
OF00911,OS0452,O0135,organization,Public Mention,OSINT record references business listing possibly linked to Yamuna Technologies Pvt Ltd (O0135).,2025-04-29T21:01:50,0.48,Review,C0228
OF00912,OS0452,O0135,organization,Business Listing,OSINT record references business listing possibly linked to Yamuna Technologies Pvt Ltd (O0135).,2025-04-29T21:01:50,0.58,Review,C0228
OF00913,OS0453,P03133,person,Social Identity,OSINT record suggests online presence associated with Akash Nair (P03133).,2025-06-07T03:10:34,0.66,Verified,C0229
OF00914,OS0454,P03136,person,Social Identity,OSINT record suggests online presence associated with Aman Desai (P03136).,2025-08-02T00:43:32,0.78,Verified,C0229
OF00915,OS0454,O0136,organization,Public Mention,OSINT record references business listing possibly linked to Maharashtra Industrial Industrial Supplies (O0136).,2025-08-02T02:43:32,0.46,Verified,C0229
OF00916,OS0454,O0136,organization,Business Listing,OSINT record references business listing possibly linked to Maharashtra Industrial Industrial Supplies (O0136).,2025-08-01T23:43:32,0.83,Disputed,C0229
OF00917,OS0455,P03172,person,Social Identity,OSINT record suggests online presence associated with Vidhi Naik (P03172).,2025-07-28T02:43:05,0.64,Review,C0229
OF00918,OS0456,P03181,person,Digital Footprint,OSINT record suggests online presence associated with Anushka Patil (P03181).,2025-01-27T07:38:56,0.76,Disputed,C0230
OF00919,OS0456,P03182,person,Public Mention,OSINT record suggests online presence associated with Siddharth Nair (P03182).,2025-01-27T18:38:56,0.49,Disputed,C0230
OF00920,OS0456,P03182,person,Business Listing,OSINT record suggests online presence associated with Siddharth Nair (P03182).,2025-01-28T19:38:56,0.89,Verified,C0230
OF00921,OS0457,P03200,person,Digital Footprint,OSINT record suggests online presence associated with Yamini Saxena (P03200).,2025-07-25T11:49:00,0.87,Disputed,C0231
OF00922,OS0457,P03186,person,Social Identity,OSINT record suggests online presence associated with Meera Menon (P03186).,2025-07-25T18:49:00,0.81,Review,C0231
OF00923,OS0457,P03198,person,Public Mention,OSINT record suggests online presence associated with Yamini Khan (P03198).,2025-07-25T13:49:00,0.83,Disputed,C0231
OF00924,OS0458,P03212,person,Public Mention,OSINT record suggests online presence associated with Aditya Malhotra (P03212).,2025-07-31T01:01:33,0.72,Verified,C0231
OF00925,OS0458,P03205,person,Business Listing,OSINT record suggests online presence associated with Pooja Patil (P03205).,2025-07-31T02:01:33,0.49,Review,C0231
OF00926,OS0459,P03204,person,Business Listing,OSINT record suggests online presence associated with Sana Menon (P03204).,2025-02-24T09:31:30,0.92,Review,C0231
OF00927,OS0459,P03202,person,Digital Footprint,OSINT record suggests online presence associated with Zoya Ghosh (P03202).,2025-02-25T04:31:30,0.64,Verified,C0231
OF00928,OS0459,P03213,person,Business Listing,OSINT record suggests online presence associated with Avni Ghosh (P03213).,2025-02-25T11:31:30,0.68,Review,C0231
OF00929,OS0460,P03198,person,Social Identity,OSINT record suggests online presence associated with Yamini Khan (P03198).,2025-03-11T18:30:37,0.72,Verified,C0231
OF00930,OS0460,P03202,person,Public Mention,OSINT record suggests online presence associated with Zoya Ghosh (P03202).,2025-03-12T01:30:37,0.48,Review,C0231
OF00931,OS0460,P03216,person,Digital Footprint,OSINT record suggests online presence associated with Arjun Mehta (P03216).,2025-03-13T01:30:37,0.5,Verified,C0231
OF00932,OS0461,P03221,person,Business Listing,OSINT record suggests online presence associated with Ishaan Ghosh (P03221).,2025-08-27T08:39:39,0.6,Verified,C0232
OF00933,OS0461,O0137,organization,Public Mention,OSINT record references business listing possibly linked to Everest Constructions Pvt Ltd (O0137).,2025-08-28T06:39:39,0.73,Verified,C0232
OF00934,OS0461,O0137,organization,Digital Footprint,OSINT record references business listing possibly linked to Everest Constructions Pvt Ltd (O0137).,2025-08-27T06:39:39,0.78,Disputed,C0232
OF00935,OS0462,O0137,organization,Social Identity,OSINT record references business listing possibly linked to Everest Constructions Pvt Ltd (O0137).,2025-08-04T22:14:12,0.51,Verified,C0232
OF00936,OS0462,P03227,person,Public Mention,OSINT record suggests online presence associated with Rohan Mehta (P03227).,2025-08-05T13:14:12,0.85,Review,C0232
OF00937,OS0463,P03230,person,Digital Footprint,OSINT record suggests online presence associated with Rahul Kulkarni (P03230).,2025-05-20T22:56:32,0.76,Verified,C0233
OF00938,OS0463,P03229,person,Public Mention,OSINT record suggests online presence associated with Shreya Pillai (P03229).,2025-05-21T10:56:32,0.73,Verified,C0233
OF00939,OS0464,P03229,person,Public Mention,OSINT record suggests online presence associated with Shreya Pillai (P03229).,2025-05-10T00:20:18,0.66,Verified,C0233
OF00940,OS0464,P00206,person,Digital Footprint,OSINT record suggests online presence associated with Isha Desai (P00206).,2025-05-09T22:20:18,0.53,Review,C0233
OF00941,OS0465,P03235,person,Public Mention,OSINT record suggests online presence associated with Rhea Thakur (P03235).,2025-07-26T13:52:22,0.59,Verified,C0234
OF00942,OS0465,P02456,person,Public Mention,OSINT record suggests online presence associated with Tara Saxena (P02456).,2025-07-25T03:52:22,0.91,Review,C0234
OF00943,OS0466,O0138,organization,Business Listing,OSINT record references business listing possibly linked to Yamuna Import Export House (O0138).,2025-04-05T08:43:02,0.87,Disputed,C0235
OF00944,OS0467,O0139,organization,Public Mention,OSINT record references business listing possibly linked to Vertex Transport (O0139).,2025-10-19T11:14:49,0.76,Disputed,C0236
OF00945,OS0467,P02576,person,Business Listing,OSINT record suggests online presence associated with Aditi Saxena (P02576).,2025-10-19T20:14:49,0.64,Review,C0236
OF00946,OS0467,P02576,person,Social Identity,OSINT record suggests online presence associated with Aditi Saxena (P02576).,2025-10-20T04:14:49,0.53,Disputed,C0236
OF00947,OS0468,P03250,person,Digital Footprint,OSINT record suggests online presence associated with Aditya Chavan (P03250).,2025-07-18T06:56:34,0.71,Verified,C0237
OF00948,OS0468,P03251,person,Social Identity,OSINT record suggests online presence associated with Pooja Malhotra (P03251).,2025-07-18T04:56:34,0.83,Disputed,C0237
OF00949,OS0469,P02907,person,Social Identity,OSINT record suggests online presence associated with Mohit Rao (P02907).,2025-08-28T19:14:55,0.72,Verified,C0237
OF00950,OS0469,P03249,person,Public Mention,OSINT record suggests online presence associated with Siddharth Gupta (P03249).,2025-08-28T23:14:55,0.59,Disputed,C0237
OF00951,OS0469,P03267,person,Business Listing,OSINT record suggests online presence associated with Rhea Desai (P03267).,2025-08-28T00:14:55,0.59,Review,C0237
OF00952,OS0470,O0140,organization,Digital Footprint,OSINT record references business listing possibly linked to Konkan Realty Pvt Ltd (O0140).,2025-12-14T09:51:25,0.75,Verified,C0238
OF00953,OS0470,P03290,person,Digital Footprint,OSINT record suggests online presence associated with Vanya Kulkarni (P03290).,2025-12-13T04:51:25,0.62,Verified,C0238
OF00954,OS0471,P03274,person,Social Identity,OSINT record suggests online presence associated with Aditi Shetty (P03274).,2025-01-16T04:12:47,0.63,Disputed,C0238
OF00955,OS0471,O0140,organization,Digital Footprint,OSINT record references business listing possibly linked to Konkan Realty Pvt Ltd (O0140).,2025-01-17T16:12:47,0.8,Disputed,C0238
OF00956,OS0471,O0140,organization,Public Mention,OSINT record references business listing possibly linked to Konkan Realty Pvt Ltd (O0140).,2025-01-17T01:12:47,0.61,Disputed,C0238
OF00957,OS0472,O0141,organization,Digital Footprint,OSINT record references business listing possibly linked to Ganga Trade Consultants (O0141).,2025-02-22T18:27:30,0.57,Review,C0239
OF00958,OS0472,P03298,person,Business Listing,OSINT record suggests online presence associated with Sana Joshi (P03298).,2025-02-23T08:27:30,0.86,Disputed,C0239
OF00959,OS0472,P03311,person,Social Identity,OSINT record suggests online presence associated with Pooja Menon (P03311).,2025-02-22T16:27:30,0.48,Verified,C0239
OF00960,OS0473,P03310,person,Public Mention,OSINT record suggests online presence associated with Shreya Kulkarni (P03310).,2025-10-24T09:27:53,0.58,Review,C0239
OF00961,OS0474,O0141,organization,Digital Footprint,OSINT record references business listing possibly linked to Ganga Trade Consultants (O0141).,2025-04-07T13:16:35,0.83,Disputed,C0239
OF00962,OS0475,P03320,person,Digital Footprint,OSINT record suggests online presence associated with Harsh Ghosh (P03320).,2025-05-09T20:24:55,0.51,Verified,C0239
OF00963,OS0476,P02668,person,Digital Footprint,OSINT record suggests online presence associated with Sana Verma (P02668).,2025-02-23T20:50:21,0.58,Review,C0240
OF00964,OS0476,P03326,person,Social Identity,OSINT record suggests online presence associated with Rhea Pillai (P03326).,2025-02-24T07:50:21,0.8,Review,C0240
OF00965,OS0477,P03328,person,Business Listing,OSINT record suggests online presence associated with Tanvi Gupta (P03328).,2025-08-18T20:30:23,0.46,Review,C0241
OF00966,OS0477,P03332,person,Public Mention,OSINT record suggests online presence associated with Tanvi Rao (P03332).,2025-08-18T16:30:23,0.85,Verified,C0241
OF00967,OS0478,P03328,person,Public Mention,OSINT record suggests online presence associated with Tanvi Gupta (P03328).,2025-07-28T06:22:37,0.7,Disputed,C0241
OF00968,OS0478,P03330,person,Digital Footprint,OSINT record suggests online presence associated with Aman Bansal (P03330).,2025-07-27T11:22:37,0.58,Disputed,C0241
OF00969,OS0479,P03332,person,Business Listing,OSINT record suggests online presence associated with Tanvi Rao (P03332).,2025-08-27T19:09:53,0.58,Disputed,C0241
OF00970,OS0479,P03329,person,Business Listing,OSINT record suggests online presence associated with Vanya Das (P03329).,2025-08-28T02:09:53,0.86,Review,C0241
OF00971,OS0479,P03330,person,Digital Footprint,OSINT record suggests online presence associated with Aman Bansal (P03330).,2025-08-27T13:09:53,0.49,Review,C0241
OF00972,OS0480,P01127,person,Business Listing,OSINT record suggests online presence associated with Nisha Singh (P01127).,2025-06-22T16:19:54,0.67,Review,C0241
OF00973,OS0481,P03336,person,Digital Footprint,OSINT record suggests online presence associated with Karan Thakur (P03336).,2025-06-19T13:22:04,0.79,Review,C0242
OF00974,OS0482,P03351,person,Public Mention,OSINT record suggests online presence associated with Harsh Patil (P03351).,2025-03-13T19:20:50,0.61,Review,C0242
OF00975,OS0482,P03349,person,Social Identity,OSINT record suggests online presence associated with Pallavi Verma (P03349).,2025-03-14T09:20:50,0.71,Disputed,C0242
OF00976,OS0482,P03354,person,Business Listing,OSINT record suggests online presence associated with Shreya Singh (P03354).,2025-03-14T17:20:50,0.54,Verified,C0242
OF00977,OS0483,P03350,person,Public Mention,OSINT record suggests online presence associated with Raj Pillai (P03350).,2025-08-29T22:16:40,0.47,Disputed,C0242
OF00978,OS0483,P03358,person,Public Mention,OSINT record suggests online presence associated with Aman Thakur (P03358).,2025-08-30T08:16:40,0.77,Verified,C0242
OF00979,OS0483,P03352,person,Social Identity,OSINT record suggests online presence associated with Ritesh Pillai (P03352).,2025-08-29T12:16:40,0.92,Review,C0242
OF00980,OS0484,O0144,organization,Social Identity,OSINT record references business listing possibly linked to Pioneer Constructions Pvt Ltd (O0144).,2025-01-29T23:35:49,0.77,Disputed,C0243
OF00981,OS0484,P03360,person,Digital Footprint,OSINT record suggests online presence associated with Kunal Kulkarni (P03360).,2025-01-31T09:35:49,0.58,Disputed,C0243
OF00982,OS0484,P03367,person,Digital Footprint,OSINT record suggests online presence associated with Diya Bansal (P03367).,2025-01-29T21:35:49,0.8,Disputed,C0243
OF00983,OS0485,O0145,organization,Public Mention,OSINT record references business listing possibly linked to National Trade Distribution Services (O0145).,2025-08-31T03:43:00,0.61,Verified,C0244
OF00984,OS0485,P03381,person,Public Mention,OSINT record suggests online presence associated with Rhea Mishra (P03381).,2025-09-01T07:43:00,0.9,Review,C0244
OF00985,OS0486,O0145,organization,Business Listing,OSINT record references business listing possibly linked to National Trade Distribution Services (O0145).,2025-04-26T07:26:20,0.68,Verified,C0244
OF00986,OS0486,P03368,person,Digital Footprint,OSINT record suggests online presence associated with Aanya Bansal (P03368).,2025-04-26T18:26:20,0.87,Disputed,C0244
OF00987,OS0487,P03383,person,Social Identity,OSINT record suggests online presence associated with Arnav Thakur (P03383).,2025-07-04T14:10:27,0.61,Disputed,C0244
OF00988,OS0487,P03382,person,Digital Footprint,OSINT record suggests online presence associated with Vanya Bansal (P03382).,2025-07-06T07:10:27,0.46,Disputed,C0244
OF00989,OS0487,O0145,organization,Digital Footprint,OSINT record references business listing possibly linked to National Trade Distribution Services (O0145).,2025-07-04T22:10:27,0.58,Review,C0244
OF00990,OS0488,O0146,organization,Public Mention,OSINT record references business listing possibly linked to Metro Traders (O0146).,2025-06-08T06:43:32,0.69,Review,C0245
OF00991,OS0488,P03436,person,Digital Footprint,OSINT record suggests online presence associated with Ritesh Rao (P03436).,2025-06-08T21:43:32,0.81,Disputed,C0245
OF00992,OS0489,P03449,person,Business Listing,OSINT record suggests online presence associated with Rhea Bhat (P03449).,2025-07-15T10:11:28,0.77,Verified,C0246
OF00993,OS0489,P03447,person,Business Listing,OSINT record suggests online presence associated with Ananya Bhat (P03447).,2025-07-15T09:11:28,0.86,Review,C0246
OF00994,OS0490,P03450,person,Public Mention,OSINT record suggests online presence associated with Nikhil Malhotra (P03450).,2025-05-02T20:18:42,0.84,Disputed,C0246
OF00995,OS0490,P03445,person,Business Listing,OSINT record suggests online presence associated with Kiara Mishra (P03445).,2025-05-03T03:18:42,0.72,Disputed,C0246
OF00996,OS0491,P03454,person,Social Identity,OSINT record suggests online presence associated with Pallavi Bansal (P03454).,2025-08-25T11:01:47,0.62,Verified,C0247
OF00997,OS0492,P03457,person,Digital Footprint,OSINT record suggests online presence associated with Siddharth Iyer (P03457).,2025-07-31T15:48:23,0.58,Verified,C0248
OF00998,OS0493,O0148,organization,Digital Footprint,OSINT record references business listing possibly linked to Blue Horizon Manufacturing Co (O0148).,2025-08-24T08:47:05,0.68,Verified,C0249
OF00999,OS0493,P03459,person,Digital Footprint,OSINT record suggests online presence associated with Anushka Kulkarni (P03459).,2025-08-25T06:47:05,0.65,Review,C0249
OF01000,OS0494,P03339,person,Public Mention,OSINT record suggests online presence associated with Dhruv Bhat (P03339).,2025-08-24T20:02:55,0.5,Review,C0249
OF01001,OS0494,P03465,person,Public Mention,OSINT record suggests online presence associated with Isha Gupta (P03465).,2025-08-25T23:02:55,0.74,Disputed,C0249
OF01002,OS0495,P03459,person,Public Mention,OSINT record suggests online presence associated with Anushka Kulkarni (P03459).,2025-08-24T06:46:13,0.69,Disputed,C0249
OF01003,OS0495,P03471,person,Public Mention,OSINT record suggests online presence associated with Sana Chavan (P03471).,2025-08-24T20:46:13,0.86,Review,C0249
OF01004,OS0495,P03477,person,Business Listing,OSINT record suggests online presence associated with Vivek Rao (P03477).,2025-08-25T10:46:13,0.89,Disputed,C0249
OF01005,OS0496,P03483,person,Digital Footprint,OSINT record suggests online presence associated with Harsh Shetty (P03483).,2025-08-25T15:13:11,0.45,Review,C0250
OF01006,OS0496,P03495,person,Public Mention,OSINT record suggests online presence associated with Dhruv Bhat (P03495).,2025-08-26T01:13:11,0.47,Verified,C0250
OF01007,OS0496,O0149,organization,Public Mention,OSINT record references business listing possibly linked to Konkan Manufacturing Co (O0149).,2025-08-24T12:13:11,0.67,Verified,C0250
OF01008,OS0497,P03506,person,Digital Footprint,OSINT record suggests online presence associated with Sana Sethi (P03506).,2025-04-23T19:34:02,0.6,Review,C0251
OF01009,OS0498,P03506,person,Digital Footprint,OSINT record suggests online presence associated with Sana Sethi (P03506).,2025-02-25T08:29:36,0.63,Disputed,C0251
OF01010,OS0498,P03502,person,Digital Footprint,OSINT record suggests online presence associated with Sneha Mishra (P03502).,2025-02-23T20:29:36,0.46,Verified,C0251
OF01011,OS0498,P03508,person,Business Listing,OSINT record suggests online presence associated with Karan Das (P03508).,2025-02-24T07:29:36,0.8,Verified,C0251
OF01012,OS0499,P03505,person,Digital Footprint,OSINT record suggests online presence associated with Aditya Ghosh (P03505).,2025-02-09T00:00:35,0.69,Verified,C0251
OF01013,OS0500,P03509,person,Digital Footprint,OSINT record suggests online presence associated with Anushka Bansal (P03509).,2025-07-30T23:06:37,0.64,Review,C0251
OF01014,OS0500,P03505,person,Digital Footprint,OSINT record suggests online presence associated with Aditya Ghosh (P03505).,2025-07-31T10:06:37,0.52,Verified,C0251
OF01015,OS0501,O0150,organization,Business Listing,OSINT record references business listing possibly linked to Deccan Realty Pvt Ltd (O0150).,2025-08-05T00:00:17,0.89,Review,C0252
OF01016,OS0501,P03529,person,Digital Footprint,OSINT record suggests online presence associated with Akash Kulkarni (P03529).,2025-08-04T18:00:17,0.72,Verified,C0252
OF01017,OS0501,P03518,person,Digital Footprint,OSINT record suggests online presence associated with Tara Patil (P03518).,2025-08-05T04:00:17,0.54,Verified,C0252
OF01018,OS0502,O0150,organization,Digital Footprint,OSINT record references business listing possibly linked to Deccan Realty Pvt Ltd (O0150).,2025-08-22T05:17:16,0.57,Verified,C0252
OF01019,OS0502,P03516,person,Public Mention,OSINT record suggests online presence associated with Aditi Ghosh (P03516).,2025-08-22T00:17:16,0.71,Disputed,C0252
OF01020,OS0503,P03557,person,Public Mention,OSINT record suggests online presence associated with Kavya Singh (P03557).,2025-08-26T00:42:18,0.87,Review,C0253
OF01021,OS0503,P03546,person,Public Mention,OSINT record suggests online presence associated with Anushka Sethi (P03546).,2025-08-27T08:42:18,0.85,Review,C0253
OF01022,OS0504,P03551,person,Public Mention,OSINT record suggests online presence associated with Mahi Ghosh (P03551).,2025-08-24T17:16:04,0.66,Disputed,C0253
OF01023,OS0504,P03550,person,Public Mention,OSINT record suggests online presence associated with Siddharth Joshi (P03550).,2025-08-25T02:16:04,0.63,Disputed,C0253
OF01024,OS0505,P03560,person,Digital Footprint,OSINT record suggests online presence associated with Diya Das (P03560).,2025-04-08T17:46:01,0.68,Disputed,C0254
OF01025,OS0506,P03564,person,Social Identity,OSINT record suggests online presence associated with Naveen Chavan (P03564).,2025-02-26T00:59:37,0.65,Verified,C0254
OF01026,OS0507,P03603,person,Digital Footprint,OSINT record suggests online presence associated with Ananya Malhotra (P03603).,2025-06-03T21:36:03,0.5,Disputed,C0255
OF01027,OS0508,P03604,person,Business Listing,OSINT record suggests online presence associated with Pranav Thakur (P03604).,2025-08-25T14:09:22,0.77,Disputed,C0256
OF01028,OS0508,P03609,person,Digital Footprint,OSINT record suggests online presence associated with Harsh Shetty (P03609).,2025-08-24T20:09:22,0.66,Disputed,C0256
OF01029,OS0508,P03607,person,Business Listing,OSINT record suggests online presence associated with Riya Gupta (P03607).,2025-08-24T22:09:22,0.72,Review,C0256
OF01030,OS0509,P03620,person,Digital Footprint,OSINT record suggests online presence associated with Ananya Reddy (P03620).,2025-02-24T03:23:53,0.77,Review,C0257
OF01031,OS0509,P03619,person,Business Listing,OSINT record suggests online presence associated with Arjun Gupta (P03619).,2025-02-23T23:23:53,0.85,Review,C0257
OF01032,OS0510,P03626,person,Business Listing,OSINT record suggests online presence associated with Nikhil Naik (P03626).,2025-01-20T22:57:22,0.76,Disputed,C0258
OF01033,OS0510,P03627,person,Social Identity,OSINT record suggests online presence associated with Arnav Pillai (P03627).,2025-01-20T06:57:22,0.86,Verified,C0258
OF01034,OS0510,P03627,person,Social Identity,OSINT record suggests online presence associated with Arnav Pillai (P03627).,2025-01-20T10:57:22,0.49,Disputed,C0258
OF01035,OS0511,P03650,person,Digital Footprint,OSINT record suggests online presence associated with Raj Joshi (P03650).,2025-01-27T11:16:49,0.76,Review,C0259
OF01036,OS0511,P03673,person,Public Mention,OSINT record suggests online presence associated with Manav Das (P03673).,2025-01-27T09:16:49,0.79,Review,C0259
OF01037,OS0511,P03677,person,Business Listing,OSINT record suggests online presence associated with Nisha Naik (P03677).,2025-01-27T14:16:49,0.71,Disputed,C0259
OF01038,OS0512,P03643,person,Business Listing,OSINT record suggests online presence associated with Ishita Ghosh (P03643).,2025-08-31T02:54:00,0.57,Disputed,C0259
OF01039,OS0512,P03672,person,Business Listing,OSINT record suggests online presence associated with Diya Mishra (P03672).,2025-08-31T19:54:00,0.6,Verified,C0259
OF01040,OS0512,P03647,person,Digital Footprint,OSINT record suggests online presence associated with Ananya Iyer (P03647).,2025-08-30T23:54:00,0.9,Review,C0259
OF01041,OS0513,P03680,person,Social Identity,OSINT record suggests online presence associated with Meera Kulkarni (P03680).,2025-02-28T06:43:26,0.52,Review,C0259
OF01042,OS0513,P03634,person,Digital Footprint,OSINT record suggests online presence associated with Vivek Bansal (P03634).,2025-02-27T13:43:26,0.73,Verified,C0259
OF01043,OS0513,P03676,person,Business Listing,OSINT record suggests online presence associated with Aditya Patil (P03676).,2025-02-27T11:43:26,0.65,Review,C0259
OF01044,OS0514,O0154,organization,Public Mention,OSINT record references business listing possibly linked to Metro Exports (O0154).,2025-06-12T20:27:59,0.89,Review,C0260
OF01045,OS0514,O0154,organization,Business Listing,OSINT record references business listing possibly linked to Metro Exports (O0154).,2025-06-11T13:27:59,0.71,Verified,C0260
OF01046,OS0515,P03687,person,Digital Footprint,OSINT record suggests online presence associated with Akash Bhat (P03687).,2025-04-18T21:39:56,0.55,Disputed,C0260
OF01047,OS0516,P03690,person,Business Listing,OSINT record suggests online presence associated with Sana Naik (P03690).,2025-07-22T18:35:08,0.51,Disputed,C0261
OF01048,OS0517,P03716,person,Social Identity,OSINT record suggests online presence associated with Raj Ghosh (P03716).,2025-08-11T13:29:08,0.86,Review,C0262
OF01049,OS0517,P03709,person,Public Mention,OSINT record suggests online presence associated with Neha Nair (P03709).,2025-08-11T13:29:08,0.81,Review,C0262
OF01050,OS0517,P03719,person,Digital Footprint,OSINT record suggests online presence associated with Avni Desai (P03719).,2025-08-10T07:29:08,0.45,Disputed,C0262
OF01051,OS0518,P03731,person,Social Identity,OSINT record suggests online presence associated with Ananya Das (P03731).,2025-11-25T09:16:08,0.79,Verified,C0263
OF01052,OS0519,P03777,person,Social Identity,OSINT record suggests online presence associated with Kiara Gupta (P03777).,2025-03-21T20:12:14,0.67,Disputed,C0264
OF01053,OS0520,P03765,person,Public Mention,OSINT record suggests online presence associated with Karan Mishra (P03765).,2025-06-03T18:40:34,0.52,Review,C0264
OF01054,OS0520,P03756,person,Digital Footprint,OSINT record suggests online presence associated with Aman Khan (P03756).,2025-06-04T01:40:34,0.69,Verified,C0264
OF01055,OS0521,P03779,person,Business Listing,OSINT record suggests online presence associated with Saurabh Nair (P03779).,2025-08-13T08:09:54,0.46,Disputed,C0264
OF01056,OS0521,P03755,person,Social Identity,OSINT record suggests online presence associated with Dev Mehta (P03755).,2025-08-13T08:09:54,0.54,Review,C0264
OF01057,OS0521,P03755,person,Business Listing,OSINT record suggests online presence associated with Dev Mehta (P03755).,2025-08-12T09:09:54,0.57,Review,C0264
OF01058,OS0522,P03776,person,Social Identity,OSINT record suggests online presence associated with Aarav Bhat (P03776).,2025-06-12T07:24:32,0.67,Verified,C0264
OF01059,OS0523,P01835,person,Public Mention,OSINT record suggests online presence associated with Karan Khan (P01835).,2025-07-16T23:45:17,0.77,Disputed,C0265
OF01060,OS0523,P03783,person,Social Identity,OSINT record suggests online presence associated with Manav Desai (P03783).,2025-07-16T00:45:17,0.86,Verified,C0265
OF01061,OS0524,P03785,person,Public Mention,OSINT record suggests online presence associated with Sameer Saxena (P03785).,2025-08-08T10:54:35,0.69,Disputed,C0266
OF01062,OS0525,P03791,person,Social Identity,OSINT record suggests online presence associated with Tara Naik (P03791).,2025-05-30T05:16:39,0.46,Disputed,C0267
OF01063,OS0525,P03792,person,Social Identity,OSINT record suggests online presence associated with Harsh Bansal (P03792).,2025-05-31T01:16:39,0.47,Review,C0267
OF01064,OS0525,P03792,person,Business Listing,OSINT record suggests online presence associated with Harsh Bansal (P03792).,2025-05-31T19:16:39,0.91,Verified,C0267
OF01065,OS0526,P03799,person,Social Identity,OSINT record suggests online presence associated with Isha Malhotra (P03799).,2025-08-02T18:25:03,0.67,Disputed,C0268
OF01066,OS0527,P03820,person,Digital Footprint,OSINT record suggests online presence associated with Pranav Desai (P03820).,2025-09-30T06:18:15,0.67,Disputed,C0268
OF01067,OS0528,P03828,person,Digital Footprint,OSINT record suggests online presence associated with Pranav Bansal (P03828).,2025-01-14T13:37:00,0.88,Verified,C0269
OF01068,OS0529,P03835,person,Digital Footprint,OSINT record suggests online presence associated with Rahul Kapoor (P03835).,2025-08-30T21:24:52,0.77,Review,C0270
OF01069,OS0529,P03835,person,Digital Footprint,OSINT record suggests online presence associated with Rahul Kapoor (P03835).,2025-08-30T03:24:52,0.56,Review,C0270
OF01070,OS0530,P03839,person,Social Identity,OSINT record suggests online presence associated with Aniket Kapoor (P03839).,2025-06-17T18:13:06,0.53,Review,C0271
OF01071,OS0530,P03842,person,Social Identity,OSINT record suggests online presence associated with Vikram Iyer (P03842).,2025-06-16T18:13:06,0.75,Review,C0271
OF01072,OS0530,P03841,person,Business Listing,OSINT record suggests online presence associated with Ishita Ghosh (P03841).,2025-06-15T19:13:06,0.91,Disputed,C0271
OF01073,OS0531,P03844,person,Social Identity,OSINT record suggests online presence associated with Avni Ghosh (P03844).,2025-07-21T15:02:38,0.66,Review,C0272
OF01074,OS0532,P03852,person,Social Identity,OSINT record suggests online presence associated with Sneha Shetty (P03852).,2025-08-25T04:42:26,0.71,Disputed,C0272
OF01075,OS0532,P03845,person,Digital Footprint,OSINT record suggests online presence associated with Manav Mehta (P03845).,2025-08-25T03:42:26,0.5,Disputed,C0272
OF01076,OS0533,P03848,person,Social Identity,OSINT record suggests online presence associated with Manav Chavan (P03848).,2025-08-21T11:15:27,0.57,Disputed,C0272
OF01077,OS0533,P03850,person,Business Listing,OSINT record suggests online presence associated with Anushka Ghosh (P03850).,2025-08-22T04:15:27,0.45,Disputed,C0272
OF01078,OS0533,O0160,organization,Social Identity,OSINT record references business listing possibly linked to Blue Horizon Enterprises (O0160).,2025-08-21T20:15:27,0.57,Review,C0272
OF01079,OS0534,P03852,person,Digital Footprint,OSINT record suggests online presence associated with Sneha Shetty (P03852).,2025-07-26T05:16:29,0.59,Disputed,C0272
OF01080,OS0535,P03863,person,Digital Footprint,OSINT record suggests online presence associated with Harsh Naik (P03863).,2025-08-02T04:08:53,0.81,Verified,C0273
OF01081,OS0536,P03859,person,Social Identity,OSINT record suggests online presence associated with Tara Iyer (P03859).,2025-07-24T20:19:33,0.48,Verified,C0273
OF01082,OS0536,P03861,person,Social Identity,OSINT record suggests online presence associated with Aman Naik (P03861).,2025-07-23T09:19:33,0.64,Review,C0273
OF01083,OS0537,P03867,person,Public Mention,OSINT record suggests online presence associated with Sneha Singh (P03867).,2025-06-15T09:12:02,0.53,Verified,C0273
OF01084,OS0537,P03859,person,Digital Footprint,OSINT record suggests online presence associated with Tara Iyer (P03859).,2025-06-16T14:12:02,0.87,Verified,C0273
OF01085,OS0538,P03863,person,Social Identity,OSINT record suggests online presence associated with Harsh Naik (P03863).,2025-06-11T07:53:50,0.85,Disputed,C0273
OF01086,OS0538,P03860,person,Digital Footprint,OSINT record suggests online presence associated with Rohan Ghosh (P03860).,2025-06-10T12:53:50,0.52,Verified,C0273
OF01087,OS0538,P03827,person,Digital Footprint,OSINT record suggests online presence associated with Varun Rao (P03827).,2025-06-11T05:53:50,0.52,Verified,C0273
OF01088,OS0539,O0161,organization,Business Listing,OSINT record references business listing possibly linked to Pioneer Enterprises (O0161).,2025-05-27T13:56:47,0.87,Disputed,C0274
OF01089,OS0539,O0161,organization,Social Identity,OSINT record references business listing possibly linked to Pioneer Enterprises (O0161).,2025-05-28T09:56:47,0.47,Disputed,C0274
OF01090,OS0540,P03930,person,Business Listing,OSINT record suggests online presence associated with Tara Sethi (P03930).,2025-11-10T11:33:28,0.65,Disputed,C0275
OF01091,OS0540,O0162,organization,Business Listing,OSINT record references business listing possibly linked to Regal Traders (O0162).,2025-11-09T07:33:28,0.66,Disputed,C0275
OF01092,OS0541,O0163,organization,Digital Footprint,OSINT record references business listing possibly linked to Regal Financial Solutions (O0163).,2025-08-02T07:40:33,0.9,Review,C0276
OF01093,OS0541,O0163,organization,Social Identity,OSINT record references business listing possibly linked to Regal Financial Solutions (O0163).,2025-08-02T18:40:33,0.75,Verified,C0276
OF01094,OS0542,P03427,person,Public Mention,OSINT record suggests online presence associated with Aman Gupta (P03427).,2025-06-19T05:32:45,0.73,Verified,C0277
OF01095,OS0543,P03967,person,Business Listing,OSINT record suggests online presence associated with Naina Sethi (P03967).,2025-08-20T15:48:49,0.67,Review,C0278
OF01096,OS0543,P03970,person,Digital Footprint,OSINT record suggests online presence associated with Kavya Sethi (P03970).,2025-08-21T08:48:49,0.6,Verified,C0278
OF01097,OS0544,P03971,person,Public Mention,OSINT record suggests online presence associated with Aman Bhat (P03971).,2025-07-20T14:40:43,0.87,Disputed,C0278
OF01098,OS0544,P03968,person,Digital Footprint,OSINT record suggests online presence associated with Vivek Shah (P03968).,2025-07-19T12:40:43,0.49,Review,C0278
OF01099,OS0545,P03980,person,Social Identity,OSINT record suggests online presence associated with Diya Shah (P03980).,2025-01-11T18:47:24,0.85,Verified,C0279
OF01100,OS0545,P03995,person,Social Identity,OSINT record suggests online presence associated with Vanya Mehta (P03995).,2025-01-11T18:47:24,0.86,Verified,C0279
OF01101,OS0545,P03975,person,Public Mention,OSINT record suggests online presence associated with Riya Malhotra (P03975).,2025-01-12T05:47:24,0.68,Disputed,C0279
OF01102,OS0546,P03993,person,Business Listing,OSINT record suggests online presence associated with Harsh Bhat (P03993).,2025-03-29T05:47:51,0.8,Verified,C0279
OF01103,OS0546,P03988,person,Business Listing,OSINT record suggests online presence associated with Aanya Bhat (P03988).,2025-03-29T20:47:51,0.87,Review,C0279
OF01104,OS0546,P03975,person,Digital Footprint,OSINT record suggests online presence associated with Riya Malhotra (P03975).,2025-03-28T14:47:51,0.78,Verified,C0279
OF01105,OS0547,P04000,person,Social Identity,OSINT record suggests online presence associated with Aman Shetty (P04000).,2025-12-07T13:27:55,0.47,Verified,C0280
OF01106,OS0547,O0165,organization,Social Identity,OSINT record references business listing possibly linked to Pioneer Import Export House (O0165).,2025-12-08T16:27:55,0.7,Disputed,C0280
OF01107,OS0548,P04004,person,Digital Footprint,OSINT record suggests online presence associated with Riya Nair (P04004).,2025-07-31T12:18:39,0.8,Review,C0281
OF01108,OS0548,P04004,person,Digital Footprint,OSINT record suggests online presence associated with Riya Nair (P04004).,2025-07-31T16:18:39,0.84,Review,C0281
OF01109,OS0549,P04011,person,Digital Footprint,OSINT record suggests online presence associated with Tanvi Kapoor (P04011).,2025-11-09T22:50:31,0.58,Verified,C0282
OF01110,OS0550,P04012,person,Business Listing,OSINT record suggests online presence associated with Dhruv Joshi (P04012).,2025-04-12T13:00:06,0.46,Disputed,C0283
OF01111,OS0551,P04018,person,Social Identity,OSINT record suggests online presence associated with Mohit Mishra (P04018).,2025-08-19T00:56:00,0.49,Disputed,C0284
OF01112,OS0552,P04026,person,Business Listing,OSINT record suggests online presence associated with Tara Khan (P04026).,2025-06-14T23:35:01,0.59,Review,C0285
OF01113,OS0553,P04025,person,Digital Footprint,OSINT record suggests online presence associated with Pooja Chavan (P04025).,2025-06-03T21:49:54,0.76,Disputed,C0285
OF01114,OS0554,O0168,organization,Business Listing,OSINT record references business listing possibly linked to Sterling Import Export House (O0168).,2025-05-21T05:32:42,0.56,Verified,C0285
OF01115,OS0554,P04032,person,Social Identity,OSINT record suggests online presence associated with Meera Malhotra (P04032).,2025-05-21T06:32:42,0.68,Verified,C0285
OF01116,OS0555,P04053,person,Business Listing,OSINT record suggests online presence associated with Manav Sethi (P04053).,2025-08-04T16:31:39,0.69,Disputed,C0286
OF01117,OS0555,P04055,person,Digital Footprint,OSINT record suggests online presence associated with Sana Das (P04055).,2025-08-05T11:31:39,0.59,Review,C0286
OF01118,OS0556,P04060,person,Business Listing,OSINT record suggests online presence associated with Arjun Kulkarni (P04060).,2025-05-29T02:46:30,0.56,Disputed,C0286
OF01119,OS0556,P04050,person,Public Mention,OSINT record suggests online presence associated with Dev Shetty (P04050).,2025-05-28T23:46:30,0.58,Verified,C0286
OF01120,OS0556,P04052,person,Social Identity,OSINT record suggests online presence associated with Manav Saxena (P04052).,2025-05-28T00:46:30,0.87,Verified,C0286
OF01121,OS0557,P04050,person,Public Mention,OSINT record suggests online presence associated with Dev Shetty (P04050).,2025-07-03T13:36:07,0.53,Review,C0286
OF01122,OS0557,P04064,person,Public Mention,OSINT record suggests online presence associated with Tanvi Shah (P04064).,2025-07-03T18:36:07,0.76,Review,C0286
OF01123,OS0558,P04104,person,Social Identity,OSINT record suggests online presence associated with Aanya Joshi (P04104).,2025-02-11T11:32:06,0.86,Disputed,C0287
OF01124,OS0558,P00950,person,Social Identity,OSINT record suggests online presence associated with Pranav Das (P00950).,2025-02-10T22:32:06,0.81,Review,C0287
OF01125,OS0558,P04082,person,Digital Footprint,OSINT record suggests online presence associated with Naveen Kulkarni (P04082).,2025-02-11T03:32:06,0.65,Verified,C0287
OF01126,OS0559,O0169,organization,Business Listing,OSINT record references business listing possibly linked to Regal Exports (O0169).,2025-09-01T11:59:17,0.87,Verified,C0288
OF01127,OS0560,P04113,person,Business Listing,OSINT record suggests online presence associated with Ishita Reddy (P04113).,2025-01-13T13:42:53,0.81,Verified,C0289
OF01128,OS0560,P04120,person,Public Mention,OSINT record suggests online presence associated with Rahul Rao (P04120).,2025-01-14T00:42:53,0.77,Disputed,C0289
OF01129,OS0561,P04125,person,Digital Footprint,OSINT record suggests online presence associated with Karan Sethi (P04125).,2025-01-23T18:53:00,0.66,Review,C0289
OF01130,OS0561,P04128,person,Public Mention,OSINT record suggests online presence associated with Harsh Patil (P04128).,2025-01-23T21:53:00,0.81,Review,C0289
OF01131,OS0562,P04136,person,Digital Footprint,OSINT record suggests online presence associated with Pooja Patil (P04136).,2025-08-13T12:22:08,0.74,Disputed,C0290
OF01132,OS0563,O0170,organization,Social Identity,OSINT record references business listing possibly linked to Deccan Financial Solutions (O0170).,2025-08-21T12:54:01,0.82,Verified,C0290
OF01133,OS0563,P04134,person,Social Identity,OSINT record suggests online presence associated with Aarav Naik (P04134).,2025-08-20T09:54:01,0.62,Review,C0290
OF01134,OS0563,P04135,person,Digital Footprint,OSINT record suggests online presence associated with Tanvi Joshi (P04135).,2025-08-20T12:54:01,0.82,Verified,C0290
OF01135,OS0564,P04143,person,Business Listing,OSINT record suggests online presence associated with Kabir Ghosh (P04143).,2025-03-19T03:38:36,0.75,Disputed,C0291
OF01136,OS0564,P04146,person,Public Mention,OSINT record suggests online presence associated with Diya Pillai (P04146).,2025-03-19T22:38:36,0.71,Review,C0291
OF01137,OS0564,P04154,person,Social Identity,OSINT record suggests online presence associated with Mohit Verma (P04154).,2025-03-19T22:38:36,0.5,Verified,C0291
OF01138,OS0565,P04147,person,Public Mention,OSINT record suggests online presence associated with Ananya Patil (P04147).,2025-08-22T06:31:54,0.48,Verified,C0291
OF01139,OS0566,P04141,person,Social Identity,OSINT record suggests online presence associated with Kabir Rao (P04141).,2025-03-07T23:47:56,0.64,Verified,C0291
OF01140,OS0566,P04157,person,Social Identity,OSINT record suggests online presence associated with Raj Naik (P04157).,2025-03-08T15:47:56,0.85,Disputed,C0291
OF01141,OS0566,P04153,person,Public Mention,OSINT record suggests online presence associated with Karan Menon (P04153).,2025-03-08T08:47:56,0.68,Review,C0291
OF01142,OS0567,P02582,person,Digital Footprint,OSINT record suggests online presence associated with Aarav Das (P02582).,2025-08-30T05:26:47,0.77,Disputed,C0292
OF01143,OS0568,P04163,person,Business Listing,OSINT record suggests online presence associated with Manav Malhotra (P04163).,2025-10-31T13:35:46,0.62,Verified,C0293
OF01144,OS0569,P04170,person,Digital Footprint,OSINT record suggests online presence associated with Naveen Menon (P04170).,2025-08-12T02:55:12,0.91,Review,C0294
OF01145,OS0570,P04175,person,Digital Footprint,OSINT record suggests online presence associated with Dhruv Kapoor (P04175).,2025-05-19T10:33:14,0.52,Verified,C0294
OF01146,OS0570,P04171,person,Social Identity,OSINT record suggests online presence associated with Nikhil Menon (P04171).,2025-05-20T19:33:14,0.84,Disputed,C0294
OF01147,OS0571,P04167,person,Business Listing,OSINT record suggests online presence associated with Isha Iyer (P04167).,2025-08-12T04:08:07,0.49,Disputed,C0294
OF01148,OS0571,P04169,person,Digital Footprint,OSINT record suggests online presence associated with Trisha Ghosh (P04169).,2025-08-12T06:08:07,0.64,Verified,C0294
OF01149,OS0571,P04166,person,Social Identity,OSINT record suggests online presence associated with Raj Singh (P04166).,2025-08-11T09:08:07,0.91,Disputed,C0294
OF01150,OS0572,P04172,person,Public Mention,OSINT record suggests online presence associated with Kavya Sethi (P04172).,2025-07-14T12:59:20,0.72,Review,C0294
OF01151,OS0572,P04171,person,Digital Footprint,OSINT record suggests online presence associated with Nikhil Menon (P04171).,2025-07-15T22:59:20,0.92,Review,C0294
OF01152,OS0572,P04169,person,Digital Footprint,OSINT record suggests online presence associated with Trisha Ghosh (P04169).,2025-07-15T21:59:20,0.54,Disputed,C0294
OF01153,OS0573,P04185,person,Business Listing,OSINT record suggests online presence associated with Tanvi Menon (P04185).,2025-07-31T21:50:02,0.54,Verified,C0295
OF01154,OS0573,P04181,person,Social Identity,OSINT record suggests online presence associated with Vivek Singh (P04181).,2025-07-31T07:50:02,0.63,Review,C0295
OF01155,OS0573,P04200,person,Business Listing,OSINT record suggests online presence associated with Dev Kapoor (P04200).,2025-07-30T11:50:02,0.81,Disputed,C0295
OF01156,OS0574,P04186,person,Public Mention,OSINT record suggests online presence associated with Arnav Chavan (P04186).,2025-10-08T19:51:17,0.46,Disputed,C0295
OF01157,OS0574,P04195,person,Digital Footprint,OSINT record suggests online presence associated with Saurabh Naik (P04195).,2025-10-07T05:51:17,0.46,Review,C0295
OF01158,OS0575,P04203,person,Business Listing,OSINT record suggests online presence associated with Raj Ghosh (P04203).,2025-08-06T23:44:24,0.78,Verified,C0295
OF01159,OS0576,P04196,person,Business Listing,OSINT record suggests online presence associated with Naveen Thakur (P04196).,2025-02-08T08:10:53,0.86,Review,C0295
OF01160,OS0576,P04190,person,Public Mention,OSINT record suggests online presence associated with Tanvi Bhat (P04190).,2025-02-07T04:10:53,0.68,Review,C0295
OF01161,OS0576,P04183,person,Public Mention,OSINT record suggests online presence associated with Dev Patil (P04183).,2025-02-07T08:10:53,0.8,Disputed,C0295
OF01162,OS0577,P04211,person,Business Listing,OSINT record suggests online presence associated with Anushka Patil (P04211).,2025-09-12T08:36:41,0.9,Review,C0296
OF01163,OS0578,P00823,person,Social Identity,OSINT record suggests online presence associated with Yamini Bansal (P00823).,2025-08-29T11:26:40,0.7,Verified,C0296
OF01164,OS0578,P04212,person,Digital Footprint,OSINT record suggests online presence associated with Naveen Gupta (P04212).,2025-08-28T09:26:40,0.56,Disputed,C0296
OF01165,OS0578,P04207,person,Social Identity,OSINT record suggests online presence associated with Aanya Iyer (P04207).,2025-08-29T05:26:40,0.54,Verified,C0296
OF01166,OS0579,P04208,person,Social Identity,OSINT record suggests online presence associated with Vanya Das (P04208).,2025-02-13T22:15:07,0.81,Verified,C0296
OF01167,OS0579,P04207,person,Social Identity,OSINT record suggests online presence associated with Aanya Iyer (P04207).,2025-02-12T17:15:07,0.56,Review,C0296
OF01168,OS0579,P04214,person,Business Listing,OSINT record suggests online presence associated with Ishaan Ghosh (P04214).,2025-02-13T22:15:07,0.82,Disputed,C0296
OF01169,OS0580,P04207,person,Business Listing,OSINT record suggests online presence associated with Aanya Iyer (P04207).,2025-11-22T03:19:39,0.82,Review,C0296
OF01170,OS0580,P04211,person,Public Mention,OSINT record suggests online presence associated with Anushka Patil (P04211).,2025-11-21T15:19:39,0.71,Verified,C0296
OF01171,OS0580,P04207,person,Social Identity,OSINT record suggests online presence associated with Aanya Iyer (P04207).,2025-11-21T05:19:39,0.72,Disputed,C0296
OF01172,OS0581,P04215,person,Social Identity,OSINT record suggests online presence associated with Mohit Gupta (P04215).,2025-03-22T02:31:46,0.63,Disputed,C0297
OF01173,OS0582,P04222,person,Digital Footprint,OSINT record suggests online presence associated with Meera Bansal (P04222).,2025-02-15T20:34:11,0.87,Verified,C0298
OF01174,OS0582,P04222,person,Public Mention,OSINT record suggests online presence associated with Meera Bansal (P04222).,2025-02-15T20:34:11,0.53,Disputed,C0298
OF01175,OS0582,P01311,person,Digital Footprint,OSINT record suggests online presence associated with Rohan Saxena (P01311).,2025-02-16T08:34:11,0.61,Disputed,C0298
OF01176,OS0583,P04223,person,Public Mention,OSINT record suggests online presence associated with Sana Rao (P04223).,2025-08-29T02:12:57,0.74,Verified,C0299
OF01177,OS0584,P04230,person,Social Identity,OSINT record suggests online presence associated with Pooja Das (P04230).,2025-08-28T15:46:09,0.89,Disputed,C0300
OF01178,OS0584,P04230,person,Social Identity,OSINT record suggests online presence associated with Pooja Das (P04230).,2025-08-28T22:46:09,0.52,Verified,C0300
OF01179,OS0584,P04230,person,Public Mention,OSINT record suggests online presence associated with Pooja Das (P04230).,2025-08-30T07:46:09,0.83,Verified,C0300
OF01180,OS0585,P04232,person,Business Listing,OSINT record suggests online presence associated with Mahi Jadhav (P04232).,2025-12-19T18:38:10,0.55,Verified,C0301
OF01181,OS0586,P04239,person,Business Listing,OSINT record suggests online presence associated with Simran Khan (P04239).,2025-12-09T14:09:43,0.64,Disputed,C0302
OF01182,OS0587,P04239,person,Digital Footprint,OSINT record suggests online presence associated with Simran Khan (P04239).,2025-01-29T14:47:49,0.46,Verified,C0302
OF01183,OS0587,P04241,person,Public Mention,OSINT record suggests online presence associated with Pooja Mishra (P04241).,2025-01-29T07:47:49,0.52,Verified,C0302
OF01184,OS0587,P04240,person,Social Identity,OSINT record suggests online presence associated with Aniket Mishra (P04240).,2025-01-28T23:47:49,0.47,Review,C0302
OF01185,OS0588,P04237,person,Social Identity,OSINT record suggests online presence associated with Rhea Desai (P04237).,2025-10-05T19:36:19,0.65,Review,C0302
OF01186,OS0588,O0172,organization,Public Mention,OSINT record references business listing possibly linked to Apex Solutions Pvt Ltd (O0172).,2025-10-06T07:36:19,0.55,Disputed,C0302
OF01187,OS0588,P04242,person,Public Mention,OSINT record suggests online presence associated with Varun Sethi (P04242).,2025-10-06T07:36:19,0.59,Disputed,C0302
OF01188,OS0589,P04241,person,Business Listing,OSINT record suggests online presence associated with Pooja Mishra (P04241).,2025-02-19T06:44:03,0.69,Verified,C0302
OF01189,OS0589,P04238,person,Digital Footprint,OSINT record suggests online presence associated with Aditi Das (P04238).,2025-02-19T03:44:03,0.74,Disputed,C0302
OF01190,OS0590,P00248,person,Digital Footprint,OSINT record suggests online presence associated with Pooja Nair (P00248).,2025-11-30T13:20:35,0.73,Disputed,C0303
OF01191,OS0590,P00248,person,Public Mention,OSINT record suggests online presence associated with Pooja Nair (P00248).,2025-12-01T11:20:35,0.72,Review,C0303
OF01192,OS0591,P04261,person,Business Listing,OSINT record suggests online presence associated with Siddharth Desai (P04261).,2025-03-02T22:04:00,0.69,Verified,C0304
OF01193,OS0591,P04252,person,Public Mention,OSINT record suggests online presence associated with Shreya Das (P04252).,2025-03-02T22:04:00,0.81,Disputed,C0304
OF01194,OS0591,P04258,person,Public Mention,OSINT record suggests online presence associated with Mohit Shah (P04258).,2025-03-02T21:04:00,0.48,Review,C0304
OF01195,OS0592,P04247,person,Social Identity,OSINT record suggests online presence associated with Aditi Shah (P04247).,2025-09-11T13:14:13,0.46,Verified,C0304
OF01196,OS0592,P04261,person,Public Mention,OSINT record suggests online presence associated with Siddharth Desai (P04261).,2025-09-10T20:14:13,0.48,Disputed,C0304
OF01197,OS0592,P04260,person,Business Listing,OSINT record suggests online presence associated with Ishaan Malhotra (P04260).,2025-09-10T07:14:13,0.52,Verified,C0304
OF01198,OS0593,P04250,person,Public Mention,OSINT record suggests online presence associated with Meera Verma (P04250).,2025-07-29T13:24:31,0.73,Disputed,C0304
OF01199,OS0593,P04254,person,Business Listing,OSINT record suggests online presence associated with Mohit Verma (P04254).,2025-07-30T11:24:31,0.86,Review,C0304
OF01200,OS0593,P04256,person,Social Identity,OSINT record suggests online presence associated with Rhea Shah (P04256).,2025-07-29T13:24:31,0.62,Review,C0304
OF01201,OS0594,P04248,person,Digital Footprint,OSINT record suggests online presence associated with Mahi Gupta (P04248).,2025-02-13T03:28:34,0.86,Verified,C0304
OF01202,OS0594,P04248,person,Public Mention,OSINT record suggests online presence associated with Mahi Gupta (P04248).,2025-02-14T05:28:34,0.6,Disputed,C0304
OF01203,OS0595,P04267,person,Digital Footprint,OSINT record suggests online presence associated with Saurabh Sethi (P04267).,2025-06-26T06:55:05,0.65,Verified,C0305
OF01204,OS0596,P04267,person,Social Identity,OSINT record suggests online presence associated with Saurabh Sethi (P04267).,2025-06-08T08:32:58,0.59,Disputed,C0305
OF01205,OS0597,O0173,organization,Business Listing,OSINT record references business listing possibly linked to Crescent Import Export House (O0173).,2025-01-13T04:27:49,0.71,Verified,C0305
OF01206,OS0598,P01256,person,Public Mention,OSINT record suggests online presence associated with Vivek Rao (P01256).,2025-06-25T10:22:36,0.53,Disputed,C0305
OF01207,OS0598,O0173,organization,Public Mention,OSINT record references business listing possibly linked to Crescent Import Export House (O0173).,2025-06-25T22:22:36,0.71,Disputed,C0305
OF01208,OS0598,P04263,person,Public Mention,OSINT record suggests online presence associated with Ritesh Chavan (P04263).,2025-06-26T05:22:36,0.81,Verified,C0305
OF01209,OS0599,O0174,organization,Business Listing,OSINT record references business listing possibly linked to Sterling Trade Consultants (O0174).,2025-10-26T18:14:46,0.49,Disputed,C0306
OF01210,OS0599,P04270,person,Public Mention,OSINT record suggests online presence associated with Naveen Reddy (P04270).,2025-10-27T02:14:46,0.61,Disputed,C0306
OF01211,OS0600,P04285,person,Social Identity,OSINT record suggests online presence associated with Aditya Malhotra (P04285).,2025-07-14T15:14:58,0.55,Disputed,C0307
OF01212,OS0601,P04278,person,Social Identity,OSINT record suggests online presence associated with Ishaan Shah (P04278).,2025-03-23T10:12:24,0.63,Review,C0307
OF01213,OS0601,O0175,organization,Business Listing,OSINT record references business listing possibly linked to National Trade Financial Solutions (O0175).,2025-03-23T17:12:24,0.64,Review,C0307
OF01214,OS0601,O0175,organization,Social Identity,OSINT record references business listing possibly linked to National Trade Financial Solutions (O0175).,2025-03-24T07:12:24,0.68,Disputed,C0307
OF01215,OS0602,P04287,person,Business Listing,OSINT record suggests online presence associated with Pranav Menon (P04287).,2025-06-11T07:08:31,0.46,Verified,C0308
OF01216,OS0602,P04286,person,Public Mention,OSINT record suggests online presence associated with Mohit Rao (P04286).,2025-06-10T14:08:31,0.61,Review,C0308
OF01217,OS0602,P04288,person,Public Mention,OSINT record suggests online presence associated with Vikram Gupta (P04288).,2025-06-10T06:08:31,0.88,Disputed,C0308
OF01218,OS0603,P04293,person,Business Listing,OSINT record suggests online presence associated with Ritesh Thakur (P04293).,2025-05-07T01:08:00,0.58,Verified,C0309
OF01219,OS0603,P04297,person,Social Identity,OSINT record suggests online presence associated with Nikhil Reddy (P04297).,2025-05-07T21:08:00,0.53,Verified,C0309
OF01220,OS0603,P04294,person,Business Listing,OSINT record suggests online presence associated with Nikhil Nair (P04294).,2025-05-07T16:08:00,0.56,Verified,C0309
OF01221,OS0604,P04308,person,Business Listing,OSINT record suggests online presence associated with Tara Rao (P04308).,2025-10-04T19:01:51,0.51,Verified,C0310
OF01222,OS0604,P04307,person,Business Listing,OSINT record suggests online presence associated with Arnav Das (P04307).,2025-10-06T07:01:51,0.8,Verified,C0310
OF01223,OS0605,P04298,person,Social Identity,OSINT record suggests online presence associated with Ananya Nair (P04298).,2025-03-22T02:13:14,0.82,Verified,C0310
OF01224,OS0606,P04312,person,Social Identity,OSINT record suggests online presence associated with Nikhil Nair (P04312).,2025-10-31T03:48:42,0.84,Verified,C0311
OF01225,OS0606,P04310,person,Business Listing,OSINT record suggests online presence associated with Harsh Menon (P04310).,2025-10-30T07:48:42,0.88,Review,C0311
OF01226,OS0606,P04311,person,Social Identity,OSINT record suggests online presence associated with Sameer Shah (P04311).,2025-10-30T05:48:42,0.68,Verified,C0311
OF01227,OS0607,P04318,person,Digital Footprint,OSINT record suggests online presence associated with Pooja Shah (P04318).,2025-05-04T03:05:14,0.72,Verified,C0312
OF01228,OS0608,P04317,person,Public Mention,OSINT record suggests online presence associated with Anushka Sethi (P04317).,2025-07-15T02:44:59,0.58,Disputed,C0312
OF01229,OS0608,P04314,person,Public Mention,OSINT record suggests online presence associated with Rhea Kulkarni (P04314).,2025-07-14T03:44:59,0.71,Verified,C0312
OF01230,OS0609,O0178,organization,Business Listing,OSINT record references business listing possibly linked to Yamuna Enterprises (O0178).,2025-08-29T12:41:48,0.91,Review,C0313
OF01231,OS0609,P04339,person,Social Identity,OSINT record suggests online presence associated with Mahi Shetty (P04339).,2025-08-30T08:41:48,0.49,Verified,C0313
OF01232,OS0609,P04337,person,Business Listing,OSINT record suggests online presence associated with Rahul Khan (P04337).,2025-08-29T15:41:48,0.64,Verified,C0313
OF01233,OS0610,P00058,person,Business Listing,OSINT record suggests online presence associated with Dhruv Rao (P00058).,2025-12-02T04:04:56,0.5,Review,C0313
OF01234,OS0610,O0178,organization,Digital Footprint,OSINT record references business listing possibly linked to Yamuna Enterprises (O0178).,2025-12-02T07:04:56,0.92,Disputed,C0313
OF01235,OS0610,P04328,person,Digital Footprint,OSINT record suggests online presence associated with Arnav Menon (P04328).,2025-12-02T00:04:56,0.9,Review,C0313
OF01236,OS0611,P00803,person,Business Listing,OSINT record suggests online presence associated with Vivek Joshi (P00803).,2025-02-06T13:03:13,0.58,Disputed,C0314
OF01237,OS0612,P04058,person,Social Identity,OSINT record suggests online presence associated with Trisha Desai (P04058).,2025-10-07T12:43:57,0.81,Verified,C0315
OF01238,OS0613,O0179,organization,Digital Footprint,OSINT record references business listing possibly linked to Everest Import Export House (O0179).,2025-08-05T17:20:57,0.6,Disputed,C0316
OF01239,OS0613,P04346,person,Business Listing,OSINT record suggests online presence associated with Yamini Malhotra (P04346).,2025-08-05T03:20:57,0.58,Verified,C0316
OF01240,OS0613,P04352,person,Digital Footprint,OSINT record suggests online presence associated with Zoya Chavan (P04352).,2025-08-05T00:20:57,0.69,Review,C0316
OF01241,OS0614,P04400,person,Public Mention,OSINT record suggests online presence associated with Rohan Thakur (P04400).,2025-05-13T05:12:05,0.73,Disputed,C0317
OF01242,OS0614,P04402,person,Public Mention,OSINT record suggests online presence associated with Ritesh Kulkarni (P04402).,2025-05-12T12:12:05,0.53,Verified,C0317
OF01243,OS0614,P04394,person,Public Mention,OSINT record suggests online presence associated with Harsh Shah (P04394).,2025-05-12T08:12:05,0.62,Review,C0317
OF01244,OS0615,P04394,person,Digital Footprint,OSINT record suggests online presence associated with Harsh Shah (P04394).,2025-08-25T15:24:20,0.82,Verified,C0317
OF01245,OS0615,O0180,organization,Social Identity,OSINT record references business listing possibly linked to Coastal Trading Company (O0180).,2025-08-25T18:24:20,0.83,Verified,C0317
OF01246,OS0615,O0180,organization,Social Identity,OSINT record references business listing possibly linked to Coastal Trading Company (O0180).,2025-08-25T05:24:20,0.75,Disputed,C0317
OF01247,OS0616,P04436,person,Social Identity,OSINT record suggests online presence associated with Aditi Gupta (P04436).,2025-05-29T18:43:56,0.56,Verified,C0318
OF01248,OS0616,P04439,person,Digital Footprint,OSINT record suggests online presence associated with Dhruv Thakur (P04439).,2025-05-31T00:43:56,0.72,Verified,C0318
OF01249,OS0616,P04439,person,Public Mention,OSINT record suggests online presence associated with Dhruv Thakur (P04439).,2025-05-30T13:43:56,0.58,Verified,C0318
OF01250,OS0617,P04458,person,Business Listing,OSINT record suggests online presence associated with Mohit Verma (P04458).,2025-08-02T11:08:30,0.63,Review,C0319
OF01251,OS0617,P01806,person,Digital Footprint,OSINT record suggests online presence associated with Sneha Jadhav (P01806).,2025-08-03T01:08:30,0.47,Verified,C0319
OF01252,OS0617,P04443,person,Business Listing,OSINT record suggests online presence associated with Aditi Sethi (P04443).,2025-08-02T06:08:30,0.83,Review,C0319
OF01253,OS0618,P04440,person,Public Mention,OSINT record suggests online presence associated with Varun Sethi (P04440).,2025-07-28T04:36:47,0.5,Review,C0319
OF01254,OS0619,P04503,person,Digital Footprint,OSINT record suggests online presence associated with Kunal Shetty (P04503).,2025-05-08T07:18:29,0.51,Disputed,C0320
OF01255,OS0619,P04504,person,Public Mention,OSINT record suggests online presence associated with Vikram Singh (P04504).,2025-05-06T20:18:29,0.83,Verified,C0320
OF01256,OS0620,P04511,person,Social Identity,OSINT record suggests online presence associated with Kavya Das (P04511).,2025-08-23T19:54:10,0.72,Disputed,C0320
OF01257,OS0621,P04487,person,Public Mention,OSINT record suggests online presence associated with Anushka Kapoor (P04487).,2025-08-08T12:16:02,0.65,Review,C0320
OF01258,OS0621,P04475,person,Business Listing,OSINT record suggests online presence associated with Sana Iyer (P04475).,2025-08-09T22:16:02,0.5,Review,C0320
OF01259,OS0622,P04476,person,Business Listing,OSINT record suggests online presence associated with Naveen Das (P04476).,2025-11-28T18:16:19,0.6,Verified,C0320
OF01260,OS0622,P04518,person,Social Identity,OSINT record suggests online presence associated with Arnav Ghosh (P04518).,2025-11-29T09:16:19,0.79,Review,C0320
OF01261,OS0622,P04496,person,Social Identity,OSINT record suggests online presence associated with Kunal Ghosh (P04496).,2025-11-29T09:16:19,0.9,Verified,C0320
OF01262,OS0623,P01149,person,Social Identity,OSINT record suggests online presence associated with Kiara Shah (P01149).,2025-07-13T18:03:16,0.72,Verified,C0321
OF01263,OS0623,P04528,person,Business Listing,OSINT record suggests online presence associated with Naveen Chavan (P04528).,2025-07-14T11:03:16,0.73,Disputed,C0321
OF01264,OS0624,P04526,person,Public Mention,OSINT record suggests online presence associated with Vivek Thakur (P04526).,2025-06-26T15:12:51,0.85,Review,C0321
OF01265,OS0624,P04526,person,Digital Footprint,OSINT record suggests online presence associated with Vivek Thakur (P04526).,2025-06-26T12:12:51,0.79,Review,C0321
OF01266,OS0625,P04528,person,Business Listing,OSINT record suggests online presence associated with Naveen Chavan (P04528).,2025-03-14T08:31:43,0.89,Verified,C0321
OF01267,OS0625,P04532,person,Business Listing,OSINT record suggests online presence associated with Anushka Ghosh (P04532).,2025-03-14T10:31:43,0.9,Verified,C0321
OF01268,OS0626,P04532,person,Public Mention,OSINT record suggests online presence associated with Anushka Ghosh (P04532).,2025-02-27T23:30:36,0.77,Verified,C0321
OF01269,OS0627,O0182,organization,Social Identity,OSINT record references business listing possibly linked to Deccan Retailers Pvt Ltd (O0182).,2025-04-26T17:20:10,0.78,Verified,C0322
OF01270,OS0627,P04535,person,Public Mention,OSINT record suggests online presence associated with Zoya Chavan (P04535).,2025-04-25T00:20:10,0.63,Disputed,C0322
OF01271,OS0627,O0182,organization,Social Identity,OSINT record references business listing possibly linked to Deccan Retailers Pvt Ltd (O0182).,2025-04-26T01:20:10,0.73,Review,C0322
OF01272,OS0628,P04542,person,Digital Footprint,OSINT record suggests online presence associated with Arjun Shah (P04542).,2025-05-21T12:15:57,0.86,Verified,C0323
OF01273,OS0628,P04540,person,Public Mention,OSINT record suggests online presence associated with Arjun Chavan (P04540).,2025-05-22T04:15:57,0.59,Disputed,C0323
OF01274,OS0628,P04544,person,Public Mention,OSINT record suggests online presence associated with Varun Mehta (P04544).,2025-05-21T18:15:57,0.52,Review,C0323
OF01275,OS0629,O0183,organization,Business Listing,OSINT record references business listing possibly linked to Ganga Import Export House (O0183).,2025-08-07T02:37:03,0.9,Verified,C0324
OF01276,OS0629,P04556,person,Social Identity,OSINT record suggests online presence associated with Arnav Menon (P04556).,2025-08-07T14:37:03,0.88,Disputed,C0324
OF01277,OS0630,O0183,organization,Digital Footprint,OSINT record references business listing possibly linked to Ganga Import Export House (O0183).,2025-07-19T04:32:19,0.46,Verified,C0324
OF01278,OS0630,P04558,person,Business Listing,OSINT record suggests online presence associated with Pooja Mishra (P04558).,2025-07-18T17:32:19,0.82,Review,C0324
OF01279,OS0630,O0183,organization,Digital Footprint,OSINT record references business listing possibly linked to Ganga Import Export House (O0183).,2025-07-18T17:32:19,0.48,Disputed,C0324
OF01280,OS0631,O0183,organization,Digital Footprint,OSINT record references business listing possibly linked to Ganga Import Export House (O0183).,2025-01-22T19:11:07,0.85,Disputed,C0324
OF01281,OS0631,P04556,person,Business Listing,OSINT record suggests online presence associated with Arnav Menon (P04556).,2025-01-23T14:11:07,0.52,Review,C0324
OF01282,OS0632,P04559,person,Social Identity,OSINT record suggests online presence associated with Pallavi Khan (P04559).,2025-07-16T21:26:22,0.89,Verified,C0324
OF01283,OS0632,P04555,person,Social Identity,OSINT record suggests online presence associated with Avni Sethi (P04555).,2025-07-17T13:26:22,0.8,Disputed,C0324
OF01284,OS0632,O0183,organization,Social Identity,OSINT record references business listing possibly linked to Ganga Import Export House (O0183).,2025-07-17T00:26:22,0.5,Disputed,C0324
OF01285,OS0633,P04577,person,Public Mention,OSINT record suggests online presence associated with Raj Iyer (P04577).,2025-05-21T10:00:00,0.88,Verified,C0325
OF01286,OS0633,O0184,organization,Business Listing,OSINT record references business listing possibly linked to Konkan Solutions Pvt Ltd (O0184).,2025-05-22T05:00:00,0.88,Disputed,C0325
OF01287,OS0633,P04572,person,Business Listing,OSINT record suggests online presence associated with Vidhi Chavan (P04572).,2025-05-22T18:00:00,0.86,Disputed,C0325
OF01288,OS0634,O0184,organization,Social Identity,OSINT record references business listing possibly linked to Konkan Solutions Pvt Ltd (O0184).,2025-06-10T19:57:14,0.65,Review,C0325
OF01289,OS0635,P04561,person,Digital Footprint,OSINT record suggests online presence associated with Shreya Reddy (P04561).,2025-05-08T15:42:07,0.88,Disputed,C0325
OF01290,OS0635,P04567,person,Business Listing,OSINT record suggests online presence associated with Karan Kapoor (P04567).,2025-05-07T01:42:07,0.62,Disputed,C0325
OF01291,OS0636,P04572,person,Business Listing,OSINT record suggests online presence associated with Vidhi Chavan (P04572).,2025-05-01T11:58:07,0.76,Verified,C0325
OF01292,OS0637,P04585,person,Public Mention,OSINT record suggests online presence associated with Neha Nair (P04585).,2025-04-21T13:23:41,0.53,Disputed,C0326
OF01293,OS0637,P04584,person,Public Mention,OSINT record suggests online presence associated with Zoya Gupta (P04584).,2025-04-21T21:23:41,0.82,Verified,C0326
OF01294,OS0638,P04592,person,Business Listing,OSINT record suggests online presence associated with Nikhil Kulkarni (P04592).,2025-08-03T23:52:54,0.89,Disputed,C0327
OF01295,OS0639,P04620,person,Business Listing,OSINT record suggests online presence associated with Naina Reddy (P04620).,2025-07-14T14:55:37,0.7,Review,C0328
OF01296,OS0640,P04637,person,Digital Footprint,OSINT record suggests online presence associated with Mahi Rao (P04637).,2025-07-25T01:12:53,0.45,Review,C0328
OF01297,OS0640,P04634,person,Public Mention,OSINT record suggests online presence associated with Arjun Bansal (P04634).,2025-07-26T08:12:53,0.59,Disputed,C0328
OF01298,OS0641,P04623,person,Digital Footprint,OSINT record suggests online presence associated with Nisha Desai (P04623).,2025-07-10T05:01:53,0.66,Disputed,C0328
OF01299,OS0641,P04594,person,Social Identity,OSINT record suggests online presence associated with Naina Iyer (P04594).,2025-07-09T01:01:53,0.76,Verified,C0328
OF01300,OS0642,P04599,person,Business Listing,OSINT record suggests online presence associated with Karan Saxena (P04599).,2025-08-25T13:39:59,0.53,Review,C0328
OF01301,OS0643,O0186,organization,Public Mention,OSINT record references business listing possibly linked to Orbit Constructions Pvt Ltd (O0186).,2025-07-04T00:46:02,0.76,Verified,C0329
OF01302,OS0643,P01348,person,Business Listing,OSINT record suggests online presence associated with Sneha Malhotra (P01348).,2025-07-04T07:46:02,0.8,Verified,C0329
OF01303,OS0643,P03329,person,Business Listing,OSINT record suggests online presence associated with Vanya Das (P03329).,2025-07-04T11:46:02,0.9,Disputed,C0329
OF01304,OS0644,P04642,person,Public Mention,OSINT record suggests online presence associated with Ritesh Shah (P04642).,2025-03-17T07:31:55,0.47,Verified,C0330
OF01305,OS0644,P04644,person,Public Mention,OSINT record suggests online presence associated with Sneha Iyer (P04644).,2025-03-18T07:31:55,0.79,Disputed,C0330
OF01306,OS0644,P04641,person,Public Mention,OSINT record suggests online presence associated with Tara Iyer (P04641).,2025-03-17T22:31:55,0.62,Disputed,C0330
OF01307,OS0645,P02152,person,Social Identity,OSINT record suggests online presence associated with Vikram Iyer (P02152).,2025-07-11T23:51:40,0.55,Review,C0331
OF01308,OS0645,P02152,person,Public Mention,OSINT record suggests online presence associated with Vikram Iyer (P02152).,2025-07-11T04:51:40,0.68,Verified,C0331
OF01309,OS0645,P04647,person,Public Mention,OSINT record suggests online presence associated with Kabir Kapoor (P04647).,2025-07-10T09:51:40,0.51,Verified,C0331
OF01310,OS0646,P04648,person,Social Identity,OSINT record suggests online presence associated with Nisha Verma (P04648).,2025-08-18T12:22:31,0.68,Disputed,C0332
OF01311,OS0646,O0188,organization,Public Mention,OSINT record references business listing possibly linked to Sahyadri Traders (O0188).,2025-08-17T18:22:31,0.7,Disputed,C0332
OF01312,OS0646,P04652,person,Business Listing,OSINT record suggests online presence associated with Vikram Jadhav (P04652).,2025-08-17T23:22:31,0.52,Verified,C0332
OF01313,OS0647,P04666,person,Social Identity,OSINT record suggests online presence associated with Kavya Rao (P04666).,2025-07-26T22:40:33,0.89,Review,C0332
OF01314,OS0647,P04650,person,Business Listing,OSINT record suggests online presence associated with Kunal Sethi (P04650).,2025-07-28T05:40:33,0.88,Verified,C0332
OF01315,OS0647,P04653,person,Digital Footprint,OSINT record suggests online presence associated with Pranav Shah (P04653).,2025-07-26T12:40:33,0.8,Verified,C0332
OF01316,OS0648,O0188,organization,Digital Footprint,OSINT record references business listing possibly linked to Sahyadri Traders (O0188).,2025-05-19T10:38:50,0.83,Review,C0332
OF01317,OS0648,P04669,person,Business Listing,OSINT record suggests online presence associated with Trisha Mishra (P04669).,2025-05-18T17:38:50,0.67,Disputed,C0332
OF01318,OS0648,P04664,person,Digital Footprint,OSINT record suggests online presence associated with Kiara Malhotra (P04664).,2025-05-19T22:38:50,0.86,Review,C0332
OF01319,OS0649,P04664,person,Business Listing,OSINT record suggests online presence associated with Kiara Malhotra (P04664).,2025-01-17T06:26:15,0.75,Disputed,C0332
OF01320,OS0649,P04654,person,Social Identity,OSINT record suggests online presence associated with Harsh Chavan (P04654).,2025-01-17T07:26:15,0.56,Review,C0332
OF01321,OS0650,O0189,organization,Business Listing,OSINT record references business listing possibly linked to Western Consulting Services (O0189).,2025-05-14T05:33:23,0.67,Disputed,C0333
OF01322,OS0651,P04681,person,Digital Footprint,OSINT record suggests online presence associated with Ishaan Ghosh (P04681).,2025-05-04T21:34:33,0.47,Review,C0334
OF01323,OS0652,P04683,person,Public Mention,OSINT record suggests online presence associated with Aditya Saxena (P04683).,2025-08-14T08:10:10,0.49,Disputed,C0335
OF01324,OS0652,P02004,person,Digital Footprint,OSINT record suggests online presence associated with Nikhil Kulkarni (P02004).,2025-08-15T06:10:10,0.5,Review,C0335
OF01325,OS0652,P04688,person,Business Listing,OSINT record suggests online presence associated with Kunal Pillai (P04688).,2025-08-13T21:10:10,0.68,Review,C0335
OF01326,OS0653,O0190,organization,Business Listing,OSINT record references business listing possibly linked to Pioneer Logistics Pvt Ltd (O0190).,2025-08-14T06:20:31,0.55,Disputed,C0335
OF01327,OS0654,P04694,person,Public Mention,OSINT record suggests online presence associated with Siddharth Iyer (P04694).,2025-07-26T08:51:24,0.61,Verified,C0336
OF01328,OS0655,P04694,person,Digital Footprint,OSINT record suggests online presence associated with Siddharth Iyer (P04694).,2025-01-19T08:38:49,0.67,Review,C0336
OF01329,OS0656,P01342,person,Social Identity,OSINT record suggests online presence associated with Yash Reddy (P01342).,2025-08-07T05:51:11,0.49,Review,C0336
OF01330,OS0656,P01133,person,Business Listing,OSINT record suggests online presence associated with Manav Khan (P01133).,2025-08-06T19:51:11,0.55,Disputed,C0336
OF01331,OS0657,P01342,person,Public Mention,OSINT record suggests online presence associated with Yash Reddy (P01342).,2025-02-25T08:18:52,0.49,Verified,C0336
OF01332,OS0657,P04694,person,Public Mention,OSINT record suggests online presence associated with Siddharth Iyer (P04694).,2025-02-25T08:18:52,0.61,Disputed,C0336
OF01333,OS0657,P04691,person,Digital Footprint,OSINT record suggests online presence associated with Arjun Rao (P04691).,2025-02-24T17:18:52,0.82,Verified,C0336
OF01334,OS0658,P04704,person,Public Mention,OSINT record suggests online presence associated with Vikram Reddy (P04704).,2025-07-11T23:27:24,0.64,Verified,C0337
OF01335,OS0659,P04699,person,Business Listing,OSINT record suggests online presence associated with Aditya Patil (P04699).,2025-07-04T06:16:20,0.83,Review,C0337
OF01336,OS0659,P04702,person,Public Mention,OSINT record suggests online presence associated with Akash Menon (P04702).,2025-07-03T11:16:20,0.57,Verified,C0337
OF01337,OS0660,P04723,person,Public Mention,OSINT record suggests online presence associated with Aarav Mishra (P04723).,2025-07-22T11:00:46,0.68,Review,C0338
OF01338,OS0660,P04721,person,Public Mention,OSINT record suggests online presence associated with Manav Sethi (P04721).,2025-07-21T23:00:46,0.68,Disputed,C0338
OF01339,OS0660,P04719,person,Social Identity,OSINT record suggests online presence associated with Aanya Singh (P04719).,2025-07-21T21:00:46,0.75,Verified,C0338
OF01340,OS0661,P04728,person,Digital Footprint,OSINT record suggests online presence associated with Varun Nair (P04728).,2025-07-19T00:47:54,0.87,Disputed,C0338
OF01341,OS0661,P04723,person,Business Listing,OSINT record suggests online presence associated with Aarav Mishra (P04723).,2025-07-19T12:47:54,0.6,Verified,C0338
OF01342,OS0661,P04730,person,Social Identity,OSINT record suggests online presence associated with Akash Rao (P04730).,2025-07-19T04:47:54,0.46,Review,C0338
OF01343,OS0662,P04733,person,Public Mention,OSINT record suggests online presence associated with Zoya Joshi (P04733).,2025-04-06T08:58:49,0.49,Disputed,C0339
OF01344,OS0662,P04733,person,Digital Footprint,OSINT record suggests online presence associated with Zoya Joshi (P04733).,2025-04-08T01:58:49,0.91,Verified,C0339
OF01345,OS0662,O0191,organization,Digital Footprint,OSINT record references business listing possibly linked to Pioneer Financial Solutions (O0191).,2025-04-06T09:58:49,0.71,Verified,C0339
OF01346,OS0663,P04736,person,Social Identity,OSINT record suggests online presence associated with Ananya Shetty (P04736).,2025-01-11T03:02:11,0.74,Verified,C0340
OF01347,OS0663,P04742,person,Digital Footprint,OSINT record suggests online presence associated with Aanya Naik (P04742).,2025-01-12T17:02:11,0.75,Disputed,C0340
OF01348,OS0663,P04736,person,Digital Footprint,OSINT record suggests online presence associated with Ananya Shetty (P04736).,2025-01-12T12:02:11,0.73,Verified,C0340
OF01349,OS0664,P04747,person,Business Listing,OSINT record suggests online presence associated with Zoya Gupta (P04747).,2025-05-07T11:39:56,0.85,Verified,C0341
OF01350,OS0665,O0192,organization,Public Mention,OSINT record references business listing possibly linked to Yamuna Distribution Services (O0192).,2025-04-28T19:16:35,0.73,Verified,C0341
OF01351,OS0665,P04748,person,Public Mention,OSINT record suggests online presence associated with Dhruv Mishra (P04748).,2025-04-28T17:16:35,0.71,Verified,C0341
OF01352,OS0666,P04765,person,Social Identity,OSINT record suggests online presence associated with Aarav Ghosh (P04765).,2025-04-26T06:05:07,0.58,Disputed,C0342
OF01353,OS0666,P04758,person,Public Mention,OSINT record suggests online presence associated with Sameer Das (P04758).,2025-04-25T12:05:07,0.75,Disputed,C0342
OF01354,OS0667,O0193,organization,Digital Footprint,OSINT record references business listing possibly linked to Sunrise Trading Company (O0193).,2025-03-14T15:44:58,0.61,Disputed,C0342
OF01355,OS0667,P04768,person,Digital Footprint,OSINT record suggests online presence associated with Dev Reddy (P04768).,2025-03-13T05:44:58,0.46,Review,C0342
OF01356,OS0668,P04767,person,Public Mention,OSINT record suggests online presence associated with Arnav Reddy (P04767).,2025-06-13T16:34:51,0.76,Verified,C0342
OF01357,OS0668,O0193,organization,Public Mention,OSINT record references business listing possibly linked to Sunrise Trading Company (O0193).,2025-06-13T00:34:51,0.72,Disputed,C0342
OF01358,OS0669,P04793,person,Digital Footprint,OSINT record suggests online presence associated with Pooja Jadhav (P04793).,2025-06-19T14:26:30,0.88,Disputed,C0343
OF01359,OS0669,P04774,person,Business Listing,OSINT record suggests online presence associated with Vanya Saxena (P04774).,2025-06-19T15:26:30,0.82,Disputed,C0343
OF01360,OS0669,O0194,organization,Social Identity,OSINT record references business listing possibly linked to Everest Freight Services (O0194).,2025-06-18T20:26:30,0.54,Verified,C0343
OF01361,OS0670,P04782,person,Social Identity,OSINT record suggests online presence associated with Kabir Mehta (P04782).,2025-09-08T23:38:47,0.68,Disputed,C0343
OF01362,OS0670,P04784,person,Digital Footprint,OSINT record suggests online presence associated with Sameer Das (P04784).,2025-09-09T14:38:47,0.77,Review,C0343
OF01363,OS0670,P04779,person,Public Mention,OSINT record suggests online presence associated with Meera Khan (P04779).,2025-09-09T23:38:47,0.82,Verified,C0343
OF01364,OS0671,O0195,organization,Digital Footprint,OSINT record references business listing possibly linked to Central Logistics Pvt Ltd (O0195).,2025-11-07T04:02:10,0.54,Disputed,C0344
OF01365,OS0671,O0195,organization,Business Listing,OSINT record references business listing possibly linked to Central Logistics Pvt Ltd (O0195).,2025-11-06T05:02:10,0.89,Review,C0344
OF01366,OS0671,O0195,organization,Business Listing,OSINT record references business listing possibly linked to Central Logistics Pvt Ltd (O0195).,2025-11-07T02:02:10,0.56,Verified,C0344
OF01367,OS0672,O0195,organization,Social Identity,OSINT record references business listing possibly linked to Central Logistics Pvt Ltd (O0195).,2025-02-08T16:03:07,0.78,Disputed,C0344
OF01368,OS0673,P04806,person,Public Mention,OSINT record suggests online presence associated with Harsh Bansal (P04806).,2025-11-16T15:36:24,0.49,Review,C0344
OF01369,OS0673,P04807,person,Business Listing,OSINT record suggests online presence associated with Arnav Kulkarni (P04807).,2025-11-16T06:36:24,0.5,Review,C0344
OF01370,OS0674,P04828,person,Public Mention,OSINT record suggests online presence associated with Pooja Menon (P04828).,2025-01-26T11:09:05,0.67,Verified,C0345
OF01371,OS0675,O0196,organization,Public Mention,OSINT record references business listing possibly linked to Sahyadri Trading Company (O0196).,2025-02-19T13:58:09,0.83,Review,C0345
OF01372,OS0676,P04835,person,Social Identity,OSINT record suggests online presence associated with Vivek Saxena (P04835).,2025-02-26T00:57:15,0.87,Disputed,C0345
OF01373,OS0677,P04848,person,Social Identity,OSINT record suggests online presence associated with Dhruv Kapoor (P04848).,2025-04-02T12:56:32,0.79,Disputed,C0346
OF01374,OS0677,P04852,person,Business Listing,OSINT record suggests online presence associated with Simran Pillai (P04852).,2025-04-02T17:56:32,0.46,Review,C0346
OF01375,OS0677,P04852,person,Social Identity,OSINT record suggests online presence associated with Simran Pillai (P04852).,2025-04-02T20:56:32,0.66,Disputed,C0346
OF01376,OS0678,P04841,person,Public Mention,OSINT record suggests online presence associated with Aniket Menon (P04841).,2025-12-09T06:52:01,0.57,Disputed,C0346
OF01377,OS0679,P04842,person,Public Mention,OSINT record suggests online presence associated with Ishaan Patil (P04842).,2025-04-22T08:15:03,0.81,Disputed,C0346
OF01378,OS0679,P04846,person,Business Listing,OSINT record suggests online presence associated with Ritesh Khan (P04846).,2025-04-21T20:15:03,0.52,Disputed,C0346
OF01379,OS0680,P04840,person,Social Identity,OSINT record suggests online presence associated with Ishita Shah (P04840).,2025-05-31T07:59:33,0.73,Verified,C0346
OF01380,OS0680,O0197,organization,Business Listing,OSINT record references business listing possibly linked to Urban Link Traders (O0197).,2025-05-31T10:59:33,0.73,Disputed,C0346
OF01381,OS0680,O0197,organization,Business Listing,OSINT record references business listing possibly linked to Urban Link Traders (O0197).,2025-05-31T11:59:33,0.66,Review,C0346
OF01382,OS0681,P04853,person,Business Listing,OSINT record suggests online presence associated with Akash Desai (P04853).,2025-05-15T22:58:40,0.52,Disputed,C0347
OF01383,OS0682,P04868,person,Business Listing,OSINT record suggests online presence associated with Aarav Bhat (P04868).,2025-05-27T04:42:04,0.64,Review,C0348
OF01384,OS0682,P04868,person,Digital Footprint,OSINT record suggests online presence associated with Aarav Bhat (P04868).,2025-05-25T06:42:04,0.46,Review,C0348
OF01385,OS0682,O0198,organization,Business Listing,OSINT record references business listing possibly linked to Vertex Distribution Services (O0198).,2025-05-26T20:42:04,0.51,Verified,C0348
OF01386,OS0683,P04878,person,Business Listing,OSINT record suggests online presence associated with Ishaan Patil (P04878).,2025-08-07T11:04:15,0.9,Disputed,C0349
OF01387,OS0683,O0199,organization,Social Identity,OSINT record references business listing possibly linked to Yamuna Financial Solutions (O0199).,2025-08-08T10:04:15,0.47,Disputed,C0349
OF01388,OS0684,P04880,person,Digital Footprint,OSINT record suggests online presence associated with Pranav Patil (P04880).,2025-05-30T17:26:45,0.79,Review,C0349
OF01389,OS0684,P04879,person,Social Identity,OSINT record suggests online presence associated with Aman Shah (P04879).,2025-05-31T05:26:45,0.89,Review,C0349
OF01390,OS0685,P04880,person,Digital Footprint,OSINT record suggests online presence associated with Pranav Patil (P04880).,2025-07-17T14:33:12,0.46,Verified,C0349
OF01391,OS0685,P04880,person,Business Listing,OSINT record suggests online presence associated with Pranav Patil (P04880).,2025-07-17T10:33:12,0.55,Review,C0349
OF01392,OS0686,P04882,person,Social Identity,OSINT record suggests online presence associated with Aarav Desai (P04882).,2025-08-11T22:19:08,0.89,Review,C0350
OF01393,OS0687,O0200,organization,Digital Footprint,OSINT record references business listing possibly linked to Everest Retailers Pvt Ltd (O0200).,2025-01-11T23:48:57,0.6,Review,C0351
OF01394,OS0687,P04897,person,Social Identity,OSINT record suggests online presence associated with Tara Rao (P04897).,2025-01-11T18:48:57,0.7,Review,C0351
OF01395,OS0687,O0200,organization,Business Listing,OSINT record references business listing possibly linked to Everest Retailers Pvt Ltd (O0200).,2025-01-12T12:48:57,0.71,Review,C0351
OF01396,OS0688,P04904,person,Digital Footprint,OSINT record suggests online presence associated with Tanvi Das (P04904).,2025-02-14T01:27:48,0.84,Review,C0352
OF01397,OS0688,O0201,organization,Digital Footprint,OSINT record references business listing possibly linked to Sunrise Traders (O0201).,2025-02-13T22:27:48,0.53,Disputed,C0352
OF01398,OS0688,P04906,person,Business Listing,OSINT record suggests online presence associated with Rhea Das (P04906).,2025-02-14T10:27:48,0.58,Verified,C0352
OF01399,OS0689,P04905,person,Business Listing,OSINT record suggests online presence associated with Simran Mehta (P04905).,2025-08-28T02:53:36,0.78,Verified,C0352
OF01400,OS0689,P04916,person,Business Listing,OSINT record suggests online presence associated with Aanya Saxena (P04916).,2025-08-27T20:53:36,0.68,Review,C0352
OF01401,OS0690,P04917,person,Digital Footprint,OSINT record suggests online presence associated with Pooja Menon (P04917).,2025-03-03T04:54:25,0.9,Disputed,C0352
OF01402,OS0690,O0201,organization,Business Listing,OSINT record references business listing possibly linked to Sunrise Traders (O0201).,2025-03-04T10:54:25,0.6,Verified,C0352
OF01403,OS0690,P04900,person,Business Listing,OSINT record suggests online presence associated with Shreya Sethi (P04900).,2025-03-04T05:54:25,0.58,Review,C0352
OF01404,OS0691,O0201,organization,Social Identity,OSINT record references business listing possibly linked to Sunrise Traders (O0201).,2025-06-13T05:05:11,0.58,Disputed,C0352
OF01405,OS0691,P04918,person,Digital Footprint,OSINT record suggests online presence associated with Anushka Malhotra (P04918).,2025-06-12T02:05:11,0.6,Review,C0352
OF01406,OS0692,P04920,person,Business Listing,OSINT record suggests online presence associated with Ishita Shetty (P04920).,2025-03-18T20:32:14,0.64,Verified,C0353
OF01407,OS0692,P04919,person,Digital Footprint,OSINT record suggests online presence associated with Saurabh Malhotra (P04919).,2025-03-17T18:32:14,0.65,Verified,C0353
OF01408,OS0692,P04926,person,Social Identity,OSINT record suggests online presence associated with Aditi Naik (P04926).,2025-03-18T18:32:14,0.59,Verified,C0353
OF01409,OS0693,P04939,person,Digital Footprint,OSINT record suggests online presence associated with Mahi Pillai (P04939).,2025-05-19T14:45:33,0.86,Disputed,C0354
OF01410,OS0693,P04939,person,Public Mention,OSINT record suggests online presence associated with Mahi Pillai (P04939).,2025-05-19T06:45:33,0.7,Review,C0354
OF01411,OS0693,P04937,person,Social Identity,OSINT record suggests online presence associated with Aditi Khan (P04937).,2025-05-21T00:45:33,0.77,Review,C0354
OF01412,OS0694,P04947,person,Business Listing,OSINT record suggests online presence associated with Neha Shetty (P04947).,2025-05-08T07:55:19,0.89,Disputed,C0355
OF01413,OS0694,P04944,person,Public Mention,OSINT record suggests online presence associated with Kiara Jadhav (P04944).,2025-05-08T23:55:19,0.7,Verified,C0355
OF01414,OS0694,P04948,person,Business Listing,OSINT record suggests online presence associated with Raj Iyer (P04948).,2025-05-08T09:55:19,0.73,Verified,C0355
OF01415,OS0695,P04956,person,Social Identity,OSINT record suggests online presence associated with Arnav Thakur (P04956).,2025-06-20T06:29:57,0.7,Verified,C0356
OF01416,OS0695,P04952,person,Public Mention,OSINT record suggests online presence associated with Manav Patil (P04952).,2025-06-20T23:29:57,0.68,Verified,C0356
OF01417,OS0695,P04958,person,Social Identity,OSINT record suggests online presence associated with Kabir Kapoor (P04958).,2025-06-20T04:29:57,0.81,Review,C0356
OF01418,OS0696,P04962,person,Business Listing,OSINT record suggests online presence associated with Trisha Chavan (P04962).,2025-06-01T11:09:20,0.78,Review,C0356
OF01419,OS0696,P04963,person,Digital Footprint,OSINT record suggests online presence associated with Ananya Naik (P04963).,2025-06-01T05:09:20,0.69,Review,C0356
OF01420,OS0697,O0202,organization,Public Mention,OSINT record references business listing possibly linked to Prime Trade Consultants (O0202).,2025-03-21T04:52:14,0.47,Review,C0357
OF01421,OS0697,O0202,organization,Business Listing,OSINT record references business listing possibly linked to Prime Trade Consultants (O0202).,2025-03-20T14:52:14,0.54,Disputed,C0357
OF01422,OS0698,P04990,person,Public Mention,OSINT record suggests online presence associated with Mohit Pillai (P04990).,2025-10-31T22:55:32,0.59,Review,C0357
OF01423,OS0698,P04989,person,Public Mention,OSINT record suggests online presence associated with Aniket Verma (P04989).,2025-10-31T20:55:32,0.49,Review,C0357
OF01424,OS0699,P00678,person,Digital Footprint,OSINT record suggests online presence associated with Ishaan Shah (P00678).,2025-04-26T16:52:07,0.82,Disputed,C0358
OF01425,OS0699,O0203,organization,Business Listing,OSINT record references business listing possibly linked to Yamuna Retailers Pvt Ltd (O0203).,2025-04-26T09:52:07,0.55,Review,C0358
OF01426,OS0699,P05020,person,Business Listing,OSINT record suggests online presence associated with Sneha Verma (P05020).,2025-04-26T09:52:07,0.52,Verified,C0358
OF01427,OS0700,P05040,person,Social Identity,OSINT record suggests online presence associated with Saurabh Iyer (P05040).,2025-08-02T17:02:23,0.55,Review,C0359
OF01428,OS0700,P05041,person,Digital Footprint,OSINT record suggests online presence associated with Rohan Mehta (P05041).,2025-08-01T15:02:23,0.45,Disputed,C0359
OF01429,OS0701,P05047,person,Business Listing,OSINT record suggests online presence associated with Aman Jadhav (P05047).,2025-05-22T20:19:23,0.76,Verified,C0360
OF01430,OS0701,P05045,person,Business Listing,OSINT record suggests online presence associated with Rohan Mehta (P05045).,2025-05-23T12:19:23,0.45,Review,C0360
OF01431,OS0702,P05049,person,Social Identity,OSINT record suggests online presence associated with Nisha Desai (P05049).,2025-08-31T07:08:16,0.52,Verified,C0361
OF01432,OS0702,P05049,person,Business Listing,OSINT record suggests online presence associated with Nisha Desai (P05049).,2025-08-29T23:08:16,0.84,Verified,C0361
OF01433,OS0703,O0205,organization,Digital Footprint,OSINT record references business listing possibly linked to Everest Traders (O0205).,2025-08-11T05:19:59,0.54,Disputed,C0361
OF01434,OS0703,O0205,organization,Social Identity,OSINT record references business listing possibly linked to Everest Traders (O0205).,2025-08-11T18:19:59,0.78,Verified,C0361
OF01435,OS0703,O0205,organization,Public Mention,OSINT record references business listing possibly linked to Everest Traders (O0205).,2025-08-10T03:19:59,0.72,Review,C0361
OF01436,OS0704,P04231,person,Public Mention,OSINT record suggests online presence associated with Naveen Singh (P04231).,2025-07-13T21:22:39,0.76,Disputed,C0362
OF01437,OS0705,P03506,person,Social Identity,OSINT record suggests online presence associated with Sana Sethi (P03506).,2025-06-18T08:39:25,0.73,Verified,C0363
OF01438,OS0706,P05098,person,Digital Footprint,OSINT record suggests online presence associated with Vanya Jadhav (P05098).,2025-12-25T21:19:04,0.52,Disputed,C0364
OF01439,OS0706,P05101,person,Social Identity,OSINT record suggests online presence associated with Sneha Shetty (P05101).,2025-12-26T14:19:04,0.65,Review,C0364
OF01440,OS0706,P05113,person,Digital Footprint,OSINT record suggests online presence associated with Meera Das (P05113).,2025-12-25T09:19:04,0.77,Verified,C0364
OF01441,OS0707,P05124,person,Public Mention,OSINT record suggests online presence associated with Isha Bansal (P05124).,2025-03-17T09:20:15,0.45,Disputed,C0365
OF01442,OS0707,P05124,person,Business Listing,OSINT record suggests online presence associated with Isha Bansal (P05124).,2025-03-15T23:20:15,0.84,Review,C0365
OF01443,OS0707,P05128,person,Public Mention,OSINT record suggests online presence associated with Rhea Bhat (P05128).,2025-03-16T23:20:15,0.77,Review,C0365
OF01444,OS0708,P05125,person,Social Identity,OSINT record suggests online presence associated with Sneha Shetty (P05125).,2025-01-08T13:15:00,0.85,Verified,C0365
OF01445,OS0708,P05128,person,Public Mention,OSINT record suggests online presence associated with Rhea Bhat (P05128).,2025-01-09T22:15:00,0.6,Disputed,C0365
OF01446,OS0709,P05136,person,Digital Footprint,OSINT record suggests online presence associated with Aarav Bansal (P05136).,2025-07-27T09:51:58,0.75,Verified,C0366
OF01447,OS0709,O0208,organization,Social Identity,OSINT record references business listing possibly linked to Malabar Realty Pvt Ltd (O0208).,2025-07-25T13:51:58,0.86,Review,C0366
OF01448,OS0710,P05161,person,Social Identity,OSINT record suggests online presence associated with Kiara Nair (P05161).,2025-03-12T10:38:06,0.56,Disputed,C0367
OF01449,OS0711,P00164,person,Public Mention,OSINT record suggests online presence associated with Trisha Jadhav (P00164).,2025-11-26T22:07:34,0.8,Verified,C0368
OF01450,OS0711,P05164,person,Digital Footprint,OSINT record suggests online presence associated with Naina Khan (P05164).,2025-11-28T18:07:34,0.64,Disputed,C0368
OF01451,OS0712,P01099,person,Digital Footprint,OSINT record suggests online presence associated with Arjun Reddy (P01099).,2026-05-25T18:44:17,0.7,Verified,C0369
OF01452,OS0712,P00133,person,Business Listing,OSINT record suggests online presence associated with Dev Khan (P00133).,2026-05-24T04:44:17,0.75,Verified,C0369
OF01453,OS0713,P05180,person,Social Identity,OSINT record suggests online presence associated with Ritesh Jadhav (P05180).,2026-06-16T01:20:24,0.55,Review,C0370
OF01454,OS0713,P05187,person,Digital Footprint,OSINT record suggests online presence associated with Vidhi Chavan (P05187).,2026-06-16T20:20:24,0.85,Verified,C0370
OF01455,OS0713,P05167,person,Business Listing,OSINT record suggests online presence associated with Aditya Patil (P05167).,2026-06-15T14:20:24,0.92,Review,C0370
OF01456,OS0714,P05186,person,Social Identity,OSINT record suggests online presence associated with Harsh Shetty (P05186).,2026-07-21T04:02:33,0.76,Review,C0370
OF01457,OS0714,P05193,person,Social Identity,OSINT record suggests online presence associated with Pooja Patil (P05193).,2026-07-21T19:02:33,0.53,Disputed,C0370
OF01458,OS0714,P05179,person,Digital Footprint,OSINT record suggests online presence associated with Nisha Khan (P05179).,2026-07-21T01:02:33,0.78,Disputed,C0370
OF01459,OS0715,P05168,person,Public Mention,OSINT record suggests online presence associated with Ishaan Chavan (P05168).,2026-04-29T15:00:22,0.69,Review,C0370
OF01460,OS0715,P05186,person,Public Mention,OSINT record suggests online presence associated with Harsh Shetty (P05186).,2026-04-29T05:00:22,0.61,Verified,C0370
OF01461,OS0716,P05194,person,Business Listing,OSINT record suggests online presence associated with Mahi Gupta (P05194).,2026-07-06T11:10:28,0.56,Verified,C0371
OF01462,OS0716,P03328,person,Public Mention,OSINT record suggests online presence associated with Tanvi Gupta (P03328).,2026-07-06T12:10:28,0.73,Disputed,C0371
OF01463,OS0717,P05218,person,Digital Footprint,OSINT record suggests online presence associated with Yamini Desai (P05218).,2026-05-13T22:23:09,0.55,Verified,C0372
OF01464,OS0717,P05205,person,Business Listing,OSINT record suggests online presence associated with Aniket Shah (P05205).,2026-05-14T17:23:09,0.63,Verified,C0372
OF01465,OS0717,P05217,person,Public Mention,OSINT record suggests online presence associated with Aniket Mishra (P05217).,2026-05-13T21:23:09,0.51,Review,C0372
OF01466,OS0718,P05211,person,Business Listing,OSINT record suggests online presence associated with Shreya Rao (P05211).,2026-06-12T17:41:06,0.57,Review,C0372
OF01467,OS0719,P05220,person,Business Listing,OSINT record suggests online presence associated with Trisha Verma (P05220).,2026-02-25T21:33:27,0.46,Disputed,C0372
OF01468,OS0719,P05212,person,Digital Footprint,OSINT record suggests online presence associated with Nikhil Sethi (P05212).,2026-02-26T17:33:27,0.59,Disputed,C0372
OF01469,OS0719,P05214,person,Public Mention,OSINT record suggests online presence associated with Rahul Mishra (P05214).,2026-02-25T13:33:27,0.56,Disputed,C0372
OF01470,OS0720,O0210,organization,Social Identity,OSINT record references business listing possibly linked to Metro Transport (O0210).,2026-06-26T14:09:36,0.65,Verified,C0373
OF01471,OS0721,P05228,person,Public Mention,OSINT record suggests online presence associated with Kabir Naik (P05228).,2026-06-14T07:37:16,0.88,Review,C0374
OF01472,OS0722,P05228,person,Business Listing,OSINT record suggests online presence associated with Kabir Naik (P05228).,2026-08-17T00:39:01,0.57,Review,C0374
OF01473,OS0722,P01544,person,Digital Footprint,OSINT record suggests online presence associated with Mohit Mishra (P01544).,2026-08-17T00:39:01,0.67,Review,C0374
OF01474,OS0722,P05230,person,Social Identity,OSINT record suggests online presence associated with Kiara Shah (P05230).,2026-08-15T09:39:01,0.84,Review,C0374
OF01475,OS0723,P05233,person,Digital Footprint,OSINT record suggests online presence associated with Riya Naik (P05233).,2026-07-02T13:22:10,0.52,Review,C0374
OF01476,OS0723,O0211,organization,Digital Footprint,OSINT record references business listing possibly linked to Silverline Import Export House (O0211).,2026-07-02T19:22:10,0.61,Disputed,C0374
OF01477,OS0723,O0211,organization,Digital Footprint,OSINT record references business listing possibly linked to Silverline Import Export House (O0211).,2026-07-02T09:22:10,0.65,Disputed,C0374
OF01478,OS0724,P05238,person,Social Identity,OSINT record suggests online presence associated with Vidhi Kulkarni (P05238).,2026-11-19T23:39:42,0.47,Verified,C0375
OF01479,OS0724,O0212,organization,Digital Footprint,OSINT record references business listing possibly linked to National Trade Constructions Pvt Ltd (O0212).,2026-11-18T03:39:42,0.86,Disputed,C0375
OF01480,OS0724,O0212,organization,Business Listing,OSINT record references business listing possibly linked to National Trade Constructions Pvt Ltd (O0212).,2026-11-18T15:39:42,0.82,Verified,C0375
OF01481,OS0725,O0212,organization,Public Mention,OSINT record references business listing possibly linked to National Trade Constructions Pvt Ltd (O0212).,2026-06-03T06:39:22,0.54,Review,C0375
OF01482,OS0726,O0213,organization,Social Identity,OSINT record references business listing possibly linked to Central Industrial Supplies (O0213).,2026-10-20T02:35:39,0.8,Disputed,C0376
OF01483,OS0727,O0213,organization,Digital Footprint,OSINT record references business listing possibly linked to Central Industrial Supplies (O0213).,2026-09-28T01:19:14,0.82,Review,C0376
OF01484,OS0727,O0213,organization,Digital Footprint,OSINT record references business listing possibly linked to Central Industrial Supplies (O0213).,2026-09-28T14:19:14,0.64,Review,C0376
OF01485,OS0727,O0213,organization,Social Identity,OSINT record references business listing possibly linked to Central Industrial Supplies (O0213).,2026-09-27T19:19:14,0.75,Disputed,C0376
OF01486,OS0728,P05268,person,Business Listing,OSINT record suggests online presence associated with Ishita Reddy (P05268).,2026-11-04T23:03:21,0.63,Verified,C0377
OF01487,OS0728,P05269,person,Public Mention,OSINT record suggests online presence associated with Sana Verma (P05269).,2026-11-03T17:03:21,0.54,Verified,C0377
OF01488,OS0729,P05275,person,Digital Footprint,OSINT record suggests online presence associated with Neha Desai (P05275).,2026-06-06T12:26:38,0.56,Review,C0378
OF01489,OS0729,O0215,organization,Business Listing,OSINT record references business listing possibly linked to Shree Ganesh Import Export House (O0215).,2026-06-07T07:26:38,0.91,Review,C0378
OF01490,OS0730,P05279,person,Digital Footprint,OSINT record suggests online presence associated with Riya Thakur (P05279).,2026-07-11T05:05:57,0.45,Disputed,C0378
OF01491,OS0730,P05279,person,Digital Footprint,OSINT record suggests online presence associated with Riya Thakur (P05279).,2026-07-12T02:05:57,0.68,Disputed,C0378
OF01492,OS0730,P05280,person,Public Mention,OSINT record suggests online presence associated with Mohit Singh (P05280).,2026-07-11T06:05:57,0.74,Disputed,C0378
OF01493,OS0731,P05273,person,Business Listing,OSINT record suggests online presence associated with Avni Mehta (P05273).,2026-09-11T23:44:33,0.71,Disputed,C0378
OF01494,OS0731,P05278,person,Public Mention,OSINT record suggests online presence associated with Raj Patil (P05278).,2026-09-11T06:44:33,0.91,Review,C0378
OF01495,OS0731,O0215,organization,Public Mention,OSINT record references business listing possibly linked to Shree Ganesh Import Export House (O0215).,2026-09-12T03:44:33,0.66,Disputed,C0378
OF01496,OS0732,O0215,organization,Public Mention,OSINT record references business listing possibly linked to Shree Ganesh Import Export House (O0215).,2026-04-07T17:19:48,0.6,Disputed,C0378
OF01497,OS0732,P05278,person,Digital Footprint,OSINT record suggests online presence associated with Raj Patil (P05278).,2026-04-07T22:19:48,0.74,Verified,C0378
OF01498,OS0732,O0215,organization,Social Identity,OSINT record references business listing possibly linked to Shree Ganesh Import Export House (O0215).,2026-04-08T10:19:48,0.88,Disputed,C0378
OF01499,OS0733,P05286,person,Digital Footprint,OSINT record suggests online presence associated with Aanya Das (P05286).,2026-06-20T21:41:18,0.53,Disputed,C0379
OF01500,OS0733,P05286,person,Digital Footprint,OSINT record suggests online presence associated with Aanya Das (P05286).,2026-06-20T06:41:18,0.57,Verified,C0379
OF01501,OS0734,P05304,person,Public Mention,OSINT record suggests online presence associated with Riya Saxena (P05304).,2026-05-12T11:33:11,0.54,Verified,C0380
OF01502,OS0734,P05309,person,Social Identity,OSINT record suggests online presence associated with Diya Das (P05309).,2026-05-11T15:33:11,0.57,Disputed,C0380
OF01503,OS0735,P05301,person,Digital Footprint,OSINT record suggests online presence associated with Akash Mehta (P05301).,2026-04-03T12:35:12,0.81,Review,C0380
OF01504,OS0735,P05092,person,Public Mention,OSINT record suggests online presence associated with Vivek Bhat (P05092).,2026-04-02T18:35:12,0.66,Disputed,C0380
OF01505,OS0736,P05302,person,Business Listing,OSINT record suggests online presence associated with Saurabh Bansal (P05302).,2026-04-19T19:15:38,0.58,Verified,C0380
OF01506,OS0736,P05298,person,Business Listing,OSINT record suggests online presence associated with Rohan Menon (P05298).,2026-04-20T05:15:38,0.91,Review,C0380
OF01507,OS0737,P00610,person,Public Mention,OSINT record suggests online presence associated with Anushka Desai (P00610).,2026-04-20T09:38:24,0.9,Review,C0381
OF01508,OS0737,P05310,person,Business Listing,OSINT record suggests online presence associated with Varun Patil (P05310).,2026-04-19T21:38:24,0.68,Review,C0381
OF01509,OS0737,P05310,person,Social Identity,OSINT record suggests online presence associated with Varun Patil (P05310).,2026-04-19T14:38:24,0.5,Disputed,C0381
OF01510,OS0738,P05314,person,Digital Footprint,OSINT record suggests online presence associated with Dev Bansal (P05314).,2026-04-17T22:37:18,0.67,Verified,C0382
OF01511,OS0739,P05327,person,Public Mention,OSINT record suggests online presence associated with Harsh Verma (P05327).,2026-03-30T14:33:23,0.58,Disputed,C0383
OF01512,OS0739,P05331,person,Social Identity,OSINT record suggests online presence associated with Nikhil Rao (P05331).,2026-03-30T05:33:23,0.68,Verified,C0383
OF01513,OS0739,P05330,person,Digital Footprint,OSINT record suggests online presence associated with Aman Kulkarni (P05330).,2026-03-29T05:33:23,0.55,Verified,C0383
OF01514,OS0740,P05333,person,Social Identity,OSINT record suggests online presence associated with Sameer Bhat (P05333).,2026-01-03T18:35:24,0.51,Disputed,C0383
OF01515,OS0741,P05325,person,Business Listing,OSINT record suggests online presence associated with Tanvi Chavan (P05325).,2026-05-07T11:59:26,0.46,Verified,C0383
OF01516,OS0741,P05341,person,Business Listing,OSINT record suggests online presence associated with Nikhil Kapoor (P05341).,2026-05-06T09:59:26,0.76,Disputed,C0383
OF01517,OS0742,O0219,organization,Business Listing,OSINT record references business listing possibly linked to Shree Ganesh Constructions Pvt Ltd (O0219).,2026-06-04T15:15:19,0.68,Review,C0384
OF01518,OS0743,P05384,person,Business Listing,OSINT record suggests online presence associated with Sameer Iyer (P05384).,2026-06-28T17:45:39,0.56,Review,C0385
OF01519,OS0743,O0220,organization,Social Identity,OSINT record references business listing possibly linked to Highland Exports (O0220).,2026-06-28T01:45:39,0.59,Verified,C0385
OF01520,OS0743,O0220,organization,Social Identity,OSINT record references business listing possibly linked to Highland Exports (O0220).,2026-06-28T16:45:39,0.87,Verified,C0385
OF01521,OS0744,O0220,organization,Public Mention,OSINT record references business listing possibly linked to Highland Exports (O0220).,2026-02-02T02:49:38,0.91,Verified,C0385
OF01522,OS0745,O0220,organization,Business Listing,OSINT record references business listing possibly linked to Highland Exports (O0220).,2026-09-21T10:02:23,0.53,Verified,C0385
OF01523,OS0745,P05384,person,Public Mention,OSINT record suggests online presence associated with Sameer Iyer (P05384).,2026-09-19T14:02:23,0.73,Verified,C0385
OF01524,OS0746,P05386,person,Social Identity,OSINT record suggests online presence associated with Karan Sethi (P05386).,2026-08-28T12:54:46,0.77,Disputed,C0385
OF01525,OS0746,P05383,person,Business Listing,OSINT record suggests online presence associated with Shreya Shah (P05383).,2026-08-27T09:54:46,0.92,Disputed,C0385
OF01526,OS0746,O0220,organization,Digital Footprint,OSINT record references business listing possibly linked to Highland Exports (O0220).,2026-08-27T19:54:46,0.78,Disputed,C0385
OF01527,OS0747,P05398,person,Public Mention,OSINT record suggests online presence associated with Aman Patil (P05398).,2026-07-25T01:17:47,0.54,Disputed,C0386
OF01528,OS0748,P04305,person,Public Mention,OSINT record suggests online presence associated with Avni Gupta (P04305).,2026-08-16T16:04:10,0.85,Verified,C0387
OF01529,OS0748,O0221,organization,Social Identity,OSINT record references business listing possibly linked to Vertex Industrial Supplies (O0221).,2026-08-17T12:04:10,0.48,Disputed,C0387
OF01530,OS0748,O0221,organization,Business Listing,OSINT record references business listing possibly linked to Vertex Industrial Supplies (O0221).,2026-08-16T18:04:10,0.7,Verified,C0387
OF01531,OS0749,P05419,person,Business Listing,OSINT record suggests online presence associated with Dev Chavan (P05419).,2026-06-29T11:44:31,0.87,Disputed,C0388
OF01532,OS0749,P05415,person,Public Mention,OSINT record suggests online presence associated with Avni Jadhav (P05415).,2026-06-28T09:44:31,0.8,Verified,C0388
OF01533,OS0749,P05419,person,Digital Footprint,OSINT record suggests online presence associated with Dev Chavan (P05419).,2026-06-29T00:44:31,0.89,Verified,C0388
OF01534,OS0750,P05430,person,Public Mention,OSINT record suggests online presence associated with Aarav Ghosh (P05430).,2026-08-08T21:27:25,0.74,Review,C0389
OF01535,OS0751,O0222,organization,Public Mention,OSINT record references business listing possibly linked to Regal Realty Pvt Ltd (O0222).,2026-06-28T05:13:02,0.69,Review,C0389
OF01536,OS0751,P05431,person,Social Identity,OSINT record suggests online presence associated with Meera Saxena (P05431).,2026-06-26T12:13:02,0.78,Verified,C0389
OF01537,OS0751,P05436,person,Digital Footprint,OSINT record suggests online presence associated with Naina Khan (P05436).,2026-06-28T03:13:02,0.75,Review,C0389
OF01538,OS0752,P05472,person,Social Identity,OSINT record suggests online presence associated with Sneha Thakur (P05472).,2026-11-29T02:28:00,0.68,Review,C0390
OF01539,OS0752,P05457,person,Public Mention,OSINT record suggests online presence associated with Aditi Ghosh (P05457).,2026-11-30T19:28:00,0.76,Disputed,C0390
OF01540,OS0753,P05456,person,Social Identity,OSINT record suggests online presence associated with Aanya Desai (P05456).,2026-08-10T19:47:05,0.92,Review,C0390
OF01541,OS0753,P05451,person,Social Identity,OSINT record suggests online presence associated with Karan Verma (P05451).,2026-08-11T06:47:05,0.83,Verified,C0390
OF01542,OS0753,P05462,person,Digital Footprint,OSINT record suggests online presence associated with Rahul Naik (P05462).,2026-08-10T19:47:05,0.79,Disputed,C0390
OF01543,OS0754,P05468,person,Social Identity,OSINT record suggests online presence associated with Manav Saxena (P05468).,2026-07-12T00:04:11,0.82,Disputed,C0390
OF01544,OS0755,P05471,person,Public Mention,OSINT record suggests online presence associated with Ishita Mehta (P05471).,2026-10-12T00:10:14,0.65,Disputed,C0390
OF01545,OS0755,P05457,person,Business Listing,OSINT record suggests online presence associated with Aditi Ghosh (P05457).,2026-10-13T16:10:14,0.66,Review,C0390
OF01546,OS0755,P05464,person,Social Identity,OSINT record suggests online presence associated with Nikhil Bansal (P05464).,2026-10-13T06:10:14,0.48,Review,C0390
OF01547,OS0756,P05475,person,Public Mention,OSINT record suggests online presence associated with Naveen Mehta (P05475).,2026-05-23T11:22:50,0.89,Disputed,C0391
OF01548,OS0756,P05476,person,Digital Footprint,OSINT record suggests online presence associated with Yash Joshi (P05476).,2026-05-23T11:22:50,0.83,Review,C0391
OF01549,OS0757,P05494,person,Public Mention,OSINT record suggests online presence associated with Manav Menon (P05494).,2026-07-11T23:13:40,0.69,Disputed,C0392
OF01550,OS0758,O0223,organization,Business Listing,OSINT record references business listing possibly linked to Silverline Industrial Supplies (O0223).,2026-02-19T20:33:26,0.67,Verified,C0392
OF01551,OS0758,O0223,organization,Public Mention,OSINT record references business listing possibly linked to Silverline Industrial Supplies (O0223).,2026-02-18T23:33:26,0.47,Review,C0392
OF01552,OS0758,P05488,person,Social Identity,OSINT record suggests online presence associated with Arnav Thakur (P05488).,2026-02-19T07:33:26,0.86,Review,C0392
OF01553,OS0759,P05490,person,Social Identity,OSINT record suggests online presence associated with Vidhi Naik (P05490).,2026-05-04T02:41:03,0.91,Verified,C0392
OF01554,OS0759,P00820,person,Social Identity,OSINT record suggests online presence associated with Tanvi Rao (P00820).,2026-05-04T09:41:03,0.85,Verified,C0392
OF01555,OS0759,P05494,person,Digital Footprint,OSINT record suggests online presence associated with Manav Menon (P05494).,2026-05-04T09:41:03,0.61,Verified,C0392
OF01556,OS0760,P00820,person,Social Identity,OSINT record suggests online presence associated with Tanvi Rao (P00820).,2026-03-08T03:26:41,0.73,Disputed,C0392
OF01557,OS0761,P05505,person,Social Identity,OSINT record suggests online presence associated with Varun Das (P05505).,2026-08-09T03:22:40,0.77,Verified,C0393
OF01558,OS0761,P05509,person,Social Identity,OSINT record suggests online presence associated with Rohan Singh (P05509).,2026-08-08T18:22:40,0.59,Disputed,C0393
OF01559,OS0762,P02914,person,Business Listing,OSINT record suggests online presence associated with Pallavi Mishra (P02914).,2026-04-14T11:58:42,0.72,Review,C0393
OF01560,OS0762,P05503,person,Social Identity,OSINT record suggests online presence associated with Vikram Bansal (P05503).,2026-04-14T11:58:42,0.46,Disputed,C0393
OF01561,OS0763,O0224,organization,Business Listing,OSINT record references business listing possibly linked to Sunrise Retailers Pvt Ltd (O0224).,2026-12-23T19:27:23,0.47,Disputed,C0393
OF01562,OS0763,O0224,organization,Digital Footprint,OSINT record references business listing possibly linked to Sunrise Retailers Pvt Ltd (O0224).,2026-12-25T12:27:23,0.45,Disputed,C0393
OF01563,OS0763,P02914,person,Social Identity,OSINT record suggests online presence associated with Pallavi Mishra (P02914).,2026-12-23T15:27:23,0.69,Verified,C0393
OF01564,OS0764,P05511,person,Social Identity,OSINT record suggests online presence associated with Akash Reddy (P05511).,2026-11-12T23:12:29,0.69,Verified,C0393
OF01565,OS0764,P05506,person,Digital Footprint,OSINT record suggests online presence associated with Aditya Shah (P05506).,2026-11-11T17:12:29,0.59,Review,C0393
OF01566,OS0765,O0225,organization,Public Mention,OSINT record references business listing possibly linked to Orbit Realty Pvt Ltd (O0225).,2026-08-07T21:55:41,0.73,Review,C0394
OF01567,OS0766,P05525,person,Digital Footprint,OSINT record suggests online presence associated with Tanvi Mishra (P05525).,2026-06-07T23:00:26,0.82,Disputed,C0394
OF01568,OS0766,P05526,person,Social Identity,OSINT record suggests online presence associated with Aniket Ghosh (P05526).,2026-06-08T02:00:26,0.55,Verified,C0394
OF01569,OS0767,P05558,person,Business Listing,OSINT record suggests online presence associated with Aman Desai (P05558).,2026-06-06T07:18:07,0.56,Verified,C0395
OF01570,OS0767,P05557,person,Business Listing,OSINT record suggests online presence associated with Aniket Bhat (P05557).,2026-06-06T14:18:07,0.77,Review,C0395
OF01571,OS0767,O0226,organization,Social Identity,OSINT record references business listing possibly linked to Western Freight Services (O0226).,2026-06-06T22:18:07,0.67,Review,C0395
OF01572,OS0768,P05572,person,Business Listing,OSINT record suggests online presence associated with Manav Nair (P05572).,2026-08-01T09:09:16,0.5,Disputed,C0396
OF01573,OS0769,P05567,person,Business Listing,OSINT record suggests online presence associated with Vikram Malhotra (P05567).,2026-05-09T06:25:43,0.85,Verified,C0396
OF01574,OS0770,P05575,person,Digital Footprint,OSINT record suggests online presence associated with Manav Mishra (P05575).,2026-06-16T07:54:13,0.5,Review,C0396
OF01575,OS0770,P05564,person,Digital Footprint,OSINT record suggests online presence associated with Naina Bhat (P05564).,2026-06-16T15:54:13,0.69,Review,C0396
OF01576,OS0771,P05582,person,Social Identity,OSINT record suggests online presence associated with Diya Naik (P05582).,2026-02-10T18:27:37,0.45,Disputed,C0397
OF01577,OS0772,P05588,person,Social Identity,OSINT record suggests online presence associated with Anushka Ghosh (P05588).,2026-10-16T05:15:19,0.56,Review,C0397
OF01578,OS0772,P05605,person,Business Listing,OSINT record suggests online presence associated with Trisha Bhat (P05605).,2026-10-16T17:15:19,0.53,Disputed,C0397
OF01579,OS0772,P05608,person,Public Mention,OSINT record suggests online presence associated with Nikhil Das (P05608).,2026-10-16T05:15:19,0.53,Review,C0397
OF01580,OS0773,O0227,organization,Digital Footprint,OSINT record references business listing possibly linked to Unity Financial Solutions (O0227).,2026-02-22T15:27:31,0.67,Review,C0398
OF01581,OS0773,P05610,person,Public Mention,OSINT record suggests online presence associated with Mahi Sethi (P05610).,2026-02-21T13:27:31,0.48,Verified,C0398
OF01582,OS0773,P05611,person,Digital Footprint,OSINT record suggests online presence associated with Mahi Patil (P05611).,2026-02-22T13:27:31,0.58,Verified,C0398
OF01583,OS0774,O0227,organization,Public Mention,OSINT record references business listing possibly linked to Unity Financial Solutions (O0227).,2026-08-31T04:15:18,0.67,Verified,C0398
OF01584,OS0774,P05613,person,Public Mention,OSINT record suggests online presence associated with Aarav Mishra (P05613).,2026-08-30T18:15:18,0.48,Disputed,C0398
OF01585,OS0774,P05610,person,Business Listing,OSINT record suggests online presence associated with Mahi Sethi (P05610).,2026-08-31T08:15:18,0.46,Verified,C0398
OF01586,OS0775,O0228,organization,Social Identity,OSINT record references business listing possibly linked to Horizon Transport (O0228).,2026-08-26T23:39:09,0.78,Disputed,C0399
OF01587,OS0775,P05616,person,Digital Footprint,OSINT record suggests online presence associated with Sneha Joshi (P05616).,2026-08-27T11:39:09,0.53,Review,C0399
OF01588,OS0775,P05616,person,Public Mention,OSINT record suggests online presence associated with Sneha Joshi (P05616).,2026-08-27T03:39:09,0.89,Review,C0399
OF01589,OS0776,P05635,person,Digital Footprint,OSINT record suggests online presence associated with Manav Gupta (P05635).,2026-06-18T13:34:34,0.7,Review,C0400
OF01590,OS0776,P05633,person,Business Listing,OSINT record suggests online presence associated with Naina Desai (P05633).,2026-06-18T08:34:34,0.58,Disputed,C0400
OF01591,OS0777,P05628,person,Public Mention,OSINT record suggests online presence associated with Vivek Kapoor (P05628).,2026-05-29T10:33:03,0.74,Review,C0400
OF01592,OS0778,P02269,person,Business Listing,OSINT record suggests online presence associated with Raj Patil (P02269).,2026-04-30T15:13:12,0.53,Review,C0401
OF01593,OS0778,P05637,person,Public Mention,OSINT record suggests online presence associated with Mahi Kulkarni (P05637).,2026-05-01T02:13:12,0.77,Disputed,C0401
OF01594,OS0778,P00473,person,Digital Footprint,OSINT record suggests online presence associated with Pranav Menon (P00473).,2026-05-01T00:13:12,0.83,Disputed,C0401
OF01595,OS0779,O0229,organization,Digital Footprint,OSINT record references business listing possibly linked to Western Constructions Pvt Ltd (O0229).,2026-08-27T22:27:56,0.89,Disputed,C0402
OF01596,OS0779,P05638,person,Business Listing,OSINT record suggests online presence associated with Sana Jadhav (P05638).,2026-08-28T12:27:56,0.48,Verified,C0402
OF01597,OS0779,P05640,person,Digital Footprint,OSINT record suggests online presence associated with Kunal Mehta (P05640).,2026-08-28T20:27:56,0.68,Disputed,C0402
OF01598,OS0780,P05657,person,Business Listing,OSINT record suggests online presence associated with Yash Ghosh (P05657).,2026-04-06T03:28:51,0.84,Review,C0403
OF01599,OS0780,P05675,person,Digital Footprint,OSINT record suggests online presence associated with Harsh Shetty (P05675).,2026-04-06T09:28:51,0.81,Verified,C0403
OF01600,OS0781,P05665,person,Business Listing,OSINT record suggests online presence associated with Aanya Singh (P05665).,2026-05-30T08:10:46,0.55,Disputed,C0403
OF01601,OS0781,P05671,person,Business Listing,OSINT record suggests online presence associated with Kavya Khan (P05671).,2026-05-31T22:10:46,0.91,Disputed,C0403
OF01602,OS0782,P05673,person,Social Identity,OSINT record suggests online presence associated with Raj Iyer (P05673).,2026-06-05T15:26:28,0.55,Verified,C0403
OF01603,OS0782,P05651,person,Digital Footprint,OSINT record suggests online presence associated with Varun Menon (P05651).,2026-06-05T23:26:28,0.58,Disputed,C0403
OF01604,OS0783,P05713,person,Social Identity,OSINT record suggests online presence associated with Pranav Mehta (P05713).,2026-07-20T11:36:03,0.87,Verified,C0404
OF01605,OS0783,P05712,person,Business Listing,OSINT record suggests online presence associated with Pooja Patil (P05712).,2026-07-20T16:36:03,0.48,Review,C0404
OF01606,OS0784,P05717,person,Public Mention,OSINT record suggests online presence associated with Diya Jadhav (P05717).,2026-08-09T23:44:24,0.73,Verified,C0405
OF01607,OS0784,P05719,person,Social Identity,OSINT record suggests online presence associated with Tanvi Jadhav (P05719).,2026-08-10T05:44:24,0.55,Review,C0405
OF01608,OS0784,P05720,person,Social Identity,OSINT record suggests online presence associated with Naveen Kapoor (P05720).,2026-08-09T09:44:24,0.67,Disputed,C0405
OF01609,OS0785,O0231,organization,Public Mention,OSINT record references business listing possibly linked to Konkan Industrial Supplies (O0231).,2026-03-16T23:44:31,0.84,Verified,C0406
OF01610,OS0786,P05734,person,Business Listing,OSINT record suggests online presence associated with Meera Reddy (P05734).,2026-08-27T07:58:25,0.8,Review,C0407
OF01611,OS0786,P05734,person,Digital Footprint,OSINT record suggests online presence associated with Meera Reddy (P05734).,2026-08-26T12:58:25,0.81,Verified,C0407
OF01612,OS0786,P05729,person,Public Mention,OSINT record suggests online presence associated with Ananya Reddy (P05729).,2026-08-27T04:58:25,0.65,Review,C0407
OF01613,OS0787,P05731,person,Public Mention,OSINT record suggests online presence associated with Kiara Rao (P05731).,2026-08-29T06:38:39,0.57,Review,C0407
OF01614,OS0787,P05731,person,Business Listing,OSINT record suggests online presence associated with Kiara Rao (P05731).,2026-08-28T19:38:39,0.48,Review,C0407
OF01615,OS0787,P00659,person,Public Mention,OSINT record suggests online presence associated with Aman Das (P00659).,2026-08-28T08:38:39,0.56,Review,C0407
OF01616,OS0788,P05738,person,Digital Footprint,OSINT record suggests online presence associated with Kunal Desai (P05738).,2026-08-16T13:05:01,0.64,Review,C0407
OF01617,OS0788,P05737,person,Digital Footprint,OSINT record suggests online presence associated with Naina Shah (P05737).,2026-08-16T07:05:01,0.78,Disputed,C0407
OF01618,OS0789,P05741,person,Social Identity,OSINT record suggests online presence associated with Sneha Menon (P05741).,2026-08-22T18:31:07,0.67,Verified,C0407
OF01619,OS0789,P05733,person,Social Identity,OSINT record suggests online presence associated with Siddharth Singh (P05733).,2026-08-24T14:31:07,0.61,Review,C0407
OF01620,OS0790,P05750,person,Digital Footprint,OSINT record suggests online presence associated with Rhea Sethi (P05750).,2026-06-11T23:25:09,0.68,Verified,C0408
OF01621,OS0791,P05744,person,Digital Footprint,OSINT record suggests online presence associated with Harsh Jadhav (P05744).,2026-12-10T00:30:13,0.62,Disputed,C0408
OF01622,OS0791,P05762,person,Public Mention,OSINT record suggests online presence associated with Rahul Jadhav (P05762).,2026-12-09T15:30:13,0.87,Review,C0408
OF01623,OS0791,P05749,person,Social Identity,OSINT record suggests online presence associated with Simran Joshi (P05749).,2026-12-09T03:30:13,0.86,Disputed,C0408
OF01624,OS0792,P05749,person,Social Identity,OSINT record suggests online presence associated with Simran Joshi (P05749).,2026-07-02T06:49:23,0.65,Review,C0408
OF01625,OS0792,P05769,person,Public Mention,OSINT record suggests online presence associated with Aditi Joshi (P05769).,2026-07-02T13:49:23,0.53,Disputed,C0408
OF01626,OS0792,P05758,person,Public Mention,OSINT record suggests online presence associated with Aanya Reddy (P05758).,2026-07-02T22:49:23,0.61,Verified,C0408
OF01627,OS0793,P05774,person,Business Listing,OSINT record suggests online presence associated with Tanvi Nair (P05774).,2026-06-14T05:31:27,0.72,Review,C0409
OF01628,OS0793,P00095,person,Public Mention,OSINT record suggests online presence associated with Sneha Naik (P00095).,2026-06-14T03:31:27,0.8,Verified,C0409
OF01629,OS0794,P00104,person,Social Identity,OSINT record suggests online presence associated with Varun Menon (P00104).,2026-12-31T09:49:42,0.61,Disputed,C0409
OF01630,OS0795,P05782,person,Public Mention,OSINT record suggests online presence associated with Siddharth Malhotra (P05782).,2026-03-13T15:55:44,0.67,Verified,C0409
OF01631,OS0795,P05791,person,Social Identity,OSINT record suggests online presence associated with Sameer Menon (P05791).,2026-03-14T22:55:44,0.78,Verified,C0409
OF01632,OS0795,P05782,person,Public Mention,OSINT record suggests online presence associated with Siddharth Malhotra (P05782).,2026-03-13T19:55:44,0.64,Verified,C0409
OF01633,OS0796,P05784,person,Business Listing,OSINT record suggests online presence associated with Akash Mehta (P05784).,2026-02-06T04:56:18,0.58,Disputed,C0409
OF01634,OS0796,P05785,person,Social Identity,OSINT record suggests online presence associated with Arjun Rao (P05785).,2026-02-06T09:56:18,0.78,Verified,C0409
OF01635,OS0797,P05794,person,Social Identity,OSINT record suggests online presence associated with Vikram Verma (P05794).,2026-04-24T07:47:57,0.46,Verified,C0410
OF01636,OS0797,P05794,person,Social Identity,OSINT record suggests online presence associated with Vikram Verma (P05794).,2026-04-25T01:47:57,0.89,Disputed,C0410
OF01637,OS0797,P02905,person,Digital Footprint,OSINT record suggests online presence associated with Avni Joshi (P02905).,2026-04-25T09:47:57,0.83,Review,C0410
OF01638,OS0798,P05808,person,Public Mention,OSINT record suggests online presence associated with Nikhil Nair (P05808).,2026-09-20T03:51:48,0.86,Review,C0411
OF01639,OS0798,P05805,person,Digital Footprint,OSINT record suggests online presence associated with Mahi Jadhav (P05805).,2026-09-20T06:51:48,0.5,Verified,C0411
OF01640,OS0798,P05809,person,Public Mention,OSINT record suggests online presence associated with Rahul Shah (P05809).,2026-09-20T04:51:48,0.64,Verified,C0411
OF01641,OS0799,P05797,person,Social Identity,OSINT record suggests online presence associated with Aman Malhotra (P05797).,2026-06-28T19:06:12,0.8,Verified,C0411
OF01642,OS0799,P05810,person,Social Identity,OSINT record suggests online presence associated with Shreya Iyer (P05810).,2026-06-29T20:06:12,0.66,Review,C0411
OF01643,OS0799,P05812,person,Digital Footprint,OSINT record suggests online presence associated with Pranav Khan (P05812).,2026-06-29T18:06:12,0.89,Review,C0411
OF01644,OS0800,P05797,person,Digital Footprint,OSINT record suggests online presence associated with Aman Malhotra (P05797).,2026-10-19T01:03:45,0.82,Review,C0411
OF01645,OS0800,P05796,person,Digital Footprint,OSINT record suggests online presence associated with Vanya Das (P05796).,2026-10-18T07:03:45,0.79,Disputed,C0411
OF01646,OS0801,P05814,person,Public Mention,OSINT record suggests online presence associated with Arjun Joshi (P05814).,2026-05-31T20:18:17,0.57,Verified,C0412
OF01647,OS0801,P05817,person,Business Listing,OSINT record suggests online presence associated with Simran Joshi (P05817).,2026-05-31T07:18:17,0.63,Review,C0412
OF01648,OS0801,P05813,person,Digital Footprint,OSINT record suggests online presence associated with Isha Bansal (P05813).,2026-05-30T09:18:17,0.64,Disputed,C0412
OF01649,OS0802,P05822,person,Public Mention,OSINT record suggests online presence associated with Dhruv Malhotra (P05822).,2026-08-18T01:48:54,0.72,Review,C0413
OF01650,OS0802,P05821,person,Digital Footprint,OSINT record suggests online presence associated with Tara Joshi (P05821).,2026-08-18T04:48:54,0.47,Review,C0413
OF01651,OS0802,P05826,person,Business Listing,OSINT record suggests online presence associated with Mahi Khan (P05826).,2026-08-18T07:48:54,0.86,Verified,C0413
OF01652,OS0803,P05825,person,Business Listing,OSINT record suggests online presence associated with Nisha Nair (P05825).,2026-09-01T04:49:53,0.5,Review,C0413
OF01653,OS0803,P05822,person,Social Identity,OSINT record suggests online presence associated with Dhruv Malhotra (P05822).,2026-08-31T22:49:53,0.65,Disputed,C0413
OF01654,OS0804,P05830,person,Business Listing,OSINT record suggests online presence associated with Aarav Desai (P05830).,2026-07-18T07:18:18,0.83,Review,C0414
OF01655,OS0805,P00006,person,Public Mention,OSINT record suggests online presence associated with Aarav Nair (P00006).,2026-07-11T00:04:57,0.58,Disputed,C0414
OF01656,OS0805,O0233,organization,Social Identity,OSINT record references business listing possibly linked to Orbit Solutions Pvt Ltd (O0233).,2026-07-12T11:04:57,0.86,Verified,C0414
OF01657,OS0805,O0233,organization,Digital Footprint,OSINT record references business listing possibly linked to Orbit Solutions Pvt Ltd (O0233).,2026-07-10T17:04:57,0.81,Verified,C0414
OF01658,OS0806,P05833,person,Public Mention,OSINT record suggests online presence associated with Neha Kapoor (P05833).,2026-07-24T00:34:43,0.63,Verified,C0414
OF01659,OS0806,P05832,person,Social Identity,OSINT record suggests online presence associated with Varun Menon (P05832).,2026-07-23T02:34:43,0.87,Verified,C0414
OF01660,OS0807,O0233,organization,Social Identity,OSINT record references business listing possibly linked to Orbit Solutions Pvt Ltd (O0233).,2026-08-15T13:23:03,0.86,Disputed,C0414
OF01661,OS0807,P00023,person,Digital Footprint,OSINT record suggests online presence associated with Aditya Menon (P00023).,2026-08-16T01:23:03,0.59,Disputed,C0414
OF01662,OS0807,P03687,person,Public Mention,OSINT record suggests online presence associated with Akash Bhat (P03687).,2026-08-15T08:23:03,0.85,Review,C0414
OF01663,OS0808,P04199,person,Business Listing,OSINT record suggests online presence associated with Sameer Iyer (P04199).,2026-06-26T15:59:22,0.47,Review,C0415
OF01664,OS0808,P05836,person,Public Mention,OSINT record suggests online presence associated with Vivek Gupta (P05836).,2026-06-27T13:59:22,0.67,Disputed,C0415
OF01665,OS0808,P04587,person,Business Listing,OSINT record suggests online presence associated with Rahul Joshi (P04587).,2026-06-26T06:59:22,0.65,Verified,C0415
OF01666,OS0809,P05856,person,Public Mention,OSINT record suggests online presence associated with Aditya Kulkarni (P05856).,2026-08-06T20:25:03,0.82,Verified,C0416
OF01667,OS0810,P05863,person,Digital Footprint,OSINT record suggests online presence associated with Ritesh Kapoor (P05863).,2026-08-02T20:48:58,0.7,Disputed,C0417
OF01668,OS0810,P05880,person,Business Listing,OSINT record suggests online presence associated with Yash Verma (P05880).,2026-08-01T06:48:58,0.51,Review,C0417
OF01669,OS0811,P05873,person,Business Listing,OSINT record suggests online presence associated with Shreya Menon (P05873).,2026-08-19T08:20:50,0.45,Review,C0417
OF01670,OS0812,P05869,person,Digital Footprint,OSINT record suggests online presence associated with Tara Joshi (P05869).,2026-08-19T12:23:17,0.59,Verified,C0417
OF01671,OS0813,P05890,person,Business Listing,OSINT record suggests online presence associated with Shreya Shah (P05890).,2026-07-21T21:02:06,0.85,Disputed,C0418
OF01672,OS0813,P05888,person,Public Mention,OSINT record suggests online presence associated with Aarav Thakur (P05888).,2026-07-22T06:02:06,0.59,Review,C0418
OF01673,OS0814,P05889,person,Digital Footprint,OSINT record suggests online presence associated with Arjun Malhotra (P05889).,2026-05-11T22:43:02,0.66,Verified,C0418
OF01674,OS0814,P05896,person,Social Identity,OSINT record suggests online presence associated with Sana Desai (P05896).,2026-05-10T18:43:02,0.84,Disputed,C0418
OF01675,OS0815,P05895,person,Digital Footprint,OSINT record suggests online presence associated with Riya Ghosh (P05895).,2026-05-29T07:26:00,0.54,Verified,C0418
OF01676,OS0815,P05888,person,Public Mention,OSINT record suggests online presence associated with Aarav Thakur (P05888).,2026-05-28T05:26:00,0.9,Verified,C0418
OF01677,OS0815,P05895,person,Business Listing,OSINT record suggests online presence associated with Riya Ghosh (P05895).,2026-05-28T03:26:00,0.79,Review,C0418
OF01678,OS0816,P05891,person,Digital Footprint,OSINT record suggests online presence associated with Mahi Kapoor (P05891).,2026-07-22T17:15:08,0.55,Disputed,C0418
OF01679,OS0816,P05889,person,Social Identity,OSINT record suggests online presence associated with Arjun Malhotra (P05889).,2026-07-23T11:15:08,0.57,Verified,C0418
OF01680,OS0816,P05894,person,Public Mention,OSINT record suggests online presence associated with Trisha Gupta (P05894).,2026-07-23T21:15:08,0.51,Review,C0418
OF01681,OS0817,P05916,person,Digital Footprint,OSINT record suggests online presence associated with Ananya Sethi (P05916).,2026-06-12T21:12:09,0.53,Review,C0419
OF01682,OS0818,P05927,person,Business Listing,OSINT record suggests online presence associated with Diya Jadhav (P05927).,2026-07-27T18:58:35,0.57,Review,C0420
OF01683,OS0819,P00169,person,Social Identity,OSINT record suggests online presence associated with Kiara Malhotra (P00169).,2026-06-04T12:36:58,0.54,Review,C0421
OF01684,OS0819,P05930,person,Digital Footprint,OSINT record suggests online presence associated with Anushka Menon (P05930).,2026-06-05T00:36:58,0.83,Verified,C0421
OF01685,OS0819,P05931,person,Social Identity,OSINT record suggests online presence associated with Vanya Chavan (P05931).,2026-06-04T06:36:58,0.86,Disputed,C0421
OF01686,OS0820,P05946,person,Public Mention,OSINT record suggests online presence associated with Naina Mehta (P05946).,2026-08-15T05:29:01,0.56,Review,C0422
OF01687,OS0821,P05947,person,Business Listing,OSINT record suggests online presence associated with Akash Das (P05947).,2026-07-16T12:20:06,0.66,Disputed,C0422
OF01688,OS0822,P05961,person,Business Listing,OSINT record suggests online presence associated with Kabir Shah (P05961).,2026-07-03T04:26:48,0.5,Review,C0423
OF01689,OS0823,P05910,person,Public Mention,OSINT record suggests online presence associated with Anushka Singh (P05910).,2026-10-02T11:27:54,0.81,Review,C0423
OF01690,OS0823,O0237,organization,Social Identity,OSINT record references business listing possibly linked to Blue Horizon Distribution Services (O0237).,2026-10-01T19:27:54,0.69,Review,C0423
OF01691,OS0824,P05954,person,Social Identity,OSINT record suggests online presence associated with Naina Verma (P05954).,2026-11-26T15:23:44,0.61,Disputed,C0423
OF01692,OS0824,P05969,person,Social Identity,OSINT record suggests online presence associated with Dev Jadhav (P05969).,2026-11-27T17:23:44,0.85,Review,C0423
OF01693,OS0825,P05977,person,Digital Footprint,OSINT record suggests online presence associated with Manav Mehta (P05977).,2026-08-23T20:48:21,0.81,Review,C0424
OF01694,OS0825,P05983,person,Business Listing,OSINT record suggests online presence associated with Pranav Thakur (P05983).,2026-08-22T07:48:21,0.84,Verified,C0424
OF01695,OS0826,P06015,person,Public Mention,OSINT record suggests online presence associated with Aditya Mehta (P06015).,2026-08-27T12:51:01,0.68,Review,C0424
OF01696,OS0826,P05979,person,Digital Footprint,OSINT record suggests online presence associated with Kavya Khan (P05979).,2026-08-29T01:51:01,0.82,Disputed,C0424
OF01697,OS0827,P05980,person,Social Identity,OSINT record suggests online presence associated with Riya Jadhav (P05980).,2026-08-23T08:55:24,0.67,Verified,C0424
OF01698,OS0827,P06006,person,Public Mention,OSINT record suggests online presence associated with Vivek Shetty (P06006).,2026-08-23T08:55:24,0.78,Disputed,C0424
OF01699,OS0828,P06020,person,Social Identity,OSINT record suggests online presence associated with Sameer Bhat (P06020).,2026-03-03T01:40:41,0.75,Disputed,C0425
OF01700,OS0829,P06021,person,Digital Footprint,OSINT record suggests online presence associated with Naina Bhat (P06021).,2026-09-24T22:05:08,0.55,Verified,C0425
OF01701,OS0830,O0238,organization,Social Identity,OSINT record references business listing possibly linked to Malabar Logistics Pvt Ltd (O0238).,2026-08-10T15:42:16,0.58,Review,C0426
OF01702,OS0830,P05398,person,Public Mention,OSINT record suggests online presence associated with Aman Patil (P05398).,2026-08-11T13:42:16,0.66,Verified,C0426
OF01703,OS0830,P06039,person,Social Identity,OSINT record suggests online presence associated with Mohit Gupta (P06039).,2026-08-11T02:42:16,0.64,Disputed,C0426
OF01704,OS0831,P06039,person,Social Identity,OSINT record suggests online presence associated with Mohit Gupta (P06039).,2026-03-18T17:25:54,0.87,Disputed,C0426
OF01705,OS0831,P06042,person,Business Listing,OSINT record suggests online presence associated with Pranav Chavan (P06042).,2026-03-18T10:25:54,0.65,Disputed,C0426
OF01706,OS0831,P00308,person,Public Mention,OSINT record suggests online presence associated with Riya Nair (P00308).,2026-03-18T03:25:54,0.58,Review,C0426
OF01707,OS0832,O0238,organization,Public Mention,OSINT record references business listing possibly linked to Malabar Logistics Pvt Ltd (O0238).,2026-05-18T21:57:31,0.6,Review,C0426
OF01708,OS0832,P06039,person,Social Identity,OSINT record suggests online presence associated with Mohit Gupta (P06039).,2026-05-18T19:57:31,0.57,Review,C0426
OF01709,OS0833,O0239,organization,Business Listing,OSINT record references business listing possibly linked to Regal Manufacturing Co (O0239).,2026-03-28T16:07:53,0.55,Disputed,C0427
OF01710,OS0834,O0239,organization,Public Mention,OSINT record references business listing possibly linked to Regal Manufacturing Co (O0239).,2026-06-20T09:06:22,0.8,Verified,C0427
OF01711,OS0834,P06052,person,Digital Footprint,OSINT record suggests online presence associated with Isha Shah (P06052).,2026-06-21T17:06:22,0.82,Verified,C0427
OF01712,OS0835,O0239,organization,Digital Footprint,OSINT record references business listing possibly linked to Regal Manufacturing Co (O0239).,2026-06-24T01:32:29,0.7,Disputed,C0427
OF01713,OS0836,P06047,person,Business Listing,OSINT record suggests online presence associated with Tara Sethi (P06047).,2026-06-24T21:50:00,0.59,Disputed,C0427
OF01714,OS0836,P06052,person,Business Listing,OSINT record suggests online presence associated with Isha Shah (P06052).,2026-06-24T18:50:00,0.67,Review,C0427
OF01715,OS0836,O0239,organization,Business Listing,OSINT record references business listing possibly linked to Regal Manufacturing Co (O0239).,2026-06-24T10:50:00,0.8,Disputed,C0427
OF01716,OS0837,P06065,person,Business Listing,OSINT record suggests online presence associated with Rahul Naik (P06065).,2026-08-24T23:05:21,0.83,Disputed,C0428
OF01717,OS0837,P06066,person,Social Identity,OSINT record suggests online presence associated with Sameer Singh (P06066).,2026-08-23T06:05:21,0.47,Verified,C0428
OF01718,OS0837,P06060,person,Public Mention,OSINT record suggests online presence associated with Aditi Chavan (P06060).,2026-08-24T15:05:21,0.57,Verified,C0428
OF01719,OS0838,P06061,person,Public Mention,OSINT record suggests online presence associated with Naveen Verma (P06061).,2026-08-16T14:57:25,0.55,Disputed,C0428
OF01720,OS0838,P06057,person,Social Identity,OSINT record suggests online presence associated with Aanya Bansal (P06057).,2026-08-16T22:57:25,0.78,Disputed,C0428
OF01721,OS0839,P06065,person,Digital Footprint,OSINT record suggests online presence associated with Rahul Naik (P06065).,2026-07-07T09:48:31,0.88,Review,C0428
OF01722,OS0840,P06074,person,Digital Footprint,OSINT record suggests online presence associated with Ishaan Iyer (P06074).,2026-05-29T10:02:09,0.83,Review,C0429
OF01723,OS0840,P06073,person,Social Identity,OSINT record suggests online presence associated with Kunal Bhat (P06073).,2026-05-31T05:02:09,0.5,Disputed,C0429
OF01724,OS0841,P06069,person,Business Listing,OSINT record suggests online presence associated with Harsh Das (P06069).,2026-08-21T23:43:26,0.84,Review,C0429
OF01725,OS0841,P06068,person,Digital Footprint,OSINT record suggests online presence associated with Kiara Mishra (P06068).,2026-08-23T07:43:26,0.51,Verified,C0429
OF01726,OS0841,P06070,person,Business Listing,OSINT record suggests online presence associated with Sana Menon (P06070).,2026-08-23T03:43:26,0.9,Review,C0429
OF01727,OS0842,P06070,person,Social Identity,OSINT record suggests online presence associated with Sana Menon (P06070).,2026-01-13T15:57:11,0.52,Review,C0429
OF01728,OS0842,P06073,person,Business Listing,OSINT record suggests online presence associated with Kunal Bhat (P06073).,2026-01-13T08:57:11,0.82,Review,C0429
OF01729,OS0843,P06077,person,Public Mention,OSINT record suggests online presence associated with Diya Jadhav (P06077).,2026-08-24T20:11:28,0.84,Disputed,C0430
OF01730,OS0843,P06081,person,Digital Footprint,OSINT record suggests online presence associated with Tanvi Mishra (P06081).,2026-08-24T01:11:28,0.54,Disputed,C0430
OF01731,OS0844,P06080,person,Business Listing,OSINT record suggests online presence associated with Shreya Chavan (P06080).,2026-11-13T02:18:22,0.81,Review,C0430
OF01732,OS0844,P06080,person,Digital Footprint,OSINT record suggests online presence associated with Shreya Chavan (P06080).,2026-11-12T21:18:22,0.71,Verified,C0430
OF01733,OS0844,P06079,person,Business Listing,OSINT record suggests online presence associated with Aanya Saxena (P06079).,2026-11-12T16:18:22,0.69,Disputed,C0430
OF01734,OS0845,P06076,person,Social Identity,OSINT record suggests online presence associated with Arnav Bhat (P06076).,2026-05-03T08:49:26,0.81,Disputed,C0430
OF01735,OS0845,P06078,person,Public Mention,OSINT record suggests online presence associated with Vikram Singh (P06078).,2026-05-02T03:49:26,0.91,Review,C0430
OF01736,OS0846,P06091,person,Social Identity,OSINT record suggests online presence associated with Karan Desai (P06091).,2026-03-19T21:43:28,0.59,Verified,C0431
OF01737,OS0846,P06091,person,Digital Footprint,OSINT record suggests online presence associated with Karan Desai (P06091).,2026-03-19T06:43:28,0.51,Verified,C0431
OF01738,OS0846,P06090,person,Business Listing,OSINT record suggests online presence associated with Kunal Naik (P06090).,2026-03-19T07:43:28,0.75,Disputed,C0431
OF01739,OS0847,P06093,person,Digital Footprint,OSINT record suggests online presence associated with Nikhil Nair (P06093).,2026-04-17T16:58:54,0.9,Review,C0432
OF01740,OS0847,O0240,organization,Public Mention,OSINT record references business listing possibly linked to Apex Realty Pvt Ltd (O0240).,2026-04-18T03:58:54,0.86,Disputed,C0432
OF01741,OS0847,O0240,organization,Social Identity,OSINT record references business listing possibly linked to Apex Realty Pvt Ltd (O0240).,2026-04-17T12:58:54,0.59,Disputed,C0432
OF01742,OS0848,P06094,person,Business Listing,OSINT record suggests online presence associated with Naina Gupta (P06094).,2026-03-04T11:13:35,0.67,Disputed,C0432
OF01743,OS0849,P06098,person,Business Listing,OSINT record suggests online presence associated with Avni Gupta (P06098).,2026-02-24T04:54:21,0.86,Verified,C0432
OF01744,OS0849,O0240,organization,Business Listing,OSINT record references business listing possibly linked to Apex Realty Pvt Ltd (O0240).,2026-02-23T21:54:21,0.71,Review,C0432
OF01745,OS0850,P06116,person,Digital Footprint,OSINT record suggests online presence associated with Shreya Bansal (P06116).,2026-03-27T17:33:24,0.58,Verified,C0433
OF01746,OS0850,P06109,person,Digital Footprint,OSINT record suggests online presence associated with Ishaan Jadhav (P06109).,2026-03-27T05:33:24,0.81,Review,C0433
OF01747,OS0851,P06119,person,Digital Footprint,OSINT record suggests online presence associated with Isha Verma (P06119).,2026-06-28T02:30:12,0.55,Review,C0434
OF01748,OS0851,P06121,person,Social Identity,OSINT record suggests online presence associated with Tanvi Patil (P06121).,2026-06-26T23:30:12,0.72,Review,C0434
OF01749,OS0852,P01254,person,Digital Footprint,OSINT record suggests online presence associated with Siddharth Rao (P01254).,2026-08-04T00:41:53,0.76,Verified,C0435
OF01750,OS0852,P06122,person,Business Listing,OSINT record suggests online presence associated with Pooja Patil (P06122).,2026-08-04T03:41:53,0.76,Disputed,C0435
OF01751,OS0852,P06123,person,Social Identity,OSINT record suggests online presence associated with Shreya Mishra (P06123).,2026-08-05T04:41:53,0.54,Disputed,C0435
OF01752,OS0853,P06128,person,Public Mention,OSINT record suggests online presence associated with Kabir Khan (P06128).,2026-07-28T22:37:10,0.57,Verified,C0436
OF01753,OS0853,O0241,organization,Social Identity,OSINT record references business listing possibly linked to Central Trade Consultants (O0241).,2026-07-28T06:37:10,0.65,Disputed,C0436
OF01754,OS0854,P06153,person,Social Identity,OSINT record suggests online presence associated with Arjun Pillai (P06153).,2026-06-11T13:34:27,0.6,Disputed,C0437
OF01755,OS0854,P06136,person,Public Mention,OSINT record suggests online presence associated with Pranav Mehta (P06136).,2026-06-11T17:34:27,0.84,Disputed,C0437
OF01756,OS0854,P06161,person,Business Listing,OSINT record suggests online presence associated with Siddharth Singh (P06161).,2026-06-11T15:34:27,0.54,Disputed,C0437
OF01757,OS0855,O0242,organization,Digital Footprint,OSINT record references business listing possibly linked to Orbit Import Export House (O0242).,2026-03-29T10:19:51,0.82,Review,C0437
OF01758,OS0856,P06152,person,Business Listing,OSINT record suggests online presence associated with Vanya Khan (P06152).,2026-03-01T23:06:38,0.5,Review,C0437
OF01759,OS0856,P06135,person,Social Identity,OSINT record suggests online presence associated with Neha Kulkarni (P06135).,2026-03-01T20:06:38,0.67,Disputed,C0437
OF01760,OS0856,P06149,person,Business Listing,OSINT record suggests online presence associated with Zoya Iyer (P06149).,2026-02-28T21:06:38,0.56,Review,C0437
OF01761,OS0857,O0243,organization,Social Identity,OSINT record references business listing possibly linked to Zenith Enterprises (O0243).,2026-03-18T20:32:10,0.77,Review,C0438
OF01762,OS0858,P06176,person,Digital Footprint,OSINT record suggests online presence associated with Sana Nair (P06176).,2026-06-23T04:07:09,0.7,Disputed,C0439
OF01763,OS0858,O0244,organization,Business Listing,OSINT record references business listing possibly linked to Central Distribution Services (O0244).,2026-06-24T13:07:09,0.74,Disputed,C0439
OF01764,OS0858,P06168,person,Digital Footprint,OSINT record suggests online presence associated with Kunal Joshi (P06168).,2026-06-24T18:07:09,0.83,Review,C0439
OF01765,OS0859,P06184,person,Social Identity,OSINT record suggests online presence associated with Aditi Sethi (P06184).,2026-05-09T12:01:25,0.65,Verified,C0439
OF01766,OS0859,P06172,person,Business Listing,OSINT record suggests online presence associated with Vivek Naik (P06172).,2026-05-09T06:01:25,0.5,Verified,C0439
OF01767,OS0860,P06170,person,Public Mention,OSINT record suggests online presence associated with Tanvi Malhotra (P06170).,2026-12-29T00:29:24,0.74,Disputed,C0439
OF01768,OS0861,P06187,person,Digital Footprint,OSINT record suggests online presence associated with Pallavi Rao (P06187).,2026-04-27T01:50:17,0.81,Disputed,C0440
OF01769,OS0862,P05758,person,Social Identity,OSINT record suggests online presence associated with Aanya Reddy (P05758).,2026-01-14T18:09:00,0.63,Review,C0441
OF01770,OS0862,P06191,person,Digital Footprint,OSINT record suggests online presence associated with Sameer Naik (P06191).,2026-01-14T19:09:00,0.76,Review,C0441
OF01771,OS0863,P06192,person,Social Identity,OSINT record suggests online presence associated with Vivek Ghosh (P06192).,2026-06-22T11:04:14,0.86,Review,C0442
OF01772,OS0864,P06196,person,Public Mention,OSINT record suggests online presence associated with Sameer Pillai (P06196).,2026-04-08T21:37:07,0.79,Verified,C0443
OF01773,OS0865,O0247,organization,Public Mention,OSINT record references business listing possibly linked to Horizon Enterprises (O0247).,2026-07-05T02:27:40,0.7,Disputed,C0444
OF01774,OS0865,O0247,organization,Digital Footprint,OSINT record references business listing possibly linked to Horizon Enterprises (O0247).,2026-07-03T20:27:40,0.57,Review,C0444
OF01775,OS0865,P06197,person,Digital Footprint,OSINT record suggests online presence associated with Avni Malhotra (P06197).,2026-07-04T02:27:40,0.73,Review,C0444
OF01776,OS0866,O0247,organization,Social Identity,OSINT record references business listing possibly linked to Horizon Enterprises (O0247).,2026-06-10T13:10:59,0.53,Review,C0444
OF01777,OS0866,P06201,person,Digital Footprint,OSINT record suggests online presence associated with Aditya Joshi (P06201).,2026-06-11T06:10:59,0.62,Disputed,C0444
OF01778,OS0866,P06198,person,Digital Footprint,OSINT record suggests online presence associated with Ishita Malhotra (P06198).,2026-06-10T19:10:59,0.46,Verified,C0444
OF01779,OS0867,P06206,person,Digital Footprint,OSINT record suggests online presence associated with Arjun Das (P06206).,2026-12-13T05:56:12,0.56,Review,C0445
OF01780,OS0868,O0248,organization,Business Listing,OSINT record references business listing possibly linked to Pioneer Manufacturing Co (O0248).,2026-08-11T17:40:09,0.72,Disputed,C0445
OF01781,OS0868,P02249,person,Digital Footprint,OSINT record suggests online presence associated with Trisha Mishra (P02249).,2026-08-11T07:40:09,0.58,Verified,C0445
OF01782,OS0868,P06206,person,Digital Footprint,OSINT record suggests online presence associated with Arjun Das (P06206).,2026-08-11T07:40:09,0.48,Verified,C0445
OF01783,OS0869,P06208,person,Social Identity,OSINT record suggests online presence associated with Aniket Iyer (P06208).,2026-06-08T17:01:57,0.63,Verified,C0445
OF01784,OS0869,O0248,organization,Social Identity,OSINT record references business listing possibly linked to Pioneer Manufacturing Co (O0248).,2026-06-10T03:01:57,0.77,Verified,C0445
OF01785,OS0869,P06204,person,Business Listing,OSINT record suggests online presence associated with Yash Singh (P06204).,2026-06-10T03:01:57,0.56,Disputed,C0445
OF01786,OS0870,O0249,organization,Business Listing,OSINT record references business listing possibly linked to Malabar Trade Consultants (O0249).,2026-01-01T02:33:43,0.57,Verified,C0446
OF01787,OS0870,P06212,person,Digital Footprint,OSINT record suggests online presence associated with Tanvi Bansal (P06212).,2026-01-01T07:33:43,0.85,Review,C0446
OF01788,OS0871,P06222,person,Social Identity,OSINT record suggests online presence associated with Isha Iyer (P06222).,2026-08-22T07:05:27,0.85,Review,C0447
OF01789,OS0871,P06215,person,Business Listing,OSINT record suggests online presence associated with Riya Iyer (P06215).,2026-08-23T05:05:27,0.63,Review,C0447
OF01790,OS0872,P06214,person,Public Mention,OSINT record suggests online presence associated with Aanya Jadhav (P06214).,2026-06-27T09:26:56,0.72,Review,C0447
OF01791,OS0872,P06217,person,Social Identity,OSINT record suggests online presence associated with Karan Mishra (P06217).,2026-06-26T08:26:56,0.49,Disputed,C0447
OF01792,OS0872,P06219,person,Business Listing,OSINT record suggests online presence associated with Yash Singh (P06219).,2026-06-26T08:26:56,0.7,Verified,C0447
OF01793,OS0873,P06238,person,Public Mention,OSINT record suggests online presence associated with Akash Ghosh (P06238).,2026-05-20T09:49:02,0.67,Review,C0448
OF01794,OS0874,P06239,person,Social Identity,OSINT record suggests online presence associated with Aditya Rao (P06239).,2026-08-08T16:43:11,0.82,Disputed,C0448
OF01795,OS0874,P06238,person,Digital Footprint,OSINT record suggests online presence associated with Akash Ghosh (P06238).,2026-08-07T19:43:11,0.77,Disputed,C0448
OF01796,OS0875,P06234,person,Public Mention,OSINT record suggests online presence associated with Harsh Chavan (P06234).,2026-08-08T05:48:37,0.85,Disputed,C0448
OF01797,OS0875,P06237,person,Public Mention,OSINT record suggests online presence associated with Pranav Verma (P06237).,2026-08-08T10:48:37,0.72,Disputed,C0448
OF01798,OS0876,P06238,person,Digital Footprint,OSINT record suggests online presence associated with Akash Ghosh (P06238).,2026-08-13T20:39:01,0.65,Review,C0448
OF01799,OS0876,P06243,person,Digital Footprint,OSINT record suggests online presence associated with Aditi Sethi (P06243).,2026-08-14T09:39:01,0.58,Verified,C0448
OF01800,OS0876,P06244,person,Business Listing,OSINT record suggests online presence associated with Aditi Nair (P06244).,2026-08-14T17:39:01,0.78,Review,C0448
OF01801,OS0877,P06248,person,Business Listing,OSINT record suggests online presence associated with Naina Sethi (P06248).,2026-11-11T09:52:30,0.49,Disputed,C0449
OF01802,OS0877,P06192,person,Business Listing,OSINT record suggests online presence associated with Vivek Ghosh (P06192).,2026-11-10T21:52:30,0.77,Verified,C0449
OF01803,OS0878,P04186,person,Digital Footprint,OSINT record suggests online presence associated with Arnav Chavan (P04186).,2026-06-04T23:18:59,0.62,Review,C0449
OF01804,OS0878,P06247,person,Digital Footprint,OSINT record suggests online presence associated with Pooja Khan (P06247).,2026-06-05T22:18:59,0.48,Review,C0449
OF01805,OS0878,P06250,person,Business Listing,OSINT record suggests online presence associated with Kabir Nair (P06250).,2026-06-05T17:18:59,0.8,Disputed,C0449
OF01806,OS0879,P06253,person,Business Listing,OSINT record suggests online presence associated with Neha Chavan (P06253).,2026-07-26T08:43:16,0.72,Disputed,C0450
OF01807,OS0879,O0250,organization,Business Listing,OSINT record references business listing possibly linked to Prime Technologies Pvt Ltd (O0250).,2026-07-25T03:43:16,0.53,Disputed,C0450
OF01808,OS0879,P06255,person,Digital Footprint,OSINT record suggests online presence associated with Anushka Kapoor (P06255).,2026-07-26T15:43:16,0.9,Verified,C0450
OF01809,OS0880,O0250,organization,Public Mention,OSINT record references business listing possibly linked to Prime Technologies Pvt Ltd (O0250).,2026-08-24T17:54:55,0.63,Disputed,C0450
OF01810,OS0880,O0250,organization,Social Identity,OSINT record references business listing possibly linked to Prime Technologies Pvt Ltd (O0250).,2026-08-23T11:54:55,0.68,Verified,C0450
OF01811,OS0881,P06257,person,Business Listing,OSINT record suggests online presence associated with Aniket Das (P06257).,2026-08-18T16:53:49,0.57,Disputed,C0450
OF01812,OS0881,P06251,person,Business Listing,OSINT record suggests online presence associated with Zoya Naik (P06251).,2026-08-19T03:53:49,0.48,Verified,C0450
OF01813,OS0882,P06283,person,Social Identity,OSINT record suggests online presence associated with Rahul Menon (P06283).,2026-05-14T19:36:55,0.64,Disputed,C0451
OF01814,OS0882,P06290,person,Business Listing,OSINT record suggests online presence associated with Pranav Khan (P06290).,2026-05-14T20:36:55,0.54,Disputed,C0451
OF01815,OS0882,P06303,person,Business Listing,OSINT record suggests online presence associated with Nikhil Jadhav (P06303).,2026-05-14T22:36:55,0.6,Review,C0451
OF01816,OS0883,P06320,person,Digital Footprint,OSINT record suggests online presence associated with Riya Rao (P06320).,2026-07-30T22:05:48,0.5,Disputed,C0452
OF01817,OS0883,O0251,organization,Social Identity,OSINT record references business listing possibly linked to Silverline Enterprises (O0251).,2026-07-31T06:05:48,0.8,Review,C0452
OF01818,OS0883,P06324,person,Business Listing,OSINT record suggests online presence associated with Naveen Verma (P06324).,2026-07-30T03:05:48,0.58,Disputed,C0452
OF01819,OS0884,P06310,person,Business Listing,OSINT record suggests online presence associated with Aanya Nair (P06310).,2026-07-20T12:23:40,0.83,Verified,C0452
OF01820,OS0884,P06309,person,Business Listing,OSINT record suggests online presence associated with Pallavi Kapoor (P06309).,2026-07-20T15:23:40,0.6,Verified,C0452
OF01821,OS0885,O0251,organization,Public Mention,OSINT record references business listing possibly linked to Silverline Enterprises (O0251).,2026-07-23T23:43:23,0.48,Disputed,C0452
OF01822,OS0886,P06334,person,Digital Footprint,OSINT record suggests online presence associated with Meera Rao (P06334).,2026-03-27T02:34:55,0.71,Review,C0453
OF01823,OS0886,P06334,person,Social Identity,OSINT record suggests online presence associated with Meera Rao (P06334).,2026-03-26T15:34:55,0.83,Verified,C0453
OF01824,OS0886,O0252,organization,Public Mention,OSINT record references business listing possibly linked to Ganga Manufacturing Co (O0252).,2026-03-25T23:34:55,0.46,Disputed,C0453
OF01825,OS0887,O0253,organization,Digital Footprint,OSINT record references business listing possibly linked to Crescent Solutions Pvt Ltd (O0253).,2026-05-19T17:16:10,0.67,Review,C0454
OF01826,OS0888,O0253,organization,Social Identity,OSINT record references business listing possibly linked to Crescent Solutions Pvt Ltd (O0253).,2026-05-14T13:42:51,0.84,Review,C0454
OF01827,OS0888,O0253,organization,Social Identity,OSINT record references business listing possibly linked to Crescent Solutions Pvt Ltd (O0253).,2026-05-13T12:42:51,0.58,Review,C0454
OF01828,OS0888,P06346,person,Public Mention,OSINT record suggests online presence associated with Yash Singh (P06346).,2026-05-14T17:42:51,0.81,Verified,C0454
OF01829,OS0889,P06351,person,Public Mention,OSINT record suggests online presence associated with Saurabh Gupta (P06351).,2026-08-02T03:24:36,0.77,Disputed,C0454
OF01830,OS0889,P06344,person,Digital Footprint,OSINT record suggests online presence associated with Mahi Pillai (P06344).,2026-08-01T20:24:36,0.53,Review,C0454
OF01831,OS0890,O0253,organization,Social Identity,OSINT record references business listing possibly linked to Crescent Solutions Pvt Ltd (O0253).,2026-08-17T10:43:43,0.47,Verified,C0454
OF01832,OS0890,P06346,person,Business Listing,OSINT record suggests online presence associated with Yash Singh (P06346).,2026-08-18T10:43:43,0.88,Verified,C0454
OF01833,OS0891,P06355,person,Business Listing,OSINT record suggests online presence associated with Yamini Rao (P06355).,2026-06-01T09:01:10,0.62,Disputed,C0455
OF01834,OS0892,P06358,person,Business Listing,OSINT record suggests online presence associated with Kabir Khan (P06358).,2026-08-14T09:06:18,0.67,Disputed,C0456
OF01835,OS0892,P02995,person,Public Mention,OSINT record suggests online presence associated with Aniket Pillai (P02995).,2026-08-14T04:06:18,0.72,Verified,C0456
OF01836,OS0892,P06358,person,Social Identity,OSINT record suggests online presence associated with Kabir Khan (P06358).,2026-08-14T09:06:18,0.46,Disputed,C0456
OF01837,OS0893,P06365,person,Business Listing,OSINT record suggests online presence associated with Arnav Chavan (P06365).,2026-02-11T15:51:58,0.48,Disputed,C0457
OF01838,OS0893,P06360,person,Business Listing,OSINT record suggests online presence associated with Kiara Mishra (P06360).,2026-02-11T04:51:58,0.71,Review,C0457
OF01839,OS0893,P06369,person,Digital Footprint,OSINT record suggests online presence associated with Akash Nair (P06369).,2026-02-11T08:51:58,0.69,Review,C0457
OF01840,OS0894,P06368,person,Digital Footprint,OSINT record suggests online presence associated with Vikram Gupta (P06368).,2026-07-14T23:30:36,0.54,Review,C0457
OF01841,OS0894,P06368,person,Business Listing,OSINT record suggests online presence associated with Vikram Gupta (P06368).,2026-07-15T12:30:36,0.82,Verified,C0457
OF01842,OS0895,P06359,person,Social Identity,OSINT record suggests online presence associated with Manav Naik (P06359).,2026-05-13T02:01:28,0.64,Verified,C0457
OF01843,OS0896,O0254,organization,Public Mention,OSINT record references business listing possibly linked to Blue Horizon Realty Pvt Ltd (O0254).,2026-06-01T04:44:19,0.89,Verified,C0457
OF01844,OS0896,O0254,organization,Digital Footprint,OSINT record references business listing possibly linked to Blue Horizon Realty Pvt Ltd (O0254).,2026-05-31T23:44:19,0.55,Review,C0457
OF01845,OS0896,P06363,person,Social Identity,OSINT record suggests online presence associated with Saurabh Desai (P06363).,2026-05-31T18:44:19,0.67,Disputed,C0457
OF01846,OS0897,P06371,person,Social Identity,OSINT record suggests online presence associated with Raj Bhat (P06371).,2026-04-11T11:20:27,0.85,Disputed,C0458
OF01847,OS0897,P06372,person,Business Listing,OSINT record suggests online presence associated with Nisha Jadhav (P06372).,2026-04-11T21:20:27,0.82,Disputed,C0458
OF01848,OS0897,P06371,person,Social Identity,OSINT record suggests online presence associated with Raj Bhat (P06371).,2026-04-12T00:20:27,0.57,Verified,C0458
OF01849,OS0898,P06376,person,Digital Footprint,OSINT record suggests online presence associated with Aditya Thakur (P06376).,2026-06-05T00:17:56,0.54,Verified,C0459
OF01850,OS0898,P06376,person,Social Identity,OSINT record suggests online presence associated with Aditya Thakur (P06376).,2026-06-05T06:17:56,0.86,Disputed,C0459
OF01851,OS0898,P06374,person,Business Listing,OSINT record suggests online presence associated with Arjun Verma (P06374).,2026-06-05T11:17:56,0.56,Review,C0459
OF01852,OS0899,P06389,person,Public Mention,OSINT record suggests online presence associated with Nikhil Mehta (P06389).,2026-07-20T19:51:57,0.47,Disputed,C0460
OF01853,OS0899,P06383,person,Business Listing,OSINT record suggests online presence associated with Neha Thakur (P06383).,2026-07-20T10:51:57,0.56,Disputed,C0460
OF01854,OS0899,P06389,person,Business Listing,OSINT record suggests online presence associated with Nikhil Mehta (P06389).,2026-07-20T00:51:57,0.65,Review,C0460
OF01855,OS0900,P06397,person,Business Listing,OSINT record suggests online presence associated with Shreya Patil (P06397).,2026-04-25T14:27:50,0.84,Disputed,C0461
OF01856,OS0901,P06399,person,Business Listing,OSINT record suggests online presence associated with Kiara Nair (P06399).,2026-08-31T01:50:36,0.63,Review,C0461
OF01857,OS0901,O0257,organization,Digital Footprint,OSINT record references business listing possibly linked to Central Enterprises (O0257).,2026-08-29T06:50:36,0.76,Review,C0461
OF01858,OS0901,O0257,organization,Social Identity,OSINT record references business listing possibly linked to Central Enterprises (O0257).,2026-08-29T22:50:36,0.55,Review,C0461
OF01859,OS0902,P06403,person,Public Mention,OSINT record suggests online presence associated with Aniket Khan (P06403).,2026-04-17T20:46:05,0.77,Disputed,C0462
OF01860,OS0902,P00308,person,Business Listing,OSINT record suggests online presence associated with Riya Nair (P00308).,2026-04-16T06:46:05,0.89,Review,C0462
OF01861,OS0902,P06410,person,Digital Footprint,OSINT record suggests online presence associated with Ishita Mishra (P06410).,2026-04-16T20:46:05,0.62,Disputed,C0462
OF01862,OS0903,P00308,person,Public Mention,OSINT record suggests online presence associated with Riya Nair (P00308).,2026-07-23T17:00:42,0.84,Review,C0462
OF01863,OS0903,P06407,person,Digital Footprint,OSINT record suggests online presence associated with Varun Joshi (P06407).,2026-07-22T23:00:42,0.77,Verified,C0462
OF01864,OS0904,O0258,organization,Digital Footprint,OSINT record references business listing possibly linked to Konkan Import Export House (O0258).,2026-08-14T13:30:32,0.88,Review,C0463
OF01865,OS0904,P06415,person,Public Mention,OSINT record suggests online presence associated with Diya Menon (P06415).,2026-08-14T04:30:32,0.76,Verified,C0463
OF01866,OS0905,P06421,person,Public Mention,OSINT record suggests online presence associated with Kiara Mishra (P06421).,2026-01-06T19:19:33,0.82,Verified,C0464
OF01867,OS0905,P06418,person,Public Mention,OSINT record suggests online presence associated with Neha Menon (P06418).,2026-01-07T12:19:33,0.68,Disputed,C0464
OF01868,OS0905,P06422,person,Public Mention,OSINT record suggests online presence associated with Kavya Kapoor (P06422).,2026-01-08T03:19:33,0.67,Verified,C0464
OF01869,OS0906,P06422,person,Business Listing,OSINT record suggests online presence associated with Kavya Kapoor (P06422).,2026-04-15T20:40:29,0.77,Disputed,C0464
OF01870,OS0907,P06420,person,Public Mention,OSINT record suggests online presence associated with Vidhi Shetty (P06420).,2026-09-16T20:33:37,0.62,Disputed,C0464
OF01871,OS0907,O0259,organization,Business Listing,OSINT record references business listing possibly linked to Sunrise Manufacturing Co (O0259).,2026-09-15T12:33:37,0.67,Verified,C0464
OF01872,OS0908,P05599,person,Social Identity,OSINT record suggests online presence associated with Rahul Bhat (P05599).,2026-09-22T11:14:24,0.72,Review,C0465
OF01873,OS0908,P05599,person,Business Listing,OSINT record suggests online presence associated with Rahul Bhat (P05599).,2026-09-21T00:14:24,0.47,Review,C0465
OF01874,OS0909,P06434,person,Public Mention,OSINT record suggests online presence associated with Sameer Ghosh (P06434).,2026-08-23T06:03:06,0.73,Disputed,C0466
OF01875,OS0909,P06432,person,Social Identity,OSINT record suggests online presence associated with Aarav Sethi (P06432).,2026-08-24T00:03:06,0.51,Disputed,C0466
OF01876,OS0910,O0260,organization,Public Mention,OSINT record references business listing possibly linked to National Trade Consulting Services (O0260).,2026-02-10T12:30:28,0.71,Verified,C0467
OF01877,OS0910,O0260,organization,Public Mention,OSINT record references business listing possibly linked to National Trade Consulting Services (O0260).,2026-02-10T15:30:28,0.63,Verified,C0467
OF01878,OS0911,P06438,person,Digital Footprint,OSINT record suggests online presence associated with Aanya Chavan (P06438).,2026-08-06T08:15:08,0.69,Disputed,C0467
OF01879,OS0912,O0260,organization,Digital Footprint,OSINT record references business listing possibly linked to National Trade Consulting Services (O0260).,2026-02-09T23:40:22,0.9,Disputed,C0467
OF01880,OS0913,P06452,person,Social Identity,OSINT record suggests online presence associated with Pallavi Khan (P06452).,2026-05-04T12:37:24,0.53,Disputed,C0468
OF01881,OS0913,P06453,person,Business Listing,OSINT record suggests online presence associated with Rhea Joshi (P06453).,2026-05-05T09:37:24,0.84,Disputed,C0468
OF01882,OS0913,P06454,person,Business Listing,OSINT record suggests online presence associated with Arnav Mishra (P06454).,2026-05-04T16:37:24,0.55,Verified,C0468
OF01883,OS0914,P06460,person,Public Mention,OSINT record suggests online presence associated with Kabir Desai (P06460).,2026-06-12T21:37:43,0.89,Review,C0469
OF01884,OS0915,P06456,person,Digital Footprint,OSINT record suggests online presence associated with Pooja Thakur (P06456).,2026-12-13T00:14:25,0.52,Review,C0469
OF01885,OS0915,O0262,organization,Digital Footprint,OSINT record references business listing possibly linked to Everest Industrial Supplies (O0262).,2026-12-13T10:14:25,0.65,Review,C0469
OF01886,OS0915,O0262,organization,Business Listing,OSINT record references business listing possibly linked to Everest Industrial Supplies (O0262).,2026-12-13T10:14:25,0.45,Verified,C0469
OF01887,OS0916,P06456,person,Public Mention,OSINT record suggests online presence associated with Pooja Thakur (P06456).,2026-07-18T07:49:42,0.54,Verified,C0469
OF01888,OS0916,P06458,person,Digital Footprint,OSINT record suggests online presence associated with Vanya Bansal (P06458).,2026-07-17T18:49:42,0.6,Review,C0469
OF01889,OS0917,P06464,person,Social Identity,OSINT record suggests online presence associated with Ritesh Bansal (P06464).,2026-01-03T03:34:14,0.82,Disputed,C0469
OF01890,OS0918,P06466,person,Social Identity,OSINT record suggests online presence associated with Aditya Mehta (P06466).,2026-12-23T19:01:10,0.88,Verified,C0470
OF01891,OS0918,P06466,person,Digital Footprint,OSINT record suggests online presence associated with Aditya Mehta (P06466).,2026-12-24T01:01:10,0.62,Disputed,C0470
OF01892,OS0918,P06465,person,Public Mention,OSINT record suggests online presence associated with Mahi Menon (P06465).,2026-12-24T06:01:10,0.59,Disputed,C0470
OF01893,OS0919,P06469,person,Digital Footprint,OSINT record suggests online presence associated with Zoya Kulkarni (P06469).,2026-08-28T05:22:29,0.49,Review,C0471
OF01894,OS0920,P00687,person,Public Mention,OSINT record suggests online presence associated with Rohan Chavan (P00687).,2026-09-07T07:28:41,0.67,Verified,C0471
OF01895,OS0920,P03944,person,Social Identity,OSINT record suggests online presence associated with Ritesh Thakur (P03944).,2026-09-05T21:28:41,0.7,Verified,C0471
OF01896,OS0921,P06468,person,Business Listing,OSINT record suggests online presence associated with Siddharth Verma (P06468).,2026-07-08T19:39:10,0.86,Disputed,C0471
OF01897,OS0921,P06470,person,Business Listing,OSINT record suggests online presence associated with Aman Singh (P06470).,2026-07-08T15:39:10,0.56,Verified,C0471
OF01898,OS0921,P06472,person,Digital Footprint,OSINT record suggests online presence associated with Aanya Nair (P06472).,2026-07-09T00:39:10,0.58,Review,C0471
OF01899,OS0922,P00680,person,Social Identity,OSINT record suggests online presence associated with Pranav Singh (P00680).,2026-09-10T04:19:47,0.83,Disputed,C0471
OF01900,OS0922,P06471,person,Social Identity,OSINT record suggests online presence associated with Kiara Chavan (P06471).,2026-09-09T08:19:47,0.65,Review,C0471
OF01901,OS0923,P06492,person,Public Mention,OSINT record suggests online presence associated with Neha Singh (P06492).,2026-07-28T23:18:44,0.77,Verified,C0472
OF01902,OS0923,P06478,person,Digital Footprint,OSINT record suggests online presence associated with Aniket Mishra (P06478).,2026-07-29T06:18:44,0.84,Disputed,C0472
OF01903,OS0924,P06475,person,Social Identity,OSINT record suggests online presence associated with Simran Joshi (P06475).,2026-05-26T05:44:11,0.85,Review,C0472
OF01904,OS0924,P06477,person,Digital Footprint,OSINT record suggests online presence associated with Kunal Desai (P06477).,2026-05-27T01:44:11,0.89,Verified,C0472
OF01905,OS0925,O0264,organization,Public Mention,OSINT record references business listing possibly linked to Zenith Financial Solutions (O0264).,2026-05-07T17:05:16,0.55,Disputed,C0473
OF01906,OS0926,P06520,person,Public Mention,OSINT record suggests online presence associated with Shreya Malhotra (P06520).,2026-06-22T06:52:28,0.7,Disputed,C0474
OF01907,OS0926,P06524,person,Digital Footprint,OSINT record suggests online presence associated with Neha Nair (P06524).,2026-06-22T01:52:28,0.47,Verified,C0474
OF01908,OS0926,P06501,person,Business Listing,OSINT record suggests online presence associated with Kiara Bansal (P06501).,2026-06-22T01:52:28,0.46,Disputed,C0474
OF01909,OS0927,P06516,person,Social Identity,OSINT record suggests online presence associated with Aanya Das (P06516).,2026-08-06T13:35:51,0.6,Disputed,C0474
OF01910,OS0927,O0265,organization,Public Mention,OSINT record references business listing possibly linked to Unity Technologies Pvt Ltd (O0265).,2026-08-05T21:35:51,0.74,Verified,C0474
OF01911,OS0927,P06511,person,Digital Footprint,OSINT record suggests online presence associated with Harsh Kulkarni (P06511).,2026-08-05T14:35:51,0.53,Disputed,C0474
OF01912,OS0928,P06527,person,Social Identity,OSINT record suggests online presence associated with Aarav Shetty (P06527).,2026-06-10T10:09:35,0.83,Verified,C0475
OF01913,OS0929,P06545,person,Digital Footprint,OSINT record suggests online presence associated with Avni Reddy (P06545).,2026-07-17T10:44:42,0.53,Review,C0475
OF01914,OS0930,O0266,organization,Public Mention,OSINT record references business listing possibly linked to Silverline Transport (O0266).,2026-08-31T01:16:15,0.71,Disputed,C0476
OF01915,OS0930,P06559,person,Business Listing,OSINT record suggests online presence associated with Kabir Shetty (P06559).,2026-08-30T21:16:15,0.68,Review,C0476
OF01916,OS0931,P06554,person,Social Identity,OSINT record suggests online presence associated with Naveen Gupta (P06554).,2026-08-27T02:16:54,0.81,Disputed,C0476
OF01917,OS0931,P06560,person,Digital Footprint,OSINT record suggests online presence associated with Vanya Desai (P06560).,2026-08-28T01:16:54,0.63,Verified,C0476
OF01918,OS0932,O0266,organization,Digital Footprint,OSINT record references business listing possibly linked to Silverline Transport (O0266).,2026-08-29T16:16:08,0.87,Disputed,C0476
OF01919,OS0933,P06558,person,Business Listing,OSINT record suggests online presence associated with Kabir Joshi (P06558).,2026-09-01T14:12:22,0.77,Verified,C0476
OF01920,OS0934,P06569,person,Digital Footprint,OSINT record suggests online presence associated with Trisha Mishra (P06569).,2026-07-08T17:57:22,0.71,Disputed,C0477
OF01921,OS0934,P06567,person,Social Identity,OSINT record suggests online presence associated with Rahul Verma (P06567).,2026-07-08T10:57:22,0.91,Verified,C0477
OF01922,OS0934,P06565,person,Social Identity,OSINT record suggests online presence associated with Rohan Kapoor (P06565).,2026-07-08T07:57:22,0.56,Verified,C0477
OF01923,OS0935,P06564,person,Public Mention,OSINT record suggests online presence associated with Ritesh Jadhav (P06564).,2026-07-05T13:21:17,0.6,Review,C0477
OF01924,OS0936,P06571,person,Business Listing,OSINT record suggests online presence associated with Sana Khan (P06571).,2026-07-08T21:53:28,0.45,Verified,C0477
OF01925,OS0937,P06568,person,Business Listing,OSINT record suggests online presence associated with Naveen Kulkarni (P06568).,2026-08-17T10:22:31,0.46,Review,C0477
OF01926,OS0937,P06565,person,Social Identity,OSINT record suggests online presence associated with Rohan Kapoor (P06565).,2026-08-17T16:22:31,0.74,Verified,C0477
OF01927,OS0938,P06577,person,Digital Footprint,OSINT record suggests online presence associated with Ananya Patil (P06577).,2026-06-28T02:03:19,0.68,Verified,C0478
OF01928,OS0938,P06580,person,Business Listing,OSINT record suggests online presence associated with Kiara Pillai (P06580).,2026-06-27T23:03:19,0.83,Disputed,C0478
OF01929,OS0939,P06572,person,Public Mention,OSINT record suggests online presence associated with Isha Nair (P06572).,2026-01-26T02:22:25,0.82,Review,C0478
OF01930,OS0939,P06585,person,Digital Footprint,OSINT record suggests online presence associated with Mohit Saxena (P06585).,2026-01-25T05:22:25,0.75,Verified,C0478
OF01931,OS0940,P06574,person,Social Identity,OSINT record suggests online presence associated with Rhea Rao (P06574).,2026-12-21T14:36:29,0.82,Review,C0478
OF01932,OS0940,P06576,person,Public Mention,OSINT record suggests online presence associated with Arnav Chavan (P06576).,2026-12-21T12:36:29,0.56,Disputed,C0478
OF01933,OS0940,P06582,person,Business Listing,OSINT record suggests online presence associated with Trisha Malhotra (P06582).,2026-12-21T20:36:29,0.84,Disputed,C0478
OF01934,OS0941,P06591,person,Public Mention,OSINT record suggests online presence associated with Shreya Patil (P06591).,2026-08-30T15:11:59,0.75,Review,C0479
OF01935,OS0941,P06587,person,Business Listing,OSINT record suggests online presence associated with Raj Jadhav (P06587).,2026-08-31T04:11:59,0.75,Review,C0479
OF01936,OS0942,P06592,person,Business Listing,OSINT record suggests online presence associated with Neha Chavan (P06592).,2026-08-30T15:55:25,0.8,Review,C0479
OF01937,OS0942,P06602,person,Social Identity,OSINT record suggests online presence associated with Sana Das (P06602).,2026-08-30T18:55:25,0.73,Verified,C0479
OF01938,OS0942,P06587,person,Public Mention,OSINT record suggests online presence associated with Raj Jadhav (P06587).,2026-08-31T04:55:25,0.47,Verified,C0479
OF01939,OS0943,P06593,person,Public Mention,OSINT record suggests online presence associated with Pranav Thakur (P06593).,2026-08-25T19:04:45,0.66,Review,C0479
OF01940,OS0943,P06592,person,Business Listing,OSINT record suggests online presence associated with Neha Chavan (P06592).,2026-08-26T14:04:45,0.75,Review,C0479
OF01941,OS0944,P06607,person,Digital Footprint,OSINT record suggests online presence associated with Anushka Naik (P06607).,2026-08-04T15:36:05,0.49,Review,C0480
OF01942,OS0944,P06621,person,Social Identity,OSINT record suggests online presence associated with Rhea Mishra (P06621).,2026-08-05T01:36:05,0.89,Disputed,C0480
OF01943,OS0944,O0267,organization,Digital Footprint,OSINT record references business listing possibly linked to Central Retailers Pvt Ltd (O0267).,2026-08-04T22:36:05,0.63,Verified,C0480
OF01944,OS0945,P06623,person,Social Identity,OSINT record suggests online presence associated with Naveen Verma (P06623).,2026-03-15T03:03:19,0.64,Review,C0480
OF01945,OS0945,P06617,person,Digital Footprint,OSINT record suggests online presence associated with Avni Desai (P06617).,2026-03-14T12:03:19,0.71,Verified,C0480
OF01946,OS0946,P06629,person,Public Mention,OSINT record suggests online presence associated with Siddharth Sethi (P06629).,2026-01-14T17:56:13,0.59,Review,C0481
OF01947,OS0946,O0268,organization,Social Identity,OSINT record references business listing possibly linked to Orbit Consulting Services (O0268).,2026-01-14T19:56:13,0.45,Review,C0481
OF01948,OS0946,P06627,person,Digital Footprint,OSINT record suggests online presence associated with Sana Shetty (P06627).,2026-01-13T11:56:13,0.66,Verified,C0481
OF01949,OS0947,P06642,person,Public Mention,OSINT record suggests online presence associated with Dev Verma (P06642).,2026-07-09T02:51:05,0.89,Disputed,C0482
OF01950,OS0948,P06651,person,Digital Footprint,OSINT record suggests online presence associated with Arjun Malhotra (P06651).,2026-04-30T20:31:28,0.59,Verified,C0482
OF01951,OS0948,P06634,person,Social Identity,OSINT record suggests online presence associated with Naveen Nair (P06634).,2026-04-29T16:31:28,0.67,Verified,C0482
OF01952,OS0949,P04794,person,Business Listing,OSINT record suggests online presence associated with Manav Chavan (P04794).,2026-07-09T01:59:19,0.54,Verified,C0482
OF01953,OS0949,P06637,person,Public Mention,OSINT record suggests online presence associated with Karan Gupta (P06637).,2026-07-09T01:59:19,0.59,Verified,C0482
OF01954,OS0949,P06651,person,Business Listing,OSINT record suggests online presence associated with Arjun Malhotra (P06651).,2026-07-09T08:59:19,0.5,Verified,C0482
OF01955,OS0950,P06655,person,Digital Footprint,OSINT record suggests online presence associated with Vivek Chavan (P06655).,2026-07-09T08:18:07,0.88,Disputed,C0483
OF01956,OS0951,O0269,organization,Social Identity,OSINT record references business listing possibly linked to Highland Manufacturing Co (O0269).,2026-07-13T18:08:36,0.6,Verified,C0484
OF01957,OS0951,P06662,person,Digital Footprint,OSINT record suggests online presence associated with Rohan Chavan (P06662).,2026-07-12T07:08:36,0.45,Review,C0484
OF01958,OS0952,P06661,person,Digital Footprint,OSINT record suggests online presence associated with Siddharth Gupta (P06661).,2026-05-10T15:43:18,0.69,Verified,C0484
OF01959,OS0953,O0270,organization,Business Listing,OSINT record references business listing possibly linked to Blue Horizon Exports (O0270).,2026-08-03T17:05:17,0.84,Verified,C0485
OF01960,OS0953,P06668,person,Public Mention,OSINT record suggests online presence associated with Yamini Malhotra (P06668).,2026-08-02T18:05:17,0.76,Verified,C0485
OF01961,OS0953,P06672,person,Social Identity,OSINT record suggests online presence associated with Sameer Joshi (P06672).,2026-08-04T10:05:17,0.53,Verified,C0485
OF01962,OS0954,O0271,organization,Business Listing,OSINT record references business listing possibly linked to Crescent Distribution Services (O0271).,2026-12-30T01:53:05,0.84,Disputed,C0486
OF01963,OS0954,P06674,person,Digital Footprint,OSINT record suggests online presence associated with Sneha Nair (P06674).,2026-12-30T17:53:05,0.47,Review,C0486
OF01964,OS0954,P01873,person,Digital Footprint,OSINT record suggests online presence associated with Isha Patil (P01873).,2026-12-31T03:53:05,0.86,Verified,C0486
OF01965,OS0955,P06682,person,Social Identity,OSINT record suggests online presence associated with Pallavi Ghosh (P06682).,2026-03-24T10:08:21,0.8,Review,C0487
OF01966,OS0955,P06682,person,Social Identity,OSINT record suggests online presence associated with Pallavi Ghosh (P06682).,2026-03-24T14:08:21,0.68,Verified,C0487
OF01967,OS0955,P06679,person,Public Mention,OSINT record suggests online presence associated with Aarav Reddy (P06679).,2026-03-22T23:08:21,0.7,Disputed,C0487
OF01968,OS0956,P06684,person,Business Listing,OSINT record suggests online presence associated with Karan Kulkarni (P06684).,2026-12-04T03:41:10,0.67,Review,C0488
OF01969,OS0956,O0272,organization,Social Identity,OSINT record references business listing possibly linked to Sahyadri Distribution Services (O0272).,2026-12-04T20:41:10,0.8,Verified,C0488
OF01970,OS0956,P06697,person,Business Listing,OSINT record suggests online presence associated with Shreya Pillai (P06697).,2026-12-05T01:41:10,0.82,Verified,C0488
OF01971,OS0957,P03467,person,Public Mention,OSINT record suggests online presence associated with Mahi Iyer (P03467).,2026-03-20T20:44:09,0.54,Disputed,C0488
OF01972,OS0958,P06702,person,Public Mention,OSINT record suggests online presence associated with Kabir Pillai (P06702).,2026-11-23T18:45:35,0.49,Verified,C0488
OF01973,OS0958,O0272,organization,Business Listing,OSINT record references business listing possibly linked to Sahyadri Distribution Services (O0272).,2026-11-24T18:45:35,0.8,Review,C0488
OF01974,OS0959,P06697,person,Digital Footprint,OSINT record suggests online presence associated with Shreya Pillai (P06697).,2026-10-31T14:10:12,0.62,Disputed,C0488
OF01975,OS0959,P06694,person,Digital Footprint,OSINT record suggests online presence associated with Kunal Pillai (P06694).,2026-10-30T11:10:12,0.64,Review,C0488
OF01976,OS0960,P06710,person,Digital Footprint,OSINT record suggests online presence associated with Tara Saxena (P06710).,2026-04-04T20:57:23,0.79,Review,C0489
OF01977,OS0960,P06712,person,Digital Footprint,OSINT record suggests online presence associated with Rohan Naik (P06712).,2026-04-06T04:57:23,0.64,Disputed,C0489
OF01978,OS0960,P06715,person,Business Listing,OSINT record suggests online presence associated with Siddharth Shetty (P06715).,2026-04-04T13:57:23,0.52,Disputed,C0489
OF01979,OS0961,P06713,person,Social Identity,OSINT record suggests online presence associated with Aman Bansal (P06713).,2026-02-20T15:39:02,0.72,Verified,C0489
OF01980,OS0961,P06714,person,Digital Footprint,OSINT record suggests online presence associated with Kavya Sethi (P06714).,2026-02-21T13:39:02,0.91,Verified,C0489
OF01981,OS0962,P06728,person,Social Identity,OSINT record suggests online presence associated with Vivek Shah (P06728).,2026-07-22T08:34:20,0.68,Disputed,C0490
OF01982,OS0963,P06735,person,Business Listing,OSINT record suggests online presence associated with Arjun Sethi (P06735).,2026-05-29T11:02:00,0.58,Review,C0491
OF01983,OS0963,O0274,organization,Business Listing,OSINT record references business listing possibly linked to Orbit Traders (O0274).,2026-05-30T15:02:00,0.49,Review,C0491
OF01984,OS0964,O0275,organization,Business Listing,OSINT record references business listing possibly linked to Apex Freight Services (O0275).,2026-08-04T11:03:10,0.81,Disputed,C0492
OF01985,OS0965,P06747,person,Digital Footprint,OSINT record suggests online presence associated with Naina Bansal (P06747).,2026-07-25T12:36:54,0.73,Verified,C0493
OF01986,OS0965,O0276,organization,Public Mention,OSINT record references business listing possibly linked to Sahyadri Solutions Pvt Ltd (O0276).,2026-07-26T15:36:54,0.72,Disputed,C0493
OF01987,OS0965,O0276,organization,Business Listing,OSINT record references business listing possibly linked to Sahyadri Solutions Pvt Ltd (O0276).,2026-07-25T18:36:54,0.83,Review,C0493
OF01988,OS0966,O0276,organization,Business Listing,OSINT record references business listing possibly linked to Sahyadri Solutions Pvt Ltd (O0276).,2026-07-27T22:17:13,0.49,Review,C0493
OF01989,OS0967,O0276,organization,Digital Footprint,OSINT record references business listing possibly linked to Sahyadri Solutions Pvt Ltd (O0276).,2026-07-25T14:02:10,0.83,Disputed,C0493
OF01990,OS0967,P06753,person,Social Identity,OSINT record suggests online presence associated with Ishita Joshi (P06753).,2026-07-25T17:02:10,0.59,Verified,C0493
OF01991,OS0968,P06760,person,Social Identity,OSINT record suggests online presence associated with Kiara Verma (P06760).,2026-08-13T18:55:53,0.51,Verified,C0493
OF01992,OS0968,O0276,organization,Business Listing,OSINT record references business listing possibly linked to Sahyadri Solutions Pvt Ltd (O0276).,2026-08-14T08:55:53,0.87,Review,C0493
OF01993,OS0968,O0276,organization,Business Listing,OSINT record references business listing possibly linked to Sahyadri Solutions Pvt Ltd (O0276).,2026-08-14T00:55:53,0.62,Disputed,C0493
OF01994,OS0969,P06770,person,Digital Footprint,OSINT record suggests online presence associated with Akash Rao (P06770).,2026-07-03T18:51:22,0.77,Disputed,C0494
OF01995,OS0970,P00873,person,Business Listing,OSINT record suggests online presence associated with Rohan Mehta (P00873).,2026-02-20T15:21:29,0.56,Verified,C0495
OF01996,OS0970,P00873,person,Business Listing,OSINT record suggests online presence associated with Rohan Mehta (P00873).,2026-02-21T19:21:29,0.87,Review,C0495
OF01997,OS0971,P06783,person,Business Listing,OSINT record suggests online presence associated with Karan Kulkarni (P06783).,2026-07-31T01:32:52,0.52,Review,C0496
OF01998,OS0972,P06785,person,Public Mention,OSINT record suggests online presence associated with Shreya Desai (P06785).,2026-08-02T16:26:45,0.57,Disputed,C0496
OF01999,OS0972,O0278,organization,Public Mention,OSINT record references business listing possibly linked to Pioneer Industrial Supplies (O0278).,2026-08-02T23:26:45,0.78,Disputed,C0496
OF02000,OS0973,P06790,person,Public Mention,OSINT record suggests online presence associated with Trisha Nair (P06790).,2026-08-16T20:43:10,0.69,Disputed,C0496
OF02001,OS0974,P06812,person,Business Listing,OSINT record suggests online presence associated with Dev Bansal (P06812).,2026-08-28T17:20:03,0.72,Review,C0497
OF02002,OS0974,P06810,person,Business Listing,OSINT record suggests online presence associated with Pallavi Kapoor (P06810).,2026-08-28T11:20:03,0.57,Disputed,C0497
OF02003,OS0975,P06818,person,Digital Footprint,OSINT record suggests online presence associated with Anushka Joshi (P06818).,2026-02-06T08:33:20,0.55,Disputed,C0498
OF02004,OS0976,P06814,person,Social Identity,OSINT record suggests online presence associated with Avni Reddy (P06814).,2026-11-15T16:42:37,0.81,Disputed,C0498
OF02005,OS0977,P06821,person,Business Listing,OSINT record suggests online presence associated with Diya Menon (P06821).,2026-08-30T02:14:58,0.56,Verified,C0498
OF02006,OS0978,O0280,organization,Digital Footprint,OSINT record references business listing possibly linked to Ganga Industrial Supplies (O0280).,2026-09-05T11:01:17,0.82,Disputed,C0499
OF02007,OS0979,P06841,person,Digital Footprint,OSINT record suggests online presence associated with Rohan Chavan (P06841).,2026-06-11T11:11:35,0.9,Verified,C0499
OF02008,OS0979,P06840,person,Business Listing,OSINT record suggests online presence associated with Naina Kulkarni (P06840).,2026-06-10T21:11:35,0.86,Disputed,C0499
OF02009,OS0979,P06836,person,Business Listing,OSINT record suggests online presence associated with Pranav Sethi (P06836).,2026-06-11T01:11:35,0.72,Disputed,C0499
OF02010,OS0980,P06830,person,Public Mention,OSINT record suggests online presence associated with Ritesh Nair (P06830).,2026-10-24T15:56:12,0.84,Verified,C0499
OF02011,OS0981,O0280,organization,Public Mention,OSINT record references business listing possibly linked to Ganga Industrial Supplies (O0280).,2026-06-06T02:01:37,0.47,Disputed,C0499
OF02012,OS0982,O0281,organization,Digital Footprint,OSINT record references business listing possibly linked to Shree Ganesh Industrial Supplies (O0281).,2026-03-28T00:02:39,0.47,Review,C0500
OF02013,OS0982,P06857,person,Public Mention,OSINT record suggests online presence associated with Trisha Kapoor (P06857).,2026-03-29T00:02:39,0.58,Verified,C0500
OF02014,OS0983,O0281,organization,Social Identity,OSINT record references business listing possibly linked to Shree Ganesh Industrial Supplies (O0281).,2026-06-07T00:22:37,0.73,Disputed,C0500
OF02015,OS0983,P06847,person,Digital Footprint,OSINT record suggests online presence associated with Nikhil Gupta (P06847).,2026-06-07T01:22:37,0.47,Disputed,C0500
OF02016,OS0983,O0281,organization,Public Mention,OSINT record references business listing possibly linked to Shree Ganesh Industrial Supplies (O0281).,2026-06-05T19:22:37,0.82,Disputed,C0500
OF02017,OS0984,O0281,organization,Public Mention,OSINT record references business listing possibly linked to Shree Ganesh Industrial Supplies (O0281).,2026-08-05T20:59:45,0.57,Disputed,C0500
OF02018,OS0984,O0281,organization,Business Listing,OSINT record references business listing possibly linked to Shree Ganesh Industrial Supplies (O0281).,2026-08-06T02:59:45,0.85,Verified,C0500
OF02019,OS0984,P06847,person,Business Listing,OSINT record suggests online presence associated with Nikhil Gupta (P06847).,2026-08-05T15:59:45,0.83,Disputed,C0500
OF02020,OS0985,P06874,person,Social Identity,OSINT record suggests online presence associated with Rahul Shah (P06874).,2026-07-30T14:45:26,0.66,Disputed,C0501
OF02021,OS0985,P06869,person,Digital Footprint,OSINT record suggests online presence associated with Kiara Joshi (P06869).,2026-07-31T02:45:26,0.87,Review,C0501
OF02022,OS0986,P06874,person,Business Listing,OSINT record suggests online presence associated with Rahul Shah (P06874).,2026-02-13T17:19:56,0.68,Review,C0501
OF02023,OS0986,P06876,person,Social Identity,OSINT record suggests online presence associated with Kabir Desai (P06876).,2026-02-13T22:19:56,0.75,Review,C0501
OF02024,OS0987,O0282,organization,Business Listing,OSINT record references business listing possibly linked to Konkan Traders (O0282).,2026-08-27T13:22:59,0.62,Review,C0501
OF02025,OS0988,P06876,person,Public Mention,OSINT record suggests online presence associated with Kabir Desai (P06876).,2026-08-10T00:14:22,0.64,Disputed,C0501
OF02026,OS0988,P06872,person,Digital Footprint,OSINT record suggests online presence associated with Raj Bansal (P06872).,2026-08-11T11:14:22,0.7,Verified,C0501
OF02027,OS0989,P02142,person,Public Mention,OSINT record suggests online presence associated with Akash Singh (P02142).,2026-06-15T22:15:49,0.71,Verified,C0502
OF02028,OS0990,P06880,person,Social Identity,OSINT record suggests online presence associated with Naveen Mishra (P06880).,2026-11-13T01:39:19,0.71,Disputed,C0503
OF02029,OS0990,O0284,organization,Social Identity,OSINT record references business listing possibly linked to Vertex Exports (O0284).,2026-11-12T17:39:19,0.7,Disputed,C0503
OF02030,OS0991,P06896,person,Digital Footprint,OSINT record suggests online presence associated with Saurabh Naik (P06896).,2026-08-19T18:15:44,0.57,Verified,C0504
OF02031,OS0992,P06887,person,Public Mention,OSINT record suggests online presence associated with Riya Malhotra (P06887).,2026-10-23T07:59:24,0.66,Verified,C0504
OF02032,OS0992,P06881,person,Business Listing,OSINT record suggests online presence associated with Rahul Verma (P06881).,2026-10-24T06:59:24,0.84,Disputed,C0504
OF02033,OS0993,P06912,person,Public Mention,OSINT record suggests online presence associated with Ishaan Bansal (P06912).,2026-05-20T10:12:16,0.79,Review,C0505
OF02034,OS0993,P06912,person,Business Listing,OSINT record suggests online presence associated with Ishaan Bansal (P06912).,2026-05-19T20:12:16,0.83,Disputed,C0505
OF02035,OS0994,O0285,organization,Social Identity,OSINT record references business listing possibly linked to Prime Industrial Supplies (O0285).,2026-05-20T17:36:36,0.67,Review,C0505
OF02036,OS0994,O0285,organization,Digital Footprint,OSINT record references business listing possibly linked to Prime Industrial Supplies (O0285).,2026-05-21T16:36:36,0.77,Verified,C0505
OF02037,OS0995,P06912,person,Business Listing,OSINT record suggests online presence associated with Ishaan Bansal (P06912).,2026-02-01T05:15:54,0.6,Review,C0505
OF02038,OS0995,O0285,organization,Business Listing,OSINT record references business listing possibly linked to Prime Industrial Supplies (O0285).,2026-01-31T12:15:54,0.61,Verified,C0505
OF02039,OS0995,P06913,person,Social Identity,OSINT record suggests online presence associated with Karan Mishra (P06913).,2026-02-01T02:15:54,0.68,Disputed,C0505
OF02040,OS0996,P06925,person,Social Identity,OSINT record suggests online presence associated with Aarav Kapoor (P06925).,2026-10-31T10:10:58,0.59,Verified,C0506
OF02041,OS0997,P06930,person,Digital Footprint,OSINT record suggests online presence associated with Zoya Sethi (P06930).,2026-08-30T18:38:28,0.65,Review,C0507
OF02042,OS0997,P06931,person,Social Identity,OSINT record suggests online presence associated with Isha Khan (P06931).,2026-08-30T17:38:28,0.82,Review,C0507
OF02043,OS0997,P06930,person,Public Mention,OSINT record suggests online presence associated with Zoya Sethi (P06930).,2026-08-30T17:38:28,0.82,Review,C0507
OF02044,OS0998,P00083,person,Social Identity,OSINT record suggests online presence associated with Varun Patil (P00083).,2026-03-29T01:45:04,0.84,Verified,C0508
OF02045,OS0999,P06948,person,Public Mention,OSINT record suggests online presence associated with Arjun Das (P06948).,2026-08-27T16:27:53,0.48,Verified,C0509
OF02046,OS0999,P06945,person,Public Mention,OSINT record suggests online presence associated with Naina Rao (P06945).,2026-08-27T04:27:53,0.47,Verified,C0509
OF02047,OS0999,P06944,person,Digital Footprint,OSINT record suggests online presence associated with Yamini Desai (P06944).,2026-08-27T10:27:53,0.56,Disputed,C0509
OF02048,OS1000,P06956,person,Public Mention,OSINT record suggests online presence associated with Yamini Singh (P06956).,2026-07-02T02:32:41,0.78,Verified,C0510
OF02049,OS1000,O0288,organization,Business Listing,OSINT record references business listing possibly linked to Orbit Logistics Pvt Ltd (O0288).,2026-07-02T05:32:41,0.61,Review,C0510
OF02050,OS1000,O0288,organization,Public Mention,OSINT record references business listing possibly linked to Orbit Logistics Pvt Ltd (O0288).,2026-06-30T13:32:41,0.7,Disputed,C0510
OF02051,OS1001,P06975,person,Digital Footprint,OSINT record suggests online presence associated with Pranav Naik (P06975).,2026-07-27T18:43:29,0.59,Review,C0511
OF02052,OS1001,P06963,person,Public Mention,OSINT record suggests online presence associated with Kunal Kapoor (P06963).,2026-07-26T23:43:29,0.47,Disputed,C0511
OF02053,OS1001,P01037,person,Public Mention,OSINT record suggests online presence associated with Vikram Thakur (P01037).,2026-07-26T12:43:29,0.75,Review,C0511
OF02054,OS1002,P06963,person,Business Listing,OSINT record suggests online presence associated with Kunal Kapoor (P06963).,2026-07-26T05:03:38,0.79,Disputed,C0511
OF02055,OS1002,P06977,person,Social Identity,OSINT record suggests online presence associated with Kabir Menon (P06977).,2026-07-26T20:03:38,0.89,Review,C0511
OF02056,OS1002,P06989,person,Digital Footprint,OSINT record suggests online presence associated with Nisha Das (P06989).,2026-07-27T00:03:38,0.84,Review,C0511
OF02057,OS1003,P07014,person,Digital Footprint,OSINT record suggests online presence associated with Yash Desai (P07014).,2026-08-13T23:01:15,0.48,Verified,C0512
OF02058,OS1003,P07017,person,Digital Footprint,OSINT record suggests online presence associated with Ishita Singh (P07017).,2026-08-14T05:01:15,0.57,Review,C0512
OF02059,OS1004,P07015,person,Business Listing,OSINT record suggests online presence associated with Karan Mishra (P07015).,2026-09-01T19:06:27,0.56,Verified,C0512
OF02060,OS1005,P07014,person,Social Identity,OSINT record suggests online presence associated with Yash Desai (P07014).,2026-08-22T21:45:30,0.57,Review,C0512
OF02061,OS1005,P07013,person,Business Listing,OSINT record suggests online presence associated with Zoya Chavan (P07013).,2026-08-21T18:45:30,0.46,Disputed,C0512
OF02062,OS1005,P07005,person,Business Listing,OSINT record suggests online presence associated with Nikhil Nair (P07005).,2026-08-23T04:45:30,0.78,Verified,C0512
OF02063,OS1006,O0289,organization,Social Identity,OSINT record references business listing possibly linked to Maharashtra Industrial Trading Company (O0289).,2026-08-16T17:34:35,0.49,Review,C0512
OF02064,OS1007,O0290,organization,Business Listing,OSINT record references business listing possibly linked to Shree Ganesh Manufacturing Co (O0290).,2026-07-21T12:11:58,0.68,Review,C0513
OF02065,OS1007,P05066,person,Business Listing,OSINT record suggests online presence associated with Vikram Sethi (P05066).,2026-07-22T13:11:58,0.68,Disputed,C0513
OF02066,OS1008,P07029,person,Business Listing,OSINT record suggests online presence associated with Dhruv Thakur (P07029).,2026-06-25T20:52:15,0.51,Review,C0513
OF02067,OS1009,P07034,person,Digital Footprint,OSINT record suggests online presence associated with Aniket Rao (P07034).,2026-08-16T05:40:11,0.49,Verified,C0514
OF02068,OS1009,O0291,organization,Business Listing,OSINT record references business listing possibly linked to Silverline Trading Company (O0291).,2026-08-14T23:40:11,0.59,Verified,C0514
OF02069,OS1010,P07047,person,Business Listing,OSINT record suggests online presence associated with Diya Mishra (P07047).,2026-08-30T04:43:42,0.87,Verified,C0515
OF02070,OS1011,P07046,person,Digital Footprint,OSINT record suggests online presence associated with Vivek Reddy (P07046).,2026-11-17T02:44:28,0.66,Review,C0515
OF02071,OS1012,P07048,person,Public Mention,OSINT record suggests online presence associated with Arnav Thakur (P07048).,2026-10-30T22:02:26,0.57,Review,C0515
OF02072,OS1012,P07050,person,Public Mention,OSINT record suggests online presence associated with Rohan Bansal (P07050).,2026-10-30T11:02:26,0.83,Verified,C0515
OF02073,OS1012,P07040,person,Business Listing,OSINT record suggests online presence associated with Karan Malhotra (P07040).,2026-10-29T22:02:26,0.56,Review,C0515
OF02074,OS1013,P07058,person,Digital Footprint,OSINT record suggests online presence associated with Dhruv Iyer (P07058).,2026-05-26T04:54:45,0.91,Verified,C0516
OF02075,OS1013,P07057,person,Social Identity,OSINT record suggests online presence associated with Tara Sethi (P07057).,2026-05-26T03:54:45,0.49,Verified,C0516
OF02076,OS1014,P07061,person,Public Mention,OSINT record suggests online presence associated with Vivek Saxena (P07061).,2026-07-23T02:15:40,0.75,Review,C0517
OF02077,OS1014,P07073,person,Social Identity,OSINT record suggests online presence associated with Rhea Gupta (P07073).,2026-07-22T20:15:40,0.8,Review,C0517
OF02078,OS1015,P04541,person,Digital Footprint,OSINT record suggests online presence associated with Riya Sethi (P04541).,2026-08-17T16:29:29,0.72,Review,C0517
OF02079,OS1016,P07065,person,Social Identity,OSINT record suggests online presence associated with Zoya Bansal (P07065).,2026-11-28T17:33:31,0.8,Review,C0517
OF02080,OS1016,P07067,person,Business Listing,OSINT record suggests online presence associated with Zoya Patil (P07067).,2026-11-28T02:33:31,0.52,Disputed,C0517
OF02081,OS1017,P07092,person,Social Identity,OSINT record suggests online presence associated with Anushka Reddy (P07092).,2026-03-20T18:50:15,0.71,Disputed,C0518
OF02082,OS1017,P07090,person,Digital Footprint,OSINT record suggests online presence associated with Manav Nair (P07090).,2026-03-20T17:50:15,0.74,Review,C0518
OF02083,OS1018,P07125,person,Social Identity,OSINT record suggests online presence associated with Sana Iyer (P07125).,2026-05-19T14:04:23,0.61,Verified,C0519
OF02084,OS1019,P07101,person,Business Listing,OSINT record suggests online presence associated with Saurabh Singh (P07101).,2026-08-16T21:14:13,0.7,Verified,C0519
OF02085,OS1019,P07125,person,Business Listing,OSINT record suggests online presence associated with Sana Iyer (P07125).,2026-08-16T14:14:13,0.79,Verified,C0519
OF02086,OS1019,P07121,person,Public Mention,OSINT record suggests online presence associated with Pooja Gupta (P07121).,2026-08-16T12:14:13,0.9,Review,C0519
OF02087,OS1020,P07104,person,Social Identity,OSINT record suggests online presence associated with Aniket Iyer (P07104).,2026-06-29T05:31:50,0.82,Disputed,C0519
OF02088,OS1020,P07110,person,Digital Footprint,OSINT record suggests online presence associated with Trisha Shetty (P07110).,2026-06-29T12:31:50,0.61,Disputed,C0519
OF02089,OS1020,P07124,person,Social Identity,OSINT record suggests online presence associated with Akash Mehta (P07124).,2026-06-29T07:31:50,0.53,Verified,C0519
OF02090,OS1021,O0293,organization,Business Listing,OSINT record references business listing possibly linked to Silverline Constructions Pvt Ltd (O0293).,2026-10-04T17:04:38,0.64,Disputed,C0520
OF02091,OS1021,O0293,organization,Public Mention,OSINT record references business listing possibly linked to Silverline Constructions Pvt Ltd (O0293).,2026-10-05T15:04:38,0.86,Review,C0520
OF02092,OS1022,P07170,person,Business Listing,OSINT record suggests online presence associated with Zoya Joshi (P07170).,2026-05-16T11:56:50,0.89,Review,C0521
OF02093,OS1022,P07157,person,Public Mention,OSINT record suggests online presence associated with Aniket Patil (P07157).,2026-05-17T09:56:50,0.79,Review,C0521
OF02094,OS1022,P07141,person,Social Identity,OSINT record suggests online presence associated with Arnav Desai (P07141).,2026-05-16T13:56:50,0.79,Verified,C0521
OF02095,OS1023,P07174,person,Social Identity,OSINT record suggests online presence associated with Varun Saxena (P07174).,2026-03-27T04:51:18,0.67,Review,C0522
OF02096,OS1023,P07172,person,Social Identity,OSINT record suggests online presence associated with Kavya Iyer (P07172).,2026-03-26T14:51:18,0.75,Disputed,C0522
OF02097,OS1024,P07181,person,Business Listing,OSINT record suggests online presence associated with Yash Bansal (P07181).,2026-08-08T06:43:02,0.77,Verified,C0523
OF02098,OS1025,O0295,organization,Digital Footprint,OSINT record references business listing possibly linked to Unity Freight Services (O0295).,2026-08-15T05:04:52,0.67,Review,C0523
OF02099,OS1025,P07206,person,Public Mention,OSINT record suggests online presence associated with Isha Desai (P07206).,2026-08-14T00:04:52,0.57,Review,C0523
OF02100,OS1026,P07201,person,Social Identity,OSINT record suggests online presence associated with Vidhi Chavan (P07201).,2026-08-16T05:27:47,0.79,Review,C0523
OF02101,OS1027,P07195,person,Public Mention,OSINT record suggests online presence associated with Tanvi Pillai (P07195).,2026-08-28T12:14:57,0.84,Review,C0523
OF02102,OS1028,P07216,person,Social Identity,OSINT record suggests online presence associated with Vanya Singh (P07216).,2026-07-04T14:50:54,0.59,Disputed,C0524
OF02103,OS1029,P00326,person,Public Mention,OSINT record suggests online presence associated with Vidhi Naik (P00326).,2026-04-18T03:27:52,0.56,Disputed,C0525
OF02104,OS1030,O0296,organization,Social Identity,OSINT record references business listing possibly linked to Apex Manufacturing Co (O0296).,2026-07-13T09:43:11,0.84,Disputed,C0525
OF02105,OS1031,P07241,person,Business Listing,OSINT record suggests online presence associated with Dev Bansal (P07241).,2026-05-17T06:23:29,0.61,Disputed,C0526
OF02106,OS1032,P07247,person,Public Mention,OSINT record suggests online presence associated with Rhea Joshi (P07247).,2026-08-03T00:22:39,0.69,Verified,C0527
OF02107,OS1032,P07253,person,Public Mention,OSINT record suggests online presence associated with Aniket Das (P07253).,2026-08-03T05:22:39,0.57,Verified,C0527
OF02108,OS1032,O0298,organization,Digital Footprint,OSINT record references business listing possibly linked to Ganga Traders (O0298).,2026-08-01T23:22:39,0.78,Disputed,C0527
OF02109,OS1033,P07251,person,Digital Footprint,OSINT record suggests online presence associated with Shreya Thakur (P07251).,2026-03-28T23:19:16,0.86,Verified,C0527
OF02110,OS1033,P07252,person,Digital Footprint,OSINT record suggests online presence associated with Ishaan Menon (P07252).,2026-03-29T02:19:16,0.64,Verified,C0527
OF02111,OS1034,O0298,organization,Social Identity,OSINT record references business listing possibly linked to Ganga Traders (O0298).,2026-11-22T01:04:57,0.65,Verified,C0527
OF02112,OS1035,P07246,person,Social Identity,OSINT record suggests online presence associated with Naina Reddy (P07246).,2026-12-19T04:37:34,0.84,Disputed,C0527
OF02113,OS1035,P07242,person,Digital Footprint,OSINT record suggests online presence associated with Pranav Nair (P07242).,2026-12-20T06:37:34,0.77,Disputed,C0527
OF02114,OS1035,O0298,organization,Social Identity,OSINT record references business listing possibly linked to Ganga Traders (O0298).,2026-12-19T07:37:34,0.72,Verified,C0527
OF02115,OS1036,P06691,person,Social Identity,OSINT record suggests online presence associated with Aanya Malhotra (P06691).,2026-08-20T22:27:13,0.51,Review,C0528
OF02116,OS1036,P07256,person,Business Listing,OSINT record suggests online presence associated with Ishaan Thakur (P07256).,2026-08-22T03:27:13,0.91,Disputed,C0528
OF02117,OS1037,P07259,person,Digital Footprint,OSINT record suggests online presence associated with Naina Joshi (P07259).,2026-05-25T10:47:06,0.89,Disputed,C0529
OF02118,OS1037,P07258,person,Digital Footprint,OSINT record suggests online presence associated with Naveen Malhotra (P07258).,2026-05-27T03:47:06,0.63,Verified,C0529
OF02119,OS1038,P03493,person,Business Listing,OSINT record suggests online presence associated with Siddharth Menon (P03493).,2026-07-10T05:16:09,0.52,Disputed,C0529
OF02120,OS1038,P03493,person,Digital Footprint,OSINT record suggests online presence associated with Siddharth Menon (P03493).,2026-07-10T05:16:09,0.72,Verified,C0529
OF02121,OS1039,P07265,person,Digital Footprint,OSINT record suggests online presence associated with Sameer Mehta (P07265).,2026-04-16T13:39:56,0.81,Verified,C0530
OF02122,OS1039,P07267,person,Business Listing,OSINT record suggests online presence associated with Rhea Malhotra (P07267).,2026-04-16T06:39:56,0.67,Verified,C0530
OF02123,OS1040,P07270,person,Business Listing,OSINT record suggests online presence associated with Sneha Bansal (P07270).,2026-04-29T15:09:16,0.87,Disputed,C0531
OF02124,OS1040,P07270,person,Public Mention,OSINT record suggests online presence associated with Sneha Bansal (P07270).,2026-04-30T11:09:16,0.51,Review,C0531
OF02125,OS1040,P07269,person,Digital Footprint,OSINT record suggests online presence associated with Saurabh Reddy (P07269).,2026-04-29T16:09:16,0.79,Review,C0531
OF02126,OS1041,P07283,person,Digital Footprint,OSINT record suggests online presence associated with Shreya Iyer (P07283).,2026-07-27T18:29:57,0.9,Review,C0532
OF02127,OS1041,P07293,person,Social Identity,OSINT record suggests online presence associated with Ananya Mehta (P07293).,2026-07-27T12:29:57,0.66,Disputed,C0532
OF02128,OS1041,O0300,organization,Public Mention,OSINT record references business listing possibly linked to Crescent Industrial Supplies (O0300).,2026-07-28T04:29:57,0.47,Disputed,C0532
OF02129,OS1042,P07329,person,Digital Footprint,OSINT record suggests online presence associated with Mahi Jadhav (P07329).,2026-11-13T15:10:58,0.7,Verified,C0533
OF02130,OS1043,P07329,person,Business Listing,OSINT record suggests online presence associated with Mahi Jadhav (P07329).,2026-12-09T00:39:13,0.92,Disputed,C0533
OF02131,OS1043,P07324,person,Digital Footprint,OSINT record suggests online presence associated with Pallavi Verma (P07324).,2026-12-09T00:39:13,0.55,Disputed,C0533
OF02132,OS1043,P07329,person,Social Identity,OSINT record suggests online presence associated with Mahi Jadhav (P07329).,2026-12-08T20:39:13,0.82,Review,C0533
OF02133,OS1044,P07323,person,Digital Footprint,OSINT record suggests online presence associated with Kiara Bhat (P07323).,2026-07-21T00:13:07,0.75,Disputed,C0533
OF02134,OS1044,P07322,person,Public Mention,OSINT record suggests online presence associated with Varun Malhotra (P07322).,2026-07-22T15:13:07,0.79,Review,C0533
OF02135,OS1044,P07326,person,Social Identity,OSINT record suggests online presence associated with Pranav Mishra (P07326).,2026-07-21T06:13:07,0.45,Verified,C0533
OF02136,OS1045,P07324,person,Digital Footprint,OSINT record suggests online presence associated with Pallavi Verma (P07324).,2026-10-06T21:52:18,0.77,Verified,C0533
OF02137,OS1046,P07339,person,Business Listing,OSINT record suggests online presence associated with Ishaan Menon (P07339).,2026-06-16T07:05:13,0.84,Verified,C0534
OF02138,OS1047,P07332,person,Public Mention,OSINT record suggests online presence associated with Varun Joshi (P07332).,2026-04-09T12:36:19,0.5,Verified,C0534
OF02139,OS1047,P07338,person,Social Identity,OSINT record suggests online presence associated with Tanvi Khan (P07338).,2026-04-08T20:36:19,0.59,Verified,C0534
OF02140,OS1047,P07333,person,Public Mention,OSINT record suggests online presence associated with Tanvi Mehta (P07333).,2026-04-08T20:36:19,0.46,Disputed,C0534
OF02141,OS1048,P07331,person,Business Listing,OSINT record suggests online presence associated with Aniket Desai (P07331).,2026-06-12T23:59:03,0.64,Disputed,C0534
OF02142,OS1048,P07336,person,Social Identity,OSINT record suggests online presence associated with Vivek Shah (P07336).,2026-06-12T00:59:03,0.91,Verified,C0534
OF02143,OS1048,P07338,person,Public Mention,OSINT record suggests online presence associated with Tanvi Khan (P07338).,2026-06-12T08:59:03,0.8,Disputed,C0534
OF02144,OS1049,P07334,person,Social Identity,OSINT record suggests online presence associated with Shreya Desai (P07334).,2026-05-20T23:39:52,0.7,Verified,C0534
OF02145,OS1049,P07330,person,Business Listing,OSINT record suggests online presence associated with Diya Shah (P07330).,2026-05-19T14:39:52,0.55,Disputed,C0534
OF02146,OS1049,P07336,person,Digital Footprint,OSINT record suggests online presence associated with Vivek Shah (P07336).,2026-05-20T05:39:52,0.91,Disputed,C0534
OF02147,OS1050,P07344,person,Public Mention,OSINT record suggests online presence associated with Ananya Khan (P07344).,2026-04-03T10:04:14,0.84,Review,C0535
OF02148,OS1051,P07342,person,Public Mention,OSINT record suggests online presence associated with Karan Shah (P07342).,2026-04-19T06:47:33,0.54,Disputed,C0535
OF02149,OS1051,P07349,person,Social Identity,OSINT record suggests online presence associated with Pallavi Rao (P07349).,2026-04-20T02:47:33,0.92,Disputed,C0535
OF02150,OS1051,O0301,organization,Digital Footprint,OSINT record references business listing possibly linked to Urban Link Constructions Pvt Ltd (O0301).,2026-04-19T11:47:33,0.49,Verified,C0535
OF02151,OS1052,P01783,person,Public Mention,OSINT record suggests online presence associated with Sameer Malhotra (P01783).,2026-05-19T19:13:35,0.74,Review,C0535
OF02152,OS1052,P07341,person,Digital Footprint,OSINT record suggests online presence associated with Rohan Saxena (P07341).,2026-05-20T08:13:35,0.57,Disputed,C0535
OF02153,OS1052,O0301,organization,Digital Footprint,OSINT record references business listing possibly linked to Urban Link Constructions Pvt Ltd (O0301).,2026-05-19T19:13:35,0.87,Verified,C0535
OF02154,OS1053,P01783,person,Digital Footprint,OSINT record suggests online presence associated with Sameer Malhotra (P01783).,2026-07-02T14:30:52,0.69,Verified,C0535
OF02155,OS1053,P07343,person,Business Listing,OSINT record suggests online presence associated with Rohan Bansal (P07343).,2026-06-30T16:30:52,0.66,Verified,C0535
OF02156,OS1054,P07354,person,Social Identity,OSINT record suggests online presence associated with Naveen Singh (P07354).,2026-11-11T23:02:38,0.92,Verified,C0536
OF02157,OS1055,P07361,person,Digital Footprint,OSINT record suggests online presence associated with Kiara Menon (P07361).,2026-07-03T01:30:57,0.78,Verified,C0537
OF02158,OS1056,P07368,person,Digital Footprint,OSINT record suggests online presence associated with Aditya Menon (P07368).,2026-12-07T03:38:05,0.56,Review,C0537
OF02159,OS1056,P07371,person,Public Mention,OSINT record suggests online presence associated with Tanvi Bansal (P07371).,2026-12-06T14:38:05,0.58,Verified,C0537
OF02160,OS1056,P07371,person,Public Mention,OSINT record suggests online presence associated with Tanvi Bansal (P07371).,2026-12-07T16:38:05,0.64,Verified,C0537
OF02161,OS1057,P07378,person,Social Identity,OSINT record suggests online presence associated with Zoya Verma (P07378).,2026-08-19T14:59:49,0.51,Review,C0538
OF02162,OS1057,P07379,person,Social Identity,OSINT record suggests online presence associated with Aditi Naik (P07379).,2026-08-18T20:59:49,0.6,Review,C0538
OF02163,OS1058,P07390,person,Digital Footprint,OSINT record suggests online presence associated with Aarav Saxena (P07390).,2026-11-13T14:26:09,0.61,Disputed,C0539
OF02164,OS1058,P04182,person,Digital Footprint,OSINT record suggests online presence associated with Vikram Kulkarni (P04182).,2026-11-12T20:26:09,0.9,Review,C0539
OF02165,OS1059,P04182,person,Public Mention,OSINT record suggests online presence associated with Vikram Kulkarni (P04182).,2026-07-24T09:18:14,0.46,Disputed,C0539
OF02166,OS1059,P07385,person,Social Identity,OSINT record suggests online presence associated with Rohan Kulkarni (P07385).,2026-07-23T17:18:14,0.63,Disputed,C0539
OF02167,OS1060,P07410,person,Social Identity,OSINT record suggests online presence associated with Arjun Desai (P07410).,2026-11-02T12:42:26,0.65,Review,C0540
OF02168,OS1060,P07402,person,Business Listing,OSINT record suggests online presence associated with Yamini Menon (P07402).,2026-10-31T20:42:26,0.53,Disputed,C0540
OF02169,OS1061,P07407,person,Public Mention,OSINT record suggests online presence associated with Saurabh Bansal (P07407).,2026-07-07T16:38:50,0.69,Verified,C0540
OF02170,OS1061,P07409,person,Digital Footprint,OSINT record suggests online presence associated with Kunal Rao (P07409).,2026-07-07T16:38:50,0.71,Verified,C0540
OF02171,OS1062,P07408,person,Digital Footprint,OSINT record suggests online presence associated with Ishaan Chavan (P07408).,2026-07-12T19:26:52,0.9,Review,C0540
OF02172,OS1062,P07397,person,Public Mention,OSINT record suggests online presence associated with Rahul Das (P07397).,2026-07-13T08:26:52,0.59,Disputed,C0540
OF02173,OS1063,P07403,person,Public Mention,OSINT record suggests online presence associated with Aanya Malhotra (P07403).,2026-10-09T17:38:55,0.9,Disputed,C0540
OF02174,OS1063,P07393,person,Business Listing,OSINT record suggests online presence associated with Harsh Singh (P07393).,2026-10-09T11:38:55,0.68,Review,C0540
OF02175,OS1064,O0302,organization,Social Identity,OSINT record references business listing possibly linked to Highland Distribution Services (O0302).,2026-05-10T20:50:20,0.72,Review,C0541
OF02176,OS1065,P07425,person,Business Listing,OSINT record suggests online presence associated with Rhea Sethi (P07425).,2026-09-01T03:26:59,0.55,Review,C0542
OF02177,OS1065,P07420,person,Digital Footprint,OSINT record suggests online presence associated with Tanvi Saxena (P07420).,2026-08-30T22:26:59,0.51,Verified,C0542
OF02178,OS1065,P07423,person,Public Mention,OSINT record suggests online presence associated with Kunal Shetty (P07423).,2026-08-31T17:26:59,0.79,Review,C0542
OF02179,OS1066,P07439,person,Social Identity,OSINT record suggests online presence associated with Diya Saxena (P07439).,2026-08-27T08:56:51,0.78,Review,C0543
OF02180,OS1066,P07436,person,Public Mention,OSINT record suggests online presence associated with Shreya Sethi (P07436).,2026-08-26T01:56:51,0.53,Review,C0543
OF02181,OS1067,P07436,person,Business Listing,OSINT record suggests online presence associated with Shreya Sethi (P07436).,2026-08-02T08:05:05,0.45,Disputed,C0543
OF02182,OS1067,P07464,person,Business Listing,OSINT record suggests online presence associated with Zoya Kapoor (P07464).,2026-08-04T00:05:05,0.83,Disputed,C0543
OF02183,OS1068,P07465,person,Business Listing,OSINT record suggests online presence associated with Nikhil Sethi (P07465).,2026-10-17T01:08:19,0.91,Review,C0543
OF02184,OS1069,P07447,person,Digital Footprint,OSINT record suggests online presence associated with Dev Mehta (P07447).,2026-01-15T06:38:22,0.63,Review,C0543
OF02185,OS1069,P07458,person,Public Mention,OSINT record suggests online presence associated with Naveen Patil (P07458).,2026-01-15T00:38:22,0.56,Verified,C0543
OF02186,OS1069,P07450,person,Digital Footprint,OSINT record suggests online presence associated with Dhruv Rao (P07450).,2026-01-14T20:38:22,0.51,Disputed,C0543
OF02187,OS1070,O0304,organization,Business Listing,OSINT record references business listing possibly linked to Apex Trading Company (O0304).,2026-07-27T05:31:41,0.74,Disputed,C0544
OF02188,OS1070,P07472,person,Social Identity,OSINT record suggests online presence associated with Kunal Das (P07472).,2026-07-25T22:31:41,0.83,Disputed,C0544
OF02189,OS1070,P07478,person,Digital Footprint,OSINT record suggests online presence associated with Meera Bhat (P07478).,2026-07-27T11:31:41,0.88,Disputed,C0544
OF02190,OS1071,P07498,person,Public Mention,OSINT record suggests online presence associated with Rhea Bhat (P07498).,2026-08-31T01:38:52,0.54,Disputed,C0545
OF02191,OS1071,P07491,person,Digital Footprint,OSINT record suggests online presence associated with Aanya Mishra (P07491).,2026-08-31T01:38:52,0.85,Verified,C0545
OF02192,OS1071,P07483,person,Public Mention,OSINT record suggests online presence associated with Ananya Das (P07483).,2026-08-31T05:38:52,0.83,Verified,C0545
OF02193,OS1072,P07513,person,Business Listing,OSINT record suggests online presence associated with Vivek Saxena (P07513).,2026-07-19T06:10:55,0.8,Verified,C0546
OF02194,OS1073,P07500,person,Business Listing,OSINT record suggests online presence associated with Rohan Rao (P07500).,2026-08-31T17:44:57,0.82,Verified,C0546
OF02195,OS1073,P07504,person,Social Identity,OSINT record suggests online presence associated with Aditi Reddy (P07504).,2026-09-01T07:44:57,0.72,Review,C0546
OF02196,OS1073,P07506,person,Business Listing,OSINT record suggests online presence associated with Anushka Gupta (P07506).,2026-09-01T03:44:57,0.73,Review,C0546
OF02197,OS1074,P07509,person,Business Listing,OSINT record suggests online presence associated with Yash Pillai (P07509).,2026-08-02T18:25:59,0.51,Verified,C0546
OF02198,OS1075,P07509,person,Business Listing,OSINT record suggests online presence associated with Yash Pillai (P07509).,2026-08-21T09:34:52,0.89,Verified,C0546
OF02199,OS1076,P07532,person,Social Identity,OSINT record suggests online presence associated with Yamini Thakur (P07532).,2026-07-24T09:52:49,0.78,Verified,C0547
OF02200,OS1076,O0305,organization,Public Mention,OSINT record references business listing possibly linked to Yamuna Constructions Pvt Ltd (O0305).,2026-07-25T19:52:49,0.8,Verified,C0547
OF02201,OS1076,P07532,person,Business Listing,OSINT record suggests online presence associated with Yamini Thakur (P07532).,2026-07-26T02:52:49,0.58,Verified,C0547
OF02202,OS1077,O0305,organization,Social Identity,OSINT record references business listing possibly linked to Yamuna Constructions Pvt Ltd (O0305).,2026-08-22T12:37:21,0.72,Verified,C0547
OF02203,OS1078,P07534,person,Digital Footprint,OSINT record suggests online presence associated with Akash Reddy (P07534).,2026-04-18T23:35:20,0.89,Review,C0548
OF02204,OS1078,P07536,person,Business Listing,OSINT record suggests online presence associated with Aanya Kapoor (P07536).,2026-04-19T09:35:20,0.92,Disputed,C0548
OF02205,OS1079,P07545,person,Business Listing,OSINT record suggests online presence associated with Naina Khan (P07545).,2026-08-19T22:17:06,0.76,Verified,C0549
OF02206,OS1080,P07556,person,Digital Footprint,OSINT record suggests online presence associated with Ishaan Nair (P07556).,2026-06-06T19:13:24,0.78,Review,C0550
OF02207,OS1080,P07594,person,Public Mention,OSINT record suggests online presence associated with Naina Das (P07594).,2026-06-06T07:13:24,0.62,Verified,C0550
OF02208,OS1080,P07559,person,Business Listing,OSINT record suggests online presence associated with Ritesh Singh (P07559).,2026-06-06T05:13:24,0.55,Verified,C0550
OF02209,OS1081,P07583,person,Public Mention,OSINT record suggests online presence associated with Aanya Bansal (P07583).,2026-08-03T18:57:37,0.46,Review,C0550
OF02210,OS1082,O0308,organization,Public Mention,OSINT record references business listing possibly linked to Prime Trading Company (O0308).,2026-03-28T22:54:52,0.61,Verified,C0551
OF02211,OS1082,P07606,person,Public Mention,OSINT record suggests online presence associated with Pooja Mishra (P07606).,2026-03-28T18:54:52,0.62,Review,C0551
OF02212,OS1082,O0308,organization,Social Identity,OSINT record references business listing possibly linked to Prime Trading Company (O0308).,2026-03-30T04:54:52,0.83,Review,C0551
OF02213,OS1083,P07617,person,Digital Footprint,OSINT record suggests online presence associated with Ananya Das (P07617).,2026-08-07T15:21:27,0.76,Disputed,C0552
OF02214,OS1083,P07612,person,Business Listing,OSINT record suggests online presence associated with Vikram Mehta (P07612).,2026-08-08T04:21:27,0.59,Disputed,C0552
OF02215,OS1083,P07616,person,Business Listing,OSINT record suggests online presence associated with Pooja Menon (P07616).,2026-08-08T14:21:27,0.9,Review,C0552
OF02216,OS1084,P07612,person,Social Identity,OSINT record suggests online presence associated with Vikram Mehta (P07612).,2026-05-17T13:17:36,0.67,Disputed,C0552
OF02217,OS1084,P07618,person,Public Mention,OSINT record suggests online presence associated with Arnav Bansal (P07618).,2026-05-16T20:17:36,0.5,Disputed,C0552
OF02218,OS1085,P07609,person,Social Identity,OSINT record suggests online presence associated with Raj Iyer (P07609).,2026-06-07T07:03:54,0.48,Review,C0552
